{"type":"FeatureCollection","features":[{"type":"Feature","id":3792,"properties":{"buildingId":1,"floorId":27,"roomNumber":"1-314","roomName":"1-314 Vízföldrajzi labor","scope":"budapest/lagymanyos/deli/1/LD-1-314-01-14","roomCode":"LD-1-314-01-14","roomType":"educational","__tile":"17/72476/45847","__layer":"rooms","__zoom":17,"__mvtId":3792,"__building":"deli","__ringVerts":5,"id":3792,"catalogFloorId":27},"geometry":{"type":"Polygon","coordinates":[[[19.062682986,47.472648728],[19.062698409,47.47269949],[19.062616601,47.472710821],[19.062601178,47.472660058],[19.062682986,47.472648728]]]}},{"type":"Feature","id":2744,"properties":{"buildingId":1,"floorId":27,"roomNumber":"1-315","roomName":"1-315 Előkészítő","scope":"budapest/lagymanyos/deli/1/LD-1-315-01-14","roomCode":"LD-1-315-01-14","roomType":"educational","__tile":"17/72476/45847","__layer":"rooms","__zoom":17,"__mvtId":2744,"__building":"deli","__ringVerts":5,"id":2744,"catalogFloorId":27},"geometry":{"type":"Polygon","coordinates":[[[19.062603955,47.472642413],[19.062619378,47.472693175],[19.062579145,47.472699068],[19.062563722,47.472647852],[19.062603955,47.472642413]]]}},{"type":"Feature","id":3225,"properties":{"buildingId":1,"floorId":27,"roomNumber":"1-426","roomName":"1-426 WC","scope":"budapest/lagymanyos/deli/1/LD-1-426-05-71","roomCode":"LD-1-426-05-71","roomType":"social","__tile":"17/72476/45847","__layer":"rooms","__zoom":17,"__mvtId":3225,"__building":"deli","__ringVerts":5,"id":3225,"catalogFloorId":27},"geometry":{"type":"Polygon","coordinates":[[[19.06289667,47.472692477],[19.062901364,47.472708793],[19.062890635,47.472710153],[19.062885941,47.47269429],[19.06289667,47.472692477]]]}},{"type":"Feature","id":2577,"properties":{"buildingId":1,"floorId":27,"roomNumber":"1-303","roomName":"1-303 Oktató","scope":"budapest/lagymanyos/deli/1/LD-1-303-01-13","roomCode":"LD-1-303-01-13","roomType":"educational","__tile":"17/72476/45847","__layer":"rooms","__zoom":17,"__mvtId":2577,"__building":"deli","__ringVerts":5,"id":2577,"catalogFloorId":27},"geometry":{"type":"Polygon","coordinates":[[[19.062452745,47.472713114],[19.062468168,47.472763876],[19.062427935,47.472769769],[19.062412512,47.472718553],[19.062452745,47.472713114]]]}},{"type":"Feature","id":2636,"properties":{"buildingId":1,"floorId":27,"roomNumber":"1-309","roomName":"1-309 Oktató","scope":"budapest/lagymanyos/deli/1/LD-1-309-01-13","roomCode":"LD-1-309-01-13","roomType":"educational","__tile":"17/72476/45847","__layer":"rooms","__zoom":17,"__mvtId":2636,"__building":"deli","__ringVerts":5,"id":2636,"catalogFloorId":27},"geometry":{"type":"Polygon","coordinates":[[[19.062743897,47.472753241],[19.06275932,47.472804004],[19.062719087,47.472809443],[19.062703664,47.47275868],[19.062743897,47.472753241]]]}},{"type":"Feature","id":3324,"properties":{"buildingId":1,"floorId":27,"roomNumber":"1-302","roomName":"1-302 Oktató","scope":"budapest/lagymanyos/deli/1/LD-1-302-01-13","roomCode":"LD-1-302-01-13","roomType":"educational","__tile":"17/72476/45847","__layer":"rooms","__zoom":17,"__mvtId":3324,"__building":"deli","__ringVerts":5,"id":3324,"catalogFloorId":27},"geometry":{"type":"Polygon","coordinates":[[[19.062411147,47.472707483],[19.06242657,47.472758246],[19.062386337,47.472763685],[19.062370914,47.472712922],[19.062411147,47.472707483]]]}},{"type":"Feature","id":3664,"properties":{"buildingId":1,"floorId":27,"roomNumber":"1-310","roomName":"1-310 Oktató","scope":"budapest/lagymanyos/deli/1/LD-1-310-01-13","roomCode":"LD-1-310-01-13","roomType":"educational","__tile":"17/72476/45847","__layer":"rooms","__zoom":17,"__mvtId":3664,"__building":"deli","__ringVerts":5,"id":3664,"catalogFloorId":27},"geometry":{"type":"Polygon","coordinates":[[[19.062785491,47.472758871],[19.062800914,47.472809633],[19.062760681,47.472815526],[19.062745258,47.47276431],[19.062785491,47.472758871]]]}},{"type":"Feature","id":2420,"properties":{"buildingId":1,"floorId":27,"roomNumber":"1-316","roomName":"1-316 Talajtani labor","scope":"budapest/lagymanyos/deli/1/LD-1-316-01-14","roomCode":"LD-1-316-01-14","roomType":"educational","__tile":"17/72476/45847","__layer":"rooms","__zoom":17,"__mvtId":2420,"__building":"deli","__ringVerts":6,"id":2420,"catalogFloorId":27},"geometry":{"type":"Polygon","coordinates":[[[19.062555442,47.472628558],[19.062570865,47.472679321],[19.062550748,47.47268204],[19.062488387,47.47268204],[19.062475646,47.472639436],[19.062555442,47.472628558]]]}},{"type":"Feature","id":2826,"properties":{"buildingId":1,"floorId":27,"roomNumber":"1-317","roomName":"1-317 Lépcsőház","scope":"budapest/lagymanyos/deli/1/LD-1-317-04-64","roomCode":"LD-1-317-04-64","roomType":"corridor","__tile":"17/72476/45847","__layer":"rooms","__zoom":17,"__mvtId":2826,"__building":"deli","__ringVerts":7,"id":2826,"catalogFloorId":27},"geometry":{"type":"Polygon","coordinates":[[[19.062483383,47.472651327],[19.062490089,47.472674442],[19.062416999,47.472684413],[19.062408282,47.472655406],[19.062424375,47.472653593],[19.062425716,47.472659032],[19.062483383,47.472651327]]]}},{"type":"Feature","id":2566,"properties":{"buildingId":1,"floorId":27,"roomNumber":"1-216","roomName":"1-216 Titkárság","scope":"budapest/lagymanyos/deli/1/LD-1-216-02-33","roomCode":"LD-1-216-02-33","roomType":"administrative","__tile":"17/72476/45847","__layer":"rooms","__zoom":17,"__mvtId":2566,"__building":"deli","__ringVerts":5,"id":2566,"catalogFloorId":27},"geometry":{"type":"Polygon","coordinates":[[[19.062334692,47.472656329],[19.062342739,47.472683524],[19.062267637,47.472693948],[19.06225959,47.472666754],[19.062334692,47.472656329]]]}},{"type":"Feature","id":3342,"properties":{"buildingId":1,"floorId":27,"roomNumber":"1-215","roomName":"1-215 Tanszékvezető","scope":"budapest/lagymanyos/deli/1/LD-1-215-01-13","roomCode":"LD-1-215-01-13","roomType":"educational","__tile":"17/72476/45847","__layer":"rooms","__zoom":17,"__mvtId":3342,"__building":"deli","__ringVerts":5,"id":3342,"catalogFloorId":27},"geometry":{"type":"Polygon","coordinates":[[[19.062318712,47.472687221],[19.062335476,47.472742063],[19.062259704,47.472752488],[19.06224361,47.472697646],[19.062318712,47.472687221]]]}},{"type":"Feature","id":3475,"properties":{"buildingId":1,"floorId":27,"roomNumber":"1-806","roomName":"1-806 Olvasóterem","scope":"budapest/lagymanyos/deli/1/LD-1-806-03-43","roomCode":"LD-1-806-03-43","roomType":"misc","__tile":"17/72476/45847","__layer":"rooms","__zoom":17,"__mvtId":3475,"__building":"deli","__ringVerts":5,"id":3475,"catalogFloorId":27},"geometry":{"type":"Polygon","coordinates":[[[19.062046448,47.472658703],[19.062075281,47.472753883],[19.061886186,47.472780171],[19.061858023,47.472684991],[19.062046448,47.472658703]]]}},{"type":"Feature","id":2967,"properties":{"buildingId":1,"floorId":27,"roomNumber":"1-304","roomName":"1-304 Oktató","scope":"budapest/lagymanyos/deli/1/LD-1-304-01-13","roomCode":"LD-1-304-01-13","roomType":"educational","__tile":"17/72476/45847","__layer":"rooms","__zoom":17,"__mvtId":2967,"__building":"deli","__ringVerts":5,"id":2967,"catalogFloorId":27},"geometry":{"type":"Polygon","coordinates":[[[19.062494338,47.472718649],[19.062509761,47.472769865],[19.062469528,47.472775304],[19.062454105,47.472724542],[19.062494338,47.472718649]]]}},{"type":"Feature","id":3170,"properties":{"buildingId":1,"floorId":27,"roomNumber":"1-313","roomName":"1-313 Földrajz számítástechnikai labor","scope":"budapest/lagymanyos/deli/1/LD-1-313-01-12","roomCode":"LD-1-313-01-12","roomType":"educational","__tile":"17/72476/45847","__layer":"rooms","__zoom":17,"__mvtId":3170,"__building":"deli","__ringVerts":6,"id":3170,"catalogFloorId":27},"geometry":{"type":"Polygon","coordinates":[[[19.062793788,47.472657257],[19.062807199,47.472703487],[19.062801835,47.472709379],[19.062687171,47.472725243],[19.062671748,47.472674027],[19.062793788,47.472657257]]]}},{"type":"Feature","id":3336,"properties":{"buildingId":1,"floorId":27,"roomNumber":"1-301","roomName":"1-301 Közlekedő","scope":"budapest/lagymanyos/deli/1/LD-1-301-04-63","roomCode":"LD-1-301-04-63","roomType":"corridor","__tile":"17/72476/45847","__layer":"rooms","__zoom":17,"__mvtId":3336,"__building":"deli","__ringVerts":150,"id":3336,"catalogFloorId":27},"geometry":{"type":"Polygon","coordinates":[[[19.062900465,47.472537615],[19.062910523,47.472571155],[19.062899794,47.472572514],[19.062900465,47.472575234],[19.062911194,47.472573874],[19.062914546,47.472584298],[19.062903817,47.472585658],[19.062909182,47.472603335],[19.062919911,47.472601975],[19.062922593,47.472612399],[19.062912535,47.472613759],[19.062925946,47.472659536],[19.062936674,47.472658176],[19.062940027,47.472668601],[19.062929298,47.472669961],[19.062934663,47.472687637],[19.062944721,47.472686277],[19.062948074,47.472696702],[19.062938016,47.472698061],[19.06294338,47.472715738],[19.062953438,47.472714378],[19.062956791,47.472724802],[19.062946062,47.472726162],[19.062947403,47.472731601],[19.062915217,47.472731601],[19.062915217,47.472730695],[19.062907841,47.472731601],[19.062903817,47.472731601],[19.062901806,47.47272163],[19.062911864,47.47272027],[19.0629065,47.472702594],[19.062896441,47.472703954],[19.062893089,47.472693529],[19.062903817,47.472692169],[19.06288303,47.472623277],[19.062866937,47.472625543],[19.062868949,47.472631435],[19.062853526,47.472633702],[19.062850844,47.472625543],[19.062791165,47.472633702],[19.062791835,47.472635968],[19.062781777,47.472637327],[19.062783789,47.472644579],[19.062767695,47.472646392],[19.062765684,47.472639594],[19.062739532,47.47264322],[19.062742214,47.472650018],[19.062726121,47.472652284],[19.062724109,47.472645033],[19.062697958,47.472648658],[19.06269997,47.47265591],[19.062684547,47.472658176],[19.062682535,47.472650925],[19.062656384,47.472654551],[19.062659066,47.472661802],[19.062642973,47.472663615],[19.062640961,47.472656817],[19.062614809,47.472660443],[19.062616821,47.472667241],[19.062601398,47.472669507],[19.062599387,47.472662256],[19.062573235,47.472665882],[19.062575247,47.472673133],[19.062559824,47.4726754],[19.062557812,47.472668148],[19.062531661,47.472671774],[19.062533673,47.472678572],[19.06251825,47.472680838],[19.062516238,47.472673587],[19.062490087,47.472677212],[19.062492098,47.472684464],[19.062476676,47.47268673],[19.062474664,47.472679479],[19.062464606,47.472680838],[19.062463935,47.472679025],[19.062373411,47.472693529],[19.06238481,47.472731601],[19.062351953,47.472731601],[19.062349271,47.472720723],[19.062338542,47.472722083],[19.062335189,47.472711659],[19.062345918,47.472710299],[19.062340554,47.472692623],[19.062329825,47.472693982],[19.062327143,47.472683558],[19.062337201,47.472682198],[19.062332507,47.472664522],[19.062321778,47.472665882],[19.062318425,47.472655457],[19.062329154,47.472654097],[19.062328484,47.472650925],[19.062317755,47.472652738],[19.062307696,47.472619198],[19.062353965,47.472612853],[19.062369387,47.472664069],[19.062356647,47.472665428],[19.062359329,47.472673587],[19.062385481,47.472669961],[19.062382798,47.472662709],[19.062398892,47.472660896],[19.062400903,47.472667694],[19.062427055,47.472664069],[19.062424373,47.47265727],[19.062440466,47.472655004],[19.062442477,47.472662256],[19.062468629,47.47265863],[19.062465947,47.472651378],[19.06248204,47.472649565],[19.062484052,47.472656363],[19.062510203,47.472652738],[19.062508192,47.472645939],[19.062523614,47.472643673],[19.062525626,47.472650925],[19.062551778,47.472647299],[19.062549766,47.472640047],[19.062565189,47.472637781],[19.0625672,47.472645033],[19.062593352,47.472641407],[19.06259134,47.472634155],[19.062606763,47.472632342],[19.062608774,47.47263914],[19.062634926,47.472635515],[19.062632914,47.472628716],[19.062648337,47.47262645],[19.062650349,47.472633702],[19.0626765,47.472630076],[19.062674489,47.472622824],[19.062689911,47.472620558],[19.062691923,47.472627809],[19.062718074,47.472624184],[19.062716063,47.472617385],[19.062731486,47.472615119],[19.062733497,47.472622371],[19.062759649,47.472618745],[19.062757637,47.472611493],[19.06277306,47.472609227],[19.062775071,47.472616478],[19.062801223,47.472612853],[19.062799211,47.472605601],[19.062814634,47.472603788],[19.062816646,47.472610586],[19.062842797,47.47260696],[19.062840786,47.472600162],[19.062856208,47.472597896],[19.06285822,47.472605147],[19.062884371,47.472601522],[19.062881689,47.472593363],[19.062869619,47.472595176],[19.062854197,47.47254396],[19.062900465,47.472537615]]]}},{"type":"Feature","id":2212,"properties":{"buildingId":1,"floorId":27,"roomNumber":"1-401","roomName":"1-401 Földrajz pc labor","scope":"budapest/lagymanyos/deli/1/LD-1-401-01-12","roomCode":"LD-1-401-01-12","roomType":"educational","__tile":"17/72476/45847","__layer":"rooms","__zoom":17,"__mvtId":2212,"__building":"deli","__ringVerts":5,"id":2212,"catalogFloorId":27},"geometry":{"type":"Polygon","coordinates":[[[19.062998047,47.472751375],[19.06301414,47.47280667],[19.062939038,47.472817095],[19.062922274,47.4727618],[19.062998047,47.472751375]]]}},{"type":"Feature","id":2340,"properties":{"buildingId":1,"floorId":27,"roomNumber":"1-307","roomName":"1-307 Tanszékvezető","scope":"budapest/lagymanyos/deli/1/LD-1-307-01-13","roomCode":"LD-1-307-01-13","roomType":"educational","__tile":"17/72476/45847","__layer":"rooms","__zoom":17,"__mvtId":2340,"__building":"deli","__ringVerts":5,"id":2340,"catalogFloorId":27},"geometry":{"type":"Polygon","coordinates":[[[19.062656535,47.472736585],[19.062671958,47.472787348],[19.06259015,47.472798679],[19.062574727,47.472747916],[19.062656535,47.472736585]]]}},{"type":"Feature","id":2355,"properties":{"buildingId":1,"floorId":27,"roomNumber":"1-402","roomName":"1-402 Esőztető","scope":"budapest/lagymanyos/deli/1/LD-1-402-01-14","roomCode":"LD-1-402-01-14","roomType":"educational","__tile":"17/72476/45847","__layer":"rooms","__zoom":17,"__mvtId":2355,"__building":"deli","__ringVerts":14,"id":2355,"catalogFloorId":27},"geometry":{"type":"Polygon","coordinates":[[[19.062982998,47.472717888],[19.062991045,47.472745082],[19.062957517,47.472749615],[19.062955505,47.472743269],[19.062970257,47.472741003],[19.062969587,47.472738284],[19.062944106,47.472743722],[19.062940753,47.472731485],[19.062951482,47.472730125],[19.0629488,47.47272242],[19.062962881,47.472720607],[19.062966905,47.472729672],[19.062964222,47.472720607],[19.062982998,47.472717888]]]}},{"type":"Feature","id":3109,"properties":{"buildingId":1,"floorId":27,"roomNumber":"1-306","roomName":"1-306 Oktató","scope":"budapest/lagymanyos/deli/1/LD-1-306-01-13","roomCode":"LD-1-306-01-13","roomType":"educational","__tile":"17/72476/45847","__layer":"rooms","__zoom":17,"__mvtId":3109,"__building":"deli","__ringVerts":5,"id":3109,"catalogFloorId":27},"geometry":{"type":"Polygon","coordinates":[[[19.062577523,47.47273018],[19.062592946,47.472781396],[19.062552713,47.472786835],[19.06253729,47.472735619],[19.062577523,47.47273018]]]}},{"type":"Feature","id":3604,"properties":{"buildingId":1,"floorId":27,"roomNumber":"1-305","roomName":"1-305 Oktató","scope":"budapest/lagymanyos/deli/1/LD-1-305-01-13","roomCode":"LD-1-305-01-13","roomType":"educational","__tile":"17/72476/45847","__layer":"rooms","__zoom":17,"__mvtId":3604,"__building":"deli","__ringVerts":5,"id":3604,"catalogFloorId":27},"geometry":{"type":"Polygon","coordinates":[[[19.06253593,47.472724641],[19.062551353,47.472775404],[19.06251112,47.472780843],[19.062495697,47.47273008],[19.06253593,47.472724641]]]}},{"type":"Feature","id":2242,"properties":{"buildingId":1,"floorId":27,"roomNumber":"1-424","roomName":"1-424 Előtér","scope":"budapest/lagymanyos/deli/1/LD-1-424-04-63","roomCode":"LD-1-424-04-63","roomType":"corridor","__tile":"17/72476/45847","__layer":"rooms","__zoom":17,"__mvtId":2242,"__building":"deli","__ringVerts":5,"id":2242,"catalogFloorId":27},"geometry":{"type":"Polygon","coordinates":[[[19.062910035,47.472677042],[19.062913388,47.472688373],[19.062864437,47.472694718],[19.062861085,47.47268384],[19.062910035,47.472677042]]]}},{"type":"Feature","id":2328,"properties":{"buildingId":1,"floorId":27,"roomNumber":"1-318","roomName":"1-318 Lépcsőház","scope":"budapest/lagymanyos/deli/1/LD-1-318-04-64","roomCode":"LD-1-318-04-64","roomType":"corridor","__tile":"17/72476/45847","__layer":"rooms","__zoom":17,"__mvtId":2328,"__building":"deli","__ringVerts":5,"id":2328,"catalogFloorId":27},"geometry":{"type":"Polygon","coordinates":[[[19.062880786,47.47270337],[19.062888162,47.472726486],[19.062815071,47.472736457],[19.062808366,47.472713342],[19.062880786,47.47270337]]]}},{"type":"Feature","id":2624,"properties":{"buildingId":1,"floorId":27,"roomNumber":"1-308","roomName":"1-308 Regionális Földrajzi Tanszék Titkárság","scope":"budapest/lagymanyos/deli/1/LD-1-308-02-33","roomCode":"LD-1-308-02-33","roomType":"administrative","__tile":"17/72476/45847","__layer":"rooms","__zoom":17,"__mvtId":2624,"__building":"deli","__ringVerts":5,"id":2624,"catalogFloorId":27},"geometry":{"type":"Polygon","coordinates":[[[19.062702294,47.47274725],[19.062717717,47.472798466],[19.062677484,47.472803905],[19.062662061,47.472753143],[19.062702294,47.47274725]]]}},{"type":"Feature","id":3048,"properties":{"buildingId":1,"floorId":27,"roomNumber":"1-423","roomName":"1-423 TGF vendégoktató","scope":"budapest/lagymanyos/deli/1/LD-1-423-01-13","roomCode":"LD-1-423-01-13","roomType":"educational","__tile":"17/72476/45847","__layer":"rooms","__zoom":17,"__mvtId":3048,"__building":"deli","__ringVerts":6,"id":3048,"catalogFloorId":27},"geometry":{"type":"Polygon","coordinates":[[[19.062908252,47.472646323],[19.062915628,47.472672158],[19.062840526,47.472682583],[19.062834491,47.47266128],[19.062839856,47.472655388],[19.062908252,47.472646323]]]}},{"type":"Feature","id":2402,"properties":{"buildingId":1,"floorId":27,"roomNumber":"1-404","roomName":"1-404 Szeminárium  6 fő","scope":"budapest/lagymanyos/deli/1/LD-1-404-01-12","roomCode":"LD-1-404-01-12","roomType":"educational","__tile":"17/72476/45847","__layer":"rooms","__zoom":17,"__mvtId":2402,"__building":"deli","__ringVerts":5,"id":2402,"catalogFloorId":27},"geometry":{"type":"Polygon","coordinates":[[[19.063030758,47.47266422],[19.063038805,47.472691415],[19.062963703,47.472701839],[19.062955656,47.472674645],[19.063030758,47.47266422]]]}},{"type":"Feature","id":3274,"properties":{"buildingId":1,"floorId":27,"roomNumber":"1-405","roomName":"1-405 Társadalom- és Gazdaságföldrajzi Tanszék Titkárság","scope":"budapest/lagymanyos/deli/1/LD-1-405-02-33","roomCode":"LD-1-405-02-33","roomType":"administrative","__tile":"17/72476/45847","__layer":"rooms","__zoom":17,"__mvtId":3274,"__building":"deli","__ringVerts":6,"id":3274,"catalogFloorId":27},"geometry":{"type":"Polygon","coordinates":[[[19.063044808,47.472632798],[19.063052855,47.472659992],[19.06298647,47.472669057],[19.062976412,47.472669057],[19.062969036,47.472643222],[19.063044808,47.472632798]]]}},{"type":"Feature","id":2570,"properties":{"buildingId":1,"floorId":27,"roomNumber":"1-809","roomName":"1-809 TTK-IK  Kari közös használatú Könyvtár olvasóterem","scope":"budapest/lagymanyos/deli/1/LD-1-809-03-43","roomCode":"LD-1-809-03-43","roomType":"misc","__tile":"17/72476/45847","__layer":"rooms","__zoom":17,"__mvtId":2570,"__building":"deli","__ringVerts":12,"id":2570,"catalogFloorId":27},"geometry":{"type":"Polygon","coordinates":[[[19.061829051,47.472428531],[19.061848497,47.472431704],[19.061859226,47.472443488],[19.061880684,47.472514647],[19.061898789,47.472511927],[19.061906165,47.472536855],[19.06188806,47.472539121],[19.061890742,47.472549546],[19.061795524,47.472549546],[19.061808935,47.472443035],[19.06181564,47.472433517],[19.061829051,47.472428531]],[[19.061843803,47.472530057],[19.061841121,47.472532776],[19.061845145,47.472534589],[19.061847156,47.47253187],[19.061843803,47.472530057]]]}},{"type":"Feature","id":3690,"properties":{"buildingId":1,"floorId":27,"roomNumber":"1-425","roomName":"1-425 WC","scope":"budapest/lagymanyos/deli/1/LD-1-425-05-71","roomCode":"LD-1-425-05-71","roomType":"social","__tile":"17/72476/45847","__layer":"rooms","__zoom":17,"__mvtId":3690,"__building":"deli","__ringVerts":5,"id":3690,"catalogFloorId":27},"geometry":{"type":"Polygon","coordinates":[[[19.062908263,47.472694173],[19.062912957,47.47271049],[19.062902898,47.47271185],[19.062897534,47.472695533],[19.062908263,47.472694173]]]}},{"type":"Feature","id":2565,"properties":{"buildingId":1,"floorId":27,"roomNumber":"1-517","roomName":"1-517 WC","scope":"budapest/lagymanyos/deli/1/LD-1-517-05-71","roomCode":"LD-1-517-05-71","roomType":"social","__tile":"17/72476/45848","__layer":"rooms","__zoom":17,"__mvtId":2565,"__building":"deli","__ringVerts":5,"id":2565,"catalogFloorId":27},"geometry":{"type":"Polygon","coordinates":[[[19.063097995,47.472063902],[19.063102689,47.472079766],[19.06309263,47.472081579],[19.063087266,47.472065262],[19.063097995,47.472063902]]]}},{"type":"Feature","id":3304,"properties":{"buildingId":1,"floorId":27,"roomNumber":"1-525","roomName":"1-525 Mosdó-zuhany","scope":"budapest/lagymanyos/deli/1/LD-1-525-05-71","roomCode":"LD-1-525-05-71","roomType":"social","__tile":"17/72476/45848","__layer":"rooms","__zoom":17,"__mvtId":3304,"__building":"deli","__ringVerts":7,"id":3304,"catalogFloorId":27},"geometry":{"type":"Polygon","coordinates":[[[19.063004056,47.472283767],[19.063006068,47.472291019],[19.063018138,47.472289659],[19.063020149,47.472296458],[19.062993327,47.472300085],[19.062989304,47.472287393],[19.063004056,47.472283767]]]}},{"type":"Feature","id":3452,"properties":{"buildingId":1,"floorId":27,"roomNumber":"1-526","roomName":"1-526 Előtér","scope":"budapest/lagymanyos/deli/1/LD-1-526-04-63","roomCode":"LD-1-526-04-63","roomType":"corridor","__tile":"17/72476/45848","__layer":"rooms","__zoom":17,"__mvtId":3452,"__building":"deli","__ringVerts":5,"id":3452,"catalogFloorId":27},"geometry":{"type":"Polygon","coordinates":[[[19.063000719,47.4722987],[19.063004742,47.472310485],[19.06298999,47.472314111],[19.062985966,47.472301419],[19.063000719,47.4722987]]]}},{"type":"Feature","id":2367,"properties":{"buildingId":1,"floorId":27,"roomNumber":"1-407","roomName":"1-407 Oktató","scope":"budapest/lagymanyos/deli/1/LD-1-407-01-13","roomCode":"LD-1-407-01-13","roomType":"educational","__tile":"17/72476/45848","__layer":"rooms","__zoom":17,"__mvtId":2367,"__building":"deli","__ringVerts":5,"id":2367,"catalogFloorId":27},"geometry":{"type":"Polygon","coordinates":[[[19.063064874,47.472551672],[19.063072921,47.472579321],[19.062997149,47.472589293],[19.062989102,47.472562097],[19.063064874,47.472551672]]]}},{"type":"Feature","id":2434,"properties":{"buildingId":1,"floorId":27,"roomNumber":"1-512","roomName":"1-512 Általános és Történeti Földtani Tanszék Titkárság","scope":"budapest/lagymanyos/deli/1/LD-1-512-02-33","roomCode":"LD-1-512-02-33","roomType":"administrative","__tile":"17/72476/45848","__layer":"rooms","__zoom":17,"__mvtId":2434,"__building":"deli","__ringVerts":5,"id":2434,"catalogFloorId":27},"geometry":{"type":"Polygon","coordinates":[[[19.063225252,47.472017591],[19.063233969,47.472044787],[19.063158197,47.472055212],[19.06315015,47.472028016],[19.063225252,47.472017591]]]}},{"type":"Feature","id":2493,"properties":{"buildingId":1,"floorId":27,"roomNumber":"1-501","roomName":"1-501 Oktató","scope":"budapest/lagymanyos/deli/1/LD-1-501-01-13","roomCode":"LD-1-501-01-13","roomType":"educational","__tile":"17/72476/45848","__layer":"rooms","__zoom":17,"__mvtId":2493,"__building":"deli","__ringVerts":5,"id":2493,"catalogFloorId":27},"geometry":{"type":"Polygon","coordinates":[[[19.063123974,47.472354966],[19.063132021,47.472382162],[19.063056919,47.472392587],[19.063048202,47.472365391],[19.063123974,47.472354966]]]}},{"type":"Feature","id":2767,"properties":{"buildingId":1,"floorId":27,"roomNumber":"1-411","roomName":"1-411 Oktató","scope":"budapest/lagymanyos/deli/1/LD-1-411-01-13","roomCode":"LD-1-411-01-13","roomType":"educational","__tile":"17/72476/45848","__layer":"rooms","__zoom":17,"__mvtId":2767,"__building":"deli","__ringVerts":5,"id":2767,"catalogFloorId":27},"geometry":{"type":"Polygon","coordinates":[[[19.063098454,47.472439399],[19.063106501,47.472466595],[19.063031399,47.47247702],[19.063023352,47.472449371],[19.063098454,47.472439399]]]}},{"type":"Feature","id":2984,"properties":{"buildingId":1,"floorId":27,"roomNumber":"1-502","roomName":"1-502 Oktató","scope":"budapest/lagymanyos/deli/1/LD-1-502-01-13","roomCode":"LD-1-502-01-13","roomType":"educational","__tile":"17/72476/45848","__layer":"rooms","__zoom":17,"__mvtId":2984,"__building":"deli","__ringVerts":5,"id":2984,"catalogFloorId":27},"geometry":{"type":"Polygon","coordinates":[[[19.06313257,47.472326851],[19.063140617,47.472354047],[19.063064845,47.472364472],[19.063056798,47.472337276],[19.06313257,47.472326851]]]}},{"type":"Feature","id":3320,"properties":{"buildingId":1,"floorId":27,"roomNumber":"1-408","roomName":"1-408 Oktató","scope":"budapest/lagymanyos/deli/1/LD-1-408-01-13","roomCode":"LD-1-408-01-13","roomType":"educational","__tile":"17/72476/45848","__layer":"rooms","__zoom":17,"__mvtId":3320,"__building":"deli","__ringVerts":5,"id":3320,"catalogFloorId":27},"geometry":{"type":"Polygon","coordinates":[[[19.063073068,47.472523558],[19.063081115,47.472551207],[19.063006013,47.472561179],[19.062997966,47.472533983],[19.063073068,47.472523558]]]}},{"type":"Feature","id":3008,"properties":{"buildingId":1,"floorId":27,"roomNumber":"1-515","roomName":"1-515 Előtér","scope":"budapest/lagymanyos/deli/1/LD-1-515-04-63","roomCode":"LD-1-515-04-63","roomType":"corridor","__tile":"17/72476/45848","__layer":"rooms","__zoom":17,"__mvtId":3008,"__building":"deli","__ringVerts":5,"id":3008,"catalogFloorId":27},"geometry":{"type":"Polygon","coordinates":[[[19.063091178,47.47207575],[19.06309386,47.472086628],[19.063045581,47.472093427],[19.063042228,47.472082549],[19.063091178,47.47207575]]]}},{"type":"Feature","id":3386,"properties":{"buildingId":1,"floorId":27,"roomNumber":"1-510","roomName":"1-510 Oktató","scope":"budapest/lagymanyos/deli/1/LD-1-510-01-13","roomCode":"LD-1-510-01-13","roomType":"educational","__tile":"17/72476/45848","__layer":"rooms","__zoom":17,"__mvtId":3386,"__building":"deli","__ringVerts":5,"id":3386,"catalogFloorId":27},"geometry":{"type":"Polygon","coordinates":[[[19.063199866,47.472101934],[19.063208583,47.47212913],[19.063132811,47.472139555],[19.063124764,47.472112359],[19.063199866,47.472101934]]]}},{"type":"Feature","id":3633,"properties":{"buildingId":1,"floorId":27,"roomNumber":"1-519","roomName":"1-519 Általános földtani gyűjtemény és előkészítő","scope":"budapest/lagymanyos/deli/1/LD-1-519-01-14","roomCode":"LD-1-519-01-14","roomType":"educational","__tile":"17/72476/45848","__layer":"rooms","__zoom":17,"__mvtId":3633,"__building":"deli","__ringVerts":6,"id":3633,"catalogFloorId":27},"geometry":{"type":"Polygon","coordinates":[[[19.063076366,47.47208261],[19.063083742,47.4721089],[19.063015345,47.472117965],[19.063007299,47.472114339],[19.063000593,47.472093035],[19.063076366,47.47208261]]]}},{"type":"Feature","id":3548,"properties":{"buildingId":1,"floorId":27,"roomNumber":"1-503","roomName":"1-503 Oktató","scope":"budapest/lagymanyos/deli/1/LD-1-503-01-13","roomCode":"LD-1-503-01-13","roomType":"educational","__tile":"17/72476/45848","__layer":"rooms","__zoom":17,"__mvtId":3548,"__building":"deli","__ringVerts":5,"id":3548,"catalogFloorId":27},"geometry":{"type":"Polygon","coordinates":[[[19.063140764,47.472298737],[19.063148811,47.472325933],[19.063073709,47.472336358],[19.063065662,47.472309162],[19.063140764,47.472298737]]]}},{"type":"Feature","id":2728,"properties":{"buildingId":1,"floorId":27,"roomNumber":"1-726","roomName":"1-726 WC","scope":"budapest/lagymanyos/deli/1/LD-1-726-05-71","roomCode":"LD-1-726-05-71","roomType":"social","__tile":"17/72476/45848","__layer":"rooms","__zoom":17,"__mvtId":2728,"__building":"deli","__ringVerts":5,"id":2728,"catalogFloorId":27},"geometry":{"type":"Polygon","coordinates":[[[19.062602462,47.4719957],[19.062607826,47.472012018],[19.062597097,47.472013377],[19.062592403,47.47199706],[19.062602462,47.4719957]]]}},{"type":"Feature","id":2248,"properties":{"buildingId":1,"floorId":27,"roomNumber":"1-604","roomName":"1-604 Lépcsőház","scope":"budapest/lagymanyos/deli/1/LD-1-604-04-64","roomCode":"LD-1-604-04-64","roomType":"corridor","__tile":"17/72476/45848","__layer":"rooms","__zoom":17,"__mvtId":2248,"__building":"deli","__ringVerts":7,"id":2248,"catalogFloorId":27},"geometry":{"type":"Polygon","coordinates":[[[19.06268334,47.471966536],[19.062690046,47.471989653],[19.062633049,47.471997358],[19.062635061,47.472003251],[19.062618967,47.472005517],[19.06261025,47.471976508],[19.06268334,47.471966536]]]}},{"type":"Feature","id":2299,"properties":{"buildingId":1,"floorId":27,"roomNumber":"1-719","roomName":"1-719 Műszeres labor","scope":"budapest/lagymanyos/deli/1/LD-1-719-01-14","roomCode":"LD-1-719-01-14","roomType":"educational","__tile":"17/72476/45848","__layer":"rooms","__zoom":17,"__mvtId":2299,"__building":"deli","__ringVerts":5,"id":2299,"catalogFloorId":27},"geometry":{"type":"Polygon","coordinates":[[[19.062650687,47.472055691],[19.062659404,47.472082887],[19.062583632,47.472093312],[19.062575585,47.472066116],[19.062650687,47.472055691]]]}},{"type":"Feature","id":2876,"properties":{"buildingId":1,"floorId":27,"roomNumber":"1-109","roomName":"1-109 Magyarország földtana gyűjtemény","scope":"budapest/lagymanyos/deli/1/LD-1-109-03-43","roomCode":"LD-1-109-03-43","roomType":"misc","__tile":"17/72476/45848","__layer":"rooms","__zoom":17,"__mvtId":2876,"__building":"deli","__ringVerts":6,"id":2876,"catalogFloorId":27},"geometry":{"type":"Polygon","coordinates":[[[19.062633203,47.472260924],[19.062648626,47.47231169],[19.06261711,47.472316222],[19.062607052,47.472311236],[19.062599005,47.472265456],[19.062633203,47.472260924]]]}},{"type":"Feature","id":2955,"properties":{"buildingId":1,"floorId":27,"roomNumber":"1-721","roomName":"1-721 Analitikai labor","scope":"budapest/lagymanyos/deli/1/LD-1-721-01-14","roomCode":"LD-1-721-01-14","roomType":"educational","__tile":"17/72476/45848","__layer":"rooms","__zoom":17,"__mvtId":2955,"__building":"deli","__ringVerts":5,"id":2955,"catalogFloorId":27},"geometry":{"type":"Polygon","coordinates":[[[19.062626596,47.472114725],[19.062642689,47.472170023],[19.062567587,47.472180448],[19.062550823,47.47212515],[19.062626596,47.472114725]]]}},{"type":"Feature","id":2310,"properties":{"buildingId":1,"floorId":27,"roomNumber":"1-603","roomName":"1-603 Mikroszkóp szoba","scope":"budapest/lagymanyos/deli/1/LD-1-603-01-14","roomCode":"LD-1-603-01-14","roomType":"educational","__tile":"17/72476/45848","__layer":"rooms","__zoom":17,"__mvtId":2310,"__building":"deli","__ringVerts":5,"id":2310,"catalogFloorId":27},"geometry":{"type":"Polygon","coordinates":[[[19.062657603,47.471888464],[19.062673026,47.471939683],[19.062632793,47.471945122],[19.06261737,47.471893903],[19.062657603,47.471888464]]]}},{"type":"Feature","id":2424,"properties":{"buildingId":1,"floorId":27,"roomNumber":"1-702","roomName":"1-702 Alkalmazott- és Környezetföldtani Tanszék Titkárság","scope":"budapest/lagymanyos/deli/1/LD-1-702-02-33","roomCode":"LD-1-702-02-33","roomType":"administrative","__tile":"17/72476/45848","__layer":"rooms","__zoom":17,"__mvtId":2424,"__building":"deli","__ringVerts":5,"id":2424,"catalogFloorId":27},"geometry":{"type":"Polygon","coordinates":[[[19.062554706,47.471925265],[19.062562753,47.471952914],[19.062487651,47.471962886],[19.062479604,47.47193569],[19.062554706,47.471925265]]]}},{"type":"Feature","id":2435,"properties":{"buildingId":1,"floorId":27,"roomNumber":"1-723","roomName":"1-723 Könyvtár és olvasó","scope":"budapest/lagymanyos/deli/1/LD-1-723-03-43","roomCode":"LD-1-723-03-43","roomType":"misc","__tile":"17/72476/45848","__layer":"rooms","__zoom":17,"__mvtId":2435,"__building":"deli","__ringVerts":7,"id":2435,"catalogFloorId":27},"geometry":{"type":"Polygon","coordinates":[[[19.062608404,47.472205721],[19.062623156,47.47225422],[19.062547384,47.472264646],[19.062535314,47.472210254],[19.062562136,47.472206627],[19.062563477,47.472211613],[19.062608404,47.472205721]]]}},{"type":"Feature","id":2711,"properties":{"buildingId":1,"floorId":27,"roomNumber":"1-606","roomName":"1-606 Kutatócsoport-vezető","scope":"budapest/lagymanyos/deli/1/LD-1-606-01-13","roomCode":"LD-1-606-01-13","roomType":"educational","__tile":"17/72476/45848","__layer":"rooms","__zoom":17,"__mvtId":2711,"__building":"deli","__ringVerts":5,"id":2711,"catalogFloorId":27},"geometry":{"type":"Polygon","coordinates":[[[19.062755945,47.471993397],[19.062771368,47.472044616],[19.062731135,47.472050055],[19.062715712,47.47199929],[19.062755945,47.471993397]]]}},{"type":"Feature","id":3649,"properties":{"buildingId":1,"floorId":27,"roomNumber":"1-513","roomName":"1-513 Szeizmikus értelmező labor","scope":"budapest/lagymanyos/deli/1/LD-1-513-01-14","roomCode":"LD-1-513-01-14","roomType":"educational","__tile":"17/72476/45848","__layer":"rooms","__zoom":17,"__mvtId":3649,"__building":"deli","__ringVerts":5,"id":3649,"catalogFloorId":27},"geometry":{"type":"Polygon","coordinates":[[[19.06323466,47.471964579],[19.063251424,47.472019424],[19.063175652,47.472029849],[19.063159558,47.471975004],[19.06323466,47.471964579]]]}},{"type":"Feature","id":3834,"properties":{"buildingId":1,"floorId":27,"roomNumber":"1-101","roomName":"1-101 Közlekedő","scope":"budapest/lagymanyos/deli/1/LD-1-101-04-63","roomCode":"LD-1-101-04-63","roomType":"corridor","__tile":"17/72476/45848","__layer":"rooms","__zoom":17,"__mvtId":3834,"__building":"deli","__ringVerts":162,"id":3834,"catalogFloorId":27},"geometry":{"type":"Polygon","coordinates":[[[19.063014948,47.472211003],[19.063018301,47.472221428],[19.063007572,47.472223241],[19.063012937,47.472240465],[19.063022995,47.472239105],[19.063026348,47.47224953],[19.063016289,47.472251344],[19.063021654,47.472269021],[19.063031712,47.472267208],[19.063035065,47.472278086],[19.063024336,47.472279446],[19.063027018,47.472288512],[19.063043111,47.47230075],[19.063035735,47.472315708],[19.063038418,47.472324773],[19.063048476,47.472323413],[19.063051829,47.472334292],[19.0630411,47.472335651],[19.063046464,47.472353329],[19.063057193,47.472351516],[19.063060546,47.472362394],[19.063049817,47.472363754],[19.063055181,47.472381431],[19.06306591,47.472379618],[19.063068592,47.472390497],[19.063058534,47.472391857],[19.063063899,47.472409534],[19.063073957,47.472407721],[19.06307731,47.472418599],[19.063066581,47.472419959],[19.063071945,47.47243673],[19.063040429,47.472440809],[19.063035735,47.472424039],[19.063025006,47.472425398],[19.063022324,47.472414973],[19.063032383,47.472413613],[19.063021654,47.472376899],[19.063010925,47.472378259],[19.063008243,47.472369193],[19.063018972,47.472367833],[19.063006231,47.472327039],[19.062913024,47.472339731],[19.062909671,47.472329759],[19.062902295,47.472331119],[19.062904307,47.472337918],[19.062888214,47.472340184],[19.062886202,47.472332932],[19.062860051,47.472336558],[19.062862733,47.47234381],[19.06284664,47.472345623],[19.062844628,47.472338824],[19.062818476,47.47234245],[19.062821159,47.472349249],[19.062805065,47.472351516],[19.062803054,47.472344263],[19.062776902,47.47234789],[19.062779584,47.472355142],[19.062764162,47.472357408],[19.062761479,47.472350156],[19.062735328,47.472353782],[19.06273734,47.472361034],[19.062721917,47.472362847],[19.062719905,47.472356048],[19.062693754,47.472359221],[19.062695765,47.472366474],[19.062680343,47.47236874],[19.062678331,47.472361488],[19.062652179,47.472365114],[19.062654191,47.472372366],[19.062638768,47.472374632],[19.062636757,47.47236738],[19.062610605,47.472371006],[19.062612617,47.472377805],[19.062597194,47.472380072],[19.062595182,47.472373273],[19.062587136,47.472374179],[19.062590489,47.472384151],[19.062496611,47.472397296],[19.062509352,47.47243809],[19.06251941,47.47243673],[19.062522092,47.472445342],[19.062512034,47.472446702],[19.062522763,47.472482963],[19.062491917,47.472487043],[19.062486553,47.472470272],[19.062475824,47.472471632],[19.062473142,47.472461206],[19.0624832,47.472459847],[19.062477836,47.472442169],[19.062467778,47.472443529],[19.062463084,47.472428118],[19.062473142,47.472426758],[19.06247113,47.472419053],[19.062460401,47.472420412],[19.062455708,47.472404095],[19.062465766,47.472402735],[19.062463754,47.472395029],[19.062453025,47.472396389],[19.062444979,47.472368287],[19.062455037,47.472366927],[19.062453025,47.472358768],[19.062442297,47.472360128],[19.062437603,47.47234381],[19.062447661,47.47234245],[19.062445649,47.472334745],[19.06243492,47.472336105],[19.062430897,47.472320694],[19.062440955,47.472319334],[19.062435591,47.472301656],[19.062425533,47.472303016],[19.06242218,47.472292591],[19.062432238,47.472291231],[19.062427544,47.47227446],[19.06245839,47.472269928],[19.062469789,47.472306189],[19.062479847,47.472304829],[19.06248253,47.472313441],[19.062472471,47.472314801],[19.062484541,47.472356048],[19.062577748,47.472342904],[19.062581101,47.472353329],[19.062589148,47.472351969],[19.062587136,47.47234517],[19.062602559,47.472342904],[19.06260457,47.472350156],[19.062630722,47.47234653],[19.06262871,47.472339278],[19.062644133,47.472337011],[19.062646144,47.472344263],[19.062672296,47.472340637],[19.062670284,47.472333385],[19.062685707,47.472331572],[19.062687719,47.472338371],[19.06271387,47.472334745],[19.062711859,47.472327946],[19.062727281,47.472325679],[19.062729293,47.472332932],[19.062755444,47.472329306],[19.062753433,47.472322053],[19.062768856,47.472319787],[19.062770867,47.472327039],[19.062797019,47.472323413],[19.062795007,47.472316614],[19.06281043,47.472314348],[19.062812441,47.472321147],[19.062838593,47.472317521],[19.062836581,47.472310722],[19.062852004,47.472308455],[19.062854016,47.472315708],[19.062880167,47.472312081],[19.062878156,47.472304829],[19.062893578,47.472303016],[19.06289559,47.472309815],[19.062903637,47.472308909],[19.062900284,47.472298483],[19.062994161,47.472285792],[19.062981421,47.472244998],[19.062971362,47.472246358],[19.06296868,47.472237745],[19.062978738,47.472235932],[19.062973374,47.472216895],[19.063014948,47.472211003]]]}},{"type":"Feature","id":3509,"properties":{"buildingId":1,"floorId":27,"roomNumber":"1-205","roomName":"1-205 Mosdó-zuhany","scope":"budapest/lagymanyos/deli/1/LD-1-205-05-71","roomCode":"LD-1-205-05-71","roomType":"social","__tile":"17/72476/45848","__layer":"rooms","__zoom":17,"__mvtId":3509,"__building":"deli","__ringVerts":7,"id":3509,"catalogFloorId":27},"geometry":{"type":"Polygon","coordinates":[[[19.062511573,47.472406135],[19.062515596,47.472418826],[19.062500844,47.472422906],[19.062498833,47.4724152],[19.062486763,47.472417013],[19.062484751,47.472409761],[19.062511573,47.472406135]]]}},{"type":"Feature","id":2265,"properties":{"buildingId":1,"floorId":27,"roomNumber":"1-417","roomName":"1-417 Földrajz pc labor II.","scope":"budapest/lagymanyos/deli/1/LD-1-417-01-12","roomCode":"LD-1-417-01-12","roomType":"educational","__tile":"17/72476/45848","__layer":"rooms","__zoom":17,"__mvtId":2265,"__building":"deli","__ringVerts":6,"id":2265,"catalogFloorId":27},"geometry":{"type":"Polygon","coordinates":[[[19.062957126,47.472448398],[19.062969196,47.472502791],[19.062904823,47.472511856],[19.062896776,47.472507777],[19.062882024,47.472458824],[19.062957126,47.472448398]]]}},{"type":"Feature","id":2433,"properties":{"buildingId":1,"floorId":27,"roomNumber":"1-104","roomName":"1-104 Földrajz Tanácsterem","scope":"budapest/lagymanyos/deli/1/LD-1-104-01-12","roomCode":"LD-1-104-01-12","roomType":"educational","__tile":"17/72476/45848","__layer":"rooms","__zoom":17,"__mvtId":2433,"__building":"deli","__ringVerts":5,"id":2433,"catalogFloorId":27},"geometry":{"type":"Polygon","coordinates":[[[19.062849734,47.472382538],[19.062865157,47.472433304],[19.062783349,47.472444636],[19.062767926,47.47239387],[19.062849734,47.472382538]]]}},{"type":"Feature","id":2622,"properties":{"buildingId":1,"floorId":27,"roomNumber":"1-108","roomName":"1-108 Koch Antal terem (zárt)","scope":"budapest/lagymanyos/deli/1/LD-1-108-01-12","roomCode":"LD-1-108-01-12","roomType":"educational","__tile":"17/72476/45848","__layer":"rooms","__zoom":17,"__mvtId":2622,"__building":"deli","__ringVerts":5,"id":2622,"catalogFloorId":27},"geometry":{"type":"Polygon","coordinates":[[[19.062747233,47.472272395],[19.062762655,47.472323161],[19.062639274,47.472340385],[19.062623851,47.472289166],[19.062747233,47.472272395]]]}},{"type":"Feature","id":2625,"properties":{"buildingId":1,"floorId":27,"roomNumber":"1-207","roomName":"1-207 Geomorfológiai labor","scope":"budapest/lagymanyos/deli/1/LD-1-207-01-14","roomCode":"LD-1-207-01-14","roomType":"educational","__tile":"17/72476/45848","__layer":"rooms","__zoom":17,"__mvtId":2625,"__building":"deli","__ringVerts":5,"id":2625,"catalogFloorId":27},"geometry":{"type":"Polygon","coordinates":[[[19.062525594,47.472427028],[19.062550404,47.47251043],[19.062475302,47.472520855],[19.062450492,47.472437454],[19.062525594,47.472427028]]]}},{"type":"Feature","id":3233,"properties":{"buildingId":1,"floorId":27,"roomNumber":"1-107","roomName":"1-107 Lépcsőház","scope":"budapest/lagymanyos/deli/1/LD-1-107-04-64","roomCode":"LD-1-107-04-64","roomType":"corridor","__tile":"17/72476/45848","__layer":"rooms","__zoom":17,"__mvtId":3233,"__building":"deli","__ringVerts":5,"id":3233,"catalogFloorId":27},"geometry":{"type":"Polygon","coordinates":[[[19.062568898,47.47234457],[19.062575604,47.47236814],[19.062495808,47.472380832],[19.062488432,47.472355902],[19.062568898,47.47234457]]]}},{"type":"Feature","id":3330,"properties":{"buildingId":1,"floorId":27,"roomNumber":"1-414","roomName":"1-414 Női WC csoport","scope":"budapest/lagymanyos/deli/1/LD-1-414-05-71","roomCode":"LD-1-414-05-71","roomType":"social","__tile":"17/72476/45848","__layer":"rooms","__zoom":17,"__mvtId":3330,"__building":"deli","__ringVerts":8,"id":3330,"catalogFloorId":27},"geometry":{"type":"Polygon","coordinates":[[[19.062949468,47.472428447],[19.062955503,47.472450204],[19.062911917,47.472456097],[19.062907223,47.472440232],[19.062897835,47.4724357],[19.062903199,47.472429807],[19.062911917,47.472433433],[19.062949468,47.472428447]]]}},{"type":"Feature","id":2995,"properties":{"buildingId":1,"floorId":27,"roomNumber":"1-204","roomName":"1-204 WC","scope":"budapest/lagymanyos/deli/1/LD-1-204-05-71","roomCode":"LD-1-204-05-71","roomType":"social","__tile":"17/72476/45848","__layer":"rooms","__zoom":17,"__mvtId":2995,"__building":"deli","__ringVerts":5,"id":2995,"catalogFloorId":27},"geometry":{"type":"Polygon","coordinates":[[[19.062496541,47.472393306],[19.062502576,47.472411437],[19.062491848,47.472412796],[19.062486483,47.472394666],[19.062496541,47.472393306]]]}},{"type":"Feature","id":3828,"properties":{"buildingId":1,"floorId":27,"roomNumber":"1-105","roomName":"1-105 Sárfalvi Béla terem","scope":"budapest/lagymanyos/deli/1/LD-1-105-01-12","roomCode":"LD-1-105-01-12","roomType":"educational","__tile":"17/72476/45848","__layer":"rooms","__zoom":17,"__mvtId":3828,"__building":"deli","__ringVerts":5,"id":3828,"catalogFloorId":27},"geometry":{"type":"Polygon","coordinates":[[[19.062762383,47.47236579],[19.062777805,47.47241701],[19.062654424,47.47243378],[19.062639001,47.472383014],[19.062762383,47.47236579]]]}},{"type":"Feature","id":3623,"properties":{"buildingId":1,"floorId":27,"roomNumber":"1-834","roomName":"1-834 IK Könyvtár     Iratmásoló","scope":"budapest/lagymanyos/deli/1/LD-1-834-03-43","roomCode":"LD-1-834-03-43","roomType":"misc","__tile":"17/72476/45848","__layer":"rooms","__zoom":17,"__mvtId":3623,"__building":"deli","__ringVerts":5,"id":3623,"catalogFloorId":27},"geometry":{"type":"Polygon","coordinates":[[[19.062263251,47.472065667],[19.062271297,47.472092409],[19.062235758,47.472096942],[19.062224359,47.472071106],[19.062263251,47.472065667]]]}},{"type":"Feature","id":3524,"properties":{"buildingId":1,"floorId":27,"roomNumber":"1-203","roomName":"1-203 Előtér","scope":"budapest/lagymanyos/deli/1/LD-1-203-04-63","roomCode":"LD-1-203-04-63","roomType":"corridor","__tile":"17/72476/45848","__layer":"rooms","__zoom":17,"__mvtId":3524,"__building":"deli","__ringVerts":5,"id":3524,"catalogFloorId":27},"geometry":{"type":"Polygon","coordinates":[[[19.062514118,47.472393384],[19.062518142,47.472406076],[19.06250339,47.472408342],[19.062500037,47.472397464],[19.062514118,47.472393384]]]}},{"type":"Feature","id":3162,"properties":{"buildingId":1,"floorId":27,"roomNumber":"1-713","roomName":"1-713 Férfi WC előtér","scope":"budapest/lagymanyos/deli/1/LD-1-713-04-63","roomCode":"LD-1-713-04-63","roomType":"corridor","__tile":"17/72476/45848","__layer":"rooms","__zoom":17,"__mvtId":3162,"__building":"deli","__ringVerts":5,"id":3162,"catalogFloorId":27},"geometry":{"type":"Polygon","coordinates":[[[19.062552938,47.472250955],[19.062559643,47.472272712],[19.062528798,47.472277244],[19.062522093,47.472255034],[19.062552938,47.472250955]]]}},{"type":"Feature","id":3337,"properties":{"buildingId":1,"floorId":27,"roomNumber":"1-201","roomName":"1-201 Női WC előtér","scope":"budapest/lagymanyos/deli/1/LD-1-201-05-71","roomCode":"LD-1-201-05-71","roomType":"social","__tile":"17/72476/45848","__layer":"rooms","__zoom":17,"__mvtId":3337,"__building":"deli","__ringVerts":5,"id":3337,"catalogFloorId":27},"geometry":{"type":"Polygon","coordinates":[[[19.062517373,47.472369381],[19.062523408,47.472391591],[19.062493233,47.47239567],[19.062486528,47.472373913],[19.062517373,47.472369381]]]}},{"type":"Feature","id":2658,"properties":{"buildingId":1,"floorId":27,"roomNumber":"1-707","roomName":"1-707 Oktató","scope":"budapest/lagymanyos/deli/1/LD-1-707-01-13","roomCode":"LD-1-707-01-13","roomType":"educational","__tile":"17/72476/45848","__layer":"rooms","__zoom":17,"__mvtId":2658,"__building":"deli","__ringVerts":5,"id":2658,"catalogFloorId":27},"geometry":{"type":"Polygon","coordinates":[[[19.062512395,47.472065929],[19.062520442,47.472093125],[19.06244534,47.47210355],[19.062437293,47.472076354],[19.062512395,47.472065929]]]}},{"type":"Feature","id":3616,"properties":{"buildingId":1,"floorId":27,"roomNumber":"1-706","roomName":"1-706 Doktorandusz","scope":"budapest/lagymanyos/deli/1/LD-1-706-01-13","roomCode":"LD-1-706-01-13","roomType":"educational","__tile":"17/72476/45848","__layer":"rooms","__zoom":17,"__mvtId":3616,"__building":"deli","__ringVerts":5,"id":3616,"catalogFloorId":27},"geometry":{"type":"Polygon","coordinates":[[[19.062521126,47.472037814],[19.062529173,47.47206501],[19.062453401,47.472075435],[19.062445354,47.472048239],[19.062521126,47.472037814]]]}},{"type":"Feature","id":3738,"properties":{"buildingId":1,"floorId":27,"roomNumber":"1-712","roomName":"1-712 Oktató","scope":"budapest/lagymanyos/deli/1/LD-1-712-01-13","roomCode":"LD-1-712-01-13","roomType":"educational","__tile":"17/72476/45848","__layer":"rooms","__zoom":17,"__mvtId":3738,"__building":"deli","__ringVerts":9,"id":3738,"catalogFloorId":27},"geometry":{"type":"Polygon","coordinates":[[[19.062328577,47.472179428],[19.062337965,47.47221025],[19.062255487,47.472221582],[19.062252134,47.472209797],[19.06225951,47.47220889],[19.062258169,47.472205717],[19.062251463,47.472206624],[19.062246769,47.472190759],[19.062328577,47.472179428]]]}},{"type":"Feature","id":2580,"properties":{"buildingId":1,"floorId":27,"roomNumber":"1-708","roomName":"1-708 Térinfo PetroMod labor","scope":"budapest/lagymanyos/deli/1/LD-1-708-01-14","roomCode":"LD-1-708-01-14","roomType":"educational","__tile":"17/72476/45848","__layer":"rooms","__zoom":17,"__mvtId":2580,"__building":"deli","__ringVerts":5,"id":2580,"catalogFloorId":27},"geometry":{"type":"Polygon","coordinates":[[[19.062496483,47.472096859],[19.062513247,47.472152157],[19.062437475,47.472162582],[19.062420711,47.472107284],[19.062496483,47.472096859]]]}},{"type":"Feature","id":2615,"properties":{"buildingId":1,"floorId":27,"roomNumber":"1-605","roomName":"1-605 Poros előkészítő labor","scope":"budapest/lagymanyos/deli/1/LD-1-605-01-14","roomCode":"LD-1-605-01-14","roomType":"educational","__tile":"17/72476/45848","__layer":"rooms","__zoom":17,"__mvtId":2615,"__building":"deli","__ringVerts":6,"id":2615,"catalogFloorId":27},"geometry":{"type":"Polygon","coordinates":[[[19.06271826,47.471990014],[19.062733682,47.472041233],[19.062695461,47.472046218],[19.062681379,47.471999985],[19.062686744,47.471994546],[19.06271826,47.471990014]]]}},{"type":"Feature","id":3185,"properties":{"buildingId":1,"floorId":27,"roomNumber":"1-722","roomName":"1-722 Mérleg szoba","scope":"budapest/lagymanyos/deli/1/LD-1-722-01-14","roomCode":"LD-1-722-01-14","roomType":"educational","__tile":"17/72476/45848","__layer":"rooms","__zoom":17,"__mvtId":3185,"__building":"deli","__ringVerts":5,"id":3185,"catalogFloorId":27},"geometry":{"type":"Polygon","coordinates":[[[19.062616986,47.472168147],[19.062625033,47.472195343],[19.062549931,47.472205768],[19.062541884,47.472178572],[19.062616986,47.472168147]]]}},{"type":"Feature","id":2613,"properties":{"buildingId":1,"floorId":27,"roomNumber":"1-608","roomName":"1-608 Kutató MTA","scope":"budapest/lagymanyos/deli/1/LD-1-608-01-13","roomCode":"LD-1-608-01-13","roomType":"educational","__tile":"17/72476/45848","__layer":"rooms","__zoom":17,"__mvtId":2613,"__building":"deli","__ringVerts":5,"id":2613,"catalogFloorId":27},"geometry":{"type":"Polygon","coordinates":[[[19.06283913,47.472004928],[19.062854553,47.472056147],[19.06281432,47.472061586],[19.062798897,47.472010367],[19.06283913,47.472004928]]]}},{"type":"Feature","id":2823,"properties":{"buildingId":1,"floorId":27,"roomNumber":"1-607","roomName":"1-607 Titkárság","scope":"budapest/lagymanyos/deli/1/LD-1-607-01-13","roomCode":"LD-1-607-01-13","roomType":"educational","__tile":"17/72476/45848","__layer":"rooms","__zoom":17,"__mvtId":2823,"__building":"deli","__ringVerts":5,"id":2823,"catalogFloorId":27},"geometry":{"type":"Polygon","coordinates":[[[19.062797537,47.471999298],[19.06281296,47.472050064],[19.062772727,47.472055957],[19.062757304,47.472004738],[19.062797537,47.471999298]]]}},{"type":"Feature","id":2986,"properties":{"buildingId":1,"floorId":27,"roomNumber":"1-219","roomName":"1-219 Oktató","scope":"budapest/lagymanyos/deli/1/LD-1-219-01-13","roomCode":"LD-1-219-01-13","roomType":"educational","__tile":"17/72476/45848","__layer":"rooms","__zoom":17,"__mvtId":2986,"__building":"deli","__ringVerts":5,"id":2986,"catalogFloorId":27},"geometry":{"type":"Polygon","coordinates":[[[19.062360212,47.472571985],[19.062368259,47.472599182],[19.062293157,47.472609607],[19.06228444,47.472582411],[19.062360212,47.472571985]]]}},{"type":"Feature","id":3091,"properties":{"buildingId":1,"floorId":27,"roomNumber":"1-714","roomName":"1-714 Férfi WC csoport","scope":"budapest/lagymanyos/deli/1/LD-1-714-05-71","roomCode":"LD-1-714-05-71","roomType":"social","__tile":"17/72476/45848","__layer":"rooms","__zoom":17,"__mvtId":3091,"__building":"deli","__ringVerts":8,"id":3091,"catalogFloorId":27},"geometry":{"type":"Polygon","coordinates":[[[19.062589572,47.472251037],[19.062594266,47.472267354],[19.062604324,47.472271887],[19.062598289,47.472277779],[19.062590243,47.472274153],[19.062552692,47.472279139],[19.062545986,47.472257382],[19.062589572,47.472251037]]]}},{"type":"Feature","id":3530,"properties":{"buildingId":1,"floorId":27,"roomNumber":"1-711","roomName":"1-711 Titkárság","scope":"budapest/lagymanyos/deli/1/LD-1-711-02-33","roomCode":"LD-1-711-02-33","roomType":"administrative","__tile":"17/72476/45848","__layer":"rooms","__zoom":17,"__mvtId":3530,"__building":"deli","__ringVerts":8,"id":3530,"catalogFloorId":27},"geometry":{"type":"Polygon","coordinates":[[[19.062463761,47.472189705],[19.062473148,47.472220981],[19.062398046,47.472231406],[19.062396705,47.472226873],[19.062395364,47.472231406],[19.062314227,47.472242284],[19.062306851,47.472211462],[19.062463761,47.472189705]]]}},{"type":"Feature","id":3495,"properties":{"buildingId":1,"floorId":27,"roomNumber":"1-412","roomName":"1-412 Oktató","scope":"budapest/lagymanyos/deli/1/LD-1-412-01-13","roomCode":"LD-1-412-01-13","roomType":"educational","__tile":"17/72476/45848","__layer":"rooms","__zoom":17,"__mvtId":3495,"__building":"deli","__ringVerts":5,"id":3495,"catalogFloorId":27},"geometry":{"type":"Polygon","coordinates":[[[19.063107184,47.472411284],[19.063115231,47.47243848],[19.063039459,47.472448905],[19.063031412,47.472421256],[19.063107184,47.472411284]]]}},{"type":"Feature","id":2359,"properties":{"buildingId":1,"floorId":27,"roomNumber":"1-522","roomName":"1-522 Doktorandusz","scope":"budapest/lagymanyos/deli/1/LD-1-522-01-13","roomCode":"LD-1-522-01-13","roomType":"educational","__tile":"17/72476/45848","__layer":"rooms","__zoom":17,"__mvtId":2359,"__building":"deli","__ringVerts":5,"id":2359,"catalogFloorId":27},"geometry":{"type":"Polygon","coordinates":[[[19.063036174,47.472196517],[19.063044221,47.472223713],[19.062969119,47.472234138],[19.062961072,47.472206942],[19.063036174,47.472196517]]]}},{"type":"Feature","id":2691,"properties":{"buildingId":1,"floorId":27,"roomNumber":"1-210/A","roomName":"1-210/A Oktató","scope":"budapest/lagymanyos/deli/1/LD-1-210-A-01-13","roomCode":"LD-1-210/A-01-13","roomType":"educational","__tile":"17/72476/45848","__layer":"rooms","__zoom":17,"__mvtId":2691,"__building":"deli","__ringVerts":6,"id":2691,"catalogFloorId":27},"geometry":{"type":"Polygon","coordinates":[[[19.062480802,47.472591793],[19.062488849,47.472595873],[19.062495554,47.472616723],[19.062420452,47.472627148],[19.062412406,47.472601312],[19.062480802,47.472591793]]]}},{"type":"Feature","id":2223,"properties":{"buildingId":1,"floorId":27,"roomNumber":"1-507","roomName":"1-507 Oktató","scope":"budapest/lagymanyos/deli/1/LD-1-507-01-13","roomCode":"LD-1-507-01-13","roomType":"educational","__tile":"17/72476/45848","__layer":"rooms","__zoom":17,"__mvtId":2223,"__building":"deli","__ringVerts":5,"id":2223,"catalogFloorId":27},"geometry":{"type":"Polygon","coordinates":[[[19.063174881,47.472186277],[19.063182928,47.472213473],[19.063107156,47.472223898],[19.063099109,47.472196702],[19.063174881,47.472186277]]]}},{"type":"Feature","id":2832,"properties":{"buildingId":1,"floorId":27,"roomNumber":"1-516","roomName":"1-516 WC","scope":"budapest/lagymanyos/deli/1/LD-1-516-05-71","roomCode":"LD-1-516-05-71","roomType":"social","__tile":"17/72476/45848","__layer":"rooms","__zoom":17,"__mvtId":2832,"__building":"deli","__ringVerts":5,"id":2832,"catalogFloorId":27},"geometry":{"type":"Polygon","coordinates":[[[19.063086004,47.472062192],[19.063091368,47.47207851],[19.063080639,47.472079869],[19.063075945,47.472063552],[19.063086004,47.472062192]]]}},{"type":"Feature","id":3550,"properties":{"buildingId":1,"floorId":27,"roomNumber":"1-409","roomName":"1-409 Oktató","scope":"budapest/lagymanyos/deli/1/LD-1-409-01-13","roomCode":"LD-1-409-01-13","roomType":"educational","__tile":"17/72476/45848","__layer":"rooms","__zoom":17,"__mvtId":3550,"__building":"deli","__ringVerts":5,"id":3550,"catalogFloorId":27},"geometry":{"type":"Polygon","coordinates":[[[19.063081664,47.472495717],[19.063089711,47.472522913],[19.063014609,47.472532885],[19.063005892,47.472505689],[19.063081664,47.472495717]]]}},{"type":"Feature","id":3638,"properties":{"buildingId":1,"floorId":27,"roomNumber":"1-508","roomName":"1-508 Oktató","scope":"budapest/lagymanyos/deli/1/LD-1-508-01-13","roomCode":"LD-1-508-01-13","roomType":"educational","__tile":"17/72476/45848","__layer":"rooms","__zoom":17,"__mvtId":3638,"__building":"deli","__ringVerts":5,"id":3638,"catalogFloorId":27},"geometry":{"type":"Polygon","coordinates":[[[19.063183075,47.472158163],[19.063191122,47.472185359],[19.06311602,47.472195784],[19.063107973,47.472168588],[19.063183075,47.472158163]]]}},{"type":"Feature","id":3462,"properties":{"buildingId":1,"floorId":27,"roomNumber":"1-704","roomName":"1-704 Oktató","scope":"budapest/lagymanyos/deli/1/LD-1-704-01-13","roomCode":"LD-1-704-01-13","roomType":"educational","__tile":"17/72476/45848","__layer":"rooms","__zoom":17,"__mvtId":3462,"__building":"deli","__ringVerts":5,"id":3462,"catalogFloorId":27},"geometry":{"type":"Polygon","coordinates":[[[19.062537916,47.471981585],[19.062545963,47.47200878],[19.062470861,47.472019206],[19.062462144,47.47199201],[19.062537916,47.471981585]]]}},{"type":"Feature","id":3784,"properties":{"buildingId":1,"floorId":27,"roomNumber":"1-822","roomName":"1-822 Galéria","scope":"budapest/lagymanyos/deli/1/LD-1-822-04-63","roomCode":"LD-1-822-04-63","roomType":"corridor","__tile":"17/72476/45848","__layer":"rooms","__zoom":17,"__mvtId":3784,"__building":"deli","__ringVerts":10,"id":3784,"catalogFloorId":27},"geometry":{"type":"Polygon","coordinates":[[[19.062187774,47.471763059],[19.062213925,47.471790255],[19.062227336,47.471783456],[19.062236053,47.471791162],[19.062392963,47.471769405],[19.062396315,47.47177983],[19.062206549,47.471805666],[19.062202526,47.471791615],[19.062178386,47.471766232],[19.062187774,47.471763059]]]}},{"type":"Feature","id":2281,"properties":{"buildingId":1,"floorId":27,"roomNumber":"1-703","roomName":"1-703 Oktató","scope":"budapest/lagymanyos/deli/1/LD-1-703-01-13","roomCode":"LD-1-703-01-13","roomType":"educational","__tile":"17/72476/45848","__layer":"rooms","__zoom":17,"__mvtId":2281,"__building":"deli","__ringVerts":5,"id":2281,"catalogFloorId":27},"geometry":{"type":"Polygon","coordinates":[[[19.062546512,47.47195338],[19.062554559,47.471981029],[19.062478787,47.471991001],[19.06247074,47.471963805],[19.062546512,47.47195338]]]}},{"type":"Feature","id":2576,"properties":{"buildingId":1,"floorId":27,"roomNumber":"1-705","roomName":"1-705 Oktató","scope":"budapest/lagymanyos/deli/1/LD-1-705-01-13","roomCode":"LD-1-705-01-13","roomType":"educational","__tile":"17/72476/45848","__layer":"rooms","__zoom":17,"__mvtId":2576,"__building":"deli","__ringVerts":5,"id":2576,"catalogFloorId":27},"geometry":{"type":"Polygon","coordinates":[[[19.06252932,47.4720097],[19.062537367,47.472036896],[19.062462265,47.472047321],[19.062454218,47.472020125],[19.06252932,47.4720097]]]}},{"type":"Feature","id":3876,"properties":{"buildingId":1,"floorId":27,"roomNumber":"1-227","roomName":"1-227 Szakszervezet titkárság","scope":"budapest/lagymanyos/deli/1/LD-1-227-02-33","roomCode":"LD-1-227-02-33","roomType":"administrative","__tile":"17/72476/45848","__layer":"rooms","__zoom":17,"__mvtId":3876,"__building":"deli","__ringVerts":5,"id":3876,"catalogFloorId":27},"geometry":{"type":"Polygon","coordinates":[[[19.062304649,47.472343102],[19.062318731,47.472390242],[19.062280509,47.472399307],[19.062265087,47.472348541],[19.062304649,47.472343102]]]}},{"type":"Feature","id":3878,"properties":{"buildingId":1,"floorId":27,"roomNumber":"1-226","roomName":"1-226 Felsőoktatási Dolgozók Szakszervezete ","scope":"budapest/lagymanyos/deli/1/LD-1-226-02-33","roomCode":"LD-1-226-02-33","roomType":"administrative","__tile":"17/72476/45848","__layer":"rooms","__zoom":17,"__mvtId":3878,"__building":"deli","__ringVerts":5,"id":3878,"catalogFloorId":27},"geometry":{"type":"Polygon","coordinates":[[[19.06234487,47.472354229],[19.062355599,47.47239321],[19.062319389,47.472406355],[19.062305307,47.472359668],[19.06234487,47.472354229]]]}},{"type":"Feature","id":3782,"properties":{"buildingId":1,"floorId":27,"roomNumber":"1-808","roomName":"1-808 Ellenőrzés","scope":"budapest/lagymanyos/deli/1/LD-1-808-03-43","roomCode":"LD-1-808-03-43","roomType":"misc","__tile":"17/72476/45848","__layer":"rooms","__zoom":17,"__mvtId":3782,"__building":"deli","__ringVerts":13,"id":3782,"catalogFloorId":27},"geometry":{"type":"Polygon","coordinates":[[[19.061952602,47.472267469],[19.061970707,47.4723273],[19.061986129,47.472325034],[19.061988812,47.472339538],[19.062114876,47.472322314],[19.062119569,47.472337725],[19.062009599,47.472350417],[19.062013622,47.472364015],[19.061943214,47.472373987],[19.061940532,47.472368547],[19.061936509,47.47237172],[19.061907675,47.472273815],[19.061952602,47.472267469]],[[19.061933156,47.472343165],[19.061930474,47.472345884],[19.061934497,47.472347244],[19.061937179,47.472344978],[19.061933156,47.472343165]],[[19.061916392,47.472286959],[19.06191371,47.472289226],[19.061917733,47.472291039],[19.061920415,47.472288772],[19.061916392,47.472286959]]]}},{"type":"Feature","id":2678,"properties":{"buildingId":1,"floorId":27,"roomNumber":"1-817","roomName":"D 1-817","scope":"budapest/lagymanyos/deli/1/LD-1-817-01-12","roomCode":"LD-1-817-01-12","roomType":"educational","__tile":"17/72476/45848","__layer":"rooms","__zoom":17,"__mvtId":2678,"__building":"deli","__ringVerts":9,"id":2678,"catalogFloorId":27},"geometry":{"type":"Polygon","coordinates":[[[19.061903429,47.471961126],[19.061914828,47.471987415],[19.061926227,47.471985602],[19.061932933,47.472001013],[19.061921533,47.472003279],[19.061933603,47.472030022],[19.061831679,47.472050419],[19.061801505,47.471981523],[19.061903429,47.471961126]]]}},{"type":"Feature","id":3009,"properties":{"buildingId":1,"floorId":27,"roomNumber":"1-813","roomName":"1-813 Női WC előtér","scope":"budapest/lagymanyos/deli/1/LD-1-813-04-63","roomCode":"LD-1-813-04-63","roomType":"corridor","__tile":"17/72476/45848","__layer":"rooms","__zoom":17,"__mvtId":3009,"__building":"deli","__ringVerts":5,"id":3009,"catalogFloorId":27},"geometry":{"type":"Polygon","coordinates":[[[19.061795255,47.472310964],[19.061819394,47.472312324],[19.061817383,47.472326829],[19.061793913,47.472325469],[19.061795255,47.472310964]]]}},{"type":"Feature","id":3378,"properties":{"buildingId":1,"floorId":27,"roomNumber":"1-212","roomName":"1-212 WC","scope":"budapest/lagymanyos/deli/1/LD-1-212-05-71","roomCode":"LD-1-212-05-71","roomType":"social","__tile":"17/72476/45848","__layer":"rooms","__zoom":17,"__mvtId":3378,"__building":"deli","__ringVerts":5,"id":3378,"catalogFloorId":27},"geometry":{"type":"Polygon","coordinates":[[[19.06241273,47.472626063],[19.062418094,47.472642381],[19.062407365,47.472643741],[19.062402671,47.472627423],[19.06241273,47.472626063]]]}},{"type":"Feature","id":3379,"properties":{"buildingId":1,"floorId":27,"roomNumber":"1-211","roomName":"1-211 Előtér","scope":"budapest/lagymanyos/deli/1/LD-1-211-04-63","roomCode":"LD-1-211-04-63","roomType":"corridor","__tile":"17/72476/45848","__layer":"rooms","__zoom":17,"__mvtId":3379,"__building":"deli","__ringVerts":5,"id":3379,"catalogFloorId":27},"geometry":{"type":"Polygon","coordinates":[[[19.062451629,47.472614037],[19.062454982,47.472625369],[19.062406702,47.472631715],[19.062403349,47.472620836],[19.062451629,47.472614037]]]}},{"type":"Feature","id":3443,"properties":{"buildingId":1,"floorId":27,"roomNumber":"1-833","roomName":"1-833 IK Könyvtár      Iroda","scope":"budapest/lagymanyos/deli/1/LD-1-833-02-33","roomCode":"LD-1-833-02-33","roomType":"administrative","__tile":"17/72476/45848","__layer":"rooms","__zoom":17,"__mvtId":3443,"__building":"deli","__ringVerts":5,"id":3443,"catalogFloorId":27},"geometry":{"type":"Polygon","coordinates":[[[19.062272966,47.472000328],[19.062293753,47.472069224],[19.062258214,47.47207421],[19.062237427,47.472005314],[19.062272966,47.472000328]]]}},{"type":"Feature","id":3814,"properties":{"buildingId":1,"floorId":27,"roomNumber":"1-824","roomName":"1-824 Tolmács","scope":"budapest/lagymanyos/deli/1/LD-1-824-01-16","roomCode":"LD-1-824-01-16","roomType":"educational","__tile":"17/72476/45848","__layer":"rooms","__zoom":17,"__mvtId":3814,"__building":"deli","__ringVerts":5,"id":3814,"catalogFloorId":27},"geometry":{"type":"Polygon","coordinates":[[[19.062166545,47.471788574],[19.062181967,47.471805798],[19.062167886,47.471812597],[19.062151122,47.471794013],[19.062166545,47.471788574]]]}},{"type":"Feature","id":3822,"properties":{"buildingId":1,"floorId":27,"roomNumber":"1-828","roomName":"1-828 Tolmács","scope":"budapest/lagymanyos/deli/1/LD-1-828-01-16","roomCode":"LD-1-828-01-16","roomType":"educational","__tile":"17/72476/45848","__layer":"rooms","__zoom":17,"__mvtId":3822,"__building":"deli","__ringVerts":5,"id":3822,"catalogFloorId":27},"geometry":{"type":"Polygon","coordinates":[[[19.062124914,47.471910974],[19.062141678,47.47191324],[19.062137654,47.47193273],[19.06212022,47.471932277],[19.062124914,47.471910974]]]}},{"type":"Feature","id":3824,"properties":{"buildingId":1,"floorId":27,"roomNumber":"1-830","roomName":"1-830 Galéria","scope":"budapest/lagymanyos/deli/1/LD-1-830-04-63","roomCode":"LD-1-830-04-63","roomType":"corridor","__tile":"17/72476/45848","__layer":"rooms","__zoom":17,"__mvtId":3824,"__building":"deli","__ringVerts":10,"id":3824,"catalogFloorId":27},"geometry":{"type":"Polygon","coordinates":[[[19.062313291,47.471923303],[19.062316643,47.471933728],[19.062159064,47.471955032],[19.062155711,47.471965004],[19.062139618,47.471961831],[19.0621309,47.471994013],[19.062120172,47.471993559],[19.062127548,47.471963644],[19.062123524,47.471949593],[19.062313291,47.471923303]]]}},{"type":"Feature","id":3707,"properties":{"buildingId":1,"floorId":27,"roomNumber":"1-221","roomName":"1-221 Oktató","scope":"budapest/lagymanyos/deli/1/LD-1-221-01-13","roomCode":"LD-1-221-01-13","roomType":"educational","__tile":"17/72476/45848","__layer":"rooms","__zoom":17,"__mvtId":3707,"__building":"deli","__ringVerts":5,"id":3707,"catalogFloorId":27},"geometry":{"type":"Polygon","coordinates":[[[19.062377002,47.472515757],[19.062385049,47.472542954],[19.062309947,47.472553379],[19.0623019,47.472526183],[19.062377002,47.472515757]]]}},{"type":"Feature","id":2496,"properties":{"buildingId":1,"floorId":27,"roomNumber":"1-220","roomName":"1-220 Oktató","scope":"budapest/lagymanyos/deli/1/LD-1-220-01-13","roomCode":"LD-1-220-01-13","roomType":"educational","__tile":"17/72476/45848","__layer":"rooms","__zoom":17,"__mvtId":2496,"__building":"deli","__ringVerts":5,"id":2496,"catalogFloorId":27},"geometry":{"type":"Polygon","coordinates":[[[19.062368406,47.472543871],[19.062377123,47.472571068],[19.062301351,47.472581493],[19.062293304,47.472554297],[19.062368406,47.472543871]]]}},{"type":"Feature","id":2713,"properties":{"buildingId":1,"floorId":27,"roomNumber":"1-218","roomName":"1-218 Oktató","scope":"budapest/lagymanyos/deli/1/LD-1-218-01-13","roomCode":"LD-1-218-01-13","roomType":"educational","__tile":"17/72476/45848","__layer":"rooms","__zoom":17,"__mvtId":2713,"__building":"deli","__ringVerts":5,"id":2713,"catalogFloorId":27},"geometry":{"type":"Polygon","coordinates":[[[19.062351616,47.4726001],[19.062359663,47.472627297],[19.062284561,47.472637722],[19.062276514,47.472610526],[19.062351616,47.4726001]]]}},{"type":"Feature","id":3565,"properties":{"buildingId":1,"floorId":27,"roomNumber":"1-811","roomName":"1-811 Férfi WC előtér","scope":"budapest/lagymanyos/deli/1/LD-1-811-04-63","roomCode":"LD-1-811-04-63","roomType":"corridor","__tile":"17/72476/45848","__layer":"rooms","__zoom":17,"__mvtId":3565,"__building":"deli","__ringVerts":7,"id":3565,"catalogFloorId":27},"geometry":{"type":"Polygon","coordinates":[[[19.061807253,47.472396124],[19.061830722,47.472397484],[19.06182871,47.472416974],[19.06179183,47.472414708],[19.061793171,47.472400203],[19.061806582,47.472400657],[19.061807253,47.472396124]]]}},{"type":"Feature","id":3799,"properties":{"buildingId":1,"floorId":27,"roomNumber":"1-217","roomName":"1-217 Titkárság","scope":"budapest/lagymanyos/deli/1/LD-1-217-02-33","roomCode":"LD-1-217-02-33","roomType":"administrative","__tile":"17/72476/45848","__layer":"rooms","__zoom":17,"__mvtId":3799,"__building":"deli","__ringVerts":5,"id":3799,"catalogFloorId":27},"geometry":{"type":"Polygon","coordinates":[[[19.062343405,47.472628216],[19.062351452,47.472655413],[19.06227568,47.472665838],[19.062267633,47.472638642],[19.062343405,47.472628216]]]}},{"type":"Feature","id":3499,"properties":{"buildingId":1,"floorId":27,"roomNumber":"1-528","roomName":"1-528 Férfi WC előtér","scope":"budapest/lagymanyos/deli/1/LD-1-528-04-63","roomCode":"LD-1-528-04-63","roomType":"corridor","__tile":"17/72476/45848","__layer":"rooms","__zoom":17,"__mvtId":3499,"__building":"deli","__ringVerts":5,"id":3499,"catalogFloorId":27},"geometry":{"type":"Polygon","coordinates":[[[19.063008239,47.472313697],[19.063014944,47.472335453],[19.062984769,47.472339533],[19.062978064,47.472317776],[19.063008239,47.472313697]]]}},{"type":"Feature","id":2385,"properties":{"buildingId":1,"floorId":27,"roomNumber":"1-527","roomName":"1-527 WC","scope":"budapest/lagymanyos/deli/1/LD-1-527-05-71","roomCode":"LD-1-527-05-71","roomType":"social","__tile":"17/72476/45848","__layer":"rooms","__zoom":17,"__mvtId":2385,"__building":"deli","__ringVerts":5,"id":2385,"catalogFloorId":27},"geometry":{"type":"Polygon","coordinates":[[[19.0630135,47.472294981],[19.063018864,47.472313565],[19.063008806,47.472314925],[19.063003441,47.472296341],[19.0630135,47.472294981]]]}},{"type":"Feature","id":2432,"properties":{"buildingId":1,"floorId":27,"roomNumber":"1-110","roomName":"1-110 Mendöl Tibor terem","scope":"budapest/lagymanyos/deli/1/LD-1-110-01-12","roomCode":"LD-1-110-01-12","roomType":"educational","__tile":"17/72476/45848","__layer":"rooms","__zoom":17,"__mvtId":2432,"__building":"deli","__ringVerts":5,"id":2432,"catalogFloorId":27},"geometry":{"type":"Polygon","coordinates":[[[19.062872014,47.472289556],[19.062887436,47.472340322],[19.062764055,47.472357546],[19.062748632,47.472306327],[19.062872014,47.472289556]]]}},{"type":"Feature","id":2800,"properties":{"buildingId":1,"floorId":27,"roomNumber":"1-529","roomName":"1-529 Férfi WC csoport","scope":"budapest/lagymanyos/deli/1/LD-1-529-05-71","roomCode":"LD-1-529-05-71","roomType":"social","__tile":"17/72476/45848","__layer":"rooms","__zoom":17,"__mvtId":2800,"__building":"deli","__ringVerts":8,"id":2800,"catalogFloorId":27},"geometry":{"type":"Polygon","coordinates":[[[19.062982936,47.472300515],[19.062989642,47.472322725],[19.062952091,47.472327711],[19.062946726,47.47233315],[19.062937339,47.472329524],[19.062944044,47.472322725],[19.06293935,47.472306861],[19.062982936,47.472300515]]]}},{"type":"Feature","id":3068,"properties":{"buildingId":1,"floorId":27,"roomNumber":"1-612","roomName":"1-612 Karbonát-szedimentológiai labor","scope":"budapest/lagymanyos/deli/1/LD-1-612-01-14","roomCode":"LD-1-612-01-14","roomType":"educational","__tile":"17/72476/45848","__layer":"rooms","__zoom":17,"__mvtId":3068,"__building":"deli","__ringVerts":6,"id":3068,"catalogFloorId":27},"geometry":{"type":"Polygon","coordinates":[[[19.062997421,47.472031369],[19.063005467,47.472034995],[19.063019549,47.472081228],[19.062981327,47.472086214],[19.062965905,47.472035448],[19.062997421,47.472031369]]]}},{"type":"Feature","id":3121,"properties":{"buildingId":1,"floorId":27,"roomNumber":"1-720","roomName":"1-720 Nedves előkészítő labor","scope":"budapest/lagymanyos/deli/1/LD-1-720-01-14","roomCode":"LD-1-720-01-14","roomType":"educational","__tile":"17/72476/45848","__layer":"rooms","__zoom":17,"__mvtId":3121,"__building":"deli","__ringVerts":5,"id":3121,"catalogFloorId":27},"geometry":{"type":"Polygon","coordinates":[[[19.062642506,47.472083804],[19.062650553,47.472111],[19.062575451,47.472121425],[19.062566734,47.472094229],[19.062642506,47.472083804]]]}},{"type":"Feature","id":3249,"properties":{"buildingId":1,"floorId":27,"roomNumber":"1-610","roomName":"1-610 Kutató MTA","scope":"budapest/lagymanyos/deli/1/LD-1-610-01-13","roomCode":"LD-1-610-01-13","roomType":"educational","__tile":"17/72476/45848","__layer":"rooms","__zoom":17,"__mvtId":3249,"__building":"deli","__ringVerts":5,"id":3249,"catalogFloorId":27},"geometry":{"type":"Polygon","coordinates":[[[19.062922315,47.472016457],[19.062937738,47.472067223],[19.062897505,47.472073116],[19.062882082,47.472021897],[19.062922315,47.472016457]]]}},{"type":"Feature","id":3823,"properties":{"buildingId":1,"floorId":27,"roomNumber":"1-106","roomName":"1-106 Cholnoky Jeno terem","scope":"budapest/lagymanyos/deli/1/LD-1-106-01-12","roomCode":"LD-1-106-01-12","roomType":"educational","__tile":"17/72476/45848","__layer":"rooms","__zoom":17,"__mvtId":3823,"__building":"deli","__ringVerts":6,"id":3823,"catalogFloorId":27},"geometry":{"type":"Polygon","coordinates":[[[19.062650259,47.472356072],[19.062665681,47.472407292],[19.062589238,47.472417717],[19.062570463,47.472372843],[19.062577168,47.472366044],[19.062650259,47.472356072]]]}},{"type":"Feature","id":3539,"properties":{"buildingId":1,"floorId":27,"roomNumber":"1-727","roomName":"1-727 WC","scope":"budapest/lagymanyos/deli/1/LD-1-727-05-71","roomCode":"LD-1-727-05-71","roomType":"social","__tile":"17/72476/45848","__layer":"rooms","__zoom":17,"__mvtId":3539,"__building":"deli","__ringVerts":5,"id":3539,"catalogFloorId":27},"geometry":{"type":"Polygon","coordinates":[[[19.062614457,47.471997306],[19.062619151,47.472013624],[19.062609092,47.472014983],[19.062603728,47.471998666],[19.062614457,47.471997306]]]}},{"type":"Feature","id":3775,"properties":{"buildingId":1,"floorId":27,"roomNumber":"1-103","roomName":"1-103 Iroda","scope":"budapest/lagymanyos/deli/1/LD-1-103-02-33","roomCode":"LD-1-103-02-33","roomType":"administrative","__tile":"17/72476/45848","__layer":"rooms","__zoom":17,"__mvtId":3775,"__building":"deli","__ringVerts":6,"id":3775,"catalogFloorId":27},"geometry":{"type":"Polygon","coordinates":[[[19.062886635,47.472397076],[19.062896693,47.472401608],[19.06290474,47.472447842],[19.062870542,47.472452374],[19.062855119,47.472401608],[19.062886635,47.472397076]]]}},{"type":"Feature","id":2313,"properties":{"buildingId":1,"floorId":27,"roomNumber":"1-225","roomName":"1-225 Bulla Béla terem (szakm)","scope":"budapest/lagymanyos/deli/1/LD-1-225-01-12","roomCode":"LD-1-225-01-12","roomType":"educational","__tile":"17/72476/45848","__layer":"rooms","__zoom":17,"__mvtId":2313,"__building":"deli","__ringVerts":5,"id":2313,"catalogFloorId":27},"geometry":{"type":"Polygon","coordinates":[[[19.062410663,47.472372891],[19.062428097,47.472431363],[19.062359031,47.472448134],[19.062334891,47.472383316],[19.062410663,47.472372891]]]}},{"type":"Feature","id":2531,"properties":{"buildingId":1,"floorId":27,"roomNumber":"1-202","roomName":"1-202 Női WC csoport","scope":"budapest/lagymanyos/deli/1/LD-1-202-05-71","roomCode":"LD-1-202-05-71","roomType":"social","__tile":"17/72476/45848","__layer":"rooms","__zoom":17,"__mvtId":2531,"__building":"deli","__ringVerts":8,"id":2531,"catalogFloorId":27},"geometry":{"type":"Polygon","coordinates":[[[19.0625556,47.472374719],[19.062564317,47.472378799],[19.062557611,47.472385598],[19.062562305,47.472401462],[19.062518719,47.472407355],[19.062512684,47.472385598],[19.062549565,47.472380159],[19.0625556,47.472374719]]]}},{"type":"Feature","id":2422,"properties":{"buildingId":1,"floorId":27,"roomNumber":"1-224","roomName":"1-224 Oktató","scope":"budapest/lagymanyos/deli/1/LD-1-224-01-13","roomCode":"LD-1-224-01-13","roomType":"educational","__tile":"17/72476/45848","__layer":"rooms","__zoom":17,"__mvtId":2422,"__building":"deli","__ringVerts":5,"id":2422,"catalogFloorId":27},"geometry":{"type":"Polygon","coordinates":[[[19.062402389,47.472431414],[19.062410436,47.472458611],[19.062335334,47.472469036],[19.062327287,47.47244184],[19.062402389,47.472431414]]]}},{"type":"Feature","id":3529,"properties":{"buildingId":1,"floorId":27,"roomNumber":"1-418","roomName":"1-418 Oktató","scope":"budapest/lagymanyos/deli/1/LD-1-418-01-13","roomCode":"LD-1-418-01-13","roomType":"educational","__tile":"17/72476/45848","__layer":"rooms","__zoom":17,"__mvtId":3529,"__building":"deli","__ringVerts":5,"id":3529,"catalogFloorId":27},"geometry":{"type":"Polygon","coordinates":[[[19.062942958,47.472505773],[19.062951675,47.47253297],[19.062875903,47.472543395],[19.062867856,47.472516199],[19.062942958,47.472505773]]]}},{"type":"Feature","id":2449,"properties":{"buildingId":1,"floorId":27,"roomNumber":"1-710","roomName":"1-710 Oktató","scope":"budapest/lagymanyos/deli/1/LD-1-710-01-13","roomCode":"LD-1-710-01-13","roomType":"educational","__tile":"17/72476/45848","__layer":"rooms","__zoom":17,"__mvtId":2449,"__building":"deli","__ringVerts":5,"id":2449,"catalogFloorId":27},"geometry":{"type":"Polygon","coordinates":[[[19.062487009,47.472150272],[19.062495056,47.472177468],[19.062419954,47.472187893],[19.062411907,47.472160697],[19.062487009,47.472150272]]]}},{"type":"Feature","id":3672,"properties":{"buildingId":1,"floorId":27,"roomNumber":"1-709","roomName":"1-709 Oktató","scope":"budapest/lagymanyos/deli/1/LD-1-709-01-13","roomCode":"LD-1-709-01-13","roomType":"educational","__tile":"17/72476/45848","__layer":"rooms","__zoom":17,"__mvtId":3672,"__building":"deli","__ringVerts":5,"id":3672,"catalogFloorId":27},"geometry":{"type":"Polygon","coordinates":[[[19.062478815,47.472178386],[19.062486862,47.472205582],[19.06241109,47.472216007],[19.062403043,47.472188811],[19.062478815,47.472178386]]]}},{"type":"Feature","id":2857,"properties":{"buildingId":1,"floorId":27,"roomNumber":"1-420","roomName":"1-420 Oktató","scope":"budapest/lagymanyos/deli/1/LD-1-420-01-13","roomCode":"LD-1-420-01-13","roomType":"educational","__tile":"17/72476/45848","__layer":"rooms","__zoom":17,"__mvtId":2857,"__building":"deli","__ringVerts":5,"id":2857,"catalogFloorId":27},"geometry":{"type":"Polygon","coordinates":[[[19.062926168,47.472562002],[19.062934215,47.472589199],[19.062859113,47.472599624],[19.062851066,47.472572428],[19.062926168,47.472562002]]]}},{"type":"Feature","id":3218,"properties":{"buildingId":1,"floorId":27,"roomNumber":"1-421","roomName":"1-421 Doktorandusz","scope":"budapest/lagymanyos/deli/1/LD-1-421-01-13","roomCode":"LD-1-421-01-13","roomType":"educational","__tile":"17/72476/45848","__layer":"rooms","__zoom":17,"__mvtId":3218,"__building":"deli","__ringVerts":5,"id":3218,"catalogFloorId":27},"geometry":{"type":"Polygon","coordinates":[[[19.062917565,47.472590116],[19.062926282,47.472617313],[19.06285051,47.472627738],[19.062842463,47.472600542],[19.062917565,47.472590116]]]}},{"type":"Feature","id":3773,"properties":{"buildingId":1,"floorId":27,"roomNumber":"1-209","roomName":"1-209 Model labor","scope":"budapest/lagymanyos/deli/1/LD-1-209-01-14","roomCode":"LD-1-209-01-14","roomType":"educational","__tile":"17/72476/45848","__layer":"rooms","__zoom":17,"__mvtId":3773,"__building":"deli","__ringVerts":5,"id":3773,"catalogFloorId":27},"geometry":{"type":"Polygon","coordinates":[[[19.062506978,47.472533541],[19.062515025,47.47256119],[19.062439923,47.472571162],[19.062431876,47.472543966],[19.062506978,47.472533541]]]}},{"type":"Feature","id":2748,"properties":{"buildingId":1,"floorId":27,"roomNumber":"1-213","roomName":"1-213 WC","scope":"budapest/lagymanyos/deli/1/LD-1-213-05-71","roomCode":"LD-1-213-05-71","roomType":"social","__tile":"17/72476/45848","__layer":"rooms","__zoom":17,"__mvtId":2748,"__building":"deli","__ringVerts":5,"id":2748,"catalogFloorId":27},"geometry":{"type":"Polygon","coordinates":[[[19.062424721,47.472627773],[19.062429415,47.472643637],[19.062419356,47.47264545],[19.062413992,47.472629132],[19.062424721,47.472627773]]]}},{"type":"Feature","id":2567,"properties":{"buildingId":1,"floorId":27,"roomNumber":"1-208","roomName":"1-208 Előkészítő","scope":"budapest/lagymanyos/deli/1/LD-1-208-01-14","roomCode":"LD-1-208-01-14","roomType":"educational","__tile":"17/72476/45848","__layer":"rooms","__zoom":17,"__mvtId":2567,"__building":"deli","__ringVerts":5,"id":2567,"catalogFloorId":27},"geometry":{"type":"Polygon","coordinates":[[[19.06251571,47.472505429],[19.062523757,47.472533078],[19.062447985,47.47254305],[19.062439938,47.472515854],[19.06251571,47.472505429]]]}},{"type":"Feature","id":3812,"properties":{"buildingId":1,"floorId":27,"roomNumber":"1-827","roomName":"1-827 Tolmács","scope":"budapest/lagymanyos/deli/1/LD-1-827-01-16","roomCode":"LD-1-827-01-16","roomType":"educational","__tile":"17/72476/45848","__layer":"rooms","__zoom":17,"__mvtId":3812,"__building":"deli","__ringVerts":5,"id":3812,"catalogFloorId":27},"geometry":{"type":"Polygon","coordinates":[[[19.062110105,47.471886247],[19.062138268,47.47188806],[19.062138268,47.471909363],[19.062109434,47.471912989],[19.062110105,47.471886247]]]}},{"type":"Feature","id":3813,"properties":{"buildingId":1,"floorId":27,"roomNumber":"1-820","roomName":"1-820 Hajós György terem","scope":"budapest/lagymanyos/deli/1/LD-1-820-01-12","roomCode":"LD-1-820-01-12","roomType":"educational","__tile":"17/72476/45848","__layer":"rooms","__zoom":17,"__mvtId":3813,"__building":"deli","__ringVerts":5,"id":3813,"catalogFloorId":27},"geometry":{"type":"Polygon","coordinates":[[[19.062059626,47.471750881],[19.062065661,47.471822497],[19.061959714,47.471826576],[19.061953679,47.47175496],[19.062059626,47.471750881]]]}},{"type":"Feature","id":3561,"properties":{"buildingId":1,"floorId":27,"roomNumber":"1-810","roomName":"1-810 Mozgáskorlátozott WC","scope":"budapest/lagymanyos/deli/1/LD-1-810-05-71","roomCode":"LD-1-810-05-71","roomType":"social","__tile":"17/72476/45848","__layer":"rooms","__zoom":17,"__mvtId":3561,"__building":"deli","__ringVerts":5,"id":3561,"catalogFloorId":27},"geometry":{"type":"Polygon","coordinates":[[[19.061808394,47.47241495],[19.061832534,47.47241767],[19.061830522,47.472433534],[19.061806382,47.472432175],[19.061808394,47.47241495]]]}},{"type":"Feature","id":3874,"properties":{"buildingId":1,"floorId":27,"roomNumber":"1-831","roomName":"1-831 Kutatólabor","scope":"budapest/lagymanyos/deli/1/LD-1-831-02-33","roomCode":"LD-1-831-02-33","roomType":"administrative","__tile":"17/72476/45848","__layer":"rooms","__zoom":17,"__mvtId":3874,"__building":"deli","__ringVerts":9,"id":3874,"catalogFloorId":27},"geometry":{"type":"Polygon","coordinates":[[[19.062059304,47.471957568],[19.062062657,47.471967993],[19.062045223,47.471970712],[19.062072045,47.472058646],[19.062088808,47.472055926],[19.062092161,47.472066805],[19.062035835,47.47207451],[19.062003648,47.47196346],[19.062059304,47.471957568]]]}},{"type":"Feature","id":3802,"properties":{"buildingId":1,"floorId":27,"roomNumber":"1-826","roomName":"1-826 Stúdió","scope":"budapest/lagymanyos/deli/1/LD-1-826-01-16","roomCode":"LD-1-826-01-16","roomType":"educational","__tile":"17/72476/45848","__layer":"rooms","__zoom":17,"__mvtId":3802,"__building":"deli","__ringVerts":6,"id":3802,"catalogFloorId":27},"geometry":{"type":"Polygon","coordinates":[[[19.062138149,47.47183277],[19.062154243,47.471885348],[19.062108645,47.471891694],[19.062100599,47.471849994],[19.062093222,47.471839116],[19.062138149,47.47183277]]]}},{"type":"Feature","id":2320,"properties":{"buildingId":1,"floorId":27,"roomNumber":"1-812","roomName":"1-812 Férfi WC csoport","scope":"budapest/lagymanyos/deli/1/LD-1-812-05-71","roomCode":"LD-1-812-05-71","roomType":"social","__tile":"17/72476/45848","__layer":"rooms","__zoom":17,"__mvtId":2320,"__building":"deli","__ringVerts":7,"id":2320,"catalogFloorId":27},"geometry":{"type":"Polygon","coordinates":[[[19.061765223,47.472399324],[19.061804115,47.47240159],[19.061801432,47.472423347],[19.061788692,47.472422893],[19.06178668,47.472436945],[19.061760529,47.472435585],[19.061765223,47.472399324]]]}},{"type":"Feature","id":2326,"properties":{"buildingId":1,"floorId":27,"roomNumber":"1-836","roomName":"1-836 IK Könyvtár  Számítógépes olvasó","scope":"budapest/lagymanyos/deli/1/LD-1-836-03-43","roomCode":"LD-1-836-03-43","roomType":"misc","__tile":"17/72476/45848","__layer":"rooms","__zoom":17,"__mvtId":2326,"__building":"deli","__ringVerts":9,"id":2326,"catalogFloorId":27},"geometry":{"type":"Polygon","coordinates":[[[19.062025991,47.472069621],[19.062029344,47.472080046],[19.062011239,47.472082765],[19.062037391,47.472170699],[19.062055495,47.472167979],[19.062059519,47.472179311],[19.062003192,47.472187016],[19.061968324,47.472077326],[19.062025991,47.472069621]]]}},{"type":"Feature","id":2653,"properties":{"buildingId":1,"floorId":27,"roomNumber":"1-815","roomName":"1-815 Menekülő lépcsőház","scope":"budapest/lagymanyos/deli/1/LD-1-815-04-64","roomCode":"LD-1-815-04-64","roomType":"corridor","__tile":"17/72476/45848","__layer":"rooms","__zoom":17,"__mvtId":2653,"__building":"deli","__ringVerts":5,"id":2653,"catalogFloorId":27},"geometry":{"type":"Polygon","coordinates":[[[19.061756773,47.472289349],[19.061821146,47.472292975],[19.061819805,47.472312919],[19.061754091,47.472310653],[19.061756773,47.472289349]]]}},{"type":"Feature","id":2667,"properties":{"buildingId":1,"floorId":27,"roomNumber":"1-814","roomName":"1-814 Női WC csoport","scope":"budapest/lagymanyos/deli/1/LD-1-814-05-71","roomCode":"LD-1-814-05-71","roomType":"social","__tile":"17/72476/45848","__layer":"rooms","__zoom":17,"__mvtId":2667,"__building":"deli","__ringVerts":5,"id":2667,"catalogFloorId":27},"geometry":{"type":"Polygon","coordinates":[[[19.061756378,47.472312556],[19.06179594,47.472314369],[19.061793928,47.472329327],[19.061755036,47.472327061],[19.061756378,47.472312556]]]}},{"type":"Feature","id":3820,"properties":{"buildingId":1,"floorId":27,"roomNumber":"1-821","roomName":"1-821 Közlekedő","scope":"budapest/lagymanyos/deli/1/LD-1-821-04-63","roomCode":"LD-1-821-04-63","roomType":"corridor","__tile":"17/72476/45848","__layer":"rooms","__zoom":17,"__mvtId":3820,"__building":"deli","__ringVerts":19,"id":3820,"catalogFloorId":27},"geometry":{"type":"Polygon","coordinates":[[[19.062100621,47.471759765],[19.062103974,47.47177019],[19.06208654,47.47177291],[19.062078493,47.471832287],[19.062096598,47.471892118],[19.062138172,47.471944696],[19.062155607,47.47194243],[19.062158959,47.471952855],[19.062069105,47.471965547],[19.06206307,47.471892571],[19.061969864,47.471896197],[19.061949747,47.471865375],[19.061999368,47.471846338],[19.061945724,47.471783335],[19.06196584,47.471775176],[19.062019485,47.47183818],[19.06206307,47.47183546],[19.062042954,47.47176883],[19.062100621,47.471759765]],[[19.062084528,47.471904356],[19.062080505,47.471906169],[19.062083858,47.471908889],[19.06208721,47.471907076],[19.062084528,47.471904356]]]}},{"type":"Feature","id":3866,"properties":{"buildingId":1,"floorId":27,"roomNumber":"1-816","roomName":"1-816 Közösségi tér","scope":"budapest/lagymanyos/deli/1/LD-1-816-01-12","roomCode":"LD-1-816-01-12","roomType":"educational","__tile":"17/72476/45848","__layer":"rooms","__zoom":17,"__mvtId":3866,"__building":"deli","__ringVerts":5,"id":3866,"catalogFloorId":27},"geometry":{"type":"Polygon","coordinates":[[[19.061837906,47.472082166],[19.061852658,47.472153329],[19.061771521,47.472157408],[19.061764145,47.472085792],[19.061837906,47.472082166]]]}},{"type":"Feature","id":3086,"properties":{"buildingId":1,"floorId":27,"roomNumber":"1-701","roomName":"1-701 Könyvtár és tárgyaló","scope":"budapest/lagymanyos/deli/1/LD-1-701-01-13","roomCode":"LD-1-701-01-13","roomType":"educational","__tile":"17/72476/45848","__layer":"rooms","__zoom":17,"__mvtId":3086,"__building":"deli","__ringVerts":5,"id":3086,"catalogFloorId":27},"geometry":{"type":"Polygon","coordinates":[[[19.062564249,47.471872163],[19.062580342,47.471927461],[19.06250524,47.471937886],[19.062488476,47.471882588],[19.062564249,47.471872163]]]}},{"type":"Feature","id":2895,"properties":{"buildingId":1,"floorId":27,"roomNumber":"1-613","roomName":"1-613 Lépcsőház","scope":"budapest/lagymanyos/deli/1/LD-1-613-04-64","roomCode":"LD-1-613-04-64","roomType":"corridor","__tile":"17/72476/45848","__layer":"rooms","__zoom":17,"__mvtId":2895,"__building":"deli","__ringVerts":7,"id":2895,"catalogFloorId":27},"geometry":{"type":"Polygon","coordinates":[[[19.063079839,47.472024075],[19.063088556,47.472053084],[19.063072463,47.47205535],[19.063071122,47.472049911],[19.063014125,47.472057617],[19.063006749,47.4720345],[19.063079839,47.472024075]]]}},{"type":"Feature","id":2988,"properties":{"buildingId":1,"floorId":27,"roomNumber":"1-520","roomName":"1-520 Földtani anyagvizsgálati labor","scope":"budapest/lagymanyos/deli/1/LD-1-520-01-14","roomCode":"LD-1-520-01-14","roomType":"educational","__tile":"17/72476/45848","__layer":"rooms","__zoom":17,"__mvtId":2988,"__building":"deli","__ringVerts":5,"id":2988,"catalogFloorId":27},"geometry":{"type":"Polygon","coordinates":[[[19.063053843,47.47211499],[19.063070607,47.472170288],[19.062995505,47.472180713],[19.062978741,47.472125415],[19.063053843,47.47211499]]]}},{"type":"Feature","id":3101,"properties":{"buildingId":1,"floorId":27,"roomNumber":"1-521","roomName":"1-521 Mikroszkóp labor","scope":"budapest/lagymanyos/deli/1/LD-1-521-01-14","roomCode":"LD-1-521-01-14","roomType":"educational","__tile":"17/72476/45848","__layer":"rooms","__zoom":17,"__mvtId":3101,"__building":"deli","__ringVerts":5,"id":3101,"catalogFloorId":27},"geometry":{"type":"Polygon","coordinates":[[[19.063044771,47.472168402],[19.063052818,47.472195598],[19.062977716,47.472206023],[19.062968999,47.472178827],[19.063044771,47.472168402]]]}},{"type":"Feature","id":2869,"properties":{"buildingId":1,"floorId":27,"roomNumber":"1-818","roomName":"1-818 Közlekedő","scope":"budapest/lagymanyos/deli/1/LD-1-818-04-63","roomCode":"LD-1-818-04-63","roomType":"corridor","__tile":"17/72476/45848","__layer":"rooms","__zoom":17,"__mvtId":2869,"__building":"deli","__ringVerts":5,"id":2869,"catalogFloorId":27},"geometry":{"type":"Polygon","coordinates":[[[19.061924732,47.471927305],[19.061948871,47.471955861],[19.061919367,47.471967192],[19.061902603,47.471931838],[19.061924732,47.471927305]]]}},{"type":"Feature","id":3836,"properties":{"buildingId":1,"floorId":27,"roomNumber":"1-825","roomName":"1-825 Tolmács","scope":"budapest/lagymanyos/deli/1/LD-1-825-01-16","roomCode":"LD-1-825-01-16","roomType":"educational","__tile":"17/72476/45848","__layer":"rooms","__zoom":17,"__mvtId":3836,"__building":"deli","__ringVerts":5,"id":3836,"catalogFloorId":27},"geometry":{"type":"Polygon","coordinates":[[[19.062150623,47.471806781],[19.062164034,47.471826271],[19.062138553,47.471835336],[19.06212246,47.471810407],[19.062150623,47.471806781]]]}},{"type":"Feature","id":3787,"properties":{"buildingId":1,"floorId":27,"roomNumber":"1-819","roomName":"1-819 Riesz Frigyes terem","scope":"budapest/lagymanyos/deli/1/LD-1-819-01-12","roomCode":"LD-1-819-01-12","roomType":"educational","__tile":"17/72476/45848","__layer":"rooms","__zoom":17,"__mvtId":3787,"__building":"deli","__ringVerts":5,"id":3787,"catalogFloorId":27},"geometry":{"type":"Polygon","coordinates":[[[19.061947552,47.47184289],[19.062000525,47.471904987],[19.06190866,47.471940795],[19.061855686,47.471878698],[19.061947552,47.47184289]]]}},{"type":"Feature","id":2717,"properties":{"buildingId":1,"floorId":27,"roomNumber":"1-228","roomName":"1-228 TTK Kari Könyvtár  Feldolgozás","scope":"budapest/lagymanyos/deli/1/LD-1-228-03-43","roomCode":"LD-1-228-03-43","roomType":"misc","__tile":"17/72476/45848","__layer":"rooms","__zoom":17,"__mvtId":2717,"__building":"deli","__ringVerts":22,"id":2717,"catalogFloorId":27},"geometry":{"type":"Polygon","coordinates":[[[19.062260479,47.472307519],[19.062267856,47.472331542],[19.062259809,47.472332449],[19.062261821,47.472339701],[19.062269867,47.472338341],[19.062275902,47.472358738],[19.062237681,47.472361005],[19.062239692,47.47236871],[19.062195436,47.472375056],[19.062191413,47.472361458],[19.062182025,47.472362818],[19.062190071,47.472362365],[19.062194095,47.472375056],[19.062126369,47.472384575],[19.062118322,47.472357379],[19.062187389,47.47234786],[19.062183366,47.472333809],[19.062190071,47.472332902],[19.062189401,47.472329276],[19.062182025,47.472330636],[19.062178672,47.472318851],[19.062260479,47.472307519]]]}},{"type":"Feature","id":3759,"properties":{"buildingId":1,"floorId":27,"roomNumber":"1-835","roomName":"1-835 IK Könyvtár","scope":"budapest/lagymanyos/deli/1/LD-1-835-03-43","roomCode":"LD-1-835-03-43","roomType":"misc","__tile":"17/72476/45848","__layer":"rooms","__zoom":17,"__mvtId":3759,"__building":"deli","__ringVerts":5,"id":3759,"catalogFloorId":27},"geometry":{"type":"Polygon","coordinates":[[[19.062217304,47.472082545],[19.062250161,47.472193595],[19.062061065,47.472219431],[19.062027537,47.47210974],[19.062217304,47.472082545]]]}},{"type":"Feature","id":2247,"properties":{"buildingId":1,"floorId":27,"roomNumber":"1-801","roomName":"1-801 Közlekedő","scope":"budapest/lagymanyos/deli/1/LD-1-801-04-63","roomCode":"LD-1-801-04-63","roomType":"corridor","__tile":"17/72476/45848","__layer":"rooms","__zoom":17,"__mvtId":2247,"__building":"deli","__ringVerts":35,"id":2247,"catalogFloorId":27},"geometry":{"type":"Polygon","coordinates":[[[19.062527275,47.4720928],[19.062567508,47.472225608],[19.062293923,47.472264135],[19.06229057,47.472252804],[19.061993516,47.472262775],[19.061996198,47.472314901],[19.061968705,47.472316261],[19.061976752,47.472392863],[19.061981446,47.472392409],[19.061973399,47.472319434],[19.061996868,47.472318074],[19.062004244,47.472391503],[19.062021008,47.472428217],[19.061970717,47.472438643],[19.061965352,47.472436376],[19.061945906,47.472371559],[19.061934507,47.472289971],[19.061964011,47.472285892],[19.061954624,47.472255523],[19.061921096,47.472260509],[19.061912379,47.472231953],[19.061945906,47.472227421],[19.061937189,47.472197958],[19.062125614,47.472175295],[19.062114886,47.472175748],[19.062112203,47.472165323],[19.062219492,47.472150365],[19.062222844,47.472161697],[19.06233885,47.472145833],[19.062336168,47.472136767],[19.062354273,47.472134501],[19.062355614,47.472138127],[19.062393835,47.472131781],[19.062478995,47.472102772],[19.062527275,47.4720928]],[[19.062470278,47.472147646],[19.062458208,47.472149005],[19.06246022,47.472154445],[19.062388471,47.472164417],[19.06238713,47.472158977],[19.062327451,47.472167136],[19.062328792,47.472172575],[19.062318063,47.472173935],[19.062316722,47.472168496],[19.062291911,47.472172122],[19.062305322,47.472215636],[19.062329462,47.47221201],[19.062328121,47.472207024],[19.06233885,47.472205211],[19.062340191,47.47221065],[19.06239987,47.472202491],[19.062398529,47.472197052],[19.062460891,47.472182094],[19.062515205,47.472155804],[19.062471619,47.472152632],[19.062470278,47.472147646]],[[19.061992845,47.472250537],[19.061990163,47.472253257],[19.061994186,47.472254617],[19.061996868,47.47225235],[19.061992845,47.472250537]],[[19.06205923,47.472241472],[19.062056547,47.472243738],[19.062060571,47.472245551],[19.062063253,47.472242832],[19.06205923,47.472241472]],[[19.062220833,47.472181641],[19.062208763,47.472183454],[19.062210775,47.472188893],[19.062139025,47.472198412],[19.062137684,47.472193426],[19.062125614,47.472194785],[19.062126955,47.472200225],[19.062112203,47.472202038],[19.062121591,47.472235126],[19.062137014,47.47223286],[19.062139025,47.472238299],[19.062150425,47.472236939],[19.062149084,47.4722315],[19.062220162,47.472221528],[19.062222174,47.472226967],[19.062233573,47.472225154],[19.062231562,47.472217449],[19.062124944,47.472231953],[19.062116897,47.472204304],[19.062222844,47.472189799],[19.062220833,47.472181641]],[[19.062481007,47.472183],[19.062468937,47.472184814],[19.062471619,47.472192519],[19.062483019,47.472191159],[19.062481007,47.472183]],[[19.062049171,47.472208837],[19.062046489,47.472211556],[19.062050513,47.472213369],[19.062053195,47.47221065],[19.062049171,47.472208837]],[[19.061993516,47.472216996],[19.061988822,47.472217902],[19.061990833,47.472221075],[19.061994857,47.472219715],[19.061993516,47.472216996]],[[19.062457538,47.472125889],[19.062455526,47.472128155],[19.062458879,47.472129515],[19.062460891,47.472127702],[19.062457538,47.472125889]],[[19.062483019,47.47220929],[19.062480337,47.472211556],[19.062483689,47.472212916],[19.062485701,47.472211103],[19.062483019,47.47220929]]]}},{"type":"Feature","id":2277,"properties":{"buildingId":1,"floorId":27,"roomNumber":"1-111","roomName":"1-111 Oktató","scope":"budapest/lagymanyos/deli/1/LD-1-111-01-13","roomCode":"LD-1-111-01-13","roomType":"educational","__tile":"17/72476/45848","__layer":"rooms","__zoom":17,"__mvtId":2277,"__building":"deli","__ringVerts":6,"id":2277,"catalogFloorId":27},"geometry":{"type":"Polygon","coordinates":[[[19.062914157,47.472301304],[19.062932933,47.472345271],[19.062925557,47.472352976],[19.062894711,47.472357056],[19.062879289,47.472305836],[19.062914157,47.472301304]]]}},{"type":"Feature","id":2952,"properties":{"buildingId":1,"floorId":27,"roomNumber":"1-413","roomName":"1-413 Női WC előtér","scope":"budapest/lagymanyos/deli/1/LD-1-413-04-63","roomCode":"LD-1-413-04-63","roomType":"corridor","__tile":"17/72476/45848","__layer":"rooms","__zoom":17,"__mvtId":2952,"__building":"deli","__ringVerts":5,"id":2952,"catalogFloorId":27},"geometry":{"type":"Polygon","coordinates":[[[19.062972807,47.472432213],[19.062979512,47.47245397],[19.062948667,47.472458502],[19.062941962,47.472436292],[19.062972807,47.472432213]]]}},{"type":"Feature","id":2446,"properties":{"buildingId":1,"floorId":27,"roomNumber":"1-725","roomName":"1-725 Előtér","scope":"budapest/lagymanyos/deli/1/LD-1-725-04-63","roomCode":"LD-1-725-04-63","roomType":"corridor","__tile":"17/72476/45848","__layer":"rooms","__zoom":17,"__mvtId":2446,"__building":"deli","__ringVerts":5,"id":2446,"catalogFloorId":27},"geometry":{"type":"Polygon","coordinates":[[[19.062632609,47.472012741],[19.062635962,47.472023619],[19.062587682,47.472030418],[19.062584329,47.47201954],[19.062632609,47.472012741]]]}},{"type":"Feature","id":2671,"properties":{"buildingId":1,"floorId":27,"roomNumber":"1-724","roomName":"1-724 Fotó","scope":"budapest/lagymanyos/deli/1/LD-1-724-01-14","roomCode":"LD-1-724-01-14","roomType":"educational","__tile":"17/72476/45848","__layer":"rooms","__zoom":17,"__mvtId":2671,"__building":"deli","__ringVerts":6,"id":2671,"catalogFloorId":27},"geometry":{"type":"Polygon","coordinates":[[[19.062654494,47.472027629],[19.0626612,47.472048479],[19.062655165,47.472054371],[19.062586768,47.47206389],[19.062579392,47.472038054],[19.062654494,47.472027629]]]}},{"type":"Feature","id":2663,"properties":{"buildingId":1,"floorId":27,"roomNumber":"1-601","roomName":"1-601 Oktató","scope":"budapest/lagymanyos/deli/1/LD-1-601-01-13","roomCode":"LD-1-601-01-13","roomType":"educational","__tile":"17/72476/45848","__layer":"rooms","__zoom":17,"__mvtId":2663,"__building":"deli","__ringVerts":5,"id":2663,"catalogFloorId":27},"geometry":{"type":"Polygon","coordinates":[[[19.063115396,47.471951298],[19.063130149,47.472002517],[19.063089915,47.472007956],[19.063075163,47.471957191],[19.063115396,47.471951298]]]}},{"type":"Feature","id":2529,"properties":{"buildingId":1,"floorId":27,"roomNumber":"1-410","roomName":"1-410 Oktató","scope":"budapest/lagymanyos/deli/1/LD-1-410-01-13","roomCode":"LD-1-410-01-13","roomType":"educational","__tile":"17/72476/45848","__layer":"rooms","__zoom":17,"__mvtId":2529,"__building":"deli","__ringVerts":5,"id":2529,"catalogFloorId":27},"geometry":{"type":"Polygon","coordinates":[[[19.063089852,47.472467603],[19.063098569,47.472494799],[19.063022797,47.472504771],[19.06301475,47.472477575],[19.063089852,47.472467603]]]}},{"type":"Feature","id":3352,"properties":{"buildingId":1,"floorId":27,"roomNumber":"1-406","roomName":"1-406 Tanszékvezető","scope":"budapest/lagymanyos/deli/1/LD-1-406-01-13","roomCode":"LD-1-406-01-13","roomType":"educational","__tile":"17/72476/45848","__layer":"rooms","__zoom":17,"__mvtId":3352,"__building":"deli","__ringVerts":5,"id":3352,"catalogFloorId":27},"geometry":{"type":"Polygon","coordinates":[[[19.063048426,47.472582603],[19.06306519,47.472638355],[19.062990088,47.472648327],[19.062973324,47.472593028],[19.063048426,47.472582603]]]}},{"type":"Feature","id":2639,"properties":{"buildingId":1,"floorId":27,"roomNumber":"1-206","roomName":"1-206 Női öltöző","scope":"budapest/lagymanyos/deli/1/LD-1-206-05-71","roomCode":"LD-1-206-05-71","roomType":"social","__tile":"17/72476/45848","__layer":"rooms","__zoom":17,"__mvtId":2639,"__building":"deli","__ringVerts":5,"id":2639,"catalogFloorId":27},"geometry":{"type":"Polygon","coordinates":[[[19.062552342,47.472403148],[19.062558377,47.472423998],[19.062514791,47.472429891],[19.062508756,47.47240904],[19.062552342,47.472403148]]]}},{"type":"Feature","id":3040,"properties":{"buildingId":1,"floorId":27,"roomNumber":"1-102","roomName":"1-102 Lépcsőház","scope":"budapest/lagymanyos/deli/1/LD-1-102-04-64","roomCode":"LD-1-102-04-64","roomType":"corridor","__tile":"17/72476/45848","__layer":"rooms","__zoom":17,"__mvtId":3040,"__building":"deli","__ringVerts":6,"id":3040,"catalogFloorId":27},"geometry":{"type":"Polygon","coordinates":[[[19.062971919,47.472398308],[19.062979295,47.472423691],[19.062963872,47.472425504],[19.062898158,47.472432756],[19.062890782,47.47240964],[19.062971919,47.472398308]]]}},{"type":"Feature","id":2357,"properties":{"buildingId":1,"floorId":27,"roomNumber":"1-422","roomName":"1-422 Doktorandusz","scope":"budapest/lagymanyos/deli/1/LD-1-422-01-13","roomCode":"LD-1-422-01-13","roomType":"educational","__tile":"17/72476/45848","__layer":"rooms","__zoom":17,"__mvtId":2357,"__building":"deli","__ringVerts":5,"id":2357,"catalogFloorId":27},"geometry":{"type":"Polygon","coordinates":[[[19.062909373,47.472618231],[19.06291742,47.472645428],[19.062842318,47.472655853],[19.062833601,47.472628657],[19.062909373,47.472618231]]]}},{"type":"Feature","id":2561,"properties":{"buildingId":1,"floorId":27,"roomNumber":"1-222","roomName":"1-222 Oktató","scope":"budapest/lagymanyos/deli/1/LD-1-222-01-13","roomCode":"LD-1-222-01-13","roomType":"educational","__tile":"17/72476/45848","__layer":"rooms","__zoom":17,"__mvtId":2561,"__building":"deli","__ringVerts":5,"id":2561,"catalogFloorId":27},"geometry":{"type":"Polygon","coordinates":[[[19.062385598,47.472487643],[19.062393645,47.47251484],[19.062318543,47.472525265],[19.062309826,47.472498069],[19.062385598,47.472487643]]]}},{"type":"Feature","id":3047,"properties":{"buildingId":1,"floorId":27,"roomNumber":"1-419","roomName":"1-419 Oktató","scope":"budapest/lagymanyos/deli/1/LD-1-419-01-13","roomCode":"LD-1-419-01-13","roomType":"educational","__tile":"17/72476/45848","__layer":"rooms","__zoom":17,"__mvtId":3047,"__building":"deli","__ringVerts":5,"id":3047,"catalogFloorId":27},"geometry":{"type":"Polygon","coordinates":[[[19.062934763,47.472533887],[19.06294281,47.472561084],[19.062867708,47.472571509],[19.062858991,47.472544313],[19.062934763,47.472533887]]]}},{"type":"Feature","id":3490,"properties":{"buildingId":1,"floorId":27,"roomNumber":"1-210","roomName":"1-210 Oktató","scope":"budapest/lagymanyos/deli/1/LD-1-210-01-13","roomCode":"LD-1-210-01-13","roomType":"educational","__tile":"17/72476/45848","__layer":"rooms","__zoom":17,"__mvtId":3490,"__building":"deli","__ringVerts":5,"id":3490,"catalogFloorId":27},"geometry":{"type":"Polygon","coordinates":[[[19.062498377,47.472561656],[19.062507094,47.472589305],[19.062431322,47.472599277],[19.062423275,47.472572081],[19.062498377,47.472561656]]]}},{"type":"Feature","id":3666,"properties":{"buildingId":1,"floorId":27,"roomNumber":"1-223","roomName":"1-223 Oktató","scope":"budapest/lagymanyos/deli/1/LD-1-223-01-13","roomCode":"LD-1-223-01-13","roomType":"educational","__tile":"17/72476/45848","__layer":"rooms","__zoom":17,"__mvtId":3666,"__building":"deli","__ringVerts":5,"id":3666,"catalogFloorId":27},"geometry":{"type":"Polygon","coordinates":[[[19.062393793,47.472459529],[19.06240251,47.472486726],[19.062326738,47.472497151],[19.062318691,47.472469955],[19.062393793,47.472459529]]]}},{"type":"Feature","id":2325,"properties":{"buildingId":1,"floorId":27,"roomNumber":"1-524","roomName":"1-524 Női öltöző","scope":"budapest/lagymanyos/deli/1/LD-1-524-05-73","roomCode":"LD-1-524-05-73","roomType":"social","__tile":"17/72476/45848","__layer":"rooms","__zoom":17,"__mvtId":2325,"__building":"deli","__ringVerts":6,"id":2325,"catalogFloorId":27},"geometry":{"type":"Polygon","coordinates":[[[19.062986201,47.472280334],[19.062994248,47.472306623],[19.062950662,47.472312516],[19.062944627,47.472291212],[19.062949991,47.47228532],[19.062986201,47.472280334]]]}},{"type":"Feature","id":3835,"properties":{"buildingId":1,"floorId":27,"roomNumber":"1-514","roomName":"1-514 Közlekedő","scope":"budapest/lagymanyos/deli/1/LD-1-514-04-63","roomCode":"LD-1-514-04-63","roomType":"corridor","__tile":"17/72476/45848","__layer":"rooms","__zoom":17,"__mvtId":3835,"__building":"deli","__ringVerts":134,"id":3835,"catalogFloorId":27},"geometry":{"type":"Polygon","coordinates":[[[19.063102367,47.471860891],[19.06310505,47.471871316],[19.063094991,47.471872676],[19.063100356,47.471890353],[19.063110414,47.47188854],[19.063113767,47.471899418],[19.063103038,47.471900778],[19.063108402,47.471918456],[19.063119131,47.471916642],[19.063122484,47.471927521],[19.063111755,47.471928881],[19.063117119,47.471946558],[19.063127848,47.471945198],[19.063130531,47.471955623],[19.063120472,47.471956983],[19.063125837,47.471974661],[19.063135895,47.471973301],[19.063139248,47.471983726],[19.063128519,47.471985086],[19.063133883,47.472002763],[19.063144612,47.472001403],[19.063147965,47.472011828],[19.063137236,47.472013188],[19.0631426,47.472030865],[19.063152659,47.472029506],[19.063156011,47.472039931],[19.063145283,47.472041291],[19.063150647,47.472058968],[19.063161376,47.472057608],[19.063164729,47.472068033],[19.063154,47.472069393],[19.063159364,47.47208707],[19.063170093,47.472085711],[19.063172775,47.472096136],[19.063162717,47.472097495],[19.063168081,47.472115173],[19.06317814,47.472113813],[19.063181492,47.472124238],[19.063170764,47.472125598],[19.063172105,47.472128317],[19.063182163,47.472126958],[19.063192221,47.472160046],[19.063145953,47.472166392],[19.063131201,47.472115626],[19.063143271,47.472113813],[19.063140589,47.472106107],[19.063114437,47.472109734],[19.063117119,47.472116533],[19.063101697,47.472118799],[19.063099015,47.472111547],[19.063073534,47.472115173],[19.063074875,47.472121518],[19.063060123,47.472124691],[19.06305744,47.472117439],[19.063031289,47.472121065],[19.063033971,47.472127864],[19.063018548,47.47213013],[19.063015866,47.472122878],[19.062989715,47.472126504],[19.062992397,47.472133757],[19.062976974,47.472136023],[19.062974292,47.472128771],[19.06294814,47.472132397],[19.062950822,47.472139649],[19.0629354,47.472141462],[19.062932718,47.472134663],[19.062906566,47.472138289],[19.062909248,47.472145088],[19.062893155,47.472147355],[19.062891143,47.472140102],[19.062864992,47.472143728],[19.062867674,47.472150981],[19.062851581,47.472153247],[19.062849569,47.472145995],[19.062823418,47.472149621],[19.0628261,47.472156873],[19.062810007,47.472158686],[19.062807995,47.472151887],[19.062781843,47.47215506],[19.062783855,47.472162312],[19.062768432,47.472164579],[19.062758374,47.472129224],[19.062773797,47.472127411],[19.062775808,47.47213421],[19.06280196,47.472130584],[19.062799948,47.472123785],[19.062815371,47.472121518],[19.062817383,47.472128771],[19.062843534,47.472125145],[19.062841522,47.472117892],[19.062856945,47.472115626],[19.062858957,47.472122878],[19.062885108,47.472119252],[19.062883097,47.472112],[19.062898519,47.472110187],[19.062900531,47.472116986],[19.062926683,47.47211336],[19.062924671,47.472106561],[19.062940094,47.472104294],[19.062942105,47.472111547],[19.062968257,47.472107921],[19.062966245,47.472100668],[19.062981668,47.472098855],[19.06298368,47.472105654],[19.063009831,47.472102028],[19.063007819,47.472095229],[19.063023242,47.472092963],[19.063025254,47.472099762],[19.063036653,47.472100668],[19.063126507,47.472086164],[19.063106391,47.472017267],[19.063095662,47.472019081],[19.063092309,47.472008202],[19.063103038,47.472006842],[19.063097673,47.471989165],[19.063086945,47.471990525],[19.063084262,47.4719801],[19.063094321,47.47197874],[19.063088956,47.471961063],[19.063078898,47.471962422],[19.063075545,47.471951997],[19.063086274,47.471950637],[19.06308091,47.47193296],[19.063070181,47.47193432],[19.063066828,47.471923895],[19.063077557,47.471922535],[19.063072192,47.471904858],[19.063062134,47.471906217],[19.063058781,47.471895792],[19.06306951,47.471894432],[19.063064146,47.471876755],[19.063053417,47.471878115],[19.063050064,47.47186769],[19.063102367,47.471860891]]]}},{"type":"Feature","id":3801,"properties":{"buildingId":1,"floorId":27,"roomNumber":"1-729","roomName":"1-729 Közlekedő","scope":"budapest/lagymanyos/deli/1/LD-1-729-04-63","roomCode":"LD-1-729-04-63","roomType":"corridor","__tile":"17/72476/45848","__layer":"rooms","__zoom":17,"__mvtId":3801,"__building":"deli","__ringVerts":98,"id":3801,"catalogFloorId":27},"geometry":{"type":"Polygon","coordinates":[[[19.062547322,47.471859685],[19.062550004,47.471870111],[19.062539946,47.47187147],[19.062545311,47.471889148],[19.062555369,47.471887788],[19.062558722,47.471898213],[19.062547993,47.471899573],[19.062553357,47.47191725],[19.062564086,47.47191589],[19.062567439,47.471926316],[19.06255671,47.471927675],[19.062562074,47.471945353],[19.062572803,47.471943993],[19.062575485,47.471954418],[19.062565427,47.471955778],[19.062570792,47.471973455],[19.06258085,47.471972095],[19.062584203,47.47198252],[19.062573474,47.47198388],[19.062578838,47.472001558],[19.062589567,47.472000198],[19.06259292,47.472010623],[19.062582191,47.472011983],[19.062587555,47.47202966],[19.062598284,47.4720283],[19.062600966,47.472038725],[19.062590908,47.472040085],[19.062611025,47.472108528],[19.06270289,47.472098103],[19.062712949,47.472094477],[19.062710937,47.472087678],[19.06272636,47.472085412],[19.062728371,47.472092664],[19.062753182,47.472089038],[19.062759217,47.472110341],[19.062734406,47.472113514],[19.062736418,47.472120766],[19.062720995,47.472122579],[19.062718984,47.47211578],[19.062692832,47.472119406],[19.062694844,47.472126205],[19.062679421,47.472128018],[19.062677409,47.47212122],[19.062651258,47.472124846],[19.062653269,47.472132098],[19.062637847,47.472134364],[19.062635835,47.472127112],[19.062609684,47.472130738],[19.062612366,47.472138897],[19.062624436,47.472137084],[19.062639858,47.472187849],[19.06259359,47.472194195],[19.062583532,47.472161107],[19.062594261,47.472159747],[19.06259359,47.472156574],[19.062582861,47.472158387],[19.062579509,47.472147962],[19.062590238,47.472146149],[19.062584873,47.472128472],[19.062574815,47.472130285],[19.062571462,47.47211986],[19.062582191,47.472118047],[19.062576826,47.472100369],[19.062566098,47.472102182],[19.062562745,47.472091757],[19.062573474,47.472089944],[19.062568109,47.472072267],[19.06255738,47.47207408],[19.062554698,47.472063655],[19.062564757,47.472061842],[19.062559392,47.472044165],[19.062549334,47.472045978],[19.062545981,47.472035099],[19.06255671,47.472033739],[19.062551345,47.472016062],[19.062540617,47.472017875],[19.062537264,47.472006997],[19.062547993,47.472005637],[19.062542628,47.47198796],[19.062531899,47.471989773],[19.062529217,47.471978894],[19.062539276,47.471977535],[19.062534582,47.471959857],[19.062523853,47.471961217],[19.0625205,47.471950792],[19.062531229,47.471949432],[19.062525865,47.471931755],[19.062515136,47.471933115],[19.062511783,47.471922689],[19.062522512,47.47192133],[19.062517147,47.471903652],[19.062507089,47.471905012],[19.062503736,47.471894587],[19.062514465,47.471893227],[19.062509101,47.47187555],[19.062498372,47.47187691],[19.062495019,47.471866484],[19.062547322,47.471859685]]]}},{"type":"Feature","id":2507,"properties":{"buildingId":1,"floorId":27,"roomNumber":"1-523","roomName":"1-523 Kőzetgyakorló laboratórium","scope":"budapest/lagymanyos/deli/1/LD-1-523-01-14","roomCode":"LD-1-523-01-14","roomType":"educational","__tile":"17/72476/45848","__layer":"rooms","__zoom":17,"__mvtId":2507,"__building":"deli","__ringVerts":5,"id":2507,"catalogFloorId":27},"geometry":{"type":"Polygon","coordinates":[[[19.063020194,47.472227409],[19.063036958,47.472282254],[19.062961186,47.472292679],[19.062945092,47.472237834],[19.063020194,47.472227409]]]}},{"type":"Feature","id":2949,"properties":{"buildingId":1,"floorId":27,"roomNumber":"1-504","roomName":"1-504 Oktató","scope":"budapest/lagymanyos/deli/1/LD-1-504-01-13","roomCode":"LD-1-504-01-13","roomType":"educational","__tile":"17/72476/45848","__layer":"rooms","__zoom":17,"__mvtId":2949,"__building":"deli","__ringVerts":5,"id":2949,"catalogFloorId":27},"geometry":{"type":"Polygon","coordinates":[[[19.06314936,47.472270623],[19.063157407,47.472297819],[19.063082305,47.472308244],[19.063073588,47.472281048],[19.06314936,47.472270623]]]}},{"type":"Feature","id":3833,"properties":{"buildingId":1,"floorId":27,"roomNumber":"1-602","roomName":"1-602 Galéria","scope":"budapest/lagymanyos/deli/1/LD-1-602-04-63","roomCode":"LD-1-602-04-63","roomType":"corridor","__tile":"17/72476/45848","__layer":"rooms","__zoom":17,"__mvtId":3833,"__building":"deli","__ringVerts":10,"id":3833,"catalogFloorId":27},"geometry":{"type":"Polygon","coordinates":[[[19.063029509,47.471910926],[19.063048285,47.471958519],[19.063024815,47.471961692],[19.06300604,47.471929964],[19.062656012,47.47197801],[19.062657353,47.472012458],[19.062633883,47.47201563],[19.062623825,47.471966678],[19.063016098,47.471910926],[19.063029509,47.471910926]]]}},{"type":"Feature","id":2408,"properties":{"buildingId":1,"floorId":27,"roomNumber":"1-609","roomName":"1-609 Kutató MTA","scope":"budapest/lagymanyos/deli/1/LD-1-609-01-13","roomCode":"LD-1-609-01-13","roomType":"educational","__tile":"17/72476/45848","__layer":"rooms","__zoom":17,"__mvtId":2408,"__building":"deli","__ringVerts":5,"id":2408,"catalogFloorId":27},"geometry":{"type":"Polygon","coordinates":[[[19.062880722,47.472010829],[19.062896145,47.472061595],[19.062855912,47.472067034],[19.062840489,47.472016268],[19.062880722,47.472010829]]]}},{"type":"Feature","id":2649,"properties":{"buildingId":1,"floorId":27,"roomNumber":"1-511","roomName":"1-511 Oktató","scope":"budapest/lagymanyos/deli/1/LD-1-511-01-13","roomCode":"LD-1-511-01-13","roomType":"educational","__tile":"17/72476/45848","__layer":"rooms","__zoom":17,"__mvtId":2649,"__building":"deli","__ringVerts":5,"id":2649,"catalogFloorId":27},"geometry":{"type":"Polygon","coordinates":[[[19.06320934,47.472048521],[19.063226104,47.472103819],[19.063150332,47.472114244],[19.063134238,47.472058946],[19.06320934,47.472048521]]]}},{"type":"Feature","id":2956,"properties":{"buildingId":1,"floorId":27,"roomNumber":"1-509","roomName":"1-509 Oktató","scope":"budapest/lagymanyos/deli/1/LD-1-509-01-13","roomCode":"LD-1-509-01-13","roomType":"educational","__tile":"17/72476/45848","__layer":"rooms","__zoom":17,"__mvtId":2956,"__building":"deli","__ringVerts":5,"id":2956,"catalogFloorId":27},"geometry":{"type":"Polygon","coordinates":[[[19.063191672,47.472130049],[19.063199719,47.472157245],[19.063124617,47.47216767],[19.0631159,47.472140474],[19.063191672,47.472130049]]]}},{"type":"Feature","id":3153,"properties":{"buildingId":1,"floorId":27,"roomNumber":"1-611","roomName":"1-611 Kutató MTA","scope":"budapest/lagymanyos/deli/1/LD-1-611-01-13","roomCode":"LD-1-611-01-13","roomType":"educational","__tile":"17/72476/45848","__layer":"rooms","__zoom":17,"__mvtId":3153,"__building":"deli","__ringVerts":5,"id":3153,"catalogFloorId":27},"geometry":{"type":"Polygon","coordinates":[[[19.062963907,47.472021996],[19.06297933,47.472073215],[19.062939097,47.472078654],[19.062923674,47.472027889],[19.062963907,47.472021996]]]}}],"meta":{"building":"deli","floorId":27,"polygonCount":169}}