{"type": "FeatureCollection", "features": [{"type": "Feature", "id": 3673, "properties": {"buildingId": 1, "floorId": 18, "roomNumber": "3-307", "roomName": "3-307 Konzult\u00e1ci\u00f3s szoba", "scope": "budapest/lagymanyos/deli/3/LD-3-307-01-12", "roomCode": "LD-3-307-01-12", "roomType": "educational", "__tile": "17/72476/45847", "__layer": "rooms", "__zoom": 17, "__mvtId": 3673, "__building": "deli", "__ringVerts": 5, "id": 3673, "catalogFloorId": 18}, "geometry": {"type": "Polygon", "coordinates": [[[19.062704890966415, 47.474383847261734], [19.06272031366825, 47.47443506330285], [19.062638506293297, 47.474446394278665], [19.06262308359146, 47.47439517824858], [19.062704890966415, 47.474383847261734]]]}}, {"type": "Feature", "id": 3284, "properties": {"buildingId": 1, "floorId": 18, "roomNumber": "3-411", "roomName": "3-411 WC", "scope": "budapest/lagymanyos/deli/3/LD-3-411-05-71", "roomCode": "LD-3-411-05-71", "roomType": "social", "__tile": "17/72476/45847", "__layer": "rooms", "__zoom": 17, "__mvtId": 3284, "__building": "deli", "__ringVerts": 5, "id": 3284, "catalogFloorId": 18}, "geometry": {"type": "Polygon", "coordinates": [[[19.062897339463234, 47.47447358861063], [19.06290203332901, 47.47448990520305], [19.06289130449295, 47.47449126491886], [19.062886610627174, 47.47447540156559], [19.062897339463234, 47.47447358861063]]]}}, {"type": "Feature", "id": 2217, "properties": {"buildingId": 1, "floorId": 18, "roomNumber": "3-412", "roomName": "3-412 Tansz\u00e9kvezet\u0151", "scope": "budapest/lagymanyos/deli/3/LD-3-412-01-13", "roomCode": "LD-3-412-01-13", "roomType": "educational", "__tile": "17/72476/45847", "__layer": "rooms", "__zoom": 17, "__mvtId": 2217, "__building": "deli", "__ringVerts": 5, "id": 2217, "catalogFloorId": 18}, "geometry": {"type": "Polygon", "coordinates": [[[19.062995240092278, 47.47434396216859], [19.06301200389862, 47.47439880416386], [19.06293623149395, 47.47440922866888], [19.06292013823986, 47.474354386684496], [19.062995240092278, 47.47434396216859]]]}}, {"type": "Feature", "id": 2797, "properties": {"buildingId": 1, "floorId": 18, "roomNumber": "3-309", "roomName": "3-309 Doktorandusz szoba", "scope": "budapest/lagymanyos/deli/3/LD-3-309-01-13", "roomCode": "LD-3-309-01-13", "roomType": "educational", "__tile": "17/72476/45847", "__layer": "rooms", "__zoom": 17, "__mvtId": 2797, "__building": "deli", "__ringVerts": 5, "id": 2797, "catalogFloorId": 18}, "geometry": {"type": "Polygon", "coordinates": [[[19.062788039445877, 47.47437251627244], [19.062803462147713, 47.47442327908543], [19.06276322901249, 47.474429171194465], [19.062747806310654, 47.47437795514761], [19.062788039445877, 47.47437251627244]]]}}, {"type": "Feature", "id": 2268, "properties": {"buildingId": 1, "floorId": 18, "roomNumber": "3-410", "roomName": "3-410 WC", "scope": "budapest/lagymanyos/deli/3/LD-3-410-05-71", "roomCode": "LD-3-410-05-71", "roomType": "social", "__tile": "17/72476/45847", "__layer": "rooms", "__zoom": 17, "__mvtId": 2268, "__building": "deli", "__ringVerts": 5, "id": 2268, "catalogFloorId": 18}, "geometry": {"type": "Polygon", "coordinates": [[[19.062908738851547, 47.47447222889436], [19.062913432717323, 47.474488545487205], [19.062903374433517, 47.47448990520305], [19.062898010015488, 47.47447358861063], [19.062908738851547, 47.47447222889436]]]}}, {"type": "Feature", "id": 2510, "properties": {"buildingId": 1, "floorId": 18, "roomNumber": "3-408", "roomName": "3-408 El\u0151t\u00e9r", "scope": "budapest/lagymanyos/deli/3/LD-3-408-04-63", "roomCode": "LD-3-408-04-63", "roomType": "corridor", "__tile": "17/72476/45847", "__layer": "rooms", "__zoom": 17, "__mvtId": 2510, "__building": "deli", "__ringVerts": 5, "id": 2510, "catalogFloorId": 18}, "geometry": {"type": "Polygon", "coordinates": [[[19.06291477382183, 47.474488998725825], [19.0629181265831, 47.47450032969], [19.062869176268578, 47.47450667502888], [19.06286582350731, 47.47449579730463], [19.06291477382183, 47.474488998725825]]]}}, {"type": "Feature", "id": 2462, "properties": {"buildingId": 1, "floorId": 18, "roomNumber": "3-417", "roomName": "3-417 Oktat\u00f3", "scope": "budapest/lagymanyos/deli/3/LD-3-417-01-13", "roomCode": "LD-3-417-01-13", "roomType": "educational", "__tile": "17/72476/45847", "__layer": "rooms", "__zoom": 17, "__mvtId": 2462, "__building": "deli", "__ringVerts": 6, "id": 2462, "catalogFloorId": 18}, "geometry": {"type": "Polygon", "coordinates": [[[19.06304620206356, 47.47451211389016], [19.063054248690605, 47.47453930818811], [19.062987864017487, 47.47454837295097], [19.06297780573368, 47.47454837295097], [19.06297042965889, 47.474522538372696], [19.06304620206356, 47.47451211389016]]]}}, {"type": "Feature", "id": 3173, "properties": {"buildingId": 1, "floorId": 18, "roomNumber": "3-407", "roomName": "3-407 G\u00e9pterem", "scope": "budapest/lagymanyos/deli/3/LD-3-407-01-12", "roomCode": "LD-3-407-01-12", "roomType": "educational", "__tile": "17/72476/45847", "__layer": "rooms", "__zoom": 17, "__mvtId": 3173, "__building": "deli", "__ringVerts": 6, "id": 3173, "catalogFloorId": 18}, "geometry": {"type": "Polygon", "coordinates": [[[19.062908068299294, 47.47450350235953], [19.062920808792114, 47.47454837295097], [19.06284235417843, 47.47454837295097], [19.06283363699913, 47.47451845922761], [19.062839671969414, 47.47451256712857], [19.062908068299294, 47.47450350235953]]]}}, {"type": "Feature", "id": 3491, "properties": {"buildingId": 1, "floorId": 18, "roomNumber": "3-319", "roomName": "3-319 Oktat\u00f3", "scope": "budapest/lagymanyos/deli/3/LD-3-319-01-13", "roomCode": "LD-3-319-01-13", "roomType": "educational", "__tile": "17/72476/45847", "__layer": "rooms", "__zoom": 17, "__mvtId": 3491, "__building": "deli", "__ringVerts": 5, "id": 3491, "catalogFloorId": 18}, "geometry": {"type": "Polygon", "coordinates": [[[19.06264789402485, 47.47448310662349], [19.062663316726685, 47.47453432256787], [19.06262308359146, 47.474539761426286], [19.062607660889626, 47.474488998725825], [19.06264789402485, 47.47448310662349]]]}}, {"type": "Feature", "id": 3333, "properties": {"buildingId": 1, "floorId": 18, "roomNumber": "3-416", "roomName": "3-416 Oktat\u00f3", "scope": "budapest/lagymanyos/deli/3/LD-3-416-01-13", "roomCode": "LD-3-416-01-13", "roomType": "educational", "__tile": "17/72476/45847", "__layer": "rooms", "__zoom": 17, "__mvtId": 3333, "__building": "deli", "__ringVerts": 5, "id": 3333, "catalogFloorId": 18}, "geometry": {"type": "Polygon", "coordinates": [[[19.063037484884262, 47.47448401310082], [19.063045531511307, 47.474511207413315], [19.06297042965889, 47.47452163189604], [19.062962383031845, 47.47449443758894], [19.063037484884262, 47.47448401310082]]]}}, {"type": "Feature", "id": 3839, "properties": {"buildingId": 1, "floorId": 18, "roomNumber": "3-316", "roomName": "3-316 Val\u00f3sz\u00edn.\u00e9s Stat. tansz\u00e9k", "scope": "budapest/lagymanyos/deli/3/LD-3-316-01-12", "roomCode": "LD-3-316-01-12", "roomType": "educational", "__tile": "17/72476/45847", "__layer": "rooms", "__zoom": 17, "__mvtId": 3839, "__building": "deli", "__ringVerts": 6, "id": 3839, "catalogFloorId": 18}, "geometry": {"type": "Polygon", "coordinates": [[[19.062812849879265, 47.47446044468527], [19.06282626092434, 47.47450667502888], [19.06282089650631, 47.47451256712857], [19.062747806310654, 47.474522538372696], [19.062732383608818, 47.4744717756556], [19.062812849879265, 47.47446044468527]]]}}, {"type": "Feature", "id": 2394, "properties": {"buildingId": 1, "floorId": 18, "roomNumber": "3-322", "roomName": "3-322 Oktat\u00f3", "scope": "budapest/lagymanyos/deli/3/LD-3-322-01-13", "roomCode": "LD-3-322-01-13", "roomType": "educational", "__tile": "17/72476/45847", "__layer": "rooms", "__zoom": 17, "__mvtId": 2394, "__building": "deli", "__ringVerts": 5, "id": 2394, "catalogFloorId": 18}, "geometry": {"type": "Polygon", "coordinates": [[[19.062523171305656, 47.47450032969], [19.062537252902985, 47.47454837295097], [19.062497690320015, 47.47454837295097], [19.062484949827194, 47.47450576855194], [19.062523171305656, 47.47450032969]]]}}, {"type": "Feature", "id": 3449, "properties": {"buildingId": 1, "floorId": 18, "roomNumber": "3-211", "roomName": "3-211 Anal\u00edzis Tansz\u00e9k Tansz\u00e9kvezet\u0151", "scope": "budapest/lagymanyos/deli/3/LD-3-211-01-13", "roomCode": "LD-3-211-01-13", "roomType": "educational", "__tile": "17/72476/45847", "__layer": "rooms", "__zoom": 17, "__mvtId": 3449, "__building": "deli", "__ringVerts": 5, "id": 3449, "catalogFloorId": 18}, "geometry": {"type": "Polygon", "coordinates": [[[19.062324687838554, 47.47443642302009], [19.062341451644897, 47.47449126491886], [19.062265679240227, 47.474501689405535], [19.062249585986137, 47.47444684751765], [19.062324687838554, 47.47443642302009]]]}}, {"type": "Feature", "id": 3745, "properties": {"buildingId": 1, "floorId": 18, "roomNumber": "3-317", "roomName": "3-317 Oktat\u00f3", "scope": "budapest/lagymanyos/deli/3/LD-3-317-01-13", "roomCode": "LD-3-317-01-13", "roomType": "educational", "__tile": "17/72476/45847", "__layer": "rooms", "__zoom": 17, "__mvtId": 3745, "__building": "deli", "__ringVerts": 5, "id": 3745, "catalogFloorId": 18}, "geometry": {"type": "Polygon", "coordinates": [[[19.06273104250431, 47.4744717756556], [19.062746465206146, 47.474522991611025], [19.062706232070923, 47.47452843047062], [19.062690809369087, 47.47447721452049], [19.06273104250431, 47.4744717756556]]]}}, {"type": "Feature", "id": 2810, "properties": {"buildingId": 1, "floorId": 18, "roomNumber": "3-311", "roomName": "3-311 Oktat\u00f3", "scope": "budapest/lagymanyos/deli/3/LD-3-311-01-13", "roomCode": "LD-3-311-01-13", "roomType": "educational", "__tile": "17/72476/45847", "__layer": "rooms", "__zoom": 17, "__mvtId": 2810, "__building": "deli", "__ringVerts": 5, "id": 2810, "catalogFloorId": 18}, "geometry": {"type": "Polygon", "coordinates": [[[19.06287118792534, 47.474361185280706], [19.062886610627174, 47.47441194810464], [19.06284637749195, 47.474417386975716], [19.062830954790115, 47.47436662415704], [19.06287118792534, 47.474361185280706]]]}}, {"type": "Feature", "id": 3510, "properties": {"buildingId": 1, "floorId": 18, "roomNumber": "3-413", "roomName": "3-413 Doktorandusz szoba", "scope": "budapest/lagymanyos/deli/3/LD-3-413-02-33", "roomCode": "LD-3-413-02-33", "roomType": "administrative", "__tile": "17/72476/45847", "__layer": "rooms", "__zoom": 17, "__mvtId": 3510, "__building": "deli", "__ringVerts": 5, "id": 3510, "catalogFloorId": 18}, "geometry": {"type": "Polygon", "coordinates": [[[19.06301200389862, 47.474399710642636], [19.063020050525665, 47.474426904998765], [19.06294494867325, 47.474437329498215], [19.062936902046204, 47.47441013514749], [19.06301200389862, 47.474399710642636]]]}}, {"type": "Feature", "id": 3560, "properties": {"buildingId": 1, "floorId": 18, "roomNumber": "3-318", "roomName": "3-318 Oktat\u00f3", "scope": "budapest/lagymanyos/deli/3/LD-3-318-01-13", "roomCode": "LD-3-318-01-13", "roomType": "educational", "__tile": "17/72476/45847", "__layer": "rooms", "__zoom": 17, "__mvtId": 3560, "__building": "deli", "__ringVerts": 5, "id": 3560, "catalogFloorId": 18}, "geometry": {"type": "Polygon", "coordinates": [[[19.06268946826458, 47.47447766775921], [19.062704890966415, 47.47452843047062], [19.062664657831192, 47.47453386932964], [19.062649235129356, 47.47448310662349], [19.06268946826458, 47.47447766775921]]]}}, {"type": "Feature", "id": 3344, "properties": {"buildingId": 1, "floorId": 18, "roomNumber": "3-323", "roomName": "3-323 L\u00e9pcs\u0151h\u00e1z", "scope": "budapest/lagymanyos/deli/3/LD-3-323-04-64", "roomCode": "LD-3-323-04-64", "roomType": "corridor", "__tile": "17/72476/45847", "__layer": "rooms", "__zoom": 17, "__mvtId": 3344, "__building": "deli", "__ringVerts": 7, "id": 3344, "catalogFloorId": 18}, "geometry": {"type": "Polygon", "coordinates": [[[19.06248226761818, 47.474504862074994], [19.062488973140717, 47.47452797723234], [19.06241588294506, 47.47453794847354], [19.062407165765762, 47.474508941221146], [19.06242325901985, 47.47450712826734], [19.06242460012436, 47.47451256712857], [19.06248226761818, 47.474504862074994]]]}}, {"type": "Feature", "id": 2306, "properties": {"buildingId": 1, "floorId": 18, "roomNumber": "3-306", "roomName": "3-306 Anal\u00edzis tansz\u00e9k", "scope": "budapest/lagymanyos/deli/3/LD-3-306-01-12", "roomCode": "LD-3-306-01-12", "roomType": "educational", "__tile": "17/72476/45847", "__layer": "rooms", "__zoom": 17, "__mvtId": 2306, "__building": "deli", "__ringVerts": 5, "id": 2306, "catalogFloorId": 18}, "geometry": {"type": "Polygon", "coordinates": [[[19.062621742486954, 47.47439563148801], [19.06263716518879, 47.474446394278665], [19.062555357813835, 47.47445772525202], [19.062539935112, 47.47440650923299], [19.062621742486954, 47.47439563148801]]]}}, {"type": "Feature", "id": 2740, "properties": {"buildingId": 1, "floorId": 18, "roomNumber": "3-314", "roomName": "3-314 L\u00e9pcs\u0151h\u00e1z", "scope": "budapest/lagymanyos/deli/3/LD-3-314-04-64", "roomCode": "LD-3-314-04-64", "roomType": "corridor", "__tile": "17/72476/45847", "__layer": "rooms", "__zoom": 17, "__mvtId": 2740, "__building": "deli", "__ringVerts": 7, "id": 2740, "catalogFloorId": 18}, "geometry": {"type": "Polygon", "coordinates": [[[19.06288594007492, 47.47444322160568], [19.06289465725422, 47.47447222889436], [19.062821567058563, 47.47448220014615], [19.062814861536026, 47.474459084968665], [19.062871858477592, 47.474450926668304], [19.062870517373085, 47.474445487800686], [19.06288594007492, 47.47444322160568]]]}}, {"type": "Feature", "id": 2755, "properties": {"buildingId": 1, "floorId": 18, "roomNumber": "3-310", "roomName": "3-310 Oktat\u00f3", "scope": "budapest/lagymanyos/deli/3/LD-3-310-01-13", "roomCode": "LD-3-310-01-13", "roomType": "educational", "__tile": "17/72476/45847", "__layer": "rooms", "__zoom": 17, "__mvtId": 2755, "__building": "deli", "__ringVerts": 5, "id": 2755, "catalogFloorId": 18}, "geometry": {"type": "Polygon", "coordinates": [[[19.062829613685608, 47.47436662415704], [19.062845036387444, 47.474417840214954], [19.06280480325222, 47.47442327908543], [19.062789380550385, 47.47437251627244], [19.062829613685608, 47.47436662415704]]]}}, {"type": "Feature", "id": 2997, "properties": {"buildingId": 1, "floorId": 18, "roomNumber": "3-313", "roomName": "3-313 K\u00f6zleked\u0151", "scope": "budapest/lagymanyos/deli/3/LD-3-313-04-63", "roomCode": "LD-3-313-04-63", "roomType": "corridor", "__tile": "17/72476/45847", "__layer": "rooms", "__zoom": 17, "__mvtId": 2997, "__building": "deli", "__ringVerts": 84, "id": 2997, "catalogFloorId": 18}, "geometry": {"type": "Polygon", "coordinates": [[[19.062918797135353, 47.474354386684496], [19.06292885541916, 47.474387926417286], [19.0629181265831, 47.47438928613573], [19.062918797135353, 47.47439200557252], [19.062929525971413, 47.474390645854136], [19.06293287873268, 47.47440107036078], [19.06292214989662, 47.47440243007888], [19.062926173210144, 47.474415120779504], [19.06293623149395, 47.47441330782246], [19.062940925359726, 47.474429171194465], [19.06293086707592, 47.47443053091185], [19.06293623149395, 47.474448207234566], [19.062946289777756, 47.47444684751765], [19.062949642539024, 47.47445727201314], [19.062938913702965, 47.47445863172978], [19.062944278120995, 47.474476308043045], [19.062955006957054, 47.47447494832685], [19.062958359718323, 47.47448537281678], [19.062947630882263, 47.474486732532704], [19.062952995300293, 47.4745044088365], [19.0629630535841, 47.47450304912104], [19.062966406345367, 47.474513473605384], [19.062955677509308, 47.47451483332058], [19.062961041927338, 47.47453250961494], [19.062971770763397, 47.4745311499002], [19.062975123524666, 47.474541574378975], [19.062964394688606, 47.47454293409344], [19.062965735793114, 47.47454837295097], [19.062933549284935, 47.47454837295097], [19.062933549284935, 47.474547466474746], [19.06292550265789, 47.47454837295097], [19.062921479344368, 47.47454837295097], [19.062919467687607, 47.47453840171173], [19.062930196523666, 47.47453704199715], [19.062924832105637, 47.474519365704325], [19.062914103269577, 47.47452072541937], [19.06291075050831, 47.47451030093646], [19.062921479344368, 47.474508941221146], [19.062901362776756, 47.474440048932514], [19.062809497117996, 47.47445047342936], [19.06281016767025, 47.47445273962404], [19.06279943883419, 47.47445409934081], [19.062802121043205, 47.474461804401834], [19.06278669834137, 47.47446361735721], [19.062784016132355, 47.47445636553535], [19.06275786459446, 47.47445999144641], [19.062760546803474, 47.47446724326776], [19.06274512410164, 47.47446950946173], [19.062742441892624, 47.474461804401834], [19.06271629035473, 47.47446543031252], [19.062718972563744, 47.47447313537187], [19.062702879309654, 47.47447540156559], [19.062700867652893, 47.474467696506565], [19.062674716114998, 47.47447132241684], [19.062677398324013, 47.47447857423663], [19.062661305069923, 47.47448038719142], [19.062651246786118, 47.474445487800686], [19.062666669487953, 47.47444322160568], [19.062668681144714, 47.47445047342936], [19.06269483268261, 47.47444684751765], [19.062692150473595, 47.47443914245442], [19.062708243727684, 47.47443687625915], [19.062710255384445, 47.4744445813227], [19.06273640692234, 47.47444095541058], [19.062733724713326, 47.47443370358559], [19.062749817967415, 47.47443143739008], [19.062751829624176, 47.47443914245442], [19.06277798116207, 47.47443551654194], [19.062775298953056, 47.47442781147706], [19.062791392207146, 47.47442554528129], [19.062793403863907, 47.4744332503465], [19.062819555401802, 47.4744296244336], [19.06281754374504, 47.474421919367856], [19.062832966446877, 47.47442010641105], [19.062834978103638, 47.47442735823791], [19.062861129641533, 47.4744237323246], [19.062858447432518, 47.47441648049725], [19.062874540686607, 47.474414214300985], [19.06287655234337, 47.474421919367856], [19.062902703881264, 47.47441829345418], [19.06290002167225, 47.47441013514749], [19.062887951731682, 47.47441194810464], [19.062872529029846, 47.474360732040985], [19.062918797135353, 47.474354386684496]]]}}, {"type": "Feature", "id": 2798, "properties": {"buildingId": 1, "floorId": 18, "roomNumber": "3-321", "roomName": "3-321 Oktat\u00f3", "scope": "budapest/lagymanyos/deli/3/LD-3-321-01-13", "roomCode": "LD-3-321-01-13", "roomType": "educational", "__tile": "17/72476/45847", "__layer": "rooms", "__zoom": 17, "__mvtId": 2798, "__building": "deli", "__ringVerts": 6, "id": 2798, "catalogFloorId": 18}, "geometry": {"type": "Polygon", "coordinates": [[[19.062564745545387, 47.47449489082751], [19.062580168247223, 47.47454565352228], [19.06256005167961, 47.47454837295097], [19.062538594007492, 47.47454837295097], [19.062524512410164, 47.47450032969], [19.062564745545387, 47.47449489082751]]]}}, {"type": "Feature", "id": 3247, "properties": {"buildingId": 1, "floorId": 18, "roomNumber": "3-320", "roomName": "3-320 Oktat\u00f3", "scope": "budapest/lagymanyos/deli/3/LD-3-320-01-13", "roomCode": "LD-3-320-01-13", "roomType": "educational", "__tile": "17/72476/45847", "__layer": "rooms", "__zoom": 17, "__mvtId": 3247, "__building": "deli", "__ringVerts": 5, "id": 3247, "catalogFloorId": 18}, "geometry": {"type": "Polygon", "coordinates": [[[19.062606319785118, 47.474488998725825], [19.062621742486954, 47.474539761426286], [19.06258150935173, 47.47454565352228], [19.062566086649895, 47.47449443758894], [19.062606319785118, 47.474488998725825]]]}}, {"type": "Feature", "id": 3279, "properties": {"buildingId": 1, "floorId": 18, "roomNumber": "3-308", "roomName": "3-308 Oktat\u00f3", "scope": "budapest/lagymanyos/deli/3/LD-3-308-01-13", "roomCode": "LD-3-308-01-13", "roomType": "educational", "__tile": "17/72476/45847", "__layer": "rooms", "__zoom": 17, "__mvtId": 3279, "__building": "deli", "__ringVerts": 5, "id": 3279, "catalogFloorId": 18}, "geometry": {"type": "Polygon", "coordinates": [[[19.062746465206146, 47.47437840838718], [19.062761887907982, 47.474429171194465], [19.06272165477276, 47.474434610063774], [19.062706232070923, 47.474383847261734], [19.062746465206146, 47.47437840838718]]]}}, {"type": "Feature", "id": 2533, "properties": {"buildingId": 1, "floorId": 18, "roomNumber": "3-415", "roomName": "3-415 Doktoranduszok", "scope": "budapest/lagymanyos/deli/3/LD-3-415-01-13", "roomCode": "LD-3-415-01-13", "roomType": "educational", "__tile": "17/72476/45847", "__layer": "rooms", "__zoom": 17, "__mvtId": 2533, "__building": "deli", "__ringVerts": 5, "id": 2533, "catalogFloorId": 18}, "geometry": {"type": "Polygon", "coordinates": [[[19.063028767704964, 47.47445591229645], [19.063037484884262, 47.47448310662349], [19.06296171247959, 47.47449353111179], [19.062953665852547, 47.47446633679015], [19.063028767704964, 47.47445591229645]]]}}, {"type": "Feature", "id": 3422, "properties": {"buildingId": 1, "floorId": 18, "roomNumber": "3-303", "roomName": "3-303 Oktat\u00f3", "scope": "budapest/lagymanyos/deli/3/LD-3-303-01-13", "roomCode": "LD-3-303-01-13", "roomType": "educational", "__tile": "17/72476/45847", "__layer": "rooms", "__zoom": 17, "__mvtId": 3422, "__building": "deli", "__ringVerts": 5, "id": 3422, "catalogFloorId": 18}, "geometry": {"type": "Polygon", "coordinates": [[[19.06245544552803, 47.47441829345418], [19.062470868229866, 47.474469056222944], [19.062430635094643, 47.47447494832685], [19.062415212392807, 47.4744237323246], [19.06245544552803, 47.47441829345418]]]}}, {"type": "Feature", "id": 2882, "properties": {"buildingId": 1, "floorId": 18, "roomNumber": "3-302", "roomName": "3-302 Oktat\u00f3", "scope": "budapest/lagymanyos/deli/3/LD-3-302-01-13", "roomCode": "LD-3-302-01-13", "roomType": "educational", "__tile": "17/72476/45847", "__layer": "rooms", "__zoom": 17, "__mvtId": 2882, "__building": "deli", "__ringVerts": 5, "id": 2882, "catalogFloorId": 18}, "geometry": {"type": "Polygon", "coordinates": [[[19.0624138712883, 47.474424185563784], [19.062429293990135, 47.47447494832685], [19.062389060854912, 47.47448038719142], [19.062373638153076, 47.4744296244336], [19.0624138712883, 47.474424185563784]]]}}, {"type": "Feature", "id": 2825, "properties": {"buildingId": 1, "floorId": 18, "roomNumber": "3-305", "roomName": "3-305 Oktat\u00f3", "scope": "budapest/lagymanyos/deli/3/LD-3-305-01-13", "roomCode": "LD-3-305-01-13", "roomType": "educational", "__tile": "17/72476/45847", "__layer": "rooms", "__zoom": 17, "__mvtId": 2825, "__building": "deli", "__ringVerts": 5, "id": 2825, "catalogFloorId": 18}, "geometry": {"type": "Polygon", "coordinates": [[[19.062538594007492, 47.474406962472315], [19.062554016709328, 47.47445772525202], [19.062513783574104, 47.47446316411837], [19.06249836087227, 47.47441240134392], [19.062538594007492, 47.474406962472315]]]}}, {"type": "Feature", "id": 2701, "properties": {"buildingId": 1, "floorId": 18, "roomNumber": "3-301", "roomName": "3-301 K\u00f6zleked\u0151", "scope": "budapest/lagymanyos/deli/3/LD-3-301-04-63", "roomCode": "LD-3-301-04-63", "roomType": "corridor", "__tile": "17/72476/45847", "__layer": "rooms", "__zoom": 17, "__mvtId": 2701, "__building": "deli", "__ringVerts": 67, "id": 2701, "catalogFloorId": 18}, "geometry": {"type": "Polygon", "coordinates": [[[19.06237229704857, 47.4744296244336], [19.062387719750404, 47.47448038719142], [19.062374979257584, 47.47448220014615], [19.0623776614666, 47.47449035844166], [19.062403813004494, 47.474486732532704], [19.06240113079548, 47.47447948071403], [19.062417224049568, 47.47447766775921], [19.06241923570633, 47.474484466339476], [19.062445387244225, 47.47448129366879], [19.06244270503521, 47.474474041849376], [19.0624587982893, 47.4744717756556], [19.06246080994606, 47.47447902747533], [19.062486961483955, 47.47447540156559], [19.06248427927494, 47.47446814974536], [19.06250037252903, 47.47446633679015], [19.06250238418579, 47.47447313537187], [19.062528535723686, 47.47446950946173], [19.06252585351467, 47.47446271087953], [19.06254194676876, 47.47446044468527], [19.062543958425522, 47.474467696506565], [19.062570109963417, 47.47446407059604], [19.062567427754402, 47.47445681877425], [19.06258352100849, 47.47445455257973], [19.062585532665253, 47.474461804401834], [19.062611684203148, 47.47445817849091], [19.062609001994133, 47.474450926668304], [19.062625095248222, 47.47444911371249], [19.062627106904984, 47.47445591229645], [19.06265191733837, 47.47445273962404], [19.062657952308655, 47.47447358861063], [19.062633141875267, 47.47447721452049], [19.062635153532028, 47.47448401310082], [19.062619730830193, 47.47448627929406], [19.06261771917343, 47.47447902747533], [19.062591567635536, 47.47448265338482], [19.062593579292297, 47.47448990520305], [19.06257815659046, 47.47449217139604], [19.0625761449337, 47.474484919578124], [19.062549993395805, 47.474488545487205], [19.062552005052567, 47.47449534406607], [19.06253658235073, 47.47449761025882], [19.06253457069397, 47.47449035844166], [19.062508419156075, 47.47449398435037], [19.062510430812836, 47.474501236167036], [19.062495008111, 47.47450350235953], [19.06249299645424, 47.474496250543176], [19.06248226761818, 47.47449761025882], [19.06248226761818, 47.47449579730463], [19.062391743063927, 47.47451030093646], [19.06240314245224, 47.47454837295097], [19.062370285391808, 47.47454837295097], [19.062367603182793, 47.47453749523535], [19.062356874346733, 47.47453885494993], [19.062353521585464, 47.47452843047062], [19.062364250421524, 47.47452707075577], [19.062358886003494, 47.47450939445958], [19.062348157167435, 47.47451075417488], [19.06234547495842, 47.47450032969], [19.062355533242226, 47.474498969974434], [19.062350168824196, 47.47448129366879], [19.06234011054039, 47.47448265338482], [19.06233675777912, 47.47447222889436], [19.06234748661518, 47.47447086917807], [19.062346816062927, 47.474467696506565], [19.062336087226868, 47.474469056222944], [19.062326028943062, 47.47443596978101], [19.06237229704857, 47.4744296244336]]]}}, {"type": "Feature", "id": 3875, "properties": {"buildingId": 1, "floorId": 18, "roomNumber": "3-210", "roomName": "3-210 Oktat\u00f3", "scope": "budapest/lagymanyos/deli/3/LD-3-210-01-13", "roomCode": "LD-3-210-01-13", "roomType": "educational", "__tile": "17/72476/45847", "__layer": "rooms", "__zoom": 17, "__mvtId": 3875, "__building": "deli", "__ringVerts": 5, "id": 3875, "catalogFloorId": 18}, "geometry": {"type": "Polygon", "coordinates": [[[19.062341451644897, 47.47449217139604], [19.062349498271942, 47.474519365704325], [19.062274396419525, 47.47452979018542], [19.06226634979248, 47.47450259588254], [19.062341451644897, 47.47449217139604]]]}}, {"type": "Feature", "id": 3321, "properties": {"buildingId": 1, "floorId": 18, "roomNumber": "3-414", "roomName": "3-414 Oktat\u00f3", "scope": "budapest/lagymanyos/deli/3/LD-3-414-01-13", "roomCode": "LD-3-414-01-13", "roomType": "educational", "__tile": "17/72476/45847", "__layer": "rooms", "__zoom": 17, "__mvtId": 3321, "__building": "deli", "__ringVerts": 5, "id": 3321, "catalogFloorId": 18}, "geometry": {"type": "Polygon", "coordinates": [[[19.06302072107792, 47.47442781147706], [19.063028767704964, 47.47445500581864], [19.062953665852547, 47.47446543031252], [19.06294494867325, 47.47443823597633], [19.06302072107792, 47.47442781147706]]]}}, {"type": "Feature", "id": 2443, "properties": {"buildingId": 1, "floorId": 18, "roomNumber": "3-304", "roomName": "3-304 Oktat\u00f3", "scope": "budapest/lagymanyos/deli/3/LD-3-304-01-13", "roomCode": "LD-3-304-01-13", "roomType": "educational", "__tile": "17/72476/45847", "__layer": "rooms", "__zoom": 17, "__mvtId": 2443, "__building": "deli", "__ringVerts": 5, "id": 2443, "catalogFloorId": 18}, "geometry": {"type": "Polygon", "coordinates": [[[19.06249701976776, 47.47441240134392], [19.062512442469597, 47.47446361735721], [19.062472209334373, 47.474469056222944], [19.062456786632538, 47.47441829345418], [19.06249701976776, 47.47441240134392]]]}}, {"type": "Feature", "id": 3102, "properties": {"buildingId": 1, "floorId": 18, "roomNumber": "3-424/A", "roomName": "3-424/A Izot\u00f3p labor", "scope": "budapest/lagymanyos/deli/3/LD-3-424-A-01-14", "roomCode": "LD-3-424/A-01-14", "roomType": "educational", "__tile": "17/72476/45848", "__layer": "rooms", "__zoom": 17, "__mvtId": 3102, "__building": "deli", "__ringVerts": 5, "id": 3102, "catalogFloorId": 18}, "geometry": {"type": "Polygon", "coordinates": [[[19.063113927841187, 47.471024328536096], [19.06312197446823, 47.47105152463895], [19.063079729676247, 47.47105696385783], [19.063071683049202, 47.4710297677578], [19.063113927841187, 47.471024328536096]]]}}, {"type": "Feature", "id": 3598, "properties": {"buildingId": 1, "floorId": 18, "roomNumber": "3-507", "roomName": "3-507 Oktat\u00f3", "scope": "budapest/lagymanyos/deli/3/LD-3-507-01-13", "roomCode": "LD-3-507-01-13", "roomType": "educational", "__tile": "17/72476/45848", "__layer": "rooms", "__zoom": 17, "__mvtId": 3598, "__building": "deli", "__ringVerts": 5, "id": 3598, "catalogFloorId": 18}, "geometry": {"type": "Polygon", "coordinates": [[[19.0632064640522, 47.4713334567427], [19.0632151812315, 47.47136065268559], [19.063139408826828, 47.471371077793286], [19.063131362199783, 47.4713438818558], [19.0632064640522, 47.4713334567427]]]}}, {"type": "Feature", "id": 3125, "properties": {"buildingId": 1, "floorId": 18, "roomNumber": "3-512", "roomName": "3-512 El\u0151t\u00e9r", "scope": "budapest/lagymanyos/deli/3/LD-3-512-04-63", "roomCode": "LD-3-512-04-63", "roomType": "corridor", "__tile": "17/72476/45848", "__layer": "rooms", "__zoom": 17, "__mvtId": 3125, "__building": "deli", "__ringVerts": 5, "id": 3125, "catalogFloorId": 18}, "geometry": {"type": "Polygon", "coordinates": [[[19.063095822930336, 47.47137742351002], [19.06309850513935, 47.471388301879756], [19.063050225377083, 47.4713951008597], [19.063046872615814, 47.47138422249137], [19.063095822930336, 47.47137742351002]]]}}, {"type": "Feature", "id": 2407, "properties": {"buildingId": 1, "floorId": 18, "roomNumber": "3-514", "roomName": "3-514 WC", "scope": "budapest/lagymanyos/deli/3/LD-3-514-05-71", "roomCode": "LD-3-514-05-71", "roomType": "social", "__tile": "17/72476/45848", "__layer": "rooms", "__zoom": 17, "__mvtId": 2407, "__building": "deli", "__ringVerts": 5, "id": 2407, "catalogFloorId": 18}, "geometry": {"type": "Polygon", "coordinates": [[[19.063086435198784, 47.47139102147184], [19.063091799616814, 47.47140733902139], [19.063081070780754, 47.47140869881696], [19.063076376914978, 47.471392381267826], [19.063086435198784, 47.47139102147184]]]}}, {"type": "Feature", "id": 2390, "properties": {"buildingId": 1, "floorId": 18, "roomNumber": "3-503", "roomName": "3-503 Oktat\u00f3", "scope": "budapest/lagymanyos/deli/3/LD-3-503-01-13", "roomCode": "LD-3-503-01-13", "roomType": "educational", "__tile": "17/72476/45848", "__layer": "rooms", "__zoom": 17, "__mvtId": 2390, "__building": "deli", "__ringVerts": 5, "id": 2390, "catalogFloorId": 18}, "geometry": {"type": "Polygon", "coordinates": [[[19.063147455453873, 47.47113673900343], [19.063155502080917, 47.47116393504811], [19.0630804002285, 47.471174360194844], [19.063072353601456, 47.47114716415555], [19.063147455453873, 47.47113673900343]]]}}, {"type": "Feature", "id": 2801, "properties": {"buildingId": 1, "floorId": 18, "roomNumber": "3-510", "roomName": "3-510 Matematikai Int\u00e9zet Titk\u00e1rs\u00e1g", "scope": "budapest/lagymanyos/deli/3/LD-3-510-02-33", "roomCode": "LD-3-510-02-33", "roomType": "administrative", "__tile": "17/72476/45848", "__layer": "rooms", "__zoom": 17, "__mvtId": 2801, "__building": "deli", "__ringVerts": 5, "id": 2801, "catalogFloorId": 18}, "geometry": {"type": "Polygon", "coordinates": [[[19.063231945037842, 47.471417764119835], [19.06324066221714, 47.47144496001909], [19.06316488981247, 47.47145538511008], [19.063156843185425, 47.47142818921622], [19.063231945037842, 47.471417764119835]]]}}, {"type": "Feature", "id": 2233, "properties": {"buildingId": 1, "floorId": 18, "roomNumber": "3-421", "roomName": "3-421 Oktat\u00f3", "scope": "budapest/lagymanyos/deli/3/LD-3-421-01-13", "roomCode": "LD-3-421-01-13", "roomType": "educational", "__tile": "17/72476/45848", "__layer": "rooms", "__zoom": 17, "__mvtId": 2233, "__building": "deli", "__ringVerts": 5, "id": 2233, "catalogFloorId": 18}, "geometry": {"type": "Polygon", "coordinates": [[[19.063079729676247, 47.47091146455887], [19.06308777630329, 47.47093911398937], [19.063012674450874, 47.47094908591154], [19.06300462782383, 47.47092188975569], [19.063079729676247, 47.47091146455887]]]}}, {"type": "Feature", "id": 2926, "properties": {"buildingId": 1, "floorId": 18, "roomNumber": "3-502", "roomName": "3-502 Oktat\u00f3", "scope": "budapest/lagymanyos/deli/3/LD-3-502-01-13", "roomCode": "LD-3-502-01-13", "roomType": "educational", "__tile": "17/72476/45848", "__layer": "rooms", "__zoom": 17, "__mvtId": 2926, "__building": "deli", "__ringVerts": 5, "id": 2926, "catalogFloorId": 18}, "geometry": {"type": "Polygon", "coordinates": [[[19.063139408826828, 47.471108636409134], [19.063147455453873, 47.471135832468356], [19.063071683049202, 47.47114625762067], [19.063063636422157, 47.47111906156683], [19.063139408826828, 47.471108636409134]]]}}, {"type": "Feature", "id": 2352, "properties": {"buildingId": 1, "floorId": 18, "roomNumber": "3-504", "roomName": "3-504 Oper\u00e1ci\u00f3kutat\u00e1si Tansz\u00e9k Tansz\u00e9kvezet\u0151", "scope": "budapest/lagymanyos/deli/3/LD-3-504-01-13", "roomCode": "LD-3-504-01-13", "roomType": "educational", "__tile": "17/72476/45848", "__layer": "rooms", "__zoom": 17, "__mvtId": 2352, "__building": "deli", "__ringVerts": 5, "id": 2352, "catalogFloorId": 18}, "geometry": {"type": "Polygon", "coordinates": [[[19.06315617263317, 47.47116484158269], [19.063172936439514, 47.47122014016252], [19.063097164034843, 47.47123056529811], [19.0630804002285, 47.47117526672924], [19.06315617263317, 47.47116484158269]]]}}, {"type": "Feature", "id": 2673, "properties": {"buildingId": 1, "floorId": 18, "roomNumber": "3-515", "roomName": "3-515 WC", "scope": "budapest/lagymanyos/deli/3/LD-3-515-05-71", "roomCode": "LD-3-515-05-71", "roomType": "social", "__tile": "17/72476/45848", "__layer": "rooms", "__zoom": 17, "__mvtId": 2673, "__building": "deli", "__ringVerts": 5, "id": 2673, "catalogFloorId": 18}, "geometry": {"type": "Polygon", "coordinates": [[[19.06309850513935, 47.471389661675815], [19.063103199005127, 47.471405525960584], [19.06309314072132, 47.47140733902139], [19.06308777630329, 47.47139102147184], [19.06309850513935, 47.471389661675815]]]}}, {"type": "Feature", "id": 3766, "properties": {"buildingId": 1, "floorId": 18, "roomNumber": "3-422", "roomName": "3-422 Oktat\u00f3", "scope": "budapest/lagymanyos/deli/3/LD-3-422-01-13", "roomCode": "LD-3-422-01-13", "roomType": "educational", "__tile": "17/72476/45848", "__layer": "rooms", "__zoom": 17, "__mvtId": 3766, "__building": "deli", "__ringVerts": 5, "id": 3766, "catalogFloorId": 18}, "geometry": {"type": "Polygon", "coordinates": [[[19.063088446855545, 47.47094002052782], [19.06309649348259, 47.4709672166743], [19.063021391630173, 47.47097718859115], [19.063012674450874, 47.47094999244983], [19.063088446855545, 47.47094002052782]]]}}, {"type": "Feature", "id": 2921, "properties": {"buildingId": 1, "floorId": 18, "roomNumber": "3-602", "roomName": "3-602 L\u00e9pcs\u0151h\u00e1z", "scope": "budapest/lagymanyos/deli/3/LD-3-602-04-64", "roomCode": "LD-3-602-04-64", "roomType": "corridor", "__tile": "17/72476/45848", "__layer": "rooms", "__zoom": 17, "__mvtId": 2921, "__building": "deli", "__ringVerts": 7, "id": 2921, "catalogFloorId": 18}, "geometry": {"type": "Polygon", "coordinates": [[[19.062684774398804, 47.4714653569343], [19.06269147992134, 47.471488473428636], [19.062634482979774, 47.4714961789245], [19.062636494636536, 47.471502071361726], [19.062620401382446, 47.47150433768357], [19.062611684203148, 47.47147532875664], [19.062684774398804, 47.4714653569343]]]}}, {"type": "Feature", "id": 3203, "properties": {"buildingId": 1, "floorId": 18, "roomNumber": "3-714", "roomName": "3-714 F\u00e9rfi WC csoport", "scope": "budapest/lagymanyos/deli/3/LD-3-714-05-71", "roomCode": "LD-3-714-05-71", "roomType": "social", "__tile": "17/72476/45848", "__layer": "rooms", "__zoom": 17, "__mvtId": 3203, "__building": "deli", "__ringVerts": 7, "id": 3203, "catalogFloorId": 18}, "geometry": {"type": "Polygon", "coordinates": [[[19.062609001994133, 47.47121787382842], [19.062615036964417, 47.47123872409843], [19.062543958425522, 47.47124824269719], [19.062535241246223, 47.47122104669613], [19.062562733888626, 47.47121832709525], [19.062564745545387, 47.47122376629687], [19.062609001994133, 47.47121787382842]]]}}, {"type": "Feature", "id": 2677, "properties": {"buildingId": 1, "floorId": 18, "roomNumber": "3-716", "roomName": "D 3-716", "scope": "budapest/lagymanyos/deli/3/LD-3-716-01-12", "roomCode": "LD-3-716-01-12", "roomType": "educational", "__tile": "17/72476/45848", "__layer": "rooms", "__zoom": 17, "__mvtId": 2677, "__building": "deli", "__ringVerts": 5, "id": 2677, "catalogFloorId": 18}, "geometry": {"type": "Polygon", "coordinates": [[[19.062632471323013, 47.47129538239901], [19.062648564577103, 47.471350680841496], [19.062573462724686, 47.471361105951175], [19.062556698918343, 47.47130580751967], [19.062632471323013, 47.47129538239901]]]}}, {"type": "Feature", "id": 2783, "properties": {"buildingId": 1, "floorId": 18, "roomNumber": "3-723", "roomName": "3-723 WC", "scope": "budapest/lagymanyos/deli/3/LD-3-723-05-71", "roomCode": "LD-3-723-05-71", "roomType": "social", "__tile": "17/72476/45848", "__layer": "rooms", "__zoom": 17, "__mvtId": 2783, "__building": "deli", "__ringVerts": 5, "id": 2783, "catalogFloorId": 18}, "geometry": {"type": "Polygon", "coordinates": [[[19.06260296702385, 47.47145765143393], [19.06260833144188, 47.47147396896278], [19.06259760260582, 47.47147532875664], [19.062592908740044, 47.4714590112282], [19.06260296702385, 47.47145765143393]]]}}, {"type": "Feature", "id": 3788, "properties": {"buildingId": 1, "floorId": 18, "roomNumber": "3-719", "roomName": "3-719 Alkalmazott anal\u00edzis tansz\u00e9k", "scope": "budapest/lagymanyos/deli/3/LD-3-719-01-12", "roomCode": "LD-3-719-01-12", "roomType": "educational", "__tile": "17/72476/45848", "__layer": "rooms", "__zoom": 17, "__mvtId": 3788, "__building": "deli", "__ringVerts": 6, "id": 3788, "catalogFloorId": 18}, "geometry": {"type": "Polygon", "coordinates": [[[19.0626572817564, 47.47137968983723], [19.062672704458237, 47.47142909574624], [19.062666669487953, 47.47143453492605], [19.062598273158073, 47.47144405348935], [19.062582179903984, 47.47139011494116], [19.0626572817564, 47.47137968983723]]]}}, {"type": "Feature", "id": 3536, "properties": {"buildingId": 1, "floorId": 18, "roomNumber": "3-604", "roomName": "3-604 Oktat\u00f3", "scope": "budapest/lagymanyos/deli/3/LD-3-604-01-13", "roomCode": "LD-3-604-01-13", "roomType": "educational", "__tile": "17/72476/45848", "__layer": "rooms", "__zoom": 17, "__mvtId": 3536, "__building": "deli", "__ringVerts": 5, "id": 3536, "catalogFloorId": 18}, "geometry": {"type": "Polygon", "coordinates": [[[19.062758535146713, 47.47142456309597], [19.06277395784855, 47.47147578202124], [19.062733724713326, 47.471481221196214], [19.06271830201149, 47.47143045554124], [19.062758535146713, 47.47142456309597]]]}}, {"type": "Feature", "id": 3395, "properties": {"buildingId": 1, "floorId": 18, "roomNumber": "3-621", "roomName": "3-621 Oktat\u00f3", "scope": "budapest/lagymanyos/deli/3/LD-3-621-01-13", "roomCode": "LD-3-621-01-13", "roomType": "educational", "__tile": "17/72476/45848", "__layer": "rooms", "__zoom": 17, "__mvtId": 3395, "__building": "deli", "__ringVerts": 5, "id": 3395, "catalogFloorId": 18}, "geometry": {"type": "Polygon", "coordinates": [[[19.062743112444878, 47.4715183888768], [19.062758535146713, 47.471569154446826], [19.06271830201149, 47.471575046875884], [19.062702879309654, 47.47152382804737], [19.062743112444878, 47.4715183888768]]]}}, {"type": "Feature", "id": 3404, "properties": {"buildingId": 1, "floorId": 18, "roomNumber": "3-603", "roomName": "3-603 Doktorandusz", "scope": "budapest/lagymanyos/deli/3/LD-3-603-01-13", "roomCode": "LD-3-603-01-13", "roomType": "educational", "__tile": "17/72476/45848", "__layer": "rooms", "__zoom": 17, "__mvtId": 3404, "__building": "deli", "__ringVerts": 6, "id": 3404, "catalogFloorId": 18}, "geometry": {"type": "Polygon", "coordinates": [[[19.062716960906982, 47.47143045554124], [19.062732383608818, 47.47148167446077], [19.062694162130356, 47.47148666037063], [19.062680080533028, 47.4714404273702], [19.062685444951057, 47.471434988191], [19.062716960906982, 47.47143045554124]]]}}, {"type": "Feature", "id": 3849, "properties": {"buildingId": 1, "floorId": 18, "roomNumber": "3-110", "roomName": "3-110", "scope": "budapest/lagymanyos/deli/3/LD-3-110-01-12", "roomCode": "LD-3-110-01-12", "roomType": "educational", "__tile": "17/72476/45848", "__layer": "rooms", "__zoom": 17, "__mvtId": 3849, "__building": "deli", "__ringVerts": 6, "id": 3849, "catalogFloorId": 18}, "geometry": {"type": "Polygon", "coordinates": [[[19.062674716114998, 47.47114716415555], [19.062690138816833, 47.47119793008417], [19.06261771917343, 47.47120790195724], [19.062606990337372, 47.471203369287906], [19.062598943710327, 47.471157589305605], [19.062674716114998, 47.47114716415555]]]}}, {"type": "Feature", "id": 3654, "properties": {"buildingId": 1, "floorId": 18, "roomNumber": "3-717", "roomName": "3-717 Oktat\u00f3", "scope": "budapest/lagymanyos/deli/3/LD-3-717-01-13", "roomCode": "LD-3-717-01-13", "roomType": "educational", "__tile": "17/72476/45848", "__layer": "rooms", "__zoom": 17, "__mvtId": 3654, "__building": "deli", "__ringVerts": 5, "id": 3654, "catalogFloorId": 18}, "geometry": {"type": "Polygon", "coordinates": [[[19.062649235129356, 47.47135158737285], [19.0626572817564, 47.471378783306356], [19.062582179903984, 47.47138920841047], [19.062573462724686, 47.471362012482366], [19.062649235129356, 47.47135158737285]]]}}, {"type": "Feature", "id": 2523, "properties": {"buildingId": 1, "floorId": 18, "roomNumber": "3-720", "roomName": "3-720 El\u0151t\u00e9r", "scope": "budapest/lagymanyos/deli/3/LD-3-720-04-63", "roomCode": "LD-3-720-04-63", "roomType": "corridor", "__tile": "17/72476/45848", "__layer": "rooms", "__zoom": 17, "__mvtId": 2523, "__building": "deli", "__ringVerts": 5, "id": 2523, "catalogFloorId": 18}, "geometry": {"type": "Polygon", "coordinates": [[[19.06263716518879, 47.4714404273702], [19.062640517950058, 47.4714513057269], [19.06259223818779, 47.47145810469869], [19.06258888542652, 47.4714472263434], [19.06263716518879, 47.4714404273702]]]}}, {"type": "Feature", "id": 2267, "properties": {"buildingId": 1, "floorId": 18, "roomNumber": "3-713", "roomName": "3-713 F\u00e9rfi WC el\u0151t\u00e9r, WC", "scope": "budapest/lagymanyos/deli/3/LD-3-713-05-71", "roomCode": "LD-3-713-05-71", "roomType": "social", "__tile": "17/72476/45848", "__layer": "rooms", "__zoom": 17, "__mvtId": 2267, "__building": "deli", "__ringVerts": 8, "id": 2267, "catalogFloorId": 18}, "geometry": {"type": "Polygon", "coordinates": [[[19.062600284814835, 47.471188411476284], [19.06260497868061, 47.47120472908875], [19.062614366412163, 47.47120880849106], [19.06260833144188, 47.47121470096053], [19.06260095536709, 47.47121152809244], [19.0625312179327, 47.47122104669613], [19.062524512410164, 47.47119883661817], [19.062600284814835, 47.471188411476284]]]}}, {"type": "Feature", "id": 2387, "properties": {"buildingId": 1, "floorId": 18, "roomNumber": "3-111", "roomName": "3-111 UNIX szoba", "scope": "budapest/lagymanyos/deli/3/LD-3-111-01-16", "roomCode": "LD-3-111-01-16", "roomType": "educational", "__tile": "17/72476/45848", "__layer": "rooms", "__zoom": 17, "__mvtId": 2387, "__building": "deli", "__ringVerts": 5, "id": 2387, "catalogFloorId": 18}, "geometry": {"type": "Polygon", "coordinates": [[[19.06275786459446, 47.471135832468356], [19.062773287296295, 47.471186598407925], [19.06269147992134, 47.47119793008417], [19.062676057219505, 47.47114716415555], [19.06275786459446, 47.471135832468356]]]}}, {"type": "Feature", "id": 3309, "properties": {"buildingId": 1, "floorId": 18, "roomNumber": "3-112", "roomName": "3-112 Rendszergazdai szoba", "scope": "budapest/lagymanyos/deli/3/LD-3-112-02-33", "roomCode": "LD-3-112-02-33", "roomType": "administrative", "__tile": "17/72476/45848", "__layer": "rooms", "__zoom": 17, "__mvtId": 3309, "__building": "deli", "__ringVerts": 5, "id": 3309, "catalogFloorId": 18}, "geometry": {"type": "Polygon", "coordinates": [[[19.06279943883419, 47.47112993999006], [19.062814861536026, 47.47118115920246], [19.062774628400803, 47.471186598407925], [19.062759205698967, 47.471135379200824], [19.06279943883419, 47.47112993999006]]]}}, {"type": "Feature", "id": 2987, "properties": {"buildingId": 1, "floorId": 18, "roomNumber": "3-425", "roomName": "3-425 Vegyif\u00fclke", "scope": "budapest/lagymanyos/deli/3/LD-3-425-01-14", "roomCode": "LD-3-425-01-14", "roomType": "educational", "__tile": "17/72476/45848", "__layer": "rooms", "__zoom": 17, "__mvtId": 2987, "__building": "deli", "__ringVerts": 5, "id": 2987, "catalogFloorId": 18}, "geometry": {"type": "Polygon", "coordinates": [[[19.063069000840187, 47.47102568834157], [19.06307838857174, 47.47105741712605], [19.06304620206356, 47.47106194980798], [19.06303681433201, 47.47103022102625], [19.063069000840187, 47.47102568834157]]]}}, {"type": "Feature", "id": 3562, "properties": {"buildingId": 1, "floorId": 18, "roomNumber": "3-101", "roomName": "3-101 K\u00f6zleked\u0151", "scope": "budapest/lagymanyos/deli/3/LD-3-101-04-63", "roomCode": "LD-3-101-04-63", "roomType": "corridor", "__tile": "17/72476/45848", "__layer": "rooms", "__zoom": 17, "__mvtId": 3562, "__building": "deli", "__ringVerts": 301, "id": 3562, "catalogFloorId": 18}, "geometry": {"type": "Polygon", "coordinates": [[[19.062981829047203, 47.47088698800171], [19.06298652291298, 47.47090375897729], [19.06299725174904, 47.47090239916866], [19.063000604510307, 47.47091282436727], [19.062989875674248, 47.470914184175626], [19.062995240092278, 47.47093186168113], [19.063005968928337, 47.47093050187323], [19.063008651137352, 47.47094092706626], [19.062998592853546, 47.4709422868739], [19.063003957271576, 47.470959964369946], [19.06301401555538, 47.470958604562774], [19.06301736831665, 47.47096902975023], [19.06300663948059, 47.4709708428261], [19.06301200389862, 47.47098806704374], [19.06302273273468, 47.47098670723729], [19.06302608549595, 47.47099713241917], [19.06301535665989, 47.470998945494074], [19.06302072107792, 47.4710161697025], [19.063030779361725, 47.47101480989677], [19.063034132122993, 47.471025235073085], [19.063024073839188, 47.47102704814702], [19.063029438257217, 47.471044725614554], [19.063039496541023, 47.471042912541236], [19.063042849302292, 47.47105379098022], [19.063032120466232, 47.47105515078494], [19.063034802675247, 47.471064216148804], [19.06312197446823, 47.47105243117547], [19.063130021095276, 47.471079627263784], [19.063043519854546, 47.47109141223102], [19.06304620206356, 47.47110047758862], [19.063056260347366, 47.47109911778508], [19.063059613108635, 47.47110999621243], [19.063048884272575, 47.4711113560157], [19.063054248690605, 47.47112903345488], [19.063064977526665, 47.47112722038446], [19.063068330287933, 47.471138098805994], [19.063057601451874, 47.471139458608526], [19.063062965869904, 47.47115713603826], [19.063073694705963, 47.47115532296882], [19.063076376914978, 47.47116620138453], [19.063066318631172, 47.471167561186334], [19.063071683049202, 47.471185238606616], [19.063081741333008, 47.47118342553815], [19.063085094094276, 47.47119430394804], [19.063074365258217, 47.471195663749114], [19.063079729676247, 47.471213341159945], [19.063090458512306, 47.47121198135932], [19.06309314072132, 47.47122240649652], [19.063083082437515, 47.47122376629687], [19.063088446855545, 47.47124144369825], [19.06309850513935, 47.471239630631715], [19.06310185790062, 47.471250509029986], [19.06309112906456, 47.4712518688296], [19.06309649348259, 47.47126954622153], [19.06310722231865, 47.47126818642236], [19.063110575079918, 47.471278611548406], [19.06309984624386, 47.4712799713473], [19.063105210661888, 47.47129764872977], [19.063115939497948, 47.47129628893133], [19.063118621706963, 47.4713067140518], [19.063108563423157, 47.471308073849976], [19.063113927841187, 47.47132575122299], [19.063123986124992, 47.47132439142527], [19.06312733888626, 47.47133481654018], [19.0631166100502, 47.471336176337616], [19.06312197446823, 47.47135294716987], [19.063090458512306, 47.47135702656068], [19.06308576464653, 47.47134025572974], [19.06307503581047, 47.4713420687928], [19.063072353601456, 47.47133119041349], [19.06308241188526, 47.471329830615915], [19.06307704746723, 47.47131215324428], [19.063066989183426, 47.471313513042304], [19.063063636422157, 47.471303087923175], [19.063074365258217, 47.47130172812488], [19.063069000840187, 47.471284050743776], [19.063058272004128, 47.47128586380878], [19.06305491924286, 47.47127498541784], [19.06306564807892, 47.471273625618814], [19.06306028366089, 47.47125594822826], [19.063050225377083, 47.471257308027745], [19.063046872615814, 47.471246882897475], [19.063057601451874, 47.47124552309772], [19.063052237033844, 47.47122784569772], [19.063041508197784, 47.47122920549793], [19.063038155436516, 47.47121878036208], [19.063048884272575, 47.4712174205616], [19.063043519854546, 47.47119974315215], [19.063032791018486, 47.47120110295308], [19.06303010880947, 47.471190677811656], [19.063040167093277, 47.47118931801046], [19.063029438257217, 47.47115260336454], [19.063018709421158, 47.47115396316669], [19.063016027212143, 47.471144897818306], [19.063026756048203, 47.47114353801592], [19.06301401555538, 47.47110274392778], [19.062920808792114, 47.47111543542526], [19.062917456030846, 47.47110546353464], [19.062910079956055, 47.47110682333802], [19.062912091612816, 47.47111362235438], [19.062895998358727, 47.47111588869297], [19.062893986701965, 47.471108636409134], [19.06286783516407, 47.47111226255117], [19.062870517373085, 47.47111951483451], [19.062854424118996, 47.471121327905195], [19.062852412462234, 47.471114528889835], [19.06282626092434, 47.47111815503146], [19.062828943133354, 47.47112495404636], [19.062812849879265, 47.47112722038446], [19.062810838222504, 47.471119968102194], [19.06278468668461, 47.47112359424346], [19.062787368893623, 47.47113084652522], [19.062771946191788, 47.47113311286307], [19.062769263982773, 47.47112586058161], [19.062743112444878, 47.47112948672247], [19.06274512410164, 47.47113673900343], [19.062729701399803, 47.47113855207351], [19.062727689743042, 47.47113175306038], [19.062701538205147, 47.47113492593328], [19.062703549861908, 47.47114217821348], [19.062688127160072, 47.471144444550845], [19.06268611550331, 47.47113719227095], [19.062659963965416, 47.47114081841102], [19.062661975622177, 47.47114807069042], [19.06264655292034, 47.47115033702753], [19.06264454126358, 47.47114308474845], [19.062618389725685, 47.47114671088811], [19.062620401382446, 47.47115350989931], [19.06260497868061, 47.47115577623618], [19.06260296702385, 47.471148977225276], [19.062594920396805, 47.47114988376011], [19.062598273158073, 47.4711598556423], [19.062504395842552, 47.471173000393215], [19.062517136335373, 47.47121379442681], [19.06252719461918, 47.4712124346262], [19.062529876828194, 47.47122104669613], [19.062519818544388, 47.47122240649652], [19.062530547380447, 47.47125957436015], [19.062541276216507, 47.47125776129424], [19.062544628977776, 47.47126863968875], [19.062533900141716, 47.4712699994879], [19.062539264559746, 47.47128767687373], [19.06254932284355, 47.47128586380878], [19.06255267560482, 47.47129674219748], [19.062542617321014, 47.4712981019959], [19.062547981739044, 47.471315779372276], [19.06255804002285, 47.471314419574306], [19.06256139278412, 47.47132484469118], [19.06255066394806, 47.47132620448888], [19.06255602836609, 47.4713438818558], [19.06256675720215, 47.471342522058556], [19.062569439411163, 47.47135294716987], [19.062559381127357, 47.471354306966845], [19.062564074993134, 47.471371077793286], [19.062533229589462, 47.471375157182706], [19.062527865171432, 47.47135838635755], [19.062517806887627, 47.47136019941999], [19.062514454126358, 47.47134932104443], [19.062525182962418, 47.471347961247325], [19.062519818544388, 47.47133028388178], [19.06250908970833, 47.47133209694519], [19.06250573694706, 47.47132121856381], [19.06251646578312, 47.47131985876598], [19.06251110136509, 47.47130218139098], [19.062501043081284, 47.471303994455354], [19.062497690320015, 47.47129311606816], [19.062508419156075, 47.47129175626961], [19.062503054738045, 47.47127407888516], [19.062492325901985, 47.471275438684174], [19.062488973140717, 47.4712650135575], [19.062499701976776, 47.47126365375821], [19.062494337558746, 47.47124597636431], [19.062483608722687, 47.47124733616405], [19.062480926513672, 47.471236911031795], [19.062490984797478, 47.47123555123178], [19.062485620379448, 47.47121787382842], [19.062475562095642, 47.4712192336289], [19.062472209334373, 47.47120880849106], [19.062482938170433, 47.47120744869033], [19.062477573752403, 47.47118977127752], [19.062466844916344, 47.471191131078726], [19.062463492155075, 47.471179799401014], [19.06247355043888, 47.47117843959952], [19.06247153878212, 47.47117073405708], [19.06246080994606, 47.47117209385877], [19.062452763319016, 47.471143991283384], [19.06246282160282, 47.471142631480966], [19.062460139393806, 47.47113356613063], [19.06245008111, 47.47113492593328], [19.062446728348732, 47.47112450077873], [19.06245745718479, 47.471123140975806], [19.06245343387127, 47.47111044948019], [19.06244270503521, 47.471111809283435], [19.062438681721687, 47.47109639817789], [19.062448740005493, 47.471095038374244], [19.062443375587463, 47.47107736092363], [19.062433317303658, 47.47107872072773], [19.06242996454239, 47.47106829556203], [19.062440022826195, 47.471066935757655], [19.06243532896042, 47.47104925829758], [19.06242460012436, 47.47105061810242], [19.06242124736309, 47.47104019293114], [19.06243197619915, 47.47103883312604], [19.06242661178112, 47.471021155656516], [19.06241588294506, 47.47102251546208], [19.062413200736046, 47.47101209028522], [19.06242325901985, 47.4710107304794], [19.062417894601822, 47.47099305300043], [19.062407836318016, 47.47099441280671], [19.062404483556747, 47.47098398762428], [19.062415212392807, 47.470982627817726], [19.062409847974777, 47.470964950329304], [19.062399119138718, 47.47096631013631], [19.06239576637745, 47.47095588494831], [19.06240649521351, 47.470954525141025], [19.06240113079548, 47.470936847643145], [19.062391072511673, 47.47093820745089], [19.062387719750404, 47.47092778225731], [19.06239777803421, 47.4709264224493], [19.062393084168434, 47.47090965148095], [19.062423929572105, 47.470905118785886], [19.062429293990135, 47.47092188975569], [19.06243935227394, 47.47092052994752], [19.06244270503521, 47.470930955142535], [19.062432646751404, 47.470932314950424], [19.06243734061718, 47.47094999244983], [19.06244806945324, 47.4709486326424], [19.062451422214508, 47.470959057831834], [19.06244069337845, 47.470960417639], [19.06244605779648, 47.47097809512895], [19.062456786632538, 47.47097673532224], [19.062459468841553, 47.470987160506105], [19.062449410557747, 47.47098897358135], [19.062454774975777, 47.471006197793045], [19.062464833259583, 47.47100483798707], [19.06246818602085, 47.471015263165356], [19.06245745718479, 47.471017076239626], [19.06246282160282, 47.47103430044211], [19.06247355043888, 47.47103294063686], [19.06247690320015, 47.47104336580957], [19.06246617436409, 47.471044725614554], [19.062477573752403, 47.47108189360384], [19.06248763203621, 47.47108053379982], [19.062490314245224, 47.47108914589137], [19.062480255961418, 47.471090505695166], [19.062492325901985, 47.47113175306038], [19.062585532665253, 47.47111860829915], [19.06258888542652, 47.47112903345488], [19.062596932053566, 47.47112767365207], [19.062594920396805, 47.471120874637535], [19.06261034309864, 47.47111860829915], [19.0626123547554, 47.47112586058161], [19.062638506293297, 47.47112223444051], [19.062636494636536, 47.471114982157545], [19.06265191733837, 47.47111271581891], [19.062653928995132, 47.471119968102194], [19.062680080533028, 47.47111634196068], [19.062678068876266, 47.47110908967691], [19.062693491578102, 47.47110727660581], [19.062695503234863, 47.471114075622104], [19.06272165477276, 47.47111044948019], [19.062719643115997, 47.47110365046342], [19.062735065817833, 47.471101384124296], [19.062737077474594, 47.471108636409134], [19.06276322901249, 47.47110501026684], [19.062761217355728, 47.47109775798151], [19.062776640057564, 47.47109549164213], [19.062778651714325, 47.47110274392778], [19.06280480325222, 47.47109911778508], [19.06280279159546, 47.47109231876685], [19.062818214297295, 47.471090052427236], [19.062820225954056, 47.471096851445765], [19.06284637749195, 47.47109322530266], [19.06284436583519, 47.47108642628366], [19.062859788537025, 47.47108415994379], [19.062861800193787, 47.47109141223102], [19.062887951731682, 47.47108778608754], [19.06288594007492, 47.47108053379982], [19.062901362776756, 47.47107872072773], [19.062903374433517, 47.47108551974773], [19.062911421060562, 47.47108461321178], [19.062908068299294, 47.471074188047254], [19.063001945614815, 47.47106149653981], [19.062989205121994, 47.47102070238799], [19.062979146838188, 47.47102206219356], [19.062976464629173, 47.47101345009102], [19.06298652291298, 47.47101163701662], [19.06297579407692, 47.470974922246576], [19.06296506524086, 47.470976282053336], [19.062962383031845, 47.47096585686731], [19.06297244131565, 47.47096449706029], [19.06296707689762, 47.47094681956576], [19.062957018613815, 47.47094817937324], [19.062953665852547, 47.47093775418165], [19.062964394688606, 47.470936394373894], [19.062959030270576, 47.47091871686992], [19.062948301434517, 47.47092007667813], [19.06294494867325, 47.47090965148095], [19.062955677509308, 47.47090829167247], [19.062950983643532, 47.47089152069834], [19.062981829047203, 47.47088698800171]]]}}, {"type": "Feature", "id": 2243, "properties": {"buildingId": 1, "floorId": 18, "roomNumber": "3-222", "roomName": "3-222 N\u0151i WC el\u0151t\u00e9r", "scope": "budapest/lagymanyos/deli/3/LD-3-222-05-71", "roomCode": "LD-3-222-05-71", "roomType": "social", "__tile": "17/72476/45848", "__layer": "rooms", "__zoom": 17, "__mvtId": 2243, "__building": "deli", "__ringVerts": 8, "id": 2243, "catalogFloorId": 18}, "geometry": {"type": "Polygon", "coordinates": [[[19.062564074993134, 47.4710651226851], [19.062572792172432, 47.47106920209826], [19.062566086649895, 47.47107600111949], [19.06257078051567, 47.471091865498934], [19.062495678663254, 47.471102290659964], [19.062488973140717, 47.47108053379982], [19.06255804002285, 47.47107056190258], [19.062564074993134, 47.4710651226851]]]}}, {"type": "Feature", "id": 2477, "properties": {"buildingId": 1, "floorId": 18, "roomNumber": "3-218/A", "roomName": "3-218/A Oktat\u00f3", "scope": "budapest/lagymanyos/deli/3/LD-3-218-A-01-13", "roomCode": "LD-3-218/A-01-13", "roomType": "educational", "__tile": "17/72476/45848", "__layer": "rooms", "__zoom": 17, "__mvtId": 2477, "__building": "deli", "__ringVerts": 5, "id": 2477, "catalogFloorId": 18}, "geometry": {"type": "Polygon", "coordinates": [[[19.062522500753403, 47.470929595334596], [19.062530547380447, 47.47095724475556], [19.062454774975777, 47.4709672166743], [19.062446728348732, 47.47094002052782], [19.062522500753403, 47.470929595334596]]]}}, {"type": "Feature", "id": 3848, "properties": {"buildingId": 1, "floorId": 18, "roomNumber": "3-219", "roomName": "3-219 Matematikai tansz\u00e9kcsoportok", "scope": "budapest/lagymanyos/deli/3/LD-3-219-01-12", "roomCode": "LD-3-219-01-12", "roomType": "educational", "__tile": "17/72476/45848", "__layer": "rooms", "__zoom": 17, "__mvtId": 3848, "__building": "deli", "__ringVerts": 5, "id": 3848, "catalogFloorId": 18}, "geometry": {"type": "Polygon", "coordinates": [[[19.062530547380447, 47.47095815129371], [19.062555357813835, 47.47104109946786], [19.062480255961418, 47.47105152463895], [19.06245544552803, 47.47096812321227], [19.062530547380447, 47.47095815129371]]]}}, {"type": "Feature", "id": 2456, "properties": {"buildingId": 1, "floorId": 18, "roomNumber": "3-113", "roomName": "3-113 Doktorandusz", "scope": "budapest/lagymanyos/deli/3/LD-3-113-01-13", "roomCode": "LD-3-113-01-13", "roomType": "educational", "__tile": "17/72476/45848", "__layer": "rooms", "__zoom": 17, "__mvtId": 2456, "__building": "deli", "__ringVerts": 5, "id": 2456, "catalogFloorId": 18}, "geometry": {"type": "Polygon", "coordinates": [[[19.06284101307392, 47.47112450077873], [19.06285710632801, 47.47117526672924], [19.062816202640533, 47.47118070593532], [19.062800779938698, 47.47112993999006], [19.06284101307392, 47.47112450077873]]]}}, {"type": "Feature", "id": 3283, "properties": {"buildingId": 1, "floorId": 18, "roomNumber": "3-224", "roomName": "3-224 Mosd\u00f3-zuhany", "scope": "budapest/lagymanyos/deli/3/LD-3-224-05-71", "roomCode": "LD-3-224-05-71", "roomType": "social", "__tile": "17/72476/45848", "__layer": "rooms", "__zoom": 17, "__mvtId": 3283, "__building": "deli", "__ringVerts": 5, "id": 3283, "catalogFloorId": 18}, "geometry": {"type": "Polygon", "coordinates": [[[19.06255602836609, 47.47104200600456], [19.062562063336372, 47.471062856344325], [19.062535241246223, 47.471066482489526], [19.062528535723686, 47.471045632151196], [19.06255602836609, 47.47104200600456]]]}}, {"type": "Feature", "id": 3576, "properties": {"buildingId": 1, "floorId": 18, "roomNumber": "3-202/A", "roomName": "3-202/A Oktat\u00f3", "scope": "budapest/lagymanyos/deli/3/LD-3-202-A-01-13", "roomCode": "LD-3-202/A-01-13", "roomType": "educational", "__tile": "17/72476/45848", "__layer": "rooms", "__zoom": 17, "__mvtId": 3576, "__building": "deli", "__ringVerts": 5, "id": 3576, "catalogFloorId": 18}, "geometry": {"type": "Polygon", "coordinates": [[[19.06244270503521, 47.47111634196068], [19.062450751662254, 47.471142631480966], [19.062375649809837, 47.47115305663193], [19.062367603182793, 47.47112676711684], [19.06244270503521, 47.47111634196068]]]}}, {"type": "Feature", "id": 2585, "properties": {"buildingId": 1, "floorId": 18, "roomNumber": "3-709", "roomName": "3-709 Oktat\u00f3", "scope": "budapest/lagymanyos/deli/3/LD-3-709-01-13", "roomCode": "LD-3-709-01-13", "roomType": "educational", "__tile": "17/72476/45848", "__layer": "rooms", "__zoom": 17, "__mvtId": 2585, "__building": "deli", "__ringVerts": 5, "id": 2585, "catalogFloorId": 18}, "geometry": {"type": "Polygon", "coordinates": [[[19.06250238418579, 47.4713130597763], [19.062510430812836, 47.47134025572974], [19.06243532896042, 47.471350680841496], [19.06242661178112, 47.471323484893446], [19.06250238418579, 47.4713130597763]]]}}, {"type": "Feature", "id": 2705, "properties": {"buildingId": 1, "floorId": 18, "roomNumber": "3-711", "roomName": "3-711 Oktat\u00f3", "scope": "budapest/lagymanyos/deli/3/LD-3-711-01-13", "roomCode": "LD-3-711-01-13", "roomType": "educational", "__tile": "17/72476/45848", "__layer": "rooms", "__zoom": 17, "__mvtId": 2705, "__building": "deli", "__ringVerts": 5, "id": 2705, "catalogFloorId": 18}, "geometry": {"type": "Polygon", "coordinates": [[[19.06247690320015, 47.4712287522312], [19.062484949827194, 47.47125594822826], [19.062409847974777, 47.47126637335674], [19.062401801347733, 47.47123917736507], [19.06247690320015, 47.4712287522312]]]}}, {"type": "Feature", "id": 2856, "properties": {"buildingId": 1, "floorId": 18, "roomNumber": "3-710/A", "roomName": "3-710/A Oktat\u00f3", "scope": "budapest/lagymanyos/deli/3/LD-3-710-A-01-13", "roomCode": "LD-3-710/A-01-13", "roomType": "educational", "__tile": "17/72476/45848", "__layer": "rooms", "__zoom": 17, "__mvtId": 2856, "__building": "deli", "__ringVerts": 5, "id": 2856, "catalogFloorId": 18}, "geometry": {"type": "Polygon", "coordinates": [[[19.062485620379448, 47.47125685476126], [19.062493667006493, 47.471284050743776], [19.062417894601822, 47.471294475866685], [19.062409847974777, 47.47126727988955], [19.062485620379448, 47.47125685476126]]]}}, {"type": "Feature", "id": 2877, "properties": {"buildingId": 1, "floorId": 18, "roomNumber": "3-708", "roomName": "3-708 Oktat\u00f3", "scope": "budapest/lagymanyos/deli/3/LD-3-708-01-13", "roomCode": "LD-3-708-01-13", "roomType": "educational", "__tile": "17/72476/45848", "__layer": "rooms", "__zoom": 17, "__mvtId": 2877, "__building": "deli", "__ringVerts": 5, "id": 2877, "catalogFloorId": 18}, "geometry": {"type": "Polygon", "coordinates": [[[19.062510430812836, 47.47134116226128], [19.062519147992134, 47.47136835820018], [19.062443375587463, 47.471378783306356], [19.06243532896042, 47.47135158737285], [19.062510430812836, 47.47134116226128]]]}}, {"type": "Feature", "id": 2968, "properties": {"buildingId": 1, "floorId": 18, "roomNumber": "3-710", "roomName": "3-710 Oktat\u00f3", "scope": "budapest/lagymanyos/deli/3/LD-3-710-01-13", "roomCode": "LD-3-710-01-13", "roomType": "educational", "__tile": "17/72476/45848", "__layer": "rooms", "__zoom": 17, "__mvtId": 2968, "__building": "deli", "__ringVerts": 5, "id": 2968, "catalogFloorId": 18}, "geometry": {"type": "Polygon", "coordinates": [[[19.062493667006493, 47.471284957276296], [19.062501713633537, 47.47131215324428], [19.06242661178112, 47.4713225783616], [19.062418565154076, 47.47129538239901], [19.062493667006493, 47.471284957276296]]]}}, {"type": "Feature", "id": 3607, "properties": {"buildingId": 1, "floorId": 18, "roomNumber": "3-706", "roomName": "3-706 Oktat\u00f3", "scope": "budapest/lagymanyos/deli/3/LD-3-706-01-13", "roomCode": "LD-3-706-01-13", "roomType": "educational", "__tile": "17/72476/45848", "__layer": "rooms", "__zoom": 17, "__mvtId": 3607, "__building": "deli", "__ringVerts": 5, "id": 3607, "catalogFloorId": 18}, "geometry": {"type": "Polygon", "coordinates": [[[19.062527865171432, 47.47139736718616], [19.062535911798477, 47.47142456309597], [19.062460139393806, 47.471434988191], [19.062452092766762, 47.471407792286584], [19.062527865171432, 47.47139736718616]]]}}, {"type": "Feature", "id": 3393, "properties": {"buildingId": 1, "floorId": 18, "roomNumber": "3-108", "roomName": "3-108 L\u00e9pcs\u0151h\u00e1z", "scope": "budapest/lagymanyos/deli/3/LD-3-108-04-64", "roomCode": "LD-3-108-04-64", "roomType": "corridor", "__tile": "17/72476/45848", "__layer": "rooms", "__zoom": 17, "__mvtId": 3393, "__building": "deli", "__ringVerts": 5, "id": 3393, "catalogFloorId": 18}, "geometry": {"type": "Polygon", "coordinates": [[[19.062576815485954, 47.47109277203476], [19.06258352100849, 47.47111634196068], [19.0625037252903, 47.47112903345488], [19.062496349215508, 47.47110410373123], [19.062576815485954, 47.47109277203476]]]}}, {"type": "Feature", "id": 3803, "properties": {"buildingId": 1, "floorId": 18, "roomNumber": "3-607", "roomName": "3-607 Sz\u00e1m\u00edt\u00f3g\u00e9ptudom\u00e1nyi tansz\u00e9k", "scope": "budapest/lagymanyos/deli/3/LD-3-607-01-12", "roomCode": "LD-3-607-01-12", "roomType": "educational", "__tile": "17/72476/45848", "__layer": "rooms", "__zoom": 17, "__mvtId": 3803, "__building": "deli", "__ringVerts": 5, "id": 3803, "catalogFloorId": 18}, "geometry": {"type": "Polygon", "coordinates": [[[19.062924832105637, 47.47140189983877], [19.062940254807472, 47.471452665521326], [19.062858447432518, 47.471463997140205], [19.062843024730682, 47.47141323146859], [19.062924832105637, 47.47140189983877]]]}}, {"type": "Feature", "id": 3830, "properties": {"buildingId": 1, "floorId": 18, "roomNumber": "3-715", "roomName": "3-715 Matematikai Szakm\u00f3dszetani csoport", "scope": "budapest/lagymanyos/deli/3/LD-3-715-01-12", "roomCode": "LD-3-715-01-12", "roomType": "educational", "__tile": "17/72476/45848", "__layer": "rooms", "__zoom": 17, "__mvtId": 3830, "__building": "deli", "__ringVerts": 5, "id": 3830, "catalogFloorId": 18}, "geometry": {"type": "Polygon", "coordinates": [[[19.06261570751667, 47.471239630631715], [19.06263180077076, 47.471294475866685], [19.062556698918343, 47.47130490098752], [19.062539935112, 47.47125005576342], [19.06261570751667, 47.471239630631715]]]}}, {"type": "Feature", "id": 3770, "properties": {"buildingId": 1, "floorId": 18, "roomNumber": "3-707", "roomName": "3-707 Oktat\u00f3", "scope": "budapest/lagymanyos/deli/3/LD-3-707-01-13", "roomCode": "LD-3-707-01-13", "roomType": "educational", "__tile": "17/72476/45848", "__layer": "rooms", "__zoom": 17, "__mvtId": 3770, "__building": "deli", "__ringVerts": 5, "id": 3770, "catalogFloorId": 18}, "geometry": {"type": "Polygon", "coordinates": [[[19.062519147992134, 47.47136926473124], [19.06252719461918, 47.47139646065559], [19.062452092766762, 47.47140688575619], [19.062444046139717, 47.47137968983723], [19.062519147992134, 47.47136926473124]]]}}, {"type": "Feature", "id": 3709, "properties": {"buildingId": 1, "floorId": 18, "roomNumber": "3-722", "roomName": "3-722 WC", "scope": "budapest/lagymanyos/deli/3/LD-3-722-05-71", "roomCode": "LD-3-722-05-71", "roomType": "social", "__tile": "17/72476/45848", "__layer": "rooms", "__zoom": 17, "__mvtId": 3709, "__building": "deli", "__ringVerts": 5, "id": 3709, "catalogFloorId": 18}, "geometry": {"type": "Polygon", "coordinates": [[[19.062615036964417, 47.47145583837486], [19.062619730830193, 47.47147215590428], [19.062609672546387, 47.471473515698165], [19.062604308128357, 47.471457198169176], [19.062615036964417, 47.47145583837486]]]}}, {"type": "Feature", "id": 3763, "properties": {"buildingId": 1, "floorId": 18, "roomNumber": "3-615", "roomName": "3-615 Combinatorica szerkeszt\u0151s\u00e9ge", "scope": "budapest/lagymanyos/deli/3/LD-3-615-02-33", "roomCode": "LD-3-615-02-33", "roomType": "administrative", "__tile": "17/72476/45848", "__layer": "rooms", "__zoom": 17, "__mvtId": 3763, "__building": "deli", "__ringVerts": 5, "id": 3763, "catalogFloorId": 18}, "geometry": {"type": "Polygon", "coordinates": [[[19.062993228435516, 47.47148394078349], [19.0630079805851, 47.47153515965089], [19.062967747449875, 47.47154059881972], [19.06295232474804, 47.47148937995762], [19.062993228435516, 47.47148394078349]]]}}, {"type": "Feature", "id": 3446, "properties": {"buildingId": 1, "floorId": 18, "roomNumber": "3-505/A", "roomName": "3-505/A Oktat\u00f3", "scope": "budapest/lagymanyos/deli/3/LD-3-505-A-01-13", "roomCode": "LD-3-505/A-01-13", "roomType": "educational", "__tile": "17/72476/45848", "__layer": "rooms", "__zoom": 17, "__mvtId": 3446, "__building": "deli", "__ringVerts": 5, "id": 3446, "catalogFloorId": 18}, "geometry": {"type": "Polygon", "coordinates": [[[19.063189700245857, 47.47127725174947], [19.063197746872902, 47.471304447721444], [19.063122645020485, 47.4713148728403], [19.06311459839344, 47.47128767687373], [19.063189700245857, 47.47127725174947]]]}}, {"type": "Feature", "id": 3239, "properties": {"buildingId": 1, "floorId": 18, "roomNumber": "3-620", "roomName": "3-620 Oktat\u00f3", "scope": "budapest/lagymanyos/deli/3/LD-3-620-01-13", "roomCode": "LD-3-620-01-13", "roomType": "educational", "__tile": "17/72476/45848", "__layer": "rooms", "__zoom": 17, "__mvtId": 3239, "__building": "deli", "__ringVerts": 5, "id": 3239, "catalogFloorId": 18}, "geometry": {"type": "Polygon", "coordinates": [[[19.06278468668461, 47.471512496441385], [19.062800109386444, 47.471563715280965], [19.06275987625122, 47.471569154446826], [19.062744453549385, 47.4715183888768], [19.06278468668461, 47.471512496441385]]]}}, {"type": "Feature", "id": 3487, "properties": {"buildingId": 1, "floorId": 18, "roomNumber": "3-618", "roomName": "3-618 Titk\u00e1rs\u00e1g Algebra \u00e9s Sz\u00e1melm\u00e9let Tansz\u00e9k \u00e9s Anal\u00edzis Tansz\u00e9k", "scope": "budapest/lagymanyos/deli/3/LD-3-618-02-33", "roomCode": "LD-3-618-02-33", "roomType": "administrative", "__tile": "17/72476/45848", "__layer": "rooms", "__zoom": 17, "__mvtId": 3487, "__building": "deli", "__ringVerts": 5, "id": 3487, "catalogFloorId": 18}, "geometry": {"type": "Polygon", "coordinates": [[[19.06286783516407, 47.47150116483297], [19.062883257865906, 47.47155238368359], [19.062843024730682, 47.47155782285063], [19.062827602028847, 47.47150660400531], [19.06286783516407, 47.47150116483297]]]}}, {"type": "Feature", "id": 3391, "properties": {"buildingId": 1, "floorId": 18, "roomNumber": "3-419", "roomName": "3-419 Oktat\u00f3", "scope": "budapest/lagymanyos/deli/3/LD-3-419-01-13", "roomCode": "LD-3-419-01-13", "roomType": "educational", "__tile": "17/72476/45848", "__layer": "rooms", "__zoom": 17, "__mvtId": 3391, "__building": "deli", "__ringVerts": 5, "id": 3391, "catalogFloorId": 18}, "geometry": {"type": "Polygon", "coordinates": [[[19.063062965869904, 47.47085525911434], [19.06307101249695, 47.47088290857441], [19.06299591064453, 47.47089288050725], [19.062987864017487, 47.470865684322305], [19.063062965869904, 47.47085525911434]]]}}, {"type": "Feature", "id": 3634, "properties": {"buildingId": 1, "floorId": 18, "roomNumber": "3-509", "roomName": "3-509 Oktat\u00f3", "scope": "budapest/lagymanyos/deli/3/LD-3-509-01-13", "roomCode": "LD-3-509-01-13", "roomType": "educational", "__tile": "17/72476/45848", "__layer": "rooms", "__zoom": 17, "__mvtId": 3634, "__building": "deli", "__ringVerts": 5, "id": 3634, "catalogFloorId": 18}, "geometry": {"type": "Polygon", "coordinates": [[[19.063223898410797, 47.471389661675815], [19.063231945037842, 47.47141685758962], [19.06315617263317, 47.47142728268618], [19.063148126006126, 47.47140008677777], [19.063223898410797, 47.471389661675815]]]}}, {"type": "Feature", "id": 2718, "properties": {"buildingId": 1, "floorId": 18, "roomNumber": "3-508", "roomName": "3-508 Doktorandusz szoba", "scope": "budapest/lagymanyos/deli/3/LD-3-508-01-13", "roomCode": "LD-3-508-01-13", "roomType": "educational", "__tile": "17/72476/45848", "__layer": "rooms", "__zoom": 17, "__mvtId": 2718, "__building": "deli", "__ringVerts": 5, "id": 2718, "catalogFloorId": 18}, "geometry": {"type": "Polygon", "coordinates": [[[19.0632151812315, 47.471361559216774], [19.063223227858543, 47.47138875514512], [19.063148126006126, 47.471399180247246], [19.06314007937908, 47.4713719843243], [19.0632151812315, 47.471361559216774]]]}}, {"type": "Feature", "id": 2909, "properties": {"buildingId": 1, "floorId": 18, "roomNumber": "3-704", "roomName": "3-704 Oktat\u00f3", "scope": "budapest/lagymanyos/deli/3/LD-3-704-01-13", "roomCode": "LD-3-704-01-13", "roomType": "educational", "__tile": "17/72476/45848", "__layer": "rooms", "__zoom": 17, "__mvtId": 2909, "__building": "deli", "__ringVerts": 5, "id": 2909, "catalogFloorId": 18}, "geometry": {"type": "Polygon", "coordinates": [[[19.062544628977776, 47.471453572050926], [19.06255267560482, 47.47148076793165], [19.062477573752403, 47.47149119301553], [19.062468856573105, 47.471463997140205], [19.062544628977776, 47.471453572050926]]]}}, {"type": "Feature", "id": 3032, "properties": {"buildingId": 1, "floorId": 18, "roomNumber": "3-702", "roomName": "3-702 Oper\u00e1ci\u00f3kutat\u00e1si Tansz\u00e9k Titk\u00e1rs\u00e1g, Matematikatan\u00edt\u00e1si \u00e9s M\u00f3dszertani K\u00f6zpont Titk\u00e1rs\u00e1g", "scope": "budapest/lagymanyos/deli/3/LD-3-702-02-33", "roomCode": "LD-3-702-02-33", "roomType": "administrative", "__tile": "17/72476/45848", "__layer": "rooms", "__zoom": 17, "__mvtId": 3032, "__building": "deli", "__ringVerts": 5, "id": 3032, "catalogFloorId": 18}, "geometry": {"type": "Polygon", "coordinates": [[[19.06256139278412, 47.47150977685559], [19.062569439411163, 47.471537425971306], [19.062494337558746, 47.47154739777996], [19.0624862909317, 47.471520201933714], [19.06256139278412, 47.47150977685559]]]}}, {"type": "Feature", "id": 2279, "properties": {"buildingId": 1, "floorId": 18, "roomNumber": "3-701", "roomName": "3-701 Alkalmazott Anal\u00edzis \u00e9s Sz\u00e1m\u00edt\u00e1smatematikai Tansz\u00e9k  Tansz\u00e9kvezet\u0151", "scope": "budapest/lagymanyos/deli/3/LD-3-701-01-13", "roomCode": "LD-3-701-01-13", "roomType": "educational", "__tile": "17/72476/45848", "__layer": "rooms", "__zoom": 17, "__mvtId": 2279, "__building": "deli", "__ringVerts": 5, "id": 2279, "catalogFloorId": 18}, "geometry": {"type": "Polygon", "coordinates": [[[19.062570109963417, 47.47153787923538], [19.062586203217506, 47.4715931774227], [19.06251110136509, 47.47160360248428], [19.062494337558746, 47.47154830430793], [19.062570109963417, 47.47153787923538]]]}}, {"type": "Feature", "id": 3516, "properties": {"buildingId": 1, "floorId": 18, "roomNumber": "3-214", "roomName": "3-214 WC", "scope": "budapest/lagymanyos/deli/3/LD-3-214-05-71", "roomCode": "LD-3-214-05-71", "roomType": "social", "__tile": "17/72476/45848", "__layer": "rooms", "__zoom": 17, "__mvtId": 3516, "__building": "deli", "__ringVerts": 5, "id": 3516, "catalogFloorId": 18}, "geometry": {"type": "Polygon", "coordinates": [[[19.062413200736046, 47.47082715636954], [19.062418565154076, 47.47084347409416], [19.062407836318016, 47.470844833904316], [19.06240314245224, 47.47082851618012], [19.062413200736046, 47.47082715636954]]]}}, {"type": "Feature", "id": 2312, "properties": {"buildingId": 1, "floorId": 18, "roomNumber": "3-212", "roomName": "3-212 El\u0151t\u00e9r", "scope": "budapest/lagymanyos/deli/3/LD-3-212-04-63", "roomCode": "LD-3-212-04-63", "roomType": "corridor", "__tile": "17/72476/45848", "__layer": "rooms", "__zoom": 17, "__mvtId": 2312, "__building": "deli", "__ringVerts": 5, "id": 2312, "catalogFloorId": 18}, "geometry": {"type": "Polygon", "coordinates": [[[19.062456116080284, 47.47083894139338], [19.062459468841553, 47.470850273144585], [19.062411189079285, 47.470856618924195], [19.062407836318016, 47.470845740444396], [19.062456116080284, 47.47083894139338]]]}}, {"type": "Feature", "id": 3286, "properties": {"buildingId": 1, "floorId": 18, "roomNumber": "3-206", "roomName": "3-206 Oktat\u00f3", "scope": "budapest/lagymanyos/deli/3/LD-3-206-01-13", "roomCode": "LD-3-206-01-13", "roomType": "educational", "__tile": "17/72476/45848", "__layer": "rooms", "__zoom": 17, "__mvtId": 3286, "__building": "deli", "__ringVerts": 5, "id": 3286, "catalogFloorId": 18}, "geometry": {"type": "Polygon", "coordinates": [[[19.062374979257584, 47.47089152069834], [19.062383696436882, 47.47091871686992], [19.06230792403221, 47.47092914206529], [19.062299877405167, 47.47090194589911], [19.062374979257584, 47.47089152069834]]]}}, {"type": "Feature", "id": 3437, "properties": {"buildingId": 1, "floorId": 18, "roomNumber": "3-202", "roomName": "3-202 Oktat\u00f3", "scope": "budapest/lagymanyos/deli/3/LD-3-202-01-13", "roomCode": "LD-3-202-01-13", "roomType": "educational", "__tile": "17/72476/45848", "__layer": "rooms", "__zoom": 17, "__mvtId": 3437, "__building": "deli", "__ringVerts": 5, "id": 3437, "catalogFloorId": 18}, "geometry": {"type": "Polygon", "coordinates": [[[19.062434658408165, 47.47108823935548], [19.06244270503521, 47.47111543542526], [19.062367603182793, 47.47112586058161], [19.062358886003494, 47.47109866451723], [19.062434658408165, 47.47108823935548]]]}}, {"type": "Feature", "id": 3262, "properties": {"buildingId": 1, "floorId": 18, "roomNumber": "3-208", "roomName": "3-208 Oktat\u00f3", "scope": "budapest/lagymanyos/deli/3/LD-3-208-01-13", "roomCode": "LD-3-208-01-13", "roomType": "educational", "__tile": "17/72476/45848", "__layer": "rooms", "__zoom": 17, "__mvtId": 3262, "__building": "deli", "__ringVerts": 5, "id": 3262, "catalogFloorId": 18}, "geometry": {"type": "Polygon", "coordinates": [[[19.06235821545124, 47.470835315232485], [19.062366262078285, 47.47086251143314], [19.06229116022587, 47.470872936639665], [19.062283113598824, 47.470845740444396], [19.06235821545124, 47.470835315232485]]]}}, {"type": "Feature", "id": 2629, "properties": {"buildingId": 1, "floorId": 18, "roomNumber": "3-204/A", "roomName": "3-204/A Oktat\u00f3", "scope": "budapest/lagymanyos/deli/3/LD-3-204-A-01-13", "roomCode": "LD-3-204/A-01-13", "roomType": "educational", "__tile": "17/72476/45848", "__layer": "rooms", "__zoom": 17, "__mvtId": 2629, "__building": "deli", "__ringVerts": 5, "id": 2629, "catalogFloorId": 18}, "geometry": {"type": "Polygon", "coordinates": [[[19.062400460243225, 47.47097582878442], [19.062409177422523, 47.47100302491237], [19.062333405017853, 47.47101345009102], [19.062325358390808, 47.47098625396847], [19.062400460243225, 47.47097582878442]]]}}, {"type": "Feature", "id": 2591, "properties": {"buildingId": 1, "floorId": 18, "roomNumber": "3-205", "roomName": "3-205 Oktat\u00f3", "scope": "budapest/lagymanyos/deli/3/LD-3-205-01-13", "roomCode": "LD-3-205-01-13", "roomType": "educational", "__tile": "17/72476/45848", "__layer": "rooms", "__zoom": 17, "__mvtId": 2591, "__building": "deli", "__ringVerts": 5, "id": 2591, "catalogFloorId": 18}, "geometry": {"type": "Polygon", "coordinates": [[[19.062383696436882, 47.47091962340873], [19.062400460243225, 47.470974922246576], [19.062325358390808, 47.470985347430805], [19.062308594584465, 47.47093004860391], [19.062383696436882, 47.47091962340873]]]}}, {"type": "Feature", "id": 2270, "properties": {"buildingId": 1, "floorId": 18, "roomNumber": "3-209", "roomName": "3-209 Oktat\u00f3", "scope": "budapest/lagymanyos/deli/3/LD-3-209-01-13", "roomCode": "LD-3-209-01-13", "roomType": "educational", "__tile": "17/72476/45848", "__layer": "rooms", "__zoom": 17, "__mvtId": 2270, "__building": "deli", "__ringVerts": 5, "id": 2270, "catalogFloorId": 18}, "geometry": {"type": "Polygon", "coordinates": [[[19.062350168824196, 47.47080721247701], [19.06235821545124, 47.47083440869221], [19.06228244304657, 47.470844833904316], [19.062274396419525, 47.4708176376945], [19.062350168824196, 47.47080721247701]]]}}, {"type": "Feature", "id": 2427, "properties": {"buildingId": 1, "floorId": 18, "roomNumber": "3-215", "roomName": "3-215 WC", "scope": "budapest/lagymanyos/deli/3/LD-3-215-05-71", "roomCode": "LD-3-215-05-71", "roomType": "social", "__tile": "17/72476/45848", "__layer": "rooms", "__zoom": 17, "__mvtId": 2427, "__building": "deli", "__ringVerts": 5, "id": 2427, "catalogFloorId": 18}, "geometry": {"type": "Polygon", "coordinates": [[[19.062425270676613, 47.47082579655892], [19.06242996454239, 47.470841661013885], [19.062419906258583, 47.47084347409416], [19.062414541840553, 47.47082715636954], [19.062425270676613, 47.47082579655892]]]}}, {"type": "Feature", "id": 3194, "properties": {"buildingId": 1, "floorId": 18, "roomNumber": "3-114", "roomName": "3-114 UNIX szoba", "scope": "budapest/lagymanyos/deli/3/LD-3-114-01-16", "roomCode": "LD-3-114-01-16", "roomType": "educational", "__tile": "17/72476/45848", "__layer": "rooms", "__zoom": 17, "__mvtId": 3194, "__building": "deli", "__ringVerts": 6, "id": 3194, "catalogFloorId": 18}, "geometry": {"type": "Polygon", "coordinates": [[[19.062918797135353, 47.47111362235438], [19.062937572598457, 47.47115804257296], [19.06293086707592, 47.47116484158269], [19.062857776880264, 47.47117526672924], [19.06284235417843, 47.47112404751109], [19.062918797135353, 47.47111362235438]]]}}, {"type": "Feature", "id": 2439, "properties": {"buildingId": 1, "floorId": 18, "roomNumber": "3-107", "roomName": "D 3-107", "scope": "budapest/lagymanyos/deli/3/LD-3-107-01-14", "roomCode": "LD-3-107-01-14", "roomType": "educational", "__tile": "17/72476/45848", "__layer": "rooms", "__zoom": 17, "__mvtId": 2439, "__building": "deli", "__ringVerts": 6, "id": 2439, "catalogFloorId": 18}, "geometry": {"type": "Polygon", "coordinates": [[[19.062690138816833, 47.47105379098022], [19.06270556151867, 47.47110455699904], [19.062587544322014, 47.471120874637535], [19.06256876885891, 47.47107600111949], [19.062575474381447, 47.47106920209826], [19.062690138816833, 47.47105379098022]]]}}, {"type": "Feature", "id": 3771, "properties": {"buildingId": 1, "floorId": 18, "roomNumber": "3-105", "roomName": "D 3-105 Grafika labor", "scope": "budapest/lagymanyos/deli/3/LD-3-105-01-12", "roomCode": "LD-3-105-01-12", "roomType": "educational", "__tile": "17/72476/45848", "__layer": "rooms", "__zoom": 17, "__mvtId": 3771, "__building": "deli", "__ringVerts": 5, "id": 3771, "catalogFloorId": 18}, "geometry": {"type": "Polygon", "coordinates": [[[19.062814861536026, 47.47103656678412], [19.06283028423786, 47.47108733281958], [19.062706902623177, 47.47110455699904], [19.06269147992134, 47.47105333771198], [19.062814861536026, 47.47103656678412]]]}}, {"type": "Feature", "id": 2669, "properties": {"buildingId": 1, "floorId": 18, "roomNumber": "3-103", "roomName": "3-103 Doktorandusz", "scope": "budapest/lagymanyos/deli/3/LD-3-103-01-13", "roomCode": "LD-3-103-01-13", "roomType": "educational", "__tile": "17/72476/45848", "__layer": "rooms", "__zoom": 17, "__mvtId": 2669, "__building": "deli", "__ringVerts": 6, "id": 2669, "catalogFloorId": 18}, "geometry": {"type": "Polygon", "coordinates": [[[19.06288929283619, 47.47102614161006], [19.062899351119995, 47.47103067429469], [19.06290739774704, 47.471076907655586], [19.0628731995821, 47.47108144033584], [19.062857776880264, 47.47103067429469], [19.06288929283619, 47.47102614161006]]]}}, {"type": "Feature", "id": 3435, "properties": {"buildingId": 1, "floorId": 18, "roomNumber": "3-204", "roomName": "3-204 (nem oszthat\u00f3)", "scope": "budapest/lagymanyos/deli/3/LD-3-204-01-13", "roomCode": "LD-3-204-01-13", "roomType": "educational", "__tile": "17/72476/45848", "__layer": "rooms", "__zoom": 17, "__mvtId": 3435, "__building": "deli", "__ringVerts": 5, "id": 3435, "catalogFloorId": 18}, "geometry": {"type": "Polygon", "coordinates": [[[19.062409177422523, 47.47100393144973], [19.062425941228867, 47.47105923019887], [19.062350168824196, 47.47106965536637], [19.062334075570107, 47.471014356628196], [19.062409177422523, 47.47100393144973]]]}}, {"type": "Feature", "id": 3484, "properties": {"buildingId": 1, "floorId": 18, "roomNumber": "3-104", "roomName": "3-104 Oktat\u00f3", "scope": "budapest/lagymanyos/deli/3/LD-3-104-01-13", "roomCode": "LD-3-104-01-13", "roomType": "educational", "__tile": "17/72476/45848", "__layer": "rooms", "__zoom": 17, "__mvtId": 3484, "__building": "deli", "__ringVerts": 5, "id": 3484, "catalogFloorId": 18}, "geometry": {"type": "Polygon", "coordinates": [[[19.062856435775757, 47.47103067429469], [19.062871858477592, 47.47108144033584], [19.06283162534237, 47.47108733281958], [19.062816202640533, 47.47103611351573], [19.062856435775757, 47.47103067429469]]]}}, {"type": "Feature", "id": 2521, "properties": {"buildingId": 1, "floorId": 18, "roomNumber": "3-203", "roomName": "3-203 Oktat\u00f3", "scope": "budapest/lagymanyos/deli/3/LD-3-203-01-13", "roomCode": "LD-3-203-01-13", "roomType": "educational", "__tile": "17/72476/45848", "__layer": "rooms", "__zoom": 17, "__mvtId": 2521, "__building": "deli", "__ringVerts": 5, "id": 2521, "catalogFloorId": 18}, "geometry": {"type": "Polygon", "coordinates": [[[19.062425941228867, 47.47106013673526], [19.06243398785591, 47.47108733281958], [19.062358886003494, 47.47109775798151], [19.06235083937645, 47.47107056190258], [19.062425941228867, 47.47106013673526]]]}}, {"type": "Feature", "id": 3306, "properties": {"buildingId": 1, "floorId": 18, "roomNumber": "3-405/A", "roomName": "3-405/A Titk\u00e1rs\u00e1g", "scope": "budapest/lagymanyos/deli/3/LD-3-405-A-02-33", "roomCode": "LD-3-405/A-02-33", "roomType": "administrative", "__tile": "17/72476/45848", "__layer": "rooms", "__zoom": 17, "__mvtId": 3306, "__building": "deli", "__ringVerts": 5, "id": 3306, "catalogFloorId": 18}, "geometry": {"type": "Polygon", "coordinates": [[[19.06293287873268, 47.470873389909464], [19.062940925359726, 47.47090058609042], [19.06286582350731, 47.470911011289395], [19.062857776880264, 47.47088381511383], [19.06293287873268, 47.470873389909464]]]}}, {"type": "Feature", "id": 3781, "properties": {"buildingId": 1, "floorId": 18, "roomNumber": "3-403", "roomName": "3-403 Mosd\u00f3-zuhany", "scope": "budapest/lagymanyos/deli/3/LD-3-403-05-71", "roomCode": "LD-3-403-05-71", "roomType": "social", "__tile": "17/72476/45848", "__layer": "rooms", "__zoom": 17, "__mvtId": 3781, "__building": "deli", "__ringVerts": 6, "id": 3781, "catalogFloorId": 18}, "geometry": {"type": "Polygon", "coordinates": [[[19.062918797135353, 47.470992146462876], [19.062926173210144, 47.47101843604529], [19.062906056642532, 47.471021155656516], [19.062898010015488, 47.47101752950818], [19.06289130449295, 47.47099577261296], [19.062918797135353, 47.470992146462876]]]}}, {"type": "Feature", "id": 3281, "properties": {"buildingId": 1, "floorId": 18, "roomNumber": "3-402", "roomName": "3-402 N\u0151i WC csoport", "scope": "budapest/lagymanyos/deli/3/LD-3-402-05-71", "roomCode": "LD-3-402-05-71", "roomType": "social", "__tile": "17/72476/45848", "__layer": "rooms", "__zoom": 17, "__mvtId": 3281, "__building": "deli", "__ringVerts": 5, "id": 3281, "catalogFloorId": 18}, "geometry": {"type": "Polygon", "coordinates": [[[19.0629630535841, 47.47098580069964], [19.06297042965889, 47.47101209028522], [19.062926843762398, 47.47101843604529], [19.062919467687607, 47.4709916931941], [19.0629630535841, 47.47098580069964]]]}}, {"type": "Feature", "id": 3019, "properties": {"buildingId": 1, "floorId": 18, "roomNumber": "3-405", "roomName": "3-405 Doktorandusz szoba", "scope": "budapest/lagymanyos/deli/3/LD-3-405-01-13", "roomCode": "LD-3-405-01-13", "roomType": "educational", "__tile": "17/72476/45848", "__layer": "rooms", "__zoom": 17, "__mvtId": 3019, "__building": "deli", "__ringVerts": 5, "id": 3019, "catalogFloorId": 18}, "geometry": {"type": "Polygon", "coordinates": [[[19.06294159591198, 47.47090149262955], [19.062949642539024, 47.470928688795965], [19.062874540686607, 47.47093911398937], [19.06286582350731, 47.470911917828346], [19.06294159591198, 47.47090149262955]]]}}, {"type": "Feature", "id": 2405, "properties": {"buildingId": 1, "floorId": 18, "roomNumber": "3-703", "roomName": "3-703 Oktat\u00f3i Sz\u00e1m\u00edt\u00f3g\u00e9pterem", "scope": "budapest/lagymanyos/deli/3/LD-3-703-01-12", "roomCode": "LD-3-703-01-12", "roomType": "educational", "__tile": "17/72476/45848", "__layer": "rooms", "__zoom": 17, "__mvtId": 2405, "__building": "deli", "__ringVerts": 5, "id": 2405, "catalogFloorId": 18}, "geometry": {"type": "Polygon", "coordinates": [[[19.062553346157074, 47.47148167446077], [19.06256139278412, 47.47150932359128], [19.062485620379448, 47.471519295405265], [19.062477573752403, 47.47149209954448], [19.062553346157074, 47.47148167446077]]]}}, {"type": "Feature", "id": 2756, "properties": {"buildingId": 1, "floorId": 18, "roomNumber": "3-705", "roomName": "3-705 Oktat\u00f3", "scope": "budapest/lagymanyos/deli/3/LD-3-705-01-13", "roomCode": "LD-3-705-01-13", "roomType": "educational", "__tile": "17/72476/45848", "__layer": "rooms", "__zoom": 17, "__mvtId": 2756, "__building": "deli", "__ringVerts": 5, "id": 2756, "catalogFloorId": 18}, "geometry": {"type": "Polygon", "coordinates": [[[19.062535911798477, 47.471425469626055], [19.062543958425522, 47.471452665521326], [19.062468856573105, 47.47146309061078], [19.06246080994606, 47.471435894720905], [19.062535911798477, 47.471425469626055]]]}}, {"type": "Feature", "id": 2959, "properties": {"buildingId": 1, "floorId": 18, "roomNumber": "3-712", "roomName": "3-712 Oktat\u00f3", "scope": "budapest/lagymanyos/deli/3/LD-3-712-01-13", "roomCode": "LD-3-712-01-13", "roomType": "educational", "__tile": "17/72476/45848", "__layer": "rooms", "__zoom": 17, "__mvtId": 2959, "__building": "deli", "__ringVerts": 5, "id": 2959, "catalogFloorId": 18}, "geometry": {"type": "Polygon", "coordinates": [[[19.062460139393806, 47.47117345366042], [19.06246818602085, 47.47119974315215], [19.06239241361618, 47.471210168291776], [19.06238503754139, 47.47118387880527], [19.062460139393806, 47.47117345366042]]]}}, {"type": "Feature", "id": 2285, "properties": {"buildingId": 1, "floorId": 18, "roomNumber": "3-109", "roomName": "3-109 K\u00f6zleked\u0151", "scope": "budapest/lagymanyos/deli/3/LD-3-109-04-63", "roomCode": "LD-3-109-04-63", "roomType": "corridor", "__tile": "17/72476/45848", "__layer": "rooms", "__zoom": 17, "__mvtId": 2285, "__building": "deli", "__ringVerts": 7, "id": 2285, "catalogFloorId": 18}, "geometry": {"type": "Polygon", "coordinates": [[[19.062451422214508, 47.47114353801592], [19.062460139393806, 47.47117254712599], [19.062384366989136, 47.471182972271016], [19.062380343675613, 47.47116937425535], [19.06243532896042, 47.47116166871159], [19.062430635094643, 47.47114625762067], [19.062451422214508, 47.47114353801592]]]}}, {"type": "Feature", "id": 2896, "properties": {"buildingId": 1, "floorId": 18, "roomNumber": "3-223", "roomName": "3-223 N\u0151i WC csoport", "scope": "budapest/lagymanyos/deli/3/LD-3-223-05-71", "roomCode": "LD-3-223-05-71", "roomType": "social", "__tile": "17/72476/45848", "__layer": "rooms", "__zoom": 17, "__mvtId": 2896, "__building": "deli", "__ringVerts": 7, "id": 2896, "catalogFloorId": 18}, "geometry": {"type": "Polygon", "coordinates": [[[19.062527865171432, 47.471045632151196], [19.06253457069397, 47.471066482489526], [19.062517136335373, 47.47106920209826], [19.062519147992134, 47.471074188047254], [19.062492325901985, 47.471077814191666], [19.06248427927494, 47.47105152463895], [19.062527865171432, 47.471045632151196]]]}}, {"type": "Feature", "id": 2460, "properties": {"buildingId": 1, "floorId": 18, "roomNumber": "3-218", "roomName": "3-218 Oktat\u00f3i sz\u00e1m\u00edt\u00f3g\u00e9pterem", "scope": "budapest/lagymanyos/deli/3/LD-3-218-01-12", "roomCode": "LD-3-218-01-12", "roomType": "educational", "__tile": "17/72476/45848", "__layer": "rooms", "__zoom": 17, "__mvtId": 2460, "__building": "deli", "__ringVerts": 5, "id": 2460, "catalogFloorId": 18}, "geometry": {"type": "Polygon", "coordinates": [[[19.062513783574104, 47.47090149262955], [19.06252183020115, 47.47092914206529], [19.062446728348732, 47.47093911398937], [19.062438681721687, 47.470911917828346], [19.062513783574104, 47.47090149262955]]]}}, {"type": "Feature", "id": 3525, "properties": {"buildingId": 1, "floorId": 18, "roomNumber": "3-225", "roomName": "3-225 Doktoranduszok", "scope": "budapest/lagymanyos/deli/3/LD-3-225-01-13", "roomCode": "LD-3-225-01-13", "roomType": "educational", "__tile": "17/72476/45848", "__layer": "rooms", "__zoom": 17, "__mvtId": 3525, "__building": "deli", "__ringVerts": 5, "id": 3525, "catalogFloorId": 18}, "geometry": {"type": "Polygon", "coordinates": [[[19.062505066394806, 47.470873389909464], [19.062513783574104, 47.47090103935999], [19.062438011169434, 47.470911011289395], [19.06242996454239, 47.47088381511383], [19.062505066394806, 47.470873389909464]]]}}, {"type": "Feature", "id": 2461, "properties": {"buildingId": 1, "floorId": 18, "roomNumber": "3-623", "roomName": "3-623 Oktat\u00f3", "scope": "budapest/lagymanyos/deli/3/LD-3-623-01-13", "roomCode": "LD-3-623-01-13", "roomType": "educational", "__tile": "17/72476/45848", "__layer": "rooms", "__zoom": 17, "__mvtId": 2461, "__building": "deli", "__ringVerts": 5, "id": 2461, "catalogFloorId": 18}, "geometry": {"type": "Polygon", "coordinates": [[[19.062659963965416, 47.471529720481506], [19.06267538666725, 47.47158093930429], [19.062635153532028, 47.47158637846838], [19.062619730830193, 47.47153515965089], [19.062659963965416, 47.471529720481506]]]}}, {"type": "Feature", "id": 3000, "properties": {"buildingId": 1, "floorId": 18, "roomNumber": "3-516", "roomName": "3-516 Opkut Tsz PhD szoba", "scope": "budapest/lagymanyos/deli/3/LD-3-516-01-13", "roomCode": "LD-3-516-01-13", "roomType": "educational", "__tile": "17/72476/45848", "__layer": "rooms", "__zoom": 17, "__mvtId": 3000, "__building": "deli", "__ringVerts": 6, "id": 3000, "catalogFloorId": 18}, "geometry": {"type": "Polygon", "coordinates": [[[19.063068330287933, 47.471323031627534], [19.063084423542023, 47.47137742351002], [19.063016027212143, 47.4713864888183], [19.0630079805851, 47.47138286269517], [19.062993228435516, 47.4713334567427], [19.063068330287933, 47.471323031627534]]]}}, {"type": "Feature", "id": 3276, "properties": {"buildingId": 1, "floorId": 18, "roomNumber": "3-611", "roomName": "3-611 L\u00e9pcs\u0151h\u00e1z", "scope": "budapest/lagymanyos/deli/3/LD-3-611-04-64", "roomCode": "LD-3-611-04-64", "roomType": "corridor", "__tile": "17/72476/45848", "__layer": "rooms", "__zoom": 17, "__mvtId": 3276, "__building": "deli", "__ringVerts": 7, "id": 3276, "catalogFloorId": 18}, "geometry": {"type": "Polygon", "coordinates": [[[19.063090458512306, 47.47140915208214], [19.063099175691605, 47.471438161045604], [19.063083082437515, 47.4714404273702], [19.063081741333008, 47.471434988191], [19.06302474439144, 47.4714426936947], [19.06301736831665, 47.47141957718022], [19.063090458512306, 47.47140915208214]]]}}, {"type": "Feature", "id": 3468, "properties": {"buildingId": 1, "floorId": 18, "roomNumber": "3-504/A", "roomName": "3-504/A Oktat\u00f3", "scope": "budapest/lagymanyos/deli/3/LD-3-504-A-01-13", "roomCode": "LD-3-504/A-01-13", "roomType": "educational", "__tile": "17/72476/45848", "__layer": "rooms", "__zoom": 17, "__mvtId": 3468, "__building": "deli", "__ringVerts": 5, "id": 3468, "catalogFloorId": 18}, "geometry": {"type": "Polygon", "coordinates": [[[19.063172936439514, 47.47122104669613], [19.06318098306656, 47.47124824269719], [19.063105881214142, 47.4712586678272], [19.063097834587097, 47.47123147183154], [19.063172936439514, 47.47122104669613]]]}}, {"type": "Feature", "id": 2754, "properties": {"buildingId": 1, "floorId": 18, "roomNumber": "3-207", "roomName": "3-207 Oktat\u00f3", "scope": "budapest/lagymanyos/deli/3/LD-3-207-01-13", "roomCode": "LD-3-207-01-13", "roomType": "educational", "__tile": "17/72476/45848", "__layer": "rooms", "__zoom": 17, "__mvtId": 2754, "__building": "deli", "__ringVerts": 5, "id": 2754, "catalogFloorId": 18}, "geometry": {"type": "Polygon", "coordinates": [[[19.06236693263054, 47.47086341797292], [19.062374979257584, 47.47089061415904], [19.062299877405167, 47.47090103935999], [19.06229116022587, 47.47087384317927], [19.06236693263054, 47.47086341797292]]]}}, {"type": "Feature", "id": 2965, "properties": {"buildingId": 1, "floorId": 18, "roomNumber": "3-711/A", "roomName": "3-711/A Oktat\u00f3", "scope": "budapest/lagymanyos/deli/3/LD-3-711-A-01-13", "roomCode": "LD-3-711/A-01-13", "roomType": "educational", "__tile": "17/72476/45848", "__layer": "rooms", "__zoom": 17, "__mvtId": 2965, "__building": "deli", "__ringVerts": 5, "id": 2965, "catalogFloorId": 18}, "geometry": {"type": "Polygon", "coordinates": [[[19.06246818602085, 47.47120064968611], [19.06247690320015, 47.47122784569772], [19.06240113079548, 47.47123827083177], [19.062393084168434, 47.471211074825554], [19.06246818602085, 47.47120064968611]]]}}, {"type": "Feature", "id": 2596, "properties": {"buildingId": 1, "floorId": 18, "roomNumber": "3-102", "roomName": "3-102 L\u00e9pcs\u0151h\u00e1z", "scope": "budapest/lagymanyos/deli/3/LD-3-102-04-64", "roomCode": "LD-3-102-04-64", "roomType": "corridor", "__tile": "17/72476/45848", "__layer": "rooms", "__zoom": 17, "__mvtId": 2596, "__building": "deli", "__ringVerts": 6, "id": 2596, "catalogFloorId": 18}, "geometry": {"type": "Polygon", "coordinates": [[[19.062982499599457, 47.47103702005251], [19.062989875674248, 47.471062403076154], [19.062974452972412, 47.471064216148804], [19.062908738851547, 47.471071468438765], [19.062901362776756, 47.47104835176101], [19.062982499599457, 47.47103702005251]]]}}, {"type": "Feature", "id": 2849, "properties": {"buildingId": 1, "floorId": 18, "roomNumber": "3-501", "roomName": "3-501 Oktat\u00f3", "scope": "budapest/lagymanyos/deli/3/LD-3-501-01-13", "roomCode": "LD-3-501-01-13", "roomType": "educational", "__tile": "17/72476/45848", "__layer": "rooms", "__zoom": 17, "__mvtId": 2849, "__building": "deli", "__ringVerts": 5, "id": 2849, "catalogFloorId": 18}, "geometry": {"type": "Polygon", "coordinates": [[[19.06313069164753, 47.47108053379982], [19.063138738274574, 47.471107729873594], [19.063063636422157, 47.47111815503146], [19.06305491924286, 47.47109095896309], [19.06313069164753, 47.47108053379982]]]}}, {"type": "Feature", "id": 3200, "properties": {"buildingId": 1, "floorId": 18, "roomNumber": "3-520", "roomName": "3-520 F\u00e9rfi WC el\u0151t\u00e9r", "scope": "budapest/lagymanyos/deli/3/LD-3-520-04-63", "roomCode": "LD-3-520-04-63", "roomType": "corridor", "__tile": "17/72476/45848", "__layer": "rooms", "__zoom": 17, "__mvtId": 3200, "__building": "deli", "__ringVerts": 8, "id": 3200, "catalogFloorId": 18}, "geometry": {"type": "Polygon", "coordinates": [[[19.063010662794113, 47.471132206327944], [19.06301736831665, 47.47115396316669], [19.062948301434517, 47.47116348178081], [19.062942937016487, 47.47116892098811], [19.062933549284935, 47.471165294849975], [19.062940254807472, 47.4711584958403], [19.062935560941696, 47.471142631480966], [19.063010662794113, 47.471132206327944]]]}}, {"type": "Feature", "id": 2618, "properties": {"buildingId": 1, "floorId": 18, "roomNumber": "3-517", "roomName": "3-517", "scope": "budapest/lagymanyos/deli/3/LD-3-517-01-12", "roomCode": "LD-3-517-01-12", "roomType": "educational", "__tile": "17/72476/45848", "__layer": "rooms", "__zoom": 17, "__mvtId": 2618, "__building": "deli", "__ringVerts": 5, "id": 2618, "catalogFloorId": 18}, "geometry": {"type": "Polygon", "coordinates": [[[19.06305156648159, 47.47126682662315], [19.063068330287933, 47.471322125095675], [19.062992557883263, 47.47133255021103], [19.06297579407692, 47.47127725174947], [19.06305156648159, 47.47126682662315]]]}}, {"type": "Feature", "id": 2611, "properties": {"buildingId": 1, "floorId": 18, "roomNumber": "3-612", "roomName": "3-612 K\u00f6zleked\u0151", "scope": "budapest/lagymanyos/deli/3/LD-3-612-04-63", "roomCode": "LD-3-612-04-63", "roomType": "corridor", "__tile": "17/72476/45848", "__layer": "rooms", "__zoom": 17, "__mvtId": 2611, "__building": "deli", "__ringVerts": 70, "id": 2611, "catalogFloorId": 18}, "geometry": {"type": "Polygon", "coordinates": [[[19.06313270330429, 47.4713524939042], [19.06313605606556, 47.47136291901352], [19.0631253272295, 47.47136427881024], [19.06313069164753, 47.47138195616436], [19.063140749931335, 47.47138059636809], [19.063144102692604, 47.47139102147184], [19.063133373856544, 47.471392381267826], [19.063138738274574, 47.47141005861249], [19.063149467110634, 47.47140869881696], [19.063152819871902, 47.47141912391513], [19.063142091035843, 47.471420483710396], [19.063147455453873, 47.471438161045604], [19.063158184289932, 47.471436801250796], [19.063160866498947, 47.4714472263434], [19.06315080821514, 47.47144858613793], [19.06315617263317, 47.47146626346368], [19.063166230916977, 47.471464903669606], [19.063169583678246, 47.47147532875664], [19.063158854842186, 47.471476688550446], [19.063160195946693, 47.47147940813796], [19.0631702542305, 47.47147804834421], [19.063180312514305, 47.47151113664851], [19.063134044408798, 47.47151748234832], [19.063119292259216, 47.471466716728365], [19.063131362199783, 47.471464903669606], [19.06312867999077, 47.471457198169176], [19.063102528452873, 47.471460824287156], [19.063105210661888, 47.47146762325773], [19.063089787960052, 47.47146988958106], [19.063087105751038, 47.471462637346065], [19.063061624765396, 47.47146626346368], [19.063063636422157, 47.471473515698165], [19.06304821372032, 47.47147578202124], [19.063045531511307, 47.47146852978707], [19.06301937997341, 47.47147215590428], [19.063022062182426, 47.47147895487338], [19.063005968928337, 47.471481221196214], [19.063003957271576, 47.47147396896278], [19.06297780573368, 47.471477595079634], [19.062980487942696, 47.47148484731255], [19.062964394688606, 47.471487113635135], [19.062962383031845, 47.47147986140253], [19.06293623149395, 47.47148348751896], [19.062938913702965, 47.47149073975107], [19.062922820448875, 47.471492552808925], [19.062920808792114, 47.47148575384159], [19.06289465725422, 47.47148937995762], [19.062897339463234, 47.4714961789245], [19.062881246209145, 47.47149844524658], [19.06287118792534, 47.47146309061078], [19.062886610627174, 47.471461277551896], [19.062888622283936, 47.4714680765224], [19.06291477382183, 47.47146445040491], [19.06291276216507, 47.47145765143393], [19.062928184866905, 47.47145538511008], [19.062930196523666, 47.471462637346065], [19.06295634806156, 47.4714590112282], [19.0629543364048, 47.47145175899171], [19.062969759106636, 47.471449945932434], [19.062971770763397, 47.4714567449044], [19.062997922301292, 47.47145311878613], [19.06299591064453, 47.47144631981369], [19.063011333346367, 47.47144405348935], [19.063013345003128, 47.471450852462084], [19.063024073839188, 47.47145175899171], [19.06311459839344, 47.471437254515735], [19.06309448182583, 47.47136835820018], [19.06308375298977, 47.471370171262265], [19.0630804002285, 47.47135929288877], [19.06313270330429, 47.4713524939042]]]}}, {"type": "Feature", "id": 3377, "properties": {"buildingId": 1, "floorId": 18, "roomNumber": "3-518", "roomName": "3-518 Szemin\u00e1riumi \u00e9s konzult\u00e1ci\u00f3s terem 12 f\u0151", "scope": "budapest/lagymanyos/deli/3/LD-3-518-01-12", "roomCode": "LD-3-518-01-12", "roomType": "educational", "__tile": "17/72476/45848", "__layer": "rooms", "__zoom": 17, "__mvtId": 3377, "__building": "deli", "__ringVerts": 5, "id": 3377, "catalogFloorId": 18}, "geometry": {"type": "Polygon", "coordinates": [[[19.063034802675247, 47.47121062155866], [19.063050895929337, 47.47126592009033], [19.06297579407692, 47.47127634521683], [19.062959030270576, 47.47122104669613], [19.063034802675247, 47.47121062155866]]]}}, {"type": "Feature", "id": 2910, "properties": {"buildingId": 1, "floorId": 18, "roomNumber": "3-609", "roomName": "3-609 Oktat\u00f3", "scope": "budapest/lagymanyos/deli/3/LD-3-609-01-13", "roomCode": "LD-3-609-01-13", "roomType": "educational", "__tile": "17/72476/45848", "__layer": "rooms", "__zoom": 17, "__mvtId": 2910, "__building": "deli", "__ringVerts": 5, "id": 2910, "catalogFloorId": 18}, "geometry": {"type": "Polygon", "coordinates": [[[19.062966406345367, 47.471396007390304], [19.062981829047203, 47.4714472263434], [19.06294159591198, 47.471452665521326], [19.062926173210144, 47.47140189983877], [19.062966406345367, 47.471396007390304]]]}}, {"type": "Feature", "id": 3418, "properties": {"buildingId": 1, "floorId": 18, "roomNumber": "3-613/A", "roomName": "3-613/A Oktat\u00f3", "scope": "budapest/lagymanyos/deli/3/LD-3-613-A-01-13", "roomCode": "LD-3-613/A-01-13", "roomType": "educational", "__tile": "17/72476/45848", "__layer": "rooms", "__zoom": 17, "__mvtId": 3418, "__building": "deli", "__ringVerts": 5, "id": 3418, "catalogFloorId": 18}, "geometry": {"type": "Polygon", "coordinates": [[[19.06311795115471, 47.471466716728365], [19.06313270330429, 47.47151793561256], [19.063092470169067, 47.47152337478317], [19.063077718019485, 47.47147260916891], [19.06311795115471, 47.471466716728365]]]}}, {"type": "Feature", "id": 3456, "properties": {"buildingId": 1, "floorId": 18, "roomNumber": "3-511", "roomName": "3-511 Sz\u00e1m\u00edt\u00f3g\u00e9ptudom\u00e1nyi Tansz\u00e9k Tansz\u00e9kvezet\u0151 ", "scope": "budapest/lagymanyos/deli/3/LD-3-511-01-13", "roomCode": "LD-3-511-01-13", "roomType": "educational", "__tile": "17/72476/45848", "__layer": "rooms", "__zoom": 17, "__mvtId": 3456, "__building": "deli", "__ringVerts": 5, "id": 3456, "catalogFloorId": 18}, "geometry": {"type": "Polygon", "coordinates": [[[19.06324066221714, 47.47144586654883], [19.063257426023483, 47.47150071156858], [19.063181653618813, 47.47151113664851], [19.063165560364723, 47.47145629163964], [19.06324066221714, 47.47144586654883]]]}}, {"type": "Feature", "id": 2346, "properties": {"buildingId": 1, "floorId": 18, "roomNumber": "3-418", "roomName": "3-418 Oktat\u00f3", "scope": "budapest/lagymanyos/deli/3/LD-3-418-01-13", "roomCode": "LD-3-418-01-13", "roomType": "educational", "__tile": "17/72476/45848", "__layer": "rooms", "__zoom": 17, "__mvtId": 2346, "__building": "deli", "__ringVerts": 5, "id": 2346, "catalogFloorId": 18}, "geometry": {"type": "Polygon", "coordinates": [[[19.063054248690605, 47.47082715636954], [19.063062965869904, 47.47085435257442], [19.062987193465233, 47.47086477778256], [19.062979146838188, 47.470837581583076], [19.063054248690605, 47.47082715636954]]]}}, {"type": "Feature", "id": 2999, "properties": {"buildingId": 1, "floorId": 18, "roomNumber": "3-424", "roomName": "3-424 Izot\u00f3p labor", "scope": "budapest/lagymanyos/deli/3/LD-3-424-01-14", "roomCode": "LD-3-424-01-14", "roomType": "educational", "__tile": "17/72476/45848", "__layer": "rooms", "__zoom": 17, "__mvtId": 2999, "__building": "deli", "__ringVerts": 5, "id": 2999, "catalogFloorId": 18}, "geometry": {"type": "Polygon", "coordinates": [[[19.063105210661888, 47.4709962258817], [19.063113257288933, 47.4710234219991], [19.06303681433201, 47.47102931448934], [19.06303010880947, 47.471006197793045], [19.063105210661888, 47.4709962258817]]]}}, {"type": "Feature", "id": 3796, "properties": {"buildingId": 1, "floorId": 18, "roomNumber": "3-420", "roomName": "3-420 Oktat\u00f3", "scope": "budapest/lagymanyos/deli/3/LD-3-420-01-13", "roomCode": "LD-3-420-01-13", "roomType": "educational", "__tile": "17/72476/45848", "__layer": "rooms", "__zoom": 17, "__mvtId": 3796, "__building": "deli", "__ringVerts": 5, "id": 3796, "catalogFloorId": 18}, "geometry": {"type": "Polygon", "coordinates": [[[19.063071683049202, 47.47088336184412], [19.063079729676247, 47.470911011289395], [19.063003957271576, 47.470920983216914], [19.06299591064453, 47.470893787046506], [19.063071683049202, 47.47088336184412]]]}}, {"type": "Feature", "id": 2835, "properties": {"buildingId": 1, "floorId": 18, "roomNumber": "3-423", "roomName": "3-423 Oktat\u00f3", "scope": "budapest/lagymanyos/deli/3/LD-3-423-01-13", "roomCode": "LD-3-423-01-13", "roomType": "educational", "__tile": "17/72476/45848", "__layer": "rooms", "__zoom": 17, "__mvtId": 2835, "__building": "deli", "__ringVerts": 5, "id": 2835, "catalogFloorId": 18}, "geometry": {"type": "Polygon", "coordinates": [[[19.06309649348259, 47.47096812321227], [19.063105210661888, 47.47099531934422], [19.063029438257217, 47.47100529125573], [19.063021391630173, 47.47097809512895], [19.06309649348259, 47.47096812321227]]]}}, {"type": "Feature", "id": 2574, "properties": {"buildingId": 1, "floorId": 18, "roomNumber": "3-401", "roomName": "3-401 N\u0151i WC el\u0151t\u00e9r", "scope": "budapest/lagymanyos/deli/3/LD-3-401-05-71", "roomCode": "LD-3-401-05-71", "roomType": "social", "__tile": "17/72476/45848", "__layer": "rooms", "__zoom": 17, "__mvtId": 2574, "__building": "deli", "__ringVerts": 8, "id": 2574, "catalogFloorId": 18}, "geometry": {"type": "Polygon", "coordinates": [[[19.062976464629173, 47.47101345009102], [19.06298317015171, 47.47103520697893], [19.062906056642532, 47.471045632151196], [19.062901362776756, 47.4710297677578], [19.062891975045204, 47.471025235073085], [19.062897339463234, 47.47101934258239], [19.062906056642532, 47.47102296873059], [19.062976464629173, 47.47101345009102]]]}}, {"type": "Feature", "id": 3768, "properties": {"buildingId": 1, "floorId": 18, "roomNumber": "3-404", "roomName": "3-404 Oktat\u00f3", "scope": "budapest/lagymanyos/deli/3/LD-3-404-01-13", "roomCode": "LD-3-404-01-13", "roomType": "educational", "__tile": "17/72476/45848", "__layer": "rooms", "__zoom": 17, "__mvtId": 3768, "__building": "deli", "__ringVerts": 5, "id": 3768, "catalogFloorId": 18}, "geometry": {"type": "Polygon", "coordinates": [[[19.062959030270576, 47.47095724475556], [19.06296707689762, 47.470984440893126], [19.06289130449295, 47.470994866075465], [19.062883257865906, 47.47096812321227], [19.062959030270576, 47.47095724475556]]]}}, {"type": "Feature", "id": 2958, "properties": {"buildingId": 1, "floorId": 18, "roomNumber": "3-406", "roomName": "3-406 Oktat\u00f3", "scope": "budapest/lagymanyos/deli/3/LD-3-406-01-13", "roomCode": "LD-3-406-01-13", "roomType": "educational", "__tile": "17/72476/45848", "__layer": "rooms", "__zoom": 17, "__mvtId": 2958, "__building": "deli", "__ringVerts": 5, "id": 2958, "catalogFloorId": 18}, "geometry": {"type": "Polygon", "coordinates": [[[19.062924161553383, 47.470845287174356], [19.06293287873268, 47.47087248336986], [19.06285710632801, 47.47088290857441], [19.062849059700966, 47.4708557123843], [19.062924161553383, 47.470845287174356]]]}}, {"type": "Feature", "id": 2821, "properties": {"buildingId": 1, "floorId": 18, "roomNumber": "3-601", "roomName": "3-601 K\u00f6zleked\u0151", "scope": "budapest/lagymanyos/deli/3/LD-3-601-04-63", "roomCode": "LD-3-601-04-63", "roomType": "corridor", "__tile": "17/72476/45848", "__layer": "rooms", "__zoom": 17, "__mvtId": 2821, "__building": "deli", "__ringVerts": 90, "id": 2821, "catalogFloorId": 18}, "geometry": {"type": "Polygon", "coordinates": [[[19.062574803829193, 47.471370624527786], [19.06257815659046, 47.471381049633514], [19.062567427754402, 47.471382409429765], [19.062572792172432, 47.47140008677777], [19.06258352100849, 47.47139872698198], [19.06258687376976, 47.47140915208214], [19.0625761449337, 47.47141051187766], [19.06258150935173, 47.47142818921622], [19.06259223818779, 47.471426829421155], [19.062594920396805, 47.471437254515735], [19.062584862113, 47.47143861431052], [19.06260497868061, 47.47150705726964], [19.06269684433937, 47.47149663218892], [19.062706902623177, 47.471493006073395], [19.062704890966415, 47.47148620710612], [19.06272031366825, 47.47148394078349], [19.062722325325012, 47.47149119301553], [19.062748476862907, 47.47148756689964], [19.062746465206146, 47.47148031466709], [19.062761887907982, 47.4714785016088], [19.062763899564743, 47.47148530057708], [19.06279005110264, 47.47148167446077], [19.062788039445877, 47.47147487549203], [19.062803462147713, 47.47147260916891], [19.062805473804474, 47.47147986140253], [19.06283162534237, 47.47147623528585], [19.062829613685608, 47.471468983051736], [19.062845036387444, 47.471466716728365], [19.062847048044205, 47.47147396896278], [19.062871858477592, 47.471470342845706], [19.062877893447876, 47.47149164628001], [19.062853083014488, 47.47149481913118], [19.062855765223503, 47.471502071361726], [19.062839671969414, 47.47150433768357], [19.062837660312653, 47.471497085453336], [19.062811508774757, 47.47150071156858], [19.062814190983772, 47.47150796379831], [19.062798097729683, 47.47150977685559], [19.06279608607292, 47.47150297789048], [19.062769934535027, 47.47150615074097], [19.06277261674404, 47.471513402969954], [19.062756523489952, 47.4715156692913], [19.06275451183319, 47.47150841706264], [19.062728360295296, 47.4715120431771], [19.062730371952057, 47.471519295405265], [19.06271494925022, 47.47152110846215], [19.06271293759346, 47.4715143094985], [19.062686786055565, 47.47151793561256], [19.062688797712326, 47.47152473457573], [19.06267337501049, 47.47152700089659], [19.06267136335373, 47.47151974866949], [19.062645211815834, 47.47152337478317], [19.062647223472595, 47.47153062700977], [19.06263180077076, 47.47153289333038], [19.062629789114, 47.47152564110409], [19.062603637576103, 47.471529267217356], [19.062606319785118, 47.471537425971306], [19.062618389725685, 47.47153561291498], [19.06263381242752, 47.47158637846838], [19.062587544322014, 47.47159272415911], [19.062577486038208, 47.47155963590618], [19.062588214874268, 47.47155827611452], [19.062587544322014, 47.47155510326717], [19.062576815485954, 47.47155691632283], [19.062573462724686, 47.47154649125198], [19.062584191560745, 47.47154467819597], [19.062578827142715, 47.47152700089659], [19.06256876885891, 47.47152881395321], [19.06256541609764, 47.4715183888768], [19.0625761449337, 47.47151657581982], [19.06257078051567, 47.471498898510994], [19.06256005167961, 47.47150071156858], [19.062556698918343, 47.471490286486585], [19.062567427754402, 47.471488473428636], [19.062562063336372, 47.47147079611036], [19.062551334500313, 47.47147260916891], [19.062548652291298, 47.471462184081346], [19.062558710575104, 47.47146037102243], [19.062553346157074, 47.4714426936947], [19.062543287873268, 47.47144450675422], [19.062539935112, 47.47143362839611], [19.06255066394806, 47.4714322686012], [19.06254529953003, 47.47141459126401], [19.06253457069397, 47.47141640432451], [19.0625312179327, 47.471405525960584], [19.06254194676876, 47.47140416616493], [19.06253658235073, 47.4713864888183], [19.06252585351467, 47.471388301879756], [19.062523171305656, 47.47137742351002], [19.062574803829193, 47.471370624527786]]]}}, {"type": "Feature", "id": 2345, "properties": {"buildingId": 1, "floorId": 18, "roomNumber": "3-617", "roomName": "3-617 Alkalmazott Anal\u00edzis \u00e9s Sz\u00e1m\u00edt\u00e1smatematikai Tansz\u00e9k \u00e9s Sz\u00e1m\u00edt\u00f3g\u00e9ptudom\u00e1nyi Tansz\u00e9k Titk\u00e1rs\u00e1g", "scope": "budapest/lagymanyos/deli/3/LD-3-617-02-33", "roomCode": "LD-3-617-02-33", "roomType": "administrative", "__tile": "17/72476/45848", "__layer": "rooms", "__zoom": 17, "__mvtId": 2345, "__building": "deli", "__ringVerts": 5, "id": 2345, "catalogFloorId": 18}, "geometry": {"type": "Polygon", "coordinates": [[[19.0629094094038, 47.47149527239562], [19.062924832105637, 47.47154649125198], [19.062884598970413, 47.47155193041963], [19.062869176268578, 47.47150116483297], [19.0629094094038, 47.47149527239562]]]}}, {"type": "Feature", "id": 2481, "properties": {"buildingId": 1, "floorId": 18, "roomNumber": "3-616", "roomName": "3-616 Oktat\u00f3", "scope": "budapest/lagymanyos/deli/3/LD-3-616-01-13", "roomCode": "LD-3-616-01-13", "roomType": "educational", "__tile": "17/72476/45848", "__layer": "rooms", "__zoom": 17, "__mvtId": 2481, "__building": "deli", "__ringVerts": 5, "id": 2481, "catalogFloorId": 18}, "geometry": {"type": "Polygon", "coordinates": [[[19.062950983643532, 47.47148983322211], [19.062966406345367, 47.47154059881972], [19.062926173210144, 47.47154649125198], [19.06291075050831, 47.47149527239562], [19.062950983643532, 47.47148983322211]]]}}, {"type": "Feature", "id": 3188, "properties": {"buildingId": 1, "floorId": 18, "roomNumber": "3-605", "roomName": "3-605 Sz\u00e1m\u00edt\u00f3g\u00e9ptudom\u00e1nyi Tansz\u00e9k  Adatrosta Projekt Titk\u00e1rs\u00e1g", "scope": "budapest/lagymanyos/deli/3/LD-3-605-02-33", "roomCode": "LD-3-605-02-33", "roomType": "administrative", "__tile": "17/72476/45848", "__layer": "rooms", "__zoom": 17, "__mvtId": 3188, "__building": "deli", "__ringVerts": 5, "id": 3188, "catalogFloorId": 18}, "geometry": {"type": "Polygon", "coordinates": [[[19.062800109386444, 47.47141912391513], [19.06281553208828, 47.47146988958106], [19.062775298953056, 47.47147578202124], [19.06275987625122, 47.47142456309597], [19.062800109386444, 47.47141912391513]]]}}, {"type": "Feature", "id": 3291, "properties": {"buildingId": 1, "floorId": 18, "roomNumber": "3-506", "roomName": "3-506 Oktat\u00f3", "scope": "budapest/lagymanyos/deli/3/LD-3-506-01-13", "roomCode": "LD-3-506-01-13", "roomType": "educational", "__tile": "17/72476/45848", "__layer": "rooms", "__zoom": 17, "__mvtId": 3291, "__building": "deli", "__ringVerts": 5, "id": 3291, "catalogFloorId": 18}, "geometry": {"type": "Polygon", "coordinates": [[[19.063198417425156, 47.4713053542536], [19.0632064640522, 47.47133255021103], [19.063131362199783, 47.471342975324305], [19.063122645020485, 47.471315779372276], [19.063198417425156, 47.4713053542536]]]}}, {"type": "Feature", "id": 3305, "properties": {"buildingId": 1, "floorId": 18, "roomNumber": "3-606", "roomName": "3-606 Oktat\u00f3", "scope": "budapest/lagymanyos/deli/3/LD-3-606-01-13", "roomCode": "LD-3-606-01-13", "roomType": "educational", "__tile": "17/72476/45848", "__layer": "rooms", "__zoom": 17, "__mvtId": 3305, "__building": "deli", "__ringVerts": 5, "id": 3305, "catalogFloorId": 18}, "geometry": {"type": "Polygon", "coordinates": [[[19.062841683626175, 47.47141323146859], [19.06285710632801, 47.47146445040491], [19.062816873192787, 47.47146988958106], [19.06280145049095, 47.47141867065004], [19.062841683626175, 47.47141323146859]]]}}, {"type": "Feature", "id": 3355, "properties": {"buildingId": 1, "floorId": 18, "roomNumber": "3-622", "roomName": "3-622 Oktat\u00f3", "scope": "budapest/lagymanyos/deli/3/LD-3-622-01-13", "roomCode": "LD-3-622-01-13", "roomType": "educational", "__tile": "17/72476/45848", "__layer": "rooms", "__zoom": 17, "__mvtId": 3355, "__building": "deli", "__ringVerts": 5, "id": 3355, "catalogFloorId": 18}, "geometry": {"type": "Polygon", "coordinates": [[[19.062701538205147, 47.47152428131155], [19.062716960906982, 47.471575046875884], [19.06267672777176, 47.471580486040594], [19.062661305069923, 47.471529720481506], [19.062701538205147, 47.47152428131155]]]}}, {"type": "Feature", "id": 2950, "properties": {"buildingId": 1, "floorId": 18, "roomNumber": "3-619", "roomName": "3-619 Oktat\u00f3", "scope": "budapest/lagymanyos/deli/3/LD-3-619-01-13", "roomCode": "LD-3-619-01-13", "roomType": "educational", "__tile": "17/72476/45848", "__layer": "rooms", "__zoom": 17, "__mvtId": 2950, "__building": "deli", "__ringVerts": 5, "id": 2950, "catalogFloorId": 18}, "geometry": {"type": "Polygon", "coordinates": [[[19.06282626092434, 47.47150705726964], [19.062841683626175, 47.47155782285063], [19.06280145049095, 47.471563262017106], [19.062786027789116, 47.471512496441385], [19.06282626092434, 47.47150705726964]]]}}, {"type": "Feature", "id": 3720, "properties": {"buildingId": 1, "floorId": 18, "roomNumber": "3-614", "roomName": "3-614 Oktat\u00f3", "scope": "budapest/lagymanyos/deli/3/LD-3-614-01-13", "roomCode": "LD-3-614-01-13", "roomType": "educational", "__tile": "17/72476/45848", "__layer": "rooms", "__zoom": 17, "__mvtId": 3720, "__building": "deli", "__ringVerts": 5, "id": 3720, "catalogFloorId": 18}, "geometry": {"type": "Polygon", "coordinates": [[[19.063034802675247, 47.4714785016088], [19.06304955482483, 47.471529267217356], [19.063009321689606, 47.4715347063868], [19.06299389898777, 47.47148394078349], [19.063034802675247, 47.4714785016088]]]}}, {"type": "Feature", "id": 3695, "properties": {"buildingId": 1, "floorId": 18, "roomNumber": "3-505", "roomName": "3-505 Oktat\u00f3", "scope": "budapest/lagymanyos/deli/3/LD-3-505-01-13", "roomCode": "LD-3-505-01-13", "roomType": "educational", "__tile": "17/72476/45848", "__layer": "rooms", "__zoom": 17, "__mvtId": 3695, "__building": "deli", "__ringVerts": 5, "id": 3695, "catalogFloorId": 18}, "geometry": {"type": "Polygon", "coordinates": [[[19.063181653618813, 47.47124914923032], [19.063189700245857, 47.47127634521683], [19.063113927841187, 47.47128677034126], [19.063105881214142, 47.47125957436015], [19.063181653618813, 47.47124914923032]]]}}, {"type": "Feature", "id": 2324, "properties": {"buildingId": 1, "floorId": 18, "roomNumber": "3-521", "roomName": "3-521 F\u00e9rfi WC csoport", "scope": "budapest/lagymanyos/deli/3/LD-3-521-05-71", "roomCode": "LD-3-521-05-71", "roomType": "social", "__tile": "17/72476/45848", "__layer": "rooms", "__zoom": 17, "__mvtId": 2324, "__building": "deli", "__ringVerts": 6, "id": 2324, "catalogFloorId": 18}, "geometry": {"type": "Polygon", "coordinates": [[[19.06301401555538, 47.47115532296882], [19.063022062182426, 47.47118251900388], [19.062950313091278, 47.47119249087988], [19.062944278120995, 47.47117073405708], [19.062949642539024, 47.471165294849975], [19.06301401555538, 47.47115532296882]]]}}, {"type": "Feature", "id": 3795, "properties": {"buildingId": 1, "floorId": 18, "roomNumber": "3-613", "roomName": "3-613 Oktat\u00f3", "scope": "budapest/lagymanyos/deli/3/LD-3-613-01-13", "roomCode": "LD-3-613-01-13", "roomType": "educational", "__tile": "17/72476/45848", "__layer": "rooms", "__zoom": 17, "__mvtId": 3795, "__building": "deli", "__ringVerts": 5, "id": 3795, "catalogFloorId": 18}, "geometry": {"type": "Polygon", "coordinates": [[[19.063076376914978, 47.47147260916891], [19.06309112906456, 47.47152337478317], [19.063050895929337, 47.471529267217356], [19.0630354732275, 47.47147804834421], [19.063076376914978, 47.47147260916891]]]}}], "meta": {"building": "deli", "floorId": 18, "polygonCount": 148}}