{"type": "FeatureCollection", "features": [{"type": "Feature", "id": 3481, "properties": {"buildingId": 1, "floorId": 19, "roomNumber": "6-316", "roomName": "6-316 In vivo elektrofiziol\u00f3gia II.", "scope": "budapest/lagymanyos/deli/6/LD-6-316-01-14", "roomCode": "LD-6-316-01-14", "roomType": "educational", "__tile": "17/72476/45847", "__layer": "rooms", "__zoom": 17, "__mvtId": 3481, "__building": "deli", "__ringVerts": 5, "id": 3481, "catalogFloorId": 19}, "geometry": {"type": "Polygon", "coordinates": [[[19.062788039445877, 47.47437251627244], [19.062803462147713, 47.47442327908543], [19.06276322901249, 47.474429171194465], [19.062747806310654, 47.47437795514761], [19.062788039445877, 47.47437251627244]]]}}, {"type": "Feature", "id": 2504, "properties": {"buildingId": 1, "floorId": 19, "roomNumber": "6-302", "roomName": "6-302 L\u00e9pcs\u0151h\u00e1z", "scope": "budapest/lagymanyos/deli/6/LD-6-302-04-64", "roomCode": "LD-6-302-04-64", "roomType": "corridor", "__tile": "17/72476/45847", "__layer": "rooms", "__zoom": 17, "__mvtId": 2504, "__building": "deli", "__ringVerts": 7, "id": 2504, "catalogFloorId": 19}, "geometry": {"type": "Polygon", "coordinates": [[[19.06288594007492, 47.47444322160568], [19.06289465725422, 47.47447222889436], [19.062821567058563, 47.47448220014615], [19.062814861536026, 47.474459084968665], [19.062871858477592, 47.474450926668304], [19.062870517373085, 47.474445487800686], [19.06288594007492, 47.47444322160568]]]}}, {"type": "Feature", "id": 2238, "properties": {"buildingId": 1, "floorId": 19, "roomNumber": "6-312", "roomName": "6-312 Mikroelektrofiziol\u00f3gia II.", "scope": "budapest/lagymanyos/deli/6/LD-6-312-01-14", "roomCode": "LD-6-312-01-14", "roomType": "educational", "__tile": "17/72476/45847", "__layer": "rooms", "__zoom": 17, "__mvtId": 2238, "__building": "deli", "__ringVerts": 5, "id": 2238, "catalogFloorId": 19}, "geometry": {"type": "Polygon", "coordinates": [[[19.062538594007492, 47.474406962472315], [19.062554016709328, 47.47445772525202], [19.062513783574104, 47.47446316411837], [19.06249836087227, 47.47441240134392], [19.062538594007492, 47.474406962472315]]]}}, {"type": "Feature", "id": 3272, "properties": {"buildingId": 1, "floorId": 19, "roomNumber": "6-418", "roomName": "6-418 T\u00e1rgyal\u00f3", "scope": "budapest/lagymanyos/deli/6/LD-6-418-01-17", "roomCode": "LD-6-418-01-17", "roomType": "educational", "__tile": "17/72476/45847", "__layer": "rooms", "__zoom": 17, "__mvtId": 3272, "__building": "deli", "__ringVerts": 5, "id": 3272, "catalogFloorId": 19}, "geometry": {"type": "Polygon", "coordinates": [[[19.062995240092278, 47.47434396216859], [19.06301200389862, 47.47439880416386], [19.06293623149395, 47.47440922866888], [19.06292013823986, 47.474354386684496], [19.062995240092278, 47.47434396216859]]]}}, {"type": "Feature", "id": 2953, "properties": {"buildingId": 1, "floorId": 19, "roomNumber": "6-311", "roomName": "6-311 Oktat\u00f3", "scope": "budapest/lagymanyos/deli/6/LD-6-311-01-13", "roomCode": "LD-6-311-01-13", "roomType": "educational", "__tile": "17/72476/45847", "__layer": "rooms", "__zoom": 17, "__mvtId": 2953, "__building": "deli", "__ringVerts": 5, "id": 2953, "catalogFloorId": 19}, "geometry": {"type": "Polygon", "coordinates": [[[19.06249701976776, 47.47441240134392], [19.062512442469597, 47.47446361735721], [19.062472209334373, 47.474469056222944], [19.062456786632538, 47.47441829345418], [19.06249701976776, 47.47441240134392]]]}}, {"type": "Feature", "id": 3297, "properties": {"buildingId": 1, "floorId": 19, "roomNumber": "6-310/A", "roomName": "6-310/A Oktat\u00f3", "scope": "budapest/lagymanyos/deli/6/LD-6-310-A-01-13", "roomCode": "LD-6-310/A-01-13", "roomType": "educational", "__tile": "17/72476/45847", "__layer": "rooms", "__zoom": 17, "__mvtId": 3297, "__building": "deli", "__ringVerts": 5, "id": 3297, "catalogFloorId": 19}, "geometry": {"type": "Polygon", "coordinates": [[[19.06245544552803, 47.47441829345418], [19.062470868229866, 47.474469056222944], [19.062430635094643, 47.47447494832685], [19.062415212392807, 47.4744237323246], [19.06245544552803, 47.47441829345418]]]}}, {"type": "Feature", "id": 2874, "properties": {"buildingId": 1, "floorId": 19, "roomNumber": "6-315", "roomName": "6-315 In vivo elektrofiziol\u00f3gia I.", "scope": "budapest/lagymanyos/deli/6/LD-6-315-01-14", "roomCode": "LD-6-315-01-14", "roomType": "educational", "__tile": "17/72476/45847", "__layer": "rooms", "__zoom": 17, "__mvtId": 2874, "__building": "deli", "__ringVerts": 5, "id": 2874, "catalogFloorId": 19}, "geometry": {"type": "Polygon", "coordinates": [[[19.062746465206146, 47.47437840838718], [19.062761887907982, 47.474429171194465], [19.06272165477276, 47.474434610063774], [19.062706232070923, 47.474383847261734], [19.062746465206146, 47.47437840838718]]]}}, {"type": "Feature", "id": 2349, "properties": {"buildingId": 1, "floorId": 19, "roomNumber": "6-309", "roomName": "6-309 L\u00e9pcs\u0151h\u00e1z", "scope": "budapest/lagymanyos/deli/6/LD-6-309-04-64", "roomCode": "LD-6-309-04-64", "roomType": "corridor", "__tile": "17/72476/45847", "__layer": "rooms", "__zoom": 17, "__mvtId": 2349, "__building": "deli", "__ringVerts": 7, "id": 2349, "catalogFloorId": 19}, "geometry": {"type": "Polygon", "coordinates": [[[19.06248226761818, 47.474504862074994], [19.062488973140717, 47.47452797723234], [19.062416553497314, 47.47453794847354], [19.062407165765762, 47.474508941221146], [19.06242325901985, 47.47450712826734], [19.06242460012436, 47.47451256712857], [19.06248226761818, 47.474504862074994]]]}}, {"type": "Feature", "id": 2214, "properties": {"buildingId": 1, "floorId": 19, "roomNumber": "6-212", "roomName": "6-212 Tansz\u00e9kvezet\u0151i szoba", "scope": "budapest/lagymanyos/deli/6/LD-6-212-01-13", "roomCode": "LD-6-212-01-13", "roomType": "educational", "__tile": "17/72476/45847", "__layer": "rooms", "__zoom": 17, "__mvtId": 2214, "__building": "deli", "__ringVerts": 5, "id": 2214, "catalogFloorId": 19}, "geometry": {"type": "Polygon", "coordinates": [[[19.062324687838554, 47.47443642302009], [19.062341451644897, 47.47449126491886], [19.062265679240227, 47.474501689405535], [19.062249585986137, 47.47444684751765], [19.062324687838554, 47.47443642302009]]]}}, {"type": "Feature", "id": 2892, "properties": {"buildingId": 1, "floorId": 19, "roomNumber": "6-417", "roomName": "6-417 WC", "scope": "budapest/lagymanyos/deli/6/LD-6-417-05-71", "roomCode": "LD-6-417-05-71", "roomType": "social", "__tile": "17/72476/45847", "__layer": "rooms", "__zoom": 17, "__mvtId": 2892, "__building": "deli", "__ringVerts": 5, "id": 2892, "catalogFloorId": 19}, "geometry": {"type": "Polygon", "coordinates": [[[19.062908738851547, 47.47447222889436], [19.062913432717323, 47.474488545487205], [19.062903374433517, 47.47448990520305], [19.06289868056774, 47.47447358861063], [19.062908738851547, 47.47447222889436]]]}}, {"type": "Feature", "id": 3080, "properties": {"buildingId": 1, "floorId": 19, "roomNumber": "6-201", "roomName": "6-201 K\u00f6zleked\u0151", "scope": "budapest/lagymanyos/deli/6/LD-6-201-04-63", "roomCode": "LD-6-201-04-63", "roomType": "corridor", "__tile": "17/72476/45847", "__layer": "rooms", "__zoom": 17, "__mvtId": 3080, "__building": "deli", "__ringVerts": 31, "id": 3080, "catalogFloorId": 19}, "geometry": {"type": "Polygon", "coordinates": [[[19.06237229704857, 47.4744296244336], [19.062387719750404, 47.47448084043011], [19.062374979257584, 47.47448220014615], [19.0623776614666, 47.47449035844166], [19.062403813004494, 47.474486732532704], [19.06240113079548, 47.47447948071403], [19.062417224049568, 47.47447766775921], [19.06241923570633, 47.474484466339476], [19.062445387244225, 47.47448084043011], [19.06244270503521, 47.474474041849376], [19.0624587982893, 47.4744717756556], [19.06246617436409, 47.47449761025882], [19.062391743063927, 47.47451030093646], [19.06240314245224, 47.47454837295097], [19.062370285391808, 47.47454837295097], [19.062367603182793, 47.47453749523535], [19.062356874346733, 47.47453885494993], [19.062353521585464, 47.47452843047062], [19.062364250421524, 47.47452707075577], [19.062358886003494, 47.47450939445958], [19.062348157167435, 47.47451075417488], [19.06234547495842, 47.47450032969], [19.062355533242226, 47.474498969974434], [19.06235083937645, 47.47448129366879], [19.06234011054039, 47.47448265338482], [19.06233675777912, 47.47447222889436], [19.06234748661518, 47.47447086917807], [19.062346816062927, 47.474467696506565], [19.062336087226868, 47.47446950946173], [19.062326028943062, 47.47443596978101], [19.06237229704857, 47.4744296244336]]]}}, {"type": "Feature", "id": 2593, "properties": {"buildingId": 1, "floorId": 19, "roomNumber": "6-304", "roomName": "6-304 Oktat\u00f3", "scope": "budapest/lagymanyos/deli/6/LD-6-304-01-13", "roomCode": "LD-6-304-01-13", "roomType": "educational", "__tile": "17/72476/45847", "__layer": "rooms", "__zoom": 17, "__mvtId": 2593, "__building": "deli", "__ringVerts": 5, "id": 2593, "catalogFloorId": 19}, "geometry": {"type": "Polygon", "coordinates": [[[19.06277261674404, 47.47446633679015], [19.062788039445877, 47.4745170995125], [19.062747806310654, 47.474522538372696], [19.062732383608818, 47.4744717756556], [19.06277261674404, 47.47446633679015]]]}}, {"type": "Feature", "id": 2830, "properties": {"buildingId": 1, "floorId": 19, "roomNumber": "6-412", "roomName": "6-412 Mikroszk\u00f3p szoba", "scope": "budapest/lagymanyos/deli/6/LD-6-412-01-14", "roomCode": "LD-6-412-01-14", "roomType": "educational", "__tile": "17/72476/45847", "__layer": "rooms", "__zoom": 17, "__mvtId": 2830, "__building": "deli", "__ringVerts": 5, "id": 2830, "catalogFloorId": 19}, "geometry": {"type": "Polygon", "coordinates": [[[19.062908068299294, 47.47450350235953], [19.062915444374084, 47.474529336947164], [19.06288392841816, 47.47453386932964], [19.062875881791115, 47.4745075815058], [19.062908068299294, 47.47450350235953]]]}}, {"type": "Feature", "id": 3011, "properties": {"buildingId": 1, "floorId": 19, "roomNumber": "6-414", "roomName": "6-414 El\u0151t\u00e9r", "scope": "budapest/lagymanyos/deli/6/LD-6-414-04-63", "roomCode": "LD-6-414-04-63", "roomType": "corridor", "__tile": "17/72476/45847", "__layer": "rooms", "__zoom": 17, "__mvtId": 3011, "__building": "deli", "__ringVerts": 5, "id": 3011, "catalogFloorId": 19}, "geometry": {"type": "Polygon", "coordinates": [[[19.06291477382183, 47.474488998725825], [19.0629181265831, 47.47450032969], [19.062869176268578, 47.47450667502888], [19.06286582350731, 47.47449579730463], [19.06291477382183, 47.474488998725825]]]}}, {"type": "Feature", "id": 2850, "properties": {"buildingId": 1, "floorId": 19, "roomNumber": "6-413", "roomName": "6-413 Oktat\u00f3", "scope": "budapest/lagymanyos/deli/6/LD-6-413-01-13", "roomCode": "LD-6-413-01-13", "roomType": "educational", "__tile": "17/72476/45847", "__layer": "rooms", "__zoom": 17, "__mvtId": 2850, "__building": "deli", "__ringVerts": 6, "id": 2850, "catalogFloorId": 19}, "geometry": {"type": "Polygon", "coordinates": [[[19.062874540686607, 47.474508034744254], [19.062882587313652, 47.47453386932964], [19.062840342521667, 47.474539761426286], [19.062834307551384, 47.47451845922761], [19.062839671969414, 47.47451256712857], [19.062874540686607, 47.474508034744254]]]}}, {"type": "Feature", "id": 3114, "properties": {"buildingId": 1, "floorId": 19, "roomNumber": "6-416", "roomName": "6-416 WC", "scope": "budapest/lagymanyos/deli/6/LD-6-416-05-71", "roomCode": "LD-6-416-05-71", "roomType": "social", "__tile": "17/72476/45847", "__layer": "rooms", "__zoom": 17, "__mvtId": 3114, "__building": "deli", "__ringVerts": 5, "id": 3114, "catalogFloorId": 19}, "geometry": {"type": "Polygon", "coordinates": [[[19.062897339463234, 47.47447358861063], [19.06290203332901, 47.47448990520305], [19.06289130449295, 47.47449126491886], [19.062886610627174, 47.47447540156559], [19.062897339463234, 47.47447358861063]]]}}, {"type": "Feature", "id": 2855, "properties": {"buildingId": 1, "floorId": 19, "roomNumber": "6-317/A", "roomName": "6-317/A Oktat\u00f3", "scope": "budapest/lagymanyos/deli/6/LD-6-317-A-01-13", "roomCode": "LD-6-317/A-01-13", "roomType": "educational", "__tile": "17/72476/45847", "__layer": "rooms", "__zoom": 17, "__mvtId": 2855, "__building": "deli", "__ringVerts": 5, "id": 2855, "catalogFloorId": 19}, "geometry": {"type": "Polygon", "coordinates": [[[19.06287118792534, 47.474361185280706], [19.062886610627174, 47.47441194810464], [19.06284637749195, 47.474417386975716], [19.062830954790115, 47.47436662415704], [19.06287118792534, 47.474361185280706]]]}}, {"type": "Feature", "id": 3322, "properties": {"buildingId": 1, "floorId": 19, "roomNumber": "6-305/A", "roomName": "6-305/A  Oktat\u00f3", "scope": "budapest/lagymanyos/deli/6/LD-6-305-A-01-13", "roomCode": "LD-6-305/A-01-13", "roomType": "educational", "__tile": "17/72476/45847", "__layer": "rooms", "__zoom": 17, "__mvtId": 3322, "__building": "deli", "__ringVerts": 5, "id": 3322, "catalogFloorId": 19}, "geometry": {"type": "Polygon", "coordinates": [[[19.06273104250431, 47.4744717756556], [19.062746465206146, 47.474522991611025], [19.062706232070923, 47.47452843047062], [19.062690809369087, 47.47447721452049], [19.06273104250431, 47.4744717756556]]]}}, {"type": "Feature", "id": 3094, "properties": {"buildingId": 1, "floorId": 19, "roomNumber": "6-313", "roomName": "6-313 Mikroelektrofiziol\u00f3gia I.", "scope": "budapest/lagymanyos/deli/6/LD-6-313-01-14", "roomCode": "LD-6-313-01-14", "roomType": "educational", "__tile": "17/72476/45847", "__layer": "rooms", "__zoom": 17, "__mvtId": 3094, "__building": "deli", "__ringVerts": 5, "id": 3094, "catalogFloorId": 19}, "geometry": {"type": "Polygon", "coordinates": [[[19.062621742486954, 47.47439563148801], [19.06263716518879, 47.474446394278665], [19.062555357813835, 47.47445772525202], [19.062539935112, 47.47440650923299], [19.062621742486954, 47.47439563148801]]]}}, {"type": "Feature", "id": 2254, "properties": {"buildingId": 1, "floorId": 19, "roomNumber": "6-303", "roomName": "6-303 M\u0171hely", "scope": "budapest/lagymanyos/deli/6/LD-6-303-01-18", "roomCode": "LD-6-303-01-18", "roomType": "educational", "__tile": "17/72476/45847", "__layer": "rooms", "__zoom": 17, "__mvtId": 2254, "__building": "deli", "__ringVerts": 6, "id": 2254, "catalogFloorId": 19}, "geometry": {"type": "Polygon", "coordinates": [[[19.062812849879265, 47.47446089792413], [19.06282626092434, 47.47450667502888], [19.06282089650631, 47.47451256712857], [19.062789380550385, 47.4745170995125], [19.06277395784855, 47.47446588355133], [19.062812849879265, 47.47446089792413]]]}}, {"type": "Feature", "id": 2332, "properties": {"buildingId": 1, "floorId": 19, "roomNumber": "6-420", "roomName": "6-420 Oktat\u00f3", "scope": "budapest/lagymanyos/deli/6/LD-6-420-01-13", "roomCode": "LD-6-420-01-13", "roomType": "educational", "__tile": "17/72476/45847", "__layer": "rooms", "__zoom": 17, "__mvtId": 2332, "__building": "deli", "__ringVerts": 5, "id": 2332, "catalogFloorId": 19}, "geometry": {"type": "Polygon", "coordinates": [[[19.06302072107792, 47.47442781147706], [19.063028767704964, 47.47445500581864], [19.062953665852547, 47.47446543031252], [19.06294494867325, 47.47443823597633], [19.06302072107792, 47.47442781147706]]]}}, {"type": "Feature", "id": 3749, "properties": {"buildingId": 1, "floorId": 19, "roomNumber": "6-421/A", "roomName": "6-421/A Tansz\u00e9kvezet\u0151", "scope": "budapest/lagymanyos/deli/6/LD-6-421-A-01-13", "roomCode": "LD-6-421/A-01-13", "roomType": "educational", "__tile": "17/72476/45847", "__layer": "rooms", "__zoom": 17, "__mvtId": 3749, "__building": "deli", "__ringVerts": 5, "id": 3749, "catalogFloorId": 19}, "geometry": {"type": "Polygon", "coordinates": [[[19.063028767704964, 47.47445591229645], [19.063037484884262, 47.47448310662349], [19.06296171247959, 47.47449353111179], [19.062953665852547, 47.47446633679015], [19.063028767704964, 47.47445591229645]]]}}, {"type": "Feature", "id": 2697, "properties": {"buildingId": 1, "floorId": 19, "roomNumber": "6-310", "roomName": "6-310 Oktat\u00f3", "scope": "budapest/lagymanyos/deli/6/LD-6-310-01-13", "roomCode": "LD-6-310-01-13", "roomType": "educational", "__tile": "17/72476/45847", "__layer": "rooms", "__zoom": 17, "__mvtId": 2697, "__building": "deli", "__ringVerts": 5, "id": 2697, "catalogFloorId": 19}, "geometry": {"type": "Polygon", "coordinates": [[[19.0624138712883, 47.474424185563784], [19.062429293990135, 47.47447494832685], [19.062389060854912, 47.47448038719142], [19.062373638153076, 47.4744296244336], [19.0624138712883, 47.474424185563784]]]}}, {"type": "Feature", "id": 2664, "properties": {"buildingId": 1, "floorId": 19, "roomNumber": "6-308", "roomName": "6-308 Oktat\u00f3", "scope": "budapest/lagymanyos/deli/6/LD-6-308-01-13", "roomCode": "LD-6-308-01-13", "roomType": "educational", "__tile": "17/72476/45847", "__layer": "rooms", "__zoom": 17, "__mvtId": 2664, "__building": "deli", "__ringVerts": 5, "id": 2664, "catalogFloorId": 19}, "geometry": {"type": "Polygon", "coordinates": [[[19.062523171305656, 47.47450032969], [19.062537252902985, 47.47454837295097], [19.062497690320015, 47.47454837295097], [19.062484949827194, 47.47450576855194], [19.062523171305656, 47.47450032969]]]}}, {"type": "Feature", "id": 2814, "properties": {"buildingId": 1, "floorId": 19, "roomNumber": "6-211", "roomName": "6-211 Etol\u00f3giai Tansz\u00e9k Titk\u00e1rs\u00e1g", "scope": "budapest/lagymanyos/deli/6/LD-6-211-02-33", "roomCode": "LD-6-211-02-33", "roomType": "administrative", "__tile": "17/72476/45847", "__layer": "rooms", "__zoom": 17, "__mvtId": 2814, "__building": "deli", "__ringVerts": 5, "id": 2814, "catalogFloorId": 19}, "geometry": {"type": "Polygon", "coordinates": [[[19.062341451644897, 47.47449217139604], [19.062349498271942, 47.474519365704325], [19.062274396419525, 47.47452979018542], [19.06226634979248, 47.47450259588254], [19.062341451644897, 47.47449217139604]]]}}, {"type": "Feature", "id": 2494, "properties": {"buildingId": 1, "floorId": 19, "roomNumber": "6-422", "roomName": "6-422 MS labor", "scope": "budapest/lagymanyos/deli/6/LD-6-422-01-14", "roomCode": "LD-6-422-01-14", "roomType": "educational", "__tile": "17/72476/45847", "__layer": "rooms", "__zoom": 17, "__mvtId": 2494, "__building": "deli", "__ringVerts": 6, "id": 2494, "catalogFloorId": 19}, "geometry": {"type": "Polygon", "coordinates": [[[19.06304620206356, 47.47451211389016], [19.063054248690605, 47.47453930818811], [19.062987864017487, 47.47454837295097], [19.06297780573368, 47.47454837295097], [19.06297042965889, 47.474522538372696], [19.06304620206356, 47.47451211389016]]]}}, {"type": "Feature", "id": 3325, "properties": {"buildingId": 1, "floorId": 19, "roomNumber": "6-306/A", "roomName": "6-306/A Elektrofiziol\u00f3gia", "scope": "budapest/lagymanyos/deli/6/LD-6-306-A-01-14", "roomCode": "LD-6-306/A-01-14", "roomType": "educational", "__tile": "17/72476/45847", "__layer": "rooms", "__zoom": 17, "__mvtId": 3325, "__building": "deli", "__ringVerts": 5, "id": 3325, "catalogFloorId": 19}, "geometry": {"type": "Polygon", "coordinates": [[[19.062606319785118, 47.474488998725825], [19.062621742486954, 47.474539761426286], [19.06258150935173, 47.47454565352228], [19.062566086649895, 47.47449443758894], [19.062606319785118, 47.474488998725825]]]}}, {"type": "Feature", "id": 3069, "properties": {"buildingId": 1, "floorId": 19, "roomNumber": "6-306", "roomName": "6-306 Mikroszk\u00f3pszoba", "scope": "budapest/lagymanyos/deli/6/LD-6-306-01-14", "roomCode": "LD-6-306-01-14", "roomType": "educational", "__tile": "17/72476/45847", "__layer": "rooms", "__zoom": 17, "__mvtId": 3069, "__building": "deli", "__ringVerts": 5, "id": 3069, "catalogFloorId": 19}, "geometry": {"type": "Polygon", "coordinates": [[[19.06264789402485, 47.47448310662349], [19.062663316726685, 47.47453432256787], [19.06262308359146, 47.474539761426286], [19.062607660889626, 47.474488998725825], [19.06264789402485, 47.47448310662349]]]}}, {"type": "Feature", "id": 2911, "properties": {"buildingId": 1, "floorId": 19, "roomNumber": "6-421", "roomName": "6-421 Oktat\u00f3", "scope": "budapest/lagymanyos/deli/6/LD-6-421-01-13", "roomCode": "LD-6-421-01-13", "roomType": "educational", "__tile": "17/72476/45847", "__layer": "rooms", "__zoom": 17, "__mvtId": 2911, "__building": "deli", "__ringVerts": 5, "id": 2911, "catalogFloorId": 19}, "geometry": {"type": "Polygon", "coordinates": [[[19.063037484884262, 47.47448401310082], [19.063045531511307, 47.474511207413315], [19.06297042965889, 47.47452163189604], [19.062962383031845, 47.47449443758894], [19.063037484884262, 47.47448401310082]]]}}, {"type": "Feature", "id": 3578, "properties": {"buildingId": 1, "floorId": 19, "roomNumber": "6-301", "roomName": "6-301 K\u00f6zleked\u0151", "scope": "budapest/lagymanyos/deli/6/LD-6-301-04-63", "roomCode": "LD-6-301-04-63", "roomType": "corridor", "__tile": "17/72476/45847", "__layer": "rooms", "__zoom": 17, "__mvtId": 3578, "__building": "deli", "__ringVerts": 120, "id": 3578, "catalogFloorId": 19}, "geometry": {"type": "Polygon", "coordinates": [[[19.062918797135353, 47.474354386684496], [19.06292885541916, 47.474387926417286], [19.0629181265831, 47.47438928613573], [19.062918797135353, 47.47439200557252], [19.062929525971413, 47.474390645854136], [19.06293287873268, 47.47440107036078], [19.06292214989662, 47.47440243007888], [19.06292751431465, 47.47442010641105], [19.06293824315071, 47.4744187466934], [19.062940925359726, 47.474429171194465], [19.06293086707592, 47.47443053091185], [19.06293623149395, 47.474448207234566], [19.062946289777756, 47.47444684751765], [19.062949642539024, 47.47445727201314], [19.062938913702965, 47.47445863172978], [19.062944278120995, 47.474476308043045], [19.062955006957054, 47.47447494832685], [19.062958359718323, 47.47448537281678], [19.062947630882263, 47.474486732532704], [19.062952995300293, 47.4745044088365], [19.0629630535841, 47.47450304912104], [19.062966406345367, 47.474513473605384], [19.06295634806156, 47.47451483332058], [19.06296171247959, 47.47453250961494], [19.062971770763397, 47.4745311499002], [19.062975123524666, 47.474541574378975], [19.062964394688606, 47.47454293409344], [19.062965735793114, 47.47454837295097], [19.062933549284935, 47.47454837295097], [19.062933549284935, 47.474547466474746], [19.062926173210144, 47.47454837295097], [19.06292214989662, 47.47454837295097], [19.06292013823986, 47.47453840171173], [19.062930196523666, 47.47453704199715], [19.062924832105637, 47.474519365704325], [19.06291477382183, 47.47452072541937], [19.062911421060562, 47.47451030093646], [19.06292214989662, 47.474508941221146], [19.062901362776756, 47.474440048932514], [19.062809497117996, 47.47445047342936], [19.06281016767025, 47.47445273962404], [19.062800109386444, 47.47445409934081], [19.062802121043205, 47.47446135116299], [19.062786027789116, 47.47446316411837], [19.062784016132355, 47.47445636553535], [19.06275786459446, 47.47445999144641], [19.062760546803474, 47.474466790028956], [19.062744453549385, 47.474469056222944], [19.062742441892624, 47.474461804401834], [19.06271629035473, 47.47446543031252], [19.06271830201149, 47.47447268213312], [19.062702879309654, 47.47447494832685], [19.062700867652893, 47.474467696506565], [19.062674716114998, 47.47447132241684], [19.062677398324013, 47.47447857423663], [19.062661305069923, 47.47448038719142], [19.062659293413162, 47.47447358861063], [19.062633141875267, 47.47447721452049], [19.062635153532028, 47.47448401310082], [19.062619730830193, 47.47448627929406], [19.06261771917343, 47.47447902747533], [19.062591567635536, 47.47448265338482], [19.062593579292297, 47.47448990520305], [19.06257815659046, 47.47449217139604], [19.0625761449337, 47.474484919578124], [19.062549993395805, 47.474488545487205], [19.062552005052567, 47.47449534406607], [19.06253658235073, 47.47449761025882], [19.06253457069397, 47.47449035844166], [19.062508419156075, 47.47449398435037], [19.062510430812836, 47.474501236167036], [19.062495008111, 47.47450350235953], [19.06249299645424, 47.474496250543176], [19.062467515468597, 47.47449761025882], [19.062461480498314, 47.47447902747533], [19.062486961483955, 47.47447540156559], [19.062484949827194, 47.47446814974536], [19.06250037252903, 47.47446633679015], [19.06250238418579, 47.47447313537187], [19.062528535723686, 47.47446950946173], [19.062526524066925, 47.47446271087953], [19.06254194676876, 47.47446044468527], [19.062543958425522, 47.474467696506565], [19.062570109963417, 47.47446407059604], [19.062568098306656, 47.47445681877425], [19.06258352100849, 47.47445455257973], [19.062585532665253, 47.474461804401834], [19.062611684203148, 47.47445817849091], [19.062609672546387, 47.474450926668304], [19.062625095248222, 47.47444911371249], [19.062627106904984, 47.47445591229645], [19.06265325844288, 47.474452286385116], [19.062651246786118, 47.474445487800686], [19.062666669487953, 47.47444322160568], [19.062668681144714, 47.47445047342936], [19.06269483268261, 47.47444684751765], [19.06269282102585, 47.474439595693475], [19.062708243727684, 47.474437329498215], [19.062710255384445, 47.4744445813227], [19.06273640692234, 47.47444095541058], [19.06273439526558, 47.47443415682469], [19.062749817967415, 47.4744318906292], [19.062751829624176, 47.47443914245442], [19.06277798116207, 47.47443551654194], [19.06277596950531, 47.4744282647162], [19.062791392207146, 47.47442599852045], [19.062793403863907, 47.4744332503465], [19.062819555401802, 47.4744296244336], [19.06281754374504, 47.47442237260705], [19.062832966446877, 47.474420559650255], [19.062834978103638, 47.47442735823791], [19.062861129641533, 47.4744237323246], [19.06285911798477, 47.474416933736485], [19.062874540686607, 47.474414667540245], [19.06287655234337, 47.474421919367856], [19.062902703881264, 47.47441829345418], [19.06290002167225, 47.47441013514749], [19.062887951731682, 47.47441194810464], [19.062872529029846, 47.474360732040985], [19.062918797135353, 47.474354386684496]]]}}, {"type": "Feature", "id": 2768, "properties": {"buildingId": 1, "floorId": 19, "roomNumber": "6-419", "roomName": "6-419 \u00c9lettani \u00e9s Neurobiol\u00f3giai Tansz\u00e9k Titk\u00e1rs\u00e1g", "scope": "budapest/lagymanyos/deli/6/LD-6-419-02-33", "roomCode": "LD-6-419-02-33", "roomType": "administrative", "__tile": "17/72476/45847", "__layer": "rooms", "__zoom": 17, "__mvtId": 2768, "__building": "deli", "__ringVerts": 5, "id": 2768, "catalogFloorId": 19}, "geometry": {"type": "Polygon", "coordinates": [[[19.06301200389862, 47.474399710642636], [19.063020050525665, 47.474426904998765], [19.06294494867325, 47.474437329498215], [19.062936902046204, 47.47441013514749], [19.06301200389862, 47.474399710642636]]]}}, {"type": "Feature", "id": 2750, "properties": {"buildingId": 1, "floorId": 19, "roomNumber": "6-307", "roomName": "6-307 Oktat\u00f3", "scope": "budapest/lagymanyos/deli/6/LD-6-307-01-13", "roomCode": "LD-6-307-01-13", "roomType": "educational", "__tile": "17/72476/45847", "__layer": "rooms", "__zoom": 17, "__mvtId": 2750, "__building": "deli", "__ringVerts": 6, "id": 2750, "catalogFloorId": 19}, "geometry": {"type": "Polygon", "coordinates": [[[19.062564745545387, 47.47449489082751], [19.062580168247223, 47.47454565352228], [19.06256005167961, 47.47454837295097], [19.062538594007492, 47.47454837295097], [19.062524512410164, 47.47450032969], [19.062564745545387, 47.47449489082751]]]}}, {"type": "Feature", "id": 2448, "properties": {"buildingId": 1, "floorId": 19, "roomNumber": "6-305", "roomName": "6-305 Bakteri\u00e1lis teny\u00e9szt\u0151 labor", "scope": "budapest/lagymanyos/deli/6/LD-6-305-01-14", "roomCode": "LD-6-305-01-14", "roomType": "educational", "__tile": "17/72476/45847", "__layer": "rooms", "__zoom": 17, "__mvtId": 2448, "__building": "deli", "__ringVerts": 5, "id": 2448, "catalogFloorId": 19}, "geometry": {"type": "Polygon", "coordinates": [[[19.06268946826458, 47.47447766775921], [19.062704890966415, 47.47452843047062], [19.062664657831192, 47.47453386932964], [19.062649235129356, 47.47448310662349], [19.06268946826458, 47.47447766775921]]]}}, {"type": "Feature", "id": 2680, "properties": {"buildingId": 1, "floorId": 19, "roomNumber": "6-317", "roomName": "6-317 In vivo elektrofiziol\u00f3gia III.", "scope": "budapest/lagymanyos/deli/6/LD-6-317-01-14", "roomCode": "LD-6-317-01-14", "roomType": "educational", "__tile": "17/72476/45847", "__layer": "rooms", "__zoom": 17, "__mvtId": 2680, "__building": "deli", "__ringVerts": 5, "id": 2680, "catalogFloorId": 19}, "geometry": {"type": "Polygon", "coordinates": [[[19.062829613685608, 47.47436662415704], [19.062845036387444, 47.474417840214954], [19.06280480325222, 47.47442327908543], [19.062789380550385, 47.47437251627244], [19.062829613685608, 47.47436662415704]]]}}, {"type": "Feature", "id": 2479, "properties": {"buildingId": 1, "floorId": 19, "roomNumber": "6-426", "roomName": "6-426 Tumorsejtbiol\u00f3giai labor", "scope": "budapest/lagymanyos/deli/6/LD-6-426-01-14", "roomCode": "LD-6-426-01-14", "roomType": "educational", "__tile": "17/72476/45848", "__layer": "rooms", "__zoom": 17, "__mvtId": 2479, "__building": "deli", "__ringVerts": 5, "id": 2479, "catalogFloorId": 19}, "geometry": {"type": "Polygon", "coordinates": [[[19.063088446855545, 47.47094002052782], [19.06309649348259, 47.4709672166743], [19.063021391630173, 47.47097718859115], [19.063012674450874, 47.47094999244983], [19.063088446855545, 47.47094002052782]]]}}, {"type": "Feature", "id": 2661, "properties": {"buildingId": 1, "floorId": 19, "roomNumber": "6-428", "roomName": "6-428 Ornitol\u00f3giai labor", "scope": "budapest/lagymanyos/deli/6/LD-6-428-01-14", "roomCode": "LD-6-428-01-14", "roomType": "educational", "__tile": "17/72476/45848", "__layer": "rooms", "__zoom": 17, "__mvtId": 2661, "__building": "deli", "__ringVerts": 5, "id": 2661, "catalogFloorId": 19}, "geometry": {"type": "Polygon", "coordinates": [[[19.063105210661888, 47.4709962258817], [19.063113257288933, 47.4710234219991], [19.063038155436516, 47.4710338471737], [19.06303010880947, 47.471006197793045], [19.063105210661888, 47.4709962258817]]]}}, {"type": "Feature", "id": 2970, "properties": {"buildingId": 1, "floorId": 19, "roomNumber": "6-529", "roomName": "6-529 WC", "scope": "budapest/lagymanyos/deli/6/LD-6-529-05-71", "roomCode": "LD-6-529-05-71", "roomType": "social", "__tile": "17/72476/45848", "__layer": "rooms", "__zoom": 17, "__mvtId": 2970, "__building": "deli", "__ringVerts": 5, "id": 2970, "catalogFloorId": 19}, "geometry": {"type": "Polygon", "coordinates": [[[19.06301401555538, 47.47115622950355], [19.06301937997341, 47.47117481346204], [19.063009321689606, 47.47117617326363], [19.063003957271576, 47.471157589305605], [19.06301401555538, 47.47115622950355]]]}}, {"type": "Feature", "id": 2655, "properties": {"buildingId": 1, "floorId": 19, "roomNumber": "6-528", "roomName": "6-528 Mosd\u00f3-zuhany", "scope": "budapest/lagymanyos/deli/6/LD-6-528-05-71", "roomCode": "LD-6-528-05-71", "roomType": "social", "__tile": "17/72476/45848", "__layer": "rooms", "__zoom": 17, "__mvtId": 2655, "__building": "deli", "__ringVerts": 7, "id": 2655, "catalogFloorId": 19}, "geometry": {"type": "Polygon", "coordinates": [[[19.063005968928337, 47.4711698275226], [19.0630079805851, 47.471177079798], [19.063020050525665, 47.47117571999644], [19.063022062182426, 47.47118251900388], [19.062995240092278, 47.47118614514083], [19.062991216778755, 47.47117345366042], [19.063005968928337, 47.4711698275226]]]}}, {"type": "Feature", "id": 3211, "properties": {"buildingId": 1, "floorId": 19, "roomNumber": "6-526", "roomName": "6-526 El\u0151t\u00e9r", "scope": "budapest/lagymanyos/deli/6/LD-6-526-04-63", "roomCode": "LD-6-526-04-63", "roomType": "corridor", "__tile": "17/72476/45848", "__layer": "rooms", "__zoom": 17, "__mvtId": 3211, "__building": "deli", "__ringVerts": 5, "id": 3211, "catalogFloorId": 19}, "geometry": {"type": "Polygon", "coordinates": [[[19.063001945614815, 47.47115713603826], [19.063005968928337, 47.47116892098811], [19.062991216778755, 47.47117254712599], [19.062987193465233, 47.4711598556423], [19.063001945614815, 47.47115713603826]]]}}, {"type": "Feature", "id": 2687, "properties": {"buildingId": 1, "floorId": 19, "roomNumber": "6-504", "roomName": "6-504 Fejl\u0151d\u00e9sbiol\u00f3giai labor I.", "scope": "budapest/lagymanyos/deli/6/LD-6-504-01-14", "roomCode": "LD-6-504-01-14", "roomType": "educational", "__tile": "17/72476/45848", "__layer": "rooms", "__zoom": 17, "__mvtId": 2687, "__building": "deli", "__ringVerts": 5, "id": 2687, "catalogFloorId": 19}, "geometry": {"type": "Polygon", "coordinates": [[[19.06315617263317, 47.47116484158269], [19.063172936439514, 47.47122014016252], [19.063097164034843, 47.47123056529811], [19.0630804002285, 47.47117526672924], [19.06315617263317, 47.47116484158269]]]}}, {"type": "Feature", "id": 2994, "properties": {"buildingId": 1, "floorId": 19, "roomNumber": "6-519", "roomName": "6-519 L\u00e9gyszoba", "scope": "budapest/lagymanyos/deli/6/LD-6-519-01-14", "roomCode": "LD-6-519-01-14", "roomType": "educational", "__tile": "17/72476/45848", "__layer": "rooms", "__zoom": 17, "__mvtId": 2994, "__building": "deli", "__ringVerts": 8, "id": 2994, "catalogFloorId": 19}, "geometry": {"type": "Polygon", "coordinates": [[[19.063068330287933, 47.471323031627534], [19.063076376914978, 47.471350227575805], [19.063037484884262, 47.47135566676378], [19.063045531511307, 47.471382409429765], [19.063016027212143, 47.4713864888183], [19.0630079805851, 47.47138286269517], [19.062993228435516, 47.4713334567427], [19.063068330287933, 47.471323031627534]]]}}, {"type": "Feature", "id": 3137, "properties": {"buildingId": 1, "floorId": 19, "roomNumber": "6-506", "roomName": "6-506 Fejl\u0151d\u00e9sbiol\u00f3giai labor II.", "scope": "budapest/lagymanyos/deli/6/LD-6-506-01-14", "roomCode": "LD-6-506-01-14", "roomType": "educational", "__tile": "17/72476/45848", "__layer": "rooms", "__zoom": 17, "__mvtId": 3137, "__building": "deli", "__ringVerts": 5, "id": 3137, "catalogFloorId": 19}, "geometry": {"type": "Polygon", "coordinates": [[[19.063181653618813, 47.47124914923032], [19.063197746872902, 47.471304447721444], [19.063122645020485, 47.4713148728403], [19.063105881214142, 47.47125957436015], [19.063181653618813, 47.47124914923032]]]}}, {"type": "Feature", "id": 3223, "properties": {"buildingId": 1, "floorId": 19, "roomNumber": "6-511", "roomName": "6-511 T\u00e1rgyal\u00f3", "scope": "budapest/lagymanyos/deli/6/LD-6-511-01-17", "roomCode": "LD-6-511-01-17", "roomType": "educational", "__tile": "17/72476/45848", "__layer": "rooms", "__zoom": 17, "__mvtId": 3223, "__building": "deli", "__ringVerts": 5, "id": 3223, "catalogFloorId": 19}, "geometry": {"type": "Polygon", "coordinates": [[[19.063223898410797, 47.471389661675815], [19.06324066221714, 47.47144496001909], [19.06316488981247, 47.47145538511008], [19.063148126006126, 47.47140008677777], [19.063223898410797, 47.471389661675815]]]}}, {"type": "Feature", "id": 2518, "properties": {"buildingId": 1, "floorId": 19, "roomNumber": "6-512", "roomName": "6-512 Anat\u00f3miai, Sejt- \u00e9s Fejl\u0151d\u00e9sbiol\u00f3giai Tansz\u00e9k Titk\u00e1rs\u00e1g", "scope": "budapest/lagymanyos/deli/6/LD-6-512-02-33", "roomCode": "LD-6-512-02-33", "roomType": "administrative", "__tile": "17/72476/45848", "__layer": "rooms", "__zoom": 17, "__mvtId": 2518, "__building": "deli", "__ringVerts": 5, "id": 2518, "catalogFloorId": 19}, "geometry": {"type": "Polygon", "coordinates": [[[19.06324066221714, 47.47144586654883], [19.06324803829193, 47.47146988958106], [19.06317226588726, 47.47148031466709], [19.063165560364723, 47.47145629163964], [19.06324066221714, 47.47144586654883]]]}}, {"type": "Feature", "id": 3370, "properties": {"buildingId": 1, "floorId": 19, "roomNumber": "6-505", "roomName": "6-505 Oktat\u00f3", "scope": "budapest/lagymanyos/deli/6/LD-6-505-01-13", "roomCode": "LD-6-505-01-13", "roomType": "educational", "__tile": "17/72476/45848", "__layer": "rooms", "__zoom": 17, "__mvtId": 3370, "__building": "deli", "__ringVerts": 5, "id": 3370, "catalogFloorId": 19}, "geometry": {"type": "Polygon", "coordinates": [[[19.063172936439514, 47.47122104669613], [19.06318098306656, 47.47124824269719], [19.063105881214142, 47.4712586678272], [19.063097834587097, 47.47123147183154], [19.063172936439514, 47.47122104669613]]]}}, {"type": "Feature", "id": 2601, "properties": {"buildingId": 1, "floorId": 19, "roomNumber": "6-514", "roomName": "6-514 El\u0151t\u00e9r", "scope": "budapest/lagymanyos/deli/6/LD-6-514-04-63", "roomCode": "LD-6-514-04-63", "roomType": "corridor", "__tile": "17/72476/45848", "__layer": "rooms", "__zoom": 17, "__mvtId": 2601, "__building": "deli", "__ringVerts": 5, "id": 2601, "catalogFloorId": 19}, "geometry": {"type": "Polygon", "coordinates": [[[19.063095822930336, 47.47137742351002], [19.06309850513935, 47.471388301879756], [19.063050225377083, 47.4713951008597], [19.063046872615814, 47.47138422249137], [19.063095822930336, 47.47137742351002]]]}}, {"type": "Feature", "id": 3655, "properties": {"buildingId": 1, "floorId": 19, "roomNumber": "6-521", "roomName": "6-521 Oktat\u00f3", "scope": "budapest/lagymanyos/deli/6/LD-6-521-01-13", "roomCode": "LD-6-521-01-13", "roomType": "educational", "__tile": "17/72476/45848", "__layer": "rooms", "__zoom": 17, "__mvtId": 3655, "__building": "deli", "__ringVerts": 5, "id": 3655, "catalogFloorId": 19}, "geometry": {"type": "Polygon", "coordinates": [[[19.063026756048203, 47.4712994617943], [19.063034802675247, 47.47132665775478], [19.062992557883263, 47.47133255021103], [19.062984511256218, 47.4713053542536], [19.063026756048203, 47.4712994617943]]]}}, {"type": "Feature", "id": 3210, "properties": {"buildingId": 1, "floorId": 19, "roomNumber": "6-510", "roomName": "6-510 Oktat\u00f3", "scope": "budapest/lagymanyos/deli/6/LD-6-510-01-13", "roomCode": "LD-6-510-01-13", "roomType": "educational", "__tile": "17/72476/45848", "__layer": "rooms", "__zoom": 17, "__mvtId": 3210, "__building": "deli", "__ringVerts": 5, "id": 3210, "catalogFloorId": 19}, "geometry": {"type": "Polygon", "coordinates": [[[19.0632151812315, 47.471361559216774], [19.063223227858543, 47.47138875514512], [19.06318098306656, 47.4713946475944], [19.063172936439514, 47.47136745166911], [19.0632151812315, 47.471361559216774]]]}}, {"type": "Feature", "id": 3800, "properties": {"buildingId": 1, "floorId": 19, "roomNumber": "6-427", "roomName": "6-427 Oktat\u00f3", "scope": "budapest/lagymanyos/deli/6/LD-6-427-01-13", "roomCode": "LD-6-427-01-13", "roomType": "educational", "__tile": "17/72476/45848", "__layer": "rooms", "__zoom": 17, "__mvtId": 3800, "__building": "deli", "__ringVerts": 5, "id": 3800, "catalogFloorId": 19}, "geometry": {"type": "Polygon", "coordinates": [[[19.06309649348259, 47.47096812321227], [19.063105210661888, 47.47099531934422], [19.063029438257217, 47.47100529125573], [19.063021391630173, 47.47097809512895], [19.06309649348259, 47.47096812321227]]]}}, {"type": "Feature", "id": 3414, "properties": {"buildingId": 1, "floorId": 19, "roomNumber": "6-517", "roomName": "6-517 WC", "scope": "budapest/lagymanyos/deli/6/LD-6-517-05-71", "roomCode": "LD-6-517-05-71", "roomType": "social", "__tile": "17/72476/45848", "__layer": "rooms", "__zoom": 17, "__mvtId": 3414, "__building": "deli", "__ringVerts": 5, "id": 3414, "catalogFloorId": 19}, "geometry": {"type": "Polygon", "coordinates": [[[19.06309850513935, 47.471389661675815], [19.063103199005127, 47.471405525960584], [19.06309314072132, 47.47140733902139], [19.06308777630329, 47.47139102147184], [19.06309850513935, 47.471389661675815]]]}}, {"type": "Feature", "id": 3658, "properties": {"buildingId": 1, "floorId": 19, "roomNumber": "6-615", "roomName": "6-615 Feh\u00e9r \u00f6lt\u00f6z\u0151", "scope": "budapest/lagymanyos/deli/6/LD-6-615-05-73", "roomCode": "LD-6-615-05-73", "roomType": "social", "__tile": "17/72476/45848", "__layer": "rooms", "__zoom": 17, "__mvtId": 3658, "__building": "deli", "__ringVerts": 7, "id": 3658, "catalogFloorId": 19}, "geometry": {"type": "Polygon", "coordinates": [[[19.06266801059246, 47.47155510326717], [19.062672033905983, 47.471568701183024], [19.062643200159073, 47.471572780557096], [19.06264118850231, 47.47156643486396], [19.062649235129356, 47.47156552833631], [19.062647223472595, 47.47155782285063], [19.06266801059246, 47.47155510326717]]]}}, {"type": "Feature", "id": 3492, "properties": {"buildingId": 1, "floorId": 19, "roomNumber": "6-708", "roomName": "6-708 Mosogat\u00f3", "scope": "budapest/lagymanyos/deli/6/LD-6-708-01-14", "roomCode": "LD-6-708-01-14", "roomType": "educational", "__tile": "17/72476/45848", "__layer": "rooms", "__zoom": 17, "__mvtId": 3492, "__building": "deli", "__ringVerts": 5, "id": 3492, "catalogFloorId": 19}, "geometry": {"type": "Polygon", "coordinates": [[[19.06261570751667, 47.471239630631715], [19.062623754143715, 47.47126637335674], [19.062547981739044, 47.47127679848315], [19.062539935112, 47.47125005576342], [19.06261570751667, 47.471239630631715]]]}}, {"type": "Feature", "id": 2935, "properties": {"buildingId": 1, "floorId": 19, "roomNumber": "6-704", "roomName": "6-704 El\u0151t\u00e9r", "scope": "budapest/lagymanyos/deli/6/LD-6-704-04-63", "roomCode": "LD-6-704-04-63", "roomType": "corridor", "__tile": "17/72476/45848", "__layer": "rooms", "__zoom": 17, "__mvtId": 2935, "__building": "deli", "__ringVerts": 5, "id": 2935, "catalogFloorId": 19}, "geometry": {"type": "Polygon", "coordinates": [[[19.062562063336372, 47.47121832709525], [19.062566086649895, 47.47123101856482], [19.06255066394806, 47.47123147183154], [19.06254731118679, 47.471219686895715], [19.062562063336372, 47.47121832709525]]]}}, {"type": "Feature", "id": 3116, "properties": {"buildingId": 1, "floorId": 19, "roomNumber": "6-715", "roomName": "6-715 El\u0151t\u00e9r", "scope": "budapest/lagymanyos/deli/6/LD-6-715-04-63", "roomCode": "LD-6-715-04-63", "roomType": "corridor", "__tile": "17/72476/45848", "__layer": "rooms", "__zoom": 17, "__mvtId": 3116, "__building": "deli", "__ringVerts": 5, "id": 3116, "catalogFloorId": 19}, "geometry": {"type": "Polygon", "coordinates": [[[19.06263716518879, 47.4714404273702], [19.062640517950058, 47.4714513057269], [19.06259223818779, 47.47145810469869], [19.06258888542652, 47.4714472263434], [19.06263716518879, 47.4714404273702]]]}}, {"type": "Feature", "id": 2467, "properties": {"buildingId": 1, "floorId": 19, "roomNumber": "6-703", "roomName": "6-703 F\u00e9rfi WC csoport", "scope": "budapest/lagymanyos/deli/6/LD-6-703-05-71", "roomCode": "LD-6-703-05-71", "roomType": "social", "__tile": "17/72476/45848", "__layer": "rooms", "__zoom": 17, "__mvtId": 2467, "__building": "deli", "__ringVerts": 8, "id": 2467, "catalogFloorId": 19}, "geometry": {"type": "Polygon", "coordinates": [[[19.062600284814835, 47.471188411476284], [19.06260497868061, 47.47120472908875], [19.062615036964417, 47.47120926175797], [19.062609001994133, 47.47121515422738], [19.06260095536709, 47.47121152809244], [19.06256340444088, 47.47121651402792], [19.062556698918343, 47.471194757215066], [19.062600284814835, 47.471188411476284]]]}}, {"type": "Feature", "id": 2871, "properties": {"buildingId": 1, "floorId": 19, "roomNumber": "6-617", "roomName": "6-617 L\u00e9pcs\u0151h\u00e1z", "scope": "budapest/lagymanyos/deli/6/LD-6-617-04-64", "roomCode": "LD-6-617-04-64", "roomType": "corridor", "__tile": "17/72476/45848", "__layer": "rooms", "__zoom": 17, "__mvtId": 2871, "__building": "deli", "__ringVerts": 7, "id": 2871, "catalogFloorId": 19}, "geometry": {"type": "Polygon", "coordinates": [[[19.062684774398804, 47.4714653569343], [19.06269147992134, 47.471488473428636], [19.062634482979774, 47.4714961789245], [19.062636494636536, 47.471502071361726], [19.062620401382446, 47.47150433768357], [19.062611684203148, 47.47147532875664], [19.062684774398804, 47.4714653569343]]]}}, {"type": "Feature", "id": 2590, "properties": {"buildingId": 1, "floorId": 19, "roomNumber": "6-718", "roomName": "6-718 M\u0171szer szoba", "scope": "budapest/lagymanyos/deli/6/LD-6-718-01-14", "roomCode": "LD-6-718-01-14", "roomType": "educational", "__tile": "17/72476/45848", "__layer": "rooms", "__zoom": 17, "__mvtId": 2590, "__building": "deli", "__ringVerts": 8, "id": 2590, "catalogFloorId": 19}, "geometry": {"type": "Polygon", "coordinates": [[[19.06267337501049, 47.471430908806234], [19.062682762742043, 47.471434988191], [19.062677398324013, 47.4714404273702], [19.06268410384655, 47.471463543875494], [19.062647223472595, 47.47146852978707], [19.062638506293297, 47.4714404273702], [19.062668681144714, 47.47143634798585], [19.06267337501049, 47.471430908806234]]]}}, {"type": "Feature", "id": 3138, "properties": {"buildingId": 1, "floorId": 19, "roomNumber": "6-104", "roomName": "6-104 id. Entz G\u00e9za terem", "scope": "budapest/lagymanyos/deli/6/LD-6-104-01-12", "roomCode": "LD-6-104-01-12", "roomType": "educational", "__tile": "17/72476/45848", "__layer": "rooms", "__zoom": 17, "__mvtId": 3138, "__building": "deli", "__ringVerts": 6, "id": 3138, "catalogFloorId": 19}, "geometry": {"type": "Polygon", "coordinates": [[[19.06271629035473, 47.47114127167852], [19.062731713056564, 47.47119249087988], [19.06261771917343, 47.47120790195724], [19.062606990337372, 47.471203369287906], [19.062598943710327, 47.471157589305605], [19.06271629035473, 47.47114127167852]]]}}, {"type": "Feature", "id": 3260, "properties": {"buildingId": 1, "floorId": 19, "roomNumber": "6-616", "roomName": "6-616 El\u0151t\u00e9r", "scope": "budapest/lagymanyos/deli/6/LD-6-616-04-63", "roomCode": "LD-6-616-04-63", "roomType": "corridor", "__tile": "17/72476/45848", "__layer": "rooms", "__zoom": 17, "__mvtId": 3260, "__building": "deli", "__ringVerts": 5, "id": 3260, "catalogFloorId": 19}, "geometry": {"type": "Polygon", "coordinates": [[[19.062672033905983, 47.47156960771063], [19.06267538666725, 47.47158093930429], [19.062635153532028, 47.47158637846838], [19.06263180077076, 47.471575500139636], [19.062672033905983, 47.47156960771063]]]}}, {"type": "Feature", "id": 3160, "properties": {"buildingId": 1, "floorId": 19, "roomNumber": "6-614", "roomName": "6-614 Zuhanyoz\u00f3", "scope": "budapest/lagymanyos/deli/6/LD-6-614-05-71", "roomCode": "LD-6-614-05-71", "roomType": "social", "__tile": "17/72476/45848", "__layer": "rooms", "__zoom": 17, "__mvtId": 3160, "__building": "deli", "__ringVerts": 9, "id": 3160, "catalogFloorId": 19}, "geometry": {"type": "Polygon", "coordinates": [[[19.062633141875267, 47.47154467819597], [19.062635824084282, 47.47155193041963], [19.062643200159073, 47.47155057062778], [19.06264789402485, 47.471564621808646], [19.062639847397804, 47.47156598160014], [19.062641859054565, 47.47157323382087], [19.06263180077076, 47.47157459361214], [19.06262308359146, 47.471546037987984], [19.062633141875267, 47.47154467819597]]]}}, {"type": "Feature", "id": 3398, "properties": {"buildingId": 1, "floorId": 19, "roomNumber": "6-711", "roomName": "6-711 Genomikai Laborat\u00f3rium", "scope": "budapest/lagymanyos/deli/6/LD-6-711-01-14", "roomCode": "LD-6-711-01-14", "roomType": "educational", "__tile": "17/72476/45848", "__layer": "rooms", "__zoom": 17, "__mvtId": 3398, "__building": "deli", "__ringVerts": 5, "id": 3398, "catalogFloorId": 19}, "geometry": {"type": "Polygon", "coordinates": [[[19.062640517950058, 47.471323484893446], [19.0626572817564, 47.471378783306356], [19.062582179903984, 47.47138920841047], [19.06256541609764, 47.471333910008525], [19.062640517950058, 47.471323484893446]]]}}, {"type": "Feature", "id": 3668, "properties": {"buildingId": 1, "floorId": 19, "roomNumber": "6-609", "roomName": "6-609 H\u0171t\u0151szoba", "scope": "budapest/lagymanyos/deli/6/LD-6-609-01-14", "roomCode": "LD-6-609-01-14", "roomType": "educational", "__tile": "17/72476/45848", "__layer": "rooms", "__zoom": 17, "__mvtId": 3668, "__building": "deli", "__ringVerts": 5, "id": 3668, "catalogFloorId": 19}, "geometry": {"type": "Polygon", "coordinates": [[[19.06278468668461, 47.471512496441385], [19.062789380550385, 47.471528360689064], [19.06274914741516, 47.47153379985859], [19.062744453549385, 47.4715183888768], [19.06278468668461, 47.471512496441385]]]}}, {"type": "Feature", "id": 3659, "properties": {"buildingId": 1, "floorId": 19, "roomNumber": "6-619", "roomName": "6-619 Oktat\u00f3", "scope": "budapest/lagymanyos/deli/6/LD-6-619-01-13", "roomCode": "LD-6-619-01-13", "roomType": "educational", "__tile": "17/72476/45848", "__layer": "rooms", "__zoom": 17, "__mvtId": 3659, "__building": "deli", "__ringVerts": 6, "id": 3659, "catalogFloorId": 19}, "geometry": {"type": "Polygon", "coordinates": [[[19.062716960906982, 47.47143045554124], [19.062725007534027, 47.471457198169176], [19.062686786055565, 47.471462637346065], [19.062680080533028, 47.4714404273702], [19.062685444951057, 47.471434988191], [19.062716960906982, 47.47143045554124]]]}}, {"type": "Feature", "id": 2246, "properties": {"buildingId": 1, "floorId": 19, "roomNumber": "6-423", "roomName": "6-423 HPLC labor", "scope": "budapest/lagymanyos/deli/6/LD-6-423-01-14", "roomCode": "LD-6-423-01-14", "roomType": "educational", "__tile": "17/72476/45848", "__layer": "rooms", "__zoom": 17, "__mvtId": 2246, "__building": "deli", "__ringVerts": 5, "id": 2246, "catalogFloorId": 19}, "geometry": {"type": "Polygon", "coordinates": [[[19.063054248690605, 47.47082715636954], [19.06307101249695, 47.47088290857441], [19.06299591064453, 47.47089288050725], [19.062979146838188, 47.470837581583076], [19.063054248690605, 47.47082715636954]]]}}, {"type": "Feature", "id": 2375, "properties": {"buildingId": 1, "floorId": 19, "roomNumber": "6-106", "roomName": "6-106 \u00c9lettani gyakorl\u00f3 II.", "scope": "budapest/lagymanyos/deli/6/LD-6-106-01-14", "roomCode": "LD-6-106-01-14", "roomType": "educational", "__tile": "17/72476/45848", "__layer": "rooms", "__zoom": 17, "__mvtId": 2375, "__building": "deli", "__ringVerts": 6, "id": 2375, "catalogFloorId": 19}, "geometry": {"type": "Polygon", "coordinates": [[[19.062690138816833, 47.47105379098022], [19.06270556151867, 47.47110455699904], [19.062587544322014, 47.471120874637535], [19.06256876885891, 47.47107600111949], [19.062575474381447, 47.47106920209826], [19.062690138816833, 47.47105379098022]]]}}, {"type": "Feature", "id": 3513, "properties": {"buildingId": 1, "floorId": 19, "roomNumber": "6-405", "roomName": "6-405 Mosd\u00f3-zuhany", "scope": "budapest/lagymanyos/deli/6/LD-6-405-05-71", "roomCode": "LD-6-405-05-71", "roomType": "social", "__tile": "17/72476/45848", "__layer": "rooms", "__zoom": 17, "__mvtId": 3513, "__building": "deli", "__ringVerts": 7, "id": 3513, "catalogFloorId": 19}, "geometry": {"type": "Polygon", "coordinates": [[[19.0629630535841, 47.47098580069964], [19.06296506524086, 47.47099305300043], [19.062952995300293, 47.47099441280671], [19.062955677509308, 47.471002118375], [19.062940254807472, 47.471002118375], [19.06293623149395, 47.47098942685015], [19.0629630535841, 47.47098580069964]]]}}, {"type": "Feature", "id": 3103, "properties": {"buildingId": 1, "floorId": 19, "roomNumber": "6-707", "roomName": "6-707 WC", "scope": "budapest/lagymanyos/deli/6/LD-6-707-05-71", "roomCode": "LD-6-707-05-71", "roomType": "social", "__tile": "17/72476/45848", "__layer": "rooms", "__zoom": 17, "__mvtId": 3103, "__building": "deli", "__ringVerts": 5, "id": 3103, "catalogFloorId": 19}, "geometry": {"type": "Polygon", "coordinates": [[[19.062545970082283, 47.47122059342933], [19.062552005052567, 47.47123917736507], [19.062541276216507, 47.47124053716499], [19.062535911798477, 47.47122195322973], [19.062545970082283, 47.47122059342933]]]}}, {"type": "Feature", "id": 2554, "properties": {"buildingId": 1, "floorId": 19, "roomNumber": "6-226", "roomName": "6-226 Mosd\u00f3-zuhany", "scope": "budapest/lagymanyos/deli/6/LD-6-226-05-71", "roomCode": "LD-6-226-05-71", "roomType": "social", "__tile": "17/72476/45848", "__layer": "rooms", "__zoom": 17, "__mvtId": 2554, "__building": "deli", "__ringVerts": 7, "id": 2554, "catalogFloorId": 19}, "geometry": {"type": "Polygon", "coordinates": [[[19.06251110136509, 47.47104789849272], [19.06251512467861, 47.47106059000345], [19.06250037252903, 47.471064669416954], [19.06249836087227, 47.47105696385783], [19.0624862909317, 47.471058776930676], [19.06248427927494, 47.47105152463895], [19.06251110136509, 47.47104789849272]]]}}, {"type": "Feature", "id": 3267, "properties": {"buildingId": 1, "floorId": 19, "roomNumber": "6-103", "roomName": "6-103 Marg\u00f3 Tivadar anat\u00f3miai gyakorl\u00f3", "scope": "budapest/lagymanyos/deli/6/LD-6-103-01-14", "roomCode": "LD-6-103-01-14", "roomType": "educational", "__tile": "17/72476/45848", "__layer": "rooms", "__zoom": 17, "__mvtId": 3267, "__building": "deli", "__ringVerts": 5, "id": 3267, "catalogFloorId": 19}, "geometry": {"type": "Polygon", "coordinates": [[[19.062882587313652, 47.47111860829915], [19.062898010015488, 47.47116937425535], [19.062733054161072, 47.47119203761283], [19.062717631459236, 47.47114127167852], [19.062882587313652, 47.47111860829915]]]}}, {"type": "Feature", "id": 3553, "properties": {"buildingId": 1, "floorId": 19, "roomNumber": "6-222", "roomName": "6-222 N\u0151i WC el\u0151t\u00e9r", "scope": "budapest/lagymanyos/deli/6/LD-6-222-05-71", "roomCode": "LD-6-222-05-71", "roomType": "social", "__tile": "17/72476/45848", "__layer": "rooms", "__zoom": 17, "__mvtId": 3553, "__building": "deli", "__ringVerts": 5, "id": 3553, "catalogFloorId": 19}, "geometry": {"type": "Polygon", "coordinates": [[[19.062519818544388, 47.47107600111949], [19.06252585351467, 47.47109821124936], [19.062495678663254, 47.471102290659964], [19.062488973140717, 47.47108053379982], [19.062519818544388, 47.47107600111949]]]}}, {"type": "Feature", "id": 2870, "properties": {"buildingId": 1, "floorId": 19, "roomNumber": "6-702", "roomName": "6-702 F\u00e9rfi WC el\u0151t\u00e9r", "scope": "budapest/lagymanyos/deli/6/LD-6-702-05-71", "roomCode": "LD-6-702-05-71", "roomType": "social", "__tile": "17/72476/45848", "__layer": "rooms", "__zoom": 17, "__mvtId": 2870, "__building": "deli", "__ringVerts": 5, "id": 2870, "catalogFloorId": 19}, "geometry": {"type": "Polygon", "coordinates": [[[19.062555357813835, 47.471194757215066], [19.062562063336372, 47.47121651402792], [19.0625312179327, 47.47122104669613], [19.062524512410164, 47.47119883661817], [19.062555357813835, 47.471194757215066]]]}}, {"type": "Feature", "id": 3227, "properties": {"buildingId": 1, "floorId": 19, "roomNumber": "6-706", "roomName": "6-706 Mosd\u00f3-zuhany", "scope": "budapest/lagymanyos/deli/6/LD-6-706-05-71", "roomCode": "LD-6-706-05-71", "roomType": "social", "__tile": "17/72476/45848", "__layer": "rooms", "__zoom": 17, "__mvtId": 3227, "__building": "deli", "__ringVerts": 7, "id": 3227, "catalogFloorId": 19}, "geometry": {"type": "Polygon", "coordinates": [[[19.06256675720215, 47.471231925098245], [19.062570109963417, 47.47124461656453], [19.062543958425522, 47.47124824269719], [19.062541276216507, 47.47124144369825], [19.062553346157074, 47.471239630631715], [19.06255066394806, 47.47123237836495], [19.06256675720215, 47.471231925098245]]]}}, {"type": "Feature", "id": 3128, "properties": {"buildingId": 1, "floorId": 19, "roomNumber": "6-105", "roomName": "6-105 L\u00e9pcs\u0151h\u00e1z", "scope": "budapest/lagymanyos/deli/6/LD-6-105-04-64", "roomCode": "LD-6-105-04-64", "roomType": "corridor", "__tile": "17/72476/45848", "__layer": "rooms", "__zoom": 17, "__mvtId": 3128, "__building": "deli", "__ringVerts": 5, "id": 3128, "catalogFloorId": 19}, "geometry": {"type": "Polygon", "coordinates": [[[19.062576815485954, 47.47109277203476], [19.06258352100849, 47.47111634196068], [19.0625037252903, 47.47112903345488], [19.062496349215508, 47.47110410373123], [19.062576815485954, 47.47109277203476]]]}}, {"type": "Feature", "id": 2971, "properties": {"buildingId": 1, "floorId": 19, "roomNumber": "6-203", "roomName": "6-203 Friedmann Imre terem 12 f\u0151s", "scope": "budapest/lagymanyos/deli/6/LD-6-203-01-12", "roomCode": "LD-6-203-01-12", "roomType": "educational", "__tile": "17/72476/45848", "__layer": "rooms", "__zoom": 17, "__mvtId": 2971, "__building": "deli", "__ringVerts": 5, "id": 2971, "catalogFloorId": 19}, "geometry": {"type": "Polygon", "coordinates": [[[19.062434658408165, 47.47108823935548], [19.062451422214508, 47.47114353801592], [19.062375649809837, 47.47115396316669], [19.062358886003494, 47.47109866451723], [19.062434658408165, 47.47108823935548]]]}}, {"type": "Feature", "id": 3350, "properties": {"buildingId": 1, "floorId": 19, "roomNumber": "6-729", "roomName": "6-729 El\u0151k\u00e9sz\u00edt\u0151 laborat\u00f3rium", "scope": "budapest/lagymanyos/deli/6/LD-6-729-01-14", "roomCode": "LD-6-729-01-14", "roomType": "educational", "__tile": "17/72476/45848", "__layer": "rooms", "__zoom": 17, "__mvtId": 3350, "__building": "deli", "__ringVerts": 5, "id": 3350, "catalogFloorId": 19}, "geometry": {"type": "Polygon", "coordinates": [[[19.062493667006493, 47.471284957276296], [19.062501713633537, 47.47131215324428], [19.06242661178112, 47.4713225783616], [19.062418565154076, 47.47129538239901], [19.062493667006493, 47.471284957276296]]]}}, {"type": "Feature", "id": 2904, "properties": {"buildingId": 1, "floorId": 19, "roomNumber": "6-728", "roomName": "6-728 T\u00e1ptalaj laborat\u00f3rium", "scope": "budapest/lagymanyos/deli/6/LD-6-728-01-14", "roomCode": "LD-6-728-01-14", "roomType": "educational", "__tile": "17/72476/45848", "__layer": "rooms", "__zoom": 17, "__mvtId": 2904, "__building": "deli", "__ringVerts": 5, "id": 2904, "catalogFloorId": 19}, "geometry": {"type": "Polygon", "coordinates": [[[19.06250238418579, 47.4713130597763], [19.062510430812836, 47.47134025572974], [19.06243532896042, 47.471350680841496], [19.06242661178112, 47.471323484893446], [19.06250238418579, 47.4713130597763]]]}}, {"type": "Feature", "id": 2619, "properties": {"buildingId": 1, "floorId": 19, "roomNumber": "6-726", "roomName": "6-726 Termoszt\u00e1t szoba", "scope": "budapest/lagymanyos/deli/6/LD-6-726-01-14", "roomCode": "LD-6-726-01-14", "roomType": "educational", "__tile": "17/72476/45848", "__layer": "rooms", "__zoom": 17, "__mvtId": 2619, "__building": "deli", "__ringVerts": 5, "id": 2619, "catalogFloorId": 19}, "geometry": {"type": "Polygon", "coordinates": [[[19.062509760260582, 47.471342522058556], [19.062517136335373, 47.471367904934645], [19.06248226761818, 47.4713724375898], [19.06247489154339, 47.471347054715906], [19.062509760260582, 47.471342522058556]]]}}, {"type": "Feature", "id": 3219, "properties": {"buildingId": 1, "floorId": 19, "roomNumber": "6-714", "roomName": "6-714 M\u0171szer szoba", "scope": "budapest/lagymanyos/deli/6/LD-6-714-01-14", "roomCode": "LD-6-714-01-14", "roomType": "educational", "__tile": "17/72476/45848", "__layer": "rooms", "__zoom": 17, "__mvtId": 3219, "__building": "deli", "__ringVerts": 6, "id": 3219, "catalogFloorId": 19}, "geometry": {"type": "Polygon", "coordinates": [[[19.0626659989357, 47.471407792286584], [19.062672704458237, 47.471428642481236], [19.062666669487953, 47.47143453492605], [19.062598273158073, 47.47144405348935], [19.062590897083282, 47.471418217384944], [19.0626659989357, 47.471407792286584]]]}}, {"type": "Feature", "id": 2230, "properties": {"buildingId": 1, "floorId": 19, "roomNumber": "6-710", "roomName": "6-710 Tiszta sterilez\u0151", "scope": "budapest/lagymanyos/deli/6/LD-6-710-01-14", "roomCode": "LD-6-710-01-14", "roomType": "educational", "__tile": "17/72476/45848", "__layer": "rooms", "__zoom": 17, "__mvtId": 2230, "__building": "deli", "__ringVerts": 5, "id": 2230, "catalogFloorId": 19}, "geometry": {"type": "Polygon", "coordinates": [[[19.062632471323013, 47.47129538239901], [19.062640517950058, 47.4713225783616], [19.062564745545387, 47.471333003476865], [19.062556698918343, 47.47130580751967], [19.062632471323013, 47.47129538239901]]]}}, {"type": "Feature", "id": 2790, "properties": {"buildingId": 1, "floorId": 19, "roomNumber": "6-705", "roomName": "6-705 F\u00e9rfi \u00f6lt\u00f6z\u0151", "scope": "budapest/lagymanyos/deli/6/LD-6-705-05-73", "roomCode": "LD-6-705-05-73", "roomType": "social", "__tile": "17/72476/45848", "__layer": "rooms", "__zoom": 17, "__mvtId": 2790, "__building": "deli", "__ringVerts": 5, "id": 2790, "catalogFloorId": 19}, "geometry": {"type": "Polygon", "coordinates": [[[19.062609001994133, 47.4712174205616], [19.062615036964417, 47.47123872409843], [19.062571451067924, 47.47124461656453], [19.06256541609764, 47.47122376629687], [19.062609001994133, 47.4712174205616]]]}}, {"type": "Feature", "id": 3448, "properties": {"buildingId": 1, "floorId": 19, "roomNumber": "6-605", "roomName": "6-605 Sejt\u00e9lettani labor", "scope": "budapest/lagymanyos/deli/6/LD-6-605-01-14", "roomCode": "LD-6-605-01-14", "roomType": "educational", "__tile": "17/72476/45848", "__layer": "rooms", "__zoom": 17, "__mvtId": 3448, "__building": "deli", "__ringVerts": 7, "id": 3448, "catalogFloorId": 19}, "geometry": {"type": "Polygon", "coordinates": [[[19.062950983643532, 47.47148983322211], [19.062966406345367, 47.47154059881972], [19.062884598970413, 47.47155193041963], [19.06287655234337, 47.47152428131155], [19.062834978103638, 47.47153017374564], [19.062827602028847, 47.47150660400531], [19.062950983643532, 47.47148983322211]]]}}, {"type": "Feature", "id": 2497, "properties": {"buildingId": 1, "floorId": 19, "roomNumber": "6-209", "roomName": "6-209 Kutat\u00f3i laborat\u00f3rium", "scope": "budapest/lagymanyos/deli/6/LD-6-209-01-14", "roomCode": "LD-6-209-01-14", "roomType": "educational", "__tile": "17/72476/45848", "__layer": "rooms", "__zoom": 17, "__mvtId": 2497, "__building": "deli", "__ringVerts": 5, "id": 2497, "catalogFloorId": 19}, "geometry": {"type": "Polygon", "coordinates": [[[19.06235821545124, 47.470835315232485], [19.062374979257584, 47.47089061415904], [19.062299877405167, 47.47090103935999], [19.062283113598824, 47.470845740444396], [19.06235821545124, 47.470835315232485]]]}}, {"type": "Feature", "id": 2631, "properties": {"buildingId": 1, "floorId": 19, "roomNumber": "6-424", "roomName": "6-424 Elektrofiziol\u00f3gia labor", "scope": "budapest/lagymanyos/deli/6/LD-6-424-01-14", "roomCode": "LD-6-424-01-14", "roomType": "educational", "__tile": "17/72476/45848", "__layer": "rooms", "__zoom": 17, "__mvtId": 2631, "__building": "deli", "__ringVerts": 5, "id": 2631, "catalogFloorId": 19}, "geometry": {"type": "Polygon", "coordinates": [[[19.063071683049202, 47.47088336184412], [19.063079729676247, 47.470911011289395], [19.063003957271576, 47.470920983216914], [19.06299591064453, 47.470893787046506], [19.063071683049202, 47.47088336184412]]]}}, {"type": "Feature", "id": 2802, "properties": {"buildingId": 1, "floorId": 19, "roomNumber": "6-410", "roomName": "6-410 Steril labor", "scope": "budapest/lagymanyos/deli/6/LD-6-410-01-14", "roomCode": "LD-6-410-01-14", "roomType": "educational", "__tile": "17/72476/45848", "__layer": "rooms", "__zoom": 17, "__mvtId": 2802, "__building": "deli", "__ringVerts": 5, "id": 2802, "catalogFloorId": 19}, "geometry": {"type": "Polygon", "coordinates": [[[19.06293287873268, 47.470873389909464], [19.062940925359726, 47.47090058609042], [19.06286582350731, 47.470911011289395], [19.062857776880264, 47.47088381511383], [19.06293287873268, 47.470873389909464]]]}}, {"type": "Feature", "id": 2692, "properties": {"buildingId": 1, "floorId": 19, "roomNumber": "6-516", "roomName": "6-516 WC", "scope": "budapest/lagymanyos/deli/6/LD-6-516-05-71", "roomCode": "LD-6-516-05-71", "roomType": "social", "__tile": "17/72476/45848", "__layer": "rooms", "__zoom": 17, "__mvtId": 2692, "__building": "deli", "__ringVerts": 5, "id": 2692, "catalogFloorId": 19}, "geometry": {"type": "Polygon", "coordinates": [[[19.063086435198784, 47.47139102147184], [19.063091799616814, 47.47140733902139], [19.063081070780754, 47.47140869881696], [19.063076376914978, 47.471392381267826], [19.063086435198784, 47.47139102147184]]]}}, {"type": "Feature", "id": 3552, "properties": {"buildingId": 1, "floorId": 19, "roomNumber": "6-101", "roomName": "6-101 K\u00f6zleked\u0151", "scope": "budapest/lagymanyos/deli/6/LD-6-101-04-63", "roomCode": "LD-6-101-04-63", "roomType": "corridor", "__tile": "17/72476/45848", "__layer": "rooms", "__zoom": 17, "__mvtId": 3552, "__building": "deli", "__ringVerts": 165, "id": 3552, "catalogFloorId": 19}, "geometry": {"type": "Polygon", "coordinates": [[[19.063007310032845, 47.47097129609506], [19.06301200389862, 47.470988520312545], [19.06302273273468, 47.47098670723729], [19.06302608549595, 47.47099713241917], [19.06301535665989, 47.470998945494074], [19.06302072107792, 47.4710161697025], [19.063030779361725, 47.47101480989677], [19.063034132122993, 47.47102568834157], [19.063024073839188, 47.47102704814702], [19.063029438257217, 47.471044725614554], [19.063039496541023, 47.471042912541236], [19.063042849302292, 47.47105379098022], [19.063032120466232, 47.47105515078494], [19.063034802675247, 47.471064216148804], [19.06312197446823, 47.47105243117547], [19.063130021095276, 47.471079627263784], [19.063043519854546, 47.47109141223102], [19.06304620206356, 47.47110047758862], [19.063056260347366, 47.47109911778508], [19.063059613108635, 47.47110999621243], [19.063048884272575, 47.4711113560157], [19.063054248690605, 47.47112903345488], [19.063064977526665, 47.47112722038446], [19.063068330287933, 47.471138098805994], [19.063057601451874, 47.471139458608526], [19.063062965869904, 47.47115622950355], [19.06303144991398, 47.47116030890963], [19.063029438257217, 47.47115260336454], [19.063018709421158, 47.47115396316669], [19.063016027212143, 47.471144897818306], [19.063026756048203, 47.47114353801592], [19.06301401555538, 47.47110274392778], [19.062920808792114, 47.47111543542526], [19.062917456030846, 47.47110546353464], [19.062910079956055, 47.47110682333802], [19.062912091612816, 47.47111362235438], [19.062895998358727, 47.47111588869297], [19.062893986701965, 47.471108636409134], [19.06286783516407, 47.47111226255117], [19.062870517373085, 47.47111951483451], [19.062854424118996, 47.471121327905195], [19.062852412462234, 47.471114528889835], [19.06282626092434, 47.47111815503146], [19.062828943133354, 47.47112495404636], [19.062812849879265, 47.47112722038446], [19.062810838222504, 47.471119968102194], [19.06278468668461, 47.47112359424346], [19.062787368893623, 47.47113084652522], [19.062771946191788, 47.47113311286307], [19.062769263982773, 47.47112586058161], [19.062743112444878, 47.47112948672247], [19.06274512410164, 47.47113673900343], [19.062729701399803, 47.47113855207351], [19.062727689743042, 47.47113175306038], [19.062701538205147, 47.47113492593328], [19.062703549861908, 47.47114217821348], [19.062688127160072, 47.471144444550845], [19.06268611550331, 47.47113719227095], [19.062659963965416, 47.47114081841102], [19.062661975622177, 47.47114807069042], [19.06264655292034, 47.47115033702753], [19.06264454126358, 47.47114308474845], [19.062618389725685, 47.47114671088811], [19.062620401382446, 47.47115350989931], [19.06260497868061, 47.47115577623618], [19.06260296702385, 47.471148977225276], [19.062594920396805, 47.47114988376011], [19.062598273158073, 47.4711598556423], [19.062504395842552, 47.471173000393215], [19.062517136335373, 47.47121379442681], [19.06252719461918, 47.4712124346262], [19.062529876828194, 47.47122104669613], [19.062519818544388, 47.47122240649652], [19.06252183020115, 47.47123056529811], [19.062490984797478, 47.47123464469842], [19.062485620379448, 47.47121787382842], [19.062475562095642, 47.4712192336289], [19.062472209334373, 47.47120880849106], [19.062482938170433, 47.47120744869033], [19.062477573752403, 47.47118977127752], [19.062466844916344, 47.471191131078726], [19.062463492155075, 47.471179799401014], [19.06247355043888, 47.47117843959952], [19.06247153878212, 47.47117028078984], [19.062384366989136, 47.47118206573674], [19.06237632036209, 47.471154869701444], [19.062463492155075, 47.47114308474845], [19.06246080994606, 47.471134472665725], [19.06245008111, 47.471135832468356], [19.062445387244225, 47.47111951483451], [19.06245544552803, 47.47111815503146], [19.06245343387127, 47.47111044948019], [19.06244270503521, 47.471111809283435], [19.062438681721687, 47.47109639817789], [19.062448740005493, 47.471095038374244], [19.062443375587463, 47.47107736092363], [19.062433317303658, 47.47107872072773], [19.06242996454239, 47.47106829556203], [19.062440022826195, 47.471066935757655], [19.06243532896042, 47.47104925829758], [19.06242460012436, 47.47105061810242], [19.06242124736309, 47.47104019293114], [19.06243197619915, 47.47103883312604], [19.06242661178112, 47.471021155656516], [19.06241588294506, 47.47102251546208], [19.062413200736046, 47.47101209028522], [19.06242325901985, 47.4710107304794], [19.062418565154076, 47.47099395953796], [19.062449410557747, 47.47098942685015], [19.062454774975777, 47.4710066510617], [19.062464833259583, 47.47100483798707], [19.06246818602085, 47.471015263165356], [19.06245745718479, 47.471017076239626], [19.06246282160282, 47.47103475371053], [19.06247355043888, 47.47103294063686], [19.06247690320015, 47.471043819077906], [19.06246617436409, 47.471044725614554], [19.062477573752403, 47.47108189360384], [19.06248763203621, 47.47108053379982], [19.062490314245224, 47.47108914589137], [19.062480255961418, 47.471090505695166], [19.062492325901985, 47.47113175306038], [19.062585532665253, 47.47111860829915], [19.06258888542652, 47.47112903345488], [19.062596932053566, 47.47112767365207], [19.062594920396805, 47.471120874637535], [19.06261034309864, 47.47111860829915], [19.0626123547554, 47.47112586058161], [19.062638506293297, 47.47112223444051], [19.062636494636536, 47.471114982157545], [19.06265191733837, 47.47111271581891], [19.062653928995132, 47.471119968102194], [19.062680080533028, 47.47111634196068], [19.062678068876266, 47.47110908967691], [19.062693491578102, 47.47110727660581], [19.062695503234863, 47.471114075622104], [19.06272165477276, 47.47111044948019], [19.062719643115997, 47.47110365046342], [19.062735065817833, 47.471101384124296], [19.062737077474594, 47.471108636409134], [19.06276322901249, 47.47110501026684], [19.062761217355728, 47.47109775798151], [19.062776640057564, 47.47109549164213], [19.062778651714325, 47.47110274392778], [19.06280480325222, 47.47109911778508], [19.06280279159546, 47.47109231876685], [19.062818214297295, 47.471090052427236], [19.062820225954056, 47.471096851445765], [19.06284637749195, 47.47109322530266], [19.06284436583519, 47.47108642628366], [19.062859788537025, 47.47108415994379], [19.062861800193787, 47.47109141223102], [19.062887951731682, 47.47108778608754], [19.06288594007492, 47.47108053379982], [19.062901362776756, 47.47107872072773], [19.062903374433517, 47.47108551974773], [19.062911421060562, 47.47108461321178], [19.062908068299294, 47.471074188047254], [19.063001945614815, 47.47106149653981], [19.062989205121994, 47.47102070238799], [19.062979146838188, 47.47102206219356], [19.062976464629173, 47.47101345009102], [19.06298652291298, 47.47101163701662], [19.06297579407692, 47.47097582878442], [19.063007310032845, 47.47097129609506]]]}}, {"type": "Feature", "id": 3409, "properties": {"buildingId": 1, "floorId": 19, "roomNumber": "6-607", "roomName": "6-607 Sz\u00f6vetteny\u00e9szt\u0151 labor", "scope": "budapest/lagymanyos/deli/6/LD-6-607-01-14", "roomCode": "LD-6-607-01-14", "roomType": "educational", "__tile": "17/72476/45848", "__layer": "rooms", "__zoom": 17, "__mvtId": 3409, "__building": "deli", "__ringVerts": 5, "id": 3409, "catalogFloorId": 19}, "geometry": {"type": "Polygon", "coordinates": [[[19.062826931476593, 47.471507510533975], [19.062841683626175, 47.47155782285063], [19.06280145049095, 47.471563262017106], [19.062786027789116, 47.471512496441385], [19.062826931476593, 47.471507510533975]]]}}, {"type": "Feature", "id": 2991, "properties": {"buildingId": 1, "floorId": 19, "roomNumber": "6-701", "roomName": "6-701 K\u00f6zleked\u0151", "scope": "budapest/lagymanyos/deli/6/LD-6-701-04-63", "roomCode": "LD-6-701-04-63", "roomType": "corridor", "__tile": "17/72476/45848", "__layer": "rooms", "__zoom": 17, "__mvtId": 2991, "__building": "deli", "__ringVerts": 112, "id": 2991, "catalogFloorId": 19}, "geometry": {"type": "Polygon", "coordinates": [[[19.06252183020115, 47.47123147183154], [19.062530547380447, 47.47125957436015], [19.062541276216507, 47.47125821456072], [19.062543958425522, 47.47126863968875], [19.062533900141716, 47.4712699994879], [19.062539264559746, 47.47128767687373], [19.06254932284355, 47.47128631707503], [19.06255267560482, 47.47129674219748], [19.06254194676876, 47.4712981019959], [19.06254731118679, 47.471315779372276], [19.06255804002285, 47.471314419574306], [19.06256139278412, 47.47132484469118], [19.06255066394806, 47.47132620448888], [19.06255602836609, 47.4713438818558], [19.06256675720215, 47.471342522058556], [19.062569439411163, 47.47135294716987], [19.062559381127357, 47.471354306966845], [19.062564745545387, 47.4713719843243], [19.062574803829193, 47.471370624527786], [19.06257815659046, 47.471381049633514], [19.062567427754402, 47.471382409429765], [19.062572792172432, 47.47140008677777], [19.06258352100849, 47.47139872698198], [19.06258687376976, 47.47140915208214], [19.0625761449337, 47.47141051187766], [19.06258150935173, 47.47142818921622], [19.06259223818779, 47.471426829421155], [19.062594920396805, 47.471437254515735], [19.062584862113, 47.47143861431052], [19.06260497868061, 47.47150705726964], [19.06269684433937, 47.47149663218892], [19.062706902623177, 47.471493006073395], [19.062704890966415, 47.47148620710612], [19.06272031366825, 47.47148394078349], [19.062722325325012, 47.47149119301553], [19.062748476862907, 47.47148756689964], [19.062746465206146, 47.47148031466709], [19.062761887907982, 47.4714785016088], [19.062763899564743, 47.47148530057708], [19.06278870999813, 47.47148167446077], [19.062794744968414, 47.47150297789048], [19.062769934535027, 47.47150615074097], [19.06277261674404, 47.471513402969954], [19.062756523489952, 47.4715156692913], [19.06275451183319, 47.47150841706264], [19.062728360295296, 47.4715120431771], [19.062730371952057, 47.471519295405265], [19.06271494925022, 47.47152110846215], [19.06271293759346, 47.4715143094985], [19.062686786055565, 47.47151793561256], [19.062688797712326, 47.47152473457573], [19.06267337501049, 47.47152700089659], [19.06267136335373, 47.47151974866949], [19.062645211815834, 47.47152337478317], [19.062647223472595, 47.47153062700977], [19.06263180077076, 47.47153289333038], [19.062629789114, 47.47152564110409], [19.062603637576103, 47.471529267217356], [19.062606319785118, 47.471537425971306], [19.062618389725685, 47.47153561291498], [19.06263381242752, 47.47158637846838], [19.062587544322014, 47.47159272415911], [19.062577486038208, 47.47155963590618], [19.062588214874268, 47.47155827611452], [19.062587544322014, 47.47155510326717], [19.062576815485954, 47.47155691632283], [19.062573462724686, 47.47154649125198], [19.062584191560745, 47.47154467819597], [19.062578827142715, 47.47152700089659], [19.06256876885891, 47.47152881395321], [19.06256541609764, 47.4715183888768], [19.0625761449337, 47.47151657581982], [19.06257078051567, 47.471498898510994], [19.06256005167961, 47.47150071156858], [19.062556698918343, 47.471490286486585], [19.062567427754402, 47.471488473428636], [19.062562063336372, 47.47147079611036], [19.062551334500313, 47.47147260916891], [19.062548652291298, 47.471462184081346], [19.062558710575104, 47.47146037102243], [19.062553346157074, 47.4714426936947], [19.062543287873268, 47.47144450675422], [19.062539935112, 47.47143362839611], [19.06255066394806, 47.4714322686012], [19.06254529953003, 47.47141459126401], [19.06253457069397, 47.47141640432451], [19.0625312179327, 47.471405525960584], [19.06254194676876, 47.47140416616493], [19.06253658235073, 47.4713864888183], [19.06252585351467, 47.471388301879756], [19.062523171305656, 47.47137742351002], [19.062533229589462, 47.47137606371364], [19.062528535723686, 47.47135838635755], [19.062517806887627, 47.47135974615438], [19.062514454126358, 47.47134932104443], [19.062525182962418, 47.471347961247325], [19.062519818544388, 47.47133028388178], [19.06250908970833, 47.47133164367934], [19.06250573694706, 47.47132121856381], [19.06251646578312, 47.47131985876598], [19.06251110136509, 47.47130218139098], [19.062501043081284, 47.471303541189265], [19.062497690320015, 47.47129311606816], [19.062508419156075, 47.47129175626961], [19.062503054738045, 47.47127407888516], [19.062492325901985, 47.471275438684174], [19.062488973140717, 47.4712650135575], [19.062499701976776, 47.47126365375821], [19.062494337558746, 47.47124597636431], [19.062483608722687, 47.47124733616405], [19.062480926513672, 47.471236911031795], [19.06252183020115, 47.47123147183154]]]}}, {"type": "Feature", "id": 2867, "properties": {"buildingId": 1, "floorId": 19, "roomNumber": "6-425", "roomName": "6-425 Elektrofiziol\u00f3giai labor", "scope": "budapest/lagymanyos/deli/6/LD-6-425-01-14", "roomCode": "LD-6-425-01-14", "roomType": "educational", "__tile": "17/72476/45848", "__layer": "rooms", "__zoom": 17, "__mvtId": 2867, "__building": "deli", "__ringVerts": 5, "id": 2867, "catalogFloorId": 19}, "geometry": {"type": "Polygon", "coordinates": [[[19.063079729676247, 47.47091146455887], [19.06308777630329, 47.47093911398937], [19.063012674450874, 47.47094908591154], [19.06300462782383, 47.47092188975569], [19.063079729676247, 47.47091146455887]]]}}, {"type": "Feature", "id": 2635, "properties": {"buildingId": 1, "floorId": 19, "roomNumber": "6-725", "roomName": "6-725 K\u00f6rnyezetmikrobiol\u00f3giai laborat\u00f3rium", "scope": "budapest/lagymanyos/deli/6/LD-6-725-01-14", "roomCode": "LD-6-725-01-14", "roomType": "educational", "__tile": "17/72476/45848", "__layer": "rooms", "__zoom": 17, "__mvtId": 2635, "__building": "deli", "__ringVerts": 5, "id": 2635, "catalogFloorId": 19}, "geometry": {"type": "Polygon", "coordinates": [[[19.062519147992134, 47.47136926473124], [19.062535911798477, 47.47142456309597], [19.062460139393806, 47.471434988191], [19.062444046139717, 47.47137968983723], [19.062519147992134, 47.47136926473124]]]}}, {"type": "Feature", "id": 3349, "properties": {"buildingId": 1, "floorId": 19, "roomNumber": "6-601", "roomName": "6-601 Oktat\u00f3", "scope": "budapest/lagymanyos/deli/6/LD-6-601-01-13", "roomCode": "LD-6-601-01-13", "roomType": "educational", "__tile": "17/72476/45848", "__layer": "rooms", "__zoom": 17, "__mvtId": 3349, "__building": "deli", "__ringVerts": 5, "id": 3349, "catalogFloorId": 19}, "geometry": {"type": "Polygon", "coordinates": [[[19.06311795115471, 47.471466716728365], [19.06313270330429, 47.47151793561256], [19.063092470169067, 47.47152337478317], [19.063077718019485, 47.47147260916891], [19.06311795115471, 47.471466716728365]]]}}, {"type": "Feature", "id": 2912, "properties": {"buildingId": 1, "floorId": 19, "roomNumber": "6-613", "roomName": "6-613 Fekete \u00f6lt\u00f6z\u0151", "scope": "budapest/lagymanyos/deli/6/LD-6-613-05-73", "roomCode": "LD-6-613-05-73", "roomType": "social", "__tile": "17/72476/45848", "__layer": "rooms", "__zoom": 17, "__mvtId": 2912, "__building": "deli", "__ringVerts": 7, "id": 2912, "catalogFloorId": 19}, "geometry": {"type": "Polygon", "coordinates": [[[19.062663316726685, 47.47154014555567], [19.062667340040207, 47.47155419673932], [19.06264655292034, 47.47155691632283], [19.06264454126358, 47.47154966409985], [19.062636494636536, 47.47155057062778], [19.062634482979774, 47.47154422493196], [19.062663316726685, 47.47154014555567]]]}}, {"type": "Feature", "id": 3599, "properties": {"buildingId": 1, "floorId": 19, "roomNumber": "6-411", "roomName": "6-411 Sejtbiol\u00f3giai labor", "scope": "budapest/lagymanyos/deli/6/LD-6-411-01-14", "roomCode": "LD-6-411-01-14", "roomType": "educational", "__tile": "17/72476/45848", "__layer": "rooms", "__zoom": 17, "__mvtId": 3599, "__building": "deli", "__ringVerts": 5, "id": 3599, "catalogFloorId": 19}, "geometry": {"type": "Polygon", "coordinates": [[[19.062916114926338, 47.47081718442422], [19.06293287873268, 47.47087248336986], [19.06285710632801, 47.47088290857441], [19.062840342521667, 47.470827609639734], [19.062916114926338, 47.47081718442422]]]}}, {"type": "Feature", "id": 3617, "properties": {"buildingId": 1, "floorId": 19, "roomNumber": "6-610", "roomName": "6-610 Tiszta labor", "scope": "budapest/lagymanyos/deli/6/LD-6-610-01-14", "roomCode": "LD-6-610-01-14", "roomType": "educational", "__tile": "17/72476/45848", "__layer": "rooms", "__zoom": 17, "__mvtId": 3617, "__building": "deli", "__ringVerts": 5, "id": 3617, "catalogFloorId": 19}, "geometry": {"type": "Polygon", "coordinates": [[[19.062743112444878, 47.4715183888768], [19.062758535146713, 47.471569154446826], [19.06267672777176, 47.471580486040594], [19.062661305069923, 47.471529720481506], [19.062743112444878, 47.4715183888768]]]}}, {"type": "Feature", "id": 3135, "properties": {"buildingId": 1, "floorId": 19, "roomNumber": "6-730", "roomName": "6-730 Mikrobiol. gyakorl\u00f3 - B\u00e1nhegyi J\u00f3zsef terem", "scope": "budapest/lagymanyos/deli/6/LD-6-730-01-14", "roomCode": "LD-6-730-01-14", "roomType": "educational", "__tile": "17/72476/45848", "__layer": "rooms", "__zoom": 17, "__mvtId": 3135, "__building": "deli", "__ringVerts": 5, "id": 3135, "catalogFloorId": 19}, "geometry": {"type": "Polygon", "coordinates": [[[19.062460139393806, 47.47117254712599], [19.062493667006493, 47.471284050743776], [19.062417894601822, 47.471294475866685], [19.062384366989136, 47.471182972271016], [19.062460139393806, 47.47117254712599]]]}}, {"type": "Feature", "id": 2466, "properties": {"buildingId": 1, "floorId": 19, "roomNumber": "6-722", "roomName": "6-722 Termoszt\u00e1t szoba", "scope": "budapest/lagymanyos/deli/6/LD-6-722-01-14", "roomCode": "LD-6-722-01-14", "roomType": "educational", "__tile": "17/72476/45848", "__layer": "rooms", "__zoom": 17, "__mvtId": 2466, "__building": "deli", "__ringVerts": 5, "id": 2466, "catalogFloorId": 19}, "geometry": {"type": "Polygon", "coordinates": [[[19.062552005052567, 47.47148303425441], [19.062559381127357, 47.47150841706264], [19.062524512410164, 47.471513402969954], [19.062517136335373, 47.47148756689964], [19.062552005052567, 47.47148303425441]]]}}, {"type": "Feature", "id": 2271, "properties": {"buildingId": 1, "floorId": 19, "roomNumber": "6-716", "roomName": "6-716 WC", "scope": "budapest/lagymanyos/deli/6/LD-6-716-05-71", "roomCode": "LD-6-716-05-71", "roomType": "social", "__tile": "17/72476/45848", "__layer": "rooms", "__zoom": 17, "__mvtId": 2271, "__building": "deli", "__ringVerts": 5, "id": 2271, "catalogFloorId": 19}, "geometry": {"type": "Polygon", "coordinates": [[[19.06260296702385, 47.47145765143393], [19.06260833144188, 47.47147396896278], [19.06259760260582, 47.47147532875664], [19.062592908740044, 47.4714590112282], [19.06260296702385, 47.47145765143393]]]}}, {"type": "Feature", "id": 2836, "properties": {"buildingId": 1, "floorId": 19, "roomNumber": "6-720", "roomName": "6-720 H\u0171t\u0151szoba", "scope": "budapest/lagymanyos/deli/6/LD-6-720-01-14", "roomCode": "LD-6-720-01-14", "roomType": "educational", "__tile": "17/72476/45848", "__layer": "rooms", "__zoom": 17, "__mvtId": 2836, "__building": "deli", "__ringVerts": 5, "id": 2836, "catalogFloorId": 19}, "geometry": {"type": "Polygon", "coordinates": [[[19.062560722231865, 47.47151113664851], [19.062568098306656, 47.47153651944315], [19.062533229589462, 47.4715415053478], [19.062525182962418, 47.4715156692913], [19.062560722231865, 47.47151113664851]]]}}, {"type": "Feature", "id": 2342, "properties": {"buildingId": 1, "floorId": 19, "roomNumber": "6-719", "roomName": "6-719 Kemotaxon\u00f3miai \u00e9s biok\u00e9miai laborat\u00f3rium", "scope": "budapest/lagymanyos/deli/6/LD-6-719-01-14", "roomCode": "LD-6-719-01-14", "roomType": "educational", "__tile": "17/72476/45848", "__layer": "rooms", "__zoom": 17, "__mvtId": 2342, "__building": "deli", "__ringVerts": 5, "id": 2342, "catalogFloorId": 19}, "geometry": {"type": "Polygon", "coordinates": [[[19.062570109963417, 47.47153787923538], [19.062586203217506, 47.4715931774227], [19.06251110136509, 47.47160360248428], [19.062494337558746, 47.47154830430793], [19.062570109963417, 47.47153787923538]]]}}, {"type": "Feature", "id": 3809, "properties": {"buildingId": 1, "floorId": 19, "roomNumber": "6-724", "roomName": "6-724 Molekul\u00e1ris \u00f6kol\u00f3giai laborat\u00f3rium", "scope": "budapest/lagymanyos/deli/6/LD-6-724-01-14", "roomCode": "LD-6-724-01-14", "roomType": "educational", "__tile": "17/72476/45848", "__layer": "rooms", "__zoom": 17, "__mvtId": 3809, "__building": "deli", "__ringVerts": 5, "id": 3809, "catalogFloorId": 19}, "geometry": {"type": "Polygon", "coordinates": [[[19.062535911798477, 47.471425469626055], [19.06255267560482, 47.47148076793165], [19.062477573752403, 47.47149119301553], [19.06246080994606, 47.471435894720905], [19.062535911798477, 47.471425469626055]]]}}, {"type": "Feature", "id": 2545, "properties": {"buildingId": 1, "floorId": 19, "roomNumber": "6-204", "roomName": "6-204 Mikrobiol\u00f3giai Tansz\u00e9k Iroda", "scope": "budapest/lagymanyos/deli/6/LD-6-204-02-33", "roomCode": "LD-6-204-02-33", "roomType": "administrative", "__tile": "17/72476/45848", "__layer": "rooms", "__zoom": 17, "__mvtId": 2545, "__building": "deli", "__ringVerts": 5, "id": 2545, "catalogFloorId": 19}, "geometry": {"type": "Polygon", "coordinates": [[[19.062425941228867, 47.47106013673526], [19.06243398785591, 47.47108733281958], [19.062358886003494, 47.47109775798151], [19.06235083937645, 47.47107056190258], [19.062425941228867, 47.47106013673526]]]}}, {"type": "Feature", "id": 2423, "properties": {"buildingId": 1, "floorId": 19, "roomNumber": "6-216", "roomName": "6-216 WC", "scope": "budapest/lagymanyos/deli/6/LD-6-216-05-71", "roomCode": "LD-6-216-05-71", "roomType": "social", "__tile": "17/72476/45848", "__layer": "rooms", "__zoom": 17, "__mvtId": 2423, "__building": "deli", "__ringVerts": 5, "id": 2423, "catalogFloorId": 19}, "geometry": {"type": "Polygon", "coordinates": [[[19.062413200736046, 47.47082715636954], [19.062418565154076, 47.47084347409416], [19.062407836318016, 47.470844833904316], [19.06240314245224, 47.47082851618012], [19.062413200736046, 47.47082715636954]]]}}, {"type": "Feature", "id": 2646, "properties": {"buildingId": 1, "floorId": 19, "roomNumber": "6-208", "roomName": "6-208 El\u0151k\u00e9sz\u00edt\u0151", "scope": "budapest/lagymanyos/deli/6/LD-6-208-01-14", "roomCode": "LD-6-208-01-14", "roomType": "educational", "__tile": "17/72476/45848", "__layer": "rooms", "__zoom": 17, "__mvtId": 2646, "__building": "deli", "__ringVerts": 5, "id": 2646, "catalogFloorId": 19}, "geometry": {"type": "Polygon", "coordinates": [[[19.062375649809837, 47.47089152069834], [19.062383696436882, 47.47091871686992], [19.06230792403221, 47.47092914206529], [19.062299877405167, 47.47090194589911], [19.062375649809837, 47.47089152069834]]]}}, {"type": "Feature", "id": 2983, "properties": {"buildingId": 1, "floorId": 19, "roomNumber": "6-213", "roomName": "6-213 El\u0151t\u00e9r", "scope": "budapest/lagymanyos/deli/6/LD-6-213-04-63", "roomCode": "LD-6-213-04-63", "roomType": "corridor", "__tile": "17/72476/45848", "__layer": "rooms", "__zoom": 17, "__mvtId": 2983, "__building": "deli", "__ringVerts": 5, "id": 2983, "catalogFloorId": 19}, "geometry": {"type": "Polygon", "coordinates": [[[19.062456116080284, 47.47083894139338], [19.062459468841553, 47.470850273144585], [19.062411189079285, 47.470856618924195], [19.062407836318016, 47.470845740444396], [19.062456116080284, 47.47083894139338]]]}}, {"type": "Feature", "id": 2638, "properties": {"buildingId": 1, "floorId": 19, "roomNumber": "6-210", "roomName": "6-210 \u00dcgyeleti szoba", "scope": "budapest/lagymanyos/deli/6/LD-6-210-01-13", "roomCode": "LD-6-210-01-13", "roomType": "educational", "__tile": "17/72476/45848", "__layer": "rooms", "__zoom": 17, "__mvtId": 2638, "__building": "deli", "__ringVerts": 5, "id": 2638, "catalogFloorId": 19}, "geometry": {"type": "Polygon", "coordinates": [[[19.062350168824196, 47.47080721247701], [19.06235821545124, 47.47083440869221], [19.06228244304657, 47.470844833904316], [19.062274396419525, 47.4708176376945], [19.062350168824196, 47.47080721247701]]]}}, {"type": "Feature", "id": 3171, "properties": {"buildingId": 1, "floorId": 19, "roomNumber": "6-205/A", "roomName": "6-205/A Oktat\u00f3", "scope": "budapest/lagymanyos/deli/6/LD-6-205-A-01-13", "roomCode": "LD-6-205/A-01-13", "roomType": "educational", "__tile": "17/72476/45848", "__layer": "rooms", "__zoom": 17, "__mvtId": 3171, "__building": "deli", "__ringVerts": 5, "id": 3171, "catalogFloorId": 19}, "geometry": {"type": "Polygon", "coordinates": [[[19.062409177422523, 47.47100393144973], [19.062417224049568, 47.47103112756314], [19.06234212219715, 47.47104155273621], [19.062334075570107, 47.471014356628196], [19.062409177422523, 47.47100393144973]]]}}, {"type": "Feature", "id": 3716, "properties": {"buildingId": 1, "floorId": 19, "roomNumber": "6-207", "roomName": "6-207 Hallgat\u00f3i laborat\u00f3rium", "scope": "budapest/lagymanyos/deli/6/LD-6-207-01-14", "roomCode": "LD-6-207-01-14", "roomType": "educational", "__tile": "17/72476/45848", "__layer": "rooms", "__zoom": 17, "__mvtId": 3716, "__building": "deli", "__ringVerts": 5, "id": 3716, "catalogFloorId": 19}, "geometry": {"type": "Polygon", "coordinates": [[[19.062383696436882, 47.47091962340873], [19.062400460243225, 47.470974922246576], [19.062325358390808, 47.470985347430805], [19.062308594584465, 47.47093004860391], [19.062383696436882, 47.47091962340873]]]}}, {"type": "Feature", "id": 3224, "properties": {"buildingId": 1, "floorId": 19, "roomNumber": "6-205", "roomName": "6-205 Tansz\u00e9kvezet\u0151", "scope": "budapest/lagymanyos/deli/6/LD-6-205-02-33", "roomCode": "LD-6-205-02-33", "roomType": "administrative", "__tile": "17/72476/45848", "__layer": "rooms", "__zoom": 17, "__mvtId": 3224, "__building": "deli", "__ringVerts": 5, "id": 3224, "catalogFloorId": 19}, "geometry": {"type": "Polygon", "coordinates": [[[19.062417894601822, 47.4710320341], [19.062425941228867, 47.47105923019887], [19.062350168824196, 47.47106965536637], [19.06234212219715, 47.4710424592729], [19.062417894601822, 47.4710320341]]]}}, {"type": "Feature", "id": 3605, "properties": {"buildingId": 1, "floorId": 19, "roomNumber": "6-712", "roomName": "6-712 M\u0171szer szoba", "scope": "budapest/lagymanyos/deli/6/LD-6-712-01-14", "roomCode": "LD-6-712-01-14", "roomType": "educational", "__tile": "17/72476/45848", "__layer": "rooms", "__zoom": 17, "__mvtId": 3605, "__building": "deli", "__ringVerts": 5, "id": 3605, "catalogFloorId": 19}, "geometry": {"type": "Polygon", "coordinates": [[[19.062614366412163, 47.47138558228753], [19.062622413039207, 47.471412778203444], [19.06259022653103, 47.471417310854726], [19.062582179903984, 47.47139011494116], [19.062614366412163, 47.47138558228753]]]}}, {"type": "Feature", "id": 3508, "properties": {"buildingId": 1, "floorId": 19, "roomNumber": "6-620", "roomName": "6-620 Anaerob bakteriol\u00f3giai laborat\u00f3rium", "scope": "budapest/lagymanyos/deli/6/LD-6-620-01-14", "roomCode": "LD-6-620-01-14", "roomType": "educational", "__tile": "17/72476/45848", "__layer": "rooms", "__zoom": 17, "__mvtId": 3508, "__building": "deli", "__ringVerts": 5, "id": 3508, "catalogFloorId": 19}, "geometry": {"type": "Polygon", "coordinates": [[[19.062800109386444, 47.47141912391513], [19.06281553208828, 47.47146988958106], [19.062733724713326, 47.471481221196214], [19.06271830201149, 47.47143045554124], [19.062800109386444, 47.47141912391513]]]}}, {"type": "Feature", "id": 3088, "properties": {"buildingId": 1, "floorId": 19, "roomNumber": "6-525", "roomName": "6-525 F\u00e9rfi WC csoport", "scope": "budapest/lagymanyos/deli/6/LD-6-525-05-71 (1)", "roomCode": "LD-6-525-05-71 (1)", "roomType": "social", "__tile": "17/72476/45848", "__layer": "rooms", "__zoom": 17, "__mvtId": 3088, "__building": "deli", "__ringVerts": 8, "id": 3088, "catalogFloorId": 19}, "geometry": {"type": "Polygon", "coordinates": [[[19.062979146838188, 47.471136285735895], [19.062985852360725, 47.4711584958403], [19.062948301434517, 47.47116348178081], [19.062942937016487, 47.47116892098811], [19.062933549284935, 47.471165294849975], [19.062940254807472, 47.4711584958403], [19.062935560941696, 47.471142631480966], [19.062979146838188, 47.471136285735895]]]}}, {"type": "Feature", "id": 2893, "properties": {"buildingId": 1, "floorId": 19, "roomNumber": "6-622", "roomName": "6-622 Fejl\u0151d\u00e9sbiol\u00f3giai labor IV.", "scope": "budapest/lagymanyos/deli/6/LD-6-622-01-14", "roomCode": "LD-6-622-01-14", "roomType": "educational", "__tile": "17/72476/45848", "__layer": "rooms", "__zoom": 17, "__mvtId": 2893, "__building": "deli", "__ringVerts": 5, "id": 2893, "catalogFloorId": 19}, "geometry": {"type": "Polygon", "coordinates": [[[19.062924832105637, 47.47140189983877], [19.062940254807472, 47.471452665521326], [19.062858447432518, 47.471463997140205], [19.062843024730682, 47.47141323146859], [19.062924832105637, 47.47140189983877]]]}}, {"type": "Feature", "id": 3268, "properties": {"buildingId": 1, "floorId": 19, "roomNumber": "6-107", "roomName": "6-107 \u00c9lettani gyakorl\u00f3 I.", "scope": "budapest/lagymanyos/deli/6/LD-6-107-01-14", "roomCode": "LD-6-107-01-14", "roomType": "educational", "__tile": "17/72476/45848", "__layer": "rooms", "__zoom": 17, "__mvtId": 3268, "__building": "deli", "__ringVerts": 6, "id": 3268, "catalogFloorId": 19}, "geometry": {"type": "Polygon", "coordinates": [[[19.06288929283619, 47.47102614161006], [19.062899351119995, 47.47103067429469], [19.06290739774704, 47.471076907655586], [19.062748476862907, 47.47109866451723], [19.062733054161072, 47.47104789849272], [19.06288929283619, 47.47102614161006]]]}}, {"type": "Feature", "id": 2395, "properties": {"buildingId": 1, "floorId": 19, "roomNumber": "6-223", "roomName": "6-223 N\u0151i WC csoport", "scope": "budapest/lagymanyos/deli/6/LD-6-223-05-71", "roomCode": "LD-6-223-05-71", "roomType": "social", "__tile": "17/72476/45848", "__layer": "rooms", "__zoom": 17, "__mvtId": 2395, "__building": "deli", "__ringVerts": 8, "id": 2395, "catalogFloorId": 19}, "geometry": {"type": "Polygon", "coordinates": [[[19.062564074993134, 47.4710651226851], [19.062572792172432, 47.47106920209826], [19.062566086649895, 47.47107600111949], [19.06257078051567, 47.471091865498934], [19.06252719461918, 47.47109775798151], [19.062521159648895, 47.47107600111949], [19.06255804002285, 47.47107056190258], [19.062564074993134, 47.4710651226851]]]}}, {"type": "Feature", "id": 2937, "properties": {"buildingId": 1, "floorId": 19, "roomNumber": "6-224", "roomName": "6-224 El\u0151t\u00e9r", "scope": "budapest/lagymanyos/deli/6/LD-6-224-04-63", "roomCode": "LD-6-224-04-63", "roomType": "corridor", "__tile": "17/72476/45848", "__layer": "rooms", "__zoom": 17, "__mvtId": 2937, "__building": "deli", "__ringVerts": 5, "id": 2937, "catalogFloorId": 19}, "geometry": {"type": "Polygon", "coordinates": [[[19.06251512467861, 47.47106149653981], [19.062519147992134, 47.471074188047254], [19.062504395842552, 47.47107645438754], [19.062501043081284, 47.47106557595324], [19.06251512467861, 47.47106149653981]]]}}, {"type": "Feature", "id": 2747, "properties": {"buildingId": 1, "floorId": 19, "roomNumber": "6-225", "roomName": "6-225 N\u0151i \u00f6lt\u00f6z\u0151", "scope": "budapest/lagymanyos/deli/6/LD-6-225-05-73", "roomCode": "LD-6-225-05-73", "roomType": "social", "__tile": "17/72476/45848", "__layer": "rooms", "__zoom": 17, "__mvtId": 2747, "__building": "deli", "__ringVerts": 5, "id": 2747, "catalogFloorId": 19}, "geometry": {"type": "Polygon", "coordinates": [[[19.06255602836609, 47.47104200600456], [19.062562063336372, 47.471062856344325], [19.06251847743988, 47.47106874883015], [19.062512442469597, 47.47104789849272], [19.06255602836609, 47.47104200600456]]]}}, {"type": "Feature", "id": 2710, "properties": {"buildingId": 1, "floorId": 19, "roomNumber": "6-227", "roomName": "6-227 WC", "scope": "budapest/lagymanyos/deli/6/LD-6-227-05-71", "roomCode": "LD-6-227-05-71", "roomType": "social", "__tile": "17/72476/45848", "__layer": "rooms", "__zoom": 17, "__mvtId": 2710, "__building": "deli", "__ringVerts": 5, "id": 2710, "catalogFloorId": 19}, "geometry": {"type": "Polygon", "coordinates": [[[19.06249701976776, 47.47105832366246], [19.062503054738045, 47.47107645438754], [19.062492325901985, 47.471077814191666], [19.062486961483955, 47.47105968346707], [19.06249701976776, 47.47105832366246]]]}}, {"type": "Feature", "id": 3329, "properties": {"buildingId": 1, "floorId": 19, "roomNumber": "6-406", "roomName": "6-406 WC", "scope": "budapest/lagymanyos/deli/6/LD-6-406-05-71", "roomCode": "LD-6-406-05-71", "roomType": "social", "__tile": "17/72476/45848", "__layer": "rooms", "__zoom": 17, "__mvtId": 3329, "__building": "deli", "__ringVerts": 5, "id": 3329, "catalogFloorId": 19}, "geometry": {"type": "Polygon", "coordinates": [[[19.06296506524086, 47.47099395953796], [19.06297042965889, 47.47101209028522], [19.062960371375084, 47.47101345009102], [19.062955006957054, 47.47099531934422], [19.06296506524086, 47.47099395953796]]]}}, {"type": "Feature", "id": 3229, "properties": {"buildingId": 1, "floorId": 19, "roomNumber": "6-403", "roomName": "6-403 El\u0151t\u00e9r", "scope": "budapest/lagymanyos/deli/6/LD-6-403-04-63", "roomCode": "LD-6-403-04-63", "roomType": "corridor", "__tile": "17/72476/45848", "__layer": "rooms", "__zoom": 17, "__mvtId": 3229, "__building": "deli", "__ringVerts": 5, "id": 3229, "catalogFloorId": 19}, "geometry": {"type": "Polygon", "coordinates": [[[19.062955677509308, 47.47100302491237], [19.062959030270576, 47.47101390335961], [19.062944278120995, 47.471015716433925], [19.062940254807472, 47.47100302491237], [19.062955677509308, 47.47100302491237]]]}}, {"type": "Feature", "id": 3575, "properties": {"buildingId": 1, "floorId": 19, "roomNumber": "6-723", "roomName": "6-723 Oktat\u00f3", "scope": "budapest/lagymanyos/deli/6/LD-6-723-01-13", "roomCode": "LD-6-723-01-13", "roomType": "educational", "__tile": "17/72476/45848", "__layer": "rooms", "__zoom": 17, "__mvtId": 3575, "__building": "deli", "__ringVerts": 5, "id": 3575, "catalogFloorId": 19}, "geometry": {"type": "Polygon", "coordinates": [[[19.062513783574104, 47.471487113635135], [19.062522500753403, 47.4715143094985], [19.062485620379448, 47.471519295405265], [19.062477573752403, 47.47149209954448], [19.062513783574104, 47.471487113635135]]]}}, {"type": "Feature", "id": 2513, "properties": {"buildingId": 1, "floorId": 19, "roomNumber": "6-727", "roomName": "6-727 Oktat\u00f3", "scope": "budapest/lagymanyos/deli/6/LD-6-727-01-13", "roomCode": "LD-6-727-01-13", "roomType": "educational", "__tile": "17/72476/45848", "__layer": "rooms", "__zoom": 17, "__mvtId": 2513, "__building": "deli", "__ringVerts": 5, "id": 2513, "catalogFloorId": 19}, "geometry": {"type": "Polygon", "coordinates": [[[19.06247153878212, 47.471346601450186], [19.062479585409164, 47.47137379738628], [19.062443375587463, 47.471378783306356], [19.06243532896042, 47.47135158737285], [19.06247153878212, 47.471346601450186]]]}}, {"type": "Feature", "id": 2681, "properties": {"buildingId": 1, "floorId": 19, "roomNumber": "6-218", "roomName": "6-218 Etol\u00f3gia szemin\u00e1riumi szoba", "scope": "budapest/lagymanyos/deli/6/LD-6-218-01-12", "roomCode": "LD-6-218-01-12", "roomType": "educational", "__tile": "17/72476/45848", "__layer": "rooms", "__zoom": 17, "__mvtId": 2681, "__building": "deli", "__ringVerts": 5, "id": 2681, "catalogFloorId": 19}, "geometry": {"type": "Polygon", "coordinates": [[[19.062505066394806, 47.470873389909464], [19.062530547380447, 47.47095724475556], [19.062454774975777, 47.4709672166743], [19.06242996454239, 47.47088381511383], [19.062505066394806, 47.470873389909464]]]}}, {"type": "Feature", "id": 3213, "properties": {"buildingId": 1, "floorId": 19, "roomNumber": "6-221/A", "roomName": "6-221/A Oktat\u00f3", "scope": "budapest/lagymanyos/deli/6/LD-6-221-A-01-13", "roomCode": "LD-6-221/A-01-13", "roomType": "educational", "__tile": "17/72476/45848", "__layer": "rooms", "__zoom": 17, "__mvtId": 3213, "__building": "deli", "__ringVerts": 5, "id": 3213, "catalogFloorId": 19}, "geometry": {"type": "Polygon", "coordinates": [[[19.06254731118679, 47.471014356628196], [19.062555357813835, 47.47104109946786], [19.06251311302185, 47.47104653868782], [19.062505066394806, 47.47101979585093], [19.06254731118679, 47.471014356628196]]]}}, {"type": "Feature", "id": 2276, "properties": {"buildingId": 1, "floorId": 19, "roomNumber": "6-409", "roomName": "6-409 Neurobiol\u00f3giai Kuta\u00f3csoport", "scope": "budapest/lagymanyos/deli/6/LD-6-409-01-14", "roomCode": "LD-6-409-01-14", "roomType": "educational", "__tile": "17/72476/45848", "__layer": "rooms", "__zoom": 17, "__mvtId": 2276, "__building": "deli", "__ringVerts": 5, "id": 2276, "catalogFloorId": 19}, "geometry": {"type": "Polygon", "coordinates": [[[19.06294159591198, 47.47090149262955], [19.062958359718323, 47.47095679148648], [19.062882587313652, 47.4709672166743], [19.06286582350731, 47.470911917828346], [19.06294159591198, 47.47090149262955]]]}}, {"type": "Feature", "id": 2785, "properties": {"buildingId": 1, "floorId": 19, "roomNumber": "6-404", "roomName": "6-404 N\u0151i \u00f6lt\u00f6z\u0151", "scope": "budapest/lagymanyos/deli/6/LD-6-404-05-73", "roomCode": "LD-6-404-05-73", "roomType": "social", "__tile": "17/72476/45848", "__layer": "rooms", "__zoom": 17, "__mvtId": 2785, "__building": "deli", "__ringVerts": 6, "id": 2785, "catalogFloorId": 19}, "geometry": {"type": "Polygon", "coordinates": [[[19.062934890389442, 47.47098988011895], [19.062942937016487, 47.4710161697025], [19.062906056642532, 47.471021155656516], [19.062898010015488, 47.471017076239626], [19.06289130449295, 47.47099577261296], [19.062934890389442, 47.47098988011895]]]}}, {"type": "Feature", "id": 2776, "properties": {"buildingId": 1, "floorId": 19, "roomNumber": "6-401", "roomName": "6-401 N\u0151i WC el\u0151t\u00e9r", "scope": "budapest/lagymanyos/deli/6/LD-6-401-05-71", "roomCode": "LD-6-401-05-71", "roomType": "social", "__tile": "17/72476/45848", "__layer": "rooms", "__zoom": 17, "__mvtId": 2776, "__building": "deli", "__ringVerts": 5, "id": 2776, "catalogFloorId": 19}, "geometry": {"type": "Polygon", "coordinates": [[[19.062975123524666, 47.47101345009102], [19.062981829047203, 47.47103520697893], [19.062950983643532, 47.471039739662785], [19.062944278120995, 47.47101752950818], [19.062975123524666, 47.47101345009102]]]}}, {"type": "Feature", "id": 3005, "properties": {"buildingId": 1, "floorId": 19, "roomNumber": "6-217", "roomName": "6-217 \u00d6sszehasonl\u00edt\u00f3 Etol\u00f3giai Kutat\u00f3csoport", "scope": "budapest/lagymanyos/deli/6/LD-6-217-01-13", "roomCode": "LD-6-217-01-13", "roomType": "educational", "__tile": "17/72476/45848", "__layer": "rooms", "__zoom": 17, "__mvtId": 3005, "__building": "deli", "__ringVerts": 6, "id": 3005, "catalogFloorId": 19}, "geometry": {"type": "Polygon", "coordinates": [[[19.062490314245224, 47.47084755352452], [19.06249836087227, 47.47085163295456], [19.062505066394806, 47.47087248336986], [19.06242996454239, 47.47088290857441], [19.062421917915344, 47.470857072194136], [19.062490314245224, 47.47084755352452]]]}}, {"type": "Feature", "id": 3761, "properties": {"buildingId": 1, "floorId": 19, "roomNumber": "6-219", "roomName": "6-219 Algol\u00f3giai laborat\u00f3rium", "scope": "budapest/lagymanyos/deli/6/LD-6-219-01-14", "roomCode": "LD-6-219-01-14", "roomType": "educational", "__tile": "17/72476/45848", "__layer": "rooms", "__zoom": 17, "__mvtId": 3761, "__building": "deli", "__ringVerts": 5, "id": 3761, "catalogFloorId": 19}, "geometry": {"type": "Polygon", "coordinates": [[[19.062530547380447, 47.47095815129371], [19.06254731118679, 47.47101345009102], [19.062472209334373, 47.4710234219991], [19.06245544552803, 47.47096812321227], [19.062530547380447, 47.47095815129371]]]}}, {"type": "Feature", "id": 2465, "properties": {"buildingId": 1, "floorId": 19, "roomNumber": "6-206", "roomName": "6-206 Megfigyel\u0151", "scope": "budapest/lagymanyos/deli/6/LD-6-206-01-14", "roomCode": "LD-6-206-01-14", "roomType": "educational", "__tile": "17/72476/45848", "__layer": "rooms", "__zoom": 17, "__mvtId": 2465, "__building": "deli", "__ringVerts": 5, "id": 2465, "catalogFloorId": 19}, "geometry": {"type": "Polygon", "coordinates": [[[19.062400460243225, 47.47097582878442], [19.062409177422523, 47.47100302491237], [19.062333405017853, 47.47101345009102], [19.062325358390808, 47.47098625396847], [19.062400460243225, 47.47097582878442]]]}}, {"type": "Feature", "id": 3359, "properties": {"buildingId": 1, "floorId": 19, "roomNumber": "6-611", "roomName": "6-611 Nagytisztas\u00e1g\u00fa mikrobiol\u00f3giai laborat\u00f3rium", "scope": "budapest/lagymanyos/deli/6/LD-6-611-01-14", "roomCode": "LD-6-611-01-14", "roomType": "educational", "__tile": "17/72476/45848", "__layer": "rooms", "__zoom": 17, "__mvtId": 3359, "__building": "deli", "__ringVerts": 5, "id": 3359, "catalogFloorId": 19}, "geometry": {"type": "Polygon", "coordinates": [[[19.062659963965416, 47.471529720481506], [19.062663316726685, 47.47153969229162], [19.062634482979774, 47.471543318403924], [19.06263180077076, 47.47153379985859], [19.062659963965416, 47.471529720481506]]]}}, {"type": "Feature", "id": 2403, "properties": {"buildingId": 1, "floorId": 19, "roomNumber": "6-606", "roomName": "6-606 Sejtek", "scope": "budapest/lagymanyos/deli/6/LD-6-606-01-14", "roomCode": "LD-6-606-01-14", "roomType": "educational", "__tile": "17/72476/45848", "__layer": "rooms", "__zoom": 17, "__mvtId": 2403, "__building": "deli", "__ringVerts": 5, "id": 2403, "catalogFloorId": 19}, "geometry": {"type": "Polygon", "coordinates": [[[19.06287521123886, 47.471525187839916], [19.062883257865906, 47.47155238368359], [19.062843024730682, 47.47155782285063], [19.062834978103638, 47.4715310802739], [19.06287521123886, 47.471525187839916]]]}}, {"type": "Feature", "id": 3133, "properties": {"buildingId": 1, "floorId": 19, "roomNumber": "6-721", "roomName": "6-721 Oktat\u00f3", "scope": "budapest/lagymanyos/deli/6/LD-6-721-01-13", "roomCode": "LD-6-721-01-13", "roomType": "educational", "__tile": "17/72476/45848", "__layer": "rooms", "__zoom": 17, "__mvtId": 3133, "__building": "deli", "__ringVerts": 5, "id": 3133, "catalogFloorId": 19}, "geometry": {"type": "Polygon", "coordinates": [[[19.062522500753403, 47.471515216027036], [19.062530547380447, 47.471542411875866], [19.062494337558746, 47.47154739777996], [19.0624862909317, 47.471520201933714], [19.062522500753403, 47.471515216027036]]]}}, {"type": "Feature", "id": 2519, "properties": {"buildingId": 1, "floorId": 19, "roomNumber": "6-624", "roomName": "6-624 Oktat\u00f3", "scope": "budapest/lagymanyos/deli/6/LD-6-624-01-13", "roomCode": "LD-6-624-01-13", "roomType": "educational", "__tile": "17/72476/45848", "__layer": "rooms", "__zoom": 17, "__mvtId": 2519, "__building": "deli", "__ringVerts": 6, "id": 2519, "catalogFloorId": 19}, "geometry": {"type": "Polygon", "coordinates": [[[19.0629992634058, 47.471391928002504], [19.063007310032845, 47.471395554125], [19.063021391630173, 47.471441787164906], [19.06298317015171, 47.47144677307855], [19.062967747449875, 47.471396007390304], [19.0629992634058, 47.471391928002504]]]}}, {"type": "Feature", "id": 3070, "properties": {"buildingId": 1, "floorId": 19, "roomNumber": "6-502", "roomName": "6-502 \u00c1llatszervezettani sz\u00f6vettani labor", "scope": "budapest/lagymanyos/deli/6/LD-6-502-01-14", "roomCode": "LD-6-502-01-14", "roomType": "educational", "__tile": "17/72476/45848", "__layer": "rooms", "__zoom": 17, "__mvtId": 3070, "__building": "deli", "__ringVerts": 5, "id": 3070, "catalogFloorId": 19}, "geometry": {"type": "Polygon", "coordinates": [[[19.06313069164753, 47.47108053379982], [19.063147455453873, 47.471135832468356], [19.063071683049202, 47.47114625762067], [19.06305491924286, 47.47109095896309], [19.06313069164753, 47.47108053379982]]]}}, {"type": "Feature", "id": 3087, "properties": {"buildingId": 1, "floorId": 19, "roomNumber": "6-525", "roomName": "6-525 F\u00e9rfi WC csoport", "scope": "budapest/lagymanyos/deli/6/LD-6-525-05-71 (2)", "roomCode": "LD-6-525-05-71 (2)", "roomType": "social", "__tile": "17/72476/45848", "__layer": "rooms", "__zoom": 17, "__mvtId": 3087, "__building": "deli", "__ringVerts": 7, "id": 3087, "catalogFloorId": 19}, "geometry": {"type": "Polygon", "coordinates": [[[19.063090458512306, 47.47140915208214], [19.063099175691605, 47.471438161045604], [19.063083082437515, 47.4714404273702], [19.063081741333008, 47.471434988191], [19.06302474439144, 47.4714426936947], [19.06301736831665, 47.47141957718022], [19.063090458512306, 47.47140915208214]]]}}, {"type": "Feature", "id": 2221, "properties": {"buildingId": 1, "floorId": 19, "roomNumber": "6-503", "roomName": "6-503 Oktat\u00f3", "scope": "budapest/lagymanyos/deli/6/LD-6-503-01-13", "roomCode": "LD-6-503-01-13", "roomType": "educational", "__tile": "17/72476/45848", "__layer": "rooms", "__zoom": 17, "__mvtId": 2221, "__building": "deli", "__ringVerts": 5, "id": 2221, "catalogFloorId": 19}, "geometry": {"type": "Polygon", "coordinates": [[[19.063147455453873, 47.47113673900343], [19.063155502080917, 47.47116393504811], [19.0630804002285, 47.471174360194844], [19.063072353601456, 47.47114716415555], [19.063147455453873, 47.47113673900343]]]}}, {"type": "Feature", "id": 2377, "properties": {"buildingId": 1, "floorId": 19, "roomNumber": "6-509", "roomName": "6-509 Mikroszk\u00f3p szoba", "scope": "budapest/lagymanyos/deli/6/LD-6-509-01-14", "roomCode": "LD-6-509-01-14", "roomType": "educational", "__tile": "17/72476/45848", "__layer": "rooms", "__zoom": 17, "__mvtId": 2377, "__building": "deli", "__ringVerts": 5, "id": 2377, "catalogFloorId": 19}, "geometry": {"type": "Polygon", "coordinates": [[[19.063171595335007, 47.47136745166911], [19.06317964196205, 47.4713946475944], [19.063148126006126, 47.471399180247246], [19.06314007937908, 47.4713719843243], [19.063171595335007, 47.47136745166911]]]}}, {"type": "Feature", "id": 2887, "properties": {"buildingId": 1, "floorId": 19, "roomNumber": "6-524", "roomName": "6-524 F\u00e9rfi WC el\u0151t\u00e9r", "scope": "budapest/lagymanyos/deli/6/LD-6-524-05-71", "roomCode": "LD-6-524-05-71", "roomType": "social", "__tile": "17/72476/45848", "__layer": "rooms", "__zoom": 17, "__mvtId": 2887, "__building": "deli", "__ringVerts": 5, "id": 2887, "catalogFloorId": 19}, "geometry": {"type": "Polygon", "coordinates": [[[19.063010662794113, 47.471132206327944], [19.06301736831665, 47.47115396316669], [19.062987193465233, 47.47115804257296], [19.062980487942696, 47.471136285735895], [19.063010662794113, 47.471132206327944]]]}}, {"type": "Feature", "id": 2724, "properties": {"buildingId": 1, "floorId": 19, "roomNumber": "6-501", "roomName": "6-501 K\u00f6zleked\u0151", "scope": "budapest/lagymanyos/deli/6/LD-6-501-04-63", "roomCode": "LD-6-501-04-63", "roomType": "corridor", "__tile": "17/72476/45848", "__layer": "rooms", "__zoom": 17, "__mvtId": 2724, "__building": "deli", "__ringVerts": 140, "id": 2724, "catalogFloorId": 19}, "geometry": {"type": "Polygon", "coordinates": [[[19.063073694705963, 47.47115532296882], [19.063076376914978, 47.47116620138453], [19.063066318631172, 47.471167561186334], [19.06307101249695, 47.471185238606616], [19.063081741333008, 47.47118342553815], [19.063085094094276, 47.47119430394804], [19.063074365258217, 47.471195663749114], [19.063079729676247, 47.471213341159945], [19.063090458512306, 47.47121198135932], [19.06309314072132, 47.47122240649652], [19.063083082437515, 47.47122376629687], [19.063088446855545, 47.47124144369825], [19.06309850513935, 47.471239630631715], [19.06310185790062, 47.471250509029986], [19.06309112906456, 47.4712518688296], [19.06309649348259, 47.47126954622153], [19.06310722231865, 47.471267733155955], [19.063110575079918, 47.471278611548406], [19.06309984624386, 47.4712799713473], [19.063105210661888, 47.47129764872977], [19.063115939497948, 47.47129628893133], [19.063118621706963, 47.4713067140518], [19.063108563423157, 47.471308073849976], [19.063113927841187, 47.47132575122299], [19.063123986124992, 47.47132439142527], [19.06312733888626, 47.47133481654018], [19.0631166100502, 47.471336176337616], [19.06312197446823, 47.47135385370119], [19.06313270330429, 47.4713524939042], [19.06313605606556, 47.47136291901352], [19.0631253272295, 47.47136427881024], [19.06313069164753, 47.47138195616436], [19.063140749931335, 47.47138059636809], [19.063144102692604, 47.47139102147184], [19.063133373856544, 47.471392381267826], [19.063138738274574, 47.47141005861249], [19.063149467110634, 47.47140869881696], [19.063152819871902, 47.47141912391513], [19.063142091035843, 47.471420483710396], [19.063147455453873, 47.471438161045604], [19.063158184289932, 47.471436801250796], [19.063160866498947, 47.4714472263434], [19.06315080821514, 47.47144858613793], [19.06315617263317, 47.47146626346368], [19.063166230916977, 47.471464903669606], [19.063169583678246, 47.47147532875664], [19.063158854842186, 47.471476688550446], [19.063160195946693, 47.47147940813796], [19.0631702542305, 47.47147804834421], [19.063180312514305, 47.47151113664851], [19.063134044408798, 47.47151748234832], [19.063119292259216, 47.471466716728365], [19.063131362199783, 47.471464903669606], [19.06312867999077, 47.471457198169176], [19.063103199005127, 47.471460824287156], [19.063105210661888, 47.47146762325773], [19.063089787960052, 47.47146988958106], [19.063087105751038, 47.471462637346065], [19.063061624765396, 47.47146626346368], [19.063063636422157, 47.471473515698165], [19.06304821372032, 47.47147578202124], [19.063045531511307, 47.47146852978707], [19.06301937997341, 47.47147215590428], [19.063022062182426, 47.47147895487338], [19.06300663948059, 47.471481221196214], [19.063003957271576, 47.47147396896278], [19.06297780573368, 47.471477595079634], [19.062980487942696, 47.47148484731255], [19.06296506524086, 47.471487113635135], [19.062962383031845, 47.47147986140253], [19.06293623149395, 47.47148348751896], [19.062938913702965, 47.47149073975107], [19.06292349100113, 47.471492552808925], [19.062920808792114, 47.47148575384159], [19.06289465725422, 47.47148937995762], [19.062897339463234, 47.4714961789245], [19.062881246209145, 47.47149844524658], [19.062879234552383, 47.47149119301553], [19.062853083014488, 47.47149481913118], [19.062855765223503, 47.471502071361726], [19.062839671969414, 47.47150433768357], [19.062837660312653, 47.471497085453336], [19.062811508774757, 47.47150071156858], [19.062814190983772, 47.47150796379831], [19.062798097729683, 47.47150977685559], [19.062788039445877, 47.47147487549203], [19.062803462147713, 47.47147260916891], [19.062805473804474, 47.47147986140253], [19.06283162534237, 47.47147623528585], [19.062829613685608, 47.471468983051736], [19.062845036387444, 47.471466716728365], [19.062847048044205, 47.47147396896278], [19.0628731995821, 47.471470342845706], [19.06287118792534, 47.47146309061078], [19.062886610627174, 47.471461277551896], [19.062888622283936, 47.4714680765224], [19.06291477382183, 47.47146445040491], [19.06291276216507, 47.47145765143393], [19.062928184866905, 47.47145538511008], [19.062930196523666, 47.471462637346065], [19.06295634806156, 47.4714590112282], [19.0629543364048, 47.47145175899171], [19.062969759106636, 47.471449945932434], [19.062971770763397, 47.4714567449044], [19.062997922301292, 47.47145311878613], [19.06299591064453, 47.47144631981369], [19.063011333346367, 47.47144405348935], [19.063013345003128, 47.471450852462084], [19.06302474439144, 47.47145175899171], [19.06311459839344, 47.471437254515735], [19.06309448182583, 47.47136835820018], [19.06308375298977, 47.471370171262265], [19.0630804002285, 47.47135929288877], [19.06309112906456, 47.47135793309193], [19.06308576464653, 47.47134025572974], [19.06307503581047, 47.471341615527045], [19.063072353601456, 47.47133119041349], [19.06308241188526, 47.471329830615915], [19.06307704746723, 47.47131215324428], [19.063066989183426, 47.471313513042304], [19.063063636422157, 47.471303087923175], [19.063074365258217, 47.47130172812488], [19.063069000840187, 47.471284050743776], [19.063058272004128, 47.47128541054254], [19.06305491924286, 47.47127498541784], [19.06306564807892, 47.471273625618814], [19.06306028366089, 47.47125594822826], [19.063050225377083, 47.471257308027745], [19.063046872615814, 47.471246882897475], [19.063057601451874, 47.47124552309772], [19.063052237033844, 47.47122784569772], [19.063041508197784, 47.47122920549793], [19.063038155436516, 47.47121878036208], [19.063048884272575, 47.4712174205616], [19.063043519854546, 47.47119974315215], [19.063032791018486, 47.47120110295308], [19.06303010880947, 47.471190677811656], [19.063040167093277, 47.47118931801046], [19.06303144991398, 47.471161215444276], [19.063073694705963, 47.47115532296882]]]}}, {"type": "Feature", "id": 3099, "properties": {"buildingId": 1, "floorId": 19, "roomNumber": "6-518", "roomName": "6-518 Hidegszoba", "scope": "budapest/lagymanyos/deli/6/LD-6-518-01-14", "roomCode": "LD-6-518-01-14", "roomType": "educational", "__tile": "17/72476/45848", "__layer": "rooms", "__zoom": 17, "__mvtId": 3099, "__building": "deli", "__ringVerts": 5, "id": 3099, "catalogFloorId": 19}, "geometry": {"type": "Polygon", "coordinates": [[[19.063075706362724, 47.4713524939042], [19.063083082437515, 47.471376516979106], [19.06304821372032, 47.471381502898936], [19.06304083764553, 47.47135702656068], [19.063075706362724, 47.4713524939042]]]}}, {"type": "Feature", "id": 3078, "properties": {"buildingId": 1, "floorId": 19, "roomNumber": "6-513", "roomName": "6-513 Tansz\u00e9kvezet\u0151", "scope": "budapest/lagymanyos/deli/6/LD-6-513-02-33", "roomCode": "LD-6-513-02-33", "roomType": "administrative", "__tile": "17/72476/45848", "__layer": "rooms", "__zoom": 17, "__mvtId": 3078, "__building": "deli", "__ringVerts": 5, "id": 3078, "catalogFloorId": 19}, "geometry": {"type": "Polygon", "coordinates": [[[19.06324803829193, 47.47147079611036], [19.063257426023483, 47.47150071156858], [19.063181653618813, 47.47151113664851], [19.063172936439514, 47.471481221196214], [19.06324803829193, 47.47147079611036]]]}}, {"type": "Feature", "id": 2587, "properties": {"buildingId": 1, "floorId": 19, "roomNumber": "6-429", "roomName": "6-429 Oktat\u00f3", "scope": "budapest/lagymanyos/deli/6/LD-6-429-01-13", "roomCode": "LD-6-429-01-13", "roomType": "educational", "__tile": "17/72476/45848", "__layer": "rooms", "__zoom": 17, "__mvtId": 2587, "__building": "deli", "__ringVerts": 5, "id": 2587, "catalogFloorId": 19}, "geometry": {"type": "Polygon", "coordinates": [[[19.063113927841187, 47.471024328536096], [19.06312197446823, 47.47105152463895], [19.06304620206356, 47.47106194980798], [19.063038155436516, 47.47103430044211], [19.063113927841187, 47.471024328536096]]]}}, {"type": "Feature", "id": 2372, "properties": {"buildingId": 1, "floorId": 19, "roomNumber": "6-109", "roomName": "6-109 L\u00e9pcs\u0151h\u00e1z", "scope": "budapest/lagymanyos/deli/6/LD-6-109-04-64", "roomCode": "LD-6-109-04-64", "roomType": "corridor", "__tile": "17/72476/45848", "__layer": "rooms", "__zoom": 17, "__mvtId": 2372, "__building": "deli", "__ringVerts": 6, "id": 2372, "catalogFloorId": 19}, "geometry": {"type": "Polygon", "coordinates": [[[19.062982499599457, 47.47103702005251], [19.062989875674248, 47.471062403076154], [19.062974452972412, 47.471064216148804], [19.062908738851547, 47.471071468438765], [19.062901362776756, 47.47104835176101], [19.062982499599457, 47.47103702005251]]]}}, {"type": "Feature", "id": 2506, "properties": {"buildingId": 1, "floorId": 19, "roomNumber": "6-215", "roomName": "6-215 WC", "scope": "budapest/lagymanyos/deli/6/LD-6-215-05-71", "roomCode": "LD-6-215-05-71", "roomType": "social", "__tile": "17/72476/45848", "__layer": "rooms", "__zoom": 17, "__mvtId": 2506, "__building": "deli", "__ringVerts": 5, "id": 2506, "catalogFloorId": 19}, "geometry": {"type": "Polygon", "coordinates": [[[19.062425270676613, 47.47082579655892], [19.06242996454239, 47.470841661013885], [19.062419906258583, 47.47084347409416], [19.062414541840553, 47.47082715636954], [19.062425270676613, 47.47082579655892]]]}}, {"type": "Feature", "id": 3591, "properties": {"buildingId": 1, "floorId": 19, "roomNumber": "6-408", "roomName": "6-408 Oktat\u00f3", "scope": "budapest/lagymanyos/deli/6/LD-6-408-01-13", "roomCode": "LD-6-408-01-13", "roomType": "educational", "__tile": "17/72476/45848", "__layer": "rooms", "__zoom": 17, "__mvtId": 3591, "__building": "deli", "__ringVerts": 5, "id": 3591, "catalogFloorId": 19}, "geometry": {"type": "Polygon", "coordinates": [[[19.06292550265789, 47.470962230715166], [19.062933549284935, 47.47098897358135], [19.06289130449295, 47.470994866075465], [19.062883257865906, 47.47096812321227], [19.06292550265789, 47.470962230715166]]]}}, {"type": "Feature", "id": 2251, "properties": {"buildingId": 1, "floorId": 19, "roomNumber": "6-402", "roomName": "6-402 N\u0151i WC csoport", "scope": "budapest/lagymanyos/deli/6/LD-6-402-05-71", "roomCode": "LD-6-402-05-71", "roomType": "social", "__tile": "17/72476/45848", "__layer": "rooms", "__zoom": 17, "__mvtId": 2251, "__building": "deli", "__ringVerts": 8, "id": 2251, "catalogFloorId": 19}, "geometry": {"type": "Polygon", "coordinates": [[[19.06294360756874, 47.47101798277674], [19.062949642539024, 47.471039739662785], [19.062906056642532, 47.471045632151196], [19.062901362776756, 47.4710297677578], [19.062891975045204, 47.471025235073085], [19.062897339463234, 47.47101934258239], [19.062906056642532, 47.47102296873059], [19.06294360756874, 47.47101798277674]]]}}, {"type": "Feature", "id": 3154, "properties": {"buildingId": 1, "floorId": 19, "roomNumber": "6-623", "roomName": "6-623 Mikroszk\u00f3p labor", "scope": "budapest/lagymanyos/deli/6/LD-6-623-01-14", "roomCode": "LD-6-623-01-14", "roomType": "educational", "__tile": "17/72476/45848", "__layer": "rooms", "__zoom": 17, "__mvtId": 3154, "__building": "deli", "__ringVerts": 5, "id": 3154, "catalogFloorId": 19}, "geometry": {"type": "Polygon", "coordinates": [[[19.062975123524666, 47.47142365656587], [19.062981829047203, 47.4714472263434], [19.06294159591198, 47.471452665521326], [19.06293421983719, 47.47142954901125], [19.062975123524666, 47.47142365656587]]]}}, {"type": "Feature", "id": 3451, "properties": {"buildingId": 1, "floorId": 19, "roomNumber": "6-527", "roomName": "6-527 F\u00e9rfi \u00f6lt\u00f6z\u0151", "scope": "budapest/lagymanyos/deli/6/LD-6-527-05-73", "roomCode": "LD-6-527-05-73", "roomType": "social", "__tile": "17/72476/45848", "__layer": "rooms", "__zoom": 17, "__mvtId": 3451, "__building": "deli", "__ringVerts": 6, "id": 3451, "catalogFloorId": 19}, "geometry": {"type": "Polygon", "coordinates": [[[19.062985852360725, 47.47116030890963], [19.06299389898777, 47.471186598407925], [19.062950313091278, 47.47119249087988], [19.062944278120995, 47.471171187324316], [19.062949642539024, 47.471165294849975], [19.062985852360725, 47.47116030890963]]]}}, {"type": "Feature", "id": 3374, "properties": {"buildingId": 1, "floorId": 19, "roomNumber": "6-603", "roomName": "6-603 Neuronpusztul\u00e1st vizsg\u00e1l\u00f3 labor", "scope": "budapest/lagymanyos/deli/6/LD-6-603-01-14", "roomCode": "LD-6-603-01-14", "roomType": "educational", "__tile": "17/72476/45848", "__layer": "rooms", "__zoom": 17, "__mvtId": 3374, "__building": "deli", "__ringVerts": 5, "id": 3374, "catalogFloorId": 19}, "geometry": {"type": "Polygon", "coordinates": [[[19.063034802675247, 47.4714785016088], [19.06304955482483, 47.471529267217356], [19.062967747449875, 47.47154059881972], [19.06295232474804, 47.47148937995762], [19.063034802675247, 47.4714785016088]]]}}, {"type": "Feature", "id": 2827, "properties": {"buildingId": 1, "floorId": 19, "roomNumber": "6-602", "roomName": "6-602 Oktat\u00f3", "scope": "budapest/lagymanyos/deli/6/LD-6-602-01-13", "roomCode": "LD-6-602-01-13", "roomType": "educational", "__tile": "17/72476/45848", "__layer": "rooms", "__zoom": 17, "__mvtId": 2827, "__building": "deli", "__ringVerts": 5, "id": 2827, "catalogFloorId": 19}, "geometry": {"type": "Polygon", "coordinates": [[[19.063076376914978, 47.47147260916891], [19.06309112906456, 47.47152337478317], [19.063050895929337, 47.471529267217356], [19.0630354732275, 47.47147804834421], [19.063076376914978, 47.47147260916891]]]}}, {"type": "Feature", "id": 2659, "properties": {"buildingId": 1, "floorId": 19, "roomNumber": "6-717", "roomName": "6-717 WC", "scope": "budapest/lagymanyos/deli/6/LD-6-717-05-71", "roomCode": "LD-6-717-05-71", "roomType": "social", "__tile": "17/72476/45848", "__layer": "rooms", "__zoom": 17, "__mvtId": 2659, "__building": "deli", "__ringVerts": 5, "id": 2659, "catalogFloorId": 19}, "geometry": {"type": "Polygon", "coordinates": [[[19.062615036964417, 47.47145583837486], [19.062619730830193, 47.47147215590428], [19.062609672546387, 47.471473515698165], [19.062604308128357, 47.471457198169176], [19.062615036964417, 47.47145583837486]]]}}, {"type": "Feature", "id": 2575, "properties": {"buildingId": 1, "floorId": 19, "roomNumber": "6-522", "roomName": "6-522 Oktat\u00f3", "scope": "budapest/lagymanyos/deli/6/LD-6-522-01-13", "roomCode": "LD-6-522-01-13", "roomType": "educational", "__tile": "17/72476/45848", "__layer": "rooms", "__zoom": 17, "__mvtId": 2575, "__building": "deli", "__ringVerts": 5, "id": 2575, "catalogFloorId": 19}, "geometry": {"type": "Polygon", "coordinates": [[[19.06300127506256, 47.47121515422738], [19.063009321689606, 47.471242350231485], [19.06296707689762, 47.47124824269719], [19.062959030270576, 47.47122104669613], [19.06300127506256, 47.47121515422738]]]}}, {"type": "Feature", "id": 2722, "properties": {"buildingId": 1, "floorId": 19, "roomNumber": "6-520", "roomName": "6-520 Molekul\u00e1ris genetika \u00e9s sejtbiol\u00f3gia", "scope": "budapest/lagymanyos/deli/6/LD-6-520-01-14", "roomCode": "LD-6-520-01-14", "roomType": "educational", "__tile": "17/72476/45848", "__layer": "rooms", "__zoom": 17, "__mvtId": 2722, "__building": "deli", "__ringVerts": 9, "id": 2722, "catalogFloorId": 19}, "geometry": {"type": "Polygon", "coordinates": [[[19.063034802675247, 47.47121062155866], [19.063068330287933, 47.471322125095675], [19.063036143779755, 47.47132665775478], [19.06302809715271, 47.471298555262045], [19.062984511256218, 47.471304447721444], [19.062967747449875, 47.47124914923032], [19.063011333346367, 47.471243256764716], [19.06300261616707, 47.47121515422738], [19.063034802675247, 47.47121062155866]]]}}, {"type": "Feature", "id": 2743, "properties": {"buildingId": 1, "floorId": 19, "roomNumber": "6-507", "roomName": "6-507 Oktat\u00f3", "scope": "budapest/lagymanyos/deli/6/LD-6-507-01-13", "roomCode": "LD-6-507-01-13", "roomType": "educational", "__tile": "17/72476/45848", "__layer": "rooms", "__zoom": 17, "__mvtId": 2743, "__building": "deli", "__ringVerts": 5, "id": 2743, "catalogFloorId": 19}, "geometry": {"type": "Polygon", "coordinates": [[[19.063198417425156, 47.4713053542536], [19.0632064640522, 47.47133255021103], [19.063131362199783, 47.471342975324305], [19.063122645020485, 47.471315779372276], [19.063198417425156, 47.4713053542536]]]}}, {"type": "Feature", "id": 2732, "properties": {"buildingId": 1, "floorId": 19, "roomNumber": "6-713", "roomName": "6-713 Oktat\u00f3", "scope": "budapest/lagymanyos/deli/6/LD-6-713-01-13", "roomCode": "LD-6-713-01-13", "roomType": "educational", "__tile": "17/72476/45848", "__layer": "rooms", "__zoom": 17, "__mvtId": 2732, "__building": "deli", "__ringVerts": 5, "id": 2732, "catalogFloorId": 19}, "geometry": {"type": "Polygon", "coordinates": [[[19.0626572817564, 47.47137968983723], [19.0626659989357, 47.47140688575619], [19.062623754143715, 47.471412778203444], [19.062615036964417, 47.47138558228753], [19.0626572817564, 47.47137968983723]]]}}, {"type": "Feature", "id": 3060, "properties": {"buildingId": 1, "floorId": 19, "roomNumber": "6-608", "roomName": "6-608 Oktat\u00f3", "scope": "budapest/lagymanyos/deli/6/LD-6-608-01-13", "roomCode": "LD-6-608-01-13", "roomType": "educational", "__tile": "17/72476/45848", "__layer": "rooms", "__zoom": 17, "__mvtId": 3060, "__building": "deli", "__ringVerts": 5, "id": 3060, "catalogFloorId": 19}, "geometry": {"type": "Polygon", "coordinates": [[[19.06279005110264, 47.471529267217356], [19.062800109386444, 47.471563715280965], [19.06275987625122, 47.471569154446826], [19.062749817967415, 47.4715347063868], [19.06279005110264, 47.471529267217356]]]}}, {"type": "Feature", "id": 3226, "properties": {"buildingId": 1, "floorId": 19, "roomNumber": "6-523", "roomName": "6-523 Oktat\u00f3", "scope": "budapest/lagymanyos/deli/6/LD-6-523-01-13", "roomCode": "LD-6-523-01-13", "roomType": "educational", "__tile": "17/72476/45848", "__layer": "rooms", "__zoom": 17, "__mvtId": 3226, "__building": "deli", "__ringVerts": 5, "id": 3226, "catalogFloorId": 19}, "geometry": {"type": "Polygon", "coordinates": [[[19.06302608549595, 47.471182972271016], [19.063034132122993, 47.47120971502488], [19.062959030270576, 47.47122014016252], [19.062950983643532, 47.47119339741397], [19.06302608549595, 47.471182972271016]]]}}, {"type": "Feature", "id": 3130, "properties": {"buildingId": 1, "floorId": 19, "roomNumber": "6-709", "roomName": "6-709 Sterilez\u0151", "scope": "budapest/lagymanyos/deli/6/LD-6-709-01-14", "roomCode": "LD-6-709-01-14", "roomType": "educational", "__tile": "17/72476/45848", "__layer": "rooms", "__zoom": 17, "__mvtId": 3130, "__building": "deli", "__ringVerts": 5, "id": 3130, "catalogFloorId": 19}, "geometry": {"type": "Polygon", "coordinates": [[[19.062623754143715, 47.47126727988955], [19.06263180077076, 47.471294475866685], [19.062556698918343, 47.47130490098752], [19.062548652291298, 47.47127770501579], [19.062623754143715, 47.47126727988955]]]}}, {"type": "Feature", "id": 2815, "properties": {"buildingId": 1, "floorId": 19, "roomNumber": "6-623/A", "roomName": "6-623/A Metsz\u0151 szoba", "scope": "budapest/lagymanyos/deli/6/LD-6-623-A-01-14", "roomCode": "LD-6-623/A-01-14", "roomType": "educational", "__tile": "17/72476/45848", "__layer": "rooms", "__zoom": 17, "__mvtId": 2815, "__building": "deli", "__ringVerts": 5, "id": 2815, "catalogFloorId": 19}, "geometry": {"type": "Polygon", "coordinates": [[[19.062966406345367, 47.471396007390304], [19.062974452972412, 47.47142320330081], [19.06293421983719, 47.471428642481236], [19.062926173210144, 47.47140189983877], [19.062966406345367, 47.471396007390304]]]}}, {"type": "Feature", "id": 2469, "properties": {"buildingId": 1, "floorId": 19, "roomNumber": "6-508", "roomName": "6-508 Fejl\u0151d\u00e9sbiol\u00f3giai labor III.", "scope": "budapest/lagymanyos/deli/6/LD-6-508-01-14", "roomCode": "LD-6-508-01-14", "roomType": "educational", "__tile": "17/72476/45848", "__layer": "rooms", "__zoom": 17, "__mvtId": 2469, "__building": "deli", "__ringVerts": 5, "id": 2469, "catalogFloorId": 19}, "geometry": {"type": "Polygon", "coordinates": [[[19.0632064640522, 47.4713334567427], [19.0632151812315, 47.47136065268559], [19.063139408826828, 47.471371077793286], [19.063131362199783, 47.4713438818558], [19.0632064640522, 47.4713334567427]]]}}, {"type": "Feature", "id": 2672, "properties": {"buildingId": 1, "floorId": 19, "roomNumber": "6-612", "roomName": "6-612 WC", "scope": "budapest/lagymanyos/deli/6/LD-6-612-05-71", "roomCode": "LD-6-612-05-71", "roomType": "social", "__tile": "17/72476/45848", "__layer": "rooms", "__zoom": 17, "__mvtId": 2672, "__building": "deli", "__ringVerts": 5, "id": 2672, "catalogFloorId": 19}, "geometry": {"type": "Polygon", "coordinates": [[[19.062630459666252, 47.47153379985859], [19.062633141875267, 47.471543771667946], [19.06262308359146, 47.47154513145998], [19.062619730830193, 47.47153515965089], [19.062630459666252, 47.47153379985859]]]}}], "meta": {"building": "deli", "floorId": 19, "polygonCount": 161}}