{"type": "FeatureCollection", "features": [{"type": "Feature", "id": 2623, "properties": {"buildingId": 1, "floorId": 22, "roomNumber": "00-306", "roomName": "00-306 Elektronmikroszk\u00f3pos laboregy\u00fcttes", "scope": "budapest/lagymanyos/deli/00/LD-00-306-01-14", "roomCode": "LD-00-306-01-14", "roomType": "educational", "__tile": "17/72476/45847", "__layer": "rooms", "__zoom": 17, "__mvtId": 2623, "__building": "deli", "__ringVerts": 5, "id": 2623, "catalogFloorId": 22}, "geometry": {"type": "Polygon", "coordinates": [[[19.062229469418526, 47.474390645854136], [19.06224489212036, 47.474445487800686], [19.06216710805893, 47.47445636553535], [19.062150344252586, 47.47440152360015], [19.062229469418526, 47.474390645854136]]]}}, {"type": "Feature", "id": 2838, "properties": {"buildingId": 1, "floorId": 22, "roomNumber": "00-303", "roomName": "00-303 Elektronmikroszk\u00f3pos laboregy\u00fcttes", "scope": "budapest/lagymanyos/deli/00/LD-00-303-01-14", "roomCode": "LD-00-303-01-14", "roomType": "educational", "__tile": "17/72476/45847", "__layer": "rooms", "__zoom": 17, "__mvtId": 2838, "__building": "deli", "__ringVerts": 17, "id": 2838, "catalogFloorId": 22}, "geometry": {"type": "Polygon", "coordinates": [[[19.06236156821251, 47.47439653796684], [19.06237095594406, 47.47442735823791], [19.06236693263054, 47.47442781147706], [19.062367603182793, 47.47443053091185], [19.062336087226868, 47.474434610063774], [19.062335416674614, 47.4744318906292], [19.062325358390808, 47.4744332503465], [19.062326028943062, 47.47443596978101], [19.062294512987137, 47.47444050217155], [19.062293842434883, 47.474437782737276], [19.062283784151077, 47.47443914245442], [19.06228445470333, 47.47444186188863], [19.062252938747406, 47.474445941039676], [19.062252268195152, 47.474443674844686], [19.06224824488163, 47.4744441280837], [19.06223952770233, 47.47441330782246], [19.06236156821251, 47.47439653796684]]]}}, {"type": "Feature", "id": 2918, "properties": {"buildingId": 1, "floorId": 22, "roomNumber": "00-307", "roomName": "00-307 Elektronmikroszk\u00f3pos laboregy\u00fcttes", "scope": "budapest/lagymanyos/deli/00/LD-00-307-01-13", "roomCode": "LD-00-307-01-13", "roomType": "educational", "__tile": "17/72476/45847", "__layer": "rooms", "__zoom": 17, "__mvtId": 2918, "__building": "deli", "__ringVerts": 5, "id": 2918, "catalogFloorId": 22}, "geometry": {"type": "Polygon", "coordinates": [[[19.062354862689972, 47.47437342275167], [19.062360897660255, 47.47439563148801], [19.062238857150078, 47.47441240134392], [19.06223215162754, 47.47439019261467], [19.062354862689972, 47.47437342275167]]]}}, {"type": "Feature", "id": 3198, "properties": {"buildingId": 1, "floorId": 22, "roomNumber": "00-308", "roomName": "00-308 TEM laborat\u00f3rium", "scope": "budapest/lagymanyos/deli/00/LD-00-308-01-14", "roomCode": "LD-00-308-01-14", "roomType": "educational", "__tile": "17/72476/45847", "__layer": "rooms", "__zoom": 17, "__mvtId": 3198, "__building": "deli", "__ringVerts": 5, "id": 3198, "catalogFloorId": 22}, "geometry": {"type": "Polygon", "coordinates": [[[19.062436670064926, 47.47436254499985], [19.062452763319016, 47.474416027258], [19.062372967600822, 47.474426904998765], [19.062356874346733, 47.47437342275167], [19.062436670064926, 47.47436254499985]]]}}, {"type": "Feature", "id": 2676, "properties": {"buildingId": 1, "floorId": 22, "roomNumber": "00-330", "roomName": "00-330 Foyer", "scope": "budapest/lagymanyos/deli/00/LD-00-330-04-63", "roomCode": "LD-00-330-04-63", "roomType": "corridor", "__tile": "17/72476/45847", "__layer": "rooms", "__zoom": 17, "__mvtId": 2676, "__building": "deli", "__ringVerts": 30, "id": 2676, "catalogFloorId": 22}, "geometry": {"type": "Polygon", "coordinates": [[[19.062647223472595, 47.474333537650615], [19.062648564577103, 47.47433761681007], [19.06265325844288, 47.47433671033021], [19.06265862286091, 47.474354839924274], [19.062653928995132, 47.47435529316404], [19.062656611204147, 47.47436571767769], [19.062661975622177, 47.47436526443801], [19.062667340040207, 47.47438294078268], [19.062657952308655, 47.474387926417286], [19.062659293413162, 47.4743910990936], [19.062663316726685, 47.474390645854136], [19.06267873942852, 47.474440048932514], [19.062668681144714, 47.47444140864961], [19.0627022087574, 47.47454837295097], [19.06263381242752, 47.47454837295097], [19.062613025307655, 47.47447993395273], [19.062605649232864, 47.4744500201904], [19.062596261501312, 47.474451379907244], [19.06258150935173, 47.474401976839516], [19.062586203217506, 47.47440107036078], [19.062584862113, 47.474397897685066], [19.062573462724686, 47.47439563148801], [19.062568098306656, 47.47437795514761], [19.062573462724686, 47.47437704866846], [19.062570109963417, 47.47436662415704], [19.06256541609764, 47.47436753063638], [19.06256005167961, 47.47434985428652], [19.062564745545387, 47.47434894780689], [19.062564074993134, 47.47434486864831], [19.062647223472595, 47.474333537650615]], [[19.062672033905983, 47.474532056376695], [19.06265527009964, 47.47453432256787], [19.062656611204147, 47.47453794847354], [19.06267337501049, 47.47453568228253], [19.062672033905983, 47.474532056376695]], [[19.062652587890625, 47.47447857423663], [19.06264252960682, 47.47447993395273], [19.062643200159073, 47.47448355986215], [19.062653928995132, 47.47448220014615], [19.062652587890625, 47.47447857423663]], [[19.062643200159073, 47.474445941039676], [19.062632471323013, 47.47444730075662], [19.06263381242752, 47.474450926668304], [19.062643870711327, 47.47444956695145], [19.062643200159073, 47.474445941039676]], [[19.06262643635273, 47.47439200557252], [19.062616378068924, 47.47439336529086], [19.062617048621178, 47.474396991206255], [19.062627777457237, 47.47439563148801], [19.06262643635273, 47.47439200557252]]]}}, {"type": "Feature", "id": 2452, "properties": {"buildingId": 1, "floorId": 22, "roomNumber": "00-320", "roomName": "00-320 El\u0151t\u00e9r", "scope": "budapest/lagymanyos/deli/00/LD-00-320-04-63", "roomCode": "LD-00-320-04-63", "roomType": "corridor", "__tile": "17/72476/45847", "__layer": "rooms", "__zoom": 17, "__mvtId": 2452, "__building": "deli", "__ringVerts": 5, "id": 2452, "catalogFloorId": 22}, "geometry": {"type": "Polygon", "coordinates": [[[19.06288594007492, 47.47444322160568], [19.06288929283619, 47.474455459057545], [19.062873870134354, 47.47445772525202], [19.062870517373085, 47.474445487800686], [19.06288594007492, 47.47444322160568]]]}}, {"type": "Feature", "id": 2543, "properties": {"buildingId": 1, "floorId": 22, "roomNumber": "00-313", "roomName": "00-313 Labor", "scope": "budapest/lagymanyos/deli/00/LD-00-313-01-14", "roomCode": "LD-00-313-01-14", "roomType": "educational", "__tile": "17/72476/45847", "__layer": "rooms", "__zoom": 17, "__mvtId": 2543, "__building": "deli", "__ringVerts": 7, "id": 2543, "catalogFloorId": 22}, "geometry": {"type": "Polygon", "coordinates": [[[19.062538594007492, 47.474407868950955], [19.062549993395805, 47.474445941039676], [19.062509760260582, 47.474451379907244], [19.062506407499313, 47.47443914245442], [19.062464833259583, 47.47444503456169], [19.062456786632538, 47.474419199932626], [19.062538594007492, 47.474407868950955]]]}}, {"type": "Feature", "id": 2712, "properties": {"buildingId": 1, "floorId": 22, "roomNumber": "00-321", "roomName": "00-321 L\u00e9pcs\u0151h\u00e1z", "scope": "budapest/lagymanyos/deli/00/LD-00-321-04-64", "roomCode": "LD-00-321-04-64", "roomType": "corridor", "__tile": "17/72476/45847", "__layer": "rooms", "__zoom": 17, "__mvtId": 2712, "__building": "deli", "__ringVerts": 5, "id": 2712, "catalogFloorId": 22}, "geometry": {"type": "Polygon", "coordinates": [[[19.062889963388443, 47.47445636553535], [19.06289465725422, 47.47447222889436], [19.062877893447876, 47.47447449508812], [19.062873870134354, 47.47445863172978], [19.062889963388443, 47.47445636553535]]]}}, {"type": "Feature", "id": 2763, "properties": {"buildingId": 1, "floorId": 22, "roomNumber": "00-309", "roomName": "00-309 Elektronmikroszk\u00f3pos labor", "scope": "budapest/lagymanyos/deli/00/LD-00-309-01-14", "roomCode": "LD-00-309-01-14", "roomType": "educational", "__tile": "17/72476/45847", "__layer": "rooms", "__zoom": 17, "__mvtId": 2763, "__building": "deli", "__ringVerts": 5, "id": 2763, "catalogFloorId": 22}, "geometry": {"type": "Polygon", "coordinates": [[[19.0624138712883, 47.474425092042125], [19.062425270676613, 47.47446316411837], [19.062384366989136, 47.47446860298415], [19.062372967600822, 47.47443053091185], [19.0624138712883, 47.474425092042125]]]}}, {"type": "Feature", "id": 2891, "properties": {"buildingId": 1, "floorId": 22, "roomNumber": "00-317", "roomName": "00-317 Kronobiol\u00f3gia", "scope": "budapest/lagymanyos/deli/00/LD-00-317-01-13", "roomCode": "LD-00-317-01-13", "roomType": "educational", "__tile": "17/72476/45847", "__layer": "rooms", "__zoom": 17, "__mvtId": 2891, "__building": "deli", "__ringVerts": 5, "id": 2891, "catalogFloorId": 22}, "geometry": {"type": "Polygon", "coordinates": [[[19.062788039445877, 47.47437342275167], [19.062803462147713, 47.47442327908543], [19.06276322901249, 47.474428717955334], [19.062747806310654, 47.47437886162675], [19.062788039445877, 47.47437342275167]]]}}, {"type": "Feature", "id": 2960, "properties": {"buildingId": 1, "floorId": 22, "roomNumber": "00-314", "roomName": "00-314 Preper\u00e1l\u00f3 labor", "scope": "budapest/lagymanyos/deli/00/LD-00-314-01-13", "roomCode": "LD-00-314-01-13", "roomType": "educational", "__tile": "17/72476/45847", "__layer": "rooms", "__zoom": 17, "__mvtId": 2960, "__building": "deli", "__ringVerts": 5, "id": 2960, "catalogFloorId": 22}, "geometry": {"type": "Polygon", "coordinates": [[[19.062580168247223, 47.474401976839516], [19.06259559094906, 47.47445183314618], [19.06255468726158, 47.47445727201314], [19.062539935112, 47.47440741571163], [19.062580168247223, 47.474401976839516]]]}}, {"type": "Feature", "id": 3714, "properties": {"buildingId": 1, "floorId": 22, "roomNumber": "00-318", "roomName": "00-318 Steriliz\u00e1l\u00f3", "scope": "budapest/lagymanyos/deli/00/LD-00-318-01-14", "roomCode": "LD-00-318-01-14", "roomType": "educational", "__tile": "17/72476/45847", "__layer": "rooms", "__zoom": 17, "__mvtId": 3714, "__building": "deli", "__ringVerts": 5, "id": 3714, "catalogFloorId": 22}, "geometry": {"type": "Polygon", "coordinates": [[[19.06286783516407, 47.47436254499985], [19.062882587313652, 47.47441194810464], [19.06284637749195, 47.474417386975716], [19.062830954790115, 47.47436753063638], [19.06286783516407, 47.47436254499985]]]}}, {"type": "Feature", "id": 3482, "properties": {"buildingId": 1, "floorId": 22, "roomNumber": "00-409", "roomName": "00-409 Es\u0151ztet\u0151", "scope": "budapest/lagymanyos/deli/00/LD-00-409-01-18", "roomCode": "LD-00-409-01-18", "roomType": "educational", "__tile": "17/72476/45847", "__layer": "rooms", "__zoom": 17, "__mvtId": 3482, "__building": "deli", "__ringVerts": 7, "id": 3482, "catalogFloorId": 22}, "geometry": {"type": "Polygon", "coordinates": [[[19.062959030270576, 47.47444050217155], [19.062963724136353, 47.474455459057545], [19.062940254807472, 47.47445863172978], [19.062937572598457, 47.474448207234566], [19.062948301434517, 47.474446394278665], [19.06294696033001, 47.474442315127654], [19.062959030270576, 47.47444050217155]]]}}, {"type": "Feature", "id": 3419, "properties": {"buildingId": 1, "floorId": 22, "roomNumber": "00-315", "roomName": "00-315 Di\u00e1k j\u00f3l\u00e9ti k\u00f6z\u00f6ss\u00e9gi szoba", "scope": "budapest/lagymanyos/deli/00/LD-00-315-01-13", "roomCode": "LD-00-315-01-13", "roomType": "educational", "__tile": "17/72476/45847", "__layer": "rooms", "__zoom": 17, "__mvtId": 3419, "__building": "deli", "__ringVerts": 5, "id": 3419, "catalogFloorId": 22}, "geometry": {"type": "Polygon", "coordinates": [[[19.062704890966415, 47.47438475374077], [19.06272031366825, 47.47443415682469], [19.062679409980774, 47.474440048932514], [19.062664657831192, 47.474390645854136], [19.062704890966415, 47.47438475374077]]]}}, {"type": "Feature", "id": 3112, "properties": {"buildingId": 1, "floorId": 22, "roomNumber": "00-420", "roomName": "00-420 Folyos\u00f3", "scope": "budapest/lagymanyos/deli/00/LD-00-420-04-63", "roomCode": "LD-00-420-04-63", "roomType": "corridor", "__tile": "17/72476/45847", "__layer": "rooms", "__zoom": 17, "__mvtId": 3112, "__building": "deli", "__ringVerts": 19, "id": 3112, "catalogFloorId": 22}, "geometry": {"type": "Polygon", "coordinates": [[[19.062963724136353, 47.47450304912104], [19.06296707689762, 47.474513473605384], [19.062955677509308, 47.47451483332058], [19.062961041927338, 47.47453250961494], [19.06297244131565, 47.4745311499002], [19.06297579407692, 47.474541574378975], [19.062964394688606, 47.47454293409344], [19.062965735793114, 47.47454837295097], [19.062933549284935, 47.47454837295097], [19.062933549284935, 47.474547466474746], [19.06292550265789, 47.47454837295097], [19.062921479344368, 47.47454837295097], [19.062919467687607, 47.47453840171173], [19.062930196523666, 47.47453704199715], [19.062924832105637, 47.474519365704325], [19.062914103269577, 47.47452072541937], [19.06291075050831, 47.47451030093646], [19.062952995300293, 47.4745044088365], [19.062963724136353, 47.47450304912104]]]}}, {"type": "Feature", "id": 3769, "properties": {"buildingId": 1, "floorId": 22, "roomNumber": "00-304", "roomName": "00-304 Konfok\u00e1lismikroszk\u00f3p laborat\u00f3rium", "scope": "budapest/lagymanyos/deli/00/LD-00-304-01-14", "roomCode": "LD-00-304-01-14", "roomType": "educational", "__tile": "17/72476/45847", "__layer": "rooms", "__zoom": 17, "__mvtId": 3769, "__building": "deli", "__ringVerts": 5, "id": 3769, "catalogFloorId": 22}, "geometry": {"type": "Polygon", "coordinates": [[[19.062335416674614, 47.47443551654194], [19.06234547495842, 47.47446996270051], [19.06230054795742, 47.474476308043045], [19.062290489673615, 47.47444186188863], [19.062335416674614, 47.47443551654194]]]}}, {"type": "Feature", "id": 2607, "properties": {"buildingId": 1, "floorId": 22, "roomNumber": "00-215", "roomName": "00-215 S\u00f6t\u00e9tszoba", "scope": "budapest/lagymanyos/deli/00/LD-00-215-01-14", "roomCode": "LD-00-215-01-14", "roomType": "educational", "__tile": "17/72476/45847", "__layer": "rooms", "__zoom": 17, "__mvtId": 2607, "__building": "deli", "__ringVerts": 5, "id": 2607, "catalogFloorId": 22}, "geometry": {"type": "Polygon", "coordinates": [[[19.062230810523033, 47.47450712826734], [19.062238857150078, 47.47453386932964], [19.06219258904457, 47.47454066790264], [19.062183871865273, 47.474513473605384], [19.062230810523033, 47.47450712826734]]]}}, {"type": "Feature", "id": 2787, "properties": {"buildingId": 1, "floorId": 22, "roomNumber": "00-801", "roomName": "00-801 K\u00f6zleked\u0151", "scope": "budapest/lagymanyos/deli/00/LD-00-801-04-63", "roomCode": "LD-00-801-04-63", "roomType": "corridor", "__tile": "17/72476/45847", "__layer": "rooms", "__zoom": 17, "__mvtId": 2787, "__building": "deli", "__ringVerts": 11, "id": 2787, "catalogFloorId": 22}, "geometry": {"type": "Polygon", "coordinates": [[[19.062136933207512, 47.47440378979695], [19.06217984855175, 47.47454837295097], [19.062149673700333, 47.47454837295097], [19.062136262655258, 47.47450350235953], [19.06209334731102, 47.47450939445958], [19.06208597123623, 47.474484466339476], [19.062128886580467, 47.47447857423663], [19.062110781669617, 47.474419199932626], [19.06206786632538, 47.474425092042125], [19.06206451356411, 47.474414214300985], [19.062136933207512, 47.47440378979695]]]}}, {"type": "Feature", "id": 2295, "properties": {"buildingId": 1, "floorId": 22, "roomNumber": "00-302", "roomName": "00-302 Elektronmikroszk\u00f3pos laboregy\u00fcttes", "scope": "budapest/lagymanyos/deli/00/LD-00-302-01-13", "roomCode": "LD-00-302-01-13", "roomType": "educational", "__tile": "17/72476/45847", "__layer": "rooms", "__zoom": 17, "__mvtId": 2295, "__building": "deli", "__ringVerts": 7, "id": 2295, "catalogFloorId": 22}, "geometry": {"type": "Polygon", "coordinates": [[[19.062346145510674, 47.47447086917807], [19.06235083937645, 47.47448627929406], [19.062340781092644, 47.474487639009965], [19.06234212219715, 47.47449126491886], [19.062267020344734, 47.474501236167036], [19.062261655926704, 47.47448265338482], [19.062346145510674, 47.47447086917807]]]}}, {"type": "Feature", "id": 2571, "properties": {"buildingId": 1, "floorId": 22, "roomNumber": "00-329", "roomName": "00-329 El\u0151t\u00e9r", "scope": "budapest/lagymanyos/deli/00/LD-00-329-04-63", "roomCode": "LD-00-329-04-63", "roomType": "corridor", "__tile": "17/72476/45847", "__layer": "rooms", "__zoom": 17, "__mvtId": 2571, "__building": "deli", "__ringVerts": 5, "id": 2571, "catalogFloorId": 22}, "geometry": {"type": "Polygon", "coordinates": [[[19.06242325901985, 47.47450667502888], [19.062427282333374, 47.47452027218102], [19.062411189079285, 47.474522538372696], [19.062407165765762, 47.474508941221146], [19.06242325901985, 47.47450667502888]]]}}, {"type": "Feature", "id": 2789, "properties": {"buildingId": 1, "floorId": 22, "roomNumber": "00-213", "roomName": "00-213 El\u0151t\u00e9r", "scope": "budapest/lagymanyos/deli/00/LD-00-213-04-63", "roomCode": "LD-00-213-04-63", "roomType": "corridor", "__tile": "17/72476/45847", "__layer": "rooms", "__zoom": 17, "__mvtId": 2789, "__building": "deli", "__ringVerts": 13, "id": 2789, "catalogFloorId": 22}, "geometry": {"type": "Polygon", "coordinates": [[[19.062315970659256, 47.47449534406607], [19.0623240172863, 47.474522991611025], [19.062275737524033, 47.474529336947164], [19.062274396419525, 47.47452661751748], [19.06226970255375, 47.47452707075577], [19.062270373106003, 47.47452979018542], [19.062240198254585, 47.47453386932964], [19.06223215162754, 47.47450712826734], [19.062262326478958, 47.47450304912104], [19.062262997031212, 47.474506221790406], [19.06226836144924, 47.474505315313465], [19.062267690896988, 47.47450214264405], [19.062315970659256, 47.47449534406607]]]}}, {"type": "Feature", "id": 3733, "properties": {"buildingId": 1, "floorId": 22, "roomNumber": "00-309/A", "roomName": "00-309/A Elektronmikroszk\u00f3pos laboregy\u00fcttes", "scope": "budapest/lagymanyos/deli/00/LD-00-309-A-01-14", "roomCode": "LD-00-309/A-01-14", "roomType": "educational", "__tile": "17/72476/45847", "__layer": "rooms", "__zoom": 17, "__mvtId": 3733, "__building": "deli", "__ringVerts": 5, "id": 3733, "catalogFloorId": 22}, "geometry": {"type": "Polygon", "coordinates": [[[19.062425941228867, 47.47446407059604], [19.06242862343788, 47.47447449508812], [19.062387719750404, 47.47448038719142], [19.06238503754139, 47.47446950946173], [19.062425941228867, 47.47446407059604]]]}}, {"type": "Feature", "id": 3725, "properties": {"buildingId": 1, "floorId": 22, "roomNumber": "00-305", "roomName": "00-305 Elektronmikroszk\u00f3pos laboregy\u00fcttes", "scope": "budapest/lagymanyos/deli/00/LD-00-305-01-14", "roomCode": "LD-00-305-01-14", "roomType": "educational", "__tile": "17/72476/45847", "__layer": "rooms", "__zoom": 17, "__mvtId": 3725, "__building": "deli", "__ringVerts": 5, "id": 3725, "catalogFloorId": 22}, "geometry": {"type": "Polygon", "coordinates": [[[19.062289148569107, 47.47444186188863], [19.062299206852913, 47.474476308043045], [19.06226098537445, 47.474481746907465], [19.062250927090645, 47.47444730075662], [19.062289148569107, 47.47444186188863]]]}}, {"type": "Feature", "id": 2742, "properties": {"buildingId": 1, "floorId": 22, "roomNumber": "00-429", "roomName": "00-429 El\u0151t\u00e9r", "scope": "budapest/lagymanyos/deli/00/LD-00-429-04-63", "roomCode": "LD-00-429-04-63", "roomType": "corridor", "__tile": "17/72476/45847", "__layer": "rooms", "__zoom": 17, "__mvtId": 2742, "__building": "deli", "__ringVerts": 5, "id": 2742, "catalogFloorId": 22}, "geometry": {"type": "Polygon", "coordinates": [[[19.06291477382183, 47.474488998725825], [19.0629181265831, 47.47450032969], [19.062869176268578, 47.47450667502888], [19.06286582350731, 47.47449579730463], [19.06291477382183, 47.474488998725825]]]}}, {"type": "Feature", "id": 2932, "properties": {"buildingId": 1, "floorId": 22, "roomNumber": "00-217", "roomName": "00-217 K\u00f6zleked\u0151 ", "scope": "budapest/lagymanyos/deli/00/LD-00-217-04-63", "roomCode": "LD-00-217-04-63", "roomType": "corridor", "__tile": "17/72476/45847", "__layer": "rooms", "__zoom": 17, "__mvtId": 2932, "__building": "deli", "__ringVerts": 55, "id": 2932, "catalogFloorId": 22}, "geometry": {"type": "Polygon", "coordinates": [[[19.06258352100849, 47.47445409934081], [19.062585532665253, 47.474461804401834], [19.062605649232864, 47.474459084968665], [19.0626123547554, 47.47447993395273], [19.062591567635536, 47.47448265338482], [19.06259424984455, 47.47449035844166], [19.06257815659046, 47.474492624634635], [19.0625761449337, 47.474484919578124], [19.062549993395805, 47.474488545487205], [19.06255267560482, 47.47449579730463], [19.06253658235073, 47.47449806349737], [19.06253457069397, 47.474490811680255], [19.062508419156075, 47.47449443758894], [19.06251110136509, 47.474501689405535], [19.062495008111, 47.474503955598024], [19.06249299645424, 47.474496250543176], [19.062421917915344, 47.474503955598024], [19.062422588467598, 47.47450576855194], [19.062391743063927, 47.47451030093646], [19.06240314245224, 47.47454837295097], [19.062370285391808, 47.47454837295097], [19.062367603182793, 47.47453749523535], [19.06235620379448, 47.47453885494993], [19.06235285103321, 47.47452843047062], [19.062364250421524, 47.47452707075577], [19.062358886003494, 47.47450939445958], [19.062346816062927, 47.474511207413315], [19.06234882771969, 47.474519365704325], [19.062325358390808, 47.474522538372696], [19.062317311763763, 47.47449534406607], [19.062340781092644, 47.47449217139604], [19.062341451644897, 47.47449534406607], [19.062354192137718, 47.47449353111179], [19.062352180480957, 47.47448582605542], [19.062374979257584, 47.47448265338482], [19.0623776614666, 47.47449035844166], [19.062403813004494, 47.474486732532704], [19.06240113079548, 47.47447948071403], [19.062416553497314, 47.47447721452049], [19.06241923570633, 47.474484466339476], [19.062445387244225, 47.47448129366879], [19.06244270503521, 47.47447358861063], [19.062458127737045, 47.47447132241684], [19.06246080994606, 47.47447902747533], [19.062486961483955, 47.47447540156559], [19.06248427927494, 47.474467696506565], [19.062499701976776, 47.47446588355133], [19.06250238418579, 47.47447313537187], [19.062528535723686, 47.47446950946173], [19.06252585351467, 47.47446225764068], [19.062541276216507, 47.47445999144641], [19.062543958425522, 47.474467696506565], [19.062570109963417, 47.47446407059604], [19.062567427754402, 47.47445636553535], [19.06258352100849, 47.47445409934081]]]}}, {"type": "Feature", "id": 3039, "properties": {"buildingId": 1, "floorId": 22, "roomNumber": "00-310", "roomName": "00-310 Elektronmikroszk\u00f3pos laboregy\u00fcttes", "scope": "budapest/lagymanyos/deli/00/LD-00-310-01-13", "roomCode": "LD-00-310-01-13", "roomType": "educational", "__tile": "17/72476/45847", "__layer": "rooms", "__zoom": 17, "__mvtId": 3039, "__building": "deli", "__ringVerts": 5, "id": 3039, "catalogFloorId": 22}, "geometry": {"type": "Polygon", "coordinates": [[[19.06245544552803, 47.474419199932626], [19.062470197677612, 47.47446860298415], [19.06242996454239, 47.47447449508812], [19.062415212392807, 47.47442463880296], [19.06245544552803, 47.474419199932626]]]}}, {"type": "Feature", "id": 3361, "properties": {"buildingId": 1, "floorId": 22, "roomNumber": "00-311", "roomName": "00-311 Mikrobiol\u00f3giai Elektronmikroszk\u00f3p laborat\u00f3rium", "scope": "budapest/lagymanyos/deli/00/LD-00-311-01-13", "roomCode": "LD-00-311-01-13", "roomType": "educational", "__tile": "17/72476/45847", "__layer": "rooms", "__zoom": 17, "__mvtId": 3361, "__building": "deli", "__ringVerts": 5, "id": 3361, "catalogFloorId": 22}, "geometry": {"type": "Polygon", "coordinates": [[[19.06255066394806, 47.47444684751765], [19.062554016709328, 47.47445727201314], [19.06251311302185, 47.47446271087953], [19.062510430812836, 47.474452286385116], [19.06255066394806, 47.47444684751765]]]}}, {"type": "Feature", "id": 3441, "properties": {"buildingId": 1, "floorId": 22, "roomNumber": "00-317/A", "roomName": "00-317/A EEG labor", "scope": "budapest/lagymanyos/deli/00/LD-00-317-A-01-13", "roomCode": "LD-00-317/A-01-13", "roomType": "educational", "__tile": "17/72476/45847", "__layer": "rooms", "__zoom": 17, "__mvtId": 3441, "__building": "deli", "__ringVerts": 5, "id": 3441, "catalogFloorId": 22}, "geometry": {"type": "Polygon", "coordinates": [[[19.062829613685608, 47.47436753063638], [19.062845036387444, 47.474417386975716], [19.06280480325222, 47.47442282584623], [19.062789380550385, 47.47437342275167], [19.062829613685608, 47.47436753063638]]]}}, {"type": "Feature", "id": 3551, "properties": {"buildingId": 1, "floorId": 22, "roomNumber": "00-419", "roomName": "00-419 K\u00f6zleked\u0151", "scope": "budapest/lagymanyos/deli/00/LD-00-419-04-63", "roomCode": "LD-00-419-04-63", "roomType": "corridor", "__tile": "17/72476/45847", "__layer": "rooms", "__zoom": 17, "__mvtId": 3551, "__building": "deli", "__ringVerts": 52, "id": 3551, "catalogFloorId": 22}, "geometry": {"type": "Polygon", "coordinates": [[[19.06292349100113, 47.47440741571163], [19.062926173210144, 47.474415120779504], [19.062936902046204, 47.47441330782246], [19.06294360756874, 47.47443415682469], [19.062932208180428, 47.47443596978101], [19.06293623149395, 47.474448207234566], [19.062944278120995, 47.474476308043045], [19.062955677509308, 47.47447494832685], [19.062959030270576, 47.47448537281678], [19.062947630882263, 47.474486732532704], [19.06295232474804, 47.47450350235953], [19.062921479344368, 47.474508034744254], [19.062901362776756, 47.474440048932514], [19.062809497117996, 47.47445047342936], [19.06281016767025, 47.47445273962404], [19.06279943883419, 47.47445409934081], [19.062802121043205, 47.474461804401834], [19.06278669834137, 47.47446361735721], [19.062784016132355, 47.47445636553535], [19.06275786459446, 47.47445999144641], [19.062760546803474, 47.47446724326776], [19.06274512410164, 47.47446950946173], [19.062742441892624, 47.474461804401834], [19.06271629035473, 47.47446543031252], [19.062718972563744, 47.47447313537187], [19.062702879309654, 47.47447540156559], [19.062700867652893, 47.474467696506565], [19.06268075108528, 47.47447041593929], [19.062674716114998, 47.47444956695145], [19.06269483268261, 47.47444684751765], [19.062692150473595, 47.47443914245442], [19.062708243727684, 47.47443687625915], [19.062710255384445, 47.4744445813227], [19.06273640692234, 47.47444095541058], [19.062733724713326, 47.47443370358559], [19.062749817967415, 47.47443143739008], [19.062751829624176, 47.47443914245442], [19.06277798116207, 47.47443551654194], [19.062775298953056, 47.47442781147706], [19.062791392207146, 47.47442554528129], [19.062793403863907, 47.4744332503465], [19.062819555401802, 47.4744296244336], [19.06281754374504, 47.474421919367856], [19.062832966446877, 47.47442010641105], [19.062834978103638, 47.47442735823791], [19.062861129641533, 47.4744237323246], [19.062858447432518, 47.47441648049725], [19.062874540686607, 47.474414214300985], [19.06287655234337, 47.474421919367856], [19.062902703881264, 47.47441829345418], [19.062900692224503, 47.474410588386775], [19.06292349100113, 47.47440741571163]]]}}, {"type": "Feature", "id": 2546, "properties": {"buildingId": 1, "floorId": 22, "roomNumber": "00-432", "roomName": "00-432 WC", "scope": "budapest/lagymanyos/deli/00/LD-00-432-05-71", "roomCode": "LD-00-432-05-71", "roomType": "social", "__tile": "17/72476/45847", "__layer": "rooms", "__zoom": 17, "__mvtId": 2546, "__building": "deli", "__ringVerts": 5, "id": 2546, "catalogFloorId": 22}, "geometry": {"type": "Polygon", "coordinates": [[[19.062908738851547, 47.47447222889436], [19.062913432717323, 47.474488545487205], [19.062903374433517, 47.47448990520305], [19.062898010015488, 47.47447358861063], [19.062908738851547, 47.47447222889436]]]}}, {"type": "Feature", "id": 3221, "properties": {"buildingId": 1, "floorId": 22, "roomNumber": "00-431", "roomName": "00-431 WC", "scope": "budapest/lagymanyos/deli/00/LD-00-431-05-71", "roomCode": "LD-00-431-05-71", "roomType": "social", "__tile": "17/72476/45847", "__layer": "rooms", "__zoom": 17, "__mvtId": 3221, "__building": "deli", "__ringVerts": 5, "id": 3221, "catalogFloorId": 22}, "geometry": {"type": "Polygon", "coordinates": [[[19.062897339463234, 47.47447358861063], [19.06290203332901, 47.47448990520305], [19.06289130449295, 47.47449126491886], [19.062886610627174, 47.47447540156559], [19.062897339463234, 47.47447358861063]]]}}, {"type": "Feature", "id": 3861, "properties": {"buildingId": 1, "floorId": 22, "roomNumber": "00-410", "roomName": "00-410 (PC1)", "scope": "budapest/lagymanyos/deli/00/LD-00-410-01-14", "roomCode": "LD-00-410-01-14", "roomType": "educational", "__tile": "17/72476/45847", "__layer": "rooms", "__zoom": 17, "__mvtId": 3861, "__building": "deli", "__ringVerts": 6, "id": 3861, "catalogFloorId": 22}, "geometry": {"type": "Polygon", "coordinates": [[[19.063036143779755, 47.474484466339476], [19.063052907586098, 47.474539761426286], [19.062989205121994, 47.47454837295097], [19.062978476285934, 47.47454837295097], [19.062962383031845, 47.47449443758894], [19.063036143779755, 47.474484466339476]]]}}, {"type": "Feature", "id": 3031, "properties": {"buildingId": 1, "floorId": 22, "roomNumber": "00-301", "roomName": "00-301 Elektronmikroszk\u00f3pos laboregy\u00fcttes", "scope": "budapest/lagymanyos/deli/00/LD-00-301-01-14", "roomCode": "LD-00-301-01-14", "roomType": "educational", "__tile": "17/72476/45847", "__layer": "rooms", "__zoom": 17, "__mvtId": 3031, "__building": "deli", "__ringVerts": 5, "id": 3031, "catalogFloorId": 22}, "geometry": {"type": "Polygon", "coordinates": [[[19.062371626496315, 47.47443053091185], [19.062386378645897, 47.47448038719142], [19.062351509928703, 47.47448537281678], [19.06233675777912, 47.47443551654194], [19.062371626496315, 47.47443053091185]]]}}, {"type": "Feature", "id": 3827, "properties": {"buildingId": 1, "floorId": 22, "roomNumber": "00-830", "roomName": "00-830 El\u0151t\u00e9r          ", "scope": "budapest/lagymanyos/deli/00/LD-00-830-04-63", "roomCode": "LD-00-830-04-63", "roomType": "corridor", "__tile": "17/72476/45847", "__layer": "rooms", "__zoom": 17, "__mvtId": 3827, "__building": "deli", "__ringVerts": 15, "id": 3827, "catalogFloorId": 22}, "geometry": {"type": "Polygon", "coordinates": [[[19.061822444200516, 47.4744296244336], [19.061839878559113, 47.47443007767273], [19.06184859573841, 47.47443551654194], [19.061852619051933, 47.474443674844686], [19.06187005341053, 47.47444095541058], [19.0618734061718, 47.47445183314618], [19.061858654022217, 47.4744536461019], [19.061876088380814, 47.474513473605384], [19.061892852187157, 47.474511207413315], [19.061896204948425, 47.47452163189604], [19.06181775033474, 47.47453250961494], [19.061826467514038, 47.47445772525202], [19.061805680394173, 47.47445727201314], [19.061809703707695, 47.47443687625915], [19.061822444200516, 47.4744296244336]]]}}, {"type": "Feature", "id": 3308, "properties": {"buildingId": 1, "floorId": 22, "roomNumber": "00-803", "roomName": "00-803 Programoz\u00e1si Nyelvi labor", "scope": "budapest/lagymanyos/deli/00/LD-00-803-01-14", "roomCode": "LD-00-803-01-14", "roomType": "educational", "__tile": "17/72476/45847", "__layer": "rooms", "__zoom": 17, "__mvtId": 3308, "__building": "deli", "__ringVerts": 5, "id": 3308, "catalogFloorId": 22}, "geometry": {"type": "Polygon", "coordinates": [[[19.062063172459602, 47.474413761061726], [19.06208798289299, 47.47449534406607], [19.061898216605186, 47.47452163189604], [19.0618734061718, 47.474439595693475], [19.062063172459602, 47.474413761061726]]]}}, {"type": "Feature", "id": 2915, "properties": {"buildingId": 1, "floorId": 22, "roomNumber": "00-428", "roomName": "00-428 \u00dczemeltet\u0151i iroda", "scope": "budapest/lagymanyos/deli/00/LD-00-428-02-33", "roomCode": "LD-00-428-02-33", "roomType": "administrative", "__tile": "17/72476/45847", "__layer": "rooms", "__zoom": 17, "__mvtId": 2915, "__building": "deli", "__ringVerts": 9, "id": 2915, "catalogFloorId": 22}, "geometry": {"type": "Polygon", "coordinates": [[[19.06290739774704, 47.47450350235953], [19.06291477382183, 47.474529336947164], [19.062841683626175, 47.47453930818811], [19.062840342521667, 47.47453432256787], [19.062836319208145, 47.4745347758061], [19.06283162534237, 47.47452072541937], [19.06283564865589, 47.47452027218102], [19.062839671969414, 47.47451256712857], [19.06290739774704, 47.47450350235953]]]}}, {"type": "Feature", "id": 2215, "properties": {"buildingId": 1, "floorId": 22, "roomNumber": "00-324", "roomName": "00-324 Termoszt\u00e1t labor", "scope": "budapest/lagymanyos/deli/00/LD-00-324-01-14", "roomCode": "LD-00-324-01-14", "roomType": "educational", "__tile": "17/72476/45847", "__layer": "rooms", "__zoom": 17, "__mvtId": 2215, "__building": "deli", "__ringVerts": 9, "id": 2215, "catalogFloorId": 22}, "geometry": {"type": "Polygon", "coordinates": [[[19.06261570751667, 47.47448809224859], [19.062630459666252, 47.47453794847354], [19.06261369585991, 47.474540214664465], [19.062614366412163, 47.47454293409344], [19.062589555978775, 47.47454610676041], [19.06258888542652, 47.47454338733159], [19.06258150935173, 47.47454474704601], [19.062566086649895, 47.47449489082751], [19.06261570751667, 47.47448809224859]]]}}, {"type": "Feature", "id": 3637, "properties": {"buildingId": 1, "floorId": 22, "roomNumber": "00-502", "roomName": "00-502 Post\u00e1z\u00f3", "scope": "budapest/lagymanyos/deli/00/LD-00-502-02-33", "roomCode": "LD-00-502-02-33", "roomType": "administrative", "__tile": "17/72476/45848", "__layer": "rooms", "__zoom": 17, "__mvtId": 3637, "__building": "deli", "__ringVerts": 5, "id": 3637, "catalogFloorId": 22}, "geometry": {"type": "Polygon", "coordinates": [[[19.063129350543022, 47.47108053379982], [19.063137397170067, 47.471107729873594], [19.06306430697441, 47.471117701763774], [19.063055589795113, 47.471090505695166], [19.063129350543022, 47.47108053379982]]]}}, {"type": "Feature", "id": 2829, "properties": {"buildingId": 1, "floorId": 22, "roomNumber": "00-505", "roomName": "00-505 L\u00e9zeres szemcseelemz\u0151 labor", "scope": "budapest/lagymanyos/deli/00/LD-00-505-01-14", "roomCode": "LD-00-505-01-14", "roomType": "educational", "__tile": "17/72476/45848", "__layer": "rooms", "__zoom": 17, "__mvtId": 2829, "__building": "deli", "__ringVerts": 5, "id": 2829, "catalogFloorId": 22}, "geometry": {"type": "Polygon", "coordinates": [[[19.06316287815571, 47.47119294414692], [19.063171595335007, 47.47122014016252], [19.063097834587097, 47.47123056529811], [19.063089787960052, 47.47120291602095], [19.06316287815571, 47.47119294414692]]]}}, {"type": "Feature", "id": 2922, "properties": {"buildingId": 1, "floorId": 22, "roomNumber": "00-526", "roomName": "00-526 K\u0151zettani labor", "scope": "budapest/lagymanyos/deli/00/LD-00-526-01-14", "roomCode": "LD-00-526-01-14", "roomType": "educational", "__tile": "17/72476/45848", "__layer": "rooms", "__zoom": 17, "__mvtId": 2922, "__building": "deli", "__ringVerts": 5, "id": 2922, "catalogFloorId": 22}, "geometry": {"type": "Polygon", "coordinates": [[[19.06305894255638, 47.47129492913285], [19.063075706362724, 47.471350680841496], [19.06300261616707, 47.47136065268559], [19.062985852360725, 47.4713053542536], [19.06305894255638, 47.47129492913285]]]}}, {"type": "Feature", "id": 2316, "properties": {"buildingId": 1, "floorId": 22, "roomNumber": "00-412", "roomName": "00-412 (PC6)", "scope": "budapest/lagymanyos/deli/00/LD-00-412-01-14", "roomCode": "LD-00-412-01-14", "roomType": "educational", "__tile": "17/72476/45848", "__layer": "rooms", "__zoom": 17, "__mvtId": 2316, "__building": "deli", "__ringVerts": 5, "id": 2316, "catalogFloorId": 22}, "geometry": {"type": "Polygon", "coordinates": [[[19.063070341944695, 47.47088381511383], [19.063086435198784, 47.47093911398937], [19.063013345003128, 47.47094908591154], [19.062996581196785, 47.470893787046506], [19.063070341944695, 47.47088381511383]]]}}, {"type": "Feature", "id": 2589, "properties": {"buildingId": 1, "floorId": 22, "roomNumber": "00-506", "roomName": "00-506 Litoszf\u00e9ra fluidum kutat\u00f3 labor", "scope": "budapest/lagymanyos/deli/00/LD-00-506-01-14", "roomCode": "LD-00-506-01-14", "roomType": "educational", "__tile": "17/72476/45848", "__layer": "rooms", "__zoom": 17, "__mvtId": 2589, "__building": "deli", "__ringVerts": 5, "id": 2589, "catalogFloorId": 22}, "geometry": {"type": "Polygon", "coordinates": [[[19.063171595335007, 47.47122104669613], [19.06317964196205, 47.47124824269719], [19.063106551766396, 47.4712586678272], [19.063097834587097, 47.47123101856482], [19.063171595335007, 47.47122104669613]]]}}, {"type": "Feature", "id": 2627, "properties": {"buildingId": 1, "floorId": 22, "roomNumber": "00-601/A", "roomName": "00-601/A K\u0151zettani termikus labor", "scope": "budapest/lagymanyos/deli/00/LD-00-601-A-01-14", "roomCode": "LD-00-601/A-01-14", "roomType": "educational", "__tile": "17/72476/45848", "__layer": "rooms", "__zoom": 17, "__mvtId": 2627, "__building": "deli", "__ringVerts": 5, "id": 2627, "catalogFloorId": 22}, "geometry": {"type": "Polygon", "coordinates": [[[19.063118621706963, 47.47146716999305], [19.0631253272295, 47.471490286486585], [19.06308375298977, 47.47149572566006], [19.063077718019485, 47.47147578202124], [19.063118621706963, 47.47146716999305]]]}}, {"type": "Feature", "id": 2526, "properties": {"buildingId": 1, "floorId": 22, "roomNumber": "00-525", "roomName": "00-525 PhD szoba", "scope": "budapest/lagymanyos/deli/00/LD-00-525-01-13", "roomCode": "LD-00-525-01-13", "roomType": "educational", "__tile": "17/72476/45848", "__layer": "rooms", "__zoom": 17, "__mvtId": 2526, "__building": "deli", "__ringVerts": 5, "id": 2526, "catalogFloorId": 22}, "geometry": {"type": "Polygon", "coordinates": [[[19.063076376914978, 47.47135158737285], [19.063084423542023, 47.471378783306356], [19.063010662794113, 47.47138875514512], [19.06300261616707, 47.471361559216774], [19.063076376914978, 47.47135158737285]]]}}, {"type": "Feature", "id": 2905, "properties": {"buildingId": 1, "floorId": 22, "roomNumber": "00-509", "roomName": "00-509 K\u00f6rnyezetgeok\u00e9miai labor", "scope": "budapest/lagymanyos/deli/00/LD-00-509-01-14", "roomCode": "LD-00-509-01-14", "roomType": "educational", "__tile": "17/72476/45848", "__layer": "rooms", "__zoom": 17, "__mvtId": 2905, "__building": "deli", "__ringVerts": 5, "id": 2905, "catalogFloorId": 22}, "geometry": {"type": "Polygon", "coordinates": [[[19.063197076320648, 47.4713053542536], [19.06321384012699, 47.47136065268559], [19.06314007937908, 47.471371077793286], [19.06312331557274, 47.471315779372276], [19.063197076320648, 47.4713053542536]]]}}, {"type": "Feature", "id": 3033, "properties": {"buildingId": 1, "floorId": 22, "roomNumber": "00-508", "roomName": "00-508 Kutat\u00f3 szoba", "scope": "budapest/lagymanyos/deli/00/LD-00-508-01-14", "roomCode": "LD-00-508-01-14", "roomType": "educational", "__tile": "17/72476/45848", "__layer": "rooms", "__zoom": 17, "__mvtId": 3033, "__building": "deli", "__ringVerts": 5, "id": 3033, "catalogFloorId": 22}, "geometry": {"type": "Polygon", "coordinates": [[[19.06318835914135, 47.47127725174947], [19.063196405768394, 47.471304447721444], [19.06312331557274, 47.4713148728403], [19.063115268945694, 47.47128767687373], [19.06318835914135, 47.47127725174947]]]}}, {"type": "Feature", "id": 3243, "properties": {"buildingId": 1, "floorId": 22, "roomNumber": "00-628", "roomName": "00-628 El\u0151t\u00e9r", "scope": "budapest/lagymanyos/deli/00/LD-00-628-04-63", "roomCode": "LD-00-628-04-63", "roomType": "corridor", "__tile": "17/72476/45848", "__layer": "rooms", "__zoom": 17, "__mvtId": 3243, "__building": "deli", "__ringVerts": 5, "id": 3243, "catalogFloorId": 22}, "geometry": {"type": "Polygon", "coordinates": [[[19.063095152378082, 47.47142592289109], [19.063099175691605, 47.471438161045604], [19.063083082437515, 47.4714404273702], [19.063079729676247, 47.47142818921622], [19.063095152378082, 47.47142592289109]]]}}, {"type": "Feature", "id": 3743, "properties": {"buildingId": 1, "floorId": 22, "roomNumber": "00-504", "roomName": "00-504 Geok\u00e9miai szemin\u00e1rium (z\u00e1rt terem)", "scope": "budapest/lagymanyos/deli/00/LD-00-504-01-12", "roomCode": "LD-00-504-01-12", "roomType": "educational", "__tile": "17/72476/45848", "__layer": "rooms", "__zoom": 17, "__mvtId": 3743, "__building": "deli", "__ringVerts": 6, "id": 3743, "catalogFloorId": 22}, "geometry": {"type": "Polygon", "coordinates": [[[19.063146114349365, 47.47113673900343], [19.06316287815571, 47.47119203761283], [19.0630891174078, 47.471202462753986], [19.063081070780754, 47.47117390692763], [19.063072353601456, 47.47114671088811], [19.063146114349365, 47.47113673900343]]]}}, {"type": "Feature", "id": 3466, "properties": {"buildingId": 1, "floorId": 22, "roomNumber": "00-519", "roomName": "00-519 El\u0151t\u00e9r", "scope": "budapest/lagymanyos/deli/00/LD-00-519-04-63", "roomCode": "LD-00-519-04-63", "roomType": "corridor", "__tile": "17/72476/45848", "__layer": "rooms", "__zoom": 17, "__mvtId": 3466, "__building": "deli", "__ringVerts": 5, "id": 3466, "catalogFloorId": 22}, "geometry": {"type": "Polygon", "coordinates": [[[19.063095822930336, 47.47137742351002], [19.06309850513935, 47.47138875514512], [19.063050225377083, 47.4713951008597], [19.063046872615814, 47.47138422249137], [19.063095822930336, 47.47137742351002]]]}}, {"type": "Feature", "id": 2929, "properties": {"buildingId": 1, "floorId": 22, "roomNumber": "00-702", "roomName": "00-702 WC", "scope": "budapest/lagymanyos/deli/00/LD-00-702-05-71", "roomCode": "LD-00-702-05-71", "roomType": "social", "__tile": "17/72476/45848", "__layer": "rooms", "__zoom": 17, "__mvtId": 2929, "__building": "deli", "__ringVerts": 5, "id": 2929, "catalogFloorId": 22}, "geometry": {"type": "Polygon", "coordinates": [[[19.062615036964417, 47.47145583837486], [19.062619730830193, 47.47147215590428], [19.062609672546387, 47.471473515698165], [19.062604308128357, 47.471457198169176], [19.062615036964417, 47.47145583837486]]]}}, {"type": "Feature", "id": 3473, "properties": {"buildingId": 1, "floorId": 22, "roomNumber": "00-620", "roomName": "00-620 \u00c1sv\u00e1nyhat\u00e1roz\u00f3 labor", "scope": "budapest/lagymanyos/deli/00/LD-00-620-01-14", "roomCode": "LD-00-620-01-14", "roomType": "educational", "__tile": "17/72476/45848", "__layer": "rooms", "__zoom": 17, "__mvtId": 3473, "__building": "deli", "__ringVerts": 6, "id": 3473, "catalogFloorId": 22}, "geometry": {"type": "Polygon", "coordinates": [[[19.062758535146713, 47.471425469626055], [19.06277395784855, 47.47147532875664], [19.062693491578102, 47.47148620710612], [19.062680080533028, 47.4714404273702], [19.062684774398804, 47.471435894720905], [19.062758535146713, 47.471425469626055]]]}}, {"type": "Feature", "id": 2263, "properties": {"buildingId": 1, "floorId": 22, "roomNumber": "00-706", "roomName": "00-706 Kezd\u0151 Gyakorl\u00f3 Gy\u0171jtem\u00e9ny", "scope": "budapest/lagymanyos/deli/00/LD-00-706-01-13", "roomCode": "LD-00-706-01-13", "roomType": "educational", "__tile": "17/72476/45848", "__layer": "rooms", "__zoom": 17, "__mvtId": 2263, "__building": "deli", "__ringVerts": 5, "id": 2263, "catalogFloorId": 22}, "geometry": {"type": "Polygon", "coordinates": [[[19.06263917684555, 47.471323484893446], [19.062655940651894, 47.471378783306356], [19.062582850456238, 47.47138920841047], [19.062566086649895, 47.471333910008525], [19.06263917684555, 47.471323484893446]]]}}, {"type": "Feature", "id": 2934, "properties": {"buildingId": 1, "floorId": 22, "roomNumber": "00-710", "roomName": "00-710 WC", "scope": "budapest/lagymanyos/deli/00/LD-00-710-05-71", "roomCode": "LD-00-710-05-71", "roomType": "social", "__tile": "17/72476/45848", "__layer": "rooms", "__zoom": 17, "__mvtId": 2934, "__building": "deli", "__ringVerts": 5, "id": 2934, "catalogFloorId": 22}, "geometry": {"type": "Polygon", "coordinates": [[[19.062545970082283, 47.47122059342933], [19.062552005052567, 47.47123917736507], [19.062541276216507, 47.47124053716499], [19.062535911798477, 47.47122195322973], [19.062545970082283, 47.47122059342933]]]}}, {"type": "Feature", "id": 3084, "properties": {"buildingId": 1, "floorId": 22, "roomNumber": "00-711", "roomName": "00-711 El\u0151t\u00e9r", "scope": "budapest/lagymanyos/deli/00/LD-00-711-04-63", "roomCode": "LD-00-711-04-63", "roomType": "corridor", "__tile": "17/72476/45848", "__layer": "rooms", "__zoom": 17, "__mvtId": 3084, "__building": "deli", "__ringVerts": 5, "id": 3084, "catalogFloorId": 22}, "geometry": {"type": "Polygon", "coordinates": [[[19.062562063336372, 47.47121832709525], [19.062566086649895, 47.47123101856482], [19.06255066394806, 47.47123147183154], [19.06254731118679, 47.471219686895715], [19.062562063336372, 47.47121832709525]]]}}, {"type": "Feature", "id": 3254, "properties": {"buildingId": 1, "floorId": 22, "roomNumber": "00-617", "roomName": "00-617 El\u0151t\u00e9r", "scope": "budapest/lagymanyos/deli/00/LD-00-617-04-63", "roomCode": "LD-00-617-04-63", "roomType": "corridor", "__tile": "17/72476/45848", "__layer": "rooms", "__zoom": 17, "__mvtId": 3254, "__building": "deli", "__ringVerts": 5, "id": 3254, "catalogFloorId": 22}, "geometry": {"type": "Polygon", "coordinates": [[[19.062632471323013, 47.47148983322211], [19.062636494636536, 47.471502071361726], [19.062620401382446, 47.47150433768357], [19.062617048621178, 47.47149164628001], [19.062632471323013, 47.47148983322211]]]}}, {"type": "Feature", "id": 3389, "properties": {"buildingId": 1, "floorId": 22, "roomNumber": "00-703", "roomName": "00-703 WC", "scope": "budapest/lagymanyos/deli/00/LD-00-703-05-71", "roomCode": "LD-00-703-05-71", "roomType": "social", "__tile": "17/72476/45848", "__layer": "rooms", "__zoom": 17, "__mvtId": 3389, "__building": "deli", "__ringVerts": 5, "id": 3389, "catalogFloorId": 22}, "geometry": {"type": "Polygon", "coordinates": [[[19.06260296702385, 47.47145765143393], [19.06260833144188, 47.47147396896278], [19.06259760260582, 47.47147532875664], [19.062592908740044, 47.4714590112282], [19.06260296702385, 47.47145765143393]]]}}, {"type": "Feature", "id": 3045, "properties": {"buildingId": 1, "floorId": 22, "roomNumber": "00-611", "roomName": "00-611 M\u0171szer\u00e9sz szoba", "scope": "budapest/lagymanyos/deli/00/LD-00-611-01-14", "roomCode": "LD-00-611-01-14", "roomType": "educational", "__tile": "17/72476/45848", "__layer": "rooms", "__zoom": 17, "__mvtId": 3045, "__building": "deli", "__ringVerts": 13, "id": 3045, "catalogFloorId": 22}, "geometry": {"type": "Polygon", "coordinates": [[[19.06274914741516, 47.47151793561256], [19.062765911221504, 47.471572780557096], [19.062742441892624, 47.471575953403374], [19.06274512410164, 47.47158501867741], [19.062717631459236, 47.47158909805021], [19.06271494925022, 47.471580032776885], [19.062697514891624, 47.47158229909536], [19.062696173787117, 47.47157685993085], [19.062640517950058, 47.47158728499567], [19.06263180077076, 47.471558729378415], [19.062698185443878, 47.47154966409985], [19.062690809369087, 47.471526094368265], [19.06274914741516, 47.47151793561256]]]}}, {"type": "Feature", "id": 2373, "properties": {"buildingId": 1, "floorId": 22, "roomNumber": "00-618", "roomName": "00-618 L\u00e9pcs\u0151h\u00e1z", "scope": "budapest/lagymanyos/deli/00/LD-00-618-04-64", "roomCode": "LD-00-618-04-64", "roomType": "corridor", "__tile": "17/72476/45848", "__layer": "rooms", "__zoom": 17, "__mvtId": 2373, "__building": "deli", "__ringVerts": 5, "id": 2373, "catalogFloorId": 22}, "geometry": {"type": "Polygon", "coordinates": [[[19.062627777457237, 47.47147306243354], [19.062632471323013, 47.471488926693134], [19.062616378068924, 47.47149073975107], [19.062611684203148, 47.47147532875664], [19.062627777457237, 47.47147306243354]]]}}, {"type": "Feature", "id": 3127, "properties": {"buildingId": 1, "floorId": 22, "roomNumber": "00-513", "roomName": "00-513 Mop mos\u00f3g\u00e9p", "scope": "budapest/lagymanyos/deli/00/LD-00-513-05-79", "roomCode": "LD-00-513-05-79", "roomType": "social", "__tile": "17/72476/45848", "__layer": "rooms", "__zoom": 17, "__mvtId": 3127, "__building": "deli", "__ringVerts": 5, "id": 3127, "catalogFloorId": 22}, "geometry": {"type": "Polygon", "coordinates": [[[19.06324803829193, 47.47147532875664], [19.063255414366722, 47.47149935177539], [19.06321719288826, 47.47150433768357], [19.06320981681347, 47.47148031466709], [19.06324803829193, 47.47147532875664]]]}}, {"type": "Feature", "id": 2541, "properties": {"buildingId": 1, "floorId": 22, "roomNumber": "00-425", "roomName": "00-425 Lakatos m\u0171hely", "scope": "budapest/lagymanyos/deli/00/LD-00-425-01-18", "roomCode": "LD-00-425-01-18", "roomType": "educational", "__tile": "17/72476/45848", "__layer": "rooms", "__zoom": 17, "__mvtId": 2541, "__building": "deli", "__ringVerts": 6, "id": 2541, "catalogFloorId": 22}, "geometry": {"type": "Polygon", "coordinates": [[[19.062932208180428, 47.470873389909464], [19.06294897198677, 47.470928688795965], [19.06287521123886, 47.47093866072014], [19.062856435775757, 47.47088925435007], [19.06285911798477, 47.47088336184412], [19.062932208180428, 47.470873389909464]]]}}, {"type": "Feature", "id": 2569, "properties": {"buildingId": 1, "floorId": 22, "roomNumber": "00-103", "roomName": "00-103 K\u00f6zleked\u0151", "scope": "budapest/lagymanyos/deli/00/LD-00-103-04-63", "roomCode": "LD-00-103-04-63", "roomType": "corridor", "__tile": "17/72476/45848", "__layer": "rooms", "__zoom": 17, "__mvtId": 2569, "__building": "deli", "__ringVerts": 102, "id": 2569, "catalogFloorId": 22}, "geometry": {"type": "Polygon", "coordinates": [[[19.063007310032845, 47.47097129609506], [19.06301200389862, 47.47098806704374], [19.063023403286934, 47.47098670723729], [19.06302608549595, 47.47099713241917], [19.06301535665989, 47.470998945494074], [19.06302072107792, 47.4710161697025], [19.06303144991398, 47.47101480989677], [19.063034802675247, 47.471025235073085], [19.063024073839188, 47.47102704814702], [19.063029438257217, 47.471044725614554], [19.063040167093277, 47.471042912541236], [19.063043519854546, 47.47105333771198], [19.063032120466232, 47.47105515078494], [19.063034802675247, 47.471064216148804], [19.06304620206356, 47.471062856344325], [19.063054248690605, 47.471090052427236], [19.063043519854546, 47.47109141223102], [19.06304620206356, 47.471100930856466], [19.06305693089962, 47.47109911778508], [19.06306028366089, 47.47110954294467], [19.063048884272575, 47.4711113560157], [19.063054248690605, 47.47112903345488], [19.06306564807892, 47.47112722038446], [19.063068330287933, 47.47113764553848], [19.063057601451874, 47.471139458608526], [19.063062965869904, 47.47115713603826], [19.063073694705963, 47.47115532296882], [19.06307704746723, 47.47116574811725], [19.06306564807892, 47.471167561186334], [19.06307101249695, 47.47118433207239], [19.063040167093277, 47.471188411476284], [19.063028767704964, 47.47115260336454], [19.063018709421158, 47.47115396316669], [19.063016027212143, 47.471144897818306], [19.06302608549595, 47.47114353801592], [19.06301401555538, 47.47110274392778], [19.062920808792114, 47.47111588869297], [19.062918797135353, 47.47110954294467], [19.0628731995821, 47.47111588869297], [19.062873870134354, 47.47111860829915], [19.06279005110264, 47.47112722038446], [19.062790721654892, 47.47112993999006], [19.062596261501312, 47.47115396316669], [19.062598273158073, 47.4711598556423], [19.062504395842552, 47.471173000393215], [19.062517136335373, 47.47121379442681], [19.06252719461918, 47.4712124346262], [19.062529876828194, 47.47122104669613], [19.062519147992134, 47.47122240649652], [19.062525182962418, 47.47124189696487], [19.062482938170433, 47.47124778943062], [19.062480255961418, 47.47123736429845], [19.062490984797478, 47.47123555123178], [19.062485620379448, 47.47121787382842], [19.06247489154339, 47.471219686895715], [19.06247153878212, 47.47120880849106], [19.06248226761818, 47.47120744869033], [19.062477573752403, 47.47118977127752], [19.06246617436409, 47.47119158434578], [19.06246282160282, 47.47118070593532], [19.062474220991135, 47.47117934613385], [19.06247153878212, 47.47117073405708], [19.062460139393806, 47.47117209385877], [19.062452092766762, 47.471143991283384], [19.06246282160282, 47.471142631480966], [19.062460139393806, 47.47113356613063], [19.062449410557747, 47.471135379200824], [19.06244605779648, 47.47112450077873], [19.06245745718479, 47.471123140975806], [19.062452092766762, 47.47110546353464], [19.06244069337845, 47.47110682333802], [19.06243734061718, 47.47109639817789], [19.062448740005493, 47.471095038374244], [19.062443375587463, 47.4710782674597], [19.06247489154339, 47.471074188047254], [19.06247690320015, 47.47108189360384], [19.06248763203621, 47.47108053379982], [19.062490314245224, 47.47108914589137], [19.062479585409164, 47.471090505695166], [19.062492325901985, 47.47113175306038], [19.062585532665253, 47.47111860829915], [19.062587544322014, 47.47112495404636], [19.062659293413162, 47.47111226255117], [19.062670692801476, 47.47111362235438], [19.062651246786118, 47.47105968346707], [19.062657952308655, 47.471058776930676], [19.062648564577103, 47.47102704814702], [19.062672704458237, 47.4710238752676], [19.062682762742043, 47.47105560405317], [19.062688797712326, 47.471054697516706], [19.0627022087574, 47.47110908967691], [19.062863811850548, 47.47108415994379], [19.0628644824028, 47.47108687955162], [19.062910079956055, 47.47108053379982], [19.062908068299294, 47.471074188047254], [19.063001945614815, 47.47106149653981], [19.062989205121994, 47.47102070238799], [19.062979146838188, 47.47102206219356], [19.062976464629173, 47.47101345009102], [19.06298652291298, 47.47101209028522], [19.06297579407692, 47.47097582878442], [19.063007310032845, 47.47097129609506]]]}}, {"type": "Feature", "id": 3851, "properties": {"buildingId": 1, "floorId": 22, "roomNumber": "00-115", "roomName": "00-115", "scope": "budapest/lagymanyos/deli/00/LD-00-115-01-12", "roomCode": "LD-00-115-01-12", "roomType": "educational", "__tile": "17/72476/45848", "__layer": "rooms", "__zoom": 17, "__mvtId": 3851, "__building": "deli", "__ringVerts": 5, "id": 3851, "catalogFloorId": 22}, "geometry": {"type": "Polygon", "coordinates": [[[19.062917456030846, 47.47111044948019], [19.062933549284935, 47.47116257524621], [19.062857776880264, 47.471174360194844], [19.06284235417843, 47.47112359424346], [19.062917456030846, 47.47111044948019]]]}}, {"type": "Feature", "id": 3627, "properties": {"buildingId": 1, "floorId": 22, "roomNumber": "00-230", "roomName": "00-230 N\u0151i WC el\u0151t\u00e9r", "scope": "budapest/lagymanyos/deli/00/LD-00-230-04-63", "roomCode": "LD-00-230-04-63", "roomType": "corridor", "__tile": "17/72476/45848", "__layer": "rooms", "__zoom": 17, "__mvtId": 3627, "__building": "deli", "__ringVerts": 5, "id": 3627, "catalogFloorId": 22}, "geometry": {"type": "Polygon", "coordinates": [[[19.062519818544388, 47.47107600111949], [19.06252585351467, 47.47109821124936], [19.062495678663254, 47.471102290659964], [19.062488973140717, 47.47108053379982], [19.062519818544388, 47.47107600111949]]]}}, {"type": "Feature", "id": 3845, "properties": {"buildingId": 1, "floorId": 22, "roomNumber": "00-114", "roomName": "00-114", "scope": "budapest/lagymanyos/deli/00/LD-00-114-01-12", "roomCode": "LD-00-114-01-12", "roomType": "educational", "__tile": "17/72476/45848", "__layer": "rooms", "__zoom": 17, "__mvtId": 3845, "__building": "deli", "__ringVerts": 6, "id": 3845, "catalogFloorId": 22}, "geometry": {"type": "Polygon", "coordinates": [[[19.06283564865589, 47.471121781172855], [19.06284101307392, 47.47112404751109], [19.062856435775757, 47.471174360194844], [19.062774628400803, 47.47118569187373], [19.062759205698967, 47.47113492593328], [19.06283564865589, 47.471121781172855]]]}}, {"type": "Feature", "id": 2996, "properties": {"buildingId": 1, "floorId": 22, "roomNumber": "00-714", "roomName": "00-714 F\u00e9rfi WC csoport", "scope": "budapest/lagymanyos/deli/00/LD-00-714-05-71", "roomCode": "LD-00-714-05-71", "roomType": "social", "__tile": "17/72476/45848", "__layer": "rooms", "__zoom": 17, "__mvtId": 2996, "__building": "deli", "__ringVerts": 8, "id": 2996, "catalogFloorId": 22}, "geometry": {"type": "Polygon", "coordinates": [[[19.062600284814835, 47.471188411476284], [19.06260497868061, 47.47120472908875], [19.062614366412163, 47.47120880849106], [19.06260833144188, 47.47121470096053], [19.06260095536709, 47.47121152809244], [19.06256340444088, 47.47121651402792], [19.062556698918343, 47.471194757215066], [19.062600284814835, 47.471188411476284]]]}}, {"type": "Feature", "id": 3235, "properties": {"buildingId": 1, "floorId": 22, "roomNumber": "00-225", "roomName": "00-225 Matematikai gy\u0171jtem\u00e9ny", "scope": "budapest/lagymanyos/deli/00/LD-00-225-01-14", "roomCode": "LD-00-225-01-14", "roomType": "educational", "__tile": "17/72476/45848", "__layer": "rooms", "__zoom": 17, "__mvtId": 3235, "__building": "deli", "__ringVerts": 6, "id": 3235, "catalogFloorId": 22}, "geometry": {"type": "Polygon", "coordinates": [[[19.062545970082283, 47.471014356628196], [19.062556698918343, 47.47103566024733], [19.06255468726158, 47.47104109946786], [19.062480926513672, 47.47105107137069], [19.062472879886627, 47.471024328536096], [19.062545970082283, 47.471014356628196]]]}}, {"type": "Feature", "id": 3366, "properties": {"buildingId": 1, "floorId": 22, "roomNumber": "00-422", "roomName": "00-422 N\u0151i WC csoport", "scope": "budapest/lagymanyos/deli/00/LD-00-422-05-71", "roomCode": "LD-00-422-05-71", "roomType": "social", "__tile": "17/72476/45848", "__layer": "rooms", "__zoom": 17, "__mvtId": 3366, "__building": "deli", "__ringVerts": 8, "id": 3366, "catalogFloorId": 22}, "geometry": {"type": "Polygon", "coordinates": [[[19.062942937016487, 47.47101798277674], [19.062949642539024, 47.471039739662785], [19.062906056642532, 47.471045632151196], [19.062901362776756, 47.4710297677578], [19.062891975045204, 47.471025235073085], [19.062897339463234, 47.47101934258239], [19.062906056642532, 47.47102296873059], [19.062942937016487, 47.47101798277674]]]}}, {"type": "Feature", "id": 3356, "properties": {"buildingId": 1, "floorId": 22, "roomNumber": "00-224", "roomName": "00-224 Droz\u00f3fila nevel\u0151", "scope": "budapest/lagymanyos/deli/00/LD-00-224-01-14", "roomCode": "LD-00-224-01-14", "roomType": "educational", "__tile": "17/72476/45848", "__layer": "rooms", "__zoom": 17, "__mvtId": 3356, "__building": "deli", "__ringVerts": 6, "id": 3356, "catalogFloorId": 22}, "geometry": {"type": "Polygon", "coordinates": [[[19.062521159648895, 47.47093004860391], [19.0625312179327, 47.47095135225724], [19.06252920627594, 47.47095724475556], [19.06245544552803, 47.4709672166743], [19.062447398900986, 47.47094002052782], [19.062521159648895, 47.47093004860391]]]}}, {"type": "Feature", "id": 3841, "properties": {"buildingId": 1, "floorId": 22, "roomNumber": "00-113", "roomName": "00-113", "scope": "budapest/lagymanyos/deli/00/LD-00-113-01-12", "roomCode": "LD-00-113-01-12", "roomType": "educational", "__tile": "17/72476/45848", "__layer": "rooms", "__zoom": 17, "__mvtId": 3841, "__building": "deli", "__ringVerts": 6, "id": 3841, "catalogFloorId": 22}, "geometry": {"type": "Polygon", "coordinates": [[[19.06275786459446, 47.471135379200824], [19.062773287296295, 47.47118569187373], [19.06269147992134, 47.47119702355016], [19.062676057219505, 47.47114671088811], [19.062683433294296, 47.471142631480966], [19.06275786459446, 47.471135379200824]]]}}, {"type": "Feature", "id": 2225, "properties": {"buildingId": 1, "floorId": 22, "roomNumber": "00-709", "roomName": "00-709 Mosd\u00f3-zuhany", "scope": "budapest/lagymanyos/deli/00/LD-00-709-05-71", "roomCode": "LD-00-709-05-71", "roomType": "social", "__tile": "17/72476/45848", "__layer": "rooms", "__zoom": 17, "__mvtId": 2225, "__building": "deli", "__ringVerts": 7, "id": 2225, "catalogFloorId": 22}, "geometry": {"type": "Polygon", "coordinates": [[[19.06256675720215, 47.471231925098245], [19.062570109963417, 47.47124461656453], [19.062543958425522, 47.47124869596376], [19.062541276216507, 47.47124144369825], [19.062553346157074, 47.471239630631715], [19.062551334500313, 47.47123237836495], [19.06256675720215, 47.471231925098245]]]}}, {"type": "Feature", "id": 2492, "properties": {"buildingId": 1, "floorId": 22, "roomNumber": "00-713", "roomName": "00-713 FFI WC el\u0151t\u00e9r", "scope": "budapest/lagymanyos/deli/00/LD-00-713-04-63", "roomCode": "LD-00-713-04-63", "roomType": "corridor", "__tile": "17/72476/45848", "__layer": "rooms", "__zoom": 17, "__mvtId": 2492, "__building": "deli", "__ringVerts": 5, "id": 2492, "catalogFloorId": 22}, "geometry": {"type": "Polygon", "coordinates": [[[19.062555357813835, 47.471194757215066], [19.062562063336372, 47.47121651402792], [19.0625312179327, 47.47122104669613], [19.062524512410164, 47.47119883661817], [19.062555357813835, 47.471194757215066]]]}}, {"type": "Feature", "id": 3401, "properties": {"buildingId": 1, "floorId": 22, "roomNumber": "00-109", "roomName": "00-109 El\u0151t\u00e9r", "scope": "budapest/lagymanyos/deli/00/LD-00-109-04-64", "roomCode": "LD-00-109-04-64", "roomType": "corridor", "__tile": "17/72476/45848", "__layer": "rooms", "__zoom": 17, "__mvtId": 3401, "__building": "deli", "__ringVerts": 5, "id": 3401, "catalogFloorId": 22}, "geometry": {"type": "Polygon", "coordinates": [[[19.06251512467861, 47.471114075622104], [19.062519147992134, 47.47112676711684], [19.0625037252903, 47.47112903345488], [19.062499701976776, 47.47111634196068], [19.06251512467861, 47.471114075622104]]]}}, {"type": "Feature", "id": 2361, "properties": {"buildingId": 1, "floorId": 22, "roomNumber": "00-721", "roomName": "00-721 Di\u00e1ktan\u00e1csad\u00f3", "scope": "budapest/lagymanyos/deli/00/LD-00-721-02-33", "roomCode": "LD-00-721-02-33", "roomType": "administrative", "__tile": "17/72476/45848", "__layer": "rooms", "__zoom": 17, "__mvtId": 2361, "__building": "deli", "__ringVerts": 9, "id": 2361, "catalogFloorId": 22}, "geometry": {"type": "Polygon", "coordinates": [[[19.062509760260582, 47.47134116226128], [19.06251847743988, 47.4713688114657], [19.062449410557747, 47.47137787677547], [19.062447398900986, 47.471375157182706], [19.06244471669197, 47.471378783306356], [19.062436670064926, 47.47135158737285], [19.062442034482956, 47.47135385370119], [19.062441363930702, 47.471350680841496], [19.062509760260582, 47.47134116226128]]]}}, {"type": "Feature", "id": 3354, "properties": {"buildingId": 1, "floorId": 22, "roomNumber": "00-733", "roomName": "00-733 T\u00e1rgyal\u00f3", "scope": "budapest/lagymanyos/deli/00/LD-00-733-01-17", "roomCode": "LD-00-733-01-17", "roomType": "educational", "__tile": "17/72476/45848", "__layer": "rooms", "__zoom": 17, "__mvtId": 3354, "__building": "deli", "__ringVerts": 6, "id": 3354, "catalogFloorId": 22}, "geometry": {"type": "Polygon", "coordinates": [[[19.062459468841553, 47.47117345366042], [19.062467515468597, 47.47119974315215], [19.062393754720688, 47.471210168291776], [19.062384366989136, 47.47119022454459], [19.062386378645897, 47.47118387880527], [19.062459468841553, 47.47117345366042]]]}}, {"type": "Feature", "id": 3844, "properties": {"buildingId": 1, "floorId": 22, "roomNumber": "00-718", "roomName": "00-718 Erdos P\u00e1l terem", "scope": "budapest/lagymanyos/deli/00/LD-00-718-01-12", "roomCode": "LD-00-718-01-12", "roomType": "educational", "__tile": "17/72476/45848", "__layer": "rooms", "__zoom": 17, "__mvtId": 3844, "__building": "deli", "__ringVerts": 9, "id": 3844, "catalogFloorId": 22}, "geometry": {"type": "Polygon", "coordinates": [[[19.062484949827194, 47.471257308027745], [19.06249299645424, 47.471284504010036], [19.062423929572105, 47.47129356933434], [19.062421917915344, 47.471290849737215], [19.06241923570633, 47.471294475866685], [19.062411189079285, 47.47126727988955], [19.062415212392807, 47.4712699994879], [19.06241588294506, 47.47126637335674], [19.062484949827194, 47.471257308027745]]]}}, {"type": "Feature", "id": 3641, "properties": {"buildingId": 1, "floorId": 22, "roomNumber": "00-722", "roomName": "00-722 K\u0151zettechnikai m\u0171hely", "scope": "budapest/lagymanyos/deli/00/LD-00-722-01-14", "roomCode": "LD-00-722-01-14", "roomType": "educational", "__tile": "17/72476/45848", "__layer": "rooms", "__zoom": 17, "__mvtId": 3641, "__building": "deli", "__ringVerts": 9, "id": 3641, "catalogFloorId": 22}, "geometry": {"type": "Polygon", "coordinates": [[[19.06251847743988, 47.47136971799675], [19.062535241246223, 47.47142501636101], [19.06246617436409, 47.47143453492605], [19.06246416270733, 47.47143136207122], [19.062461480498314, 47.471434988191], [19.062445387244225, 47.47137968983723], [19.062449410557747, 47.471382409429765], [19.062449410557747, 47.471378783306356], [19.06251847743988, 47.47136971799675]], [[19.06245745718479, 47.47141051187766], [19.0624587982893, 47.47141005861249], [19.062456786632538, 47.47140325963448], [19.06245544552803, 47.47140325963448], [19.06245745718479, 47.47141051187766]]]}}, {"type": "Feature", "id": 2284, "properties": {"buildingId": 1, "floorId": 22, "roomNumber": "00-621", "roomName": "00-621 Nedvesk\u00e9mia labor/\u00c1sv\u00e1nytani prepar\u00e1l\u00f3", "scope": "budapest/lagymanyos/deli/00/LD-00-621-01-14", "roomCode": "LD-00-621-01-14", "roomType": "educational", "__tile": "17/72476/45848", "__layer": "rooms", "__zoom": 17, "__mvtId": 2284, "__building": "deli", "__ringVerts": 5, "id": 2284, "catalogFloorId": 22}, "geometry": {"type": "Polygon", "coordinates": [[[19.062841683626175, 47.47141413799887], [19.06285710632801, 47.471463997140205], [19.062775298953056, 47.47147532875664], [19.06275987625122, 47.471425469626055], [19.062841683626175, 47.47141413799887]]]}}, {"type": "Feature", "id": 3118, "properties": {"buildingId": 1, "floorId": 22, "roomNumber": "00-704", "roomName": "00-704 El\u0151t\u00e9r", "scope": "budapest/lagymanyos/deli/00/LD-00-704-04-63", "roomCode": "LD-00-704-04-63", "roomType": "corridor", "__tile": "17/72476/45848", "__layer": "rooms", "__zoom": 17, "__mvtId": 3118, "__building": "deli", "__ringVerts": 5, "id": 3118, "catalogFloorId": 22}, "geometry": {"type": "Polygon", "coordinates": [[[19.06263716518879, 47.4714404273702], [19.062640517950058, 47.4714513057269], [19.062592908740044, 47.47145810469869], [19.06258888542652, 47.4714472263434], [19.06263716518879, 47.4714404273702]]]}}, {"type": "Feature", "id": 3244, "properties": {"buildingId": 1, "floorId": 22, "roomNumber": "00-708", "roomName": "00-708 \u00c1sv\u00e1nytani szemin\u00e1rium (z\u00e1rt terem)", "scope": "budapest/lagymanyos/deli/00/LD-00-708-01-12", "roomCode": "LD-00-708-01-12", "roomType": "educational", "__tile": "17/72476/45848", "__layer": "rooms", "__zoom": 17, "__mvtId": 3244, "__building": "deli", "__ringVerts": 5, "id": 3244, "catalogFloorId": 22}, "geometry": {"type": "Polygon", "coordinates": [[[19.062614366412163, 47.471239630631715], [19.062630459666252, 47.471294475866685], [19.062557369470596, 47.47130490098752], [19.062540605664253, 47.471249602496876], [19.062614366412163, 47.471239630631715]]]}}, {"type": "Feature", "id": 2903, "properties": {"buildingId": 1, "floorId": 22, "roomNumber": "00-622", "roomName": "00-622 \u00c1sv\u00e1nytani pol\u00edroz\u00f3", "scope": "budapest/lagymanyos/deli/00/LD-00-622-01-14", "roomCode": "LD-00-622-01-14", "roomType": "educational", "__tile": "17/72476/45848", "__layer": "rooms", "__zoom": 17, "__mvtId": 2903, "__building": "deli", "__ringVerts": 5, "id": 2903, "catalogFloorId": 22}, "geometry": {"type": "Polygon", "coordinates": [[[19.062883257865906, 47.47140869881696], [19.06289868056774, 47.47145810469869], [19.062858447432518, 47.471463543875494], [19.062843024730682, 47.47141413799887], [19.062883257865906, 47.47140869881696]]]}}, {"type": "Feature", "id": 3765, "properties": {"buildingId": 1, "floorId": 22, "roomNumber": "00-606", "roomName": "00-606 K\u0151zettani mikrotechnikai labor", "scope": "budapest/lagymanyos/deli/00/LD-00-606-01-14", "roomCode": "LD-00-606-01-14", "roomType": "educational", "__tile": "17/72476/45848", "__layer": "rooms", "__zoom": 17, "__mvtId": 3765, "__building": "deli", "__ringVerts": 7, "id": 3765, "catalogFloorId": 22}, "geometry": {"type": "Polygon", "coordinates": [[[19.062950313091278, 47.471490286486585], [19.06296707689762, 47.47154513145998], [19.062951654195786, 47.47154739777996], [19.0629543364048, 47.47155646305892], [19.062926173210144, 47.47156008917007], [19.06290739774704, 47.4714961789245], [19.062950313091278, 47.471490286486585]]]}}, {"type": "Feature", "id": 2693, "properties": {"buildingId": 1, "floorId": 22, "roomNumber": "00-110", "roomName": "00-110 L\u00e9pcs\u0151h\u00e1z", "scope": "budapest/lagymanyos/deli/00/LD-00-110-04-64", "roomCode": "LD-00-110-04-64", "roomType": "corridor", "__tile": "17/72476/45848", "__layer": "rooms", "__zoom": 17, "__mvtId": 2693, "__building": "deli", "__ringVerts": 5, "id": 2693, "catalogFloorId": 22}, "geometry": {"type": "Polygon", "coordinates": [[[19.062521159648895, 47.47110047758862], [19.062525182962418, 47.471111809283435], [19.062499701976776, 47.47111543542526], [19.062496349215508, 47.47110410373123], [19.062521159648895, 47.47110047758862]]]}}, {"type": "Feature", "id": 3692, "properties": {"buildingId": 1, "floorId": 22, "roomNumber": "00-715", "roomName": "00-715 K\u00f6zleked\u0151", "scope": "budapest/lagymanyos/deli/00/LD-00-715-04-63", "roomCode": "LD-00-715-04-63", "roomType": "corridor", "__tile": "17/72476/45848", "__layer": "rooms", "__zoom": 17, "__mvtId": 3692, "__building": "deli", "__ringVerts": 78, "id": 3692, "catalogFloorId": 22}, "geometry": {"type": "Polygon", "coordinates": [[[19.06252585351467, 47.4712428034981], [19.062530547380447, 47.47125957436015], [19.06254194676876, 47.47125776129424], [19.062544628977776, 47.47126818642236], [19.062533900141716, 47.4712699994879], [19.062539264559746, 47.47128767687373], [19.062549993395805, 47.47128586380878], [19.062553346157074, 47.47129628893133], [19.06254194676876, 47.4712981019959], [19.06254731118679, 47.471315779372276], [19.062558710575104, 47.47131396630831], [19.062562063336372, 47.47132439142527], [19.06255066394806, 47.47132620448888], [19.06255602836609, 47.4713438818558], [19.062567427754402, 47.4713420687928], [19.062570109963417, 47.47135294716987], [19.062559381127357, 47.471354306966845], [19.062564745545387, 47.4713719843243], [19.062575474381447, 47.471370171262265], [19.062578827142715, 47.471381049633514], [19.062567427754402, 47.471382409429765], [19.062572792172432, 47.47140008677777], [19.062584191560745, 47.47139872698198], [19.062587544322014, 47.47140915208214], [19.0625761449337, 47.47141051187766], [19.06258150935173, 47.47142818921622], [19.06259223818779, 47.471426829421155], [19.06259559094906, 47.471437254515735], [19.062584862113, 47.47143861431052], [19.06260497868061, 47.47150705726964], [19.062611684203148, 47.471528360689064], [19.062603637576103, 47.471529267217356], [19.062606319785118, 47.471536972707234], [19.062582850456238, 47.47154014555567], [19.062580838799477, 47.47153244006627], [19.062535241246223, 47.47154195861183], [19.06252719461918, 47.47151476276277], [19.062560722231865, 47.4715102301199], [19.06256340444088, 47.4715183888768], [19.0625761449337, 47.47151657581982], [19.06257078051567, 47.471498898510994], [19.062559381127357, 47.47150071156858], [19.06255602836609, 47.471490286486585], [19.062567427754402, 47.471488473428636], [19.062562063336372, 47.47147079611036], [19.06255066394806, 47.47147260916891], [19.062547981739044, 47.471462184081346], [19.062558710575104, 47.47146037102243], [19.062553346157074, 47.4714426936947], [19.062542617321014, 47.47144450675422], [19.062539264559746, 47.47143408166107], [19.06255066394806, 47.4714322686012], [19.06254529953003, 47.47141459126401], [19.062533900141716, 47.47141640432451], [19.062530547380447, 47.471405979225786], [19.06254194676876, 47.47140416616493], [19.06253658235073, 47.4713864888183], [19.062525182962418, 47.471388301879756], [19.062522500753403, 47.47137787677547], [19.062533229589462, 47.47137606371364], [19.062528535723686, 47.47135838635755], [19.062517136335373, 47.47136019941999], [19.062513783574104, 47.47134977431012], [19.062525182962418, 47.471347961247325], [19.062519818544388, 47.47133028388178], [19.062508419156075, 47.47133209694519], [19.06250573694706, 47.47132121856381], [19.06251646578312, 47.47131985876598], [19.06251110136509, 47.47130218139098], [19.06250037252903, 47.471303994455354], [19.06249701976776, 47.47129356933434], [19.062508419156075, 47.47129175626961], [19.062503054738045, 47.47127407888516], [19.06249165534973, 47.471275891950505], [19.062488302588463, 47.471265466823915], [19.062499701976776, 47.47126365375821], [19.062494337558746, 47.471246882897475], [19.06252585351467, 47.4712428034981]]]}}, {"type": "Feature", "id": 2517, "properties": {"buildingId": 1, "floorId": 22, "roomNumber": "00-530", "roomName": "00-530 F\u00e9rfi WC csoport", "scope": "budapest/lagymanyos/deli/00/LD-00-530-05-71", "roomCode": "LD-00-530-05-71", "roomType": "social", "__tile": "17/72476/45848", "__layer": "rooms", "__zoom": 17, "__mvtId": 2517, "__building": "deli", "__ringVerts": 8, "id": 2517, "catalogFloorId": 22}, "geometry": {"type": "Polygon", "coordinates": [[[19.062979146838188, 47.471136285735895], [19.062985852360725, 47.4711584958403], [19.062948301434517, 47.47116348178081], [19.062942937016487, 47.47116892098811], [19.06293421983719, 47.47116484158269], [19.062940254807472, 47.4711584958403], [19.062935560941696, 47.471142631480966], [19.062979146838188, 47.471136285735895]]]}}, {"type": "Feature", "id": 2597, "properties": {"buildingId": 1, "floorId": 22, "roomNumber": "00-223", "roomName": "00-223 Zootron labor", "scope": "budapest/lagymanyos/deli/00/LD-00-223-01-14", "roomCode": "LD-00-223-01-14", "roomType": "educational", "__tile": "17/72476/45848", "__layer": "rooms", "__zoom": 17, "__mvtId": 2597, "__building": "deli", "__ringVerts": 5, "id": 2597, "catalogFloorId": 22}, "geometry": {"type": "Polygon", "coordinates": [[[19.06250238418579, 47.47087520298864], [19.06251847743988, 47.47092823552664], [19.062448740005493, 47.47093775418165], [19.062432646751404, 47.47088472165324], [19.06250238418579, 47.47087520298864]]]}}, {"type": "Feature", "id": 2600, "properties": {"buildingId": 1, "floorId": 22, "roomNumber": "00-616", "roomName": "00-616 K\u00f6zleked\u0151", "scope": "budapest/lagymanyos/deli/00/LD-00-616-04-63", "roomCode": "LD-00-616-04-63", "roomType": "corridor", "__tile": "17/72476/45848", "__layer": "rooms", "__zoom": 17, "__mvtId": 2600, "__building": "deli", "__ringVerts": 81, "id": 2600, "catalogFloorId": 22}, "geometry": {"type": "Polygon", "coordinates": [[[19.063011333346367, 47.47144360022446], [19.063013345003128, 47.471450852462084], [19.063055589795113, 47.47144767960825], [19.063060954213142, 47.47146626346368], [19.063063636422157, 47.47147396896278], [19.06304821372032, 47.47147578202124], [19.063045531511307, 47.47146852978707], [19.06301937997341, 47.47147215590428], [19.063022062182426, 47.47147940813796], [19.06300663948059, 47.47148167446077], [19.063003957271576, 47.47147396896278], [19.06297780573368, 47.471477595079634], [19.062980487942696, 47.47148530057708], [19.06296506524086, 47.47148756689964], [19.062962383031845, 47.47147986140253], [19.06293623149395, 47.47148348751896], [19.062938913702965, 47.47149119301553], [19.06292349100113, 47.471493006073395], [19.062920808792114, 47.47148575384159], [19.06289465725422, 47.47148937995762], [19.062897339463234, 47.47149663218892], [19.0628819167614, 47.471498898510994], [19.062879234552383, 47.47149119301553], [19.062853083014488, 47.47149481913118], [19.062855765223503, 47.47150252462611], [19.062840342521667, 47.471504790947925], [19.062837660312653, 47.471497085453336], [19.062811508774757, 47.47150071156858], [19.062814190983772, 47.47150796379831], [19.062798768281937, 47.4715102301199], [19.06279608607292, 47.47150297789048], [19.062769934535027, 47.47150615074097], [19.06277261674404, 47.471513856234225], [19.062757194042206, 47.47151612255557], [19.06275451183319, 47.47150841706264], [19.062728360295296, 47.4715120431771], [19.06273104250431, 47.47151974866949], [19.06271494925022, 47.47152156172636], [19.06271293759346, 47.4715143094985], [19.062686786055565, 47.47151793561256], [19.06268946826458, 47.471525187839916], [19.062674045562744, 47.47152745416076], [19.06267136335373, 47.47151974866949], [19.062645211815834, 47.47152337478317], [19.06264789402485, 47.4715310802739], [19.06263180077076, 47.47153334659449], [19.062629789114, 47.47152564110409], [19.062611684203148, 47.471528360689064], [19.06260497868061, 47.47150705726964], [19.06269684433937, 47.47149663218892], [19.062706902623177, 47.47149345933784], [19.06270422041416, 47.47148575384159], [19.062719643115997, 47.47148348751896], [19.062722325325012, 47.47149119301553], [19.062748476862907, 47.47148756689964], [19.062745794653893, 47.47147986140253], [19.062761887907982, 47.47147804834421], [19.062763899564743, 47.47148530057708], [19.06279005110264, 47.47148167446077], [19.062787368893623, 47.47147442222741], [19.062803462147713, 47.47147215590428], [19.062805473804474, 47.47147986140253], [19.06283162534237, 47.47147623528585], [19.062828943133354, 47.47146852978707], [19.062845036387444, 47.47146626346368], [19.062847048044205, 47.47147396896278], [19.0628731995821, 47.471470342845706], [19.06287118792534, 47.47146309061078], [19.062886610627174, 47.471460824287156], [19.062888622283936, 47.4714680765224], [19.06291477382183, 47.471464903669606], [19.06291276216507, 47.471457198169176], [19.062928184866905, 47.4714549318453], [19.062930196523666, 47.471462637346065], [19.06295634806156, 47.4714590112282], [19.0629543364048, 47.4714513057269], [19.062969759106636, 47.4714494926676], [19.062971770763397, 47.4714567449044], [19.062997922301292, 47.47145311878613], [19.06299591064453, 47.47144586654883], [19.063011333346367, 47.47144360022446]]]}}, {"type": "Feature", "id": 3256, "properties": {"buildingId": 1, "floorId": 22, "roomNumber": "00-607", "roomName": "00-607 K\u0151zettani m\u00e1gneses szepar\u00e1tor", "scope": "budapest/lagymanyos/deli/00/LD-00-607-01-14", "roomCode": "LD-00-607-01-14", "roomType": "educational", "__tile": "17/72476/45848", "__layer": "rooms", "__zoom": 17, "__mvtId": 3256, "__building": "deli", "__ringVerts": 5, "id": 3256, "catalogFloorId": 22}, "geometry": {"type": "Polygon", "coordinates": [[[19.062906056642532, 47.47149663218892], [19.06291276216507, 47.471519295405265], [19.06287655234337, 47.47152428131155], [19.06286984682083, 47.47150161809735], [19.062906056642532, 47.47149663218892]]]}}, {"type": "Feature", "id": 2582, "properties": {"buildingId": 1, "floorId": 22, "roomNumber": "00-503", "roomName": "00-503 IK dolgoz\u00f3 szoba", "scope": "budapest/lagymanyos/deli/00/LD-00-503-01-13", "roomCode": "LD-00-503-01-13", "roomType": "educational", "__tile": "17/72476/45848", "__layer": "rooms", "__zoom": 17, "__mvtId": 2582, "__building": "deli", "__ringVerts": 5, "id": 2582, "catalogFloorId": 22}, "geometry": {"type": "Polygon", "coordinates": [[[19.063137397170067, 47.471108636409134], [19.063146114349365, 47.471135832468356], [19.063072353601456, 47.47114580435322], [19.06306430697441, 47.47111860829915], [19.063137397170067, 47.471108636409134]]]}}, {"type": "Feature", "id": 3380, "properties": {"buildingId": 1, "floorId": 22, "roomNumber": "00-610", "roomName": "00-610 \u00c1sv\u00e1nytani csiszol\u00f3", "scope": "budapest/lagymanyos/deli/00/LD-00-610-01-14", "roomCode": "LD-00-610-01-14", "roomType": "educational", "__tile": "17/72476/45848", "__layer": "rooms", "__zoom": 17, "__mvtId": 3380, "__building": "deli", "__ringVerts": 9, "id": 3380, "catalogFloorId": 22}, "geometry": {"type": "Polygon", "coordinates": [[[19.062830954790115, 47.47150660400531], [19.06284973025322, 47.471570967502], [19.062822237610817, 47.47157459361214], [19.062819555401802, 47.47156552833631], [19.062794744968414, 47.471568701183024], [19.06279742717743, 47.47157776645831], [19.062769263982773, 47.47158184583167], [19.06275048851967, 47.47151793561256], [19.062830954790115, 47.47150660400531]]]}}, {"type": "Feature", "id": 3862, "properties": {"buildingId": 1, "floorId": 22, "roomNumber": "00-411", "roomName": "00-411 (PC7)", "scope": "budapest/lagymanyos/deli/00/LD-00-411-01-14", "roomCode": "LD-00-411-01-14", "roomType": "educational", "__tile": "17/72476/45848", "__layer": "rooms", "__zoom": 17, "__mvtId": 3862, "__building": "deli", "__ringVerts": 5, "id": 3862, "catalogFloorId": 22}, "geometry": {"type": "Polygon", "coordinates": [[[19.063052907586098, 47.470827609639734], [19.06306967139244, 47.47088290857441], [19.062996581196785, 47.47089288050725], [19.062979817390442, 47.470837581583076], [19.063052907586098, 47.470827609639734]]]}}, {"type": "Feature", "id": 3843, "properties": {"buildingId": 1, "floorId": 22, "roomNumber": "00-623", "roomName": "00-623", "scope": "budapest/lagymanyos/deli/00/LD-00-623-01-12", "roomCode": "LD-00-623-01-12", "roomType": "educational", "__tile": "17/72476/45848", "__layer": "rooms", "__zoom": 17, "__mvtId": 3843, "__building": "deli", "__ringVerts": 5, "id": 3843, "catalogFloorId": 22}, "geometry": {"type": "Polygon", "coordinates": [[[19.062924832105637, 47.47140280636924], [19.062940254807472, 47.47145221225652], [19.06290002167225, 47.47145810469869], [19.062884598970413, 47.47140824555177], [19.062924832105637, 47.47140280636924]]]}}, {"type": "Feature", "id": 3601, "properties": {"buildingId": 1, "floorId": 22, "roomNumber": "00-501", "roomName": "00-501 K\u00f6zleked\u0151", "scope": "budapest/lagymanyos/deli/00/LD-00-501-04-63", "roomCode": "LD-00-501-04-63", "roomType": "corridor", "__tile": "17/72476/45848", "__layer": "rooms", "__zoom": 17, "__mvtId": 3601, "__building": "deli", "__ringVerts": 77, "id": 3601, "catalogFloorId": 22}, "geometry": {"type": "Polygon", "coordinates": [[[19.06308241188526, 47.47118342553815], [19.06308576464653, 47.471193850681004], [19.063074365258217, 47.471195663749114], [19.063079729676247, 47.471213341159945], [19.06309112906456, 47.47121152809244], [19.063093811273575, 47.47122195322973], [19.063083082437515, 47.47122376629687], [19.063088446855545, 47.47124144369825], [19.063099175691605, 47.471239630631715], [19.063102528452873, 47.47125005576342], [19.06309112906456, 47.4712518688296], [19.06309649348259, 47.47126954622153], [19.063107892870903, 47.471267733155955], [19.06311124563217, 47.4712781582821], [19.06309984624386, 47.4712799713473], [19.063105210661888, 47.47129764872977], [19.0631166100502, 47.471295835665174], [19.063119292259216, 47.471306260785745], [19.063108563423157, 47.471308073849976], [19.063113927841187, 47.47132575122299], [19.063124656677246, 47.47132393815936], [19.063128009438515, 47.47133481654018], [19.0631166100502, 47.471336176337616], [19.06312197446823, 47.47135385370119], [19.063133373856544, 47.47135204063853], [19.063136726617813, 47.47136291901352], [19.0631253272295, 47.47136427881024], [19.06313069164753, 47.47138195616436], [19.06314142048359, 47.47138059636809], [19.063144773244858, 47.47139102147184], [19.063133373856544, 47.471392381267826], [19.063138738274574, 47.47141005861249], [19.063150137662888, 47.47140869881696], [19.063153490424156, 47.47141912391513], [19.063142091035843, 47.471420483710396], [19.063147455453873, 47.471438161045604], [19.063158854842186, 47.471436801250796], [19.063163548707962, 47.47145221225652], [19.06315214931965, 47.471454025315715], [19.06315416097641, 47.471461277551896], [19.063131362199783, 47.47146445040491], [19.06312867999077, 47.471457198169176], [19.063103199005127, 47.47146037102243], [19.063105210661888, 47.4714680765224], [19.063089787960052, 47.471470342845706], [19.063087105751038, 47.471462637346065], [19.063062965869904, 47.47146626346368], [19.06305693089962, 47.4714472263434], [19.06311459839344, 47.471437254515735], [19.06309448182583, 47.47136835820018], [19.063083082437515, 47.471370171262265], [19.063079729676247, 47.47135974615438], [19.06309112906456, 47.47135793309193], [19.06308576464653, 47.47134025572974], [19.063074365258217, 47.4713420687928], [19.063071683049202, 47.47133164367934], [19.06308241188526, 47.471329830615915], [19.06307704746723, 47.47131215324428], [19.063066318631172, 47.47131396630831], [19.063062965869904, 47.471303541189265], [19.063074365258217, 47.47130172812488], [19.063069000840187, 47.471284050743776], [19.063057601451874, 47.47128586380878], [19.063054248690605, 47.471275438684174], [19.06306564807892, 47.471273625618814], [19.06306028366089, 47.47125594822826], [19.06304955482483, 47.47125776129424], [19.06304620206356, 47.47124733616405], [19.063057601451874, 47.47124552309772], [19.063052237033844, 47.47122784569772], [19.06304083764553, 47.471229658764656], [19.063037484884262, 47.4712192336289], [19.063048884272575, 47.4712174205616], [19.063043519854546, 47.47119974315215], [19.063032120466232, 47.47120155622005], [19.063029438257217, 47.471190677811656], [19.06308241188526, 47.47118342553815]]]}}, {"type": "Feature", "id": 3675, "properties": {"buildingId": 1, "floorId": 22, "roomNumber": "00-507", "roomName": "00-507 Oktat\u00f3", "scope": "budapest/lagymanyos/deli/00/LD-00-507-01-13", "roomCode": "LD-00-507-01-13", "roomType": "educational", "__tile": "17/72476/45848", "__layer": "rooms", "__zoom": 17, "__mvtId": 3675, "__building": "deli", "__ringVerts": 5, "id": 3675, "catalogFloorId": 22}, "geometry": {"type": "Polygon", "coordinates": [[[19.063180312514305, 47.47124914923032], [19.06318835914135, 47.47127634521683], [19.06311459839344, 47.47128677034126], [19.063106551766396, 47.47125957436015], [19.063180312514305, 47.47124914923032]]]}}, {"type": "Feature", "id": 3722, "properties": {"buildingId": 1, "floorId": 22, "roomNumber": "00-723", "roomName": "00-723 K\u0151zetv\u00e1g\u00f3  ", "scope": "budapest/lagymanyos/deli/00/LD-00-723-01-14", "roomCode": "LD-00-723-01-14", "roomType": "educational", "__tile": "17/72476/45848", "__layer": "rooms", "__zoom": 17, "__mvtId": 3722, "__building": "deli", "__ringVerts": 9, "id": 3722, "catalogFloorId": 22}, "geometry": {"type": "Polygon", "coordinates": [[[19.062535241246223, 47.47142592289109], [19.062543958425522, 47.47145311878613], [19.06247489154339, 47.471462637346065], [19.062472209334373, 47.47145946449295], [19.062470197677612, 47.47146309061078], [19.062462151050568, 47.471435894720905], [19.062467515468597, 47.471438161045604], [19.062466844916344, 47.471434988191], [19.062535241246223, 47.47142592289109]]]}}, {"type": "Feature", "id": 2605, "properties": {"buildingId": 1, "floorId": 22, "roomNumber": "00-725", "roomName": "00-725", "scope": "budapest/lagymanyos/deli/00/LD-00-725-01-14", "roomCode": "LD-00-725-01-14", "roomType": "educational", "__tile": "17/72476/45848", "__layer": "rooms", "__zoom": 17, "__mvtId": 2605, "__building": "deli", "__ringVerts": 5, "id": 2605, "catalogFloorId": 22}, "geometry": {"type": "Polygon", "coordinates": [[[19.06246416270733, 47.47146626346368], [19.062480255961418, 47.47151974866949], [19.062403813004494, 47.47153017374564], [19.062387719750404, 47.471476688550446], [19.06246416270733, 47.47146626346368]]]}}, {"type": "Feature", "id": 2289, "properties": {"buildingId": 1, "floorId": 22, "roomNumber": "00-202", "roomName": "00-202 M\u0171hely (el\u0151t\u00e9r)", "scope": "budapest/lagymanyos/deli/00/LD-00-202-04-63", "roomCode": "LD-00-202-04-63", "roomType": "corridor", "__tile": "17/72476/45848", "__layer": "rooms", "__zoom": 17, "__mvtId": 2289, "__building": "deli", "__ringVerts": 5, "id": 2289, "catalogFloorId": 22}, "geometry": {"type": "Polygon", "coordinates": [[[19.062362238764763, 47.47112812691968], [19.062368273735046, 47.471147617422986], [19.062350168824196, 47.47115033702753], [19.062344133853912, 47.471130393257646], [19.062362238764763, 47.47112812691968]]]}}, {"type": "Feature", "id": 3313, "properties": {"buildingId": 1, "floorId": 22, "roomNumber": "00-736", "roomName": "00-736 Teakonyha", "scope": "budapest/lagymanyos/deli/00/LD-00-736-05-77", "roomCode": "LD-00-736-05-77", "roomType": "social", "__tile": "17/72476/45848", "__layer": "rooms", "__zoom": 17, "__mvtId": 3313, "__building": "deli", "__ringVerts": 5, "id": 3313, "catalogFloorId": 22}, "geometry": {"type": "Polygon", "coordinates": [[[19.062467515468597, 47.47120064968611], [19.062472209334373, 47.47121606076108], [19.062431305646896, 47.47122195322973], [19.06242661178112, 47.47120654215649], [19.062467515468597, 47.47120064968611]]]}}, {"type": "Feature", "id": 3863, "properties": {"buildingId": 1, "floorId": 22, "roomNumber": "00-807", "roomName": "00-807 Adatb\u00e1zis labor", "scope": "budapest/lagymanyos/deli/00/LD-00-807-01-14", "roomCode": "LD-00-807-01-14", "roomType": "educational", "__tile": "17/72476/45848", "__layer": "rooms", "__zoom": 17, "__mvtId": 3863, "__building": "deli", "__ringVerts": 5, "id": 3863, "catalogFloorId": 22}, "geometry": {"type": "Polygon", "coordinates": [[[19.06216509640217, 47.47103883312604], [19.062189236283302, 47.47111951483451], [19.062000811100006, 47.47114580435322], [19.061973318457603, 47.4710651226851], [19.06216509640217, 47.47103883312604]]]}}, {"type": "Feature", "id": 2287, "properties": {"buildingId": 1, "floorId": 22, "roomNumber": "00-211", "roomName": "00-211 Matematikai gy\u0171jtem\u00e9ny", "scope": "budapest/lagymanyos/deli/00/LD-00-211-01-14", "roomCode": "LD-00-211-01-14", "roomType": "educational", "__tile": "17/72476/45848", "__layer": "rooms", "__zoom": 17, "__mvtId": 2287, "__building": "deli", "__ringVerts": 5, "id": 2287, "catalogFloorId": 22}, "geometry": {"type": "Polygon", "coordinates": [[[19.062366262078285, 47.47086341797292], [19.06237430870533, 47.47089061415904], [19.062301218509674, 47.47090058609042], [19.062292501330376, 47.470873389909464], [19.062366262078285, 47.47086341797292]]]}}, {"type": "Feature", "id": 2404, "properties": {"buildingId": 1, "floorId": 22, "roomNumber": "00-818", "roomName": "00-818 WC", "scope": "budapest/lagymanyos/deli/00/LD-00-818-05-71", "roomCode": "LD-00-818-05-71", "roomType": "social", "__tile": "17/72476/45848", "__layer": "rooms", "__zoom": 17, "__mvtId": 2404, "__building": "deli", "__ringVerts": 5, "id": 2404, "catalogFloorId": 22}, "geometry": {"type": "Polygon", "coordinates": [[[19.062240198254585, 47.47120472908875], [19.06224489212036, 47.47122014016252], [19.06222477555275, 47.47122285976331], [19.062220081686974, 47.47120744869033], [19.062240198254585, 47.47120472908875]]]}}, {"type": "Feature", "id": 3282, "properties": {"buildingId": 1, "floorId": 22, "roomNumber": "00-824", "roomName": "00-824 K\u00f6zleked\u0151", "scope": "budapest/lagymanyos/deli/00/LD-00-824-04-63", "roomCode": "LD-00-824-04-63", "roomType": "corridor", "__tile": "17/72476/45848", "__layer": "rooms", "__zoom": 17, "__mvtId": 3282, "__building": "deli", "__ringVerts": 5, "id": 3282, "catalogFloorId": 22}, "geometry": {"type": "Polygon", "coordinates": [[[19.06219057738781, 47.471123140975806], [19.062194600701332, 47.471135832468356], [19.06200349330902, 47.47116212197891], [19.0619994699955, 47.4711494304927], [19.06219057738781, 47.471123140975806]]]}}, {"type": "Feature", "id": 3465, "properties": {"buildingId": 1, "floorId": 22, "roomNumber": "00-735", "roomName": "00-735 Alap\u00edtv\u00e1ny t\u00e1rgyal\u00f3", "scope": "budapest/lagymanyos/deli/00/LD-00-735-01-17", "roomCode": "LD-00-735-01-17", "roomType": "educational", "__tile": "17/72476/45848", "__layer": "rooms", "__zoom": 17, "__mvtId": 3465, "__building": "deli", "__ringVerts": 5, "id": 3465, "catalogFloorId": 22}, "geometry": {"type": "Polygon", "coordinates": [[[19.062389060854912, 47.47121152809244], [19.062397107481956, 47.47123872409843], [19.062358886003494, 47.47124416329793], [19.06235083937645, 47.471216967294765], [19.062389060854912, 47.47121152809244]]]}}, {"type": "Feature", "id": 3445, "properties": {"buildingId": 1, "floorId": 22, "roomNumber": "00-813", "roomName": "00-813 WC", "scope": "budapest/lagymanyos/deli/00/LD-00-813-05-71", "roomCode": "LD-00-813-05-71", "roomType": "social", "__tile": "17/72476/45848", "__layer": "rooms", "__zoom": 17, "__mvtId": 3445, "__building": "deli", "__ringVerts": 5, "id": 3445, "catalogFloorId": 22}, "geometry": {"type": "Polygon", "coordinates": [[[19.062225446105003, 47.4711566827709], [19.06223013997078, 47.47117209385877], [19.062210023403168, 47.47117481346204], [19.06220532953739, 47.47115940237497], [19.062225446105003, 47.4711566827709]]]}}, {"type": "Feature", "id": 2397, "properties": {"buildingId": 1, "floorId": 22, "roomNumber": "00-209", "roomName": "00-209 Kuty\u00e1k eg\u00e9szs\u00e9ges \u00f6reged\u00e9se", "scope": "budapest/lagymanyos/deli/00/LD-00-209-01-14", "roomCode": "LD-00-209-01-14", "roomType": "educational", "__tile": "17/72476/45848", "__layer": "rooms", "__zoom": 17, "__mvtId": 2397, "__building": "deli", "__ringVerts": 5, "id": 2397, "catalogFloorId": 22}, "geometry": {"type": "Polygon", "coordinates": [[[19.06238302588463, 47.47091962340873], [19.062391072511673, 47.47094681956576], [19.062317982316017, 47.47095679148648], [19.062309935688972, 47.470929595334596], [19.06238302588463, 47.47091962340873]]]}}, {"type": "Feature", "id": 3661, "properties": {"buildingId": 1, "floorId": 22, "roomNumber": "00-220", "roomName": "00-220 WC", "scope": "budapest/lagymanyos/deli/00/LD-00-220-05-71", "roomCode": "LD-00-220-05-71", "roomType": "social", "__tile": "17/72476/45848", "__layer": "rooms", "__zoom": 17, "__mvtId": 3661, "__building": "deli", "__ringVerts": 5, "id": 3661, "catalogFloorId": 22}, "geometry": {"type": "Polygon", "coordinates": [[[19.062425270676613, 47.47082579655892], [19.06242996454239, 47.470841661013885], [19.062419906258583, 47.47084347409416], [19.062414541840553, 47.47082715636954], [19.062425270676613, 47.47082579655892]]]}}, {"type": "Feature", "id": 2370, "properties": {"buildingId": 1, "floorId": 22, "roomNumber": "00-210", "roomName": "00-210 N\u00f6v\u00e9ny szoba", "scope": "budapest/lagymanyos/deli/00/LD-00-210-01-14", "roomCode": "LD-00-210-01-14", "roomType": "educational", "__tile": "17/72476/45848", "__layer": "rooms", "__zoom": 17, "__mvtId": 2370, "__building": "deli", "__ringVerts": 5, "id": 2370, "catalogFloorId": 22}, "geometry": {"type": "Polygon", "coordinates": [[[19.062374979257584, 47.47089152069834], [19.06238302588463, 47.47091871686992], [19.06230926513672, 47.470928688795965], [19.062301218509674, 47.47090149262955], [19.062374979257584, 47.47089152069834]]]}}, {"type": "Feature", "id": 2314, "properties": {"buildingId": 1, "floorId": 22, "roomNumber": "00-112", "roomName": "00-112", "scope": "budapest/lagymanyos/deli/00/LD-00-112-01-12", "roomCode": "LD-00-112-01-12", "roomType": "educational", "__tile": "17/72476/45848", "__layer": "rooms", "__zoom": 17, "__mvtId": 2314, "__building": "deli", "__ringVerts": 6, "id": 2314, "catalogFloorId": 22}, "geometry": {"type": "Polygon", "coordinates": [[[19.062674716114998, 47.47114671088811], [19.062690138816833, 47.47119702355016], [19.06261570751667, 47.47120744869033], [19.062606990337372, 47.471203822554855], [19.06259760260582, 47.47115441643407], [19.062674716114998, 47.47114671088811]]]}}, {"type": "Feature", "id": 3152, "properties": {"buildingId": 1, "floorId": 22, "roomNumber": "00-705", "roomName": "00-705 \u00c1sv\u00e1nytani optikai gyakorl\u00f3", "scope": "budapest/lagymanyos/deli/00/LD-00-705-01-14", "roomCode": "LD-00-705-01-14", "roomType": "educational", "__tile": "17/72476/45848", "__layer": "rooms", "__zoom": 17, "__mvtId": 3152, "__building": "deli", "__ringVerts": 6, "id": 3152, "catalogFloorId": 22}, "geometry": {"type": "Polygon", "coordinates": [[[19.062656611204147, 47.47137968983723], [19.06267136335373, 47.47143000227624], [19.062666669487953, 47.47143453492605], [19.062598943710327, 47.47144405348935], [19.062582850456238, 47.47139011494116], [19.062656611204147, 47.47137968983723]]]}}, {"type": "Feature", "id": 3517, "properties": {"buildingId": 1, "floorId": 22, "roomNumber": "00-227", "roomName": "00-227 WC", "scope": "budapest/lagymanyos/deli/00/LD-00-227-05-71", "roomCode": "LD-00-227-05-71", "roomType": "social", "__tile": "17/72476/45848", "__layer": "rooms", "__zoom": 17, "__mvtId": 3517, "__building": "deli", "__ringVerts": 5, "id": 3517, "catalogFloorId": 22}, "geometry": {"type": "Polygon", "coordinates": [[[19.06249701976776, 47.47105832366246], [19.062503054738045, 47.47107645438754], [19.062492325901985, 47.471077814191666], [19.062486961483955, 47.47105968346707], [19.06249701976776, 47.47105832366246]]]}}, {"type": "Feature", "id": 2511, "properties": {"buildingId": 1, "floorId": 22, "roomNumber": "00-229", "roomName": "00-229 N\u0151i \u00f6lt\u00f6z\u0151", "scope": "budapest/lagymanyos/deli/00/LD-00-229-05-73", "roomCode": "LD-00-229-05-73", "roomType": "social", "__tile": "17/72476/45848", "__layer": "rooms", "__zoom": 17, "__mvtId": 2511, "__building": "deli", "__ringVerts": 6, "id": 2511, "catalogFloorId": 22}, "geometry": {"type": "Polygon", "coordinates": [[[19.06255468726158, 47.47104200600456], [19.062564745545387, 47.47106104327163], [19.062556698918343, 47.47106920209826], [19.06252048909664, 47.471074188047254], [19.062512442469597, 47.47104789849272], [19.06255468726158, 47.47104200600456]]]}}, {"type": "Feature", "id": 2344, "properties": {"buildingId": 1, "floorId": 22, "roomNumber": "00-205", "roomName": "00-205 Fot\u00f3labor", "scope": "budapest/lagymanyos/deli/00/LD-00-205-01-14", "roomCode": "LD-00-205-01-14", "roomType": "educational", "__tile": "17/72476/45848", "__layer": "rooms", "__zoom": 17, "__mvtId": 2344, "__building": "deli", "__ringVerts": 7, "id": 2344, "catalogFloorId": 22}, "geometry": {"type": "Polygon", "coordinates": [[[19.06239040195942, 47.4710651226851], [19.062398448586464, 47.47109231876685], [19.062360227108, 47.47109775798151], [19.062354192137718, 47.47109549164213], [19.06234748661518, 47.471074188047254], [19.062352180480957, 47.47107056190258], [19.06239040195942, 47.4710651226851]]]}}, {"type": "Feature", "id": 2770, "properties": {"buildingId": 1, "floorId": 22, "roomNumber": "00-231", "roomName": "00-231 N\u0151i WC csoport", "scope": "budapest/lagymanyos/deli/00/LD-00-231-05-71", "roomCode": "LD-00-231-05-71", "roomType": "social", "__tile": "17/72476/45848", "__layer": "rooms", "__zoom": 17, "__mvtId": 2770, "__building": "deli", "__ringVerts": 8, "id": 2770, "catalogFloorId": 22}, "geometry": {"type": "Polygon", "coordinates": [[[19.06256340444088, 47.47106602922139], [19.062572121620178, 47.47107010863448], [19.062566086649895, 47.47107600111949], [19.06257078051567, 47.471091865498934], [19.06252719461918, 47.47109775798151], [19.062521159648895, 47.47107600111949], [19.06255804002285, 47.47107056190258], [19.06256340444088, 47.47106602922139]]]}}, {"type": "Feature", "id": 3096, "properties": {"buildingId": 1, "floorId": 22, "roomNumber": "00-734", "roomName": "00-734 Alap\u00edtv. \u00fcgyf.fogad\u00f3, iroda", "scope": "budapest/lagymanyos/deli/00/LD-00-734-02-33", "roomCode": "LD-00-734-02-33", "roomType": "administrative", "__tile": "17/72476/45848", "__layer": "rooms", "__zoom": 17, "__mvtId": 3096, "__building": "deli", "__ringVerts": 14, "id": 3096, "catalogFloorId": 22}, "geometry": {"type": "Polygon", "coordinates": [[[19.062425941228867, 47.47120654215649], [19.062430635094643, 47.47122285976331], [19.062472879886627, 47.471216967294765], [19.06248427927494, 47.47125594822826], [19.062411189079285, 47.47126637335674], [19.062409847974777, 47.47126138742598], [19.062405154109, 47.471265466823915], [19.06236693263054, 47.471270906020656], [19.062359556555748, 47.47124506983113], [19.06239777803421, 47.471239630631715], [19.062403813004494, 47.47124189696487], [19.062391072511673, 47.47121470096053], [19.06239442527294, 47.471211074825554], [19.062425941228867, 47.47120654215649]]]}}, {"type": "Feature", "id": 3311, "properties": {"buildingId": 1, "floorId": 22, "roomNumber": "00-105", "roomName": "00-105 L\u00e9pcs\u0151h\u00e1z", "scope": "budapest/lagymanyos/deli/00/LD-00-105-04-64", "roomCode": "LD-00-105-04-64", "roomType": "corridor", "__tile": "17/72476/45848", "__layer": "rooms", "__zoom": 17, "__mvtId": 3311, "__building": "deli", "__ringVerts": 5, "id": 3311, "catalogFloorId": 22}, "geometry": {"type": "Polygon", "coordinates": [[[19.062982499599457, 47.47103702005251], [19.062985852360725, 47.47104835176101], [19.062960371375084, 47.47105197790721], [19.062957018613815, 47.4710406461995], [19.062982499599457, 47.47103702005251]]]}}, {"type": "Feature", "id": 3727, "properties": {"buildingId": 1, "floorId": 22, "roomNumber": "00-228", "roomName": "00-228 Mosd\u00f3-zuhany", "scope": "budapest/lagymanyos/deli/00/LD-00-228-05-71", "roomCode": "LD-00-228-05-71", "roomType": "social", "__tile": "17/72476/45848", "__layer": "rooms", "__zoom": 17, "__mvtId": 3727, "__building": "deli", "__ringVerts": 7, "id": 3727, "catalogFloorId": 22}, "geometry": {"type": "Polygon", "coordinates": [[[19.06251110136509, 47.47104789849272], [19.06251512467861, 47.47106059000345], [19.06250037252903, 47.471064669416954], [19.06249836087227, 47.47105696385783], [19.0624862909317, 47.471058776930676], [19.06248427927494, 47.47105152463895], [19.06251110136509, 47.47104789849272]]]}}, {"type": "Feature", "id": 2842, "properties": {"buildingId": 1, "floorId": 22, "roomNumber": "00-328", "roomName": "00-328 L\u00e9pcs\u0151h\u00e1z", "scope": "budapest/lagymanyos/deli/00/LD-00-328-04-64", "roomCode": "LD-00-328-04-64", "roomType": "corridor", "__tile": "17/72476/45848", "__layer": "rooms", "__zoom": 17, "__mvtId": 2842, "__building": "deli", "__ringVerts": 5, "id": 2842, "catalogFloorId": 22}, "geometry": {"type": "Polygon", "coordinates": [[[19.062427282333374, 47.47080811901775], [19.062432646751404, 47.47082262366735], [19.06241588294506, 47.47082489001849], [19.06241185963154, 47.47081038536951], [19.062427282333374, 47.47080811901775]]]}}, {"type": "Feature", "id": 3240, "properties": {"buildingId": 1, "floorId": 22, "roomNumber": "00-615", "roomName": "00-615 Minta t\u00e1rol\u00f3 \u00e9s feldolgoz\u00f3", "scope": "budapest/lagymanyos/deli/00/LD-00-615-01-14", "roomCode": "LD-00-615-01-14", "roomType": "educational", "__tile": "17/72476/45848", "__layer": "rooms", "__zoom": 17, "__mvtId": 3240, "__building": "deli", "__ringVerts": 10, "id": 3240, "catalogFloorId": 22}, "geometry": {"type": "Polygon", "coordinates": [[[19.06262308359146, 47.47153515965089], [19.062638506293297, 47.47158501867741], [19.062629118561745, 47.47158637846838], [19.06264990568161, 47.47164303639416], [19.06261034309864, 47.47164847555184], [19.06259424984455, 47.471594537213456], [19.062598943710327, 47.471594083949874], [19.062593579292297, 47.47159091110469], [19.062578827142715, 47.4715415053478], [19.06262308359146, 47.47153515965089]]]}}, {"type": "Feature", "id": 3251, "properties": {"buildingId": 1, "floorId": 22, "roomNumber": "00-608", "roomName": "00-608 K\u0151zettani mikrotechnikai labor", "scope": "budapest/lagymanyos/deli/00/LD-00-608-01-14", "roomCode": "LD-00-608-01-14", "roomType": "educational", "__tile": "17/72476/45848", "__layer": "rooms", "__zoom": 17, "__mvtId": 3251, "__building": "deli", "__ringVerts": 9, "id": 3251, "catalogFloorId": 22}, "geometry": {"type": "Polygon", "coordinates": [[[19.06291276216507, 47.471520201933714], [19.06292214989662, 47.47155147715569], [19.062899351119995, 47.471554650003256], [19.06290203332901, 47.471563715280965], [19.062873870134354, 47.471567341391605], [19.06287118792534, 47.47155827611452], [19.062848389148712, 47.47156144896167], [19.06283900141716, 47.47153017374564], [19.06291276216507, 47.471520201933714]]]}}, {"type": "Feature", "id": 2685, "properties": {"buildingId": 1, "floorId": 22, "roomNumber": "00-613", "roomName": "00-613 M\u0171szer\u00e9sz", "scope": "budapest/lagymanyos/deli/00/LD-00-613-01-14", "roomCode": "LD-00-613-01-14", "roomType": "educational", "__tile": "17/72476/45848", "__layer": "rooms", "__zoom": 17, "__mvtId": 2685, "__building": "deli", "__ringVerts": 7, "id": 2685, "catalogFloorId": 22}, "geometry": {"type": "Polygon", "coordinates": [[[19.06270958483219, 47.47158139256798], [19.062725007534027, 47.47163261134041], [19.062693491578102, 47.471636690709516], [19.062677398324013, 47.47158320562273], [19.062692150473595, 47.47158139256798], [19.062693491578102, 47.47158637846838], [19.06270958483219, 47.47158139256798]]]}}, {"type": "Feature", "id": 3606, "properties": {"buildingId": 1, "floorId": 22, "roomNumber": "00-604", "roomName": "00-604 K\u0151zettani por\u00edt\u00f3", "scope": "budapest/lagymanyos/deli/00/LD-00-604-01-14", "roomCode": "LD-00-604-01-14", "roomType": "educational", "__tile": "17/72476/45848", "__layer": "rooms", "__zoom": 17, "__mvtId": 3606, "__building": "deli", "__ringVerts": 7, "id": 3606, "catalogFloorId": 22}, "geometry": {"type": "Polygon", "coordinates": [[[19.062999933958054, 47.47152700089659], [19.06300663948059, 47.471549210835875], [19.062978476285934, 47.47155329021146], [19.06297579407692, 47.47154422493196], [19.06296841800213, 47.47154513145998], [19.062964394688606, 47.47153198680215], [19.062999933958054, 47.47152700089659]]]}}, {"type": "Feature", "id": 2927, "properties": {"buildingId": 1, "floorId": 22, "roomNumber": "00-521", "roomName": "00-521 WC", "scope": "budapest/lagymanyos/deli/00/LD-00-521-05-71", "roomCode": "LD-00-521-05-71", "roomType": "social", "__tile": "17/72476/45848", "__layer": "rooms", "__zoom": 17, "__mvtId": 2927, "__building": "deli", "__ringVerts": 5, "id": 2927, "catalogFloorId": 22}, "geometry": {"type": "Polygon", "coordinates": [[[19.063086435198784, 47.47139102147184], [19.063091799616814, 47.47140733902139], [19.063081070780754, 47.47140869881696], [19.063076376914978, 47.471392381267826], [19.063086435198784, 47.47139102147184]]]}}, {"type": "Feature", "id": 2329, "properties": {"buildingId": 1, "floorId": 22, "roomNumber": "00-214", "roomName": "00-214 Talaj\u00f6kol\u00f3giai labor ", "scope": "budapest/lagymanyos/deli/00/LD-00-214-01-14", "roomCode": "LD-00-214-01-14", "roomType": "educational", "__tile": "17/72476/45848", "__layer": "rooms", "__zoom": 17, "__mvtId": 2329, "__building": "deli", "__ringVerts": 5, "id": 2329, "catalogFloorId": 22}, "geometry": {"type": "Polygon", "coordinates": [[[19.06226970255375, 47.47081854423505], [19.06228579580784, 47.47087203010005], [19.06220868229866, 47.47088290857441], [19.06219258904457, 47.4708289694503], [19.06226970255375, 47.47081854423505]]]}}, {"type": "Feature", "id": 2514, "properties": {"buildingId": 1, "floorId": 22, "roomNumber": "00-817", "roomName": "00-817 F\u00e9rfi WC el\u0151t\u00e9r", "scope": "budapest/lagymanyos/deli/00/LD-00-817-04-63", "roomCode": "LD-00-817-04-63", "roomType": "corridor", "__tile": "17/72476/45848", "__layer": "rooms", "__zoom": 17, "__mvtId": 2514, "__building": "deli", "__ringVerts": 5, "id": 2514, "catalogFloorId": 22}, "geometry": {"type": "Polygon", "coordinates": [[[19.06225696206093, 47.4712192336289], [19.06226433813572, 47.471243256764716], [19.062229469418526, 47.47124824269719], [19.062222093343735, 47.47122421956365], [19.06225696206093, 47.4712192336289]]]}}, {"type": "Feature", "id": 2552, "properties": {"buildingId": 1, "floorId": 22, "roomNumber": "00-816", "roomName": "00-816 F\u00e9rfi WC csoport", "scope": "budapest/lagymanyos/deli/00/LD-00-816-05-71", "roomCode": "LD-00-816-05-71", "roomType": "social", "__tile": "17/72476/45848", "__layer": "rooms", "__zoom": 17, "__mvtId": 2552, "__building": "deli", "__ringVerts": 12, "id": 2552, "catalogFloorId": 22}, "geometry": {"type": "Polygon", "coordinates": [[[19.062179177999496, 47.47118478533951], [19.062185883522034, 47.47120654215649], [19.062130227684975, 47.47121424769367], [19.062132239341736, 47.47122149996294], [19.062216728925705, 47.47120971502488], [19.062227457761765, 47.47124552309772], [19.062036350369453, 47.47127181255339], [19.062023609876633, 47.47123056529811], [19.062117487192154, 47.4712174205616], [19.062023609876633, 47.47122920549793], [19.062016904354095, 47.47120699542341], [19.062179177999496, 47.47118478533951]]]}}, {"type": "Feature", "id": 2617, "properties": {"buildingId": 1, "floorId": 22, "roomNumber": "00-815", "roomName": "00-815 N\u0151i WC csoport", "scope": "budapest/lagymanyos/deli/00/LD-00-815-05-71", "roomCode": "LD-00-815-05-71", "roomType": "social", "__tile": "17/72476/45848", "__layer": "rooms", "__zoom": 17, "__mvtId": 2617, "__building": "deli", "__ringVerts": 7, "id": 2617, "catalogFloorId": 22}, "geometry": {"type": "Polygon", "coordinates": [[[19.062195271253586, 47.471138098805994], [19.062206000089645, 47.47117345366042], [19.062119498848915, 47.47118569187373], [19.062121510505676, 47.471191131078726], [19.06201623380184, 47.471205635622624], [19.062004163861275, 47.47116438831541], [19.062195271253586, 47.471138098805994]]]}}, {"type": "Feature", "id": 2668, "properties": {"buildingId": 1, "floorId": 22, "roomNumber": "00-727", "roomName": "00-727 S\u00f6t\u00e9tszoba", "scope": "budapest/lagymanyos/deli/00/LD-00-727-01-14", "roomCode": "LD-00-727-01-14", "roomType": "educational", "__tile": "17/72476/45848", "__layer": "rooms", "__zoom": 17, "__mvtId": 2668, "__building": "deli", "__ringVerts": 5, "id": 2668, "catalogFloorId": 22}, "geometry": {"type": "Polygon", "coordinates": [[[19.06244270503521, 47.47152700089659], [19.062450751662254, 47.4715537434754], [19.062412530183792, 47.471558729378415], [19.062404483556747, 47.47153198680215], [19.06244270503521, 47.47152700089659]]]}}, {"type": "Feature", "id": 2804, "properties": {"buildingId": 1, "floorId": 22, "roomNumber": "00-219", "roomName": "00-219 WC", "scope": "budapest/lagymanyos/deli/00/LD-00-219-05-71", "roomCode": "LD-00-219-05-71", "roomType": "social", "__tile": "17/72476/45848", "__layer": "rooms", "__zoom": 17, "__mvtId": 2804, "__building": "deli", "__ringVerts": 5, "id": 2804, "catalogFloorId": 22}, "geometry": {"type": "Polygon", "coordinates": [[[19.062413200736046, 47.47082715636954], [19.062418565154076, 47.47084347409416], [19.062407836318016, 47.470844833904316], [19.06240314245224, 47.47082851618012], [19.062413200736046, 47.47082715636954]]]}}, {"type": "Feature", "id": 3002, "properties": {"buildingId": 1, "floorId": 22, "roomNumber": "00-812", "roomName": "00-812 N\u0151i WC el\u0151t\u00e9r", "scope": "budapest/lagymanyos/deli/00/LD-00-812-04-63", "roomCode": "LD-00-812-04-63", "roomType": "corridor", "__tile": "17/72476/45848", "__layer": "rooms", "__zoom": 17, "__mvtId": 3002, "__building": "deli", "__ringVerts": 5, "id": 3002, "catalogFloorId": 22}, "geometry": {"type": "Polygon", "coordinates": [[[19.06223013997078, 47.47112993999006], [19.06223751604557, 47.47115441643407], [19.062202647328377, 47.47115894910764], [19.062195271253586, 47.47113492593328], [19.06223013997078, 47.47112993999006]]]}}, {"type": "Feature", "id": 3384, "properties": {"buildingId": 1, "floorId": 22, "roomNumber": "00-206", "roomName": "00-206 Fot\u00f3", "scope": "budapest/lagymanyos/deli/00/LD-00-206-01-14", "roomCode": "LD-00-206-01-14", "roomType": "educational", "__tile": "17/72476/45848", "__layer": "rooms", "__zoom": 17, "__mvtId": 3384, "__building": "deli", "__ringVerts": 5, "id": 3384, "catalogFloorId": 22}, "geometry": {"type": "Polygon", "coordinates": [[[19.062425270676613, 47.47106013673526], [19.062433317303658, 47.47108733281958], [19.06239978969097, 47.47109231876685], [19.062391743063927, 47.471064669416954], [19.062425270676613, 47.47106013673526]]]}}, {"type": "Feature", "id": 2382, "properties": {"buildingId": 1, "floorId": 22, "roomNumber": "00-207", "roomName": "00-207 Fermentor", "scope": "budapest/lagymanyos/deli/00/LD-00-207-01-14", "roomCode": "LD-00-207-01-14", "roomType": "educational", "__tile": "17/72476/45848", "__layer": "rooms", "__zoom": 17, "__mvtId": 2382, "__building": "deli", "__ringVerts": 5, "id": 2382, "catalogFloorId": 22}, "geometry": {"type": "Polygon", "coordinates": [[[19.06239978969097, 47.47097582878442], [19.062425270676613, 47.47105923019887], [19.062351509928703, 47.47106965536637], [19.062326699495316, 47.47098580069964], [19.06239978969097, 47.47097582878442]], [[19.062346816062927, 47.4710374733209], [19.06234547495842, 47.47103792658928], [19.06234748661518, 47.471044725614554], [19.06234882771969, 47.471044725614554], [19.062346816062927, 47.4710374733209]], [[19.06233809888363, 47.471009370673535], [19.062337428331375, 47.471009823942154], [19.062339439988136, 47.471016622971064], [19.062340781092644, 47.471016622971064], [19.06233809888363, 47.471009370673535]]]}}, {"type": "Feature", "id": 3837, "properties": {"buildingId": 1, "floorId": 22, "roomNumber": "00-823", "roomName": "00-823 Kitaibel P\u00e1l terem", "scope": "budapest/lagymanyos/deli/00/LD-00-823-01-12", "roomCode": "LD-00-823-01-12", "roomType": "educational", "__tile": "17/72476/45848", "__layer": "rooms", "__zoom": 17, "__mvtId": 3837, "__building": "deli", "__ringVerts": 5, "id": 3837, "catalogFloorId": 22}, "geometry": {"type": "Polygon", "coordinates": [[[19.06222812831402, 47.47124778943062], [19.06223215162754, 47.47126002762661], [19.062040373682976, 47.47128677034126], [19.062037020921707, 47.47127407888516], [19.06222812831402, 47.47124778943062]]]}}, {"type": "Feature", "id": 3613, "properties": {"buildingId": 1, "floorId": 22, "roomNumber": "00-732", "roomName": "00-732 H\u00d6K iroda", "scope": "budapest/lagymanyos/deli/00/LD-00-732-02-33", "roomCode": "LD-00-732-02-33", "roomType": "administrative", "__tile": "17/72476/45848", "__layer": "rooms", "__zoom": 17, "__mvtId": 3613, "__building": "deli", "__ringVerts": 9, "id": 3613, "catalogFloorId": 22}, "geometry": {"type": "Polygon", "coordinates": [[[19.062357544898987, 47.471187504942115], [19.062362238764763, 47.47119339741397], [19.06238302588463, 47.471190677811656], [19.062389060854912, 47.47121062155866], [19.062349498271942, 47.47121606076108], [19.06236559152603, 47.471270906020656], [19.06232737004757, 47.47127634521683], [19.062303230166435, 47.471195210482094], [19.062357544898987, 47.471187504942115]]]}}, {"type": "Feature", "id": 3715, "properties": {"buildingId": 1, "floorId": 22, "roomNumber": "00-203", "roomName": "00-203 M\u0171hely", "scope": "budapest/lagymanyos/deli/00/LD-00-203-01-18", "roomCode": "LD-00-203-01-18", "roomType": "educational", "__tile": "17/72476/45848", "__layer": "rooms", "__zoom": 17, "__mvtId": 3715, "__building": "deli", "__ringVerts": 5, "id": 3715, "catalogFloorId": 22}, "geometry": {"type": "Polygon", "coordinates": [[[19.062346145510674, 47.471072374974945], [19.062362238764763, 47.47112722038446], [19.06228579580784, 47.47113764553848], [19.062269032001495, 47.47108325340783], [19.062346145510674, 47.471072374974945]]]}}, {"type": "Feature", "id": 3504, "properties": {"buildingId": 1, "floorId": 22, "roomNumber": "00-529", "roomName": "00-529 FFI WC el\u0151t\u00e9r", "scope": "budapest/lagymanyos/deli/00/LD-00-529-04-63", "roomCode": "LD-00-529-04-63", "roomType": "corridor", "__tile": "17/72476/45848", "__layer": "rooms", "__zoom": 17, "__mvtId": 3504, "__building": "deli", "__ringVerts": 5, "id": 3504, "catalogFloorId": 22}, "geometry": {"type": "Polygon", "coordinates": [[[19.063010662794113, 47.471132206327944], [19.06301736831665, 47.47115396316669], [19.062987193465233, 47.47115804257296], [19.062980487942696, 47.471136285735895], [19.063010662794113, 47.471132206327944]]]}}, {"type": "Feature", "id": 3540, "properties": {"buildingId": 1, "floorId": 22, "roomNumber": "00-605", "roomName": "00-605 K\u0151zettani por\u00edt\u00f3", "scope": "budapest/lagymanyos/deli/00/LD-00-605-01-14", "roomCode": "LD-00-605-01-14", "roomType": "educational", "__tile": "17/72476/45848", "__layer": "rooms", "__zoom": 17, "__mvtId": 3540, "__building": "deli", "__ringVerts": 5, "id": 3540, "catalogFloorId": 22}, "geometry": {"type": "Polygon", "coordinates": [[[19.062987193465233, 47.47148530057708], [19.062999933958054, 47.471526094368265], [19.062963724136353, 47.4715310802739], [19.062951654195786, 47.471490286486585], [19.062987193465233, 47.47148530057708]]]}}, {"type": "Feature", "id": 2780, "properties": {"buildingId": 1, "floorId": 22, "roomNumber": "00-531", "roomName": "00-531 K\u00f6zleked\u0151", "scope": "budapest/lagymanyos/deli/00/LD-00-531-04-63", "roomCode": "LD-00-531-04-63", "roomType": "corridor", "__tile": "17/72476/45848", "__layer": "rooms", "__zoom": 17, "__mvtId": 2780, "__building": "deli", "__ringVerts": 5, "id": 2780, "catalogFloorId": 22}, "geometry": {"type": "Polygon", "coordinates": [[[19.063415676355362, 47.471452665521326], [19.063421711325645, 47.47147260916891], [19.0633412450552, 47.47148394078349], [19.063335210084915, 47.471463543875494], [19.063415676355362, 47.471452665521326]]]}}, {"type": "Feature", "id": 2595, "properties": {"buildingId": 1, "floorId": 22, "roomNumber": "00-601/B", "roomName": "00-601/B K\u0151zettani fot\u00f3", "scope": "budapest/lagymanyos/deli/00/LD-00-601-B-01-14", "roomCode": "LD-00-601/B-01-14", "roomType": "educational", "__tile": "17/72476/45848", "__layer": "rooms", "__zoom": 17, "__mvtId": 2595, "__building": "deli", "__ringVerts": 5, "id": 2595, "catalogFloorId": 22}, "geometry": {"type": "Polygon", "coordinates": [[[19.0631253272295, 47.47149119301553], [19.063133373856544, 47.47151702908407], [19.063091799616814, 47.47152246825477], [19.06308375298977, 47.47149663218892], [19.0631253272295, 47.47149119301553]]]}}, {"type": "Feature", "id": 2727, "properties": {"buildingId": 1, "floorId": 22, "roomNumber": "00-627", "roomName": "00-627 L\u00e9pcs\u0151h\u00e1z", "scope": "budapest/lagymanyos/deli/00/LD-00-627-04-64", "roomCode": "LD-00-627-04-64", "roomType": "corridor", "__tile": "17/72476/45848", "__layer": "rooms", "__zoom": 17, "__mvtId": 2727, "__building": "deli", "__ringVerts": 5, "id": 2727, "catalogFloorId": 22}, "geometry": {"type": "Polygon", "coordinates": [[[19.063090458512306, 47.47140915208214], [19.063095152378082, 47.47142501636101], [19.063079059123993, 47.47142728268618], [19.063074365258217, 47.47141141840798], [19.063090458512306, 47.47140915208214]]]}}, {"type": "Feature", "id": 3438, "properties": {"buildingId": 1, "floorId": 22, "roomNumber": "00-609", "roomName": "00-609 K\u0151zettani neh\u00e9z\u00e1sv\u00e1ny labor", "scope": "budapest/lagymanyos/deli/00/LD-00-609-01-14", "roomCode": "LD-00-609-01-14", "roomType": "educational", "__tile": "17/72476/45848", "__layer": "rooms", "__zoom": 17, "__mvtId": 3438, "__building": "deli", "__ringVerts": 5, "id": 3438, "catalogFloorId": 22}, "geometry": {"type": "Polygon", "coordinates": [[[19.062868505716324, 47.47150161809735], [19.06287521123886, 47.47152428131155], [19.06283900141716, 47.471529267217356], [19.062832295894623, 47.47150660400531], [19.062868505716324, 47.47150161809735]]]}}, {"type": "Feature", "id": 2733, "properties": {"buildingId": 1, "floorId": 22, "roomNumber": "00-524", "roomName": "00-524 Mauritz B\u00e9la terem (koz.tsz. z\u00e1rt terem)", "scope": "budapest/lagymanyos/deli/00/LD-00-524-01-12", "roomCode": "LD-00-524-01-12", "roomType": "educational", "__tile": "17/72476/45848", "__layer": "rooms", "__zoom": 17, "__mvtId": 2733, "__building": "deli", "__ringVerts": 6, "id": 2733, "catalogFloorId": 22}, "geometry": {"type": "Polygon", "coordinates": [[[19.06301401555538, 47.47115622950355], [19.063050225377083, 47.47126592009033], [19.062977135181427, 47.47127634521683], [19.06294494867325, 47.4711698275226], [19.062949642539024, 47.471165294849975], [19.06301401555538, 47.47115622950355]]]}}, {"type": "Feature", "id": 3108, "properties": {"buildingId": 1, "floorId": 22, "roomNumber": "00-104", "roomName": "00-104 El\u0151t\u00e9r", "scope": "budapest/lagymanyos/deli/00/LD-00-104-04-63", "roomCode": "LD-00-104-04-63", "roomType": "corridor", "__tile": "17/72476/45848", "__layer": "rooms", "__zoom": 17, "__mvtId": 3108, "__building": "deli", "__ringVerts": 5, "id": 3108, "catalogFloorId": 22}, "geometry": {"type": "Polygon", "coordinates": [[[19.062985852360725, 47.47104925829758], [19.062989875674248, 47.471062403076154], [19.062974452972412, 47.471064216148804], [19.06297042965889, 47.47105152463895], [19.062985852360725, 47.47104925829758]]]}}, {"type": "Feature", "id": 2478, "properties": {"buildingId": 1, "floorId": 22, "roomNumber": "00-226", "roomName": "00-226 El\u0151t\u00e9r", "scope": "budapest/lagymanyos/deli/00/LD-00-226-04-63", "roomCode": "LD-00-226-04-63", "roomType": "corridor", "__tile": "17/72476/45848", "__layer": "rooms", "__zoom": 17, "__mvtId": 2478, "__building": "deli", "__ringVerts": 5, "id": 2478, "catalogFloorId": 22}, "geometry": {"type": "Polygon", "coordinates": [[[19.06251512467861, 47.47106149653981], [19.062519147992134, 47.471074188047254], [19.062504395842552, 47.47107645438754], [19.062501043081284, 47.47106557595324], [19.06251512467861, 47.47106149653981]]]}}, {"type": "Feature", "id": 2963, "properties": {"buildingId": 1, "floorId": 22, "roomNumber": "00-208", "roomName": "00-208 ERC k\u00eds\u00e9rleti laborat\u00f3rium", "scope": "budapest/lagymanyos/deli/00/LD-00-208-01-14", "roomCode": "LD-00-208-01-14", "roomType": "educational", "__tile": "17/72476/45848", "__layer": "rooms", "__zoom": 17, "__mvtId": 2963, "__building": "deli", "__ringVerts": 5, "id": 2963, "catalogFloorId": 22}, "geometry": {"type": "Polygon", "coordinates": [[[19.062391743063927, 47.470947726104086], [19.06239978969097, 47.470974922246576], [19.062326028943062, 47.470984894161965], [19.062317982316017, 47.47095769802463], [19.062391743063927, 47.470947726104086]]]}}, {"type": "Feature", "id": 3852, "properties": {"buildingId": 1, "floorId": 22, "roomNumber": "00-118", "roomName": "00-118 Aula", "scope": "budapest/lagymanyos/deli/00/LD-00-118-04-61", "roomCode": "LD-00-118-04-61", "roomType": "corridor", "__tile": "17/72476/45848", "__layer": "rooms", "__zoom": 17, "__mvtId": 3852, "__building": "deli", "__ringVerts": 7, "id": 3852, "catalogFloorId": 22}, "geometry": {"type": "Polygon", "coordinates": [[[19.062774628400803, 47.470856618924195], [19.062812849879265, 47.47098580069964], [19.062672704458237, 47.47100529125573], [19.062678068876266, 47.47102296873059], [19.062627777457237, 47.47103022102625], [19.06258352100849, 47.47088290857441], [19.062774628400803, 47.470856618924195]]]}}, {"type": "Feature", "id": 3567, "properties": {"buildingId": 1, "floorId": 22, "roomNumber": "00-421", "roomName": "00-421 N\u0151i WC el\u0151t\u00e9r", "scope": "budapest/lagymanyos/deli/00/LD-00-421-04-63", "roomCode": "LD-00-421-04-63", "roomType": "corridor", "__tile": "17/72476/45848", "__layer": "rooms", "__zoom": 17, "__mvtId": 3567, "__building": "deli", "__ringVerts": 5, "id": 3567, "catalogFloorId": 22}, "geometry": {"type": "Polygon", "coordinates": [[[19.062975123524666, 47.47101345009102], [19.062981829047203, 47.47103520697893], [19.062950983643532, 47.471039739662785], [19.062944278120995, 47.47101752950818], [19.062975123524666, 47.47101345009102]]]}}, {"type": "Feature", "id": 3868, "properties": {"buildingId": 1, "floorId": 22, "roomNumber": "00-423", "roomName": "00-423 Cisco lab", "scope": "budapest/lagymanyos/deli/00/LD-00-423-01-14", "roomCode": "LD-00-423-01-14", "roomType": "educational", "__tile": "17/72476/45848", "__layer": "rooms", "__zoom": 17, "__mvtId": 3868, "__building": "deli", "__ringVerts": 6, "id": 3868, "catalogFloorId": 22}, "geometry": {"type": "Polygon", "coordinates": [[[19.06295768916607, 47.47095769802463], [19.062969759106636, 47.47101254355383], [19.062906056642532, 47.471021155656516], [19.06289465725422, 47.471015716433925], [19.06288392841816, 47.47096766994329], [19.06295768916607, 47.47095769802463]]]}}, {"type": "Feature", "id": 3476, "properties": {"buildingId": 1, "floorId": 22, "roomNumber": "00-712", "roomName": "00-712 F\u00e9rfi \u00f6lt\u00f6z\u0151", "scope": "budapest/lagymanyos/deli/00/LD-00-712-05-71", "roomCode": "LD-00-712-05-71", "roomType": "social", "__tile": "17/72476/45848", "__layer": "rooms", "__zoom": 17, "__mvtId": 3476, "__building": "deli", "__ringVerts": 6, "id": 3476, "catalogFloorId": 22}, "geometry": {"type": "Polygon", "coordinates": [[[19.062600284814835, 47.471213341159945], [19.062606990337372, 47.47121651402792], [19.06261369585991, 47.47123872409843], [19.062571451067924, 47.47124461656453], [19.06256340444088, 47.47121832709525], [19.062600284814835, 47.471213341159945]]]}}, {"type": "Feature", "id": 3036, "properties": {"buildingId": 1, "floorId": 22, "roomNumber": "00-523", "roomName": "00-523 Oktat\u00f3", "scope": "budapest/lagymanyos/deli/00/LD-00-523-01-13", "roomCode": "LD-00-523-01-13", "roomType": "educational", "__tile": "17/72476/45848", "__layer": "rooms", "__zoom": 17, "__mvtId": 3036, "__building": "deli", "__ringVerts": 5, "id": 3036, "catalogFloorId": 22}, "geometry": {"type": "Polygon", "coordinates": [[[19.063050895929337, 47.47126682662315], [19.06305894255638, 47.471294475866685], [19.06298518180847, 47.471304447721444], [19.062977135181427, 47.47127725174947], [19.063050895929337, 47.47126682662315]]]}}, {"type": "Feature", "id": 3635, "properties": {"buildingId": 1, "floorId": 22, "roomNumber": "00-522", "roomName": "00-522 WC", "scope": "budapest/lagymanyos/deli/00/LD-00-522-05-71", "roomCode": "LD-00-522-05-71", "roomType": "social", "__tile": "17/72476/45848", "__layer": "rooms", "__zoom": 17, "__mvtId": 3635, "__building": "deli", "__ringVerts": 5, "id": 3635, "catalogFloorId": 22}, "geometry": {"type": "Polygon", "coordinates": [[[19.06309850513935, 47.471389661675815], [19.063103199005127, 47.471405525960584], [19.06309314072132, 47.47140733902139], [19.06308777630329, 47.47139102147184], [19.06309850513935, 47.471389661675815]]]}}], "meta": {"building": "deli", "floorId": 22, "polygonCount": 149}}