{"type": "FeatureCollection", "features": [{"type": "Feature", "properties": {"id": 2569, "roomCode": "LD-00-103-04-63", "roomNumber": "00-103", "roomName": "00-103 K\u00f6zleked\u0151", "roomType": "corridor", "floorId": 22, "level": -1, "fillSource": "mvt"}, "geometry": {"type": "Polygon", "coordinates": [[[19.06285101365876, 47.47224059669416], [19.062856042800664, 47.47225736719842], [19.06286710691285, 47.47225578079959], [19.062870292036056, 47.47226631901945], [19.06285922792387, 47.47226790541795], [19.062864424703836, 47.472285469112485], [19.062875488816022, 47.472283882714514], [19.062878673939228, 47.472294420928726], [19.06286760982704, 47.472296007326385], [19.06287297424507, 47.47231368432561], [19.062884038357257, 47.47231221124256], [19.062887223480462, 47.472322522822985], [19.062876159368276, 47.47232410921979], [19.06287884157729, 47.47233328765753], [19.062889905689477, 47.472331814575035], [19.062898119954585, 47.472359009937456], [19.0628870558424, 47.47236059633316], [19.062889905689477, 47.47236977476453], [19.062900969801664, 47.472368301683055], [19.06290415492487, 47.47237883988035], [19.062893090812683, 47.472380312961526], [19.06289828759265, 47.47239787661849], [19.062909351704835, 47.47239640353781], [19.06291253682804, 47.47240694172947], [19.06290130507779, 47.47240841480984], [19.06290666949582, 47.472426091771254], [19.06291790124607, 47.472424505377525], [19.062920918731212, 47.47243493024973], [19.062909854619026, 47.47243651664315], [19.062915051398992, 47.47245328708489], [19.062883870719194, 47.47245759300826], [19.06287297424507, 47.472421559217615], [19.062862580685138, 47.47242280566991], [19.062859898476123, 47.472414193817116], [19.062870292036056, 47.4724127207369], [19.062858054457426, 47.47237181441572], [19.062764344779968, 47.472384732204794], [19.06276250076127, 47.472378613252474], [19.06271707084608, 47.47238484551872], [19.062717909036397, 47.47238745173894], [19.062694439707517, 47.472390737842495], [19.0626936015172, 47.47238801830852], [19.06263392236662, 47.472396290223905], [19.062634760556936, 47.47239889644355], [19.062611291228055, 47.472402182546396], [19.06261045303774, 47.47239946301302], [19.062485730318546, 47.47241657340816], [19.062485730318546, 47.47238371237946], [19.06250349995327, 47.47238133278693], [19.062504338143587, 47.472383939007315], [19.06251473170352, 47.47238246592624], [19.062513558237075, 47.47237895319429], [19.062510205475807, 47.47237940645004], [19.062495118050098, 47.472328868409924], [19.06250165593457, 47.472327961897555], [19.062492435841083, 47.47229634726874], [19.06251674336028, 47.47229294784515], [19.062526298729896, 47.47232456247602], [19.062533004252433, 47.47232365596357], [19.062548259316205, 47.47237419400869], [19.062544738916873, 47.47237464726448], [19.062545912383317, 47.472378159996715], [19.0626848843379, 47.47235912325144], [19.062684213785648, 47.472356403715835], [19.062707515476465, 47.47235323092412], [19.062708353666782, 47.4723558371459], [19.06275378358197, 47.47234960487621], [19.062751939563274, 47.4723434859198], [19.06284548160267, 47.472330454806546], [19.062833244024038, 47.4722897750496], [19.062822850464105, 47.472291134819145], [19.06282016825509, 47.47228240963064], [19.062830561815023, 47.47228093654672], [19.062819832978963, 47.47224490263495], [19.06285101365876, 47.47224059669416]]]}}, {"type": "Feature", "properties": {"id": 3108, "roomCode": "LD-00-104-04-63", "roomNumber": "00-104", "roomName": "00-104 El\u0151t\u00e9r", "roomType": "corridor", "floorId": 22, "level": -1, "fillSource": "mvt"}, "geometry": {"type": "Polygon", "coordinates": [[[19.062985869422704, 47.472404827615385], [19.062989892736226, 47.47241774541761], [19.062974134758264, 47.47241989838434], [19.062970279082805, 47.47240698058265], [19.062985869422704, 47.472404827615385]]]}}, {"type": "Feature", "properties": {"id": 3311, "roomCode": "LD-00-105-04-64", "roomNumber": "00-105", "roomName": "00-105 L\u00e9pcs\u0151h\u00e1z", "roomType": "corridor", "floorId": 22, "level": -1, "fillSource": "mvt"}, "geometry": {"type": "Polygon", "coordinates": [[[19.062982333112185, 47.47241728558469], [19.062985685873453, 47.472428503678856], [19.062960204887812, 47.47243201641493], [19.062956852126543, 47.47242079832151], [19.062982333112185, 47.47241728558469]]]}}, {"type": "Feature", "properties": {"id": 3401, "roomCode": "LD-00-109-04-64", "roomNumber": "00-109", "roomName": "00-109 El\u0151t\u00e9r", "roomType": "corridor", "floorId": 22, "level": -1, "fillSource": "mvt"}, "geometry": {"type": "Polygon", "coordinates": [[[19.062515437241736, 47.47234012062467], [19.062519292917194, 47.47235303841098], [19.062503702577295, 47.47235519137506], [19.062499679263773, 47.47234227358928], [19.062515437241736, 47.47234012062467]]]}}, {"type": "Feature", "properties": {"id": 2693, "roomCode": "LD-00-110-04-64", "roomNumber": "00-110", "roomName": "00-110 L\u00e9pcs\u0151h\u00e1z", "roomType": "corridor", "floorId": 22, "level": -1, "fillSource": "mvt"}, "geometry": {"type": "Polygon", "coordinates": [[[19.062521482293153, 47.47235397625056], [19.062524835054422, 47.47236519433118], [19.062499521706844, 47.472368593749074], [19.062496168945575, 47.47235737566918], [19.062521482293153, 47.47235397625056]]]}}, {"type": "Feature", "properties": {"id": 2314, "roomCode": "LD-00-112-01-12", "roomNumber": "00-112", "roomName": "00-112", "roomType": "educational", "floorId": 22, "level": -1, "fillSource": "mvt"}, "geometry": {"type": "Polygon", "coordinates": [[[19.062679918695185, 47.472266082568716], [19.062679918695185, 47.47232149301755], [19.062632644761297, 47.47232806521416], [19.062623927582, 47.472324212547285], [19.062619233716223, 47.47230880187696], [19.06262443049619, 47.47230812199435], [19.062614539850447, 47.47227514767682], [19.062644379425738, 47.47227106837837], [19.062645217616055, 47.472273674596856], [19.062655611175988, 47.472272314830704], [19.06265477298567, 47.47226959529829], [19.062679918695185, 47.472266082568716]]]}}, {"type": "Feature", "properties": {"id": 3841, "roomCode": "LD-00-113-01-12", "roomNumber": "00-113", "roomName": "00-113", "roomType": "educational", "floorId": 22, "level": -1, "fillSource": "mvt"}, "geometry": {"type": "Polygon", "coordinates": [[[19.062757833853976, 47.47228868273088], [19.06275850440623, 47.472291402264105], [19.062763030633942, 47.47229072238081], [19.062778285697714, 47.472341260348344], [19.06269647832276, 47.47235247841078], [19.062681223258988, 47.4723020537679], [19.06268960516216, 47.472300807315435], [19.062688934609906, 47.47229820109656], [19.062712236300722, 47.47229502830819], [19.06271307449104, 47.47229763452722], [19.06272732372643, 47.47229570819143], [19.062726485536114, 47.472292988658424], [19.062757833853976, 47.47228868273088]]]}}, {"type": "Feature", "properties": {"id": 3845, "roomCode": "LD-00-114-01-12", "roomNumber": "00-114", "roomName": "00-114", "roomType": "educational", "floorId": 22, "level": -1, "fillSource": "mvt"}, "geometry": {"type": "Polygon", "coordinates": [[[19.06282966826494, 47.47229679163282], [19.062830338817193, 47.472299511166646], [19.06283503268297, 47.4722988312832], [19.062850120108678, 47.47234936926174], [19.062768312733724, 47.47236058732662], [19.06275305766995, 47.472310162672755], [19.062799158137395, 47.472303817094904], [19.06279848758514, 47.47230109756131], [19.06282966826494, 47.47229679163282]]]}}, {"type": "Feature", "properties": {"id": 3851, "roomCode": "LD-00-115-01-12", "roomNumber": "00-115", "roomName": "00-115", "roomType": "educational", "floorId": 22, "level": -1, "fillSource": "mvt"}, "geometry": {"type": "Polygon", "coordinates": [[[19.062911814277175, 47.47229852135143], [19.062927404617074, 47.47235041910863], [19.062925895874503, 47.472352005502145], [19.062851799850467, 47.47236209043125], [19.062836544786695, 47.4723116657664], [19.0628828128922, 47.47230532018717], [19.062881974701885, 47.47230260065298], [19.062911814277175, 47.47229852135143]]]}}, {"type": "Feature", "properties": {"id": 3852, "roomCode": "LD-00-118-04-61", "roomNumber": "00-118", "roomName": "00-118 Aula", "roomType": "corridor", "floorId": 22, "level": -1, "fillSource": "mvt"}, "geometry": {"type": "Polygon", "coordinates": [[[19.062767072624705, 47.47242618793945], [19.06280596465542, 47.47255536629197], [19.06266565159633, 47.47257462970331], [19.06267101601436, 47.47259264665222], [19.062634638554595, 47.47259751915935], [19.062634638554595, 47.47244431825369], [19.062767072624705, 47.47242618793945]]]}}, {"type": "Feature", "properties": {"id": 2289, "roomCode": "LD-00-202-04-63", "roomNumber": "00-202", "roomName": "00-202 M\u0171hely (el\u0151t\u00e9r)", "roomType": "corridor", "floorId": 22, "level": -1, "fillSource": "mvt"}, "geometry": {"type": "Polygon", "coordinates": [[[19.062362591698832, 47.47231901391156], [19.062368459031052, 47.472338730526275], [19.062350354120202, 47.472341336744904], [19.06234431914992, 47.47232150681727], [19.062362591698832, 47.47231901391156]]]}}, {"type": "Feature", "properties": {"id": 3715, "roomCode": "LD-00-203-01-18", "roomNumber": "00-203", "roomName": "00-203 M\u0171hely", "roomType": "educational", "floorId": 22, "level": -1, "fillSource": "mvt"}, "geometry": {"type": "Polygon", "coordinates": [[[19.062345965760933, 47.47233165955113], [19.062362226653086, 47.47238605025169], [19.062285616058098, 47.472396588443424], [19.062269187527882, 47.47234219775376], [19.062345965760933, 47.47233165955113]]]}}, {"type": "Feature", "properties": {"id": 2344, "roomCode": "LD-00-205-01-14", "roomNumber": "00-205", "roomName": "00-205 Fot\u00f3labor", "roomType": "educational", "floorId": 22, "level": -1, "fillSource": "mvt"}, "geometry": {"type": "Polygon", "coordinates": [[[19.062399188990316, 47.47236964102963], [19.062407403255424, 47.472396836390764], [19.0623690141389, 47.47240216214734], [19.06236817594858, 47.47239910267022], [19.062362979168615, 47.472399782554035], [19.062356608922205, 47.47237870615157], [19.06236180570217, 47.47237802626748], [19.06236079987379, 47.47237496678896], [19.062399188990316, 47.47236964102963]]]}}, {"type": "Feature", "properties": {"id": 3384, "roomCode": "LD-00-206-01-14", "roomNumber": "00-206", "roomName": "00-206 Fot\u00f3", "roomType": "educational", "floorId": 22, "level": -1, "fillSource": "mvt"}, "geometry": {"type": "Polygon", "coordinates": [[[19.062425457311853, 47.47237707838094], [19.06243367157696, 47.47240427374464], [19.06239980868815, 47.47240891961786], [19.06239159442304, 47.47238172425656], [19.062425457311853, 47.47237707838094]]]}}, {"type": "Feature", "properties": {"id": 2382, "roomCode": "LD-00-207-01-14", "roomNumber": "00-207", "roomName": "00-207 Fermentor", "roomType": "educational", "floorId": 22, "level": -1, "fillSource": "mvt"}, "geometry": {"type": "Polygon", "coordinates": [[[19.06240025260968, 47.47239977291912], [19.062425230681132, 47.47248317212369], [19.06235180520935, 47.472493257072884], [19.062326659499835, 47.47240985788432], [19.06240025260968, 47.47239977291912]]]}}, {"type": "Feature", "properties": {"id": 2963, "roomCode": "LD-00-208-01-14", "roomNumber": "00-208", "roomName": "00-208 ERC k\u00eds\u00e9rleti laborat\u00f3rium", "roomType": "educational", "floorId": 22, "level": -1, "fillSource": "mvt"}, "geometry": {"type": "Polygon", "coordinates": [[[19.06239157060334, 47.472484008819364], [19.062399784868447, 47.47251131755552], [19.062326359396664, 47.4725214025209], [19.062318145131556, 47.47249420710424], [19.06239157060334, 47.472484008819364]]]}}, {"type": "Feature", "properties": {"id": 2397, "roomCode": "LD-00-209-01-14", "roomNumber": "00-209", "roomName": "00-209 Kuty\u00e1k eg\u00e9szs\u00e9ges \u00f6reged\u00e9se", "roomType": "educational", "floorId": 22, "level": -1, "fillSource": "mvt"}, "geometry": {"type": "Polygon", "coordinates": [[[19.06238319142237, 47.47251215013792], [19.062391238049415, 47.4725394588887], [19.062317812577632, 47.47254954385946], [19.062309765950587, 47.47252223511392], [19.06238319142237, 47.47251215013792]]]}}, {"type": "Feature", "properties": {"id": 2370, "roomCode": "LD-00-210-01-14", "roomNumber": "00-210", "roomName": "00-210 N\u00f6v\u00e9ny szoba", "roomType": "educational", "floorId": 22, "level": -1, "fillSource": "mvt"}, "geometry": {"type": "Polygon", "coordinates": [[[19.062374647603338, 47.47254026412792], [19.062382861868446, 47.4725675728933], [19.062309436396664, 47.47257765786945], [19.062301222131556, 47.47255034910932], [19.062374647603338, 47.47254026412792]]]}}, {"type": "Feature", "properties": {"id": 2287, "roomCode": "LD-00-211-01-14", "roomNumber": "00-211", "roomName": "00-211 Matematikai gy\u0171jtem\u00e9ny", "roomType": "educational", "floorId": 22, "level": -1, "fillSource": "mvt"}, "geometry": {"type": "Polygon", "coordinates": [[[19.062366227512854, 47.47256840644653], [19.062374441777962, 47.4725956019121], [19.062300848668116, 47.47260580020806], [19.06229280204107, 47.472578491433325], [19.062366227512854, 47.47256840644653]]]}}, {"type": "Feature", "properties": {"id": 2789, "roomCode": "LD-00-213-04-63", "roomNumber": "00-213", "roomName": "00-213 El\u0151t\u00e9r", "roomType": "corridor", "floorId": 22, "level": -1, "fillSource": "mvt"}, "geometry": {"type": "Polygon", "coordinates": [[[19.062320503455535, 47.472648427251755], [19.062328717720643, 47.47267562227882], [19.062300554525986, 47.47267947490652], [19.062279096853867, 47.47267947490652], [19.062279096853867, 47.472679248281366], [19.06227725283517, 47.47267947490652], [19.062242384117976, 47.47267947490652], [19.06223668442382, 47.47265998513998], [19.06226652399911, 47.47265579257297], [19.06226752982749, 47.472658852013794], [19.062272726607457, 47.472658172138075], [19.062271720779076, 47.47265511269721], [19.062320503455535, 47.472648427251755]]]}}, {"type": "Feature", "properties": {"id": 2329, "roomCode": "LD-00-214-01-14", "roomNumber": "00-214", "roomName": "00-214 Talaj\u00f6kol\u00f3giai labor ", "roomType": "educational", "floorId": 22, "level": -1, "fillSource": "mvt"}, "geometry": {"type": "Polygon", "coordinates": [[[19.06226953648948, 47.472586401994796], [19.06228562974357, 47.47263999975703], [19.06220885151052, 47.47265053799984], [19.06219275825643, 47.47259694024835], [19.06226953648948, 47.472586401994796]]]}}, {"type": "Feature", "properties": {"id": 2607, "roomCode": "LD-00-215-01-14", "roomNumber": "00-215", "roomName": "00-215 S\u00f6t\u00e9tszoba", "roomType": "educational", "floorId": 22, "level": -1, "fillSource": "mvt"}, "geometry": {"type": "Polygon", "coordinates": [[[19.062235269966944, 47.47264799538437], [19.06224197548948, 47.472669978413705], [19.062195204469784, 47.47267632402872], [19.06218715784274, 47.47264958178885], [19.062198557231053, 47.47264799538437], [19.062235269966944, 47.47264799538437]]]}}, {"type": "Feature", "properties": {"id": 2932, "roomCode": "LD-00-217-04-63", "roomNumber": "00-217", "roomName": "00-217 K\u00f6zleked\u0151 ", "roomType": "corridor", "floorId": 22, "level": -1, "fillSource": "mvt"}, "geometry": {"type": "Polygon", "coordinates": [[[19.062413076916776, 47.472449844159705], [19.062433193484388, 47.472516586421406], [19.062444257596574, 47.47251511333335], [19.06244744271978, 47.472525538263305], [19.06243621096953, 47.47252712466551], [19.06244157538756, 47.47254480171538], [19.06245280713781, 47.472543215313706], [19.062455992261015, 47.47255364023809], [19.062444760510765, 47.472555226639436], [19.062450124928795, 47.47257290367986], [19.06246118904098, 47.47257131727904], [19.062464374164186, 47.47258174219784], [19.062453142413936, 47.47258332859835], [19.062458506831966, 47.472601005629315], [19.062469738582216, 47.47259941922934], [19.06247292370542, 47.47260995745683], [19.06246169195517, 47.47261143054223], [19.0624670563732, 47.47262910756375], [19.062478120485387, 47.47262752116462], [19.062481305608593, 47.472638059386476], [19.062470073858343, 47.47263953247108], [19.062475438276373, 47.472657209483145], [19.062486670026622, 47.47265562308487], [19.062489687511764, 47.47266616130109], [19.062478623399578, 47.472667634384905], [19.062483987817608, 47.472685311387515], [19.062495051929794, 47.47268383830419], [19.062498237053, 47.47269426320067], [19.06248700530275, 47.472695736283704], [19.062495554843984, 47.472723838167475], [19.062453477690063, 47.47272973049604], [19.062450292566858, 47.47271919229257], [19.062461356679044, 47.472717719210195], [19.062456159899078, 47.47270004221848], [19.062444928148828, 47.47270162861542], [19.062441743025623, 47.47269109040631], [19.062452974775873, 47.47268961732315], [19.062447610357843, 47.47267194032199], [19.062436546245657, 47.472673413405644], [19.06243336112245, 47.47266298850502], [19.0624445928727, 47.47266151542108], [19.06243922845467, 47.472643838410455], [19.06242799670442, 47.4726454248091], [19.062424811581216, 47.47263488658872], [19.062436043331466, 47.47263330018977], [19.062430678913437, 47.47261573648392], [19.06241961480125, 47.47261720956915], [19.062416429678045, 47.47260678465738], [19.062427661428295, 47.47260519825759], [19.062422297010265, 47.472587634542336], [19.062411065260015, 47.47258910762836], [19.06240788013681, 47.47257868271101], [19.06241911188706, 47.47257709631037], [19.06241374746903, 47.472559419271356], [19.062402683356844, 47.472561005672546], [19.06239949823364, 47.472550580749626], [19.06241072998389, 47.47254899434813], [19.06240536556586, 47.47253131729966], [19.06239413381561, 47.4725329037017], [19.062390948692403, 47.47252247877321], [19.062402180442653, 47.47252089237086], [19.062396816024624, 47.47250321531295], [19.062385751912437, 47.47250480171582], [19.062382566789232, 47.47249426346725], [19.062393798539482, 47.47249279037857], [19.062388434121452, 47.4724751133112], [19.062377202371202, 47.472476699714925], [19.062374017247997, 47.472466161460716], [19.062385248998247, 47.47246468837125], [19.062380722770534, 47.472449844159705], [19.062413076916776, 47.472449844159705]]]}}, {"type": "Feature", "properties": {"id": 2804, "roomCode": "LD-00-219-05-71", "roomNumber": "00-219", "roomName": "00-219 WC", "roomType": "social", "floorId": 22, "level": -1, "fillSource": "mvt"}, "geometry": {"type": "Polygon", "coordinates": [[[19.062413508028047, 47.47262427313805], [19.062418369531887, 47.47264059043034], [19.062407975971954, 47.47264195020446], [19.062403114468115, 47.47262574622714], [19.062413508028047, 47.47262427313805]]]}}, {"type": "Feature", "properties": {"id": 3661, "roomCode": "LD-00-220-05-71", "roomNumber": "00-220", "roomName": "00-220 WC", "roomType": "social", "floorId": 22, "level": -1, "fillSource": "mvt"}, "geometry": {"type": "Polygon", "coordinates": [[[19.062425205028045, 47.472625882137784], [19.062430066531885, 47.47264219943057], [19.062419672971952, 47.472643559204734], [19.062414811468113, 47.472627355226926], [19.062425205028045, 47.472625882137784]]]}}, {"type": "Feature", "properties": {"id": 2597, "roomCode": "LD-00-223-01-14", "roomNumber": "00-223", "roomName": "00-223 Zootron labor", "roomType": "educational", "floorId": 22, "level": -1, "fillSource": "mvt"}, "geometry": {"type": "Polygon", "coordinates": [[[19.062502421090148, 47.472531526544095], [19.062518346706174, 47.47258421773392], [19.06244877690985, 47.47259384945107], [19.062432851293824, 47.472541158270914], [19.062502421090148, 47.472531526544095]]]}}, {"type": "Feature", "properties": {"id": 3356, "roomCode": "LD-00-224-01-14", "roomNumber": "00-224", "roomName": "00-224 Droz\u00f3fila nevel\u0151", "roomType": "educational", "floorId": 22, "level": -1, "fillSource": "mvt"}, "geometry": {"type": "Polygon", "coordinates": [[[19.062502900090315, 47.47250472284822], [19.062504408832886, 47.47250993530693], [19.062508264508345, 47.47250936873536], [19.062513293650248, 47.47252613925138], [19.06250943797479, 47.472526592508494], [19.06251094671736, 47.4725319182793], [19.062437521245577, 47.472542003248094], [19.06242930698047, 47.47251480782222], [19.062502900090315, 47.47250472284822]]]}}, {"type": "Feature", "properties": {"id": 3235, "roomCode": "LD-00-225-01-14", "roomNumber": "00-225", "roomName": "00-225 Matematikai gy\u0171jtem\u00e9ny", "roomType": "educational", "floorId": 22, "level": -1, "fillSource": "mvt"}, "geometry": {"type": "Polygon", "coordinates": [[[19.062528180226042, 47.472420679859376], [19.062529688968613, 47.47242589230973], [19.062533712282136, 47.4724254390532], [19.06253874142404, 47.47244209622817], [19.062534718110516, 47.47244266279866], [19.062536226853087, 47.47244742199049], [19.062462801381304, 47.47245750694318], [19.06245475475426, 47.4724307648172], [19.062528180226042, 47.472420679859376]]]}}, {"type": "Feature", "properties": {"id": 2478, "roomCode": "LD-00-226-04-63", "roomNumber": "00-226", "roomName": "00-226 El\u0151t\u00e9r", "roomType": "corridor", "floorId": 22, "level": -1, "fillSource": "mvt"}, "geometry": {"type": "Polygon", "coordinates": [[[19.062515350327544, 47.47239188267504], [19.062519206003003, 47.472404687160214], [19.062504286215358, 47.47240672681243], [19.06250093345409, 47.47239573535233], [19.062515350327544, 47.47239188267504]]]}}, {"type": "Feature", "properties": {"id": 3517, "roomCode": "LD-00-227-05-71", "roomNumber": "00-227", "roomName": "00-227 WC", "roomType": "social", "floorId": 22, "level": -1, "fillSource": "mvt"}, "geometry": {"type": "Polygon", "coordinates": [[[19.06249722675192, 47.47239112636541], [19.062502758808012, 47.47240959655223], [19.06249236524808, 47.472411069634326], [19.062486833191986, 47.472392599448035], [19.06249722675192, 47.47239112636541]]]}}, {"type": "Feature", "properties": {"id": 3727, "roomCode": "LD-00-228-05-71", "roomNumber": "00-228", "roomName": "00-228 Mosd\u00f3-zuhany", "roomType": "social", "floorId": 22, "level": -1, "fillSource": "mvt"}, "geometry": {"type": "Polygon", "coordinates": [[[19.062513221543796, 47.472404978046185], [19.062517077219255, 47.472417669220626], [19.0625026603458, 47.47242152189797], [19.06250031341291, 47.47241404317109], [19.062488746386535, 47.47241562956779], [19.06248656709171, 47.47240860409633], [19.062513221543796, 47.472404978046185]]]}}, {"type": "Feature", "properties": {"id": 2511, "roomCode": "LD-00-229-05-73", "roomNumber": "00-229", "roomName": "00-229 N\u0151i \u00f6lt\u00f6z\u0151", "roomType": "social", "floorId": 22, "level": -1, "fillSource": "mvt"}, "geometry": {"type": "Polygon", "coordinates": [[[19.06254333851545, 47.472396089373305], [19.062545014896084, 47.47240175507721], [19.062548870571543, 47.472401301820916], [19.06255306152313, 47.47241523945003], [19.06254920584767, 47.47241580602025], [19.062550044037987, 47.47241852555717], [19.06254535017221, 47.47242328474646], [19.062508972712447, 47.47242827056334], [19.062501093723466, 47.47240186839128], [19.06254333851545, 47.472396089373305]]]}}, {"type": "Feature", "properties": {"id": 3627, "roomCode": "LD-00-230-04-63", "roomNumber": "00-230", "roomName": "00-230 N\u0151i WC el\u0151t\u00e9r", "roomType": "corridor", "floorId": 22, "level": -1, "fillSource": "mvt"}, "geometry": {"type": "Polygon", "coordinates": [[[19.062519483302502, 47.4723668952346], [19.06252618882504, 47.47238887814805], [19.062495678697495, 47.472393070764525], [19.062488973174958, 47.47237108785283], [19.062519483302502, 47.4723668952346]]]}}, {"type": "Feature", "properties": {"id": 2770, "roomCode": "LD-00-231-05-71", "roomNumber": "00-231", "roomName": "00-231 N\u0151i WC csoport", "roomType": "social", "floorId": 22, "level": -1, "fillSource": "mvt"}, "geometry": {"type": "Polygon", "coordinates": [[[19.062555811662246, 47.47237361352394], [19.06256469647961, 47.47237757951493], [19.062558829147388, 47.472383358529825], [19.062563690651228, 47.47239944911696], [19.0625202723928, 47.47240545475738], [19.062513566870262, 47.472383471843834], [19.06255111779647, 47.47237837271309], [19.062555811662246, 47.47237361352394]]]}}, {"type": "Feature", "properties": {"id": 3031, "roomCode": "LD-00-301-01-14", "roomNumber": "00-301", "roomName": "00-301 Elektronmikroszk\u00f3pos laboregy\u00fcttes", "roomType": "educational", "floorId": 22, "level": -1, "fillSource": "mvt"}, "geometry": {"type": "Polygon", "coordinates": [[[19.062371792102837, 47.47269709194531], [19.062386711890483, 47.47274672292031], [19.062351507897162, 47.472751482052445], [19.062336588109517, 47.47270185108192], [19.062371792102837, 47.47269709194531]]]}}, {"type": "Feature", "properties": {"id": 2295, "roomCode": "LD-00-302-01-13", "roomNumber": "00-302", "roomName": "00-302 Elektronmikroszk\u00f3pos laboregy\u00fcttes", "roomType": "educational", "floorId": 22, "level": -1, "fillSource": "mvt"}, "geometry": {"type": "Polygon", "coordinates": [[[19.06233366449627, 47.47268046130939], [19.06233819072398, 47.47269587183371], [19.062328467716302, 47.47269711827297], [19.062329473544683, 47.47270063096529], [19.062254874606456, 47.4727109424156], [19.0622491749123, 47.472692019203045], [19.06233366449627, 47.47268046130939]]]}}, {"type": "Feature", "properties": {"id": 2838, "roomCode": "LD-00-303-01-14", "roomNumber": "00-303", "roomName": "00-303 Elektronmikroszk\u00f3pos laboregy\u00fcttes", "roomType": "educational", "floorId": 22, "level": -1, "fillSource": "mvt"}, "geometry": {"type": "Polygon", "coordinates": [[[19.062357931784053, 47.47272465516162], [19.06236715187754, 47.472755476249375], [19.062363296202083, 47.47275592950053], [19.0623641343924, 47.47275864900739], [19.062332953712602, 47.47276284158017], [19.062332115522285, 47.472760235386325], [19.062321721962352, 47.472761708452424], [19.06232256015267, 47.472764314646206], [19.06229137947287, 47.472768620531305], [19.062290541282554, 47.472766014337736], [19.06228014772262, 47.47276737409092], [19.06228098591294, 47.472770093597184], [19.062249637595077, 47.472774286169056], [19.062248967042823, 47.472771679975764], [19.0622449437293, 47.472772246539535], [19.062235723635812, 47.472741538774436], [19.062357931784053, 47.47272465516162]]]}}, {"type": "Feature", "properties": {"id": 3769, "roomCode": "LD-00-304-01-14", "roomNumber": "00-304", "roomName": "00-304 Konfok\u00e1lismikroszk\u00f3p laborat\u00f3rium", "roomType": "educational", "floorId": 22, "level": -1, "fillSource": "mvt"}, "geometry": {"type": "Polygon", "coordinates": [[[19.0623352479015, 47.472706101005315], [19.062345641461434, 47.47274032145104], [19.062300882098498, 47.47274655364903], [19.062290488538565, 47.4727122198946], [19.0623352479015, 47.472706101005315]]]}}, {"type": "Feature", "properties": {"id": 3725, "roomCode": "LD-00-305-01-14", "roomNumber": "00-305", "roomName": "00-305 Elektronmikroszk\u00f3pos laboregy\u00fcttes", "roomType": "educational", "floorId": 22, "level": -1, "fillSource": "mvt"}, "geometry": {"type": "Polygon", "coordinates": [[[19.06228913286878, 47.47270065625859], [19.062299526428713, 47.47273487670019], [19.062261137312188, 47.47274020239605], [19.06225091139032, 47.47270586864517], [19.06228913286878, 47.47270065625859]]]}}, {"type": "Feature", "properties": {"id": 2623, "roomCode": "LD-00-306-01-14", "roomNumber": "00-306", "roomName": "00-306 Elektronmikroszk\u00f3pos laboregy\u00fcttes", "roomType": "educational", "floorId": 22, "level": -1, "fillSource": "mvt"}, "geometry": {"type": "Polygon", "coordinates": [[[19.0622099612849, 47.47271835707679], [19.06222605453899, 47.472767421525774], [19.06222471343448, 47.47276753483854], [19.06222605453899, 47.47277195403608], [19.06222504871061, 47.47277297385084], [19.062147097011113, 47.47278373856101], [19.062130668480897, 47.472729235111004], [19.0622099612849, 47.47271835707679]]]}}, {"type": "Feature", "properties": {"id": 2918, "roomCode": "LD-00-307-01-13", "roomNumber": "00-307", "roomName": "00-307 Elektronmikroszk\u00f3pos laboregy\u00fcttes", "roomType": "educational", "floorId": 22, "level": -1, "fillSource": "mvt"}, "geometry": {"type": "Polygon", "coordinates": [[[19.062354547222366, 47.47276986649864], [19.06236108510684, 47.47279184919761], [19.062239044596662, 47.47280861949785], [19.062232339074125, 47.4727866368059], [19.062354547222366, 47.47276986649864]]]}}, {"type": "Feature", "properties": {"id": 3198, "roomCode": "LD-00-308-01-14", "roomNumber": "00-308", "roomName": "00-308 TEM laborat\u00f3rium", "roomType": "educational", "floorId": 22, "level": -1, "fillSource": "mvt"}, "geometry": {"type": "Polygon", "coordinates": [[[19.062436445774956, 47.47275537416036], [19.062452539029046, 47.472808971148645], [19.062373246225043, 47.47281984917765], [19.062357152970954, 47.47276636551336], [19.062436445774956, 47.47275537416036]]]}}, {"type": "Feature", "properties": {"id": 2763, "roomCode": "LD-00-309-01-14", "roomNumber": "00-309", "roomName": "00-309 Elektronmikroszk\u00f3pos labor", "roomType": "educational", "floorId": 22, "level": -1, "fillSource": "mvt"}, "geometry": {"type": "Polygon", "coordinates": [[[19.062414041059096, 47.472713449654194], [19.06242544044741, 47.47275174936479], [19.062384536759932, 47.47275730168739], [19.062372969733556, 47.472719115293614], [19.062414041059096, 47.472713449654194]]]}}, {"type": "Feature", "properties": {"id": 3733, "roomCode": "LD-00-309/A-01-14", "roomNumber": "00-309/A", "roomName": "00-309/A Elektronmikroszk\u00f3pos laboregy\u00fcttes", "roomType": "educational", "floorId": 22, "level": -1, "fillSource": "mvt"}, "geometry": {"type": "Polygon", "coordinates": [[[19.06242575319165, 47.47270204414218], [19.062428938314856, 47.47271258222319], [19.062387866989315, 47.47271824785725], [19.062384849504173, 47.47270770977738], [19.06242575319165, 47.47270204414218]]]}}, {"type": "Feature", "properties": {"id": 3039, "roomCode": "LD-00-310-01-13", "roomNumber": "00-310", "roomName": "00-310 Elektronmikroszk\u00f3pos laboregy\u00fcttes", "roomType": "educational", "floorId": 22, "level": -1, "fillSource": "mvt"}, "geometry": {"type": "Polygon", "coordinates": [[[19.06245562249282, 47.47270787234473], [19.062470542280465, 47.47275750333066], [19.06243014150718, 47.472763055652656], [19.062415221719533, 47.472713424671966], [19.06245562249282, 47.47270787234473]]]}}, {"type": "Feature", "properties": {"id": 3361, "roomCode": "LD-00-311-01-13", "roomNumber": "00-311", "roomName": "00-311 Mikrobiol\u00f3giai Elektronmikroszk\u00f3p laborat\u00f3rium", "roomType": "educational", "floorId": 22, "level": -1, "fillSource": "mvt"}, "geometry": {"type": "Polygon", "coordinates": [[[19.06255047800601, 47.47271930479591], [19.062553663129215, 47.472729842880334], [19.06251342999399, 47.472735395203536], [19.062510244870786, 47.47272485712023], [19.06255047800601, 47.47271930479591]]]}}, {"type": "Feature", "properties": {"id": 2543, "roomCode": "LD-00-313-01-14", "roomNumber": "00-313", "roomName": "00-313 Labor", "roomType": "educational", "floorId": 22, "level": -1, "fillSource": "mvt"}, "geometry": {"type": "Polygon", "coordinates": [[[19.062541036923648, 47.472725857555425], [19.062552603950024, 47.472764043965746], [19.062512203176738, 47.472769596290156], [19.062508515139342, 47.47275735851313], [19.06246694089961, 47.472763024151], [19.06245906191063, 47.47273707552454], [19.062541036923648, 47.472725857555425]]]}}, {"type": "Feature", "properties": {"id": 2960, "roomCode": "LD-00-314-01-13", "roomNumber": "00-314", "roomName": "00-314 Preper\u00e1l\u00f3 labor", "roomType": "educational", "floorId": 22, "level": -1, "fillSource": "mvt"}, "geometry": {"type": "Polygon", "coordinates": [[[19.06258031967379, 47.47272499800749], [19.062595239461434, 47.472774742322436], [19.06255500632621, 47.47278018133351], [19.062540086538565, 47.47273055033656], [19.06258031967379, 47.47272499800749]]]}}, {"type": "Feature", "properties": {"id": 3419, "roomCode": "LD-00-315-01-13", "roomNumber": "00-315", "roomName": "00-315 Di\u00e1k j\u00f3l\u00e9ti k\u00f6z\u00f6ss\u00e9gi szoba", "roomType": "educational", "floorId": 22, "level": -1, "fillSource": "mvt"}, "geometry": {"type": "Polygon", "coordinates": [[[19.06270503467379, 47.47274240563947], [19.062719954461436, 47.47279181003228], [19.062679721326212, 47.472797362357916], [19.062664801538567, 47.472747957970334], [19.06270503467379, 47.47274240563947]]]}}, {"type": "Feature", "properties": {"id": 2891, "roomCode": "LD-00-317-01-13", "roomNumber": "00-317", "roomName": "00-317 Kronobiol\u00f3gia", "roomType": "educational", "floorId": 22, "level": -1, "fillSource": "mvt"}, "geometry": {"type": "Polygon", "coordinates": [[[19.06278836849282, 47.472753628320696], [19.062803288280467, 47.47280325934985], [19.06276288750718, 47.47280881167669], [19.062747967719535, 47.47275918065277], [19.06278836849282, 47.472753628320696]]]}}, {"type": "Feature", "properties": {"id": 3441, "roomCode": "LD-00-317/A-01-13", "roomNumber": "00-317/A", "roomName": "00-317/A EEG labor", "roomType": "educational", "floorId": 22, "level": -1, "fillSource": "mvt"}, "geometry": {"type": "Polygon", "coordinates": [[[19.06282995849282, 47.47275937464594], [19.062844878280465, 47.47280900568045], [19.06280447750718, 47.47281455800788], [19.062789557719533, 47.472764813665705], [19.06282995849282, 47.47275937464594]]]}}, {"type": "Feature", "properties": {"id": 3714, "roomCode": "LD-00-318-01-14", "roomNumber": "00-318", "roomName": "00-318 Steriliz\u00e1l\u00f3", "roomType": "educational", "floorId": 22, "level": -1, "fillSource": "mvt"}, "geometry": {"type": "Polygon", "coordinates": [[[19.062867845564607, 47.47276509859714], [19.062882765352253, 47.47281472963658], [19.062846220254425, 47.472819715400504], [19.062831132828716, 47.47277008436578], [19.062867845564607, 47.47276509859714]]]}}, {"type": "Feature", "properties": {"id": 2452, "roomCode": "LD-00-320-04-63", "roomNumber": "00-320", "roomName": "00-320 El\u0151t\u00e9r", "roomType": "corridor", "floorId": 22, "level": -1, "fillSource": "mvt"}, "geometry": {"type": "Polygon", "coordinates": [[[19.06288580615125, 47.47272456796913], [19.062889494188646, 47.472736805745214], [19.062873903848747, 47.472738958687], [19.06287021581135, 47.47272660759867], [19.06288580615125, 47.47272456796913]]]}}, {"type": "Feature", "properties": {"id": 2712, "roomCode": "LD-00-321-04-64", "roomNumber": "00-321", "roomName": "00-321 L\u00e9pcs\u0151h\u00e1z", "roomType": "corridor", "floorId": 22, "level": -1, "fillSource": "mvt"}, "geometry": {"type": "Polygon", "coordinates": [[[19.062889728694156, 47.4727076729678], [19.062894422559932, 47.47272342343441], [19.062877826391652, 47.47272568968822], [19.062874138354257, 47.47270982590956], [19.062889728694156, 47.4727076729678]]]}}, {"type": "Feature", "properties": {"id": 2215, "roomCode": "LD-00-324-01-14", "roomNumber": "00-324", "roomName": "00-324 Termoszt\u00e1t labor", "roomType": "educational", "floorId": 22, "level": -1, "fillSource": "mvt"}, "geometry": {"type": "Polygon", "coordinates": [[[19.06261961353172, 47.472642323441804], [19.0626274925207, 47.47266804585151], [19.062610728714358, 47.47267031214251], [19.06261139926661, 47.472673031691585], [19.062586756471287, 47.47267643112773], [19.06258591828097, 47.472673711578835], [19.062578206930052, 47.472674844724224], [19.06256831628431, 47.472642323441804], [19.06261961353172, 47.472642323441804]]]}}, {"type": "Feature", "properties": {"id": 2842, "roomCode": "LD-00-328-04-64", "roomNumber": "00-328", "roomName": "00-328 L\u00e9pcs\u0151h\u00e1z", "roomType": "corridor", "floorId": 22, "level": -1, "fillSource": "mvt"}, "geometry": {"type": "Polygon", "coordinates": [[[19.062427598327545, 47.47264419539301], [19.062432962745575, 47.472658812972874], [19.062416366577295, 47.47266107926397], [19.062411840349583, 47.47264634837014], [19.062427598327545, 47.47264419539301]]]}}, {"type": "Feature", "properties": {"id": 2571, "roomCode": "LD-00-329-04-63", "roomNumber": "00-329", "roomName": "00-329 El\u0151t\u00e9r", "roomType": "corridor", "floorId": 22, "level": -1, "fillSource": "mvt"}, "geometry": {"type": "Polygon", "coordinates": [[[19.062423067513187, 47.47265979843039], [19.06242709082671, 47.47267328263019], [19.06241150048681, 47.47267543556933], [19.062407477173288, 47.47266195137009], [19.062423067513187, 47.47265979843039]]]}}, {"type": "Feature", "properties": {"id": 2676, "roomCode": "LD-00-330-04-63", "roomNumber": "00-330", "roomName": "00-330 Foyer", "roomType": "corridor", "floorId": 22, "level": -1, "fillSource": "mvt"}, "geometry": {"type": "Polygon", "coordinates": [[[19.06266837906374, 47.472670572509024], [19.06266972016825, 47.47267487840254], [19.062674916948215, 47.47267419852464], [19.062680281366244, 47.472691875347195], [19.062675084586278, 47.47269266853782], [19.062678269709483, 47.47270309332765], [19.06268346648945, 47.47270241345012], [19.062684807593957, 47.47270683265394], [19.062684807593957, 47.47272088345338], [19.062683634127513, 47.47272111007914], [19.062684639955894, 47.47272428283977], [19.062679443175927, 47.472724962717024], [19.062680449004308, 47.47272847541603], [19.062684807593957, 47.47272790885168], [19.062684807593957, 47.47286388411778], [19.062650106514827, 47.47286388411778], [19.06263652783169, 47.47281685937805], [19.062634851451055, 47.4728170860034], [19.062627475376264, 47.472787511386635], [19.06261808764471, 47.47278875782675], [19.062603167857066, 47.47273912682445], [19.06260769408478, 47.472738446947375], [19.0626066882564, 47.47273493424905], [19.062601491476432, 47.47273572743902], [19.062600318009988, 47.4727322147405], [19.06259512123002, 47.47273300793051], [19.062589924450055, 47.47271521780889], [19.06259512123002, 47.472714537931516], [19.062591936106816, 47.47270411314395], [19.06258673932685, 47.47270479302146], [19.06258137490882, 47.47268700289029], [19.062586571688787, 47.472686323012546], [19.06258523058428, 47.472682017119965], [19.06266837906374, 47.472670572509024]]]}}, {"type": "Feature", "properties": {"id": 3482, "roomCode": "LD-00-409-01-18", "roomNumber": "00-409", "roomName": "00-409 Es\u0151ztet\u0151", "roomType": "educational", "floorId": 22, "level": -1, "fillSource": "mvt"}, "geometry": {"type": "Polygon", "coordinates": [[[19.06296086376639, 47.4727238640241], [19.0629653899941, 47.47273893461912], [19.062942255941348, 47.4727419940627], [19.062939238456206, 47.47273145597852], [19.062949799654202, 47.47272986960008], [19.062948626187758, 47.47272556371548], [19.06296086376639, 47.4727238640241]]]}}, {"type": "Feature", "properties": {"id": 3861, "roomCode": "LD-00-410-01-14", "roomNumber": "00-410", "roomName": "00-410 (PC1)", "roomType": "educational", "floorId": 22, "level": -1, "fillSource": "mvt"}, "geometry": {"type": "Polygon", "coordinates": [[[19.063038987498828, 47.47264151498966], [19.06305172799165, 47.47268378059719], [19.062974949758598, 47.47268378059719], [19.06296522675092, 47.47265159981599], [19.063038987498828, 47.47264151498966]]]}}, {"type": "Feature", "properties": {"id": 3862, "roomCode": "LD-00-411-01-14", "roomNumber": "00-411", "roomName": "00-411 (PC7)", "roomType": "educational", "floorId": 22, "level": -1, "fillSource": "mvt"}, "geometry": {"type": "Polygon", "coordinates": [[[19.06305311965175, 47.47257617811377], [19.06306971582003, 47.472631588897855], [19.06299629034825, 47.47264167388091], [19.06297969417997, 47.47258626310745], [19.06305311965175, 47.47257617811377]]]}}, {"type": "Feature", "properties": {"id": 2316, "roomCode": "LD-00-412-01-14", "roomNumber": "00-412", "roomName": "00-412 (PC6)", "roomType": "educational", "floorId": 22, "level": -1, "fillSource": "mvt"}, "geometry": {"type": "Polygon", "coordinates": [[[19.063070043651752, 47.4725199208202], [19.063086639820032, 47.47257533154502], [19.06301321434825, 47.47258541651728], [19.06299661817997, 47.47253011911749], [19.063070043651752, 47.4725199208202]]]}}, {"type": "Feature", "properties": {"id": 3551, "roomCode": "LD-00-419-04-63", "roomNumber": "00-419", "roomName": "00-419 K\u00f6zleked\u0151", "roomType": "corridor", "floorId": 22, "level": -1, "fillSource": "mvt"}, "geometry": {"type": "Polygon", "coordinates": [[[19.062943968860658, 47.472694147255645], [19.062946148155483, 47.472701739214855], [19.062957379905733, 47.47270015283541], [19.06296358251408, 47.47272111570278], [19.062952518401893, 47.47272258876883], [19.062964755980524, 47.47276315472513], [19.06297582009271, 47.47276168166023], [19.062979005215915, 47.47277210642636], [19.062967773465665, 47.47277357949097], [19.06297297024563, 47.47279034976211], [19.062941789565834, 47.47279465564167], [19.06292150536016, 47.472727007966704], [19.062890157042297, 47.47273120053871], [19.062889654128107, 47.47272893428361], [19.0628296397014, 47.47273720611423], [19.062830477891715, 47.472739359056234], [19.062820084331783, 47.47274083212177], [19.062822263626607, 47.472748424074226], [19.06280684092477, 47.472750577015766], [19.062804493991884, 47.472742985063626], [19.062778510092052, 47.47274661107076], [19.062780689386877, 47.47275408970968], [19.06276526668504, 47.472756242650995], [19.062762919752153, 47.47274876401237], [19.06273693585232, 47.472752276706395], [19.062739115147146, 47.47275986865721], [19.062723524807247, 47.472762021598285], [19.062721345512422, 47.47275442964779], [19.062701061306747, 47.472757262465265], [19.062694691060337, 47.472736299612315], [19.06271497526601, 47.4727334667937], [19.062712628333124, 47.47272598815184], [19.062728218673023, 47.472723835209294], [19.06273056560591, 47.4727314271642], [19.062756549505742, 47.472727801156026], [19.062754370210918, 47.47272020920058], [19.062769960550817, 47.4727180562578], [19.06277213984564, 47.47272564821355], [19.062798123745473, 47.47272202220496], [19.06279594445065, 47.47271454356148], [19.062811534790548, 47.47271239061846], [19.062813714085372, 47.47271998257503], [19.062839865623268, 47.47271635656606], [19.06283751869038, 47.47270876460896], [19.062852941392215, 47.4727066116657], [19.062855288325103, 47.47271420362312], [19.062881439863, 47.47271057761374], [19.06287909293011, 47.47270309896863], [19.06289468327001, 47.47270094602514], [19.062896862564834, 47.472708537983365], [19.06292301410273, 47.472704911973594], [19.06292066716984, 47.47269732001485], [19.062943968860658, 47.472694147255645]]]}}, {"type": "Feature", "properties": {"id": 3112, "roomCode": "LD-00-420-04-63", "roomNumber": "00-420", "roomName": "00-420 Folyos\u00f3", "roomType": "corridor", "floorId": 22, "level": -1, "fillSource": "mvt"}, "geometry": {"type": "Polygon", "coordinates": [[[19.06296649686149, 47.47250171480161], [19.06296699977568, 47.472503074576885], [19.06295576802543, 47.47250466098133], [19.062961300081522, 47.47252222474164], [19.06297236419371, 47.4725207516523], [19.062975549316914, 47.47253117659141], [19.062964317566664, 47.472532762995016], [19.062969681984693, 47.47255032674594], [19.062980913734943, 47.47254885365737], [19.062983931220085, 47.47255927859092], [19.0629728671079, 47.472560864993675], [19.06297823152593, 47.472578542049646], [19.062989295638115, 47.472576955647426], [19.06299248076132, 47.47258738057539], [19.06298124901107, 47.4725889669773], [19.0629866134291, 47.47260664402382], [19.06299784517935, 47.47260505762245], [19.06300086266449, 47.47261548254485], [19.062989798552305, 47.4726170689459], [19.06299499533227, 47.472634745982965], [19.06300622708252, 47.47263315958245], [19.063009412205727, 47.472643697813574], [19.062998180455477, 47.472645170899476], [19.063003544873506, 47.4726628479271], [19.063014776623756, 47.47266126152741], [19.063017794108898, 47.47267168643867], [19.062964485204727, 47.47267905186385], [19.062961467719585, 47.47266862695406], [19.06297253183177, 47.47266704055456], [19.062967335051805, 47.47264947684265], [19.062956103301556, 47.472650949928386], [19.06295291817835, 47.47264052501303], [19.0629641499286, 47.47263893861268], [19.06295878551057, 47.472621374891375], [19.062947721398384, 47.47262284797791], [19.06294453627518, 47.472612423056965], [19.062955600387365, 47.472610836655775], [19.0629504036074, 47.47259315961066], [19.06293917185715, 47.4725947460124], [19.062935986733944, 47.47258432108588], [19.062947218484194, 47.47258273468384], [19.062941854066164, 47.472565057629275], [19.062930789953977, 47.47256664403186], [19.062927604830772, 47.47255621909977], [19.06293866894296, 47.47255463269688], [19.062933472162992, 47.47253695563286], [19.062922240412743, 47.47253854203628], [19.062919055289537, 47.47252800378408], [19.062930287039787, 47.47252653069489], [19.062924754983694, 47.47250896693602], [19.062913690871508, 47.472510440025694], [19.062911008662493, 47.47250171480161], [19.06296649686149, 47.47250171480161]]]}}, {"type": "Feature", "properties": {"id": 3567, "roomCode": "LD-00-421-04-63", "roomNumber": "00-421", "roomName": "00-421 N\u0151i WC el\u0151t\u00e9r", "roomType": "corridor", "floorId": 22, "level": -1, "fillSource": "mvt"}, "geometry": {"type": "Polygon", "coordinates": [[[19.062975135121537, 47.47242954621899], [19.06298167300601, 47.472451529158654], [19.062951162878466, 47.47245572178012], [19.062944624993992, 47.47243373884221], [19.062975135121537, 47.47242954621899]]]}}, {"type": "Feature", "properties": {"id": 3366, "roomCode": "LD-00-422-05-71", "roomNumber": "00-422", "roomName": "00-422 N\u0151i WC csoport", "roomType": "social", "floorId": 22, "level": -1, "fillSource": "mvt"}, "geometry": {"type": "Polygon", "coordinates": [[[19.06295286619575, 47.47242697959588], [19.062959404080225, 47.4724489625337], [19.062915985821796, 47.47245485486598], [19.062911124317957, 47.472438764264716], [19.062901401310278, 47.47243445832833], [19.062907101004434, 47.47242845267963], [19.062915315269542, 47.47243207873176], [19.06295286619575, 47.47242697959588]]]}}, {"type": "Feature", "properties": {"id": 3868, "roomCode": "LD-00-423-01-14", "roomNumber": "00-423", "roomName": "00-423 Cisco lab", "roomType": "educational", "floorId": 22, "level": -1, "fillSource": "mvt"}, "geometry": {"type": "Polygon", "coordinates": [[[19.062973418447054, 47.472443375656745], [19.062981632712162, 47.47247102433029], [19.062977777036703, 47.47247159090132], [19.062985823663748, 47.472497879790254], [19.06292195356158, 47.47250671829307], [19.062914912762917, 47.47250354549736], [19.062914242210663, 47.47250082595802], [19.06291021889714, 47.47250127921459], [19.062906027945555, 47.47248734157343], [19.062909883621014, 47.472486775002565], [19.062906530859745, 47.472475443584145], [19.062902675184286, 47.472475896840926], [19.062897646042384, 47.47245923965154], [19.062901501717842, 47.47245867308038], [19.062899825337208, 47.47245346062542], [19.062973418447054, 47.472443375656745]]]}}, {"type": "Feature", "properties": {"id": 2541, "roomCode": "LD-00-425-01-18", "roomNumber": "00-425", "roomName": "00-425 Lakatos m\u0171hely", "roomType": "educational", "floorId": 22, "level": -1, "fillSource": "mvt"}, "geometry": {"type": "Polygon", "coordinates": [[[19.062956798064327, 47.47252658350781], [19.06297356187067, 47.4725819942435], [19.062899968760824, 47.47259207921775], [19.062898460018253, 47.472586753445064], [19.062894604342794, 47.472587320016665], [19.06288957520089, 47.47257066280945], [19.06289343087635, 47.47257009623769], [19.06288991047702, 47.47255865148671], [19.06288605480156, 47.4725592180586], [19.062881025659657, 47.472542447528085], [19.062884881335115, 47.47254188095601], [19.062883372592545, 47.47253666849267], [19.062956798064327, 47.47252658350781]]]}}, {"type": "Feature", "properties": {"id": 2915, "roomCode": "LD-00-428-02-33", "roomNumber": "00-428", "roomName": "00-428 \u00dczemeltet\u0151i iroda", "roomType": "administrative", "floorId": 22, "level": -1, "fillSource": "mvt"}, "geometry": {"type": "Polygon", "coordinates": [[[19.062930350012085, 47.47264933985592], [19.062935714430115, 47.4726665636735], [19.062862288958332, 47.472676648669335], [19.062860612577698, 47.472671436199825], [19.06285675690224, 47.47267200277262], [19.062852565950653, 47.47265795176541], [19.062856421626112, 47.472657498507054], [19.062855583435795, 47.472654778956816], [19.06286027730157, 47.472650019743554], [19.06286513880541, 47.47264933985592], [19.062930350012085, 47.47264933985592]]]}}, {"type": "Feature", "properties": {"id": 2742, "roomCode": "LD-00-429-04-63", "roomNumber": "00-429", "roomName": "00-429 El\u0151t\u00e9r", "roomType": "corridor", "floorId": 22, "level": -1, "fillSource": "mvt"}, "geometry": {"type": "Polygon", "coordinates": [[[19.062914467048078, 47.472675360613984], [19.062917819809346, 47.47268635194045], [19.062869037132888, 47.47269303738532], [19.062865852009683, 47.47268204606025], [19.062914467048078, 47.472675360613984]]]}}, {"type": "Feature", "properties": {"id": 3221, "roomCode": "LD-00-431-05-71", "roomNumber": "00-431", "roomName": "00-431 WC", "roomType": "social", "floorId": 22, "level": -1, "fillSource": "mvt"}, "geometry": {"type": "Polygon", "coordinates": [[[19.062896990028047, 47.47269082793981], [19.062901851531887, 47.47270703165184], [19.062891457971954, 47.472708504716316], [19.062886596468115, 47.472692187692054], [19.062896990028047, 47.47269082793981]]]}}, {"type": "Feature", "properties": {"id": 2546, "roomCode": "LD-00-432-05-71", "roomNumber": "00-432", "roomName": "00-432 WC", "roomType": "social", "floorId": 22, "level": -1, "fillSource": "mvt"}, "geometry": {"type": "Polygon", "coordinates": [[[19.06290874684708, 47.47269233295501], [19.062913440712855, 47.47270864998022], [19.062903047152922, 47.472710123044756], [19.062898353287146, 47.47269380602], [19.06290874684708, 47.47269233295501]]]}}, {"type": "Feature", "properties": {"id": 3601, "roomCode": "LD-00-501-04-63", "roomNumber": "00-501", "roomName": "00-501 K\u00f6zleked\u0151", "roomType": "corridor", "floorId": 22, "level": -1, "fillSource": "mvt"}, "geometry": {"type": "Polygon", "coordinates": [[[19.063084465213066, 47.47203168536095], [19.063086476869827, 47.47203791771906], [19.063097708620077, 47.4720364446163], [19.063100893743282, 47.47204686965033], [19.063089661993033, 47.47204834275279], [19.063095026411062, 47.47206601997918], [19.06310609052325, 47.472064546877206], [19.063109275646454, 47.472074971905656], [19.063098043896204, 47.47207655832285], [19.063103408314234, 47.47209412222427], [19.063114640064484, 47.47209264912308], [19.06311782518769, 47.47210307414596], [19.06310659343744, 47.4721046605623], [19.06311195785547, 47.47212222445434], [19.063123021967655, 47.472120751353934], [19.06312620709086, 47.472131176371235], [19.06311497534061, 47.472132762786735], [19.06312033975864, 47.47215043998472], [19.06313157150889, 47.472148853569756], [19.063134756632095, 47.472159278581486], [19.063123524881846, 47.472160864996134], [19.063128889299875, 47.472178542184665], [19.063139953412062, 47.47217695577056], [19.063143138535267, 47.47218738077671], [19.063131906785017, 47.472188967190505], [19.063137271203047, 47.472206644369585], [19.063148502953297, 47.47220505795633], [19.063153196819073, 47.47222080877162], [19.063141965068823, 47.47222228186921], [19.06314431200171, 47.47222987398691], [19.063121010310894, 47.47223304681189], [19.06311883101607, 47.47222545469465], [19.063092679478174, 47.472229080780636], [19.063095026411062, 47.47223667289735], [19.063079436071163, 47.472238825885476], [19.063077089138275, 47.472231233769065], [19.06305244634295, 47.47223463322431], [19.063046746648794, 47.47221582290254], [19.063074071653134, 47.472212083500416], [19.06307340110088, 47.47220981719598], [19.063104581780678, 47.47220562453249], [19.063083962298876, 47.47213706877141], [19.06307289818669, 47.472138541871345], [19.063069713063484, 47.4721281168555], [19.063080944813734, 47.472126530439866], [19.063075580395704, 47.472108853233834], [19.063064516283518, 47.47211043965001], [19.063061331160313, 47.47209990131313], [19.063072562910563, 47.472098428212114], [19.063067198492533, 47.472080750996625], [19.063055966742283, 47.472082337413646], [19.063052781619078, 47.472071799071124], [19.063064013369328, 47.47207032596932], [19.063058648951298, 47.47205264874439], [19.06304758483911, 47.47205423516225], [19.063044399715906, 47.472043696814104], [19.063055631466156, 47.472042223711505], [19.063052278704887, 47.47203168536095], [19.063084465213066, 47.47203168536095]]]}}, {"type": "Feature", "properties": {"id": 3637, "roomCode": "LD-00-502-02-33", "roomNumber": "00-502", "roomName": "00-502 Post\u00e1z\u00f3", "roomType": "administrative", "floorId": 22, "level": -1, "fillSource": "mvt"}, "geometry": {"type": "Polygon", "coordinates": [[[19.063129238603338, 47.47235125819517], [19.063137452868446, 47.472378566862325], [19.063064027396663, 47.47238865180221], [19.063055813131555, 47.4723613431403], [19.063129238603338, 47.47235125819517]]]}}, {"type": "Feature", "properties": {"id": 2582, "roomCode": "LD-00-503-01-13", "roomNumber": "00-503", "roomName": "00-503 IK dolgoz\u00f3 szoba", "roomType": "educational", "floorId": 22, "level": -1, "fillSource": "mvt"}, "geometry": {"type": "Polygon", "coordinates": [[[19.063137699603338, 47.47232314820517], [19.063145913868446, 47.472350456857725], [19.063072488396664, 47.47236054179221], [19.063064274131555, 47.4723332331449], [19.063137699603338, 47.47232314820517]]]}}, {"type": "Feature", "properties": {"id": 3743, "roomCode": "LD-00-504-01-12", "roomNumber": "00-504", "roomName": "00-504 Geok\u00e9miai szemin\u00e1rium (z\u00e1rt terem)", "roomType": "educational", "floorId": 22, "level": -1, "fillSource": "mvt"}, "geometry": {"type": "Polygon", "coordinates": [[[19.063153638545575, 47.472265989468994], [19.063170234713855, 47.47232139992704], [19.063096809242072, 47.472331484850734], [19.063088259700837, 47.47230338303605], [19.063079877797666, 47.4722761877172], [19.063153638545575, 47.472265989468994]]]}}, {"type": "Feature", "properties": {"id": 2829, "roomCode": "LD-00-505-01-14", "roomNumber": "00-505", "roomName": "00-505 L\u00e9zeres szemcseelemz\u0151 labor", "roomType": "educational", "floorId": 22, "level": -1, "fillSource": "mvt"}, "geometry": {"type": "Polygon", "coordinates": [[[19.063163087603336, 47.47223885589205], [19.063171301868444, 47.47226605118703], [19.06309787639666, 47.47227613610534], [19.063089662131553, 47.472248940815575], [19.063163087603336, 47.47223885589205]]]}}, {"type": "Feature", "properties": {"id": 2589, "roomCode": "LD-00-506-01-14", "roomNumber": "00-506", "roomName": "00-506 Litoszf\u00e9ra fluidum kutat\u00f3 labor", "roomType": "educational", "floorId": 22, "level": -1, "fillSource": "mvt"}, "geometry": {"type": "Polygon", "coordinates": [[[19.063171549603336, 47.472210742902014], [19.063179763868444, 47.47223793818246], [19.06310633839666, 47.47224802309538], [19.063098124131553, 47.47222082782015], [19.063171549603336, 47.472210742902014]]]}}, {"type": "Feature", "properties": {"id": 3675, "roomCode": "LD-00-507-01-13", "roomNumber": "00-507", "roomName": "00-507 Oktat\u00f3", "roomType": "educational", "floorId": 22, "level": -1, "fillSource": "mvt"}, "geometry": {"type": "Polygon", "coordinates": [[[19.063174228090148, 47.472182435278164], [19.063182442355256, 47.47220963054407], [19.063173222261767, 47.472210876993415], [19.06310633467446, 47.472210876993415], [19.063100802618365, 47.472192520190916], [19.063174228090148, 47.472182435278164]]]}}, {"type": "Feature", "properties": {"id": 3033, "roomCode": "LD-00-508-01-14", "roomNumber": "00-508", "roomName": "00-508 Kutat\u00f3 szoba", "roomType": "educational", "floorId": 22, "level": -1, "fillSource": "mvt"}, "geometry": {"type": "Polygon", "coordinates": [[[19.063188473603336, 47.47215451359269], [19.063196687868444, 47.472181709324424], [19.06312326239666, 47.472191794404694], [19.063115048131554, 47.47216459867819], [19.063188473603336, 47.47215451359269]]]}}, {"type": "Feature", "properties": {"id": 2905, "roomCode": "LD-00-509-01-14", "roomNumber": "00-509", "roomName": "00-509 K\u00f6rnyezetgeok\u00e9miai labor", "roomType": "educational", "floorId": 22, "level": -1, "fillSource": "mvt"}, "geometry": {"type": "Polygon", "coordinates": [[[19.06319689183272, 47.47209823383317], [19.063213655639064, 47.47215364509206], [19.06314023016728, 47.472163730161526], [19.06312346636094, 47.47210831891327], [19.06319689183272, 47.47209823383317]]]}}, {"type": "Feature", "properties": {"id": 3127, "roomCode": "LD-00-513-05-79", "roomNumber": "00-513", "roomName": "00-513 Mop mos\u00f3g\u00e9p", "roomType": "social", "floorId": 22, "level": -1, "fillSource": "mvt"}, "geometry": {"type": "Polygon", "coordinates": [[[19.06324804952087, 47.471964678020136], [19.063255257957596, 47.47198870082678], [19.063217036479134, 47.47199391332111], [19.063209828042407, 47.471970003831984], [19.06324804952087, 47.471964678020136]]]}}, {"type": "Feature", "properties": {"id": 3466, "roomCode": "LD-00-519-04-63", "roomNumber": "00-519", "roomName": "00-519 El\u0151t\u00e9r", "roomType": "corridor", "floorId": 22, "level": -1, "fillSource": "mvt"}, "geometry": {"type": "Polygon", "coordinates": [[[19.063095672595658, 47.47207395107405], [19.063098354804673, 47.47208505597837], [19.063050242680468, 47.47209162826757], [19.0630468899192, 47.47208063667999], [19.063095672595658, 47.47207395107405]]]}}, {"type": "Feature", "properties": {"id": 2927, "roomCode": "LD-00-521-05-71", "roomNumber": "00-521", "roomName": "00-521 WC", "roomType": "social", "floorId": 22, "level": -1, "fillSource": "mvt"}, "geometry": {"type": "Polygon", "coordinates": [[[19.063086757028046, 47.47206044873424], [19.063091618531885, 47.47207665282434], [19.063081224971953, 47.4720781259232], [19.063076363468113, 47.47206180851822], [19.063086757028046, 47.47206044873424]]]}}, {"type": "Feature", "properties": {"id": 3635, "roomCode": "LD-00-522-05-71", "roomNumber": "00-522", "roomName": "00-522 WC", "roomType": "social", "floorId": 22, "level": -1, "fillSource": "mvt"}, "geometry": {"type": "Polygon", "coordinates": [[[19.063098455028047, 47.4720620010763], [19.063103316531887, 47.47207831848223], [19.063092922971954, 47.47207967826583], [19.063088061468115, 47.472063474175656], [19.063098455028047, 47.4720620010763]]]}}, {"type": "Feature", "properties": {"id": 3036, "roomCode": "LD-00-523-01-13", "roomNumber": "00-523", "roomName": "00-523 Oktat\u00f3", "roomType": "educational", "floorId": 22, "level": -1, "fillSource": "mvt"}, "geometry": {"type": "Polygon", "coordinates": [[[19.063053953545573, 47.472175636034066], [19.06305713866878, 47.47218628751128], [19.062980695711854, 47.47218628751128], [19.06298052807379, 47.4721857209434], [19.063053953545573, 47.472175636034066]]]}}, {"type": "Feature", "properties": {"id": 2733, "roomCode": "LD-00-524-01-12", "roomNumber": "00-524", "roomName": "00-524 Mauritz B\u00e9la terem (koz.tsz. z\u00e1rt terem)", "roomType": "educational", "floorId": 22, "level": -1, "fillSource": "mvt"}, "geometry": {"type": "Polygon", "coordinates": [[[19.063013383530215, 47.47220902852452], [19.063021262519197, 47.47223543064204], [19.063024615280465, 47.47223497738692], [19.06304976098998, 47.472318829518436], [19.062976335518197, 47.47232891442794], [19.062944316648082, 47.47222273949708], [19.062949010513858, 47.4722178670031], [19.063013383530215, 47.47220902852452]]]}}, {"type": "Feature", "properties": {"id": 2526, "roomCode": "LD-00-525-01-13", "roomNumber": "00-525", "roomName": "00-525 PhD szoba", "roomType": "educational", "floorId": 22, "level": -1, "fillSource": "mvt"}, "geometry": {"type": "Polygon", "coordinates": [[[19.063076070603337, 47.472080442961264], [19.063084284868445, 47.47210775197006], [19.063010859396663, 47.472117837036116], [19.063002645131554, 47.47209052803255], [19.063076070603337, 47.472080442961264]]]}}, {"type": "Feature", "properties": {"id": 2922, "roomCode": "LD-00-526-01-14", "roomNumber": "00-526", "roomName": "00-526 K\u0151zettani labor", "roomType": "educational", "floorId": 22, "level": -1, "fillSource": "mvt"}, "geometry": {"type": "Polygon", "coordinates": [[[19.06305910283272, 47.4721085921556], [19.063075866639064, 47.47216389010993], [19.06300244116728, 47.47217408849681], [19.06298567736094, 47.47211867723767], [19.06305910283272, 47.4721085921556]]]}}, {"type": "Feature", "properties": {"id": 3504, "roomCode": "LD-00-529-04-63", "roomNumber": "00-529", "roomName": "00-529 FFI WC el\u0151t\u00e9r", "roomType": "corridor", "floorId": 22, "level": -1, "fillSource": "mvt"}, "geometry": {"type": "Polygon", "coordinates": [[[19.063010835121535, 47.47231093924854], [19.06301737300601, 47.47233292213857], [19.062986862878464, 47.47233711475059], [19.06298032499399, 47.472315131862295], [19.063010835121535, 47.47231093924854]]]}}, {"type": "Feature", "properties": {"id": 2517, "roomCode": "LD-00-530-05-71", "roomNumber": "00-530", "roomName": "00-530 F\u00e9rfi WC csoport", "roomType": "social", "floorId": 22, "level": -1, "fillSource": "mvt"}, "geometry": {"type": "Polygon", "coordinates": [[[19.062986266038443, 47.472298209638915], [19.062992803922917, 47.47232019252715], [19.062955420634772, 47.47232540496322], [19.062950056216742, 47.47233073071258], [19.06294117139938, 47.47232676472907], [19.06294754164579, 47.47232041915482], [19.06294268014195, 47.47230421527424], [19.062986266038443, 47.472298209638915]]]}}, {"type": "Feature", "properties": {"id": 2780, "roomCode": "LD-00-531-04-63", "roomNumber": "00-531", "roomName": "00-531 K\u00f6zleked\u0151", "roomType": "corridor", "floorId": 22, "level": -1, "fillSource": "mvt"}, "geometry": {"type": "Polygon", "coordinates": [[[19.063384424422704, 47.471989784812905], [19.063384424422704, 47.47201074811724], [19.06337587488147, 47.47201199458372], [19.063369672273122, 47.471991824486125], [19.063384424422704, 47.471989784812905]]]}}, {"type": "Feature", "properties": {"id": 2627, "roomCode": "LD-00-601/A-01-14", "roomNumber": "00-601/A", "roomName": "00-601/A K\u0151zettani termikus labor", "roomType": "educational", "floorId": 22, "level": -1, "fillSource": "mvt"}, "geometry": {"type": "Polygon", "coordinates": [[[19.063123335129216, 47.47197562333893], [19.063130208289817, 47.471998399682896], [19.063088634050086, 47.47200417875367], [19.063082599079802, 47.47198389534559], [19.06309282500167, 47.47198253556376], [19.063092154449418, 47.47197992931516], [19.063123335129216, 47.47197562333893]]]}}, {"type": "Feature", "properties": {"id": 2595, "roomCode": "LD-00-601/B-01-14", "roomNumber": "00-601/B", "roomName": "00-601/B K\u0151zettani fot\u00f3", "roomType": "educational", "floorId": 22, "level": -1, "fillSource": "mvt"}, "geometry": {"type": "Polygon", "coordinates": [[[19.063125482715858, 47.47194659554515], [19.06313336170484, 47.47197254470068], [19.06309178746511, 47.47197821045345], [19.06308407611419, 47.471952261300714], [19.063125482715858, 47.47194659554515]]]}}, {"type": "Feature", "properties": {"id": 3606, "roomCode": "LD-00-604-01-14", "roomNumber": "00-604", "roomName": "00-604 K\u0151zettani por\u00edt\u00f3", "roomType": "educational", "floorId": 22, "level": -1, "fillSource": "mvt"}, "geometry": {"type": "Polygon", "coordinates": [[[19.063004292876016, 47.47191472893352], [19.063010998398553, 47.471936938676656], [19.06298300284196, 47.47194079138625], [19.062980320632946, 47.47193172618677], [19.062972609282028, 47.47193285933678], [19.062968585968505, 47.47191960148002], [19.063004292876016, 47.47191472893352]]]}}, {"type": "Feature", "properties": {"id": 3540, "roomCode": "LD-00-605-01-14", "roomNumber": "00-605", "roomName": "00-605 K\u0151zettani por\u00edt\u00f3", "roomType": "educational", "floorId": 22, "level": -1, "fillSource": "mvt"}, "geometry": {"type": "Polygon", "coordinates": [[[19.062987499573957, 47.47193818468155], [19.062999737152587, 47.47197897811246], [19.062964030245077, 47.47198396397407], [19.062951625028383, 47.47194305723191], [19.062987499573957, 47.47193818468155]]]}}, {"type": "Feature", "properties": {"id": 3765, "roomCode": "LD-00-606-01-14", "roomNumber": "00-606", "roomName": "00-606 K\u0151zettani mikrotechnikai labor", "roomType": "educational", "floorId": 22, "level": -1, "fillSource": "mvt"}, "geometry": {"type": "Polygon", "coordinates": [[[19.06294487447156, 47.47190297537113], [19.062961303001778, 47.47195781986002], [19.062946047938006, 47.471959972845], [19.062948897785084, 47.47196892472892], [19.062920734590428, 47.47197277743797], [19.062901456213133, 47.47190886775697], [19.06294487447156, 47.47190297537113]]]}}, {"type": "Feature", "properties": {"id": 3256, "roomCode": "LD-00-607-01-14", "roomNumber": "00-607", "roomName": "00-607 K\u0151zettani m\u00e1gneses szepar\u00e1tor", "roomType": "educational", "floorId": 22, "level": -1, "fillSource": "mvt"}, "geometry": {"type": "Polygon", "coordinates": [[[19.062905877149582, 47.471944916902686], [19.062912750310183, 47.471967693233985], [19.06287637285042, 47.47197267909624], [19.062869499689818, 47.47194990276709], [19.062905877149582, 47.471944916902686]]]}}, {"type": "Feature", "properties": {"id": 3251, "roomCode": "LD-00-608-01-14", "roomNumber": "00-608", "roomName": "00-608 K\u0151zettani mikrotechnikai labor", "roomType": "educational", "floorId": 22, "level": -1, "fillSource": "mvt"}, "geometry": {"type": "Polygon", "coordinates": [[[19.062910511023038, 47.47189558130278], [19.06291989875459, 47.47192674293356], [19.062897099977963, 47.471929915753115], [19.062899782186978, 47.47193898095077], [19.06287161899232, 47.471942833659305], [19.062868936783307, 47.471933768462314], [19.06284613800668, 47.47193694128144], [19.062836750275128, 47.47190577965671], [19.062910511023038, 47.47189558130278]]]}}, {"type": "Feature", "properties": {"id": 3438, "roomCode": "LD-00-609-01-14", "roomNumber": "00-609", "roomName": "00-609 K\u0151zettani neh\u00e9z\u00e1sv\u00e1ny labor", "roomType": "educational", "floorId": 22, "level": -1, "fillSource": "mvt"}, "geometry": {"type": "Polygon", "coordinates": [[[19.062868316149583, 47.47193968624651], [19.062875189310184, 47.47196257589065], [19.06283881185042, 47.47196756175241], [19.06283193868982, 47.47194467211044], [19.062868316149583, 47.47193968624651]]]}}, {"type": "Feature", "properties": {"id": 3380, "roomCode": "LD-00-610-01-14", "roomNumber": "00-610", "roomName": "00-610 \u00c1sv\u00e1nytani csiszol\u00f3", "roomType": "educational", "floorId": 22, "level": -1, "fillSource": "mvt"}, "geometry": {"type": "Polygon", "coordinates": [[[19.062826132130716, 47.471874953107275], [19.06284541050801, 47.47193886277545], [19.06281758258948, 47.47194271548347], [19.062814732742403, 47.4719336502877], [19.062790425223206, 47.471937049736304], [19.06279310743222, 47.47194600161655], [19.062765111875628, 47.47194985432403], [19.062745833498333, 47.47188594466922], [19.062826132130716, 47.471874953107275]]]}}, {"type": "Feature", "properties": {"id": 3045, "roomCode": "LD-00-611-01-14", "roomNumber": "00-611", "roomName": "00-611 M\u0171szer\u00e9sz szoba", "roomType": "educational", "floorId": 22, "level": -1, "fillSource": "mvt"}, "geometry": {"type": "Polygon", "coordinates": [[[19.062754081821126, 47.47186069656758], [19.062770510351342, 47.47191565434258], [19.062747711574715, 47.47191871384589], [19.06275039378373, 47.47192766572492], [19.062722230589074, 47.47193151843188], [19.06271954838006, 47.4719225665535], [19.062702616935653, 47.471924946166894], [19.06270110819308, 47.471919620365355], [19.06267311263649, 47.4719234730729], [19.062673950826806, 47.471926192631], [19.06264679346053, 47.471929818708254], [19.06264679346053, 47.47190001687842], [19.06270295221178, 47.47189242477459], [19.062695743775052, 47.47186874193617], [19.062754081821126, 47.47186069656758]]]}}, {"type": "Feature", "properties": {"id": 2685, "roomCode": "LD-00-613-01-14", "roomNumber": "00-613", "roomName": "00-613 M\u0171szer\u00e9sz", "roomType": "educational", "floorId": 22, "level": -1, "fillSource": "mvt"}, "geometry": {"type": "Polygon", "coordinates": [[[19.06269480020601, 47.47184532812211], [19.062696476586645, 47.47185054060831], [19.06270167336661, 47.471849860718834], [19.062700835176294, 47.47184725447576], [19.062712569840734, 47.47184555475196], [19.062727824904506, 47.4718965464423], [19.062696476586645, 47.471900852405], [19.062680383332555, 47.47184725447576], [19.06269480020601, 47.47184532812211]]]}}, {"type": "Feature", "properties": {"id": 3240, "roomCode": "LD-00-615-01-14", "roomNumber": "00-615", "roomName": "00-615 Minta t\u00e1rol\u00f3 \u00e9s feldolgoz\u00f3", "roomType": "educational", "floorId": 22, "level": -1, "fillSource": "mvt"}, "geometry": {"type": "Polygon", "coordinates": [[[19.062623502993656, 47.47182339710679], [19.0626384227813, 47.471873142377945], [19.062629370325876, 47.47187438884199], [19.062630376154257, 47.47187790160415], [19.062634231829716, 47.471877335029625], [19.06265049272187, 47.47193093295273], [19.0626109301389, 47.47193637206239], [19.062594669246746, 47.47188277414482], [19.06259919547446, 47.471882094255456], [19.062598189646078, 47.47187869480848], [19.06259383105643, 47.47187926138299], [19.06257874363072, 47.47182962943263], [19.062623502993656, 47.47182339710679]]]}}, {"type": "Feature", "properties": {"id": 2600, "roomCode": "LD-00-616-04-63", "roomNumber": "00-616", "roomName": "00-616 K\u00f6zleked\u0151", "roomType": "corridor", "floorId": 22, "level": -1, "fillSource": "mvt"}, "geometry": {"type": "Polygon", "coordinates": [[[19.062993406651895, 47.47194080211269], [19.062995753584783, 47.47194828091666], [19.063006147144716, 47.471946807818995], [19.06300681769697, 47.47194896080788], [19.063037998376767, 47.471944768145235], [19.063043698070924, 47.471963578466934], [19.06304587736575, 47.47197105726766], [19.063030454663913, 47.47197321025555], [19.06302827536909, 47.47196561813996], [19.063002123831193, 47.47196924422516], [19.063004303126018, 47.471976836340225], [19.062988880424182, 47.47197887601274], [19.062986701129358, 47.471971397213125], [19.062960549591462, 47.47197490998277], [19.062962728886287, 47.47198250209701], [19.06294730618445, 47.47198465508444], [19.062944959251563, 47.4719770629705], [19.06291897535173, 47.47198068905491], [19.062921154646556, 47.47198828116833], [19.06290573194472, 47.4719903208404], [19.062903385011833, 47.4719828420424], [19.062877233473937, 47.471986354811285], [19.062879580406825, 47.47199394692389], [19.06286415770499, 47.47199609991084], [19.0628618107721, 47.47198850779856], [19.06283582687227, 47.47199224719728], [19.062838006167095, 47.47199972599393], [19.062822415827195, 47.47200176566556], [19.06282023653237, 47.471994286869204], [19.06279425263254, 47.47199779963732], [19.062796431927364, 47.47200539174826], [19.062780841587465, 47.472007544734744], [19.06277866229264, 47.47199995262412], [19.062752510754745, 47.472003578706946], [19.062754857687633, 47.47201117081705], [19.062739267347734, 47.47201321048823], [19.06273708805291, 47.4720057316935], [19.062710936515014, 47.47200924446086], [19.062713283447902, 47.47201683657015], [19.062697693108003, 47.472018989556155], [19.062695346175115, 47.47201139744718], [19.062669362275283, 47.472015023529224], [19.062671541570108, 47.47202261563768], [19.062656118868272, 47.47202465530841], [19.062653939573448, 47.472017176515315], [19.062627788035552, 47.4720206892819], [19.06263013496844, 47.472028281389534], [19.06262426763622, 47.47202907459475], [19.06262426763622, 47.47200153903538], [19.06267942055909, 47.47199406023899], [19.062678750006835, 47.471991907251955], [19.062689143566768, 47.471990547470625], [19.06268679663388, 47.47198295535754], [19.06270238697378, 47.47198080237005], [19.062704566268604, 47.47198839448344], [19.0627307178065, 47.471984768399565], [19.06272837087361, 47.471977289600794], [19.06274396121351, 47.47197513661306], [19.062746308146398, 47.471982615412145], [19.06277229204623, 47.47197910264301], [19.06276994511334, 47.47197151052827], [19.062785703091304, 47.47196935754032], [19.06278788238613, 47.47197694965536], [19.062814033924024, 47.471973323570694], [19.062811686991136, 47.47196573145512], [19.06282710969297, 47.4719636917821], [19.06282945662586, 47.47197117058282], [19.062855608163755, 47.47196765781291], [19.062853261230867, 47.47196006569652], [19.062868683932702, 47.47195791270809], [19.06287103086559, 47.471965504824794], [19.062897182403486, 47.47196187873934], [19.062894835470598, 47.4719543999373], [19.062910258172433, 47.47195224694864], [19.06291260510532, 47.47195972575099], [19.062938756643216, 47.47195621298032], [19.06293640971033, 47.47194862086227], [19.062952000050227, 47.47194646787337], [19.062954179345052, 47.47195405999173], [19.062980330882947, 47.47195043390549], [19.06297798395006, 47.471942955101824], [19.062993406651895, 47.47194080211269]]]}}, {"type": "Feature", "properties": {"id": 3254, "roomCode": "LD-00-617-04-63", "roomNumber": "00-617", "roomName": "00-617 El\u0151t\u00e9r", "roomType": "corridor", "floorId": 22, "level": -1, "fillSource": "mvt"}, "geometry": {"type": "Polygon", "coordinates": [[[19.06263252615125, 47.471965076490726], [19.062636214188647, 47.471977314522285], [19.062620623848748, 47.47197946750903], [19.062616935811352, 47.47196722947796], [19.06263252615125, 47.471965076490726]]]}}, {"type": "Feature", "properties": {"id": 2373, "roomCode": "LD-00-618-04-64", "roomNumber": "00-618", "roomName": "00-618 L\u00e9pcs\u0151h\u00e1z", "roomType": "corridor", "floorId": 22, "level": -1, "fillSource": "mvt"}, "geometry": {"type": "Polygon", "coordinates": [[[19.06262744441803, 47.47197819944644], [19.06263230592187, 47.47199406356595], [19.06261671558197, 47.471996216553244], [19.06261185407813, 47.47198035243437], [19.06262744441803, 47.47197819944644]]]}}, {"type": "Feature", "properties": {"id": 3473, "roomCode": "LD-00-620-01-14", "roomNumber": "00-620", "roomName": "00-620 \u00c1sv\u00e1nyhat\u00e1roz\u00f3 labor", "roomType": "educational", "floorId": 22, "level": -1, "fillSource": "mvt"}, "geometry": {"type": "Polygon", "coordinates": [[[19.06276692288374, 47.47198607866556], [19.062781842671384, 47.47203571072528], [19.06270204695319, 47.47204670229381], [19.06268830063199, 47.472001036277526], [19.062692826859703, 47.47199627703782], [19.06276692288374, 47.47198607866556]]]}}, {"type": "Feature", "properties": {"id": 2284, "roomCode": "LD-00-621-01-14", "roomNumber": "00-621", "roomName": "00-621 Nedvesk\u00e9mia labor/\u00c1sv\u00e1nytani prepar\u00e1l\u00f3", "roomType": "educational", "floorId": 22, "level": -1, "fillSource": "mvt"}, "geometry": {"type": "Polygon", "coordinates": [[[19.062842001612687, 47.47199407286147], [19.062856921400332, 47.472043704932005], [19.062774946387314, 47.47205492313323], [19.06276002659967, 47.472005291073295], [19.062842001612687, 47.47199407286147]]]}}, {"type": "Feature", "properties": {"id": 2903, "roomCode": "LD-00-622-01-14", "roomNumber": "00-622", "roomName": "00-622 \u00c1sv\u00e1nytani pol\u00edroz\u00f3", "roomType": "educational", "floorId": 22, "level": -1, "fillSource": "mvt"}, "geometry": {"type": "Polygon", "coordinates": [[[19.06288360349282, 47.472005494738724], [19.062898523280467, 47.472055126814716], [19.06285812250718, 47.472060679258654], [19.062843202719534, 47.47201104718791], [19.06288360349282, 47.472005494738724]]]}}, {"type": "Feature", "properties": {"id": 3843, "roomCode": "LD-00-623-01-12", "roomNumber": "00-623", "roomName": "00-623", "roomType": "educational", "floorId": 22, "level": -1, "fillSource": "mvt"}, "geometry": {"type": "Polygon", "coordinates": [[[19.062925153583304, 47.472011214735744], [19.06294007337095, 47.47206084681709], [19.062899840235726, 47.47206639926163], [19.062884752810017, 47.47201676718553], [19.062925153583304, 47.472011214735744]]]}}, {"type": "Feature", "properties": {"id": 2727, "roomCode": "LD-00-627-04-64", "roomNumber": "00-627", "roomName": "00-627 L\u00e9pcs\u0151h\u00e1z", "roomType": "corridor", "floorId": 22, "level": -1, "fillSource": "mvt"}, "geometry": {"type": "Polygon", "coordinates": [[[19.06309024423706, 47.47204189109318], [19.063094938102836, 47.472057641916614], [19.063079347762937, 47.4720597949065], [19.06307465389716, 47.47204404408371], [19.06309024423706, 47.47204189109318]]]}}, {"type": "Feature", "properties": {"id": 3243, "roomCode": "LD-00-628-04-63", "roomNumber": "00-628", "roomName": "00-628 El\u0151t\u00e9r", "roomType": "corridor", "floorId": 22, "level": -1, "fillSource": "mvt"}, "geometry": {"type": "Polygon", "coordinates": [[[19.06309528506077, 47.472028654824385], [19.063098973098164, 47.47204100618601], [19.063083382758265, 47.47204315917536], [19.063079527082806, 47.472030807814235], [19.06309528506077, 47.472028654824385]]]}}, {"type": "Feature", "properties": {"id": 2929, "roomCode": "LD-00-702-05-71", "roomNumber": "00-702", "roomName": "00-702 WC", "roomType": "social", "floorId": 22, "level": -1, "fillSource": "mvt"}, "geometry": {"type": "Polygon", "coordinates": [[[19.062614857209017, 47.47199550708752], [19.06261988635092, 47.472011824472794], [19.062609492790987, 47.47201318425468], [19.062604463649084, 47.47199698018501], [19.062614857209017, 47.47199550708752]]]}}, {"type": "Feature", "properties": {"id": 3389, "roomCode": "LD-00-703-05-71", "roomNumber": "00-703", "roomName": "00-703 WC", "roomType": "social", "floorId": 22, "level": -1, "fillSource": "mvt"}, "geometry": {"type": "Polygon", "coordinates": [[[19.062603288028047, 47.47199391308778], [19.062608149531886, 47.47201023047257], [19.062597755971954, 47.47201159025441], [19.062592894468114, 47.47199538618523], [19.062603288028047, 47.47199391308778]]]}}, {"type": "Feature", "properties": {"id": 3118, "roomCode": "LD-00-704-04-63", "roomNumber": "00-704", "roomName": "00-704 El\u0151t\u00e9r", "roomType": "corridor", "floorId": 22, "level": -1, "fillSource": "mvt"}, "geometry": {"type": "Polygon", "coordinates": [[[19.062637196319532, 47.472011003742274], [19.0626405490808, 47.47202199531809], [19.062592436956596, 47.47202856759943], [19.062588413643073, 47.47201768934021], [19.062637196319532, 47.472011003742274]]]}}, {"type": "Feature", "properties": {"id": 3152, "roomCode": "LD-00-705-01-14", "roomNumber": "00-705", "roomName": "00-705 \u00c1sv\u00e1nytani optikai gyakorl\u00f3", "roomType": "educational", "floorId": 22, "level": -1, "fillSource": "mvt"}, "geometry": {"type": "Polygon", "coordinates": [[[19.062650900690816, 47.47202678253147], [19.06265794148948, 47.47205012548989], [19.06265794148948, 47.472082080396746], [19.062593736111186, 47.47209091898457], [19.062577475219033, 47.4720368675973], [19.062650900690816, 47.47202678253147]]]}}, {"type": "Feature", "properties": {"id": 2263, "roomCode": "LD-00-706-01-13", "roomNumber": "00-706", "roomName": "00-706 Kezd\u0151 Gyakorl\u00f3 Gy\u0171jtem\u00e9ny", "roomType": "educational", "floorId": 22, "level": -1, "fillSource": "mvt"}, "geometry": {"type": "Polygon", "coordinates": [[[19.06263932383272, 47.47208011184447], [19.062656087639063, 47.47213552308423], [19.06258266216728, 47.47214560815023], [19.062565898360937, 47.47209019692108], [19.06263932383272, 47.47208011184447]]]}}, {"type": "Feature", "properties": {"id": 3244, "roomCode": "LD-00-708-01-12", "roomNumber": "00-708", "roomName": "00-708 \u00c1sv\u00e1nytani szemin\u00e1rium (z\u00e1rt terem)", "roomType": "educational", "floorId": 22, "level": -1, "fillSource": "mvt"}, "geometry": {"type": "Polygon", "coordinates": [[[19.062617524232053, 47.47217548274054], [19.062628755982303, 47.47221344280218], [19.06255231302538, 47.47221344280218], [19.06254409876027, 47.47218556765511], [19.062617524232053, 47.47217548274054]]]}}, {"type": "Feature", "properties": {"id": 2225, "roomCode": "LD-00-709-05-71", "roomNumber": "00-709", "roomName": "00-709 Mosd\u00f3-zuhany", "roomType": "social", "floorId": 22, "level": -1, "fillSource": "mvt"}, "geometry": {"type": "Polygon", "coordinates": [[[19.062569202940566, 47.47222087724301], [19.062573058616024, 47.47223368168664], [19.06254640416394, 47.47223730772321], [19.062544392507178, 47.47223028227713], [19.062555959533555, 47.472228695885946], [19.06255378023873, 47.47222121718402], [19.062569202940566, 47.47222087724301]]]}}, {"type": "Feature", "properties": {"id": 2934, "roomCode": "LD-00-710-05-71", "roomNumber": "00-710", "roomName": "00-710 WC", "roomType": "social", "floorId": 22, "level": -1, "fillSource": "mvt"}, "geometry": {"type": "Polygon", "coordinates": [[[19.06254614875192, 47.472228648053104], [19.062551680808014, 47.472247118182764], [19.06254128724808, 47.472248477946664], [19.062535755191988, 47.47223000781747], [19.06254614875192, 47.472228648053104]]]}}, {"type": "Feature", "properties": {"id": 3084, "roomCode": "LD-00-711-04-63", "roomNumber": "00-711", "roomName": "00-711 El\u0151t\u00e9r", "roomType": "corridor", "floorId": 22, "level": -1, "fillSource": "mvt"}, "geometry": {"type": "Polygon", "coordinates": [[[19.062559074872564, 47.472239187197566], [19.062559242510627, 47.472239980393496], [19.062561254167388, 47.47223975376609], [19.062565109842847, 47.47225244489937], [19.062549519502948, 47.4722527848404], [19.062545999103616, 47.47224088690311], [19.062559074872564, 47.472239187197566]]]}}, {"type": "Feature", "properties": {"id": 3476, "roomCode": "LD-00-712-05-71", "roomNumber": "00-712", "roomName": "00-712 F\u00e9rfi \u00f6lt\u00f6z\u0151", "roomType": "social", "floorId": 22, "level": -1, "fillSource": "mvt"}, "geometry": {"type": "Polygon", "coordinates": [[[19.062597422762135, 47.472227466925965], [19.0626044635608, 47.47223063970989], [19.062611169083336, 47.47225307581931], [19.06256892429135, 47.472258854815635], [19.06256104530237, 47.472232452729195], [19.062597422762135, 47.472227466925965]]]}}, {"type": "Feature", "properties": {"id": 2492, "roomCode": "LD-00-713-04-63", "roomNumber": "00-713", "roomName": "00-713 FFI WC el\u0151t\u00e9r", "roomType": "corridor", "floorId": 22, "level": -1, "fillSource": "mvt"}, "geometry": {"type": "Polygon", "coordinates": [[[19.062555183302504, 47.47224828826414], [19.06256188882504, 47.47227027112797], [19.062531378697496, 47.47227446373497], [19.06252467317496, 47.4722524808729], [19.062555183302504, 47.47224828826414]]]}}, {"type": "Feature", "properties": {"id": 2996, "roomCode": "LD-00-714-05-71", "roomNumber": "00-714", "roomName": "00-714 F\u00e9rfi WC csoport", "roomType": "social", "floorId": 22, "level": -1, "fillSource": "mvt"}, "geometry": {"type": "Polygon", "coordinates": [[[19.062590512919673, 47.47224912362469], [19.062595374423513, 47.472265327491044], [19.062604929793128, 47.47226952009901], [19.062599062460908, 47.47227552572605], [19.062591015833863, 47.472271899687165], [19.06255363254572, 47.47227711211798], [19.06254692702318, 47.47225512925406], [19.062590512919673, 47.47224912362469]]]}}, {"type": "Feature", "properties": {"id": 3692, "roomCode": "LD-00-715-04-63", "roomNumber": "00-715", "roomName": "00-715 K\u00f6zleked\u0151", "roomType": "corridor", "floorId": 22, "level": -1, "fillSource": "mvt"}, "geometry": {"type": "Polygon", "coordinates": [[[19.062546278291542, 47.471938532209805], [19.062547954672176, 47.47194374472754], [19.062536722921926, 47.47194521783029], [19.062542087339956, 47.47196289506003], [19.062553319090206, 47.47196142195778], [19.062556336575348, 47.471971846988204], [19.06254527246316, 47.471973320090164], [19.062550469243128, 47.471990997310456], [19.062561700993378, 47.47198952420899], [19.062564886116583, 47.47199994923385], [19.062553654366333, 47.472001535650485], [19.062559018784363, 47.47201909954585], [19.06257008289655, 47.47201762644517], [19.062573268019754, 47.472028051464456], [19.062562203907568, 47.472029637880254], [19.062567400687534, 47.472047201766216], [19.062578632437784, 47.47204572866633], [19.06258181756099, 47.47205615368003], [19.06257058581074, 47.47205774009498], [19.06257595022877, 47.47207541728687], [19.062587014340956, 47.47207383087245], [19.06259019946416, 47.47208425588059], [19.062579135351974, 47.47208584229468], [19.06258433213194, 47.47210351947712], [19.06259556388219, 47.47210193306356], [19.062598749005396, 47.472112471381344], [19.06258768489321, 47.47211394447936], [19.06260830437501, 47.4721825001491], [19.062614674621422, 47.47220346343522], [19.06260679563244, 47.472204596585584], [19.062608974927265, 47.472212075377364], [19.06258584087451, 47.47221536151281], [19.062583493941624, 47.472207769406474], [19.06257108872493, 47.47220958244689], [19.06257209455331, 47.47221264195246], [19.062538231664497, 47.47221728786798], [19.06253001739939, 47.4721900922591], [19.062563880288202, 47.47218544634117], [19.062566394859154, 47.472193718341096], [19.062578800075848, 47.47219213193025], [19.062573435657818, 47.472174454777615], [19.06256237154563, 47.4721759278739], [19.062559186422426, 47.47216550288395], [19.062570418172676, 47.472163916472255], [19.062565053754646, 47.472146352625295], [19.062553822004396, 47.47214782572236], [19.06255063688119, 47.47213740072685], [19.06256186863144, 47.4721358143143], [19.06255650421341, 47.47211813714272], [19.062545440101225, 47.47211972355581], [19.06254225497802, 47.472109298554706], [19.06255348672827, 47.47210771214132], [19.06254812231024, 47.47209003496029], [19.06253689055999, 47.47209162137421], [19.062533873074848, 47.47208119636754], [19.062544937187035, 47.47207960995331], [19.062539740407068, 47.47206193276283], [19.06252850865682, 47.4720635191776], [19.062525323533613, 47.472053094165354], [19.062536555283863, 47.472051507750265], [19.062531190865833, 47.47203383055034], [19.062519959115583, 47.47203541696596], [19.06251694163044, 47.472024878632716], [19.062528005742628, 47.472023405532205], [19.06252280896266, 47.47200572832282], [19.062511577212412, 47.47200731473928], [19.062508392089207, 47.47199677640042], [19.062519623839457, 47.47199518998362], [19.062514259421427, 47.471977626080275], [19.062503027671177, 47.47197921249759], [19.062500010186035, 47.47196867415308], [19.06251107429822, 47.471967201050994], [19.062505877518255, 47.471949523822694], [19.062494645768005, 47.47195099692528], [19.0624914606448, 47.47194057189072], [19.06250269239505, 47.47193909878784], [19.062502357118923, 47.471938532209805], [19.062546278291542, 47.471938532209805]]]}}, {"type": "Feature", "properties": {"id": 3844, "roomCode": "LD-00-718-01-12", "roomNumber": "00-718", "roomName": "00-718 Erdos P\u00e1l terem", "roomType": "educational", "floorId": 22, "level": -1, "fillSource": "mvt"}, "geometry": {"type": "Polygon", "coordinates": [[[19.062507571037113, 47.47217866252522], [19.062513941283523, 47.47219973922421], [19.062445042039453, 47.47220925773067], [19.062444203849136, 47.47220608489537], [19.06244286274463, 47.47220631152647], [19.06244386857301, 47.47220937104621], [19.06244051581174, 47.47220982430837], [19.062432301546632, 47.47218262857137], [19.0624356543079, 47.472182175308966], [19.062436492498218, 47.47218523483011], [19.062437833602726, 47.472185121514514], [19.062436827774345, 47.472182061993365], [19.062461302931606, 47.47217866252522], [19.062507571037113, 47.47217866252522]]]}}, {"type": "Feature", "properties": {"id": 2361, "roomCode": "LD-00-721-02-33", "roomNumber": "00-721", "roomName": "00-721 Di\u00e1ktan\u00e1csad\u00f3", "roomType": "administrative", "floorId": 22, "level": -1, "fillSource": "mvt"}, "geometry": {"type": "Polygon", "coordinates": [[[19.06253209328013, 47.47208747942819], [19.062540307545238, 47.47211467512679], [19.062471408301167, 47.472124193617965], [19.062470402472787, 47.47212102078776], [19.06246906136828, 47.4721212474185], [19.06247006719666, 47.47212442024868], [19.062466882073455, 47.47212476019477], [19.062458667808347, 47.47209756450139], [19.062461852931552, 47.47209711123972], [19.062462858759933, 47.47210028407137], [19.062464032226377, 47.47210005744054], [19.06246319403606, 47.472096997924304], [19.06253209328013, 47.47208747942819]]]}}, {"type": "Feature", "properties": {"id": 3641, "roomCode": "LD-00-722-01-14", "roomNumber": "00-722", "roomName": "00-722 K\u0151zettechnikai m\u0171hely", "roomType": "educational", "floorId": 22, "level": -1, "fillSource": "mvt"}, "geometry": {"type": "Polygon", "coordinates": [[[19.062540490569837, 47.47203122901682], [19.06255725437618, 47.472086640208204], [19.06248835513211, 47.472096045373945], [19.06248734930373, 47.47209298586238], [19.062486008199222, 47.472093099177634], [19.062487014027603, 47.47209627200443], [19.062483828904398, 47.47209672526538], [19.062467065098055, 47.472041314084635], [19.062470417859323, 47.47204086082319], [19.06247125604964, 47.47204403365315], [19.062472597154148, 47.472043807022445], [19.062471591325767, 47.47204074750783], [19.062540490569837, 47.47203122901682]]]}}, {"type": "Feature", "properties": {"id": 3722, "roomCode": "LD-00-723-01-14", "roomNumber": "00-723", "roomName": "00-723 K\u0151zetv\u00e1g\u00f3  ", "roomType": "educational", "floorId": 22, "level": -1, "fillSource": "mvt"}, "geometry": {"type": "Polygon", "coordinates": [[[19.062557414400775, 47.47200311213415], [19.062565628665883, 47.472030307789126], [19.062496729421813, 47.47203982626503], [19.062495891231496, 47.47203676675511], [19.06249455012699, 47.47203688007029], [19.062495388317306, 47.47204005289539], [19.0624922031941, 47.472040506156105], [19.062483988928992, 47.47201319719118], [19.06248734169026, 47.47201285724547], [19.062488179880578, 47.47201591675678], [19.062489520985086, 47.47201569012632], [19.062488515156705, 47.47201263061499], [19.062557414400775, 47.47200311213415]]]}}, {"type": "Feature", "properties": {"id": 2605, "roomCode": "LD-00-725-01-14", "roomNumber": "00-725", "roomName": "00-725", "roomType": "educational", "floorId": 22, "level": -1, "fillSource": "mvt"}, "geometry": {"type": "Polygon", "coordinates": [[[19.062450303299332, 47.47192653479175], [19.062466396553422, 47.471980132840365], [19.06246002630701, 47.4719810393608], [19.062460193945075, 47.47198194588122], [19.062436892254258, 47.47198511870258], [19.06243655697813, 47.47198421218221], [19.062389785958434, 47.47199067113947], [19.062373692704345, 47.47193707310161], [19.062450303299332, 47.47192653479175]]]}}, {"type": "Feature", "properties": {"id": 2668, "roomCode": "LD-00-727-01-14", "roomNumber": "00-727", "roomName": "00-727 S\u00f6t\u00e9tszoba", "roomType": "educational", "floorId": 22, "level": -1, "fillSource": "mvt"}, "geometry": {"type": "Polygon", "coordinates": [[[19.062445792322702, 47.47191734616885], [19.062453838949747, 47.47194420182656], [19.06241544983322, 47.471949414315496], [19.062407403206176, 47.47192267197548], [19.062412599986143, 47.47192187877027], [19.06241243234808, 47.47192108556505], [19.062435734038896, 47.47191779942901], [19.062436069315023, 47.471918705949314], [19.062445792322702, 47.47191734616885]]]}}, {"type": "Feature", "properties": {"id": 3613, "roomCode": "LD-00-732-02-33", "roomNumber": "00-732", "roomName": "00-732 H\u00d6K iroda", "roomType": "administrative", "floorId": 22, "level": -1, "fillSource": "mvt"}, "geometry": {"type": "Polygon", "coordinates": [[[19.062344395851753, 47.472213105034506], [19.062348419165275, 47.472218884036465], [19.06236920628514, 47.47221605119245], [19.062375408893487, 47.47223622103853], [19.062335678672454, 47.47224166009683], [19.062352274840734, 47.472296617216756], [19.06231388572421, 47.47230182964164], [19.062289410566947, 47.4722205837428], [19.062344395851753, 47.472213105034506]]]}}, {"type": "Feature", "properties": {"id": 3354, "roomCode": "LD-00-733-01-17", "roomNumber": "00-733", "roomName": "00-733 T\u00e1rgyal\u00f3", "roomType": "educational", "floorId": 22, "level": -1, "fillSource": "mvt"}, "geometry": {"type": "Polygon", "coordinates": [[[19.0624773191616, 47.47225549690576], [19.062485365788646, 47.47228189901463], [19.062411940316863, 47.472291983936834], [19.062410934488483, 47.472288924466255], [19.062407078813024, 47.472289377721175], [19.062401882033058, 47.472272267345545], [19.062405737708517, 47.47227170077672], [19.06240389368982, 47.47226558183303], [19.0624773191616, 47.47225549690576]]]}}, {"type": "Feature", "properties": {"id": 3096, "roomCode": "LD-00-734-02-33", "roomNumber": "00-734", "roomName": "00-734 Alap\u00edtv. \u00fcgyf.fogad\u00f3, iroda", "roomType": "administrative", "floorId": 22, "level": -1, "fillSource": "mvt"}, "geometry": {"type": "Polygon", "coordinates": [[[19.062441185660212, 47.47219464893697], [19.062446047164052, 47.47221085279774], [19.062488291956036, 47.47220507379901], [19.062500026620476, 47.47224416701326], [19.062426601148694, 47.47225425192468], [19.062425092406123, 47.47224949275324], [19.062419895626157, 47.4722501726349], [19.062420901454537, 47.47225368535667], [19.062382679976075, 47.4722588977821], [19.062374800987094, 47.47223294896345], [19.06241319010362, 47.47222773653545], [19.062414028293936, 47.47223079600412], [19.062419225073903, 47.472230116122205], [19.06241721341714, 47.47222309067528], [19.06241319010362, 47.47222354392995], [19.062406987495272, 47.47220246758369], [19.06241084317073, 47.47220201432884], [19.06240983734235, 47.4721989548585], [19.062441185660212, 47.47219464893697]]]}}, {"type": "Feature", "properties": {"id": 3465, "roomCode": "LD-00-735-01-17", "roomNumber": "00-735", "roomName": "00-735 Alap\u00edtv\u00e1ny t\u00e1rgyal\u00f3", "roomType": "educational", "floorId": 22, "level": -1, "fillSource": "mvt"}, "geometry": {"type": "Polygon", "coordinates": [[[19.062389084516195, 47.47222507481418], [19.062397298781303, 47.47225227009955], [19.062358909664777, 47.472257595841285], [19.062350863037732, 47.47223028724496], [19.062389084516195, 47.47222507481418]]]}}, {"type": "Feature", "properties": {"id": 3313, "roomCode": "LD-00-736-05-77", "roomNumber": "00-736", "roomName": "00-736 Teakonyha", "roomType": "social", "floorId": 22, "level": -1, "fillSource": "mvt"}, "geometry": {"type": "Polygon", "coordinates": [[[19.06246767409182, 47.47224734282371], [19.062472367957596, 47.472262753490334], [19.062431631908183, 47.47226841917546], [19.062426938042407, 47.47225300851049], [19.06246767409182, 47.47224734282371]]]}}, {"type": "Feature", "properties": {"id": 2787, "roomCode": "LD-00-801-04-63", "roomNumber": "00-801", "roomName": "00-801 K\u00f6zleked\u0151", "roomType": "corridor", "floorId": 22, "level": -1, "fillSource": "mvt"}, "geometry": {"type": "Polygon", "coordinates": [[[19.062214364237086, 47.472043630421574], [19.062250909334914, 47.47216465028352], [19.06226297927548, 47.47216306388264], [19.062268176055447, 47.47217994771814], [19.062255938476817, 47.47218153411851], [19.06226784077932, 47.472220967483814], [19.062279910719887, 47.472219267770406], [19.062285107499854, 47.47223615158785], [19.062272869921223, 47.47223785130071], [19.062284772223727, 47.47227717130964], [19.062296842164294, 47.47227547159805], [19.06230203894426, 47.47229235539744], [19.06228980136563, 47.47229405510849], [19.062325340635077, 47.4724121282347], [19.06239541334559, 47.472402496559674], [19.06239591625978, 47.472395471101485], [19.062410333133236, 47.472393544766014], [19.062412177151934, 47.472400116969105], [19.06249549326946, 47.47238867227009], [19.06250387517263, 47.472416887414646], [19.06242072669317, 47.47242821879373], [19.062423408902184, 47.47243479099249], [19.062408321476475, 47.47243683064021], [19.062403795248763, 47.47243059838303], [19.06233372253825, 47.472440230052904], [19.062358365333573, 47.4725222691459], [19.06232785520603, 47.4725222691459], [19.06232500535895, 47.47251275080466], [19.062281754738585, 47.47251875642493], [19.06227856961538, 47.47250821826061], [19.062280245996014, 47.4725079916334], [19.062279240167634, 47.47250447891147], [19.062277731425063, 47.4725047055387], [19.062274546301857, 47.47249416737156], [19.06231762928416, 47.47248816174849], [19.062282760566966, 47.47237224175724], [19.0622395099466, 47.472378134079676], [19.062236324823395, 47.47236759588716], [19.06223800120403, 47.472367369259345], [19.06223699537565, 47.47236385652802], [19.062235318995015, 47.47236408315585], [19.06223213387181, 47.47235354496051], [19.06227521685411, 47.472347652635314], [19.062257279581324, 47.47228793614847], [19.062214196599022, 47.472293828480346], [19.062211011475817, 47.47228329027092], [19.062212520218388, 47.47228306364275], [19.062211514390007, 47.47227955090579], [19.062209838009373, 47.472279777533984], [19.062206652886168, 47.47226923932174], [19.062249903506533, 47.472263233672955], [19.062231966233746, 47.47220351709017], [19.06218871561338, 47.472209522745786], [19.062185530490176, 47.47219898451946], [19.06218720687081, 47.4721987578909], [19.062186033404366, 47.472195245148306], [19.062184524661795, 47.472195471776864], [19.06218133953859, 47.47218493354772], [19.062224590158955, 47.4721789278893], [19.062206485248105, 47.47211921121073], [19.062163402265803, 47.47212510356153], [19.062160217142598, 47.472114565318286], [19.06216172588517, 47.472114338689366], [19.062160720056788, 47.47211082594113], [19.062159043676154, 47.47211105257005], [19.06215585855295, 47.472100514323984], [19.062199109173314, 47.47209462197041], [19.062183686471478, 47.472043630421574], [19.062214364237086, 47.472043630421574]]]}}, {"type": "Feature", "properties": {"id": 3308, "roomCode": "LD-00-803-01-14", "roomNumber": "00-803", "roomName": "00-803 Programoz\u00e1si Nyelvi labor", "roomType": "educational", "floorId": 22, "level": -1, "fillSource": "mvt"}, "geometry": {"type": "Polygon", "coordinates": [[[19.062026200005675, 47.47266592821029], [19.062026200005675, 47.47275091273639], [19.06194774539199, 47.4727617907458], [19.061923102596666, 47.47268009230752], [19.062026200005675, 47.47266592821029]]]}}, {"type": "Feature", "properties": {"id": 3863, "roomCode": "LD-00-807-01-14", "roomNumber": "00-807", "roomName": "00-807 Adatb\u00e1zis labor", "roomType": "educational", "floorId": 22, "level": -1, "fillSource": "mvt"}, "geometry": {"type": "Polygon", "coordinates": [[[19.062200600799883, 47.47232911594468], [19.06222490831908, 47.472409908829434], [19.06203631549772, 47.47243585770996], [19.06201519310173, 47.47236560306931], [19.062011672702397, 47.472366056325356], [19.06200848757919, 47.47235551812124], [19.062200600799883, 47.47232911594468]]]}}, {"type": "Feature", "properties": {"id": 3002, "roomCode": "LD-00-812-04-63", "roomNumber": "00-812", "roomName": "00-812 N\u0151i WC el\u0151t\u00e9r", "roomType": "corridor", "floorId": 22, "level": -1, "fillSource": "mvt"}, "geometry": {"type": "Polygon", "coordinates": [[[19.062229942592655, 47.47231014648194], [19.062237151029382, 47.47233428233582], [19.06220278522638, 47.47233904151697], [19.062195409151588, 47.47231490566527], [19.062229942592655, 47.47231014648194]]]}}, {"type": "Feature", "properties": {"id": 3445, "roomCode": "LD-00-813-05-71", "roomNumber": "00-813", "roomName": "00-813 WC", "roomType": "social", "floorId": 22, "level": -1, "fillSource": "mvt"}, "geometry": {"type": "Polygon", "coordinates": [[[19.062225651531886, 47.472294094938306], [19.062230345397662, 47.47230984555933], [19.062210396468114, 47.47231256509054], [19.062205702602338, 47.47229715441182], [19.062225651531886, 47.472294094938306]]]}}, {"type": "Feature", "properties": {"id": 2617, "roomCode": "LD-00-815-05-71", "roomNumber": "00-815", "roomName": "00-815 N\u0151i WC csoport", "roomType": "social", "floorId": 22, "level": -1, "fillSource": "mvt"}, "geometry": {"type": "Polygon", "coordinates": [[[19.062186908739452, 47.472259685499736], [19.062197637575512, 47.47229537935892], [19.062111303972845, 47.4723072773066], [19.06211298035348, 47.47231282968126], [19.062007871287708, 47.472327333840866], [19.061995466071014, 47.472285974312655], [19.062186908739452, 47.472259685499736]]]}}, {"type": "Feature", "properties": {"id": 2552, "roomCode": "LD-00-816-05-71", "roomNumber": "00-816", "roomName": "00-816 F\u00e9rfi WC csoport", "roomType": "social", "floorId": 22, "level": -1, "fillSource": "mvt"}, "geometry": {"type": "Polygon", "coordinates": [[[19.06217747035492, 47.47220375322422], [19.06218417587746, 47.47222596271977], [19.0621285200404, 47.47223355473905], [19.06213053169716, 47.47224058018876], [19.06221502128113, 47.47222890887663], [19.062225917755253, 47.472264602687105], [19.06203464272488, 47.47229089144629], [19.062022237508184, 47.47224964528376], [19.06211577954758, 47.472236727522905], [19.062115444271452, 47.47223536775842], [19.062021902232058, 47.47224828551961], [19.06201519670952, 47.47222607603349], [19.06217747035492, 47.47220375322422]]]}}, {"type": "Feature", "properties": {"id": 2514, "roomCode": "LD-00-817-04-63", "roomNumber": "00-817", "roomName": "00-817 F\u00e9rfi WC el\u0151t\u00e9r", "roomType": "corridor", "floorId": 22, "level": -1, "fillSource": "mvt"}, "geometry": {"type": "Polygon", "coordinates": [[[19.062256778592655, 47.472221015834876], [19.062263987029382, 47.47224515164781], [19.06222962122638, 47.47224991082088], [19.062222245151588, 47.47222566169645], [19.062256778592655, 47.472221015834876]]]}}, {"type": "Feature", "properties": {"id": 2404, "roomCode": "LD-00-818-05-71", "roomNumber": "00-818", "roomName": "00-818 WC", "roomType": "social", "floorId": 22, "level": -1, "fillSource": "mvt"}, "geometry": {"type": "Polygon", "coordinates": [[[19.06224017716995, 47.47224651088797], [19.062244703397663, 47.47226169492604], [19.06222458683005, 47.47226452776847], [19.06222006060234, 47.4722492304175], [19.06224017716995, 47.47224651088797]]]}}, {"type": "Feature", "properties": {"id": 3837, "roomCode": "LD-00-823-01-12", "roomNumber": "00-823", "roomName": "00-823 Kitaibel P\u00e1l terem", "roomType": "educational", "floorId": 22, "level": -1, "fillSource": "mvt"}, "geometry": {"type": "Polygon", "coordinates": [[[19.062234588506705, 47.47218226645519], [19.062238444182164, 47.472194957581436], [19.062111374530083, 47.47221240787503], [19.06204431930471, 47.47221240787503], [19.06204331347633, 47.472208555213314], [19.062234588506705, 47.47218226645519]]]}}, {"type": "Feature", "properties": {"id": 3282, "roomCode": "LD-00-824-04-63", "roomNumber": "00-824", "roomName": "00-824 K\u00f6zleked\u0151", "roomType": "corridor", "floorId": 22, "level": -1, "fillSource": "mvt"}, "geometry": {"type": "Polygon", "coordinates": [[[19.06219074649649, 47.47230706901326], [19.062194434533886, 47.47231976016956], [19.06200315950351, 47.47234604898357], [19.061999471466116, 47.47233335783362], [19.06219074649649, 47.47230706901326]]]}}, {"type": "Feature", "properties": {"id": 3827, "roomCode": "LD-00-830-04-63", "roomNumber": "00-830", "roomName": "00-830 El\u0151t\u00e9r          ", "roomType": "corridor", "floorId": 22, "level": -1, "fillSource": "mvt"}, "geometry": {"type": "Polygon", "coordinates": [[[19.061830791954925, 47.47266475542588], [19.061839173858097, 47.47266634180486], [19.06184805867546, 47.472671667505395], [19.061851914350918, 47.47267971271157], [19.061869851623705, 47.47267721983091], [19.06187303674691, 47.472687757916496], [19.061858284597328, 47.47268979754572], [19.061875718955925, 47.472749626634425], [19.06189214748614, 47.472747360382314], [19.061895332609346, 47.47275789845383], [19.0618597933399, 47.47276277089479], [19.061817716185978, 47.47276277089479], [19.061826265727213, 47.472693763491215], [19.061804975693157, 47.47269331024032], [19.061806987349918, 47.47267789970746], [19.06180899900668, 47.47267325388418], [19.06181436342471, 47.472668608060474], [19.06182224241369, 47.472665548615375], [19.061830791954925, 47.47266475542588]]]}}, {"type": "Feature", "properties": {"id": 3474, "roomCode": "LD-0-104-04-63", "roomNumber": "0-104", "roomName": "0-104 F\u00e9rfi WC el\u0151t\u00e9r", "roomType": "corridor", "floorId": 25, "level": 0, "fillSource": "mvt"}, "geometry": {"type": "Polygon", "coordinates": [[[19.062562427731553, 47.4722207169381], [19.062570306720534, 47.472247119024416], [19.06254365226845, 47.47225074506099], [19.062535773279468, 47.47222434297648], [19.062562427731553, 47.4722207169381]]]}}, {"type": "Feature", "properties": {"id": 3521, "roomCode": "LD-0-105-05-71", "roomNumber": "0-105", "roomName": "0-105 F\u00e9rfi WC csoport", "roomType": "social", "floorId": 25, "level": 0, "fillSource": "mvt"}, "geometry": {"type": "Polygon", "coordinates": [[[19.06260884982504, 47.47222456567192], [19.06261522007145, 47.47224552870323], [19.062571634174958, 47.47225153432689], [19.062565263928548, 47.47223057129796], [19.06260884982504, 47.47222456567192]]]}}, {"type": "Feature", "properties": {"id": 2886, "roomCode": "LD-0-106-05-73", "roomNumber": "0-106", "roomName": "0-106 \u00d6lt\u00f6z\u0151", "roomType": "social", "floorId": 25, "level": 0, "fillSource": "mvt"}, "geometry": {"type": "Polygon", "coordinates": [[[19.062615379815693, 47.47219690518072], [19.062623426442737, 47.47222364719727], [19.06258000818431, 47.47222965281775], [19.062571961557264, 47.47220291080426], [19.062615379815693, 47.47219690518072]]]}}, {"type": "Feature", "properties": {"id": 3397, "roomCode": "LD-0-107-05-71", "roomNumber": "0-107", "roomName": "0-107 Mosd\u00f3-zuhany", "roomType": "social", "floorId": 25, "level": 0, "fillSource": "mvt"}, "geometry": {"type": "Polygon", "coordinates": [[[19.062576470325876, 47.47219250734993], [19.0625786496207, 47.472199986047215], [19.062548139493156, 47.472204178649775], [19.062545792560268, 47.47219669995308], [19.062576470325876, 47.47219250734993]]]}}, {"type": "Feature", "properties": {"id": 2682, "roomCode": "LD-0-108-05-71", "roomNumber": "0-108", "roomName": "0-108 WC", "roomType": "social", "floorId": 25, "level": 0, "fillSource": "mvt"}, "geometry": {"type": "Polygon", "coordinates": [[[19.062570608383638, 47.47221303724432], [19.062572787678462, 47.47222017600347], [19.06254864779733, 47.47222346209863], [19.062546636140567, 47.47221643665356], [19.062570608383638, 47.47221303724432]]]}}, {"type": "Feature", "properties": {"id": 2939, "roomCode": "LD-0-109-04-63", "roomNumber": "0-109", "roomName": "0-109 El\u0151t\u00e9r", "roomType": "corridor", "floorId": 25, "level": 0, "fillSource": "mvt"}, "geometry": {"type": "Polygon", "coordinates": [[[19.06257294950217, 47.47220082094343], [19.062576134625374, 47.47221124579614], [19.06254562449783, 47.472215551712964], [19.062542439374624, 47.47220501354748], [19.06257294950217, 47.47220082094343]]]}}, {"type": "Feature", "properties": {"id": 3597, "roomCode": "LD-0-110-04-64", "roomNumber": "0-110", "roomName": "0-110 L\u00e9pcs\u0151h\u00e1z", "roomType": "corridor", "floorId": 25, "level": 0, "fillSource": "mvt"}, "geometry": {"type": "Polygon", "coordinates": [[[19.062576654735892, 47.472341908265776], [19.062583695534556, 47.472365137625346], [19.06250322926411, 47.472376242388734], [19.062496188465445, 47.47235289972012], [19.062576654735892, 47.472341908265776]]]}}, {"type": "Feature", "properties": {"id": 3612, "roomCode": "LD-0-111-04-63", "roomNumber": "0-111", "roomName": "0-111 N\u0151i WC el\u0151t\u00e9r", "roomType": "corridor", "floorId": 25, "level": 0, "fillSource": "mvt"}, "geometry": {"type": "Polygon", "coordinates": [[[19.062506757458596, 47.47238449298915], [19.062514636447577, 47.472410781847074], [19.06251279242888, 47.47241112178912], [19.062512960066943, 47.47241202830123], [19.06250005193606, 47.47241372801137], [19.062499716659932, 47.47241293481331], [19.062487981995492, 47.47241452120942], [19.06248010300651, 47.472388119039294], [19.062506757458596, 47.47238449298915]]]}}, {"type": "Feature", "properties": {"id": 2654, "roomCode": "LD-0-112-05-71", "roomNumber": "0-112", "roomName": "0-112 N\u0151i WC csoport", "roomType": "social", "floorId": 25, "level": 0, "fillSource": "mvt"}, "geometry": {"type": "Polygon", "coordinates": [[[19.062555884915525, 47.47240031596978], [19.062562255161936, 47.472421392385286], [19.062518669265444, 47.472427398029026], [19.062512466657097, 47.47240632161592], [19.062555884915525, 47.47240031596978]]]}}, {"type": "Feature", "properties": {"id": 2773, "roomCode": "LD-0-114-04-64", "roomNumber": "0-114", "roomName": "0-114 L\u00e9pcs\u0151h\u00e1z", "roomType": "corridor", "floorId": 25, "level": 0, "fillSource": "mvt"}, "geometry": {"type": "Polygon", "coordinates": [[[19.062973256064662, 47.472394198154134], [19.062980632139453, 47.47241912724904], [19.062965041799554, 47.47242128021577], [19.062964538885364, 47.47241969381924], [19.062899662954816, 47.47242864562761], [19.062892622156152, 47.472405302934234], [19.062973256064662, 47.472394198154134]]]}}, {"type": "Feature", "properties": {"id": 3600, "roomCode": "LD-0-116-04-63", "roomNumber": "0-116", "roomName": "0-116 Interakt\u00edv tanul\u00f3t\u00e9r", "roomType": "corridor", "floorId": 25, "level": 0, "fillSource": "mvt"}, "geometry": {"type": "Polygon", "coordinates": [[[19.062774425677645, 47.4722821925664], [19.062776772610533, 47.47229035116666], [19.062789010189164, 47.47228865145838], [19.062803091786492, 47.47233545007305], [19.06262321614443, 47.47236003915897], [19.06262321614443, 47.472302929006254], [19.062649702958453, 47.47229941627658], [19.06265204989134, 47.47230746156033], [19.06266428746997, 47.47230576185259], [19.062661940537083, 47.47229771656858], [19.062691277198184, 47.47229363726919], [19.06269362413107, 47.47230179586768], [19.062705861709702, 47.472300096159756], [19.062703514776814, 47.47229193756101], [19.062732851437914, 47.47228797157504], [19.062735198370802, 47.47229601686054], [19.062747435949433, 47.47229431715244], [19.062745089016545, 47.472286271866686], [19.062774425677645, 47.4722821925664]]]}}, {"type": "Feature", "properties": {"id": 3176, "roomCode": "LD-0-117-04-63", "roomNumber": "0-117", "roomName": "0-117 Interakt\u00edv tanul\u00f3t\u00e9r", "roomType": "corridor", "floorId": 25, "level": 0, "fillSource": "mvt"}, "geometry": {"type": "Polygon", "coordinates": [[[19.0629183410901, 47.47229827790927], [19.062934099068062, 47.47235062892266], [19.062931919773238, 47.47235368839586], [19.06285229169311, 47.47236456652134], [19.062822787393944, 47.47236864581781], [19.062806358863728, 47.47231368860261], [19.06283569552483, 47.47230972261578], [19.06283821009578, 47.472317767903036], [19.062850280036347, 47.472316068194566], [19.06284793310346, 47.47230802290706], [19.06287726976456, 47.47230394360588], [19.06287978433551, 47.472312102207916], [19.06289202191414, 47.47231040249926], [19.06288950734319, 47.47230224389696], [19.0629183410901, 47.47229827790927]]]}}, {"type": "Feature", "properties": {"id": 2609, "roomCode": "LD-0-201-04-63", "roomNumber": "0-201", "roomName": "0-201 K\u00f6zleked\u0151", "roomType": "corridor", "floorId": 25, "level": 0, "fillSource": "mvt"}, "geometry": {"type": "Polygon", "coordinates": [[[19.062379094125287, 47.47245713603131], [19.0623992106929, 47.47252387829301], [19.06240960425283, 47.472522405204955], [19.062412789376037, 47.47253294344935], [19.06240222817804, 47.472534416537115], [19.06240759259607, 47.472552093586984], [19.062418153794066, 47.472550620499725], [19.06242133891727, 47.47256104542407], [19.062410777719276, 47.47256251851104], [19.062416142137305, 47.472580195551465], [19.062426535697238, 47.472578722464995], [19.062429720820443, 47.472589147383765], [19.062419159622447, 47.47259062046995], [19.062424524040477, 47.47260829750092], [19.062435085238473, 47.47260682441524], [19.062438270361678, 47.47261724932844], [19.062427709163682, 47.472618722413834], [19.062433073581712, 47.47263639943535], [19.062443467141645, 47.47263492635045], [19.06244665226485, 47.47264535125808], [19.062436091066854, 47.47264682434268], [19.062441455484883, 47.47266450135475], [19.06245201668288, 47.47266302827064], [19.062455201806085, 47.472673453172696], [19.06244464060809, 47.47267492625651], [19.06245000502612, 47.47269260325912], [19.06246039858605, 47.4726911301758], [19.062463583709256, 47.47270166838636], [19.06245302251126, 47.47270302815531], [19.06245352542545, 47.47270416129608], [19.062422512383716, 47.47270846723076], [19.06242217710759, 47.47270733409008], [19.062411615909593, 47.472708807172964], [19.062408430786387, 47.472698268963825], [19.062418991984384, 47.47269690919475], [19.062413627566354, 47.47267923219359], [19.062403066368358, 47.47268070527725], [19.062400048883216, 47.47267016706248], [19.062410610081212, 47.472668807292685], [19.062405245663182, 47.47265113028206], [19.062394684465186, 47.47265260336652], [19.06239149934198, 47.47264206514611], [19.062402060539977, 47.472640592061374], [19.062396696121947, 47.47262302835552], [19.062386302562015, 47.472624501440755], [19.06238311743881, 47.47261396321471], [19.062393678636806, 47.472612490129194], [19.062388314218776, 47.472594813099626], [19.06237775302078, 47.47259628618565], [19.062374567897574, 47.47258586126829], [19.06238512909557, 47.47258438818197], [19.06237976467754, 47.47256671114296], [19.062369371117608, 47.47256818422977], [19.062366185994403, 47.47255775930684], [19.0623767471924, 47.472556286219735], [19.06237138277437, 47.472538609171266], [19.062360821576373, 47.472540082258874], [19.062357636453168, 47.472529657330355], [19.062368197651164, 47.472528184242464], [19.062362833233134, 47.47251050718455], [19.0623524396732, 47.472511980272934], [19.062349254549996, 47.47250155533885], [19.062359815747993, 47.47250008225017], [19.062354451329963, 47.4724824051828], [19.062343890131967, 47.47248387827198], [19.06234070500876, 47.47247345333232], [19.062351266206758, 47.47247198024285], [19.062346739979045, 47.47245713603131], [19.062379094125287, 47.47245713603131]]]}}, {"type": "Feature", "properties": {"id": 3029, "roomCode": "LD-0-203-02-33", "roomNumber": "0-203", "roomName": "0-203 Di\u00e1ktan\u00e1csad\u00f3", "roomType": "administrative", "floorId": 25, "level": 0, "fillSource": "mvt"}, "geometry": {"type": "Polygon", "coordinates": [[[19.06226039465509, 47.472348470486224], [19.06226760309182, 47.472372153106186], [19.062259556464774, 47.47237328624563], [19.0622617357596, 47.47238031170964], [19.062228711061103, 47.47238484426656], [19.062219490967614, 47.47235413618575], [19.06226039465509, 47.472348470486224]]]}}, {"type": "Feature", "properties": {"id": 3785, "roomCode": "LD-0-204-01-13", "roomNumber": "0-204", "roomName": "0-204 Oktat\u00f3", "roomType": "educational", "floorId": 25, "level": 0, "fillSource": "mvt"}, "geometry": {"type": "Polygon", "coordinates": [[[19.062316741600334, 47.47233334217151], [19.062330990835726, 47.47238048077806], [19.062286063834726, 47.47239124559814], [19.062278687759935, 47.4723706224672], [19.06228774021536, 47.47236937601397], [19.062285560920536, 47.47236235054978], [19.06228421981603, 47.47236257717767], [19.062277179017364, 47.47233878124366], [19.062316741600334, 47.47233334217151]]]}}, {"type": "Feature", "properties": {"id": 3815, "roomCode": "LD-0-205-01-13", "roomNumber": "0-205", "roomName": "0-205 Oktat\u00f3", "roomType": "educational", "floorId": 25, "level": 0, "fillSource": "mvt"}, "geometry": {"type": "Polygon", "coordinates": [[[19.062340326608346, 47.47234713872861], [19.0623497143399, 47.472377846819285], [19.06234837323539, 47.47237807344719], [19.06235072016828, 47.47238611873732], [19.062314845622705, 47.47239937646625], [19.062300764025377, 47.47235257780133], [19.062340326608346, 47.47234713872861]]]}}, {"type": "Feature", "properties": {"id": 3001, "roomCode": "LD-0-206-01-14", "roomNumber": "0-206", "roomName": "0-206 Hantken Miksa - hallgat\u00f3i labor", "roomType": "educational", "floorId": 25, "level": 0, "fillSource": "mvt"}, "geometry": {"type": "Polygon", "coordinates": [[[19.062412993574195, 47.4723480511875], [19.062438977474027, 47.47243462313918], [19.062403773480707, 47.47244130866355], [19.06237024586802, 47.472451393605475], [19.06236639019256, 47.47243813587242], [19.06236186396485, 47.47243881575625], [19.06233755644565, 47.472358362775616], [19.062412993574195, 47.4723480511875]]]}}, {"type": "Feature", "properties": {"id": 2820, "roomCode": "LD-0-207-01-14", "roomNumber": "0-207", "roomName": "0-207 \u0150sl\u00e9nytani prepar\u00e1l\u00f3 laborat\u00f3rium", "roomType": "educational", "floorId": 25, "level": 0, "fillSource": "mvt"}, "geometry": {"type": "Polygon", "coordinates": [[[19.062392136842067, 47.47245561924588], [19.06240890064841, 47.472511256531895], [19.06233363115793, 47.47252168143434], [19.062316867351587, 47.47246627078789], [19.062392136842067, 47.47245561924588]]]}}, {"type": "Feature", "properties": {"id": 2990, "roomCode": "LD-0-208-01-14", "roomNumber": "0-208", "roomName": "0-208 \u0150sl\u00e9nytani kutat\u00f3i laborat\u00f3rium", "roomType": "educational", "floorId": 25, "level": 0, "fillSource": "mvt"}, "geometry": {"type": "Polygon", "coordinates": [[[19.062375338570615, 47.472511875539055], [19.062391934738894, 47.47256751288458], [19.062316665248414, 47.4725778244839], [19.06229990144207, 47.47252252709246], [19.062375338570615, 47.472511875539055]]]}}, {"type": "Feature", "properties": {"id": 3703, "roomCode": "LD-0-209-01-14", "roomNumber": "0-209", "roomName": "0-209 Fot\u00f3", "roomType": "educational", "floorId": 25, "level": 0, "fillSource": "mvt"}, "geometry": {"type": "Polygon", "coordinates": [[[19.062331388796995, 47.472568196736475], [19.062339603062103, 47.47259550551397], [19.062299705203007, 47.47260094460489], [19.0622914909379, 47.472573749144665], [19.062331388796995, 47.472568196736475]]]}}, {"type": "Feature", "properties": {"id": 3663, "roomCode": "LD-0-210-01-14", "roomNumber": "0-210", "roomName": "0-210 Mikropaleontol\u00f3giai laborat\u00f3rium", "roomType": "educational", "floorId": 25, "level": 0, "fillSource": "mvt"}, "geometry": {"type": "Polygon", "coordinates": [[[19.062366923859432, 47.47257386633545], [19.062374970486477, 47.472601175115486], [19.0623409399596, 47.47260582100611], [19.062332725694493, 47.47257862554295], [19.062366923859432, 47.47257386633545]]]}}, {"type": "Feature", "properties": {"id": 2235, "roomCode": "LD-0-211-01-14", "roomNumber": "0-211", "roomName": "0-211 Dendrokronol\u00f3giai laborat\u00f3rium", "roomType": "educational", "floorId": 25, "level": 0, "fillSource": "mvt"}, "geometry": {"type": "Polygon", "coordinates": [[[19.062358405431716, 47.47259631046478], [19.062366619696824, 47.47262361925942], [19.06229118256828, 47.472633930875276], [19.062282968303172, 47.47260673540051], [19.062358405431716, 47.47259631046478]]]}}, {"type": "Feature", "properties": {"id": 2760, "roomCode": "LD-0-212-01-13", "roomNumber": "0-212", "roomName": "0-212 Oktat\u00f3", "roomType": "educational", "floorId": 25, "level": 0, "fillSource": "mvt"}, "geometry": {"type": "Polygon", "coordinates": [[[19.062349985341235, 47.47262445278334], [19.06235803196828, 47.47265164827805], [19.0622827624778, 47.47266207321396], [19.06227454821269, 47.472634877724644], [19.062349985341235, 47.47262445278334]]]}}, {"type": "Feature", "properties": {"id": 2534, "roomCode": "LD-0-213-01-14", "roomNumber": "0-213", "roomName": "0-213 Ostracoda laborat\u00f3rium", "roomType": "educational", "floorId": 25, "level": 0, "fillSource": "mvt"}, "geometry": {"type": "Polygon", "coordinates": [[[19.062343979238864, 47.47265005156549], [19.062352193503973, 47.472677246594365], [19.0622988845998, 47.47268461191227], [19.062275750547048, 47.47268461191227], [19.06226854211032, 47.47266036301559], [19.062343979238864, 47.47265005156549]]]}}, {"type": "Feature", "properties": {"id": 2731, "roomCode": "LD-0-214-02-33", "roomNumber": "0-214", "roomName": "0-214 Lend\u00fclet Dinoszaurusz Kutat\u00f3csoport", "roomType": "administrative", "floorId": 25, "level": 0, "fillSource": "mvt"}, "geometry": {"type": "Polygon", "coordinates": [[[19.062333061341235, 47.47268070942365], [19.06234110796828, 47.47270790446708], [19.0622658384778, 47.47271832922999], [19.06225762421269, 47.472691020879275], [19.062333061341235, 47.47268070942365]]]}}, {"type": "Feature", "properties": {"id": 2409, "roomCode": "LD-0-215-01-12", "roomNumber": "0-215", "roomName": "0-215", "roomType": "educational", "floorId": 25, "level": 0, "fillSource": "mvt"}, "geometry": {"type": "Polygon", "coordinates": [[[19.06232470725075, 47.47270883003917], [19.062332753877794, 47.47273557184606], [19.06225731674925, 47.47274599661454], [19.062249270122205, 47.472719141500214], [19.06232470725075, 47.47270883003917]]]}}, {"type": "Feature", "properties": {"id": 3043, "roomCode": "LD-0-216-04-63", "roomNumber": "0-216", "roomName": "0-216 El\u0151t\u00e9r", "roomType": "corridor", "floorId": 25, "level": 0, "fillSource": "mvt"}, "geometry": {"type": "Polygon", "coordinates": [[[19.06245630104808, 47.47261235646847], [19.06245965380935, 47.4726233479759], [19.06241087113289, 47.47263003353084], [19.062407686009685, 47.47261904202481], [19.06245630104808, 47.47261235646847]]]}}, {"type": "Feature", "properties": {"id": 2975, "roomCode": "LD-0-217-05-71", "roomNumber": "0-217", "roomName": "0-217 WC", "roomType": "social", "floorId": 25, "level": 0, "fillSource": "mvt"}, "geometry": {"type": "Polygon", "coordinates": [[[19.062413514028048, 47.47262423180943], [19.062418375531887, 47.47264054910171], [19.062407981971955, 47.47264202219035], [19.062403120468115, 47.47262570489851], [19.062413514028048, 47.47262423180943]]]}}, {"type": "Feature", "properties": {"id": 2620, "roomCode": "LD-0-218-05-71", "roomNumber": "0-218", "roomName": "0-218 WC", "roomType": "social", "floorId": 25, "level": 0, "fillSource": "mvt"}, "geometry": {"type": "Polygon", "coordinates": [[[19.062425212028046, 47.47262586913779], [19.062430073531885, 47.47264218643057], [19.062419679971953, 47.472643546204736], [19.062414818468113, 47.47262734222693], [19.062425212028046, 47.47262586913779]]]}}, {"type": "Feature", "properties": {"id": 3829, "roomCode": "LD-0-220-01-12", "roomNumber": "0-220", "roomName": "0-220 K\u00e1rteszi Ferenc terem (matek szakm\u00f3dszertan)", "roomType": "educational", "floorId": 25, "level": 0, "fillSource": "mvt"}, "geometry": {"type": "Polygon", "coordinates": [[[19.062486108763004, 47.47253879554592], [19.06249465830424, 47.47254276155337], [19.062517959995056, 47.47261992866736], [19.06244252286651, 47.472630353584506], [19.062417880071187, 47.47254820064882], [19.062486108763004, 47.47253879554592]]]}}, {"type": "Feature", "properties": {"id": 3816, "roomCode": "LD-0-221-01-12", "roomNumber": "0-221", "roomName": "0-221", "roomType": "educational", "floorId": 25, "level": 0, "fillSource": "mvt"}, "geometry": {"type": "Polygon", "coordinates": [[[19.062522144751586, 47.47247367619183], [19.06253890855793, 47.472528973553835], [19.062463471429385, 47.47253939845982], [19.062446875261106, 47.47248398779449], [19.062522144751586, 47.47247367619183]]]}}, {"type": "Feature", "properties": {"id": 2864, "roomCode": "LD-0-222-01-12", "roomNumber": "0-222", "roomName": "0-222", "roomType": "educational", "floorId": 25, "level": 0, "fillSource": "mvt"}, "geometry": {"type": "Polygon", "coordinates": [[[19.062539086570617, 47.472417837198044], [19.062555682738896, 47.472472794558634], [19.062480245610352, 47.472483106139485], [19.062463817080136, 47.47242826210385], [19.062539086570617, 47.472417837198044]]]}}, {"type": "Feature", "properties": {"id": 2880, "roomCode": "LD-0-302-01-14", "roomNumber": "0-302", "roomName": "0-302 Mikropaleontol\u00f3giai laborat\u00f3rium", "roomType": "educational", "floorId": 25, "level": 0, "fillSource": "mvt"}, "geometry": {"type": "Polygon", "coordinates": [[[19.06241367512621, 47.47270177545574], [19.062429097828044, 47.47275265287663], [19.062388697054757, 47.47275820519798], [19.062373441990985, 47.47270721446967], [19.06241367512621, 47.47270177545574]]]}}, {"type": "Feature", "properties": {"id": 3095, "roomCode": "LD-0-304-02-33", "roomNumber": "0-304", "roomName": "0-304 \u00dczemeltet\u00e9s F\u0151m\u00e9rn\u00f6ks\u00e9g", "roomType": "administrative", "floorId": 25, "level": 0, "fillSource": "mvt"}, "geometry": {"type": "Polygon", "coordinates": [[[19.062581013197995, 47.47272438474064], [19.06260515307913, 47.472774129056425], [19.062555532212354, 47.4727809278203], [19.06254010951052, 47.47273005038262], [19.062581013197995, 47.47272438474064]]]}}, {"type": "Feature", "properties": {"id": 3860, "roomCode": "LD-0-308-01-14", "roomNumber": "0-308", "roomName": "0-308 Nagy Sz\u00e1m\u00edt\u00f3g\u00e9pes laborat\u00f3rium ", "roomType": "educational", "floorId": 25, "level": 0, "fillSource": "mvt"}, "geometry": {"type": "Polygon", "coordinates": [[[19.06309109999788, 47.472659594704794], [19.06314977332008, 47.47285460621324], [19.06307064815414, 47.47286548423075], [19.063069307049634, 47.47286117834909], [19.063063942631604, 47.472861858225166], [19.063065451374175, 47.47286661735745], [19.06299135535014, 47.4728768154966], [19.062981297066333, 47.47284316162988], [19.06299286409271, 47.4728415752518], [19.06298800258887, 47.47282537153002], [19.062976435562494, 47.4728269579086], [19.062964700898053, 47.472788544871044], [19.06283411084664, 47.47280644829617], [19.062819023420932, 47.472756364015595], [19.062826064219596, 47.472755457512335], [19.062825058391216, 47.472751944812074], [19.062818688144805, 47.4727528513154], [19.062802594890716, 47.47269925427996], [19.06309109999788, 47.472659594704794]]]}}, {"type": "Feature", "properties": {"id": 3429, "roomCode": "LD-0-309-04-63", "roomNumber": "0-309", "roomName": "0-309 Foyer", "roomType": "corridor", "floorId": 25, "level": 0, "fillSource": "mvt"}, "geometry": {"type": "Polygon", "coordinates": [[[19.06283255028795, 47.4722373762122], [19.06283255028795, 47.47226298529549], [19.06271335962485, 47.47227941589545], [19.06276549506258, 47.4724525601124], [19.062772032947052, 47.472451653599656], [19.062770691842545, 47.472447234349836], [19.062791814238537, 47.47244428818308], [19.062793155343044, 47.47244870743315], [19.06283255028795, 47.47244326835609], [19.06283255028795, 47.472558508681104], [19.062767171443213, 47.47256757378936], [19.06276901546191, 47.472573692736546], [19.062673964679945, 47.47258683713922], [19.062682178945053, 47.47261437238588], [19.062777062088955, 47.472601341303864], [19.062782929421175, 47.47262049132761], [19.06277722972702, 47.472617771798035], [19.062775720984448, 47.47261935819031], [19.062783935249556, 47.472622984229595], [19.062777900279272, 47.47262887654291], [19.062769853652227, 47.47262525050403], [19.062688716829527, 47.47263646856102], [19.062699445665586, 47.47267182242194], [19.06266826498579, 47.47267612833927], [19.06266340348195, 47.47266003780428], [19.062653009922016, 47.47266139756799], [19.062649992436874, 47.47265097271197], [19.062660385996807, 47.47264961294799], [19.062655021578777, 47.47263193601304], [19.062644628018845, 47.47263329577747], [19.06263993415307, 47.472617998425505], [19.062650495351065, 47.472616525346936], [19.062648148418177, 47.47260859338469], [19.06263758722018, 47.47261006646348], [19.06263272571634, 47.472593862594465], [19.062643119276274, 47.47259238951522], [19.062640772343386, 47.47258445754933], [19.062630378783453, 47.472585930628796], [19.062621829242218, 47.472557828797925], [19.06263222280215, 47.472556355717664], [19.062629875869263, 47.47254853706021], [19.06261948230933, 47.47254989682681], [19.06261462080549, 47.472533692939244], [19.062625014365423, 47.472532219858316], [19.062622667432535, 47.47252428788334], [19.062612273872602, 47.472525760964494], [19.062607580006826, 47.47251046358123], [19.06261797356676, 47.47250899049965], [19.062612776786793, 47.47249131351739], [19.06260238322686, 47.472492786599474], [19.062599198103655, 47.47248224839597], [19.062609591663588, 47.47248088862763], [19.06260489779781, 47.472465251289115], [19.06263607847761, 47.4724609453545], [19.062646472037542, 47.47249584607751], [19.062727608860243, 47.47248474130452], [19.062732973278273, 47.47247918891714], [19.062741858095634, 47.47248315490819], [19.062736493677605, 47.472488707295135], [19.06273867297243, 47.47248972712126], [19.062744875580776, 47.47248326822221], [19.062747725427855, 47.47248292828014], [19.0627470548756, 47.4724811152557], [19.062743366838205, 47.47248168182583], [19.062734482020844, 47.472477715834685], [19.062726100117672, 47.472449727260035], [19.062724759013165, 47.472449840574136], [19.06271972987126, 47.47243329671333], [19.062721406251896, 47.47243295677092], [19.062717550576437, 47.472421625356326], [19.06271620947193, 47.47242173867049], [19.06271134796809, 47.47240508148664], [19.062712521434534, 47.47240485485825], [19.062709168673265, 47.472393410123374], [19.062707827568758, 47.47239363675182], [19.06270061913203, 47.47236542150384], [19.062699278027523, 47.47236553481812], [19.06269223722886, 47.47233720624071], [19.06269089612435, 47.47233743286939], [19.062683687687624, 47.47230910427683], [19.062682346583117, 47.47230933090564], [19.06267027664255, 47.47226445838397], [19.06267614397477, 47.47225845271529], [19.062797513932694, 47.472241795479675], [19.062795166999805, 47.472234996606474], [19.06278997021984, 47.472234996606474], [19.062783264697302, 47.47221301357714], [19.06283255028795, 47.47221301357714], [19.06283255028795, 47.47222899093443], [19.062825509489286, 47.47223001076558], [19.062827856422174, 47.47223805609953], [19.06283255028795, 47.4722373762122]]]}}, {"type": "Feature", "properties": {"id": 2578, "roomCode": "LD-0-310-04-64", "roomNumber": "0-310", "roomName": "0-310 L\u00e9pcs\u0151h\u00e1z", "roomType": "corridor", "floorId": 25, "level": 0, "fillSource": "mvt"}, "geometry": {"type": "Polygon", "coordinates": [[[19.062887491060433, 47.4726999763592], [19.062894531859097, 47.472723205466274], [19.06282177693957, 47.47273329029493], [19.062814736140904, 47.47270994787959], [19.062887491060433, 47.4726999763592]]]}}, {"type": "Feature", "properties": {"id": 2315, "roomCode": "LD-0-311-01-12", "roomNumber": "0-311", "roomName": "0-311 Konig terem", "roomType": "educational", "floorId": 25, "level": 0, "fillSource": "mvt"}, "geometry": {"type": "Polygon", "coordinates": [[[19.06280936950484, 47.47264672427639], [19.062823283464105, 47.47269284253211], [19.06281758376995, 47.4726986214753], [19.062715324551256, 47.472712672236504], [19.062703422248752, 47.472712672236504], [19.062688502461107, 47.47266338124319], [19.06280936950484, 47.47264672427639]]]}}, {"type": "Feature", "properties": {"id": 3818, "roomCode": "LD-0-312-01-12", "roomNumber": "0-312", "roomName": "0-312 Gallai Tibor terem", "roomType": "educational", "floorId": 25, "level": 0, "fillSource": "mvt"}, "geometry": {"type": "Polygon", "coordinates": [[[19.06262053291866, 47.472637165356204], [19.062629082459896, 47.47266515405691], [19.062515256214827, 47.47268079146215], [19.06250670667359, 47.472676938768544], [19.062494636733025, 47.472637165356204], [19.06262053291866, 47.472637165356204]]]}}, {"type": "Feature", "properties": {"id": 3034, "roomCode": "LD-0-315-04-64", "roomNumber": "0-315", "roomName": "0-315 L\u00e9pcs\u0151h\u00e1z", "roomType": "corridor", "floorId": 25, "level": 0, "fillSource": "mvt"}, "geometry": {"type": "Polygon", "coordinates": [[[19.062487897447877, 47.4726519294736], [19.062492758951716, 47.47266790683089], [19.062420004032187, 47.472677878512414], [19.062412963233523, 47.472654535709516], [19.06243190633469, 47.4726519294736], [19.062487897447877, 47.4726519294736]]]}}, {"type": "Feature", "properties": {"id": 3222, "roomCode": "LD-0-401-04-63", "roomNumber": "0-401", "roomName": "0-401 K\u00f6zleked\u0151", "roomType": "corridor", "floorId": 25, "level": 0, "fillSource": "mvt"}, "geometry": {"type": "Polygon", "coordinates": [[[19.062958588112785, 47.47250342046872], [19.062959091026975, 47.47250489355859], [19.06294852982898, 47.47250636664844], [19.06295389424701, 47.47252393040875], [19.062964287806942, 47.47252257063397], [19.062967472930147, 47.47253299557306], [19.06295691173215, 47.472534468662126], [19.06296227615018, 47.47255203241305], [19.062972837348177, 47.47255067263899], [19.062976022471382, 47.472561097572516], [19.062965461273386, 47.472562570660784], [19.062970825691416, 47.472580247716756], [19.06298121925135, 47.47257877462898], [19.062984404374554, 47.472589199556936], [19.062973843176557, 47.47259067264441], [19.062979207594587, 47.47260834969093], [19.062989768792583, 47.47260687660395], [19.06299295391579, 47.47261741484068], [19.062982392717792, 47.47261877461301], [19.06298758949776, 47.472636451650075], [19.062998150695755, 47.47263497856388], [19.06300133581896, 47.47264540348068], [19.062990774620964, 47.472646876566586], [19.062996139038994, 47.47266455359421], [19.06300670023699, 47.472663080508795], [19.063009885360195, 47.47267350542002], [19.0629993241622, 47.47267497850513], [19.06300468858023, 47.4726925422091], [19.06301508214016, 47.47269118243868], [19.063018267263367, 47.472701720658506], [19.062976693023636, 47.47270738636722], [19.062968311120464, 47.47267928444601], [19.062957749922468, 47.47268064421674], [19.062954732437326, 47.47267021930692], [19.06296512599726, 47.47266874622167], [19.062959929217293, 47.47265118250976], [19.062949368019297, 47.47265254228122], [19.06294618289609, 47.47264211736583], [19.062956744094087, 47.47264064427979], [19.062951379676058, 47.472622967244135], [19.06294081847806, 47.47262444033066], [19.06293780099292, 47.47261401540971], [19.062948194552852, 47.472612542322885], [19.062942997772886, 47.47259486527777], [19.06293243657489, 47.47259633836509], [19.062929251451685, 47.47258591343856], [19.06293981264968, 47.47258444035095], [19.06293444823165, 47.472566763296385], [19.062923887033655, 47.47256823638449], [19.062920869548513, 47.47255781145238], [19.06293143074651, 47.47255633836399], [19.06292606632848, 47.47253866129997], [19.062915505130483, 47.47254013438887], [19.06291232000728, 47.47252970945119], [19.062922881205274, 47.472528236362], [19.062917516787245, 47.47251055928853], [19.062907123227312, 47.47251203237821], [19.062904441018297, 47.47250342046872], [19.062958588112785, 47.47250342046872]]]}}, {"type": "Feature", "properties": {"id": 2548, "roomCode": "LD-0-402-05-71", "roomNumber": "0-402", "roomName": "0-402 N\u0151i WC el\u0151t\u00e9r", "roomType": "social", "floorId": 25, "level": 0, "fillSource": "mvt"}, "geometry": {"type": "Polygon", "coordinates": [[[19.062975131121537, 47.472429551218994], [19.06298166900601, 47.47245153415866], [19.062951158878466, 47.472455726780126], [19.062944620993992, 47.47243374384222], [19.062975131121537, 47.472429551218994]]]}}, {"type": "Feature", "properties": {"id": 2454, "roomCode": "LD-0-403-05-71", "roomNumber": "0-403", "roomName": "0-403 N\u0151i WC csoport", "roomType": "social", "floorId": 25, "level": 0, "fillSource": "mvt"}, "geometry": {"type": "Polygon", "coordinates": [[[19.062952888144046, 47.47242698359588], [19.06295942602852, 47.4724489665337], [19.06291600777009, 47.47245485886598], [19.062911146266252, 47.472438768264716], [19.06290125562051, 47.47243446232833], [19.06290712295273, 47.47242845667963], [19.062915337217838, 47.47243208273176], [19.062952888144046, 47.47242698359588]]]}}, {"type": "Feature", "properties": {"id": 2354, "roomCode": "LD-0-404-05-73", "roomNumber": "0-404", "roomName": "0-404 N\u0151i \u00f6lt\u00f6z\u0151 GOLD FLAME BT", "roomType": "social", "floorId": 25, "level": 0, "fillSource": "mvt"}, "geometry": {"type": "Polygon", "coordinates": [[[19.06293750667806, 47.47244530674469], [19.062945385667042, 47.47247159563176], [19.062909008207278, 47.472476581453684], [19.062900458666043, 47.472472842087285], [19.06289392078157, 47.47245119908259], [19.06293750667806, 47.47244530674469]]]}}, {"type": "Feature", "properties": {"id": 3340, "roomCode": "LD-0-405-04-63", "roomNumber": "0-405", "roomName": "0-405 El\u0151t\u00e9r GOLD FLAME BT", "roomType": "corridor", "floorId": 25, "level": 0, "fillSource": "mvt"}, "geometry": {"type": "Polygon", "coordinates": [[[19.062955330241735, 47.472454145364125], [19.062958683003004, 47.472465136837336], [19.062943763215358, 47.47246717649191], [19.0629399075399, 47.472454485306635], [19.062955330241735, 47.472454145364125]]]}}, {"type": "Feature", "properties": {"id": 2239, "roomCode": "LD-0-406-05-71", "roomNumber": "0-406", "roomName": "0-406 Mosd\u00f3-zuhany GOLD FLAME BT", "roomType": "social", "floorId": 25, "level": 0, "fillSource": "mvt"}, "geometry": {"type": "Polygon", "coordinates": [[[19.062959971956705, 47.472466706235764], [19.06296215125153, 47.47247373171601], [19.06295041658709, 47.472475318114654], [19.062952763519977, 47.47248279685042], [19.062937173180078, 47.47248313679293], [19.06293331750462, 47.47247033229021], [19.062959971956705, 47.472466706235764]]]}}, {"type": "Feature", "properties": {"id": 3074, "roomCode": "LD-0-407-05-71", "roomNumber": "0-407", "roomName": "0-407 WC GOLD FLAME BT", "roomType": "social", "floorId": 25, "level": 0, "fillSource": "mvt"}, "geometry": {"type": "Polygon", "coordinates": [[[19.06296505793289, 47.472455480353204], [19.062970757627046, 47.47247395056263], [19.062960364067113, 47.47247542364655], [19.062954664372956, 47.47245695343763], [19.06296505793289, 47.472455480353204]]]}}, {"type": "Feature", "properties": {"id": 3786, "roomCode": "LD-0-408-01-12", "roomNumber": "0-408", "roomName": "0-408 Tanterem", "roomType": "educational", "floorId": 25, "level": 0, "fillSource": "mvt"}, "geometry": {"type": "Polygon", "coordinates": [[[19.06295836125075, 47.47247437179419], [19.062966407877795, 47.472501113954145], [19.06289097074925, 47.47251153886026], [19.062882924122206, 47.47248468339138], [19.06295836125075, 47.47247437179419]]]}}, {"type": "Feature", "properties": {"id": 3846, "roomCode": "LD-0-409-01-12", "roomNumber": "0-409", "roomName": "0-409 (kiz\u00e1r\u00f3lag tsz. haszn\u00e1latra)", "roomType": "educational", "floorId": 25, "level": 0, "fillSource": "mvt"}, "geometry": {"type": "Polygon", "coordinates": [[[19.062949797612685, 47.472502068484324], [19.062958011877793, 47.472529263915646], [19.062882742387313, 47.47253957551301], [19.062874528122205, 47.472512380087025], [19.062949797612685, 47.472502068484324]]]}}, {"type": "Feature", "properties": {"id": 3838, "roomCode": "LD-0-411-01-12", "roomNumber": "0-411", "roomName": "0-411", "roomType": "educational", "floorId": 25, "level": 0, "fillSource": "mvt"}, "geometry": {"type": "Polygon", "coordinates": [[[19.062924493570616, 47.47255821748174], [19.062941089738896, 47.47261362824719], [19.062865820248415, 47.47262393985558], [19.062849056442072, 47.47256864241549], [19.062924493570616, 47.47255821748174]]]}}, {"type": "Feature", "properties": {"id": 2358, "roomCode": "LD-0-412-01-12", "roomNumber": "0-412", "roomName": "0-412 R\u00e9nyi Alfr\u00e9d terem", "roomType": "educational", "floorId": 25, "level": 0, "fillSource": "mvt"}, "geometry": {"type": "Polygon", "coordinates": [[[19.062922027198105, 47.47262853021404], [19.062935773519307, 47.47267385603767], [19.062860504028826, 47.47268416765709], [19.062845751879244, 47.472635215775476], [19.062851283935338, 47.47262921010167], [19.062856145439177, 47.47262853021404], [19.062922027198105, 47.47262853021404]]]}}, {"type": "Feature", "properties": {"id": 3104, "roomCode": "LD-0-413-04-63", "roomNumber": "0-413", "roomName": "0-413 El\u0151t\u00e9r", "roomType": "corridor", "floorId": 25, "level": 0, "fillSource": "mvt"}, "geometry": {"type": "Polygon", "coordinates": [[[19.062914469048078, 47.472675364613984], [19.062917821809346, 47.47268635594045], [19.062869039132888, 47.47269304138532], [19.062865854009683, 47.47268205006025], [19.062914469048078, 47.472675364613984]]]}}, {"type": "Feature", "properties": {"id": 2536, "roomCode": "LD-0-414-05-73", "roomNumber": "0-414", "roomName": "0-414 Biztons\u00e1gi szolg\u00e1lat \u00f6lt\u00f6z\u0151", "roomType": "social", "floorId": 25, "level": 0, "fillSource": "mvt"}, "geometry": {"type": "Polygon", "coordinates": [[[19.06286461825738, 47.47266233378253], [19.062873167798614, 47.47269043531916], [19.062843495861387, 47.472694514573234], [19.062837963805293, 47.472700066890766], [19.06282907898793, 47.47269610094973], [19.062834611044025, 47.47269054863178], [19.06282757024536, 47.472667432852795], [19.06286461825738, 47.47266233378253]]]}}, {"type": "Feature", "properties": {"id": 3574, "roomCode": "LD-0-415-05-71", "roomNumber": "0-415", "roomName": "0-415 WC- zuhany", "roomType": "social", "floorId": 25, "level": 0, "fillSource": "mvt"}, "geometry": {"type": "Polygon", "coordinates": [[[19.062897013028046, 47.47269083161161], [19.062901874531885, 47.47270703532367], [19.062891480971953, 47.47270850838816], [19.062886619468113, 47.47269230467654], [19.062897013028046, 47.47269083161161]]]}}, {"type": "Feature", "properties": {"id": 3514, "roomCode": "LD-0-416-04-63", "roomNumber": "0-416", "roomName": "0-416 El\u0151t\u00e9r", "roomType": "corridor", "floorId": 25, "level": 0, "fillSource": "mvt"}, "geometry": {"type": "Polygon", "coordinates": [[[19.062908711028047, 47.47269243961134], [19.062913572531887, 47.4727086433239], [19.062903178971954, 47.472710116388434], [19.062898317468115, 47.47269391267633], [19.062908711028047, 47.47269243961134]]]}}, {"type": "Feature", "properties": {"id": 3458, "roomCode": "LD-0-417-02-33", "roomNumber": "0-417", "roomName": "0-417 IK TH vezet\u0151", "roomType": "administrative", "floorId": 25, "level": 0, "fillSource": "mvt"}, "geometry": {"type": "Polygon", "coordinates": [[[19.063044458779633, 47.472627300692494], [19.063057199272453, 47.47266979292535], [19.062978744658768, 47.47266979292535], [19.062969189289152, 47.4726377254568], [19.063044458779633, 47.472627300692494]]]}}, {"type": "Feature", "properties": {"id": 3394, "roomCode": "LD-0-418-02-33", "roomNumber": "0-418", "roomName": "0-418 IK TH", "roomType": "administrative", "floorId": 25, "level": 0, "fillSource": "mvt"}, "geometry": {"type": "Polygon", "coordinates": [[[19.06306296975793, 47.47249181820019], [19.063096497370616, 47.472603319536404], [19.06302106024207, 47.47261374444598], [19.062987532629386, 47.47250212981743], [19.06306296975793, 47.47249181820019]]]}}, {"type": "Feature", "properties": {"id": 2429, "roomCode": "LD-0-501-01-14", "roomNumber": "0-501", "roomName": "0-501 Kozettani gyakorl\u00f3", "roomType": "educational", "floorId": 25, "level": 0, "fillSource": "mvt"}, "geometry": {"type": "Polygon", "coordinates": [[[19.06313070261903, 47.472294996683715], [19.063155680690482, 47.47237816909449], [19.0630804112, 47.47238859396503], [19.063055265490487, 47.47230530825678], [19.06313070261903, 47.472294996683715]]]}}, {"type": "Feature", "properties": {"id": 2604, "roomCode": "LD-0-502-01-13", "roomNumber": "0-502", "roomName": "0-502 Oktat\u00f3", "roomType": "educational", "floorId": 25, "level": 0, "fillSource": "mvt"}, "geometry": {"type": "Polygon", "coordinates": [[[19.06315601643172, 47.4722668872398], [19.063164230696827, 47.47229408254944], [19.063088793568284, 47.472304507414414], [19.063080579303175, 47.472277198796355], [19.06315601643172, 47.4722668872398]]]}}, {"type": "Feature", "properties": {"id": 3608, "roomCode": "LD-0-503-01-13", "roomNumber": "0-503", "roomName": "0-503 Oktat\u00f3", "roomType": "educational", "floorId": 25, "level": 0, "fillSource": "mvt"}, "geometry": {"type": "Polygon", "coordinates": [[[19.063164395612684, 47.47223877224983], [19.063172609877792, 47.47226596754494], [19.063097340387312, 47.47227639240433], [19.063089126122204, 47.47224908380089], [19.063164395612684, 47.47223877224983]]]}}, {"type": "Feature", "properties": {"id": 3164, "roomCode": "LD-0-504-01-14", "roomNumber": "0-504", "roomName": "0-504 Sz\u00e1m\u00edt\u00f3g\u00e9pes laborat\u00f3rium \u00e9s PhD szoba", "roomType": "educational", "floorId": 25, "level": 0, "fillSource": "mvt"}, "geometry": {"type": "Polygon", "coordinates": [[[19.063189863570617, 47.47212626417113], [19.063206459738897, 47.472181675459886], [19.063131190248416, 47.47219198716566], [19.063114426442073, 47.47213668920333], [19.063189863570617, 47.47212626417113]]]}}, {"type": "Feature", "properties": {"id": 3413, "roomCode": "LD-0-505-01-13", "roomNumber": "0-505", "roomName": "0-505 Oktat\u00f3", "roomType": "educational", "floorId": 25, "level": 0, "fillSource": "mvt"}, "geometry": {"type": "Polygon", "coordinates": [[[19.063172941431716, 47.47221062993146], [19.063181155696824, 47.47223782521203], [19.06310571856828, 47.47224825006584], [19.063097504303173, 47.47222105479068], [19.063172941431716, 47.47221062993146]]]}}, {"type": "Feature", "properties": {"id": 2530, "roomCode": "LD-0-506-01-14", "roomNumber": "0-506", "roomName": "0-506 Oktat\u00f3", "roomType": "educational", "floorId": 25, "level": 0, "fillSource": "mvt"}, "geometry": {"type": "Polygon", "coordinates": [[[19.063175552863303, 47.47218231097634], [19.06318376712841, 47.47220961955594], [19.063173708844605, 47.47221097931887], [19.063105647790852, 47.47221097931887], [19.063100283372822, 47.472192735829985], [19.063175552863303, 47.47218231097634]]]}}, {"type": "Feature", "properties": {"id": 3533, "roomCode": "LD-0-507-01-13", "roomNumber": "0-507", "roomName": "0-507 Oktat\u00f3", "roomType": "educational", "floorId": 25, "level": 0, "fillSource": "mvt"}, "geometry": {"type": "Polygon", "coordinates": [[[19.063206789431717, 47.472098228297185], [19.063215003696826, 47.47212542399989], [19.06313956656828, 47.47213573570015], [19.063131352303174, 47.47210854000278], [19.063206789431717, 47.472098228297185]]]}}, {"type": "Feature", "properties": {"id": 2447, "roomCode": "LD-0-508-02-33", "roomNumber": "0-508", "roomName": "0-508 K\u0151zettani \u00e9s Geok\u00e9miai Tansz\u00e9k Titk\u00e1rs\u00e1g", "roomType": "administrative", "floorId": 25, "level": 0, "fillSource": "mvt"}, "geometry": {"type": "Polygon", "coordinates": [[[19.063215167612686, 47.472070114307215], [19.063223381877794, 47.47209730999538], [19.063148112387314, 47.472107621690114], [19.063139898122206, 47.472080426007295], [19.063215167612686, 47.472070114307215]]]}}, {"type": "Feature", "properties": {"id": 3417, "roomCode": "LD-0-509-01-13", "roomNumber": "0-509", "roomName": "0-509 Tansz\u00e9kvezet\u0151", "roomType": "educational", "floorId": 25, "level": 0, "fillSource": "mvt"}, "geometry": {"type": "Polygon", "coordinates": [[[19.06322375348013, 47.472013862899175], [19.06324034964841, 47.472069160754074], [19.063164912519866, 47.472079585753], [19.063148316351587, 47.47202417459375], [19.06322375348013, 47.472013862899175]]]}}, {"type": "Feature", "properties": {"id": 3757, "roomCode": "LD-0-512-04-63 (1)", "roomNumber": "0-512", "roomName": "0-512 K\u00f6zleked\u0151", "roomType": "corridor", "floorId": 25, "level": 0, "fillSource": "mvt"}, "geometry": {"type": "Polygon", "coordinates": [[[19.063095519957596, 47.47207398240289], [19.063098872718864, 47.47208497399186], [19.063050090042406, 47.47209165959641], [19.063046737281137, 47.47208066800883], [19.063095519957596, 47.47207398240289]]]}}, {"type": "Feature", "properties": {"id": 3756, "roomCode": "LD-0-512-04-63 (2)", "roomNumber": "0-512", "roomName": "0-512 K\u00f6zleked\u0151", "roomType": "corridor", "floorId": 25, "level": 0, "fillSource": "mvt"}, "geometry": {"type": "Polygon", "coordinates": [[[19.063081905123838, 47.47199464728164], [19.063083749142535, 47.472000879639744], [19.06309431034053, 47.47199940653699], [19.063097495463737, 47.47200994488659], [19.06308693426574, 47.47201130467348], [19.06309229868377, 47.47202898189987], [19.063102692243703, 47.47202750879789], [19.063105877366908, 47.472038047141865], [19.063095316168912, 47.472039406928026], [19.063100680586942, 47.47205708414496], [19.063111241784938, 47.472055724359244], [19.063114426908143, 47.47206614938211], [19.063103865710147, 47.47206762248299], [19.063109230128177, 47.472085186375026], [19.06311962368811, 47.47208382659004], [19.063122808811315, 47.47209425160732], [19.06311224761332, 47.47209572470742], [19.06311761203135, 47.47211340190541], [19.063128173229344, 47.4721119288058], [19.06313135835255, 47.472122353817504], [19.063120797154554, 47.47212382691682], [19.063126161572583, 47.47214150410535], [19.063136555132516, 47.47214003100654], [19.06313974025572, 47.47215045601266], [19.063129179057725, 47.47215192911119], [19.063134543475755, 47.47216960629027], [19.06314510467375, 47.47216813319225], [19.063148289796956, 47.472178558192795], [19.06313772859896, 47.47218003129054], [19.06314309301699, 47.47219770846017], [19.063153486576923, 47.47219623536292], [19.063156671700128, 47.47220666035791], [19.06314611050213, 47.472208133454856], [19.06314694869245, 47.47221096633349], [19.063157509890445, 47.472209606551765], [19.06316756817425, 47.47224280787883], [19.063154660043367, 47.472244507604906], [19.063155498233684, 47.47224722716652], [19.063129179057725, 47.472250739933386], [19.06312850850547, 47.472248133687025], [19.063121467706807, 47.472249153522576], [19.06310604500497, 47.472198161720854], [19.063118450221666, 47.47219646199327], [19.063116103288777, 47.47218841661534], [19.063089951750882, 47.47219204270132], [19.063092131045707, 47.47219918155737], [19.063076540705808, 47.47220133454552], [19.063074361410983, 47.47219419568975], [19.06305122735823, 47.472197368514664], [19.063045527664073, 47.472178558192795], [19.06307134392584, 47.4721750454211], [19.063068996992953, 47.47216711335512], [19.063084587332852, 47.472164960365575], [19.063086263713487, 47.47217062612735], [19.063101854053386, 47.47216858645318], [19.063081234571584, 47.4721000306921], [19.06307084101165, 47.472101390476645], [19.063067655888446, 47.472090965460794], [19.063078217086442, 47.47208949236055], [19.063072852668412, 47.47207181515452], [19.06306245910848, 47.47207328825526], [19.063059273985274, 47.472062863233816], [19.06306983518327, 47.4720613901328], [19.06306447076524, 47.47204371291731], [19.063053909567245, 47.472045186018825], [19.06305072444404, 47.47203476099181], [19.063061285642036, 47.47203328789001], [19.063055921224006, 47.472015610665075], [19.063045527664073, 47.472017083767376], [19.063042342540868, 47.47200654541921], [19.063052903738864, 47.47200518563219], [19.063049550977595, 47.47199464728164], [19.063081905123838, 47.47199464728164]]]}}, {"type": "Feature", "properties": {"id": 3192, "roomCode": "LD-0-513-05-71", "roomNumber": "0-513", "roomName": "0-513 WC", "roomType": "social", "floorId": 25, "level": 0, "fillSource": "mvt"}, "geometry": {"type": "Polygon", "coordinates": [[[19.063098481028046, 47.4720620150763], [19.063103342531885, 47.472078332482226], [19.063092948971953, 47.47207969226582], [19.063088087468113, 47.47206348817565], [19.063098481028046, 47.4720620150763]]]}}, {"type": "Feature", "properties": {"id": 2463, "roomCode": "LD-0-514-05-71", "roomNumber": "0-514", "roomName": "0-514 WC", "roomType": "social", "floorId": 25, "level": 0, "fillSource": "mvt"}, "geometry": {"type": "Polygon", "coordinates": [[[19.063086758028046, 47.47206045273424], [19.063091619531885, 47.47207665682434], [19.063081225971953, 47.4720781299232], [19.063076364468113, 47.47206181251822], [19.063086758028046, 47.47206045273424]]]}}, {"type": "Feature", "properties": {"id": 2470, "roomCode": "LD-0-516-01-14", "roomNumber": "0-516", "roomName": "0-516 Mikroszonda dokument\u00e1ci\u00f3t\u00e1r", "roomType": "educational", "floorId": 25, "level": 0, "fillSource": "mvt"}, "geometry": {"type": "Polygon", "coordinates": [[[19.063036699873454, 47.47207696816881], [19.063052960765607, 47.47213101962005], [19.06301792441035, 47.47213589218001], [19.063009374869115, 47.472132039458224], [19.06299445508147, 47.47208286057289], [19.063036699873454, 47.47207696816881]]]}}, {"type": "Feature", "properties": {"id": 2962, "roomCode": "LD-0-517-01-14", "roomNumber": "0-517", "roomName": "0-517 Mikroszonda fot\u00f3szoba", "roomType": "educational", "floorId": 25, "level": 0, "fillSource": "mvt"}, "geometry": {"type": "Polygon", "coordinates": [[[19.06307671821202, 47.47208757473772], [19.063084597201, 47.472113523962236], [19.06305274596895, 47.4721179432612], [19.063045034618032, 47.47209199403886], [19.06307671821202, 47.47208757473772]]]}}, {"type": "Feature", "properties": {"id": 3496, "roomCode": "LD-0-518-01-14", "roomNumber": "0-518", "roomName": "0-518 K\u0151zetrakt\u00e1r", "roomType": "educational", "floorId": 25, "level": 0, "fillSource": "mvt"}, "geometry": {"type": "Polygon", "coordinates": [[[19.06306832848347, 47.47211438016594], [19.06307654274858, 47.47214168918939], [19.063044691516527, 47.472145995175204], [19.06303647725142, 47.472118799469456], [19.06306832848347, 47.47211438016594]]]}}, {"type": "Feature", "properties": {"id": 3554, "roomCode": "LD-0-519-01-14", "roomNumber": "0-519", "roomName": "0-519 Mikroszonda el\u0151k\u00e9sz\u00edt\u0151", "roomType": "educational", "floorId": 25, "level": 0, "fillSource": "mvt"}, "geometry": {"type": "Polygon", "coordinates": [[[19.063059929341232, 47.472136525625736], [19.063067975968277, 47.472163721348316], [19.062992706477797, 47.47217414637157], [19.06298449221269, 47.47214695065439], [19.063059929341232, 47.472136525625736]]]}}, {"type": "Feature", "properties": {"id": 2873, "roomCode": "LD-0-520-01-14", "roomNumber": "0-520", "roomName": "0-520 Mikroszonda labor", "roomType": "educational", "floorId": 25, "level": 0, "fillSource": "mvt"}, "geometry": {"type": "Polygon", "coordinates": [[[19.06304627242237, 47.472175496829045], [19.063057839448746, 47.47221436339995], [19.06297938483506, 47.47221436339995], [19.062970835293825, 47.472185808371066], [19.06304627242237, 47.472175496829045]]]}}, {"type": "Feature", "properties": {"id": 3506, "roomCode": "LD-0-521-01-14", "roomNumber": "0-521", "roomName": "0-521 Mikroszk\u00f3p laborat\u00f3rium", "roomType": "educational", "floorId": 25, "level": 0, "fillSource": "mvt"}, "geometry": {"type": "Polygon", "coordinates": [[[19.06303450143172, 47.472220897256236], [19.063042715696827, 47.472248092542074], [19.062967278568284, 47.47225851739792], [19.062959064303175, 47.47223120880378], [19.06303450143172, 47.472220897256236]]]}}, {"type": "Feature", "properties": {"id": 2300, "roomCode": "LD-0-522-01-14", "roomNumber": "0-522", "roomName": "0-522 L\u00e1t\u00e1ss\u00e9r\u00fclt hallgat\u00f3k laborat\u00f3riuma", "roomType": "educational", "floorId": 25, "level": 0, "fillSource": "mvt"}, "geometry": {"type": "Polygon", "coordinates": [[[19.0630260635222, 47.472249047202205], [19.06303427778731, 47.47227578924746], [19.062958840658766, 47.47228610079518], [19.06295079403172, 47.47225935875517], [19.0630260635222, 47.472249047202205]]]}}, {"type": "Feature", "properties": {"id": 2594, "roomCode": "LD-0-523-05-73", "roomNumber": "0-523", "roomName": "0-523 F\u00e9rfi \u00f6lt\u00f6z\u0151", "roomType": "social", "floorId": 25, "level": 0, "fillSource": "mvt"}, "geometry": {"type": "Polygon", "coordinates": [[[19.062989978561667, 47.47227785622917], [19.06299785755065, 47.47230414503099], [19.062954271654156, 47.47231015066059], [19.062947733769683, 47.47228862104185], [19.06295343346384, 47.47228284203742], [19.062989978561667, 47.47227785622917]]]}}, {"type": "Feature", "properties": {"id": 2327, "roomCode": "LD-0-524-05-71", "roomNumber": "0-524", "roomName": "0-524 Mosd\u00f3-zuhany", "roomType": "social", "floorId": 25, "level": 0, "fillSource": "mvt"}, "geometry": {"type": "Polygon", "coordinates": [[[19.06300381259388, 47.4722825072337], [19.063005991888705, 47.47228998594455], [19.063017726553145, 47.472288399551424], [19.06301990584797, 47.47229542500631], [19.062993251395884, 47.47229916436095], [19.062989395720425, 47.47228635990306], [19.06300381259388, 47.4722825072337]]]}}, {"type": "Feature", "properties": {"id": 2716, "roomCode": "LD-0-525-05-71", "roomNumber": "0-525", "roomName": "0-525 WC", "roomType": "social", "floorId": 25, "level": 0, "fillSource": "mvt"}, "geometry": {"type": "Polygon", "coordinates": [[[19.06301405275192, 47.47229307236941], [19.063019584808014, 47.472311429207885], [19.06300919124808, 47.47231290228724], [19.06300365919199, 47.47229443213544], [19.06301405275192, 47.47229307236941]]]}}, {"type": "Feature", "properties": {"id": 3300, "roomCode": "LD-0-526-04-63", "roomNumber": "0-526", "roomName": "0-526 El\u0151t\u00e9r", "roomType": "corridor", "floorId": 25, "level": 0, "fillSource": "mvt"}, "geometry": {"type": "Polygon", "coordinates": [[[19.06300212978464, 47.47229737485692], [19.063005482545908, 47.47230825298388], [19.062991065672453, 47.472312105653295], [19.062987209996994, 47.47229941450589], [19.06300212978464, 47.47229737485692]]]}}, {"type": "Feature", "properties": {"id": 2854, "roomCode": "LD-0-527-05-71", "roomNumber": "0-527", "roomName": "0-527 F\u00e9rfi WC csoport", "roomType": "social", "floorId": 25, "level": 0, "fillSource": "mvt"}, "geometry": {"type": "Polygon", "coordinates": [[[19.062986252986736, 47.472298119888166], [19.06299279087121, 47.4723201027764], [19.062955407583065, 47.47232531521247], [19.06294987552697, 47.472330867589456], [19.062941158347673, 47.47232690160595], [19.062947528594083, 47.47232032940407], [19.062942667090244, 47.47230412552349], [19.062986252986736, 47.472298119888166]]]}}, {"type": "Feature", "properties": {"id": 3526, "roomCode": "LD-0-528-04-63", "roomNumber": "0-528", "roomName": "0-528 F\u00e9rfi WC el\u0151t\u00e9r", "roomType": "corridor", "floorId": 25, "level": 0, "fillSource": "mvt"}, "geometry": {"type": "Polygon", "coordinates": [[[19.063010837121535, 47.47231094324854], [19.06301737500601, 47.47233292613857], [19.062986864878464, 47.47233711875059], [19.06298032699399, 47.472315135862296], [19.063010837121535, 47.47231094324854]]]}}, {"type": "Feature", "properties": {"id": 3831, "roomCode": "LD-0-601-04-63", "roomNumber": "0-601", "roomName": "0-601 K\u00f6zleked\u0151", "roomType": "corridor", "floorId": 25, "level": 0, "fillSource": "mvt"}, "geometry": {"type": "Polygon", "coordinates": [[[19.062678978550238, 47.47187550492664], [19.062680822568936, 47.47188071744438], [19.062670429009003, 47.47188219054713], [19.062675793427033, 47.47189986777687], [19.062686186986966, 47.47189839467462], [19.062689204472107, 47.471908933020586], [19.062678810912175, 47.471910292807], [19.062684175330205, 47.471927970027295], [19.062694568890137, 47.47192649692583], [19.062697754013342, 47.47193703526615], [19.06268736045341, 47.47193839505186], [19.06269272487144, 47.471956072262685], [19.062703118431372, 47.47195459916201], [19.062706135916514, 47.4719651374967], [19.06269574235658, 47.47196649728168], [19.06270110677461, 47.471984174483055], [19.062711500334544, 47.47198270138317], [19.06271468545775, 47.47199323971223], [19.062704291897816, 47.47199471281182], [19.062709656315846, 47.472012276688396], [19.062719882237715, 47.47201080358929], [19.06272306736092, 47.47202134191272], [19.062712673800988, 47.47202281501152], [19.062718038219018, 47.47204037887872], [19.06272843177895, 47.4720389057804], [19.062731616902155, 47.47204955741341], [19.062721223342223, 47.4720509171962], [19.062741842824025, 47.47211947286594], [19.062757433163924, 47.47211731987933], [19.06275575678329, 47.47211165412465], [19.06277134712319, 47.47210950113772], [19.062773694056077, 47.47211731987933], [19.062799845593972, 47.47211369379641], [19.062799845593972, 47.47213329730421], [19.062781908321185, 47.47213579023531], [19.06278408761601, 47.47214292908283], [19.06276849727611, 47.472145082068394], [19.06276648561935, 47.47213794322117], [19.062740334081454, 47.47214156930242], [19.062742848652405, 47.472149727984316], [19.062755086231036, 47.47214780162898], [19.062759780096812, 47.47216366572961], [19.0627240731893, 47.47216853827384], [19.062723905551238, 47.47216763175402], [19.062713511991305, 47.47216910484872], [19.0627103268681, 47.472158566554924], [19.062720720428032, 47.47215709345993], [19.062715356010003, 47.472139529631754], [19.06270496245007, 47.47214100272724], [19.062701777326865, 47.47213046442781], [19.062712170886797, 47.47212899133203], [19.06270697410683, 47.472111427494454], [19.0626965805469, 47.47211290059074], [19.062693395423693, 47.472102362285675], [19.062703788983626, 47.47210100250422], [19.062698424565596, 47.47208332534213], [19.062688031005663, 47.4720847984392], [19.06268484588246, 47.4720742601285], [19.06269523944239, 47.47207278703114], [19.062690042662425, 47.472055223174785], [19.062679649102492, 47.472056696272645], [19.062676463979287, 47.4720461579563], [19.06268685753922, 47.47204468485816], [19.06268149312119, 47.47202712099241], [19.062671099561257, 47.47202859409105], [19.06266791443805, 47.47201794245378], [19.062678307997984, 47.47201658267015], [19.062673111218018, 47.471998905479666], [19.062662717658085, 47.4720003785791], [19.06265953253488, 47.471989840251474], [19.062669926094813, 47.471988480467104], [19.062664561676783, 47.471970803267176], [19.06265416811685, 47.471972276367396], [19.062650982993645, 47.47196173803413], [19.062661376553578, 47.471960378249044], [19.06265617977361, 47.47194281435512], [19.06264578621368, 47.47194417414066], [19.062642601090474, 47.47193363580176], [19.062652994650406, 47.47193227601595], [19.062647630232377, 47.47191459879711], [19.062637236672444, 47.47191607189891], [19.06263405154924, 47.47190553355437], [19.062644612747235, 47.47190417376783], [19.062639248329205, 47.47188649653953], [19.062628854769272, 47.47188796964212], [19.062625669646067, 47.47187743129196], [19.062636063206, 47.47187607150468], [19.062635895567936, 47.47187550492664], [19.062678978550238, 47.47187550492664]]]}}, {"type": "Feature", "properties": {"id": 3478, "roomCode": "LD-0-601/A-04-63", "roomNumber": "0-601/A", "roomName": "0-601/A Fogad\u00f3t\u00e9r", "roomType": "corridor", "floorId": 25, "level": 0, "fillSource": "mvt"}, "geometry": {"type": "Polygon", "coordinates": [[[19.062659206958486, 47.47188091021151], [19.062659206958486, 47.471896434363856], [19.06265786585398, 47.47189666099379], [19.062659206958486, 47.47190108027717], [19.062659206958486, 47.471916604423576], [19.06258360219188, 47.47192702939522], [19.062573711546136, 47.471893828119626], [19.062584272744132, 47.471892355025], [19.062583769829942, 47.471891335190236], [19.062659206958486, 47.47188091021151]]]}}, {"type": "Feature", "properties": {"id": 3345, "roomCode": "LD-0-605-04-64", "roomNumber": "0-605", "roomName": "0-605 L\u00e9pcs\u0151h\u00e1z", "roomType": "corridor", "floorId": 25, "level": 0, "fillSource": "mvt"}, "geometry": {"type": "Polygon", "coordinates": [[[19.06267577224307, 47.4719719424834], [19.06267577224307, 47.471996191923594], [19.062631348156263, 47.47200242425454], [19.0626243073576, 47.471979081338446], [19.06267577224307, 47.4719719424834]]]}}, {"type": "Feature", "properties": {"id": 3647, "roomCode": "LD-0-606-01-14", "roomNumber": "0-606", "roomName": "0-606 Rtg. spektroszk\u00f3pia labor", "roomType": "educational", "floorId": 25, "level": 0, "fillSource": "mvt"}, "geometry": {"type": "Polygon", "coordinates": [[[19.062720831536158, 47.471986012232875], [19.06273608659993, 47.47203700406978], [19.062697697483404, 47.472042329881006], [19.062683951162203, 47.47199621060421], [19.062689483218296, 47.47199031821213], [19.062720831536158, 47.471986012232875]]]}}, {"type": "Feature", "properties": {"id": 3175, "roomCode": "LD-0-607-01-14", "roomNumber": "0-607", "roomName": "0-607 Rtg. Diffrakci\u00f3 labor", "roomType": "educational", "floorId": 25, "level": 0, "fillSource": "mvt"}, "geometry": {"type": "Polygon", "coordinates": [[[19.06275854594524, 47.47198787985642], [19.062773801009012, 47.47203887169882], [19.06273356787379, 47.47204442414089], [19.062718145171953, 47.471993432303876], [19.06275854594524, 47.47198787985642]]]}}, {"type": "Feature", "properties": {"id": 3687, "roomCode": "LD-0-608-01-14", "roomNumber": "0-608", "roomName": "0-608 Rtg. El\u0151k\u00e9sz\u00edt\u0151 labor", "roomType": "educational", "floorId": 25, "level": 0, "fillSource": "mvt"}, "geometry": {"type": "Polygon", "coordinates": [[[19.062800137945242, 47.4719935998533], [19.062815393009014, 47.47204459170131], [19.06277515987379, 47.472050144144], [19.062759737171955, 47.47199915230138], [19.062800137945242, 47.4719935998533]]]}}, {"type": "Feature", "properties": {"id": 3266, "roomCode": "LD-0-609-01-14", "roomNumber": "0-609", "roomName": "0-609 Rtg. pordiffrakci\u00f3", "roomType": "educational", "floorId": 25, "level": 0, "fillSource": "mvt"}, "geometry": {"type": "Polygon", "coordinates": [[[19.062841689035725, 47.471999319850255], [19.062856944099497, 47.47205031170376], [19.062816710964274, 47.47205586414705], [19.0628014559005, 47.47200487229893], [19.062841689035725, 47.471999319850255]]]}}, {"type": "Feature", "properties": {"id": 3081, "roomCode": "LD-0-610-01-14", "roomNumber": "0-610", "roomName": "0-610 Fot\u00f3", "roomType": "educational", "floorId": 25, "level": 0, "fillSource": "mvt"}, "geometry": {"type": "Polygon", "coordinates": [[[19.06289211653489, 47.47200505283246], [19.062898654419364, 47.4720265827225], [19.062858253646077, 47.472032135166394], [19.062851883399667, 47.472010605278626], [19.06289211653489, 47.47200505283246]]]}}, {"type": "Feature", "properties": {"id": 2542, "roomCode": "LD-0-611-01-14", "roomNumber": "0-611", "roomName": "0-611 H\u0171t\u0151", "roomType": "educational", "floorId": 25, "level": 0, "fillSource": "mvt"}, "geometry": {"type": "Polygon", "coordinates": [[[19.062884083892154, 47.472027700137836], [19.062891795243072, 47.47205319607215], [19.06285156210785, 47.47205863520321], [19.06284385075693, 47.47203325258681], [19.062884083892154, 47.472027700137836]]]}}, {"type": "Feature", "properties": {"id": 3375, "roomCode": "LD-0-612-01-14", "roomNumber": "0-612", "roomName": "0-612 TEM labor", "roomType": "educational", "floorId": 25, "level": 0, "fillSource": "mvt"}, "geometry": {"type": "Polygon", "coordinates": [[[19.06292483212621, 47.4720107598441], [19.062940254828046, 47.472061751708715], [19.06289985405476, 47.4720673041532], [19.062884598990987, 47.472016312293974], [19.06292483212621, 47.4720107598441]]]}}, {"type": "Feature", "properties": {"id": 3327, "roomCode": "LD-0-613-01-14", "roomNumber": "0-613", "roomName": "0-613 TEM el\u0151k\u00e9sz\u00edt\u0151", "roomType": "educational", "floorId": 25, "level": 0, "fillSource": "mvt"}, "geometry": {"type": "Polygon", "coordinates": [[[19.06296642412621, 47.47201656482749], [19.062981846828045, 47.47206744338238], [19.062941446054758, 47.47207299582749], [19.062926190990986, 47.47202200396266], [19.06296642412621, 47.47201656482749]]]}}, {"type": "Feature", "properties": {"id": 3594, "roomCode": "LD-0-614-01-14", "roomNumber": "0-614", "roomName": "0-614 TEM feldolgoz\u00f3", "roomType": "educational", "floorId": 25, "level": 0, "fillSource": "mvt"}, "geometry": {"type": "Polygon", "coordinates": [[[19.062997694123204, 47.47202742028123], [19.06300624366444, 47.47203127300237], [19.063020157623704, 47.47207739231874], [19.062981936145242, 47.47208271813399], [19.062966513443406, 47.47203172626366], [19.062997694123204, 47.47202742028123]]]}}, {"type": "Feature", "properties": {"id": 2813, "roomCode": "LD-0-615-04-64", "roomNumber": "0-615", "roomName": "0-615 L\u00e9pcs\u0151h\u00e1z", "roomType": "corridor", "floorId": 25, "level": 0, "fillSource": "mvt"}, "geometry": {"type": "Polygon", "coordinates": [[[19.06309030978898, 47.472026550984836], [19.06309718294958, 47.47204978061487], [19.06302442803005, 47.47205986567057], [19.063017387231387, 47.47203652272972], [19.06309030978898, 47.472026550984836]]]}}, {"type": "Feature", "properties": {"id": 2908, "roomCode": "LD-0-616-05-71", "roomNumber": "0-616", "roomName": "0-616 Mozg\u00e1skorl\u00e1tozott WC", "roomType": "social", "floorId": 25, "level": 0, "fillSource": "mvt"}, "geometry": {"type": "Polygon", "coordinates": [[[19.06265795485389, 47.47192016623451], [19.062661139977095, 47.47193047790157], [19.062661139977095, 47.471936143651845], [19.06263934702885, 47.471939203156744], [19.062634653163073, 47.47192333905536], [19.06265795485389, 47.47192016623451]]]}}, {"type": "Feature", "properties": {"id": 3730, "roomCode": "LD-0-616/1-04-63", "roomNumber": "0-616/1", "roomName": "0-616/1 El\u0151t\u00e9r", "roomType": "corridor", "floorId": 25, "level": 0, "fillSource": "mvt"}, "geometry": {"type": "Polygon", "coordinates": [[[19.06263549923706, 47.471918054114276], [19.062640193102837, 47.471933804900594], [19.062624602762938, 47.47193595788541], [19.06261990889716, 47.47192020709973], [19.06263549923706, 47.471918054114276]]]}}, {"type": "Feature", "properties": {"id": 3557, "roomCode": "LD-0-701-01-14", "roomNumber": "0-701", "roomName": "0-701 Derivatogr\u00e1f labor", "roomType": "educational", "floorId": 25, "level": 0, "fillSource": "mvt"}, "geometry": {"type": "Polygon", "coordinates": [[[19.062627128192986, 47.472175319705684], [19.062630145678128, 47.4721858578693], [19.062551691064442, 47.4721858578693], [19.062551691064442, 47.47218574455572], [19.062627128192986, 47.472175319705684]]]}}, {"type": "Feature", "properties": {"id": 3072, "roomCode": "LD-0-702-01-14", "roomNumber": "0-702", "roomName": "0-702 Fluidz\u00e1rv\u00e1ny labor", "roomType": "educational", "floorId": 25, "level": 0, "fillSource": "mvt"}, "geometry": {"type": "Polygon", "coordinates": [[[19.062632279341233, 47.472136241296944], [19.062640325968278, 47.472163550334884], [19.062565056477798, 47.47217386204262], [19.06255684221269, 47.47214666632555], [19.062632279341233, 47.472136241296944]]]}}, {"type": "Feature", "properties": {"id": 2381, "roomCode": "LD-0-703-01-12", "roomNumber": "0-703", "roomName": "0-703 M\u00e9rleg \u00e9s hallg.sz\u00e1m\u00edt\u00f3g\u00e9p szoba", "roomType": "educational", "floorId": 25, "level": 0, "fillSource": "mvt"}, "geometry": {"type": "Polygon", "coordinates": [[[19.062640699431718, 47.47210812730701], [19.062648913696826, 47.47213543633035], [19.062573476568282, 47.47214574803258], [19.062565262303174, 47.472118552330045], [19.062640699431718, 47.47210812730701]]]}}, {"type": "Feature", "properties": {"id": 3289, "roomCode": "LD-0-704-01-14", "roomNumber": "0-704", "roomName": "0-704 Mikroszk\u00f3p \u00e9s doktorandusz, szakdolg.", "roomType": "educational", "floorId": 25, "level": 0, "fillSource": "mvt"}, "geometry": {"type": "Polygon", "coordinates": [[[19.062649078612687, 47.472080097303646], [19.062657292877795, 47.472107292996974], [19.062582023387314, 47.47211760469368], [19.062573809122206, 47.472090409005695], [19.062649078612687, 47.472080097303646]]]}}, {"type": "Feature", "properties": {"id": 2630, "roomCode": "LD-0-705-01-14", "roomNumber": "0-705", "roomName": "0-705 Reflexi\u00f3s optikai labor", "roomType": "educational", "floorId": 25, "level": 0, "fillSource": "mvt"}, "geometry": {"type": "Polygon", "coordinates": [[[19.062650265120734, 47.47205190399257], [19.06265596481489, 47.47207071433856], [19.06265596481489, 47.47207943961724], [19.062583042257298, 47.47208941136254], [19.06257482799219, 47.4720622156891], [19.062650265120734, 47.47205190399257]]]}}, {"type": "Feature", "properties": {"id": 2231, "roomCode": "LD-0-706-01-13", "roomNumber": "0-706", "roomName": "0-706 Doktorandusz szoba", "roomType": "educational", "floorId": 25, "level": 0, "fillSource": "mvt"}, "geometry": {"type": "Polygon", "coordinates": [[[19.06264018079272, 47.47202704426429], [19.06264655103913, 47.472048120905285], [19.062640851344973, 47.4720538999828], [19.062616040911585, 47.47205729943986], [19.062616040911585, 47.47203033040779], [19.06264018079272, 47.47202704426429]]]}}, {"type": "Feature", "properties": {"id": 3644, "roomCode": "LD-0-708-04-63", "roomNumber": "0-708", "roomName": "0-708 El\u0151t\u00e9r", "roomType": "corridor", "floorId": 25, "level": 0, "fillSource": "mvt"}, "geometry": {"type": "Polygon", "coordinates": [[[19.062637352957594, 47.472010973413475], [19.062640705718863, 47.47202196498929], [19.062591923042405, 47.47202865058581], [19.062588570281136, 47.472017659011414], [19.062637352957594, 47.472010973413475]]]}}, {"type": "Feature", "properties": {"id": 3113, "roomCode": "LD-0-709-05-71", "roomNumber": "0-709", "roomName": "0-709 WC", "roomType": "social", "floorId": 25, "level": 0, "fillSource": "mvt"}, "geometry": {"type": "Polygon", "coordinates": [[[19.062603132209016, 47.47199390408778], [19.06260816135092, 47.47201022147257], [19.062597767790987, 47.472011581254414], [19.062592738649084, 47.47199537718523], [19.062603132209016, 47.47199390408778]]]}}, {"type": "Feature", "properties": {"id": 2989, "roomCode": "LD-0-710-05-71", "roomNumber": "0-710", "roomName": "0-710 WC", "roomType": "social", "floorId": 25, "level": 0, "fillSource": "mvt"}, "geometry": {"type": "Polygon", "coordinates": [[[19.062614859209013, 47.47199551008752], [19.062619888350916, 47.47201182747279], [19.062609494790983, 47.472013187254674], [19.06260446564908, 47.47199698318501], [19.062614859209013, 47.47199551008752]]]}}, {"type": "Feature", "properties": {"id": 3488, "roomCode": "LD-0-713-01-13", "roomNumber": "0-713", "roomName": "0-713 Oktat\u00f3", "roomType": "educational", "floorId": 25, "level": 0, "fillSource": "mvt"}, "geometry": {"type": "Polygon", "coordinates": [[[19.062561537341235, 47.47192162203143], [19.06256958396828, 47.471948817642776], [19.0624943144778, 47.4719592426234], [19.06248610021269, 47.47193193370239], [19.062561537341235, 47.47192162203143]]]}}, {"type": "Feature", "properties": {"id": 3332, "roomCode": "LD-0-714-01-13", "roomNumber": "0-714", "roomName": "0-714 Oktat\u00f3", "roomType": "educational", "floorId": 25, "level": 0, "fillSource": "mvt"}, "geometry": {"type": "Polygon", "coordinates": [[[19.06255303343172, 47.47194973702139], [19.062561247696827, 47.47197693264728], [19.062485810568283, 47.47198735763347], [19.062477596303175, 47.471960048697866], [19.06255303343172, 47.47194973702139]]]}}, {"type": "Feature", "properties": {"id": 2906, "roomCode": "LD-0-715-01-13", "roomNumber": "0-715", "roomName": "0-715 Oktat\u00f3", "roomType": "educational", "floorId": 25, "level": 0, "fillSource": "mvt"}, "geometry": {"type": "Polygon", "coordinates": [[[19.062544613341235, 47.47197787934013], [19.06255265996828, 47.47200507498056], [19.0624773904778, 47.472015386657205], [19.06246917621269, 47.47198819102212], [19.062544613341235, 47.47197787934013]]]}}, {"type": "Feature", "properties": {"id": 3704, "roomCode": "LD-0-716-01-13", "roomNumber": "0-716", "roomName": "0-716 Doktorandusz szoba", "roomType": "educational", "floorId": 25, "level": 0, "fillSource": "mvt"}, "geometry": {"type": "Polygon", "coordinates": [[[19.06253610943172, 47.472005994330104], [19.062544323696827, 47.472033189985076], [19.062468886568283, 47.47204350166723], [19.062460672303175, 47.4720163060176], [19.06253610943172, 47.472005994330104]]]}}, {"type": "Feature", "properties": {"id": 2964, "roomCode": "LD-0-717-01-13", "roomNumber": "0-717", "roomName": "0-717 Oktat\u00f3", "roomType": "educational", "floorId": 25, "level": 0, "fillSource": "mvt"}, "geometry": {"type": "Polygon", "coordinates": [[[19.062486002263437, 47.47206220861812], [19.062494216528545, 47.47208940429983], [19.06245197173656, 47.47209518338038], [19.062443757471453, 47.472067987701664], [19.062486002263437, 47.47206220861812]]]}}, {"type": "Feature", "properties": {"id": 2945, "roomCode": "LD-0-718-01-13", "roomNumber": "0-718", "roomName": "0-718 Oktat\u00f3", "roomType": "educational", "floorId": 25, "level": 0, "fillSource": "mvt"}, "geometry": {"type": "Polygon", "coordinates": [[[19.062519162483472, 47.47206813717987], [19.06252737674858, 47.4720954461793], [19.06249552551653, 47.47209975216132], [19.06248731125142, 47.47207255647949], [19.062519162483472, 47.47206813717987]]]}}, {"type": "Feature", "properties": {"id": 3710, "roomCode": "LD-0-719-01-13", "roomNumber": "0-719", "roomName": "0-719 Oktat\u00f3", "roomType": "educational", "floorId": 25, "level": 0, "fillSource": "mvt"}, "geometry": {"type": "Polygon", "coordinates": [[[19.062527687341234, 47.47203402333358], [19.06253573396828, 47.47206133231841], [19.062460464477798, 47.472071644006085], [19.06245225021269, 47.47204444834191], [19.062527687341234, 47.47203402333358]]]}}, {"type": "Feature", "properties": {"id": 2222, "roomCode": "LD-0-720-01-13", "roomNumber": "0-720", "roomName": "0-720 Oktat\u00f3", "roomType": "educational", "floorId": 25, "level": 0, "fillSource": "mvt"}, "geometry": {"type": "Polygon", "coordinates": [[[19.062510722431718, 47.472090252313436], [19.062518936696826, 47.47211756132748], [19.062443499568282, 47.472127873026174], [19.062435285303174, 47.47210067733292], [19.062510722431718, 47.472090252313436]]]}}, {"type": "Feature", "properties": {"id": 3523, "roomCode": "LD-0-721-01-14", "roomNumber": "0-721", "roomName": "0-721 M\u00e1sol\u00f3", "roomType": "educational", "floorId": 25, "level": 0, "fillSource": "mvt"}, "geometry": {"type": "Polygon", "coordinates": [[[19.062502260431717, 47.472118394632226], [19.062510474696825, 47.47214559034542], [19.06243503756828, 47.47215601536509], [19.062426823303174, 47.472128819657286], [19.062502260431717, 47.472118394632226]]]}}, {"type": "Feature", "properties": {"id": 3208, "roomCode": "LD-0-722-01-13", "roomNumber": "0-722", "roomName": "0-722 Doktorandusz \u00e9s szakdolgoz\u00f3 szoba", "roomType": "educational", "floorId": 25, "level": 0, "fillSource": "mvt"}, "geometry": {"type": "Polygon", "coordinates": [[[19.062459657349248, 47.47214650517382], [19.062468877442736, 47.472176873734696], [19.06242663265075, 47.472182652824515], [19.062417412557263, 47.47215228426698], [19.062459657349248, 47.47214650517382]]]}}, {"type": "Feature", "properties": {"id": 3682, "roomCode": "LD-0-723-01-13", "roomNumber": "0-723", "roomName": "0-723 Oktat\u00f3", "roomType": "educational", "floorId": 25, "level": 0, "fillSource": "mvt"}, "geometry": {"type": "Polygon", "coordinates": [[[19.06249281156928, 47.472152544052044], [19.06250203166277, 47.472182799300036], [19.06247018043072, 47.47218721860446], [19.06246096033723, 47.472156850043454], [19.06249281156928, 47.472152544052044]]]}}, {"type": "Feature", "properties": {"id": 2366, "roomCode": "LD-0-724-02-33", "roomNumber": "0-724", "roomName": "0-724 \u00c1sv\u00e1nytani Tansz\u00e9k Titk\u00e1rs\u00e1g ", "roomType": "administrative", "floorId": 25, "level": 0, "fillSource": "mvt"}, "geometry": {"type": "Polygon", "coordinates": [[[19.06249086484552, 47.472185319459435], [19.06250662282348, 47.472238123612335], [19.062427665295605, 47.472238123612335], [19.062416768821482, 47.472204582783164], [19.062419283392433, 47.47220424284222], [19.062416768821482, 47.47219551769052], [19.06249086484552, 47.472185319459435]]]}}, {"type": "Feature", "properties": {"id": 3212, "roomCode": "LD-0-725-01-13", "roomNumber": "0-725", "roomName": "0-725 Oktat\u00f3", "roomType": "educational", "floorId": 25, "level": 0, "fillSource": "mvt"}, "geometry": {"type": "Polygon", "coordinates": [[[19.06241064315904, 47.47219302999585], [19.062421036718973, 47.47222271816752], [19.062340402810463, 47.472233822899184], [19.062333194373736, 47.472210027042756], [19.062334535478243, 47.47220991372912], [19.062332691459545, 47.472203568165575], [19.06241064315904, 47.47219302999585]]]}}, {"type": "Feature", "properties": {"id": 2648, "roomCode": "LD-0-726-01-14", "roomNumber": "0-726", "roomName": "0-726 Mikroszk\u00f3p szoba", "roomType": "educational", "floorId": 25, "level": 0, "fillSource": "mvt"}, "geometry": {"type": "Polygon", "coordinates": [[[19.062301077277223, 47.47218814672402], [19.062303256572047, 47.472195285482876], [19.062311303199092, 47.47219426566024], [19.062318343997756, 47.472217948202996], [19.06231750580744, 47.47221806151657], [19.062275763929645, 47.47221806151657], [19.06226822021679, 47.472192905896705], [19.062301077277223, 47.47218814672402]]]}}, {"type": "Feature", "properties": {"id": 3037, "roomCode": "LD-0-727-02-33", "roomNumber": "0-727", "roomName": "0-727 Di\u00e1ktan\u00e1csad\u00f3", "roomType": "administrative", "floorId": 25, "level": 0, "fillSource": "mvt"}, "geometry": {"type": "Polygon", "coordinates": [[[19.06228236587646, 47.47218028583796], [19.06228974195125, 47.4722053281442], [19.062248502987647, 47.4722053281442], [19.062248502987647, 47.47220510151705], [19.062255711424374, 47.472204081694855], [19.06225453795793, 47.4722005689738], [19.062247497159266, 47.47220158879607], [19.062242635655426, 47.472185724891915], [19.06228236587646, 47.47218028583796]]]}}, {"type": "Feature", "properties": {"id": 2644, "roomCode": "LD-0-801-04-63", "roomNumber": "0-801", "roomName": "0-801 El\u0151csarnok", "roomType": "corridor", "floorId": 25, "level": 0, "fillSource": "mvt"}, "geometry": {"type": "Polygon", "coordinates": [[[19.06205350334942, 47.472028153625466], [19.0620563531965, 47.472037445422494], [19.062040595218537, 47.47203959839962], [19.062045289084313, 47.47205364940607], [19.062042439237235, 47.47205410266428], [19.062060376510022, 47.47211381939925], [19.0620632263571, 47.472113366141556], [19.062070770069955, 47.47213795536586], [19.062067752584813, 47.472138408623344], [19.0620856898576, 47.47219812526253], [19.062088707342742, 47.47219778531981], [19.062096083417533, 47.472222374504604], [19.062093233570454, 47.47222271444717], [19.06211117084324, 47.47228243099055], [19.06211402069032, 47.47228209104836], [19.062118211641906, 47.47229614198998], [19.06212961103022, 47.47229455559354], [19.062132796153424, 47.4723050937976], [19.062118546918033, 47.47230713344975], [19.062134807810185, 47.472361184203024], [19.062134807810185, 47.47250679234979], [19.06202802236378, 47.47250679234979], [19.062020981565116, 47.47248333643435], [19.062014946594832, 47.47248412962973], [19.06200656469166, 47.472456027843265], [19.06201243202388, 47.47245523464746], [19.062003211930392, 47.47242486657055], [19.061970690146087, 47.47242928580672], [19.06197085778415, 47.47242860592425], [19.061966834470628, 47.472428379296765], [19.0619683432132, 47.47241693460727], [19.061972198888657, 47.47241716123481], [19.06198946560919, 47.47227971145305], [19.062021987393496, 47.47228152447807], [19.06202651362121, 47.47224617047895], [19.062026848897336, 47.4722122895408], [19.062023831412194, 47.47218396098043], [19.062018131718037, 47.47215574571913], [19.062008743986485, 47.47212617066993], [19.061997512236236, 47.47209988172335], [19.061986280485986, 47.472081184835226], [19.0619752163738, 47.472068493610415], [19.061963314071296, 47.47206203468232], [19.06194688554108, 47.47205863524616], [19.06194889719784, 47.472041411432926], [19.061976389840243, 47.47204299783701], [19.061978066220878, 47.472028153625466], [19.062034560248254, 47.472028153625466], [19.062035063162444, 47.47202940008614], [19.06204411561787, 47.472028153625466], [19.06205350334942, 47.472028153625466]]]}}, {"type": "Feature", "properties": {"id": 3817, "roomCode": "LD-0-803-01-12", "roomNumber": "0-803", "roomName": "0-803 Szab\u00f3 J\u00f3zsef eload\u00f3", "roomType": "educational", "floorId": 25, "level": 0, "fillSource": "mvt"}, "geometry": {"type": "Polygon", "coordinates": [[[19.062159139053016, 47.472409949661994], [19.062183446572213, 47.47249074267636], [19.06199368028441, 47.472516918226596], [19.06197456954518, 47.47245323569635], [19.06197456954518, 47.47243521873874], [19.062159139053016, 47.472409949661994]]]}}, {"type": "Feature", "properties": {"id": 2914, "roomCode": "LD-0-804-01-12", "roomNumber": "0-804", "roomName": "0-804 L\u00f3czy Lajos terem", "roomType": "educational", "floorId": 25, "level": 0, "fillSource": "mvt"}, "geometry": {"type": "Polygon", "coordinates": [[[19.062051598020034, 47.472500725856094], [19.062051598020034, 47.472584918398226], [19.062023937739568, 47.47258877108199], [19.06199963022037, 47.4725078646637], [19.062051598020034, 47.472500725856094]]]}}, {"type": "Feature", "properties": {"id": 3847, "roomCode": "LD-0-805-01-12", "roomNumber": "0-805", "roomName": "0-805 Fej\u00e9r Lip\u00f3t terem", "roomType": "educational", "floorId": 25, "level": 0, "fillSource": "mvt"}, "geometry": {"type": "Polygon", "coordinates": [[[19.06207732048367, 47.472597467383146], [19.062097939965472, 47.47266511616055], [19.061939689633594, 47.47268675921835], [19.061939689633594, 47.472602679854845], [19.061976905283675, 47.472597467383146], [19.06207732048367, 47.472597467383146]]]}}, {"type": "Feature", "properties": {"id": 2500, "roomCode": "LD-0-806-05-71", "roomNumber": "0-806", "roomName": "0-806 Mozg\u00e1skorl\u00e1tozott WC", "roomType": "social", "floorId": 25, "level": 0, "fillSource": "mvt"}, "geometry": {"type": "Polygon", "coordinates": [[[19.061803516135893, 47.472411862901794], [19.061823297427377, 47.47241299604272], [19.061823129789314, 47.47241435581182], [19.061826985464773, 47.47241458243999], [19.06182447089382, 47.47243520560014], [19.061800666288814, 47.4724336192035], [19.061803516135893, 47.472411862901794]]]}}, {"type": "Feature", "properties": {"id": 2616, "roomCode": "LD-0-807-04-63", "roomNumber": "0-807", "roomName": "0-807 F\u00e9rfi WC el\u0151t\u00e9r", "roomType": "corridor", "floorId": 25, "level": 0, "fillSource": "mvt"}, "geometry": {"type": "Polygon", "coordinates": [[[19.061790244727213, 47.47239328643319], [19.061828466205675, 47.472395439400046], [19.061825616358597, 47.4724100569095], [19.061788400708515, 47.47240801725726], [19.061790244727213, 47.47239328643319]]]}}, {"type": "Feature", "properties": {"id": 3050, "roomCode": "LD-0-808-05-71", "roomNumber": "0-808", "roomName": "0-808 F\u00e9rfi WC csoport", "roomType": "social", "floorId": 25, "level": 0, "fillSource": "mvt"}, "geometry": {"type": "Polygon", "coordinates": [[[19.061765005304952, 47.472396574268394], [19.06180205331697, 47.472398727236246], [19.061799203469892, 47.472420596852], [19.061785792424818, 47.47241980365365], [19.06178394840612, 47.47243408122195], [19.06176047907724, 47.47243283476773], [19.061765005304952, 47.472396574268394]]]}}, {"type": "Feature", "properties": {"id": 3728, "roomCode": "LD-0-810-04-63", "roomNumber": "0-810", "roomName": "0-810 N\u0151i WC el\u0151t\u00e9r", "roomType": "corridor", "floorId": 25, "level": 0, "fillSource": "mvt"}, "geometry": {"type": "Polygon", "coordinates": [[[19.061793259706846, 47.47230920805982], [19.061817064311853, 47.47231068114004], [19.061815220293155, 47.472325298626146], [19.06179141568815, 47.472324052174], [19.061793259706846, 47.47230920805982]]]}}, {"type": "Feature", "properties": {"id": 2749, "roomCode": "LD-0-811-05-71", "roomNumber": "0-811", "roomName": "0-811 N\u0151i WC csoport", "roomType": "social", "floorId": 25, "level": 0, "fillSource": "mvt"}, "geometry": {"type": "Polygon", "coordinates": [[[19.061752882265445, 47.472310675460996], [19.061791941934224, 47.47231294173834], [19.061790097915527, 47.47232767253869], [19.06175120588481, 47.47232540626197], [19.061752882265445, 47.472310675460996]]]}}, {"type": "Feature", "properties": {"id": 3124, "roomCode": "LD-0-813-04-64", "roomNumber": "0-813", "roomName": "0-813 Menek\u00fcl\u0151 l\u00e9pcs\u0151h\u00e1z", "roomType": "corridor", "floorId": 25, "level": 0, "fillSource": "mvt"}, "geometry": {"type": "Polygon", "coordinates": [[[19.06174848224886, 47.47228834562645], [19.061772286853866, 47.47228959207841], [19.06177195157774, 47.472291858354616], [19.061796426735, 47.472293331434095], [19.06179441507824, 47.47230341636173], [19.06174697350629, 47.47230081014467], [19.06174848224886, 47.47228834562645]]]}}, {"type": "Feature", "properties": {"id": 3511, "roomCode": "LD-0-816-05-75", "roomNumber": "0-816", "roomName": "0-816 B\u00fcf\u00e9 GOLD FLAME BT", "roomType": "social", "floorId": 25, "level": 0, "fillSource": "mvt"}, "geometry": {"type": "Polygon", "coordinates": [[[19.061876580373955, 47.472075120624865], [19.06188412408681, 47.472146622651486], [19.061794437722874, 47.472150928634136], [19.061803657816363, 47.472078520089504], [19.061876580373955, 47.472075120624865]]]}}, {"type": "Feature", "properties": {"id": 3805, "roomCode": "LD-0-817-01-12", "roomNumber": "0-817", "roomName": "0-817 Dudich Endre terem (k)", "roomType": "educational", "floorId": 25, "level": 0, "fillSource": "mvt"}, "geometry": {"type": "Polygon", "coordinates": [[[19.061930952997994, 47.47195068416476], [19.061961463125538, 47.47201969310733], [19.061859539182972, 47.472039976506714], [19.06182919669349, 47.47197119422119], [19.061930952997994, 47.47195068416476]]]}}, {"type": "Feature", "properties": {"id": 2305, "roomCode": "LD-0-818-01-12", "roomNumber": "0-818", "roomName": "0-818 So\u00f3 Rezso terem (k)", "roomType": "educational", "floorId": 25, "level": 0, "fillSource": "mvt"}, "geometry": {"type": "Polygon", "coordinates": [[[19.06194799367125, 47.471834751344865], [19.061973307018828, 47.47186432655572], [19.061973307018828, 47.47190772616449], [19.061909269278598, 47.471932768742285], [19.06185612801249, 47.47187067219266], [19.06194799367125, 47.471834751344865]]]}}, {"type": "Feature", "properties": {"id": 3819, "roomCode": "LD-0-820-01-12", "roomNumber": "0-820", "roomName": "0-820 Hunfalvy J\u00e1nos terem", "roomType": "educational", "floorId": 25, "level": 0, "fillSource": "mvt"}, "geometry": {"type": "Polygon", "coordinates": [[[19.06202465423239, 47.47174503561399], [19.06202465423239, 47.471816877127175], [19.062017613433724, 47.471817217071006], [19.062011746101504, 47.47174560218782], [19.06202465423239, 47.47174503561399]]]}}, {"type": "Feature", "properties": {"id": 3859, "roomCode": "LD-0-821-01-12", "roomNumber": "0-821", "roomName": "0-821 Bolyai J\u00e1nos terem", "roomType": "educational", "floorId": 25, "level": 0, "fillSource": "mvt"}, "geometry": {"type": "Polygon", "coordinates": [[[19.062369627268108, 47.47174919276001], [19.06242779767612, 47.47194250800346], [19.06223920485476, 47.47196834375001], [19.06223384043673, 47.471954406046216], [19.062214059145244, 47.47193412271457], [19.062197965891155, 47.47191225296833], [19.06218841052154, 47.47189423591667], [19.062181369722875, 47.47187565228458], [19.062177011133226, 47.47185672870125], [19.062175502390655, 47.47183939152012], [19.062177346409353, 47.471815028804954], [19.062184219569954, 47.47178930629808], [19.062179860980304, 47.47177525523173], [19.062369627268108, 47.47174919276001]]]}}, {"type": "Feature", "properties": {"id": 3789, "roomCode": "LD-0-822-01-12", "roomNumber": "0-822", "roomName": "0-822 Mogyor\u00f3di J\u00f3zsef terem", "roomType": "educational", "floorId": 25, "level": 0, "fillSource": "mvt"}, "geometry": {"type": "Polygon", "coordinates": [[[19.062203896344574, 47.471966400961236], [19.06220708146778, 47.471976939289135], [19.062204566896828, 47.47197739255051], [19.062209763676794, 47.47199484311019], [19.06221244588581, 47.47199461647958], [19.06222820386377, 47.47204730806966], [19.06222568929282, 47.472047648015234], [19.06223105371085, 47.47206521186674], [19.0622335682818, 47.47206487192128], [19.062236753405006, 47.472075410229436], [19.062046987117203, 47.47210147270289], [19.06201413005677, 47.47199257680406], [19.062203896344574, 47.471966400961236]]]}}, {"type": "Feature", "properties": {"id": 2308, "roomCode": "LD-0-823-01-12", "roomNumber": "0-823", "roomName": "0-823 Kitaibel P\u00e1l terem", "roomType": "educational", "floorId": 25, "level": 0, "fillSource": "mvt"}, "geometry": {"type": "Polygon", "coordinates": [[[19.062170046344573, 47.472078923935776], [19.062173231467778, 47.47208934897063], [19.062170716896826, 47.47208980223297], [19.062175913676793, 47.47210736614556], [19.062178595885808, 47.47210702619893], [19.062194521501834, 47.47215971790182], [19.06219183929282, 47.47216017116355], [19.06219720371085, 47.47217762173723], [19.0621997182818, 47.47217728179104], [19.06220273576694, 47.472187933437134], [19.0620131371172, 47.472213995966335], [19.06198028005677, 47.472104986519035], [19.062170046344573, 47.472078923935776]]]}}, {"type": "Feature", "properties": {"id": 2374, "roomCode": "LD-0-824-05-71", "roomNumber": "0-824", "roomName": "0-824 F\u00e9rfiWC", "roomType": "social", "floorId": 25, "level": 0, "fillSource": "mvt"}, "geometry": {"type": "Polygon", "coordinates": [[[19.061831814660103, 47.47241769555587], [19.0618648393586, 47.47241950858135], [19.061862660063774, 47.472432086443916], [19.061830305917532, 47.472430273418865], [19.061831814660103, 47.47241769555587]]]}}, {"type": "Feature", "properties": {"id": 3857, "roomCode": "LD-0-825-01-12", "roomNumber": "0-825", "roomName": "0-825 Farkas Gyula terem", "roomType": "educational", "floorId": 25, "level": 0, "fillSource": "mvt"}, "geometry": {"type": "Polygon", "coordinates": [[[19.061763692936097, 47.4724304454316], [19.061857905527745, 47.47243577119969], [19.061857905527745, 47.4724627399745], [19.061855390956794, 47.47248970873548], [19.061757155051623, 47.47248426965874], [19.061763692936097, 47.4724304454316]]]}}, {"type": "Feature", "properties": {"id": 3858, "roomCode": "LD-0-826-01-12", "roomNumber": "0-826", "roomName": "0-826", "roomType": "educational", "floorId": 25, "level": 0, "fillSource": "mvt"}, "geometry": {"type": "Polygon", "coordinates": [[[19.061771729544443, 47.472485132873764], [19.061850016520065, 47.47248943881865], [19.06185571621422, 47.472517994023136], [19.061858901337427, 47.47254666252632], [19.061764856383842, 47.472541336758134], [19.061771729544443, 47.472485132873764]]]}}, {"type": "Feature", "properties": {"id": 3867, "roomCode": "LD-0-827-01-12", "roomNumber": "0-827", "roomName": "0-827", "roomType": "educational", "floorId": 25, "level": 0, "fillSource": "mvt"}, "geometry": {"type": "Polygon", "coordinates": [[[19.061792367522724, 47.472552639953264], [19.06180292872072, 47.472554452985854], [19.061812316452272, 47.47255853230895], [19.061819357250936, 47.47256385809141], [19.061826733325727, 47.472572809937304], [19.06184400004626, 47.47260351815657], [19.06186009330035, 47.472646690936315], [19.06178096813441, 47.47264227167703], [19.061792032246597, 47.472552639953264], [19.061792367522724, 47.472552639953264]]]}}, {"type": "Feature", "properties": {"id": 3834, "roomCode": "LD-1-101-04-63", "roomNumber": "1-101", "roomName": "1-101 K\u00f6zleked\u0151", "roomType": "corridor", "floorId": 27, "level": 1, "fillSource": "mvt"}, "geometry": {"type": "Polygon", "coordinates": [[[19.062879128749078, 47.472225554465574], [19.062882313872283, 47.47223597937122], [19.06287192031235, 47.47223745245555], [19.06287728473038, 47.47225512946426], [19.062887678290313, 47.472253656380424], [19.062890863413518, 47.472264194594615], [19.06288030221552, 47.47226555436404], [19.06288566663355, 47.4722832313633], [19.062896060193484, 47.47228175828025], [19.06289924531669, 47.472292296488824], [19.062888851756757, 47.472293769571564], [19.062891701603835, 47.4723029480093], [19.06289488672704, 47.47230260806719], [19.06290075405926, 47.47230600748819], [19.062907291943734, 47.472315072609774], [19.062906453753417, 47.47232504424172], [19.06290310099215, 47.47232980342903], [19.06289974823088, 47.47233014337096], [19.062902598077958, 47.472339435116304], [19.06291299163789, 47.47233796203483], [19.062916176761096, 47.47234850023212], [19.062905783201163, 47.4723499733133], [19.062911147619193, 47.47236753697026], [19.062921541179126, 47.47236606388958], [19.062924558664267, 47.47237660208124], [19.062914165104335, 47.472378075161615], [19.062919529522365, 47.47239575212303], [19.062929923082297, 47.472394279043144], [19.062933108205502, 47.47240481722913], [19.06292271464557, 47.47240617699492], [19.0629280790636, 47.47242385394687], [19.062938472623532, 47.47242238086777], [19.062941490108674, 47.47243291904814], [19.06293109654874, 47.47243427881319], [19.062936125690644, 47.47245104924597], [19.062904945010846, 47.47245524185332], [19.062899915868943, 47.47243858473563], [19.06288952230901, 47.472439944500536], [19.06288650482387, 47.47242951963535], [19.062896730745738, 47.4724280465564], [19.06288566663355, 47.47239110625554], [19.06287527307362, 47.47239246602168], [19.062872590864604, 47.47238385416889], [19.062882984424537, 47.47238238108867], [19.062870746845906, 47.4723414747675], [19.062777372444575, 47.47235439255657], [19.06277418732137, 47.472344307616254], [19.06276630833239, 47.472345327441765], [19.062768487627213, 47.47235235290588], [19.062752897287314, 47.47235450587049], [19.06275071799249, 47.47234736709273], [19.062724566454595, 47.472350993138704], [19.06272674574942, 47.472358131915975], [19.062711323047584, 47.47236028488035], [19.06270914375276, 47.47235314610338], [19.062682992214864, 47.47235677214895], [19.06268517150969, 47.47236379761153], [19.062669748807853, 47.47236595057568], [19.062667569513028, 47.47235881179947], [19.062641417975133, 47.47236243784465], [19.062643597269957, 47.472369576620366], [19.062628174568122, 47.472371616270394], [19.06262616291136, 47.47236459080885], [19.062599843735402, 47.47236810353974], [19.062602023030227, 47.47237524231469], [19.06258660032839, 47.47237739527838], [19.062584421033566, 47.472370256503716], [19.06255826949567, 47.47237388254811], [19.062560448790496, 47.47238102132226], [19.06254502608866, 47.47238317428571], [19.062542846793836, 47.47237603551184], [19.06251669525594, 47.47237954824197], [19.062518874550765, 47.472386687015366], [19.062503284210866, 47.47238883997857], [19.062501272554105, 47.47238170120547], [19.062498422707026, 47.47238204114707], [19.062498422707026, 47.47235291947552], [19.06250831335277, 47.47235155970836], [19.06251032500953, 47.47235869848555], [19.062536476547425, 47.472355072440116], [19.0625342972526, 47.472347933662434], [19.0625498875925, 47.47234589401148], [19.06255189924926, 47.47235291947552], [19.062578050787156, 47.47234940674362], [19.062576039130395, 47.47234226796516], [19.06259146183223, 47.472340115000044], [19.062593641127055, 47.47234714046485], [19.062619625026887, 47.47234362773256], [19.062617445732062, 47.472336488953324], [19.06263303607196, 47.47233444930193], [19.062635215366786, 47.4723414747675], [19.062661199266618, 47.472337848720876], [19.062659019971793, 47.472330823254815], [19.062674610311692, 47.47232867028923], [19.062676789606517, 47.472335695755575], [19.06270277350635, 47.472332183022516], [19.062700761849587, 47.47232515755571], [19.062716352189486, 47.47232300458989], [19.062718363846248, 47.47233003005699], [19.06274434774608, 47.472326404009564], [19.06274233608932, 47.47231937854198], [19.062757926429217, 47.47231722557593], [19.06275993808598, 47.472324251043794], [19.06276781707496, 47.47232323121787], [19.062764799589818, 47.472313146271574], [19.062858341629212, 47.47230022847236], [19.062846104050582, 47.47225932208725], [19.062835542852586, 47.47226079517092], [19.062833028281634, 47.47225206998241], [19.062843421841567, 47.47225059689849], [19.062837554509347, 47.47223133348961], [19.062879128749078, 47.472225554465574]]]}}, {"type": "Feature", "properties": {"id": 3040, "roomCode": "LD-1-102-04-64", "roomNumber": "1-102", "roomName": "1-102 L\u00e9pcs\u0151h\u00e1z", "roomType": "corridor", "floorId": 27, "level": 1, "fillSource": "mvt"}, "geometry": {"type": "Polygon", "coordinates": [[[19.062973260124984, 47.47239415338279], [19.06298080383784, 47.47241919579173], [19.062965045859876, 47.47242134875846], [19.062964542945686, 47.47241964904789], [19.062899667015138, 47.47242860085626], [19.062892626216474, 47.47240525816289], [19.062973260124984, 47.47239415338279]]]}}, {"type": "Feature", "properties": {"id": 3775, "roomCode": "LD-1-103-02-33", "roomNumber": "1-103", "roomName": "1-103 Iroda", "roomType": "administrative", "floorId": 27, "level": 1, "fillSource": "mvt"}, "geometry": {"type": "Polygon", "coordinates": [[[19.062882531861387, 47.47239410300484], [19.062892757783256, 47.47239863556938], [19.06289728401097, 47.472414046285834], [19.062892087231003, 47.472414726170285], [19.062901139686428, 47.47244464107721], [19.06286660624536, 47.472449286951374], [19.06285135118159, 47.47239840894115], [19.062882531861387, 47.47239410300484]]]}}, {"type": "Feature", "properties": {"id": 2433, "roomCode": "LD-1-104-01-12", "roomNumber": "1-104", "roomName": "1-104 F\u00f6ldrajz Tan\u00e1csterem", "roomType": "educational", "floorId": 27, "level": 1, "fillSource": "mvt"}, "geometry": {"type": "Polygon", "coordinates": [[[19.062856414246074, 47.472376243964376], [19.06287183694791, 47.472427235288485], [19.062789861934892, 47.472438453373144], [19.06277460687112, 47.47238757537401], [19.062856414246074, 47.472376243964376]]]}}, {"type": "Feature", "properties": {"id": 3828, "roomCode": "LD-1-105-01-12", "roomNumber": "1-105", "roomName": "1-105 S\u00e1rfalvi B\u00e9la terem", "roomType": "educational", "floorId": 27, "level": 1, "fillSource": "mvt"}, "geometry": {"type": "Polygon", "coordinates": [[[19.062773304184972, 47.4723590827927], [19.062788559248744, 47.47241007410571], [19.06266517763406, 47.47242707119904], [19.062649754932224, 47.47237607990253], [19.062773304184972, 47.4723590827927]]]}}, {"type": "Feature", "properties": {"id": 3823, "roomCode": "LD-1-106-01-12", "roomNumber": "1-106", "roomName": "1-106 Cholnoky Jeno terem", "roomType": "educational", "floorId": 27, "level": 1, "fillSource": "mvt"}, "geometry": {"type": "Polygon", "coordinates": [[[19.0626582702803, 47.47234786703681], [19.06267302242988, 47.47239704531009], [19.06267302242988, 47.47239874501917], [19.062597417663273, 47.47240916990034], [19.06258853284591, 47.47237936833236], [19.062583336065945, 47.47238004821623], [19.06257864220017, 47.47236463751305], [19.062585180084643, 47.47235783867198], [19.0626582702803, 47.47234786703681]]]}}, {"type": "Feature", "properties": {"id": 3233, "roomCode": "LD-1-107-04-64", "roomNumber": "1-107", "roomName": "1-107 L\u00e9pcs\u0151h\u00e1z", "roomType": "corridor", "floorId": 27, "level": 1, "fillSource": "mvt"}, "geometry": {"type": "Polygon", "coordinates": [[[19.06258311389649, 47.47233608355475], [19.062590154695155, 47.47235931291432], [19.062525278764607, 47.47236826471356], [19.062525781678797, 47.4723699644221], [19.062510191338898, 47.47237211738618], [19.062502647626044, 47.4723470750091], [19.06258311389649, 47.47233608355475]]]}}, {"type": "Feature", "properties": {"id": 2622, "roomCode": "LD-1-108-01-12", "roomNumber": "1-108", "roomName": "1-108 Koch Antal terem (z\u00e1rt)", "roomType": "educational", "floorId": 27, "level": 1, "fillSource": "mvt"}, "geometry": {"type": "Polygon", "coordinates": [[[19.06276919315145, 47.47226430472566], [19.062784448215222, 47.472315295947844], [19.062660898962474, 47.472332293010915], [19.06265285233543, 47.47230532433495], [19.06265285233543, 47.4722802819806], [19.06276919315145, 47.47226430472566]]]}}, {"type": "Feature", "properties": {"id": 2876, "roomCode": "LD-1-109-03-43", "roomNumber": "1-109", "roomName": "1-109 Magyarorsz\u00e1g f\u00f6ldtana gy\u0171jtem\u00e9ny", "roomType": "misc", "floorId": 27, "level": 1, "fillSource": "mvt"}, "geometry": {"type": "Polygon", "coordinates": [[[19.062639748909756, 47.47225462199637], [19.062655171611592, 47.47230561320196], [19.06262382329373, 47.472309919123724], [19.062613765009925, 47.4723053865745], [19.06260907114415, 47.472289975904175], [19.062614267924115, 47.472289296021565], [19.062605383106753, 47.472259381177665], [19.062639748909756, 47.47225462199637]]]}}, {"type": "Feature", "properties": {"id": 2432, "roomCode": "LD-1-110-01-12", "roomNumber": "1-110", "roomName": "1-110 Mend\u00f6l Tibor terem", "roomType": "educational", "floorId": 27, "level": 1, "fillSource": "mvt"}, "geometry": {"type": "Polygon", "coordinates": [[[19.062882935184973, 47.47228275182755], [19.062898190248745, 47.47233362975253], [19.06277480863406, 47.47235062682117], [19.062759385932225, 47.47229963559875], [19.062882935184973, 47.47228275182755]]]}}, {"type": "Feature", "properties": {"id": 2277, "roomCode": "LD-1-111-01-13", "roomNumber": "1-111", "roomName": "1-111 Oktat\u00f3", "roomType": "educational", "floorId": 27, "level": 1, "fillSource": "mvt"}, "geometry": {"type": "Polygon", "coordinates": [[[19.062910157948295, 47.472296550562525], [19.06291921040372, 47.47232646543144], [19.062924407183687, 47.47232567223438], [19.062928765773336, 47.47234062966269], [19.062921557336608, 47.47234810837524], [19.062891047209064, 47.472352300986365], [19.06287579214529, 47.47230130974736], [19.062910157948295, 47.472296550562525]]]}}, {"type": "Feature", "properties": {"id": 3337, "roomCode": "LD-1-201-05-71", "roomNumber": "1-201", "roomName": "1-201 N\u0151i WC el\u0151t\u00e9r", "roomType": "social", "floorId": 27, "level": 1, "fillSource": "mvt"}, "geometry": {"type": "Polygon", "coordinates": [[[19.062519485302502, 47.47236689923459], [19.06252619082504, 47.472388882148046], [19.062495680697495, 47.47239307476452], [19.062488975174958, 47.47237109185282], [19.062519485302502, 47.47236689923459]]]}}, {"type": "Feature", "properties": {"id": 2531, "roomCode": "LD-1-202-05-71", "roomNumber": "1-202", "roomName": "1-202 N\u0151i WC csoport", "roomType": "social", "floorId": 27, "level": 1, "fillSource": "mvt"}, "geometry": {"type": "Polygon", "coordinates": [[[19.06255648562814, 47.47237319795377], [19.0625653704455, 47.47237716394482], [19.062558832561027, 47.47238373615789], [19.062563694064867, 47.472399826745026], [19.06252027580644, 47.47240583238544], [19.0625135702839, 47.472383849471896], [19.06255112121011, 47.47237875034115], [19.06255648562814, 47.47237319795377]]]}}, {"type": "Feature", "properties": {"id": 3524, "roomCode": "LD-1-203-04-63", "roomNumber": "1-203", "roomName": "1-203 El\u0151t\u00e9r", "roomType": "corridor", "floorId": 27, "level": 1, "fillSource": "mvt"}, "geometry": {"type": "Polygon", "coordinates": [[[19.06251532541803, 47.47239185467504], [19.06251918109349, 47.47240454584619], [19.062504261305843, 47.47240669881243], [19.062501076182638, 47.47239582066636], [19.06251532541803, 47.47239185467504]]]}}, {"type": "Feature", "properties": {"id": 2995, "roomCode": "LD-1-204-05-71", "roomNumber": "1-204", "roomName": "1-204 WC", "roomType": "social", "floorId": 27, "level": 1, "fillSource": "mvt"}, "geometry": {"type": "Polygon", "coordinates": [[[19.06249722875192, 47.47239113036541], [19.062502760808012, 47.47240960055223], [19.06249236724808, 47.472411073634326], [19.062486835191987, 47.472392603448036], [19.06249722875192, 47.47239113036541]]]}}, {"type": "Feature", "properties": {"id": 3509, "roomCode": "LD-1-205-05-71", "roomNumber": "1-205", "roomName": "1-205 Mosd\u00f3-zuhany", "roomType": "social", "floorId": 27, "level": 1, "fillSource": "mvt"}, "geometry": {"type": "Polygon", "coordinates": [[[19.062513181604118, 47.47240487250349], [19.062517037279576, 47.47241767699197], [19.06250262040612, 47.47242152966931], [19.062500441111297, 47.47241405094245], [19.062488706446857, 47.47241563733915], [19.062486527152032, 47.472408498553634], [19.062513181604118, 47.47240487250349]]]}}, {"type": "Feature", "properties": {"id": 2639, "roomCode": "LD-1-206-05-71", "roomNumber": "1-206", "roomName": "1-206 N\u0151i \u00f6lt\u00f6z\u0151", "roomType": "social", "floorId": 27, "level": 1, "fillSource": "mvt"}, "geometry": {"type": "Polygon", "coordinates": [[[19.062555887915526, 47.472400360626814], [19.062562258161936, 47.47242132372824], [19.062518672265444, 47.47242732937198], [19.062512469657097, 47.47240636627295], [19.062555887915526, 47.472400360626814]]]}}, {"type": "Feature", "properties": {"id": 2625, "roomCode": "LD-1-207-01-14", "roomNumber": "1-207", "roomName": "1-207 Geomorfol\u00f3giai labor", "roomType": "educational", "floorId": 27, "level": 1, "fillSource": "mvt"}, "geometry": {"type": "Polygon", "coordinates": [[[19.062530706528545, 47.4724178452315], [19.062555684599996, 47.47250090452239], [19.062480247471452, 47.47251121610324], [19.0624552694, 47.47242827014287], [19.062530706528545, 47.4724178452315]]]}}, {"type": "Feature", "properties": {"id": 2567, "roomCode": "LD-1-208-01-14", "roomNumber": "1-208", "roomName": "1-208 El\u0151k\u00e9sz\u00edt\u0151", "roomType": "educational", "floorId": 27, "level": 1, "fillSource": "mvt"}, "geometry": {"type": "Polygon", "coordinates": [[[19.062522189522202, 47.47250178615584], [19.06253040378731, 47.47252898158705], [19.062454966658766, 47.47253940649861], [19.06244692003172, 47.4725120977585], [19.062522189522202, 47.47250178615584]]]}}, {"type": "Feature", "properties": {"id": 3773, "roomCode": "LD-1-209-01-14", "roomNumber": "1-209", "roomName": "1-209 Model labor", "roomType": "educational", "floorId": 27, "level": 1, "fillSource": "mvt"}, "geometry": {"type": "Polygon", "coordinates": [[[19.062513767431717, 47.4725298981458], [19.062521981696825, 47.47255709359155], [19.06244654456828, 47.47256751850869], [19.062438330303173, 47.47254020975397], [19.062513767431717, 47.4725298981458]]]}}, {"type": "Feature", "properties": {"id": 3490, "roomCode": "LD-1-210-01-13", "roomNumber": "1-210", "roomName": "1-210 Oktat\u00f3", "roomType": "educational", "floorId": 27, "level": 1, "fillSource": "mvt"}, "geometry": {"type": "Polygon", "coordinates": [[[19.0625052585222, 47.47255801313576], [19.06251347278731, 47.47258520859605], [19.062438035658765, 47.472595633518765], [19.06242998903172, 47.472568324749446], [19.0625052585222, 47.47255801313576]]]}}, {"type": "Feature", "properties": {"id": 2691, "roomCode": "LD-1-210/A-01-13", "roomNumber": "1-210/A", "roomName": "1-210/A Oktat\u00f3", "roomType": "educational", "floorId": 27, "level": 1, "fillSource": "mvt"}, "geometry": {"type": "Polygon", "coordinates": [[[19.06248423286838, 47.47258942144417], [19.062492782409613, 47.472593274137125], [19.062499152656024, 47.472614350628895], [19.06242371552748, 47.47262466224275], [19.0624158365385, 47.47259882654707], [19.06248423286838, 47.47258942144417]]]}}, {"type": "Feature", "properties": {"id": 3379, "roomCode": "LD-1-211-04-63", "roomNumber": "1-211", "roomName": "1-211 El\u0151t\u00e9r", "roomType": "corridor", "floorId": 27, "level": 1, "fillSource": "mvt"}, "geometry": {"type": "Polygon", "coordinates": [[[19.06245641486711, 47.47261236046847], [19.062459599990316, 47.4726233519759], [19.06241098495192, 47.47263003753084], [19.062407632190652, 47.47261904602481], [19.06245641486711, 47.47261236046847]]]}}, {"type": "Feature", "properties": {"id": 3378, "roomCode": "LD-1-212-05-71", "roomNumber": "1-212", "roomName": "1-212 WC", "roomType": "social", "floorId": 27, "level": 1, "fillSource": "mvt"}, "geometry": {"type": "Polygon", "coordinates": [[[19.062413484028045, 47.47262426713805], [19.062418345531885, 47.47264058443034], [19.062407951971952, 47.47264194420446], [19.062403090468113, 47.47262574022714], [19.062413484028045, 47.47262426713805]]]}}, {"type": "Feature", "properties": {"id": 2748, "roomCode": "LD-1-213-05-71", "roomNumber": "1-213", "roomName": "1-213 WC", "roomType": "social", "floorId": 27, "level": 1, "fillSource": "mvt"}, "geometry": {"type": "Polygon", "coordinates": [[[19.062425207028046, 47.472625886137784], [19.062430068531885, 47.47264220343057], [19.062419674971952, 47.472643563204734], [19.062414813468113, 47.47262735922693], [19.062425207028046, 47.472625886137784]]]}}, {"type": "Feature", "properties": {"id": 3342, "roomCode": "LD-1-215-01-13", "roomNumber": "1-215", "roomName": "1-215 Tansz\u00e9kvezet\u0151", "roomType": "educational", "floorId": 27, "level": 1, "fillSource": "mvt"}, "geometry": {"type": "Polygon", "coordinates": [[[19.06232470538965, 47.47268072226801], [19.062341133919865, 47.47273556562001], [19.062265864429385, 47.472745990382926], [19.062249268261105, 47.472691033729056], [19.06232470538965, 47.47268072226801]]]}}, {"type": "Feature", "properties": {"id": 2566, "roomCode": "LD-1-216-02-33", "roomNumber": "1-216", "roomName": "1-216 Titk\u00e1rs\u00e1g", "roomType": "administrative", "floorId": 27, "level": 1, "fillSource": "mvt"}, "geometry": {"type": "Polygon", "coordinates": [[[19.062343979238864, 47.47265005156549], [19.062352193503973, 47.472677246594365], [19.0622988845998, 47.47268461191227], [19.062275750547048, 47.47268461191227], [19.06226854211032, 47.47266036301559], [19.062343979238864, 47.47265005156549]]]}}, {"type": "Feature", "properties": {"id": 3799, "roomCode": "LD-1-217-02-33", "roomNumber": "1-217", "roomName": "1-217 Titk\u00e1rs\u00e1g", "roomType": "administrative", "floorId": 27, "level": 1, "fillSource": "mvt"}, "geometry": {"type": "Polygon", "coordinates": [[[19.062349968341234, 47.47262445478334], [19.06235801496828, 47.47265165027805], [19.0622827454778, 47.47266207521396], [19.06227453121269, 47.472634879724644], [19.062349968341234, 47.47262445478334]]]}}, {"type": "Feature", "properties": {"id": 2713, "roomCode": "LD-1-218-01-13", "roomNumber": "1-218", "roomName": "1-218 Oktat\u00f3", "roomType": "educational", "floorId": 27, "level": 1, "fillSource": "mvt"}, "geometry": {"type": "Polygon", "coordinates": [[[19.062358405431716, 47.47259631046478], [19.062366619696824, 47.47262361925942], [19.06229118256828, 47.472633930875276], [19.062282968303172, 47.47260673540051], [19.062358405431716, 47.47259631046478]]]}}, {"type": "Feature", "properties": {"id": 2986, "roomCode": "LD-1-219-01-13", "roomNumber": "1-219", "roomName": "1-219 Oktat\u00f3", "roomType": "educational", "floorId": 27, "level": 1, "fillSource": "mvt"}, "geometry": {"type": "Polygon", "coordinates": [[[19.062366909341232, 47.47256819547486], [19.062374955968277, 47.47259550425489], [19.062299686477797, 47.472605815865236], [19.06229147221269, 47.47257862040501], [19.062366909341232, 47.47256819547486]]]}}, {"type": "Feature", "properties": {"id": 2496, "roomCode": "LD-1-220-01-13", "roomNumber": "1-220", "roomName": "1-220 Oktat\u00f3", "roomType": "educational", "floorId": 27, "level": 1, "fillSource": "mvt"}, "geometry": {"type": "Polygon", "coordinates": [[[19.062375329431717, 47.47254008148493], [19.062383543696825, 47.47256739025036], [19.06230810656828, 47.4725777018552], [19.062299892303173, 47.47255050640951], [19.062375329431717, 47.47254008148493]]]}}, {"type": "Feature", "properties": {"id": 3707, "roomCode": "LD-1-221-01-13", "roomNumber": "1-221", "roomName": "1-221 Oktat\u00f3", "roomType": "educational", "floorId": 27, "level": 1, "fillSource": "mvt"}, "geometry": {"type": "Polygon", "coordinates": [[[19.062383707612685, 47.472512052480766], [19.062391921877794, 47.47253924791725], [19.062316652387313, 47.472549559516565], [19.062308438122205, 47.47252236408542], [19.062383707612685, 47.472512052480766]]]}}, {"type": "Feature", "properties": {"id": 2561, "roomCode": "LD-1-222-01-13", "roomNumber": "1-222", "roomName": "1-222 Oktat\u00f3", "roomType": "educational", "floorId": 27, "level": 1, "fillSource": "mvt"}, "geometry": {"type": "Polygon", "coordinates": [[[19.062392253431717, 47.4724839384908], [19.062400467696826, 47.47251113391273], [19.06232503056828, 47.47252144550653], [19.062316816303174, 47.47249425008994], [19.062392253431717, 47.4724839384908]]]}}, {"type": "Feature", "properties": {"id": 3666, "roomCode": "LD-1-223-01-13", "roomNumber": "1-223", "roomName": "1-223 Oktat\u00f3", "roomType": "educational", "floorId": 27, "level": 1, "fillSource": "mvt"}, "geometry": {"type": "Polygon", "coordinates": [[[19.062400632612686, 47.47245579617229], [19.062408846877794, 47.47248299157968], [19.062333577387314, 47.47249341648212], [19.062325363122206, 47.47246610776592], [19.062400632612686, 47.47245579617229]]]}}, {"type": "Feature", "properties": {"id": 2422, "roomCode": "LD-1-224-01-13", "roomNumber": "1-224", "roomName": "1-224 Oktat\u00f3", "roomType": "educational", "floorId": 27, "level": 1, "fillSource": "mvt"}, "geometry": {"type": "Polygon", "coordinates": [[[19.062409178431718, 47.472427681182324], [19.062417392696826, 47.47245487657518], [19.062341955568282, 47.47246530147204], [19.062333741303174, 47.47243799277044], [19.062409178431718, 47.472427681182324]]]}}, {"type": "Feature", "properties": {"id": 2313, "roomCode": "LD-1-225-01-12", "roomNumber": "1-225", "roomName": "1-225 Bulla B\u00e9la terem (szakm)", "roomType": "educational", "floorId": 27, "level": 1, "fillSource": "mvt"}, "geometry": {"type": "Polygon", "coordinates": [[[19.062423082699592, 47.47235402997808], [19.062440684696252, 47.47241250002405], [19.06240548070293, 47.47241918554842], [19.062371953090246, 47.472429270490345], [19.062368097414787, 47.47241601275729], [19.062363571187074, 47.47241669264112], [19.06234781320911, 47.47236434156068], [19.062423082699592, 47.47235402997808]]]}}, {"type": "Feature", "properties": {"id": 3878, "roomCode": "LD-1-226-02-33", "roomNumber": "1-226", "roomName": "1-226 Fels\u0151oktat\u00e1si Dolgoz\u00f3k Szakszervezete ", "roomType": "administrative", "floorId": 27, "level": 1, "fillSource": "mvt"}, "geometry": {"type": "Polygon", "coordinates": [[[19.06234766950217, 47.47234937379523], [19.062358063062103, 47.47238835380394], [19.06232218851653, 47.472401611532874], [19.0623081069192, 47.472354812867955], [19.06234766950217, 47.47234937379523]]]}}, {"type": "Feature", "properties": {"id": 3876, "roomCode": "LD-1-227-02-33", "roomNumber": "1-227", "roomName": "1-227 Szakszervezet titk\u00e1rs\u00e1g", "roomType": "administrative", "floorId": 27, "level": 1, "fillSource": "mvt"}, "geometry": {"type": "Polygon", "coordinates": [[[19.062316308400668, 47.47233494411322], [19.06233055763606, 47.47238208271977], [19.06229200088147, 47.472391147831566], [19.062285965911187, 47.472371204583546], [19.062287307015694, 47.472370977955684], [19.06228512772087, 47.47236395249149], [19.062283786616362, 47.47236417911938], [19.062276745817698, 47.47234038318537], [19.062316308400668, 47.47233494411322]]]}}, {"type": "Feature", "properties": {"id": 2717, "roomCode": "LD-1-228-03-43", "roomNumber": "1-228", "roomName": "1-228 TTK Kari K\u00f6nyvt\u00e1r  Feldolgoz\u00e1s", "roomType": "misc", "floorId": 27, "level": 1, "fillSource": "mvt"}, "geometry": {"type": "Polygon", "coordinates": [[[19.062259884480408, 47.47230421352758], [19.062267092917136, 47.47232789614754], [19.06225904629009, 47.47232902928698], [19.062261225584916, 47.472336054751], [19.062269104573897, 47.472334921611704], [19.06227513954418, 47.47235543142911], [19.06225804046171, 47.472358604217824], [19.062256866995266, 47.47235475154579], [19.062236750427655, 47.4723575843929], [19.062239097360543, 47.47236528973629], [19.062194673273734, 47.47237140868464], [19.06219064996021, 47.47235781102067], [19.062181597504786, 47.47235905747334], [19.06218176514285, 47.47235996398436], [19.06218964413183, 47.47235894415946], [19.06219349980729, 47.47237163531234], [19.0621256063916, 47.47238092704732], [19.062117559764555, 47.47235395834856], [19.062186794284752, 47.472344439981], [19.062182435695103, 47.472330389054285], [19.06218964413183, 47.472329482542754], [19.06218863830345, 47.472325969810434], [19.062181429866722, 47.47232687632203], [19.062178077105454, 47.472315431612046], [19.062259884480408, 47.47230421352758]]]}}, {"type": "Feature", "properties": {"id": 3336, "roomCode": "LD-1-301-04-63", "roomNumber": "1-301", "roomName": "1-301 K\u00f6zleked\u0151", "roomType": "corridor", "floorId": 27, "level": 1, "fillSource": "mvt"}, "geometry": {"type": "Polygon", "coordinates": [[[19.062760546728175, 47.472557762249885], [19.06277060501198, 47.47259096293259], [19.062760043813984, 47.47259232268706], [19.062761049642365, 47.47259515550877], [19.062771443202298, 47.47259379575437], [19.062774628325503, 47.472604333850065], [19.062764067127507, 47.472605693604194], [19.062769431545536, 47.47262325709189], [19.06277982510547, 47.47262189733821], [19.062783010228674, 47.472632435428274], [19.06277261666874, 47.472633795181665], [19.062786362989943, 47.472679573525696], [19.062796756549876, 47.4726781004608], [19.06279994167308, 47.47268863853959], [19.062789548113148, 47.472689998291536], [19.062794912531178, 47.47270767506366], [19.06280530609111, 47.47270620199955], [19.062808491214316, 47.47271674007271], [19.062798097654383, 47.47271809982393], [19.06280145041565, 47.47272977102047], [19.06276909626941, 47.47272977102047], [19.062766916974585, 47.47272240570256], [19.062756523414652, 47.472723878766224], [19.062753338291447, 47.4727133406945], [19.06276373185138, 47.47271186763054], [19.062743112369578, 47.47264342676727], [19.06272752202968, 47.47264557970969], [19.062729198410313, 47.472651245347215], [19.062713608070414, 47.472653398289324], [19.062711261137526, 47.472645353084175], [19.06265141434888, 47.472653738227535], [19.062652084901135, 47.4726557778568], [19.062641858979266, 47.47265725092234], [19.06264403827409, 47.47266438962392], [19.062628112658064, 47.47266654256549], [19.062626101001303, 47.47265940386419], [19.062599949463408, 47.47266302987133], [19.062602128758233, 47.472670055259435], [19.062586538418334, 47.47267220820077], [19.062584526761572, 47.47266506950022], [19.062558375223677, 47.47266869550696], [19.0625605545185, 47.47267583420701], [19.062545131816666, 47.4726779871481], [19.06254295252184, 47.47267084844836], [19.062516800983946, 47.4726744744547], [19.06251898027877, 47.472681499841286], [19.062503389938872, 47.472683652782145], [19.06250137828211, 47.47267651408316], [19.06248377628545, 47.472678893649594], [19.06248377628545, 47.4726571376096], [19.0624950080357, 47.472655664544064], [19.062492828740876, 47.47264852584128], [19.062508419080775, 47.472646372898986], [19.062510430737536, 47.47265351160206], [19.06253658227543, 47.472649885594265], [19.062534402980607, 47.472642860203464], [19.062549993320506, 47.47264070726093], [19.06255217261533, 47.472647845964765], [19.062578156515162, 47.47264421995659], [19.062575977220337, 47.47263708125225], [19.062591567560236, 47.47263492830949], [19.06259374685506, 47.472642067014114], [19.062619898392956, 47.47263844100553], [19.06261771909813, 47.47263141561319], [19.062633141799967, 47.47262926267019], [19.062635321094792, 47.472636401375595], [19.062661472632687, 47.47263277536663], [19.0626591256998, 47.47262563666073], [19.06267488367776, 47.47262348371749], [19.062676895334523, 47.47263062242369], [19.062703046872418, 47.472626996414306], [19.062700867577593, 47.47261997102044], [19.062716457917492, 47.47261781807697], [19.062718469574254, 47.47262495678393], [19.062744453474085, 47.47262133077416], [19.06274227417926, 47.47261328556411], [19.062729701324503, 47.47261498525648], [19.06271444626073, 47.47256410777448], [19.062760546728175, 47.472557762249885]]]}}, {"type": "Feature", "properties": {"id": 3324, "roomCode": "LD-1-302-01-13", "roomNumber": "1-302", "roomName": "1-302 Oktat\u00f3", "roomType": "educational", "floorId": 27, "level": 1, "fillSource": "mvt"}, "geometry": {"type": "Polygon", "coordinates": [[[19.062413712035724, 47.47270177745574], [19.062428967099496, 47.47275265487663], [19.062388733964273, 47.47275820719798], [19.0623734789005, 47.47270721646967], [19.062413712035724, 47.47270177745574]]]}}, {"type": "Feature", "properties": {"id": 2577, "roomCode": "LD-1-303-01-13", "roomNumber": "1-303", "roomName": "1-303 Oktat\u00f3", "roomType": "educational", "floorId": 27, "level": 1, "fillSource": "mvt"}, "geometry": {"type": "Polygon", "coordinates": [[[19.06245526812621, 47.472707413468086], [19.062470690828047, 47.472758404207276], [19.06243029005476, 47.47276395652922], [19.062415034990988, 47.472712965795424], [19.06245526812621, 47.472707413468086]]]}}, {"type": "Feature", "properties": {"id": 2967, "roomCode": "LD-1-304-01-13", "roomNumber": "1-304", "roomName": "1-304 Oktat\u00f3", "roomType": "educational", "floorId": 27, "level": 1, "fillSource": "mvt"}, "geometry": {"type": "Polygon", "coordinates": [[[19.06249686112621, 47.472713187121386], [19.062512283828045, 47.47276406455336], [19.06247188305476, 47.47276961687592], [19.062456627990986, 47.47271873944931], [19.06249686112621, 47.472713187121386]]]}}, {"type": "Feature", "properties": {"id": 3604, "roomCode": "LD-1-305-01-13", "roomNumber": "1-305", "roomName": "1-305 Oktat\u00f3", "roomType": "educational", "floorId": 27, "level": 1, "fillSource": "mvt"}, "geometry": {"type": "Polygon", "coordinates": [[[19.06253845312621, 47.47271885046193], [19.062553875828044, 47.47276984121223], [19.062513475054757, 47.47277539353537], [19.062498219990985, 47.47272440279046], [19.06253845312621, 47.47271885046193]]]}}, {"type": "Feature", "properties": {"id": 3109, "roomCode": "LD-1-306-01-13", "roomNumber": "1-306", "roomName": "1-306 Oktat\u00f3", "roomType": "educational", "floorId": 27, "level": 1, "fillSource": "mvt"}, "geometry": {"type": "Polygon", "coordinates": [[[19.062580004216695, 47.47272462711524], [19.06259542691853, 47.47277550455831], [19.062555193783307, 47.47278105688207], [19.06253977108147, 47.47273017944439], [19.062580004216695, 47.47272462711524]]]}}, {"type": "Feature", "properties": {"id": 2340, "roomCode": "LD-1-307-01-13", "roomNumber": "1-307", "roomName": "1-307 Tansz\u00e9kvezet\u0151", "roomType": "educational", "floorId": 27, "level": 1, "fillSource": "mvt"}, "geometry": {"type": "Polygon", "coordinates": [[[19.06266711283105, 47.47272983705357], [19.06266711283105, 47.472782754137356], [19.06260056051987, 47.47279204578254], [19.062585137818033, 47.47274105502653], [19.06266711283105, 47.47272983705357]]]}}, {"type": "Feature", "properties": {"id": 2624, "roomCode": "LD-1-308-02-33", "roomNumber": "1-308", "roomName": "1-308 Region\u00e1lis F\u00f6ldrajzi Tansz\u00e9k Titk\u00e1rs\u00e1g", "roomType": "administrative", "floorId": 27, "level": 1, "fillSource": "mvt"}, "geometry": {"type": "Polygon", "coordinates": [[[19.062704900945242, 47.47274173144961], [19.062720156009014, 47.47279272222212], [19.06267992287379, 47.47279827454769], [19.062664500171955, 47.47274728378057], [19.062704900945242, 47.47274173144961]]]}}, {"type": "Feature", "properties": {"id": 2636, "roomCode": "LD-1-309-01-13", "roomNumber": "1-309", "roomName": "1-309 Oktat\u00f3", "roomType": "educational", "floorId": 27, "level": 1, "fillSource": "mvt"}, "geometry": {"type": "Polygon", "coordinates": [[[19.062746462035726, 47.47274750710296], [19.062761717099498, 47.472798384568165], [19.062721483964275, 47.47280393689436], [19.062706228900502, 47.47275305943452], [19.062746462035726, 47.47274750710296]]]}}, {"type": "Feature", "properties": {"id": 3664, "roomCode": "LD-1-310-01-13", "roomNumber": "1-310", "roomName": "1-310 Oktat\u00f3", "roomType": "educational", "floorId": 27, "level": 1, "fillSource": "mvt"}, "geometry": {"type": "Polygon", "coordinates": [[[19.06278801412621, 47.472753170443454], [19.062803436828045, 47.47280416122706], [19.062763036054758, 47.47280971355384], [19.062747780990986, 47.47275872277563], [19.06278801412621, 47.472753170443454]]]}}, {"type": "Feature", "properties": {"id": 3170, "roomCode": "LD-1-313-01-12", "roomNumber": "1-313", "roomName": "1-313 F\u00f6ldrajz sz\u00e1m\u00edt\u00e1stechnikai labor", "roomType": "educational", "floorId": 27, "level": 1, "fillSource": "mvt"}, "geometry": {"type": "Polygon", "coordinates": [[[19.062809267022256, 47.472646680276384], [19.06282318098152, 47.47269279853211], [19.062817481287365, 47.4726985774753], [19.062715389706735, 47.4727126282365], [19.06270248157585, 47.4727126282365], [19.06268772942627, 47.47266333724318], [19.062809267022256, 47.472646680276384]]]}}, {"type": "Feature", "properties": {"id": 3792, "roomCode": "LD-1-314-01-14", "roomNumber": "1-314", "roomName": "1-314 V\u00edzf\u00f6ldrajzi labor", "roomType": "educational", "floorId": 27, "level": 1, "fillSource": "mvt"}, "geometry": {"type": "Polygon", "coordinates": [[[19.062681368161936, 47.472648862847215], [19.062681368161936, 47.472694414522174], [19.06263711171319, 47.472694414522174], [19.06262587996294, 47.47265656810844], [19.062681368161936, 47.472648862847215]]]}}, {"type": "Feature", "properties": {"id": 2744, "roomCode": "LD-1-315-01-14", "roomNumber": "1-315", "roomName": "1-315 El\u0151k\u00e9sz\u00edt\u0151", "roomType": "educational", "floorId": 27, "level": 1, "fillSource": "mvt"}, "geometry": {"type": "Polygon", "coordinates": [[[19.062608950787645, 47.47264478602582], [19.062620182537895, 47.47268240581424], [19.062578273022037, 47.47268240581424], [19.06256871765242, 47.47265033834569], [19.062608950787645, 47.47264478602582]]]}}, {"type": "Feature", "properties": {"id": 2420, "roomCode": "LD-1-316-01-14", "roomNumber": "1-316", "roomName": "1-316 Talajtani labor", "roomType": "educational", "floorId": 27, "level": 1, "fillSource": "mvt"}, "geometry": {"type": "Polygon", "coordinates": [[[19.06257419512928, 47.47263327087369], [19.06258442105115, 47.47266681198695], [19.062511330855493, 47.47267689697964], [19.06250294895232, 47.47267304428603], [19.062490879011754, 47.47263327087369], [19.06257419512928, 47.47263327087369]]]}}, {"type": "Feature", "properties": {"id": 2826, "roomCode": "LD-1-317-04-64", "roomNumber": "1-317", "roomName": "1-317 L\u00e9pcs\u0151h\u00e1z", "roomType": "corridor", "floorId": 27, "level": 1, "fillSource": "mvt"}, "geometry": {"type": "Polygon", "coordinates": [[[19.06249229220782, 47.472655308763635], [19.06249715371166, 47.47267128612093], [19.062424398792132, 47.47268125780245], [19.06241651980315, 47.472655308763635], [19.062432780695303, 47.472655308763635], [19.062432948333367, 47.472655762022065], [19.062436133456572, 47.472655308763635], [19.06249229220782, 47.472655308763635]]]}}, {"type": "Feature", "properties": {"id": 2328, "roomCode": "LD-1-318-04-64", "roomNumber": "1-318", "roomName": "1-318 L\u00e9pcs\u0151h\u00e1z", "roomType": "corridor", "floorId": 27, "level": 1, "fillSource": "mvt"}, "geometry": {"type": "Polygon", "coordinates": [[[19.062887491060433, 47.4726999763592], [19.062894531859097, 47.472723205466274], [19.06282177693957, 47.47273329029493], [19.062814736140904, 47.47270994787959], [19.062887491060433, 47.4726999763592]]]}}, {"type": "Feature", "properties": {"id": 2212, "roomCode": "LD-1-401-01-12", "roomNumber": "1-401", "roomName": "1-401 F\u00f6ldrajz pc labor", "roomType": "educational", "floorId": 27, "level": 1, "fillSource": "mvt"}, "geometry": {"type": "Polygon", "coordinates": [[[19.063003603751586, 47.47274483060238], [19.06302036755793, 47.47280012727295], [19.062944930429385, 47.47281055204858], [19.062928334261105, 47.472755142076096], [19.063003603751586, 47.47274483060238]]]}}, {"type": "Feature", "properties": {"id": 2355, "roomCode": "LD-1-402-01-14", "roomNumber": "1-402", "roomName": "1-402 Es\u0151ztet\u0151", "roomType": "educational", "floorId": 27, "level": 1, "fillSource": "mvt"}, "geometry": {"type": "Polygon", "coordinates": [[[19.062983253859347, 47.47271624949174], [19.062991468124455, 47.47274344455082], [19.062957772873705, 47.472748090372], [19.062955761216944, 47.472741518234606], [19.062970848642653, 47.47273936529285], [19.0629701780904, 47.47273675910011], [19.062968836985892, 47.47273698572557], [19.062969339900082, 47.472738685416495], [19.062944697104758, 47.472742084798206], [19.062941009067362, 47.47272984702304], [19.062951737903422, 47.472728373957324], [19.062949558608597, 47.47272089531533], [19.062963472567862, 47.47271896899828], [19.062966154776877, 47.47272814733182], [19.06296732824332, 47.47272803401907], [19.062964646034306, 47.472718742372734], [19.062983253859347, 47.47271624949174]]]}}, {"type": "Feature", "properties": {"id": 2402, "roomCode": "LD-1-404-01-12", "roomNumber": "1-404", "roomName": "1-404 Szemin\u00e1rium  6 f\u0151", "roomType": "educational", "floorId": 27, "level": 1, "fillSource": "mvt"}, "geometry": {"type": "Polygon", "coordinates": [[[19.063037505522203, 47.47266042977455], [19.06304571978731, 47.472687738120136], [19.062970282658767, 47.472698049566446], [19.062962236031723, 47.472670854538855], [19.063037505522203, 47.47266042977455]]]}}, {"type": "Feature", "properties": {"id": 3274, "roomCode": "LD-1-405-02-33", "roomNumber": "1-405", "roomName": "1-405 T\u00e1rsadalom- \u00e9s Gazdas\u00e1gf\u00f6ldrajzi Tansz\u00e9k Titk\u00e1rs\u00e1g", "roomType": "administrative", "floorId": 27, "level": 1, "fillSource": "mvt"}, "geometry": {"type": "Polygon", "coordinates": [[[19.063048775459766, 47.472641352460805], [19.06305296641135, 47.47265574315982], [19.062974511797666, 47.47265574315982], [19.062973338331222, 47.47265177721954], [19.063048775459766, 47.472641352460805]]]}}, {"type": "Feature", "properties": {"id": 3352, "roomCode": "LD-1-406-01-13", "roomNumber": "1-406", "roomName": "1-406 Tansz\u00e9kvezet\u0151", "roomType": "educational", "floorId": 27, "level": 1, "fillSource": "mvt"}, "geometry": {"type": "Polygon", "coordinates": [[[19.063054385751585, 47.47257615012784], [19.063071149557928, 47.47263144759763], [19.062995712429384, 47.47264187252394], [19.062979116261104, 47.472586461750595], [19.063054385751585, 47.47257615012784]]]}}, {"type": "Feature", "properties": {"id": 2367, "roomCode": "LD-1-407-01-13", "roomNumber": "1-407", "roomName": "1-407 Oktat\u00f3", "roomType": "educational", "floorId": 27, "level": 1, "fillSource": "mvt"}, "geometry": {"type": "Polygon", "coordinates": [[[19.063071395431717, 47.47254802913932], [19.063079609696825, 47.47257522459445], [19.06300417256828, 47.47258564951518], [19.062995958303173, 47.47255834075104], [19.063071395431717, 47.47254802913932]]]}}, {"type": "Feature", "properties": {"id": 3320, "roomCode": "LD-1-408-01-13", "roomNumber": "1-408", "roomName": "1-408 Oktat\u00f3", "roomType": "educational", "floorId": 27, "level": 1, "fillSource": "mvt"}, "geometry": {"type": "Polygon", "coordinates": [[[19.063079857431717, 47.47251991514936], [19.063088071696825, 47.47254711058995], [19.06301263456828, 47.47255753550511], [19.063004420303173, 47.47253022675557], [19.063079857431717, 47.47251991514936]]]}}, {"type": "Feature", "properties": {"id": 3550, "roomCode": "LD-1-409-01-13", "roomNumber": "1-409", "roomName": "1-409 Oktat\u00f3", "roomType": "educational", "floorId": 27, "level": 1, "fillSource": "mvt"}, "geometry": {"type": "Polygon", "coordinates": [[[19.063088319431717, 47.47249177383084], [19.063096533696825, 47.47251896925688], [19.06302109656828, 47.47252939416646], [19.063012882303173, 47.472502198745815], [19.063088319431717, 47.47249177383084]]]}}, {"type": "Feature", "properties": {"id": 2529, "roomCode": "LD-1-410-01-13", "roomNumber": "1-410", "roomName": "1-410 Oktat\u00f3", "roomType": "educational", "floorId": 27, "level": 1, "fillSource": "mvt"}, "geometry": {"type": "Polygon", "coordinates": [[[19.063096817341233, 47.4724636598409], [19.063104863968277, 47.4724908552524], [19.063029594477797, 47.472501280156415], [19.06302138021269, 47.47247408475031], [19.063096817341233, 47.4724636598409]]]}}, {"type": "Feature", "properties": {"id": 2767, "roomCode": "LD-1-411-01-13", "roomNumber": "1-411", "roomName": "1-411 Oktat\u00f3", "roomType": "educational", "floorId": 27, "level": 1, "fillSource": "mvt"}, "geometry": {"type": "Polygon", "coordinates": [[[19.063105243431718, 47.47243551852242], [19.063113457696826, 47.4724628272335], [19.063038020568282, 47.47247313881781], [19.063029806303174, 47.47244594342625], [19.063105243431718, 47.47243551852242]]]}}, {"type": "Feature", "properties": {"id": 3495, "roomCode": "LD-1-412-01-13", "roomNumber": "1-412", "roomName": "1-412 Oktat\u00f3", "roomType": "educational", "floorId": 27, "level": 1, "fillSource": "mvt"}, "geometry": {"type": "Polygon", "coordinates": [[[19.063113747341234, 47.4724074035325], [19.06312179396828, 47.472434712228974], [19.063046524477798, 47.47244502380778], [19.06303831021269, 47.47241782843075], [19.063113747341234, 47.4724074035325]]]}}, {"type": "Feature", "properties": {"id": 2952, "roomCode": "LD-1-413-04-63", "roomNumber": "1-413", "roomName": "1-413 N\u0151i WC el\u0151t\u00e9r", "roomType": "corridor", "floorId": 27, "level": 1, "fillSource": "mvt"}, "geometry": {"type": "Polygon", "coordinates": [[[19.062975137121537, 47.47242955021899], [19.06298167500601, 47.472451533158655], [19.062951164878466, 47.47245572578012], [19.062944626993993, 47.47243374284221], [19.062975137121537, 47.47242955021899]]]}}, {"type": "Feature", "properties": {"id": 3330, "roomCode": "LD-1-414-05-71", "roomNumber": "1-414", "roomName": "1-414 N\u0151i WC csoport", "roomType": "social", "floorId": 27, "level": 1, "fillSource": "mvt"}, "geometry": {"type": "Polygon", "coordinates": [[[19.06295286819575, 47.472426982595884], [19.062959406080225, 47.4724489655337], [19.062915987821796, 47.47245485786598], [19.062911126317957, 47.47243876726472], [19.062901403310278, 47.472434461328334], [19.062907103004434, 47.47242845567963], [19.062915317269542, 47.47243208173176], [19.06295286819575, 47.472426982595884]]]}}, {"type": "Feature", "properties": {"id": 2265, "roomCode": "LD-1-417-01-12", "roomNumber": "1-417", "roomName": "1-417 F\u00f6ldrajz pc labor II.", "roomType": "educational", "floorId": 27, "level": 1, "fillSource": "mvt"}, "geometry": {"type": "Polygon", "coordinates": [[[19.062951146690818, 47.47244487034921], [19.062959360955926, 47.47247251902281], [19.062955505280467, 47.47247308559384], [19.06296355190751, 47.47249937448284], [19.062899178891154, 47.47250821298567], [19.062890461711856, 47.472504473619274], [19.062875709562274, 47.472455181946394], [19.062951146690818, 47.47244487034921]]]}}, {"type": "Feature", "properties": {"id": 3529, "roomCode": "LD-1-418-01-13", "roomNumber": "1-418", "roomName": "1-418 Oktat\u00f3", "roomType": "educational", "floorId": 27, "level": 1, "fillSource": "mvt"}, "geometry": {"type": "Polygon", "coordinates": [[[19.062949797612685, 47.472502068484324], [19.062958011877793, 47.472529263915646], [19.062882742387313, 47.47253957551301], [19.062874528122205, 47.472512380087025], [19.062949797612685, 47.472502068484324]]]}}, {"type": "Feature", "properties": {"id": 3047, "roomCode": "LD-1-419-01-13", "roomNumber": "1-419", "roomName": "1-419 Oktat\u00f3", "roomType": "educational", "floorId": 27, "level": 1, "fillSource": "mvt"}, "geometry": {"type": "Polygon", "coordinates": [[[19.062941418431716, 47.472530182474294], [19.062949632696824, 47.47255737792016], [19.06287419556828, 47.47256768952303], [19.062865981303172, 47.47254049408251], [19.062941418431716, 47.472530182474294]]]}}, {"type": "Feature", "properties": {"id": 2857, "roomCode": "LD-1-420-01-13", "roomNumber": "1-420", "roomName": "1-420 Oktat\u00f3", "roomType": "educational", "floorId": 27, "level": 1, "fillSource": "mvt"}, "geometry": {"type": "Polygon", "coordinates": [[[19.062932873612684, 47.47255821247843], [19.062941087877793, 47.472585521253286], [19.062865818387312, 47.47259583286168], [19.062857604122204, 47.47256863740661], [19.062932873612684, 47.47255821247843]]]}}, {"type": "Feature", "properties": {"id": 3218, "roomCode": "LD-1-421-01-13", "roomNumber": "1-421", "roomName": "1-421 Doktorandusz", "roomType": "educational", "floorId": 27, "level": 1, "fillSource": "mvt"}, "geometry": {"type": "Polygon", "coordinates": [[[19.06292448843172, 47.47258632646835], [19.062932702696827, 47.472613635257815], [19.062857265568283, 47.472623946871714], [19.062849051303175, 47.4725967514021], [19.06292448843172, 47.47258632646835]]]}}, {"type": "Feature", "properties": {"id": 2357, "roomCode": "LD-1-422-01-13", "roomNumber": "1-422", "roomName": "1-422 Doktorandusz", "roomType": "educational", "floorId": 27, "level": 1, "fillSource": "mvt"}, "geometry": {"type": "Polygon", "coordinates": [[[19.062915944612687, 47.472614441458276], [19.062924158877795, 47.47264175026234], [19.062848889387315, 47.47265206188176], [19.062840675122207, 47.4726248663976], [19.062915944612687, 47.472614441458276]]]}}, {"type": "Feature", "properties": {"id": 3048, "roomCode": "LD-1-423-01-13", "roomNumber": "1-423", "roomName": "1-423 TGF vend\u00e9goktat\u00f3", "roomType": "educational", "floorId": 27, "level": 1, "fillSource": "mvt"}, "geometry": {"type": "Polygon", "coordinates": [[[19.062920797045184, 47.47265204520576], [19.062926161463214, 47.47266915570877], [19.06285072433467, 47.47267958064828], [19.06284435408826, 47.47265850413801], [19.062850053782416, 47.4726527250934], [19.062854915286255, 47.47265204520576], [19.062920797045184, 47.47265204520576]]]}}, {"type": "Feature", "properties": {"id": 2242, "roomCode": "LD-1-424-04-63", "roomNumber": "1-424", "roomName": "1-424 El\u0151t\u00e9r", "roomType": "corridor", "floorId": 27, "level": 1, "fillSource": "mvt"}, "geometry": {"type": "Polygon", "coordinates": [[[19.062914469048078, 47.472675364613984], [19.062917821809346, 47.47268635594045], [19.062869039132888, 47.47269304138532], [19.062865854009683, 47.47268205006025], [19.062914469048078, 47.472675364613984]]]}}, {"type": "Feature", "properties": {"id": 3690, "roomCode": "LD-1-425-05-71", "roomNumber": "1-425", "roomName": "1-425 WC", "roomType": "social", "floorId": 27, "level": 1, "fillSource": "mvt"}, "geometry": {"type": "Polygon", "coordinates": [[[19.062908749028047, 47.47269237728318], [19.062913610531886, 47.47270869430839], [19.062903216971954, 47.47271005406027], [19.062898355468114, 47.472693850348165], [19.062908749028047, 47.47269237728318]]]}}, {"type": "Feature", "properties": {"id": 3225, "roomCode": "LD-1-426-05-71", "roomNumber": "1-426", "roomName": "1-426 WC", "roomType": "social", "floorId": 27, "level": 1, "fillSource": "mvt"}, "geometry": {"type": "Polygon", "coordinates": [[[19.062897022028046, 47.47269074295529], [19.062901883531886, 47.47270705998], [19.062891489971953, 47.47270853304448], [19.062886628468114, 47.47269221602022], [19.062897022028046, 47.47269074295529]]]}}, {"type": "Feature", "properties": {"id": 2493, "roomCode": "LD-1-501-01-13", "roomNumber": "1-501", "roomName": "1-501 Oktat\u00f3", "roomType": "educational", "floorId": 27, "level": 1, "fillSource": "mvt"}, "geometry": {"type": "Polygon", "coordinates": [[[19.063130671341234, 47.47235126053815], [19.06313871796828, 47.47237845589142], [19.0630634484778, 47.47238876745919], [19.06305523421269, 47.472361572111254], [19.063130671341234, 47.47235126053815]]]}}, {"type": "Feature", "properties": {"id": 2984, "roomCode": "LD-1-502-01-13", "roomNumber": "1-502", "roomName": "1-502 Oktat\u00f3", "roomType": "educational", "floorId": 27, "level": 1, "fillSource": "mvt"}, "geometry": {"type": "Polygon", "coordinates": [[[19.06313909143172, 47.472323145548174], [19.063147305696827, 47.472350340886905], [19.063071868568283, 47.472360652449154], [19.063063654303175, 47.47233345711577], [19.06313909143172, 47.472323145548174]]]}}, {"type": "Feature", "properties": {"id": 3548, "roomCode": "LD-1-503-01-13", "roomNumber": "1-503", "roomName": "1-503 Oktat\u00f3", "roomType": "educational", "floorId": 27, "level": 1, "fillSource": "mvt"}, "geometry": {"type": "Polygon", "coordinates": [[[19.063147469612687, 47.472295003229746], [19.063155683877795, 47.47232219855393], [19.063080414387315, 47.47233262342447], [19.063072200122207, 47.472305314791825], [19.063147469612687, 47.472295003229746]]]}}, {"type": "Feature", "properties": {"id": 2949, "roomCode": "LD-1-504-01-13", "roomNumber": "1-504", "roomName": "1-504 Oktat\u00f3", "roomType": "educational", "floorId": 27, "level": 1, "fillSource": "mvt"}, "geometry": {"type": "Polygon", "coordinates": [[[19.06315601543172, 47.4722668892398], [19.063164229696827, 47.47229408454944], [19.063088792568283, 47.472304509414414], [19.063080578303175, 47.472277200796356], [19.06315601543172, 47.4722668892398]]]}}, {"type": "Feature", "properties": {"id": 2223, "roomCode": "LD-1-507-01-13", "roomNumber": "1-507", "roomName": "1-507 Oktat\u00f3", "roomType": "educational", "floorId": 27, "level": 1, "fillSource": "mvt"}, "geometry": {"type": "Polygon", "coordinates": [[[19.063175551863303, 47.47218231097634], [19.06318376612841, 47.47220961955594], [19.063173707844605, 47.47221097931887], [19.063105646790852, 47.47221097931887], [19.063100282372822, 47.472192735829985], [19.063175551863303, 47.47218231097634]]]}}, {"type": "Feature", "properties": {"id": 3638, "roomCode": "LD-1-508-01-13", "roomNumber": "1-508", "roomName": "1-508 Oktat\u00f3", "roomType": "educational", "floorId": 27, "level": 1, "fillSource": "mvt"}, "geometry": {"type": "Polygon", "coordinates": [[[19.063189864431717, 47.47215437229044], [19.063198078696825, 47.4721816813378], [19.06312264156828, 47.472191993049094], [19.063114427303173, 47.47216479732264], [19.063189864431717, 47.47215437229044]]]}}, {"type": "Feature", "properties": {"id": 2956, "roomCode": "LD-1-509-01-13", "roomNumber": "1-509", "roomName": "1-509 Oktat\u00f3", "roomType": "educational", "floorId": 27, "level": 1, "fillSource": "mvt"}, "geometry": {"type": "Polygon", "coordinates": [[[19.063198243612685, 47.47212625830051], [19.063206457877794, 47.47215356733328], [19.063131188387313, 47.47216387903905], [19.063122974122205, 47.47213668332715], [19.063198243612685, 47.47212625830051]]]}}, {"type": "Feature", "properties": {"id": 3386, "roomCode": "LD-1-510-01-13", "roomNumber": "1-510", "roomName": "1-510 Oktat\u00f3", "roomType": "educational", "floorId": 27, "level": 1, "fillSource": "mvt"}, "geometry": {"type": "Polygon", "coordinates": [[[19.063206789431717, 47.472098228297185], [19.063215003696826, 47.47212542399989], [19.06313956656828, 47.47213573570015], [19.063131352303174, 47.47210854000278], [19.063206789431717, 47.472098228297185]]]}}, {"type": "Feature", "properties": {"id": 2649, "roomCode": "LD-1-511-01-13", "roomNumber": "1-511", "roomName": "1-511 Oktat\u00f3", "roomType": "educational", "floorId": 27, "level": 1, "fillSource": "mvt"}, "geometry": {"type": "Polygon", "coordinates": [[[19.063215165751586, 47.47204197688163], [19.06323192955793, 47.47209727476609], [19.063156492429385, 47.47210769977058], [19.063139896261106, 47.47205228858171], [19.063215165751586, 47.47204197688163]]]}}, {"type": "Feature", "properties": {"id": 2434, "roomCode": "LD-1-512-02-33", "roomNumber": "1-512", "roomName": "1-512 \u00c1ltal\u00e1nos \u00e9s T\u00f6rt\u00e9neti F\u00f6ldtani Tansz\u00e9k Titk\u00e1rs\u00e1g", "roomType": "administrative", "floorId": 27, "level": 1, "fillSource": "mvt"}, "geometry": {"type": "Polygon", "coordinates": [[[19.063232133522202, 47.472013856998466], [19.06324034778731, 47.47204105265754], [19.063164910658767, 47.472051477656464], [19.063156864031722, 47.47202416868753], [19.063232133522202, 47.472013856998466]]]}}, {"type": "Feature", "properties": {"id": 3649, "roomCode": "LD-1-513-01-14", "roomNumber": "1-513", "roomName": "1-513 Szeizmikus \u00e9rtelmez\u0151 labor", "roomType": "educational", "floorId": 27, "level": 1, "fillSource": "mvt"}, "geometry": {"type": "Polygon", "coordinates": [[[19.06324065338965, 47.471958052235685], [19.063257081919865, 47.472013010086165], [19.063181812429384, 47.47202332175892], [19.063165216261105, 47.47196836391923], [19.06324065338965, 47.471958052235685]]]}}, {"type": "Feature", "properties": {"id": 3835, "roomCode": "LD-1-514-04-63", "roomNumber": "1-514", "roomName": "1-514 K\u00f6zleked\u0151", "roomType": "corridor", "floorId": 27, "level": 1, "fillSource": "mvt"}, "geometry": {"type": "Polygon", "coordinates": [[[19.063110919870656, 47.47189244605923], [19.063112763889354, 47.47189867841733], [19.06312332508735, 47.471897205314576], [19.063126510210555, 47.471907743664175], [19.06311594901256, 47.47190910345107], [19.06312131343059, 47.47192678067746], [19.06313170699052, 47.47192530757548], [19.063134892113727, 47.471935845919454], [19.06312433091573, 47.471937205705615], [19.06312969533376, 47.471954882922546], [19.063140256531756, 47.47195352313683], [19.06314344165496, 47.4719639481597], [19.063132880456966, 47.47196542126058], [19.063138244874995, 47.471982985152614], [19.063148638434928, 47.471981625367626], [19.063151823558133, 47.471992050384905], [19.063141262360137, 47.47199352348501], [19.063146626778167, 47.472011200683], [19.063157187976163, 47.47200972758339], [19.063160373099368, 47.47202015259509], [19.063149811901372, 47.47202162569441], [19.063155176319402, 47.47203930288294], [19.063165569879335, 47.47203782978413], [19.06316875500254, 47.47204825479025], [19.063158193804544, 47.47204972788878], [19.063163558222573, 47.47206740506786], [19.06317411942057, 47.47206593196984], [19.063177304543775, 47.47207635697038], [19.06316674334578, 47.47207783006813], [19.06317210776381, 47.47209550723776], [19.06318250132374, 47.47209403414051], [19.063185686446946, 47.4721044591355], [19.06317512524895, 47.472105932232445], [19.063175963439267, 47.47210876511108], [19.063186524637263, 47.47210740532935], [19.06319658292107, 47.47214060665642], [19.063150482453626, 47.472146952300164], [19.06313505975179, 47.47209596049844], [19.063147464968484, 47.47209426077086], [19.063145118035596, 47.47208621539293], [19.0631189664977, 47.47208984147891], [19.063121145792525, 47.47209698033496], [19.063105555452626, 47.472099133323105], [19.0631033761578, 47.47209199446734], [19.06307739225797, 47.47209550723776], [19.06307940391473, 47.47210207951726], [19.063071692563813, 47.472101739571784], [19.063063981212895, 47.47210479908095], [19.063061969556134, 47.47209766022596], [19.06303581801824, 47.47210128631116], [19.063037997313064, 47.47210842516565], [19.063022406973165, 47.47211057815332], [19.06302022767834, 47.472103439299126], [19.06299424377851, 47.47210695206877], [19.06299625543527, 47.4721140909225], [19.062980832733434, 47.47211624390994], [19.06297865343861, 47.472109105056504], [19.062952669538777, 47.47211273114091], [19.06295468119554, 47.472119869993854], [19.062939258493703, 47.472122022981054], [19.06293707919888, 47.4721148841284], [19.062910927660983, 47.47211839689729], [19.062913106955808, 47.47212553574946], [19.062897684253972, 47.472127688736435], [19.062895504959148, 47.47212054988456], [19.062869353421252, 47.472124175968176], [19.062871532716077, 47.47213131481956], [19.06285611001424, 47.472133354491206], [19.062853930719417, 47.472126328955206], [19.06282777918152, 47.47212984172332], [19.062829958476346, 47.47213698057394], [19.06281453577451, 47.47213913356044], [19.062812356479686, 47.47213199471012], [19.06278620494179, 47.47213562079295], [19.062788384236615, 47.47214275964278], [19.06277296153478, 47.47214479931397], [19.062762400336783, 47.47210967163221], [19.06277782303862, 47.4721075186445], [19.062780002333444, 47.472114657498146], [19.062805986233275, 47.47211103141388], [19.06280380693845, 47.47210400587489], [19.06281939727835, 47.47210185288695], [19.062821576573175, 47.47210899174136], [19.062847560473006, 47.472105365656695], [19.06284538117818, 47.4720982268018], [19.06286097151808, 47.47209607381361], [19.062863150812905, 47.47210321266882], [19.0628893023508, 47.47209958658375], [19.062886955417913, 47.472092561043226], [19.062902713395875, 47.47209040805482], [19.062904725052636, 47.472097546910796], [19.06293087659053, 47.472093920825344], [19.062928697295707, 47.47208678196887], [19.062944287635606, 47.47208474229542], [19.062946299292367, 47.47209176783699], [19.0629722831922, 47.47208814175114], [19.062970271535438, 47.47208111620909], [19.062985861875337, 47.472078963220206], [19.062987873532098, 47.472085988762544], [19.063014025069993, 47.47208247599149], [19.06301184577517, 47.47207533713347], [19.063027436115068, 47.472073297459566], [19.063029615409892, 47.472080323002665], [19.063040008969825, 47.472078849904996], [19.063040511884015, 47.47208100289388], [19.06310035867266, 47.47207284419869], [19.063099688120406, 47.47207057789426], [19.063130868800204, 47.47206638523077], [19.063110249318402, 47.471997829469686], [19.06309985575847, 47.471999189254234], [19.063096670635264, 47.47198876423838], [19.06310723183326, 47.47198729113814], [19.06310186741523, 47.47196961393211], [19.063091473855298, 47.47197108703285], [19.063088288732093, 47.471960662011405], [19.06309884993009, 47.47195918891039], [19.06309348551206, 47.4719415116949], [19.063082924314063, 47.471942984796414], [19.063079739190858, 47.4719325597694], [19.063090300388854, 47.471931086667595], [19.063084935970824, 47.471913409442664], [19.06307454241089, 47.471914882544965], [19.063071357287686, 47.4719043441968], [19.063081918485683, 47.47190298440978], [19.063078565724414, 47.47189244605923], [19.063110919870656, 47.47189244605923]]]}}, {"type": "Feature", "properties": {"id": 3008, "roomCode": "LD-1-515-04-63", "roomNumber": "1-515", "roomName": "1-515 El\u0151t\u00e9r", "roomType": "corridor", "floorId": 27, "level": 1, "fillSource": "mvt"}, "geometry": {"type": "Polygon", "coordinates": [[[19.063095519957596, 47.47207398240289], [19.063098872718864, 47.47208497399186], [19.063050090042406, 47.47209165959641], [19.063046737281137, 47.47208066800883], [19.063095519957596, 47.47207398240289]]]}}, {"type": "Feature", "properties": {"id": 2832, "roomCode": "LD-1-516-05-71", "roomNumber": "1-516", "roomName": "1-516 WC", "roomType": "social", "floorId": 27, "level": 1, "fillSource": "mvt"}, "geometry": {"type": "Polygon", "coordinates": [[[19.063086758028046, 47.47206045273424], [19.063091619531885, 47.47207665682434], [19.063081225971953, 47.4720781299232], [19.063076364468113, 47.47206181251822], [19.063086758028046, 47.47206045273424]]]}}, {"type": "Feature", "properties": {"id": 2565, "roomCode": "LD-1-517-05-71", "roomNumber": "1-517", "roomName": "1-517 WC", "roomType": "social", "floorId": 27, "level": 1, "fillSource": "mvt"}, "geometry": {"type": "Polygon", "coordinates": [[[19.063098481028046, 47.4720620150763], [19.063103342531885, 47.472078332482226], [19.063092948971953, 47.47207969226582], [19.063088087468113, 47.47206348817565], [19.063098481028046, 47.4720620150763]]]}}, {"type": "Feature", "properties": {"id": 3633, "roomCode": "LD-1-519-01-14", "roomNumber": "1-519", "roomName": "1-519 \u00c1ltal\u00e1nos f\u00f6ldtani gy\u0171jtem\u00e9ny \u00e9s el\u0151k\u00e9sz\u00edt\u0151", "roomType": "educational", "floorId": 27, "level": 1, "fillSource": "mvt"}, "geometry": {"type": "Polygon", "coordinates": [[[19.06308261288968, 47.472079263936436], [19.06309049187866, 47.47210521316095], [19.063022263186845, 47.47211461833523], [19.06301371364561, 47.472110765613444], [19.0630073433992, 47.47208968895393], [19.06308261288968, 47.472079263936436]]]}}, {"type": "Feature", "properties": {"id": 2988, "roomCode": "LD-1-520-01-14", "roomNumber": "1-520", "roomName": "1-520 F\u00f6ldtani anyagvizsg\u00e1lati labor", "roomType": "educational", "floorId": 27, "level": 1, "fillSource": "mvt"}, "geometry": {"type": "Polygon", "coordinates": [[[19.063059928480133, 47.47210838918233], [19.063076524648412, 47.47216380045221], [19.06300108751987, 47.47217411215448], [19.06298449135159, 47.47211881421099], [19.063059928480133, 47.47210838918233]]]}}, {"type": "Feature", "properties": {"id": 3101, "roomCode": "LD-1-521-01-14", "roomNumber": "1-521", "roomName": "1-521 Mikroszk\u00f3p labor", "roomType": "educational", "floorId": 27, "level": 1, "fillSource": "mvt"}, "geometry": {"type": "Polygon", "coordinates": [[[19.06305473728347, 47.47217548972047], [19.063057922406674, 47.47218625451128], [19.062979300154925, 47.47218625451128], [19.062979300154925, 47.47218580125698], [19.06305473728347, 47.47217548972047]]]}}, {"type": "Feature", "properties": {"id": 2359, "roomCode": "LD-1-522-01-13", "roomNumber": "1-522", "roomName": "1-522 Doktorandusz", "roomType": "educational", "floorId": 27, "level": 1, "fillSource": "mvt"}, "geometry": {"type": "Polygon", "coordinates": [[[19.063043005341235, 47.47219278326628], [19.06305105196828, 47.472219978537574], [19.0629757824778, 47.47223040338784], [19.06296756821269, 47.4722030948083], [19.063043005341235, 47.47219278326628]]]}}, {"type": "Feature", "properties": {"id": 2507, "roomCode": "LD-1-523-01-14", "roomNumber": "1-523", "roomName": "1-523 K\u0151zetgyakorl\u00f3 laborat\u00f3rium", "roomType": "educational", "floorId": 27, "level": 1, "fillSource": "mvt"}, "geometry": {"type": "Polygon", "coordinates": [[[19.063026103570618, 47.47222091097736], [19.063042699738897, 47.47227575481823], [19.062967262610353, 47.47228617967407], [19.062950834080137, 47.472231222530326], [19.063026103570618, 47.47222091097736]]]}}, {"type": "Feature", "properties": {"id": 2325, "roomCode": "LD-1-524-05-73", "roomNumber": "1-524", "roomName": "1-524 N\u0151i \u00f6lt\u00f6z\u0151", "roomType": "social", "floorId": 27, "level": 1, "fillSource": "mvt"}, "geometry": {"type": "Polygon", "coordinates": [[[19.062989978561667, 47.47227785622917], [19.06299785755065, 47.47230414503099], [19.062954271654156, 47.47231015066059], [19.062947733769683, 47.47228862104185], [19.06295343346384, 47.47228284203742], [19.062989978561667, 47.47227785622917]]]}}, {"type": "Feature", "properties": {"id": 3304, "roomCode": "LD-1-525-05-71", "roomNumber": "1-525", "roomName": "1-525 Mosd\u00f3-zuhany", "roomType": "social", "floorId": 27, "level": 1, "fillSource": "mvt"}, "geometry": {"type": "Polygon", "coordinates": [[[19.06300381259388, 47.4722825072337], [19.063005991888705, 47.47228998594455], [19.063017726553145, 47.472288399551424], [19.06301990584797, 47.47229542500631], [19.062993251395884, 47.47229916436095], [19.062989395720425, 47.47228635990306], [19.06300381259388, 47.4722825072337]]]}}, {"type": "Feature", "properties": {"id": 3452, "roomCode": "LD-1-526-04-63", "roomNumber": "1-526", "roomName": "1-526 El\u0151t\u00e9r", "roomType": "corridor", "floorId": 27, "level": 1, "fillSource": "mvt"}, "geometry": {"type": "Polygon", "coordinates": [[[19.063004417747692, 47.47229886622371], [19.063007938147024, 47.47231065086135], [19.06299352127357, 47.47231450353077], [19.06298966559811, 47.472301812383364], [19.06299167725487, 47.4723015857557], [19.062991341978744, 47.47230067924506], [19.063004417747692, 47.47229886622371]]]}}, {"type": "Feature", "properties": {"id": 2385, "roomCode": "LD-1-527-05-71", "roomNumber": "1-527", "roomName": "1-527 WC", "roomType": "social", "floorId": 27, "level": 1, "fillSource": "mvt"}, "geometry": {"type": "Polygon", "coordinates": [[[19.06301405275192, 47.47229307236941], [19.063019584808014, 47.472311429207885], [19.06300919124808, 47.47231290228724], [19.06300365919199, 47.47229443213544], [19.06301405275192, 47.47229307236941]]]}}, {"type": "Feature", "properties": {"id": 3499, "roomCode": "LD-1-528-04-63", "roomNumber": "1-528", "roomName": "1-528 F\u00e9rfi WC el\u0151t\u00e9r", "roomType": "corridor", "floorId": 27, "level": 1, "fillSource": "mvt"}, "geometry": {"type": "Polygon", "coordinates": [[[19.063010837121535, 47.47231094324854], [19.06301737500601, 47.47233292613857], [19.062986864878464, 47.47233711875059], [19.06298032699399, 47.472315135862296], [19.063010837121535, 47.47231094324854]]]}}, {"type": "Feature", "properties": {"id": 2800, "roomCode": "LD-1-529-05-71", "roomNumber": "1-529", "roomName": "1-529 F\u00e9rfi WC csoport", "roomType": "social", "floorId": 27, "level": 1, "fillSource": "mvt"}, "geometry": {"type": "Polygon", "coordinates": [[[19.062986252986736, 47.472298119888166], [19.06299279087121, 47.4723201027764], [19.062955407583065, 47.47232531521247], [19.06294987552697, 47.472330867589456], [19.062941158347673, 47.47232690160595], [19.062947528594083, 47.47232032940407], [19.062942667090244, 47.47230412552349], [19.062986252986736, 47.472298119888166]]]}}, {"type": "Feature", "properties": {"id": 2663, "roomCode": "LD-1-601-01-13", "roomNumber": "1-601", "roomName": "1-601 Oktat\u00f3", "roomType": "educational", "floorId": 27, "level": 1, "fillSource": "mvt"}, "geometry": {"type": "Polygon", "coordinates": [[[19.063117609216693, 47.47194586486541], [19.06313303191853, 47.47199674335185], [19.063092798783305, 47.47200229578948], [19.06307737608147, 47.47195130399326], [19.063117609216693, 47.47194586486541]]]}}, {"type": "Feature", "properties": {"id": 3833, "roomCode": "LD-1-602-04-63", "roomNumber": "1-602", "roomName": "1-602 Gal\u00e9ria", "roomType": "corridor", "floorId": 27, "level": 1, "fillSource": "mvt"}, "geometry": {"type": "Polygon", "coordinates": [[[19.063046664832626, 47.47191008594176], [19.06305269980291, 47.47191110577815], [19.063059740601574, 47.471910199256904], [19.063070469437633, 47.47194578020376], [19.063074995665346, 47.471945100313285], [19.06307868370274, 47.47195756497066], [19.06305521437386, 47.47196073779207], [19.063036774186884, 47.471928896254276], [19.06268624299625, 47.471977055156266], [19.062687584100757, 47.47201138959356], [19.062664114771877, 47.472014562411715], [19.06266042673448, 47.47200209776786], [19.062664952962194, 47.472001531193065], [19.062654224126135, 47.47196595028395], [19.062661432562862, 47.47196493044863], [19.062667970447336, 47.47196198425757], [19.062675849436317, 47.47196289077792], [19.06303811529139, 47.47191314545087], [19.06304197096685, 47.47191087914784], [19.063046664832626, 47.47191008594176]]]}}, {"type": "Feature", "properties": {"id": 2310, "roomCode": "LD-1-603-01-14", "roomNumber": "1-603", "roomName": "1-603 Mikroszk\u00f3p szoba", "roomType": "educational", "floorId": 27, "level": 1, "fillSource": "mvt"}, "geometry": {"type": "Polygon", "coordinates": [[[19.062659447192054, 47.47188615237811], [19.06266263231526, 47.471896577360184], [19.06266263231526, 47.47193861721258], [19.062634469120603, 47.47194258323465], [19.06261921405683, 47.47189170481447], [19.062659447192054, 47.47188615237811]]]}}, {"type": "Feature", "properties": {"id": 2248, "roomCode": "LD-1-604-04-64", "roomNumber": "1-604", "roomName": "1-604 L\u00e9pcs\u0151h\u00e1z", "roomType": "corridor", "floorId": 27, "level": 1, "fillSource": "mvt"}, "geometry": {"type": "Polygon", "coordinates": [[[19.062675585011128, 47.47196479903755], [19.062675585011128, 47.471989048477745], [19.062646751264218, 47.47199312782172], [19.062648595282916, 47.47199890689182], [19.062632837304953, 47.47200105987856], [19.062624120125655, 47.4719719378926], [19.062675585011128, 47.47196479903755]]]}}, {"type": "Feature", "properties": {"id": 2615, "roomCode": "LD-1-605-01-14", "roomNumber": "1-605", "roomName": "1-605 Poros el\u0151k\u00e9sz\u00edt\u0151 labor", "roomType": "educational", "floorId": 27, "level": 1, "fillSource": "mvt"}, "geometry": {"type": "Polygon", "coordinates": [[[19.06272085253616, 47.47198592690678], [19.06273610759993, 47.47203691874369], [19.062697718483406, 47.47204224455491], [19.062683972162205, 47.47199612527812], [19.062689504218298, 47.47199045951651], [19.06272085253616, 47.47198592690678]]]}}, {"type": "Feature", "properties": {"id": 2711, "roomCode": "LD-1-606-01-13", "roomNumber": "1-606", "roomName": "1-606 Kutat\u00f3csoport-vezet\u0151", "roomType": "educational", "floorId": 27, "level": 1, "fillSource": "mvt"}, "geometry": {"type": "Polygon", "coordinates": [[[19.06275855194524, 47.47198787885642], [19.062773807009012, 47.47203887069882], [19.06273357387379, 47.472044423140886], [19.062718151171953, 47.47199343130387], [19.06275855194524, 47.47198787885642]]]}}, {"type": "Feature", "properties": {"id": 2823, "roomCode": "LD-1-607-01-13", "roomNumber": "1-607", "roomName": "1-607 Titk\u00e1rs\u00e1g", "roomType": "educational", "floorId": 27, "level": 1, "fillSource": "mvt"}, "geometry": {"type": "Polygon", "coordinates": [[[19.062800102035727, 47.47199368383976], [19.0628153570995, 47.4720445623725], [19.062775123964276, 47.47205011481519], [19.062759868900503, 47.47199912297257], [19.062800102035727, 47.47199368383976]]]}}, {"type": "Feature", "properties": {"id": 2613, "roomCode": "LD-1-608-01-13", "roomNumber": "1-608", "roomName": "1-608 Kutat\u00f3 MTA", "roomType": "educational", "floorId": 27, "level": 1, "fillSource": "mvt"}, "geometry": {"type": "Polygon", "coordinates": [[[19.062841695035726, 47.47199931885025], [19.062856950099498, 47.47205031070376], [19.062816716964274, 47.47205586314705], [19.062801461900502, 47.47200487129893], [19.062841695035726, 47.47199931885025]]]}}, {"type": "Feature", "properties": {"id": 2408, "roomCode": "LD-1-609-01-13", "roomNumber": "1-609", "roomName": "1-609 Kutat\u00f3 MTA", "roomType": "educational", "floorId": 27, "level": 1, "fillSource": "mvt"}, "geometry": {"type": "Polygon", "coordinates": [[[19.06288324512621, 47.47200512383362], [19.062898667828044, 47.472056002377435], [19.062858267054757, 47.47206155482133], [19.062843011990985, 47.472010562967604], [19.06288324512621, 47.47200512383362]]]}}, {"type": "Feature", "properties": {"id": 3249, "roomCode": "LD-1-610-01-13", "roomNumber": "1-610", "roomName": "1-610 Kutat\u00f3 MTA", "roomType": "educational", "floorId": 27, "level": 1, "fillSource": "mvt"}, "geometry": {"type": "Polygon", "coordinates": [[[19.06292483812621, 47.4720107578441], [19.062940260828046, 47.472061749708715], [19.06289986005476, 47.4720673021532], [19.062884604990987, 47.472016310293974], [19.06292483812621, 47.4720107578441]]]}}, {"type": "Feature", "properties": {"id": 3153, "roomCode": "LD-1-611-01-13", "roomNumber": "1-611", "roomName": "1-611 Kutat\u00f3 MTA", "roomType": "educational", "floorId": 27, "level": 1, "fillSource": "mvt"}, "geometry": {"type": "Polygon", "coordinates": [[[19.06296643012621, 47.472016534498664], [19.062981852828045, 47.47206741305355], [19.06294145205476, 47.47207296549866], [19.062926196990986, 47.47202208694914], [19.06296643012621, 47.472016534498664]]]}}, {"type": "Feature", "properties": {"id": 3068, "roomCode": "LD-1-612-01-14", "roomNumber": "1-612", "roomName": "1-612 Karbon\u00e1t-szedimentol\u00f3giai labor", "roomType": "educational", "floorId": 27, "level": 1, "fillSource": "mvt"}, "geometry": {"type": "Polygon", "coordinates": [[[19.062997700123205, 47.47202741828123], [19.06300624966444, 47.47203127100237], [19.063020163623705, 47.47207739031874], [19.062981942145242, 47.47208271613399], [19.062966519443407, 47.47203172426366], [19.062997700123205, 47.47202741828123]]]}}, {"type": "Feature", "properties": {"id": 2895, "roomCode": "LD-1-613-04-64", "roomNumber": "1-613", "roomName": "1-613 L\u00e9pcs\u0151h\u00e1z", "roomType": "corridor", "floorId": 27, "level": 1, "fillSource": "mvt"}, "geometry": {"type": "Polygon", "coordinates": [[[19.063083263519196, 47.47202122352944], [19.063091980698495, 47.47205011892134], [19.063076222720532, 47.4720522719107], [19.063074546339898, 47.47204660614906], [19.063017381760268, 47.472054538215176], [19.063010340961604, 47.47203119527432], [19.063083263519196, 47.47202122352944]]]}}, {"type": "Feature", "properties": {"id": 3086, "roomCode": "LD-1-701-01-13", "roomNumber": "1-701", "roomName": "1-701 K\u00f6nyvt\u00e1r \u00e9s t\u00e1rgyal\u00f3", "roomType": "educational", "floorId": 27, "level": 1, "fillSource": "mvt"}, "geometry": {"type": "Polygon", "coordinates": [[[19.062569931480134, 47.471865817292965], [19.062586527648413, 47.47192077504699], [19.06251109051987, 47.471931086701645], [19.06249449435159, 47.47187612895841], [19.062569931480134, 47.471865817292965]]]}}, {"type": "Feature", "properties": {"id": 2424, "roomCode": "LD-1-702-02-33", "roomNumber": "1-702", "roomName": "1-702 Alkalmazott- \u00e9s K\u00f6rnyezetf\u00f6ldtani Tansz\u00e9k Titk\u00e1rs\u00e1g", "roomType": "administrative", "floorId": 27, "level": 1, "fillSource": "mvt"}, "geometry": {"type": "Polygon", "coordinates": [[[19.062561537341235, 47.47192162203143], [19.06256958396828, 47.471948817642776], [19.0624943144778, 47.4719592426234], [19.06248610021269, 47.47193193370239], [19.062561537341235, 47.47192162203143]]]}}, {"type": "Feature", "properties": {"id": 2281, "roomCode": "LD-1-703-01-13", "roomNumber": "1-703", "roomName": "1-703 Oktat\u00f3", "roomType": "educational", "floorId": 27, "level": 1, "fillSource": "mvt"}, "geometry": {"type": "Polygon", "coordinates": [[[19.06255303343172, 47.47194973702139], [19.062561247696827, 47.47197693264728], [19.062485810568283, 47.47198735763347], [19.062477596303175, 47.471960048697866], [19.06255303343172, 47.47194973702139]]]}}, {"type": "Feature", "properties": {"id": 3462, "roomCode": "LD-1-704-01-13", "roomNumber": "1-704", "roomName": "1-704 Oktat\u00f3", "roomType": "educational", "floorId": 27, "level": 1, "fillSource": "mvt"}, "geometry": {"type": "Polygon", "coordinates": [[[19.062544613341235, 47.47197787934013], [19.06255265996828, 47.47200507498056], [19.0624773904778, 47.472015386657205], [19.06246917621269, 47.47198819102212], [19.062544613341235, 47.47197787934013]]]}}, {"type": "Feature", "properties": {"id": 2576, "roomCode": "LD-1-705-01-13", "roomNumber": "1-705", "roomName": "1-705 Oktat\u00f3", "roomType": "educational", "floorId": 27, "level": 1, "fillSource": "mvt"}, "geometry": {"type": "Polygon", "coordinates": [[[19.06253610943172, 47.472005994330104], [19.062544323696827, 47.472033189985076], [19.062468886568283, 47.47204350166723], [19.062460672303175, 47.4720163060176], [19.06253610943172, 47.472005994330104]]]}}, {"type": "Feature", "properties": {"id": 3616, "roomCode": "LD-1-706-01-13", "roomNumber": "1-706", "roomName": "1-706 Doktorandusz", "roomType": "educational", "floorId": 27, "level": 1, "fillSource": "mvt"}, "geometry": {"type": "Polygon", "coordinates": [[[19.062527689341234, 47.47203402333358], [19.06253573596828, 47.47206133231841], [19.0624604664778, 47.472071644006085], [19.06245225221269, 47.47204444834191], [19.062527689341234, 47.47203402333358]]]}}, {"type": "Feature", "properties": {"id": 2658, "roomCode": "LD-1-707-01-13", "roomNumber": "1-707", "roomName": "1-707 Oktat\u00f3", "roomType": "educational", "floorId": 27, "level": 1, "fillSource": "mvt"}, "geometry": {"type": "Polygon", "coordinates": [[[19.062519184431718, 47.47206213832351], [19.062527398696826, 47.472089447322944], [19.062451961568282, 47.47209975901613], [19.062443747303174, 47.47207256333741], [19.062519184431718, 47.47206213832351]]]}}, {"type": "Feature", "properties": {"id": 2580, "roomCode": "LD-1-708-01-14", "roomNumber": "1-708", "roomName": "1-708 T\u00e9rinfo PetroMod labor", "roomType": "educational", "floorId": 27, "level": 1, "fillSource": "mvt"}, "geometry": {"type": "Polygon", "coordinates": [[[19.062502216661102, 47.472090258193674], [19.062518980467445, 47.472145669444444], [19.0624435433389, 47.47215598114314], [19.062426779532558, 47.472100683218734], [19.062502216661102, 47.472090258193674]]]}}, {"type": "Feature", "properties": {"id": 3672, "roomCode": "LD-1-709-01-13", "roomNumber": "1-709", "roomName": "1-709 Oktat\u00f3", "roomType": "educational", "floorId": 27, "level": 1, "fillSource": "mvt"}, "geometry": {"type": "Polygon", "coordinates": [[[19.06248917534337, 47.472182147768116], [19.06249554558978, 47.47220311115155], [19.062420108461236, 47.47221353618235], [19.06241206183419, 47.472186227129875], [19.06244173377142, 47.472182147768116], [19.06248917534337, 47.472182147768116]]]}}, {"type": "Feature", "properties": {"id": 2449, "roomCode": "LD-1-710-01-13", "roomNumber": "1-710", "roomName": "1-710 Oktat\u00f3", "roomType": "educational", "floorId": 27, "level": 1, "fillSource": "mvt"}, "geometry": {"type": "Polygon", "coordinates": [[[19.062493798431717, 47.47214653795105], [19.062502012696825, 47.472173733678794], [19.06242657556828, 47.472184158704025], [19.062418361303173, 47.47215684966614], [19.062493798431717, 47.47214653795105]]]}}, {"type": "Feature", "properties": {"id": 3530, "roomCode": "LD-1-711-02-33", "roomNumber": "1-711", "roomName": "1-711 Titk\u00e1rs\u00e1g", "roomType": "administrative", "floorId": 27, "level": 1, "fillSource": "mvt"}, "geometry": {"type": "Polygon", "coordinates": [[[19.06248962709375, 47.47218598955684], [19.062499014825303, 47.47221715081229], [19.06242357769676, 47.47222757566453], [19.062422068954188, 47.472222816493115], [19.062419554383236, 47.47222315643394], [19.062420895487744, 47.47222746235093], [19.062340261579234, 47.47223856708259], [19.062333053142506, 47.47221477122616], [19.062334394247014, 47.472214657912524], [19.062332382590252, 47.472207632467125], [19.06248962709375, 47.47218598955684]]]}}, {"type": "Feature", "properties": {"id": 3738, "roomCode": "LD-1-712-01-13", "roomNumber": "1-712", "roomName": "1-712 Oktat\u00f3", "roomType": "educational", "floorId": 27, "level": 1, "fillSource": "mvt"}, "geometry": {"type": "Polygon", "coordinates": [[[19.0623279248713, 47.47217728797194], [19.06233714496479, 47.47220799596005], [19.062336306774473, 47.47220810927362], [19.062251817190504, 47.47220810927362], [19.062251817190504, 47.47220788264647], [19.06225902562723, 47.47220686282428], [19.062257852160787, 47.47220335010322], [19.062250811362123, 47.47220436992549], [19.062245949858283, 47.47218850602134], [19.0623279248713, 47.47217728797194]]]}}, {"type": "Feature", "properties": {"id": 3162, "roomCode": "LD-1-713-04-63", "roomNumber": "1-713", "roomName": "1-713 F\u00e9rfi WC el\u0151t\u00e9r", "roomType": "corridor", "floorId": 27, "level": 1, "fillSource": "mvt"}, "geometry": {"type": "Polygon", "coordinates": [[[19.062555184302504, 47.47224829226414], [19.06256188982504, 47.47227027512797], [19.062531379697496, 47.47227446773497], [19.06252467417496, 47.472252484872904], [19.062555184302504, 47.47224829226414]]]}}, {"type": "Feature", "properties": {"id": 3091, "roomCode": "LD-1-714-05-71", "roomNumber": "1-714", "roomName": "1-714 F\u00e9rfi WC csoport", "roomType": "social", "floorId": 27, "level": 1, "fillSource": "mvt"}, "geometry": {"type": "Polygon", "coordinates": [[[19.062590518023086, 47.47224907824934], [19.062595379526925, 47.47226528211569], [19.062605102534604, 47.47226958803738], [19.062599235202384, 47.47227559366441], [19.062591020937276, 47.47227185431181], [19.06255363764913, 47.47227706674263], [19.062546932126594, 47.47225508387871], [19.062590518023086, 47.47224907824934]]]}}, {"type": "Feature", "properties": {"id": 2299, "roomCode": "LD-1-719-01-14", "roomNumber": "1-719", "roomName": "1-719 M\u0171szeres labor", "roomType": "educational", "floorId": 27, "level": 1, "fillSource": "mvt"}, "geometry": {"type": "Polygon", "coordinates": [[[19.062650251120733, 47.47205190599257], [19.06265595081489, 47.47207071633856], [19.06265595081489, 47.47207944161724], [19.062583028257297, 47.47208941336254], [19.06257481399219, 47.4720622176891], [19.062650251120733, 47.47205190599257]]]}}, {"type": "Feature", "properties": {"id": 3121, "roomCode": "LD-1-720-01-14", "roomNumber": "1-720", "roomName": "1-720 Nedves el\u0151k\u00e9sz\u00edt\u0151 labor", "roomType": "educational", "floorId": 27, "level": 1, "fillSource": "mvt"}, "geometry": {"type": "Polygon", "coordinates": [[[19.062649077612686, 47.47208009830365], [19.062657291877795, 47.47210729399698], [19.062582022387314, 47.47211760569368], [19.062573808122206, 47.4720904100057], [19.062649077612686, 47.47208009830365]]]}}, {"type": "Feature", "properties": {"id": 2955, "roomCode": "LD-1-721-01-14", "roomNumber": "1-721", "roomName": "1-721 Analitikai labor", "roomType": "educational", "floorId": 27, "level": 1, "fillSource": "mvt"}, "geometry": {"type": "Polygon", "coordinates": [[[19.062632278480134, 47.472108124182476], [19.062648874648414, 47.47216353545211], [19.06257343751987, 47.472173847154345], [19.06255684135159, 47.47211854921108], [19.062632278480134, 47.472108124182476]]]}}, {"type": "Feature", "properties": {"id": 3185, "roomCode": "LD-1-722-01-14", "roomNumber": "1-722", "roomName": "1-722 M\u00e9rleg szoba", "roomType": "educational", "floorId": 27, "level": 1, "fillSource": "mvt"}, "geometry": {"type": "Polygon", "coordinates": [[[19.062627128192986, 47.472175319705684], [19.062630145678128, 47.4721858578693], [19.062551691064442, 47.4721858578693], [19.062551691064442, 47.47218574455572], [19.062627128192986, 47.472175319705684]]]}}, {"type": "Feature", "properties": {"id": 2435, "roomCode": "LD-1-723-03-43", "roomNumber": "1-723", "roomName": "1-723 K\u00f6nyvt\u00e1r \u00e9s olvas\u00f3", "roomType": "misc", "floorId": 27, "level": 1, "fillSource": "mvt"}, "geometry": {"type": "Polygon", "coordinates": [[[19.062621366072786, 47.472199952447184], [19.062635950584305, 47.47224856400432], [19.062560681093824, 47.47225898885454], [19.062552299190653, 47.472231340334204], [19.06255615486611, 47.47223077376601], [19.062548443515194, 47.47220471162259], [19.06257509796728, 47.472201085584224], [19.06257660670985, 47.47220607138692], [19.062621366072786, 47.472199952447184]]]}}, {"type": "Feature", "properties": {"id": 2671, "roomCode": "LD-1-724-01-14", "roomNumber": "1-724", "roomName": "1-724 Fot\u00f3", "roomType": "educational", "floorId": 27, "level": 1, "fillSource": "mvt"}, "geometry": {"type": "Polygon", "coordinates": [[[19.062640166792722, 47.472027047264284], [19.062646537039132, 47.47204812390528], [19.062640837344976, 47.47205390298279], [19.062616026911588, 47.47205730243986], [19.062616026911588, 47.47203033340779], [19.062640166792722, 47.472027047264284]]]}}, {"type": "Feature", "properties": {"id": 2446, "roomCode": "LD-1-725-04-63", "roomNumber": "1-725", "roomName": "1-725 El\u0151t\u00e9r", "roomType": "corridor", "floorId": 27, "level": 1, "fillSource": "mvt"}, "geometry": {"type": "Polygon", "coordinates": [[[19.062637352957594, 47.472010973413475], [19.062640705718863, 47.47202196498929], [19.062591923042405, 47.47202865058581], [19.062588570281136, 47.472017659011414], [19.062637352957594, 47.472010973413475]]]}}, {"type": "Feature", "properties": {"id": 2728, "roomCode": "LD-1-726-05-71", "roomNumber": "1-726", "roomName": "1-726 WC", "roomType": "social", "floorId": 27, "level": 1, "fillSource": "mvt"}, "geometry": {"type": "Polygon", "coordinates": [[[19.062603132209016, 47.47199390408778], [19.06260816135092, 47.47201022147257], [19.062597767790987, 47.472011581254414], [19.062592738649084, 47.47199537718523], [19.062603132209016, 47.47199390408778]]]}}, {"type": "Feature", "properties": {"id": 3539, "roomCode": "LD-1-727-05-71", "roomNumber": "1-727", "roomName": "1-727 WC", "roomType": "social", "floorId": 27, "level": 1, "fillSource": "mvt"}, "geometry": {"type": "Polygon", "coordinates": [[[19.062614859209013, 47.47199551008752], [19.062619888350916, 47.47201182747279], [19.062609494790983, 47.472013187254674], [19.06260446564908, 47.47199698318501], [19.062614859209013, 47.47199551008752]]]}}, {"type": "Feature", "properties": {"id": 3801, "roomCode": "LD-1-729-04-63", "roomNumber": "1-729", "roomName": "1-729 K\u00f6zleked\u0151", "roomType": "corridor", "floorId": 27, "level": 1, "fillSource": "mvt"}, "geometry": {"type": "Polygon", "coordinates": [[[19.06256816537588, 47.47187486393862], [19.062569841756513, 47.47188007645636], [19.062559280558517, 47.47188154955911], [19.062564644976547, 47.47189922678885], [19.062575206174543, 47.4718977536866], [19.062578223659685, 47.471908292032566], [19.062567830099752, 47.47190965181898], [19.06257302687972, 47.471927329039275], [19.062583588077715, 47.47192585593781], [19.06258677320092, 47.47193639427813], [19.062576212002924, 47.47193775406384], [19.062581576420953, 47.471955431274665], [19.06259213761895, 47.47195407148943], [19.06259515510409, 47.47196449650868], [19.06258476154416, 47.47196596960907], [19.062589958324125, 47.471983533495035], [19.06260051952212, 47.47198217371052], [19.062603704645326, 47.47199259872421], [19.06259314344733, 47.4719940718238], [19.06259850786536, 47.472011749015685], [19.062609069063356, 47.47201027591659], [19.062612086548498, 47.4720207009247], [19.062601692988565, 47.4720221740235], [19.06260688976853, 47.47203985120594], [19.062617450966528, 47.47203837810763], [19.062620636089733, 47.47204891642539], [19.0626102425298, 47.47205027620818], [19.062630862011602, 47.47211883187792], [19.0626620426914, 47.472114639219704], [19.062662713243654, 47.47211667889131], [19.06268886478155, 47.47211305280839], [19.06268886478155, 47.47213265631619], [19.062670927508762, 47.47213514924729], [19.062673106803587, 47.47214228809481], [19.062657516463688, 47.472144441080374], [19.062655504806926, 47.47213730223315], [19.06262935326903, 47.4721409283144], [19.06263170020192, 47.472148860366254], [19.062644105418613, 47.47214716064096], [19.06265952812045, 47.472198152375945], [19.062613260014942, 47.47220449801061], [19.0626033693692, 47.47217129673502], [19.062613930567196, 47.47216982364039], [19.062612924738815, 47.472166990766], [19.062602531178882, 47.4721684638607], [19.062599346055677, 47.472157925566904], [19.062609907253673, 47.47215656578691], [19.062604542835643, 47.472138888643734], [19.062593981637647, 47.47214024842418], [19.062590796514442, 47.47212982343979], [19.06260135771244, 47.47212846365907], [19.06259599329441, 47.472110786506434], [19.062585599734476, 47.47211214628762], [19.06258241461127, 47.472101721297655], [19.062592975809267, 47.47210024820107], [19.062587611391237, 47.47208268435411], [19.06257705019324, 47.472084044136025], [19.062573865070036, 47.47207361914048], [19.06258442626803, 47.47207214604312], [19.062579061850002, 47.47205446887154], [19.06256866829007, 47.47205594196941], [19.062565483166864, 47.47204551696828], [19.06257604436486, 47.47204404387014], [19.06257067994683, 47.47202636668911], [19.062560118748834, 47.472027839787756], [19.06255693362563, 47.472017414781064], [19.062567494823625, 47.47201594168213], [19.06256229804366, 47.471998264491646], [19.062551736845663, 47.47199973759108], [19.062548551722458, 47.47198931257882], [19.062559112920454, 47.471987839479084], [19.062553748502424, 47.471970162279156], [19.062543187304428, 47.471971635379376], [19.062540002181223, 47.47196109704611], [19.06255056337922, 47.471959737261024], [19.062545366599252, 47.47194206005164], [19.062534805401256, 47.47194353315264], [19.06253162027805, 47.47193299481374], [19.062542181476047, 47.47193152171244], [19.062536817058017, 47.47191395780909], [19.06252625586002, 47.47191543091089], [19.06252323837488, 47.47190489256635], [19.062533631934812, 47.47190353277981], [19.062528435154846, 47.47188585555151], [19.06251787395685, 47.4718873286541], [19.062514688833645, 47.47187679030394], [19.06252860279291, 47.47187486393862], [19.06256816537588, 47.47187486393862]]]}}, {"type": "Feature", "properties": {"id": 2247, "roomCode": "LD-1-801-04-63", "roomNumber": "1-801", "roomName": "1-801 K\u00f6zleked\u0151", "roomType": "corridor", "floorId": 27, "level": 1, "fillSource": "mvt"}, "geometry": {"type": "Polygon", "coordinates": [[[19.061928713984972, 47.472278588314275], [19.061928713984972, 47.4722534326618], [19.06200733623672, 47.47224266785188], [19.062007000960595, 47.472241874655275], [19.061996607400662, 47.47224323442088], [19.06199358991552, 47.472232696236524], [19.06210104591418, 47.472217965437636], [19.06210456631351, 47.47222929682176], [19.062220571853405, 47.472213432883294], [19.06221788964439, 47.47220448108733], [19.062236162193305, 47.47220198818187], [19.06223733565975, 47.47220584085392], [19.06227505422402, 47.47219926864848], [19.062305229075438, 47.47219077010576], [19.062360717274434, 47.47217060022554], [19.062384857155568, 47.47216448127158], [19.0624089970367, 47.47216028865457], [19.062448894895798, 47.4722929791551], [19.062199952371603, 47.47232719987885], [19.06220028764773, 47.47232833301502], [19.062175477214343, 47.47233173242337], [19.062172124453074, 47.47232051437497], [19.061928713984972, 47.47232867295586], [19.061928713984972, 47.472279154882884], [19.061932234384305, 47.47228085458868], [19.061934748955256, 47.47227813505938], [19.061930893279797, 47.4722764353535], [19.061928713984972, 47.472278588314275]]]}}, {"type": "Feature", "properties": {"id": 3475, "roomCode": "LD-1-806-03-43", "roomNumber": "1-806", "roomName": "1-806 Olvas\u00f3terem", "roomType": "misc", "floorId": 27, "level": 1, "fillSource": "mvt"}, "geometry": {"type": "Polygon", "coordinates": [[[19.062020463785174, 47.472644514770806], [19.062020463785174, 47.47274343674479], [19.06201040550137, 47.47274490980829], [19.06194351791406, 47.47274490980829], [19.061917534014228, 47.47265867886785], [19.062020463785174, 47.472644514770806]]]}}, {"type": "Feature", "properties": {"id": 3782, "roomCode": "LD-1-808-03-43", "roomNumber": "1-808", "roomName": "1-808 Ellen\u0151rz\u00e9s", "roomType": "misc", "floorId": 27, "level": 1, "fillSource": "mvt"}, "geometry": {"type": "Polygon", "coordinates": [[[19.06193622951992, 47.47226536915812], [19.061954166792706, 47.47232519891958], [19.061970092408732, 47.47232293264197], [19.061973277531937, 47.47233358414586], [19.061971768789366, 47.47233369745972], [19.061972774617747, 47.472337210189245], [19.06209850316532, 47.47231998648095], [19.062103197031096, 47.472335623795296], [19.061995573394373, 47.472350354594404], [19.06199490284212, 47.47234808831789], [19.061993561737612, 47.47234831494554], [19.061997752689198, 47.47236191260312], [19.061931032739952, 47.47237097770622], [19.061931032739952, 47.472266049042155], [19.06193622951992, 47.47226536915812]]]}}, {"type": "Feature", "properties": {"id": 2570, "roomCode": "LD-1-809-03-43", "roomNumber": "1-809", "roomName": "1-809 TTK-IK  Kari k\u00f6z\u00f6s haszn\u00e1lat\u00fa K\u00f6nyvt\u00e1r olvas\u00f3terem", "roomType": "misc", "floorId": 27, "level": 1, "fillSource": "mvt"}, "geometry": {"type": "Polygon", "coordinates": [[[19.06187424867546, 47.472291672022976], [19.061881289474123, 47.47231512814158], [19.061863184563272, 47.47231762106179], [19.06188112183606, 47.47237733779676], [19.06189721509015, 47.47237507150825], [19.06190459116494, 47.4723996607334], [19.06188849791085, 47.472401927020854], [19.061906435183637, 47.47246164366004], [19.061922528437726, 47.47245937737516], [19.061929904512517, 47.47248407987506], [19.06191397889649, 47.47248623284468], [19.06193191616928, 47.47254594938806], [19.061947841785305, 47.47254379642088], [19.06195538549816, 47.472568385567094], [19.061894197605007, 47.47257677080326], [19.06192370190417, 47.47267467400221], [19.061791603110187, 47.47269280420423], [19.061798811546915, 47.47263365439707], [19.061792441300504, 47.47263331445546], [19.061792106024377, 47.472636713871495], [19.061731923959606, 47.47263320114158], [19.061740305862777, 47.47256577934476], [19.06180048792755, 47.47256917876517], [19.06179998501336, 47.47257257818534], [19.06180635525977, 47.47257291812735], [19.061811887315862, 47.47252827239178], [19.06174634083306, 47.472524533026416], [19.06177517457997, 47.472291672022976], [19.06185530557429, 47.472291672022976], [19.06185580848848, 47.47229303179825], [19.06186553149616, 47.472291672022976], [19.06187424867546, 47.472291672022976]]]}}, {"type": "Feature", "properties": {"id": 3561, "roomCode": "LD-1-810-05-71", "roomNumber": "1-810", "roomName": "1-810 Mozg\u00e1skorl\u00e1tozott WC", "roomType": "social", "floorId": 27, "level": 1, "fillSource": "mvt"}, "geometry": {"type": "Polygon", "coordinates": [[[19.06180358249783, 47.472415554984465], [19.061823363789316, 47.47241668812539], [19.061823196151252, 47.47241804789449], [19.06182705182671, 47.47241827452266], [19.06182504016995, 47.47243436512084], [19.061801235564943, 47.472433005352165], [19.06180358249783, 47.472415554984465]]]}}, {"type": "Feature", "properties": {"id": 3565, "roomCode": "LD-1-811-04-63", "roomNumber": "1-811", "roomName": "1-811 F\u00e9rfi WC el\u0151t\u00e9r", "roomType": "corridor", "floorId": 27, "level": 1, "fillSource": "mvt"}, "geometry": {"type": "Polygon", "coordinates": [[[19.06180684542905, 47.47239509893199], [19.061830482395994, 47.472396458700636], [19.061828135463106, 47.472415608771996], [19.06179125508915, 47.47241356911975], [19.06179309910785, 47.47239883829568], [19.06180634251486, 47.472399518179955], [19.06180684542905, 47.47239509893199]]]}}, {"type": "Feature", "properties": {"id": 2320, "roomCode": "LD-1-812-05-71", "roomNumber": "1-812", "roomName": "1-812 F\u00e9rfi WC csoport", "roomType": "social", "floorId": 27, "level": 1, "fillSource": "mvt"}, "geometry": {"type": "Polygon", "coordinates": [[[19.061762364743352, 47.47239637783998], [19.061801592050195, 47.47239864412193], [19.061798742203116, 47.47242051373768], [19.06178566643417, 47.472419720539335], [19.06178382241547, 47.47243411142165], [19.061758006153703, 47.47243263833939], [19.061762364743352, 47.47239637783998]]]}}, {"type": "Feature", "properties": {"id": 3009, "roomCode": "LD-1-813-04-63", "roomNumber": "1-813", "roomName": "1-813 N\u0151i WC el\u0151t\u00e9r", "roomType": "corridor", "floorId": 27, "level": 1, "fillSource": "mvt"}, "geometry": {"type": "Polygon", "coordinates": [[[19.061793259706846, 47.47230920805982], [19.061817064311853, 47.47231068114004], [19.061815220293155, 47.472325298626146], [19.06179141568815, 47.472324052174], [19.061793259706846, 47.47230920805982]]]}}, {"type": "Feature", "properties": {"id": 2667, "roomCode": "LD-1-814-05-71", "roomNumber": "1-814", "roomName": "1-814 N\u0151i WC csoport", "roomType": "social", "floorId": 27, "level": 1, "fillSource": "mvt"}, "geometry": {"type": "Polygon", "coordinates": [[[19.061752882265445, 47.472310675460996], [19.061791941934224, 47.47231294173834], [19.061790097915527, 47.47232767253869], [19.06175120588481, 47.47232540626197], [19.061752882265445, 47.472310675460996]]]}}, {"type": "Feature", "properties": {"id": 2653, "roomCode": "LD-1-815-04-64", "roomNumber": "1-815", "roomName": "1-815 Menek\u00fcl\u0151 l\u00e9pcs\u0151h\u00e1z", "roomType": "corridor", "floorId": 27, "level": 1, "fillSource": "mvt"}, "geometry": {"type": "Polygon", "coordinates": [[[19.061741903959934, 47.472282958438896], [19.061805941700165, 47.47228658448148], [19.061804432957594, 47.4723063010837], [19.061799571453754, 47.47230607445613], [19.061799236177627, 47.47230788747666], [19.06173922175092, 47.472304488063116], [19.061741903959934, 47.472282958438896]]]}}, {"type": "Feature", "properties": {"id": 3866, "roomCode": "LD-1-816-01-12", "roomNumber": "1-816", "roomName": "1-816 K\u00f6z\u00f6ss\u00e9gi t\u00e9r", "roomType": "educational", "floorId": 27, "level": 1, "fillSource": "mvt"}, "geometry": {"type": "Polygon", "coordinates": [[[19.061836698660233, 47.472075004542646], [19.061842565992453, 47.47211081222482], [19.061851450809815, 47.47214627993659], [19.061770481625178, 47.47215013265784], [19.061762937912324, 47.47207863063815], [19.061836698660233, 47.472075004542646]]]}}, {"type": "Feature", "properties": {"id": 2678, "roomCode": "LD-1-817-01-12", "roomNumber": "1-817", "roomName": "D 1-817", "roomType": "educational", "floorId": 27, "level": 1, "fillSource": "mvt"}, "geometry": {"type": "Polygon", "coordinates": [[[19.061904096758095, 47.47195684372561], [19.061915831422535, 47.47198335948765], [19.06192689553472, 47.47198109318373], [19.061933768695322, 47.471996617363665], [19.061922536945072, 47.47199877035176], [19.061934439247576, 47.47202562603796], [19.061832682943074, 47.47204613606756], [19.061802340453593, 47.47197735378204], [19.061904096758095, 47.47195684372561]]]}}, {"type": "Feature", "properties": {"id": 2869, "roomCode": "LD-1-818-04-63", "roomNumber": "1-818", "roomName": "1-818 K\u00f6zleked\u0151", "roomType": "corridor", "floorId": 27, "level": 1, "fillSource": "mvt"}, "geometry": {"type": "Polygon", "coordinates": [[[19.061924815371285, 47.471923712935265], [19.061949122890482, 47.471952041697875], [19.061919450953255, 47.47196371314362], [19.061902854784975, 47.47192813222324], [19.061924815371285, 47.471923712935265]]]}}, {"type": "Feature", "properties": {"id": 3787, "roomCode": "LD-1-819-01-12", "roomNumber": "1-819", "roomName": "1-819 Riesz Frigyes terem", "roomType": "educational", "floorId": 27, "level": 1, "fillSource": "mvt"}, "geometry": {"type": "Polygon", "coordinates": [[[19.06194798767125, 47.47183475434486], [19.061973301018828, 47.471864329555714], [19.061973301018828, 47.471907729164485], [19.061909263278597, 47.47193277174228], [19.06185612201249, 47.471870675192655], [19.06194798767125, 47.47183475434486]]]}}, {"type": "Feature", "properties": {"id": 3813, "roomCode": "LD-1-820-01-12", "roomNumber": "1-820", "roomName": "1-820 Haj\u00f3s Gy\u00f6rgy terem", "roomType": "educational", "floorId": 27, "level": 1, "fillSource": "mvt"}, "geometry": {"type": "Polygon", "coordinates": [[[19.062024648232388, 47.47174506827138], [19.062024648232388, 47.471816796469795], [19.062017607433724, 47.47181713641363], [19.062011740101504, 47.47174563484522], [19.062024648232388, 47.47174506827138]]]}}, {"type": "Feature", "properties": {"id": 3820, "roomCode": "LD-1-821-04-63", "roomNumber": "1-821", "roomName": "1-821 K\u00f6zleked\u0151", "roomType": "corridor", "floorId": 27, "level": 1, "fillSource": "mvt"}, "geometry": {"type": "Polygon", "coordinates": [[[19.06208368110897, 47.47176906948003], [19.062084016385096, 47.471769976000566], [19.062087872060555, 47.471769409425235], [19.06209105718376, 47.471779947725345], [19.062073622825164, 47.47178232734121], [19.062074796291608, 47.47178584010727], [19.062073622825164, 47.47178595342231], [19.062071275892276, 47.47179365884383], [19.06206758785488, 47.47181201587289], [19.06206708494069, 47.47184170438782], [19.062065911474246, 47.47184204433255], [19.062083848747033, 47.471901761256035], [19.06208518985154, 47.47190153462647], [19.062104132952708, 47.471930203258346], [19.062119723292607, 47.47194799366632], [19.062123076053876, 47.471951279791966], [19.062124417158383, 47.47195105316263], [19.062125590624827, 47.471954565917414], [19.06214285734536, 47.47195218630936], [19.062146042468566, 47.47196272457281], [19.062056188466567, 47.47197507586816], [19.062050321134347, 47.47190221451515], [19.061956779094952, 47.47190572727321], [19.061936830165404, 47.4718752455906], [19.061986618670243, 47.47185575543483], [19.06193263921382, 47.47179275232371], [19.06195275578143, 47.471784933587024], [19.062006735237855, 47.47184793670752], [19.062010758551377, 47.47184635029894], [19.06205048877241, 47.47184499052011], [19.06204713601114, 47.47183399897334], [19.062049147667903, 47.471831506044886], [19.062045794906634, 47.47182969300594], [19.062030539842862, 47.471778701259844], [19.062032551499623, 47.47177836131471], [19.062032216223496, 47.471777114849175], [19.06207144353034, 47.47177167572651], [19.062071275892276, 47.47177076920601], [19.06208368110897, 47.47176906948003]]]}}, {"type": "Feature", "properties": {"id": 3784, "roomCode": "LD-1-822-04-63", "roomNumber": "1-822", "roomName": "1-822 Gal\u00e9ria", "roomType": "corridor", "floorId": 27, "level": 1, "fillSource": "mvt"}, "geometry": {"type": "Polygon", "coordinates": [[[19.06218634862598, 47.47176141644857], [19.062198753842672, 47.47177546747474], [19.062212667801937, 47.47178883860906], [19.06222607884701, 47.47178192641292], [19.062235131302437, 47.471789858441205], [19.062392040529808, 47.47176821533267], [19.06239505801495, 47.47177841365717], [19.062205291727146, 47.471804476033014], [19.06220110077556, 47.47179031169993], [19.06217712853249, 47.47176481589074], [19.06218634862598, 47.47176141644857]]]}}, {"type": "Feature", "properties": {"id": 3814, "roomCode": "LD-1-824-01-16", "roomNumber": "1-824", "roomName": "1-824 Tolm\u00e1cs", "roomType": "educational", "floorId": 27, "level": 1, "fillSource": "mvt"}, "geometry": {"type": "Polygon", "coordinates": [[[19.062166687271453, 47.47178623958245], [19.062181774697162, 47.471803463422276], [19.062167693099834, 47.471810148990166], [19.062151096931554, 47.471791792005114], [19.062166687271453, 47.47178623958245]]]}}, {"type": "Feature", "properties": {"id": 3836, "roomCode": "LD-1-825-01-16", "roomNumber": "1-825", "roomName": "1-825 Tolm\u00e1cs", "roomType": "educational", "floorId": 27, "level": 1, "fillSource": "mvt"}, "geometry": {"type": "Polygon", "coordinates": [[[19.062152174070118, 47.47180411212972], [19.062165249839065, 47.47182360227149], [19.062139768853424, 47.47183266745125], [19.062123843237398, 47.471808078147525], [19.062152174070118, 47.47180411212972]]]}}, {"type": "Feature", "properties": {"id": 3802, "roomCode": "LD-1-826-01-16", "roomNumber": "1-826", "roomName": "1-826 St\u00fadi\u00f3", "roomType": "educational", "floorId": 27, "level": 1, "fillSource": "mvt"}, "geometry": {"type": "Polygon", "coordinates": [[[19.062144724632756, 47.47183022682219], [19.06215562110688, 47.47185606261665], [19.06216065024878, 47.47188269160202], [19.062115387971655, 47.47188903723058], [19.06210482677366, 47.47185402294912], [19.062108682449118, 47.471853456374795], [19.062107006068484, 47.47184756400145], [19.062103150393025, 47.47184801726097], [19.06209946235563, 47.47183645914219], [19.062144724632756, 47.47183022682219]]]}}, {"type": "Feature", "properties": {"id": 3812, "roomCode": "LD-1-827-01-16", "roomNumber": "1-827", "roomName": "1-827 Tolm\u00e1cs", "roomType": "educational", "floorId": 27, "level": 1, "fillSource": "mvt"}, "geometry": {"type": "Polygon", "coordinates": [[[19.062107322040735, 47.471883748082696], [19.062135652873454, 47.47188533449224], [19.062135149959264, 47.47190663770151], [19.062106819126544, 47.471910603723565], [19.062107322040735, 47.471883748082696]]]}}, {"type": "Feature", "properties": {"id": 3822, "roomCode": "LD-1-828-01-16", "roomNumber": "1-828", "roomName": "1-828 Tolm\u00e1cs", "roomType": "educational", "floorId": 27, "level": 1, "fillSource": "mvt"}, "geometry": {"type": "Polygon", "coordinates": [[[19.062123882939233, 47.47190862251431], [19.062140143831385, 47.4719108888146], [19.062136288155926, 47.47193071893793], [19.062119189073456, 47.471929925733136], [19.062123882939233, 47.47190862251431]]]}}, {"type": "Feature", "properties": {"id": 3824, "roomCode": "LD-1-830-04-63", "roomNumber": "1-830", "roomName": "1-830 Gal\u00e9ria", "roomType": "corridor", "floorId": 27, "level": 1, "fillSource": "mvt"}, "geometry": {"type": "Polygon", "coordinates": [[[19.06233116077702, 47.471917943849505], [19.062334178262162, 47.47192814220956], [19.06217726903479, 47.4719496720743], [19.062173580997396, 47.47195930385303], [19.06215715246718, 47.471956470977126], [19.062152123325276, 47.47197244839529], [19.06214893820207, 47.47198876575351], [19.062138377004075, 47.471988085863686], [19.062145585440803, 47.4719581707027], [19.062141394489217, 47.47194400632128], [19.06233116077702, 47.471917943849505]]]}}, {"type": "Feature", "properties": {"id": 3874, "roomCode": "LD-1-831-02-33", "roomNumber": "1-831", "roomName": "1-831 Kutat\u00f3labor", "roomType": "administrative", "floorId": 27, "level": 1, "fillSource": "mvt"}, "geometry": {"type": "Polygon", "coordinates": [[[19.062057150111663, 47.47194967754557], [19.062057653025853, 47.47195149059052], [19.062060670510995, 47.47195115064459], [19.062063687996137, 47.47196168896723], [19.062046588913667, 47.47196406858817], [19.06207307572769, 47.47205188785725], [19.062089839534032, 47.47204962155538], [19.062093024657237, 47.47206015985826], [19.062090510086286, 47.47206049980348], [19.06209067772435, 47.47206140632406], [19.06203837464856, 47.47206854517302], [19.062036865905988, 47.47206797859774], [19.062004008845555, 47.471958856084996], [19.062005182312, 47.471956816409715], [19.062057150111663, 47.47194967754557]]]}}, {"type": "Feature", "properties": {"id": 3443, "roomCode": "LD-1-833-02-33", "roomNumber": "1-833", "roomName": "1-833 IK K\u00f6nyvt\u00e1r      Iroda", "roomType": "administrative", "floorId": 27, "level": 1, "fillSource": "mvt"}, "geometry": {"type": "Polygon", "coordinates": [[[19.062274692531886, 47.4719931668642], [19.06229531201369, 47.472061722580946], [19.062259437468114, 47.47206659513262], [19.062238817986312, 47.471998039422225], [19.062274692531886, 47.4719931668642]]]}}, {"type": "Feature", "properties": {"id": 3623, "roomCode": "LD-1-834-03-43", "roomNumber": "1-834", "roomName": "1-834 IK K\u00f6nyvt\u00e1r     Iratm\u00e1sol\u00f3", "roomType": "misc", "floorId": 27, "level": 1, "fillSource": "mvt"}, "geometry": {"type": "Polygon", "coordinates": [[[19.06227250981825, 47.47206149290008], [19.06228038880723, 47.472087782058615], [19.062244514261657, 47.472092767932025], [19.06224082622426, 47.47208041656294], [19.06223780873912, 47.47208086982424], [19.06223345014947, 47.472066818722055], [19.06227250981825, 47.47206149290008]]]}}, {"type": "Feature", "properties": {"id": 3759, "roomCode": "LD-1-835-03-43", "roomNumber": "1-835", "roomName": "1-835 IK K\u00f6nyvt\u00e1r", "roomType": "misc", "floorId": 27, "level": 1, "fillSource": "mvt"}, "geometry": {"type": "Polygon", "coordinates": [[[19.062217672384236, 47.47208288494718], [19.06225103235886, 47.47219325423418], [19.062061266071055, 47.47221931676299], [19.06202824137256, 47.472109514108475], [19.062215157813284, 47.47208288494718], [19.062217672384236, 47.47208288494718]]]}}, {"type": "Feature", "properties": {"id": 2326, "roomCode": "LD-1-836-03-43", "roomNumber": "1-836", "roomName": "1-836 IK K\u00f6nyvt\u00e1r  Sz\u00e1m\u00edt\u00f3g\u00e9pes olvas\u00f3", "roomType": "misc", "floorId": 27, "level": 1, "fillSource": "mvt"}, "geometry": {"type": "Polygon", "coordinates": [[[19.06202858022771, 47.47207096815151], [19.0620290831419, 47.472072667884795], [19.062033106455424, 47.472072101307035], [19.06203629157863, 47.47208263965225], [19.062018019029715, 47.47208513259382], [19.062044505843737, 47.47217306536627], [19.06206277839265, 47.472170572428865], [19.06206613115392, 47.47218190396155], [19.062009804764607, 47.472189722717665], [19.062008296022036, 47.47218904282588], [19.061975438961603, 47.4720799200795], [19.061976612428047, 47.47207810703091], [19.06202858022771, 47.47207096815151]]]}}, {"type": "Feature", "properties": {"id": 3163, "roomCode": "LD-2-101-04-63", "roomNumber": "2-101", "roomName": "2-101 K\u00f6zleked\u0151", "roomType": "corridor", "floorId": 21, "level": 2, "fillSource": "mvt"}, "geometry": {"type": "Polygon", "coordinates": [[[19.06247835345278, 47.472148958664164], [19.06248287968049, 47.47216391612752], [19.062493273240424, 47.4721624430442], [19.06249645836363, 47.47217298125476], [19.062485897165633, 47.47217434102371], [19.062497128915883, 47.47221128140008], [19.062507522475816, 47.47220992163208], [19.06251020468483, 47.472218646809445], [19.062499811124898, 47.47222011989119], [19.06251221634159, 47.472260912907814], [19.062605758380986, 47.47224810843656], [19.062608775866128, 47.47225819337436], [19.0626153137506, 47.472257286863176], [19.062621683997012, 47.47227836324415], [19.062615146112538, 47.472279269754964], [19.062617995959616, 47.47228935468678], [19.062524621558286, 47.47230227246179], [19.062536859136916, 47.47234306541464], [19.06254725269685, 47.47234170565007], [19.062549934905864, 47.47235043080554], [19.06253954134593, 47.47235190388359], [19.062550437820054, 47.47238884413515], [19.062560831379987, 47.47238748437175], [19.062564184141255, 47.47239790922358], [19.06255362294326, 47.47239926898672], [19.062555969876147, 47.472407087624035], [19.062523615729905, 47.472407087624035], [19.062522609901524, 47.47240346158948], [19.06251221634159, 47.47240504797963], [19.062509031218386, 47.4723945098156], [19.062519592416383, 47.472393150052355], [19.06251406036029, 47.47237547312685], [19.062503666800357, 47.4723769462042], [19.06250048167715, 47.47236640803454], [19.062511042875148, 47.47236493495689], [19.06250584609518, 47.47234737133561], [19.062495284897185, 47.47234873110004], [19.06249209977398, 47.47233830623845], [19.062502660971976, 47.472336833160014], [19.062497296553946, 47.47231915621556], [19.06248673535595, 47.472320629294494], [19.06248371787081, 47.47231020442733], [19.06249411143074, 47.47230873134811], [19.062491429221726, 47.4722998928719], [19.062481035661794, 47.47230136595137], [19.06247248612056, 47.472273264120496], [19.062483047318555, 47.472271791040235], [19.06248036510954, 47.47226283924393], [19.062469803911544, 47.47226419901055], [19.062466786426402, 47.47225400076001], [19.062477179986335, 47.4722525276792], [19.06247198320637, 47.4722348507064], [19.062461422008372, 47.47223632378769], [19.062458236885167, 47.4722258989038], [19.062468798083163, 47.47222442582222], [19.062463433665133, 47.47220674883996], [19.0624530401052, 47.472208221922045], [19.062449854981995, 47.47219768371854], [19.062460248541928, 47.4721963239502], [19.06245505176196, 47.47217864695848], [19.062444490563966, 47.472180120041365], [19.06244130544076, 47.472169581832226], [19.062451866638757, 47.472168222063154], [19.06244717277298, 47.47215326460102], [19.06247835345278, 47.472148958664164]]]}}, {"type": "Feature", "properties": {"id": 2259, "roomCode": "LD-2-102-04-63", "roomNumber": "2-102", "roomName": "2-102 K\u00f6zleked\u0151", "roomType": "corridor", "floorId": 21, "level": 2, "fillSource": "mvt"}, "geometry": {"type": "Polygon", "coordinates": [[[19.062456827093598, 47.4722883850812], [19.06246520899677, 47.47231648691219], [19.062443080772397, 47.47231954638482], [19.06239345990562, 47.472311954359824], [19.0623669730916, 47.47231558040175], [19.062362782140013, 47.47230130286022], [19.062456827093598, 47.4722883850812]]]}}, {"type": "Feature", "properties": {"id": 2229, "roomCode": "LD-2-103-05-71", "roomNumber": "2-103", "roomName": "2-103 F\u00e9rfi WC el\u0151t\u00e9r, WC", "roomType": "social", "floorId": 21, "level": 2, "fillSource": "mvt"}, "geometry": {"type": "Polygon", "coordinates": [[[19.062583607323397, 47.47224589279835], [19.062588468827236, 47.4722620966647], [19.062598024196852, 47.47226628927267], [19.062592324502695, 47.47227240821342], [19.062584110237587, 47.47226866886082], [19.06251487571739, 47.47227830052606], [19.062508170194853, 47.47225631766399], [19.062583607323397, 47.47224589279835]]]}}, {"type": "Feature", "properties": {"id": 3017, "roomCode": "LD-2-104-05-71", "roomNumber": "2-104", "roomName": "2-104 F\u00e9rfi WC csoport", "roomType": "social", "floorId": 21, "level": 2, "fillSource": "mvt"}, "geometry": {"type": "Polygon", "coordinates": [[[19.062610802951696, 47.47222673479824], [19.062617173198106, 47.47224769782955], [19.06254559174502, 47.472257556117064], [19.062537377479913, 47.47223036083668], [19.062564870122316, 47.47222741468046], [19.06256654650295, 47.47223285373798], [19.062610802951696, 47.47222673479824]]]}}, {"type": "Feature", "properties": {"id": 2947, "roomCode": "LD-2-105-04-63", "roomNumber": "2-105", "roomName": "2-105 K\u00f6zleked\u0151", "roomType": "corridor", "floorId": 21, "level": 2, "fillSource": "mvt"}, "geometry": {"type": "Polygon", "coordinates": [[[19.062877674546257, 47.47235245507821], [19.062875495251433, 47.47234531630045], [19.062849343713538, 47.47234894234642], [19.062851523008362, 47.47235608112369], [19.062836100306527, 47.47235812077415], [19.062833921011702, 47.4723510953111], [19.062807769473807, 47.472354721356666], [19.06280994876863, 47.472361746819246], [19.062794526066796, 47.472363899783396], [19.06279234677197, 47.472356761007184], [19.062766195234076, 47.47236038705237], [19.0627683745289, 47.47236752582808], [19.062752951827065, 47.47236956547811], [19.06275077253224, 47.47236254001657], [19.062724620994345, 47.47236605274746], [19.06272680028917, 47.47237319152241], [19.062711377587334, 47.472375344486096], [19.06270919829251, 47.47236820571143], [19.062683046754614, 47.47237183175583], [19.06268522604944, 47.47237897052998], [19.062669803347603, 47.47238101017957], [19.06266762405278, 47.47237398471956], [19.062641472514883, 47.472377497449685], [19.062643651809708, 47.47238463622308], [19.06262806146981, 47.47238678918629], [19.062626049813048, 47.47237965041319], [19.06262319996597, 47.47237999035479], [19.06262319996597, 47.472350868683236], [19.062633090611712, 47.472349508916075], [19.062635102268473, 47.47235664769327], [19.062661253806368, 47.472353021647834], [19.062659074511544, 47.47234588287015], [19.062674664851443, 47.4723438432192], [19.062676676508204, 47.472350868683236], [19.0627028280461, 47.472347355951335], [19.062700816389338, 47.47234021717288], [19.062716239091174, 47.47233806420776], [19.062718418385998, 47.47234520298651], [19.06274440228583, 47.47234157694028], [19.06274239062907, 47.47233443816104], [19.062757813330904, 47.47233239850965], [19.06275999262573, 47.472339423975214], [19.062786144163624, 47.472335911242546], [19.0627839648688, 47.47232877246253], [19.062799387570635, 47.47232661949695], [19.06280156686546, 47.47233375827726], [19.062827718403355, 47.47233013223023], [19.06282553910853, 47.47232299344944], [19.062840961810366, 47.472320953797606], [19.06284314110519, 47.47232809257868], [19.062869292643086, 47.47232446653127], [19.06286711334826, 47.4723173277497], [19.06288270368816, 47.472315174783645], [19.062893264886156, 47.4723503021136], [19.062893097248093, 47.4723503021136], [19.062877674546257, 47.47235245507821]]]}}, {"type": "Feature", "properties": {"id": 2411, "roomCode": "LD-2-107-01-14", "roomNumber": "2-107", "roomName": "2-107 (PC2)", "roomType": "educational", "floorId": 21, "level": 2, "fillSource": "mvt"}, "geometry": {"type": "Polygon", "coordinates": [[[19.062814927167675, 47.47226369997067], [19.062830182231448, 47.47231469119835], [19.06266522637703, 47.47233735395033], [19.062657012111924, 47.472310158646785], [19.062657012111924, 47.47228545623386], [19.062814927167675, 47.47226369997067]]]}}, {"type": "Feature", "properties": {"id": 2993, "roomCode": "LD-2-108-01-14", "roomNumber": "2-108", "roomName": "2-108 (PC5)", "roomType": "educational", "floorId": 21, "level": 2, "fillSource": "mvt"}, "geometry": {"type": "Polygon", "coordinates": [[[19.062906074282203, 47.47228520896825], [19.062920826431785, 47.47233393393533], [19.06291814422277, 47.472336653467046], [19.06280381506351, 47.47235229077168], [19.06278855999974, 47.47230141285767], [19.062906074282203, 47.47228520896825]]]}}, {"type": "Feature", "properties": {"id": 2843, "roomCode": "LD-2-109-04-63", "roomNumber": "2-109", "roomName": "2-109 K\u00f6zleked\u0151", "roomType": "corridor", "floorId": 21, "level": 2, "fillSource": "mvt"}, "geometry": {"type": "Polygon", "coordinates": [[[19.063008961540287, 47.472265501372306], [19.063013823044127, 47.472282271867606], [19.063024384242123, 47.47228079878377], [19.063027401727265, 47.47229133699796], [19.063017008167332, 47.47229269676739], [19.0630222049473, 47.472310373766646], [19.063032766145295, 47.4723089006836], [19.0630359512685, 47.47231943889217], [19.063025390070504, 47.47232091197491], [19.06302807227952, 47.47233009041265], [19.063115411710566, 47.47231807912344], [19.063123625975674, 47.47234538780531], [19.063036286544627, 47.47235739908828], [19.063039136391705, 47.47236657751965], [19.0630496975897, 47.472365104438175], [19.063052882712906, 47.47237564263547], [19.06304232151491, 47.47237711571665], [19.063047518294876, 47.47239479268751], [19.063058247130936, 47.47239331960683], [19.063061264616078, 47.47240374448459], [19.06305070341808, 47.47240521756496], [19.06305606783611, 47.472422894526375], [19.063066629034108, 47.47242142144649], [19.063069814157313, 47.47243184631866], [19.063059252959317, 47.47243331939827], [19.063064617377346, 47.47245099635022], [19.063075178575343, 47.472449523271116], [19.063078196060484, 47.472459948137725], [19.06306780250055, 47.472461421216536], [19.06307266400439, 47.472478191649316], [19.063041483324593, 47.472482497570375], [19.063036789458817, 47.472465727138975], [19.06302622826082, 47.47246708690388], [19.06302321077568, 47.472456662038695], [19.06303360433561, 47.47245530227352], [19.063022372585362, 47.47241824865889], [19.06301197902543, 47.47241960842503], [19.063009296816414, 47.472410996572236], [19.063019690376347, 47.47240952349202], [19.063007452797716, 47.472368617170844], [19.062914078396386, 47.472381534959915], [19.06291089327318, 47.47237133670565], [19.062904355388707, 47.47237235653117], [19.062897985142296, 47.472351280133154], [19.06290452302677, 47.47235037362122], [19.062901505541628, 47.4723401753609], [19.062995047581023, 47.47232737087571], [19.062982810002392, 47.472286464490594], [19.062972248804396, 47.472287937574265], [19.062969734233445, 47.47227921238576], [19.062980127793377, 47.47227773930184], [19.062977613222426, 47.4722698073108], [19.063008961540287, 47.472265501372306]]]}}, {"type": "Feature", "properties": {"id": 3220, "roomCode": "LD-2-116-04-64", "roomNumber": "2-116", "roomName": "2-116 L\u00e9pcs\u0151h\u00e1z", "roomType": "corridor", "floorId": 21, "level": 2, "fillSource": "mvt"}, "geometry": {"type": "Polygon", "coordinates": [[[19.062973260124984, 47.47239415238279], [19.06298080383784, 47.47241919479173], [19.062965045859876, 47.47242134775846], [19.062964542945686, 47.4724196480479], [19.062899667015138, 47.472428599856265], [19.062892626216474, 47.47240525716289], [19.062973260124984, 47.47239415238279]]]}}, {"type": "Feature", "properties": {"id": 3430, "roomCode": "LD-2-123-01-14", "roomNumber": "2-123", "roomName": "2-123 tabul\u00e1s \u00e9s tanul\u00e1selm\u00e9leti labor", "roomType": "educational", "floorId": 21, "level": 2, "fillSource": "mvt"}, "geometry": {"type": "Polygon", "coordinates": [[[19.06287920995085, 47.47238289157933], [19.06288306562631, 47.472384591291075], [19.06289781777589, 47.4724334296517], [19.062780135855363, 47.47244952023852], [19.06276488079159, 47.47239864223938], [19.06287920995085, 47.47238289157933]]]}}, {"type": "Feature", "properties": {"id": 3870, "roomCode": "LD-2-124-01-14", "roomNumber": "2-124", "roomName": "2-124 (Microsoft Labor)", "roomType": "educational", "floorId": 21, "level": 2, "fillSource": "mvt"}, "geometry": {"type": "Polygon", "coordinates": [[[19.062722122785974, 47.47236041541947], [19.062722122785974, 47.47241344636876], [19.06268239256494, 47.47241899875138], [19.062666969863105, 47.47236800746037], [19.062722122785974, 47.47236041541947]]]}}, {"type": "Feature", "properties": {"id": 3708, "roomCode": "LD-2-125-01-12", "roomNumber": "2-125", "roomName": "2-125 Oper\u00e1tor szoba, hallgat\u00f3i rendszergazd\u00e1k", "roomType": "educational", "floorId": 21, "level": 2, "fillSource": "mvt"}, "geometry": {"type": "Polygon", "coordinates": [[[19.062615380687525, 47.47235184492222], [19.06263080338936, 47.472402836213014], [19.062596269948294, 47.47240759539763], [19.062587385130932, 47.472377680515734], [19.062582188350966, 47.4723783603996], [19.06257749448519, 47.472362949696425], [19.062584200007727, 47.472356150855354], [19.062615380687525, 47.47235184492222]]]}}, {"type": "Feature", "properties": {"id": 2255, "roomCode": "LD-2-126-04-64", "roomNumber": "2-126", "roomName": "2-126 L\u00e9pcs\u0151h\u00e1z", "roomType": "corridor", "floorId": 21, "level": 2, "fillSource": "mvt"}, "geometry": {"type": "Polygon", "coordinates": [[[19.06258311389649, 47.472336082554754], [19.062590154695155, 47.472359311914325], [19.062525278764607, 47.47236826371356], [19.062525781678797, 47.4723699634221], [19.062510191338898, 47.47237211638618], [19.062502647626044, 47.4723470740091], [19.06258311389649, 47.472336082554754]]]}}, {"type": "Feature", "properties": {"id": 3066, "roomCode": "LD-2-127-04-63", "roomNumber": "2-127", "roomName": "2-127 N\u0151i WC el\u0151t\u00e9r", "roomType": "corridor", "floorId": 21, "level": 2, "fillSource": "mvt"}, "geometry": {"type": "Polygon", "coordinates": [[[19.062549567238683, 47.47236955525085], [19.062558452056045, 47.472373521241884], [19.062552081809635, 47.47237998014093], [19.062556943313474, 47.47239607072807], [19.062481673822994, 47.47240649561288], [19.062474968300457, 47.47238451270118], [19.062544370458717, 47.47237499432419], [19.062549567238683, 47.47236955525085]]]}}, {"type": "Feature", "properties": {"id": 2364, "roomCode": "LD-2-128-05-71", "roomNumber": "2-128", "roomName": "2-128 N\u0151i WC csoport", "roomType": "social", "floorId": 21, "level": 2, "fillSource": "mvt"}, "geometry": {"type": "Polygon", "coordinates": [[[19.062524220641514, 47.47238949349608], [19.06253042324986, 47.472410569910046], [19.062513659443518, 47.472412836190614], [19.06251516818609, 47.472418161949555], [19.062488513734003, 47.472421901311904], [19.06248063474502, 47.472395499141776], [19.062524220641514, 47.47238949349608]]]}}, {"type": "Feature", "properties": {"id": 2666, "roomCode": "LD-2-129-05-71", "roomNumber": "2-129", "roomName": "2-129 Mosd\u00f3-zuhany", "roomType": "social", "floorId": 21, "level": 2, "fillSource": "mvt"}, "geometry": {"type": "Polygon", "coordinates": [[[19.06255587846945, 47.472402537781775], [19.06256224871586, 47.47242361419728], [19.06253492371152, 47.47242735356044], [19.062528721103174, 47.47240639046051], [19.06255587846945, 47.472402537781775]]]}}, {"type": "Feature", "properties": {"id": 2729, "roomCode": "LD-2-201-04-63", "roomNumber": "2-201", "roomName": "2-201 K\u00f6zleked\u0151", "roomType": "corridor", "floorId": 21, "level": 2, "fillSource": "mvt"}, "geometry": {"type": "Polygon", "coordinates": [[[19.06239085303987, 47.472492435388354], [19.06241096960748, 47.472559177650055], [19.062421363167413, 47.472557704562], [19.06242454829062, 47.472568242806396], [19.062413987092622, 47.47256971589416], [19.062419351510652, 47.47258739294403], [19.062429912708648, 47.47258591985677], [19.062433097831853, 47.47259634478112], [19.062422536633857, 47.472597817868085], [19.062427901051887, 47.47261549490851], [19.06243829461182, 47.47261402182204], [19.062441479735025, 47.47262444674081], [19.06243091853703, 47.472625919826996], [19.06243628295506, 47.472643596857964], [19.062446844153055, 47.47264212377228], [19.06245002927626, 47.47265254868548], [19.062439468078264, 47.47265402177088], [19.062444832496293, 47.4726716987924], [19.062455226056226, 47.472670225707496], [19.06245841117943, 47.472680650615125], [19.062447849981435, 47.47268212369973], [19.062453214399465, 47.472699800711794], [19.06246377559746, 47.47269832762768], [19.062466960720666, 47.47270886584388], [19.06245639952267, 47.472710225613554], [19.062457070074924, 47.472712038639735], [19.062425889395126, 47.47271634457667], [19.062425889395126, 47.47271441823651], [19.06241482528294, 47.47271600463429], [19.062411807797798, 47.47270546641953], [19.062422368995794, 47.47270410664973], [19.062417004577764, 47.472686429639104], [19.062406443379768, 47.472687902723564], [19.062403258256563, 47.472677364503156], [19.06241381945456, 47.47267589141842], [19.06240845503653, 47.472658327712566], [19.062398061476596, 47.4726598007978], [19.06239487635339, 47.47264926257176], [19.062405437551387, 47.47264778948624], [19.062400073133357, 47.47263011245667], [19.06238951193536, 47.47263158554269], [19.062386326812156, 47.47262116062534], [19.062396888010152, 47.472619687539016], [19.062391523592122, 47.472602010500005], [19.06238113003219, 47.472603483586816], [19.062377944908985, 47.47259305866388], [19.06238850610698, 47.47259158557678], [19.06238314168895, 47.47257390852831], [19.062372580490955, 47.47257538161592], [19.06236939536775, 47.4725649566874], [19.062379956565746, 47.47256348359951], [19.062374592147716, 47.472545806541596], [19.062364198587783, 47.47254727962998], [19.062361013464578, 47.472536854695896], [19.062371574662574, 47.472535381607216], [19.062366210244544, 47.47251770453985], [19.062355649046548, 47.472519177629025], [19.062352463923343, 47.472508752689365], [19.06236302512134, 47.472507279599895], [19.062358498893627, 47.472492435388354], [19.06239085303987, 47.472492435388354]]]}}, {"type": "Feature", "properties": {"id": 3856, "roomCode": "LD-2-202-01-14", "roomNumber": "2-202", "roomName": "2-202 (PC3)", "roomType": "educational", "floorId": 21, "level": 2, "fillSource": "mvt"}, "geometry": {"type": "Polygon", "coordinates": [[[19.062417586667443, 47.47231610633184], [19.062450946642066, 47.472426814096416], [19.062375509513522, 47.472437125657294], [19.062342317176963, 47.47232641791444], [19.062417586667443, 47.47231610633184]]]}}, {"type": "Feature", "properties": {"id": 3159, "roomCode": "LD-2-203-01-13", "roomNumber": "2-203", "roomName": "2-203 Oktat\u00f3", "roomType": "educational", "floorId": 21, "level": 2, "fillSource": "mvt"}, "geometry": {"type": "Polygon", "coordinates": [[[19.062409171431717, 47.47242768018233], [19.062417385696826, 47.47245487557518], [19.06234194856828, 47.472465300472045], [19.062333734303174, 47.47243799177044], [19.062409171431717, 47.47242768018233]]]}}, {"type": "Feature", "properties": {"id": 2302, "roomCode": "LD-2-204-01-13", "roomNumber": "2-204", "roomName": "2-204 Oktat\u00f3", "roomType": "educational", "floorId": 21, "level": 2, "fillSource": "mvt"}, "geometry": {"type": "Polygon", "coordinates": [[[19.062400625612685, 47.47245579417229], [19.062408839877794, 47.47248298957968], [19.062333570387313, 47.47249341448212], [19.062325356122205, 47.47246610576592], [19.062400625612685, 47.47245579417229]]]}}, {"type": "Feature", "properties": {"id": 3129, "roomCode": "LD-2-205-01-13", "roomNumber": "2-205", "roomName": "2-205 Oktat\u00f3", "roomType": "educational", "floorId": 21, "level": 2, "fillSource": "mvt"}, "geometry": {"type": "Polygon", "coordinates": [[[19.062392246431717, 47.47248390716225], [19.062400460696825, 47.472511102584185], [19.06232502356828, 47.472521527492184], [19.062316809303173, 47.47249421876139], [19.062392246431717, 47.47248390716225]]]}}, {"type": "Feature", "properties": {"id": 2498, "roomCode": "LD-2-206-01-13", "roomNumber": "2-206", "roomName": "2-206 Tansz\u00e9kvezet\u0151i", "roomType": "educational", "floorId": 21, "level": 2, "fillSource": "mvt"}, "geometry": {"type": "Polygon", "coordinates": [[[19.062383700612685, 47.47251204948076], [19.062391914877793, 47.47253924491724], [19.062316645387313, 47.47254955651656], [19.062308431122204, 47.47252236108542], [19.062383700612685, 47.47251204948076]]]}}, {"type": "Feature", "properties": {"id": 3206, "roomCode": "LD-2-207-01-13", "roomNumber": "2-207", "roomName": "2-207 Oktat\u00f3", "roomType": "educational", "floorId": 21, "level": 2, "fillSource": "mvt"}, "geometry": {"type": "Polygon", "coordinates": [[[19.062375329431717, 47.47254008048493], [19.062383543696825, 47.472567389250365], [19.06230810656828, 47.472577700855204], [19.062299892303173, 47.472550505409515], [19.062375329431717, 47.47254008048493]]]}}, {"type": "Feature", "properties": {"id": 3270, "roomCode": "LD-2-208-01-13", "roomNumber": "2-208", "roomName": "2-208 Oktat\u00f3", "roomType": "educational", "floorId": 21, "level": 2, "fillSource": "mvt"}, "geometry": {"type": "Polygon", "coordinates": [[[19.062366776612688, 47.47256819247486], [19.062374990877796, 47.472595501254894], [19.062299721387316, 47.47260581286524], [19.062291507122207, 47.47257861740501], [19.062366776612688, 47.47256819247486]]]}}, {"type": "Feature", "properties": {"id": 3158, "roomCode": "LD-2-209-01-13", "roomNumber": "2-209", "roomName": "2-209 Oktat\u00f3", "roomType": "educational", "floorId": 21, "level": 2, "fillSource": "mvt"}, "geometry": {"type": "Polygon", "coordinates": [[[19.06235839843172, 47.47259630646478], [19.062366612696827, 47.47262361525942], [19.062291175568284, 47.472633926875275], [19.062282961303175, 47.47260673140051], [19.06235839843172, 47.47259630646478]]]}}, {"type": "Feature", "properties": {"id": 2777, "roomCode": "LD-2-210-01-13", "roomNumber": "2-210", "roomName": "2-210 Oktat\u00f3", "roomType": "educational", "floorId": 21, "level": 2, "fillSource": "mvt"}, "geometry": {"type": "Polygon", "coordinates": [[[19.062349956341233, 47.47262450111198], [19.062358002968278, 47.47265169660669], [19.062282733477797, 47.4726621215426], [19.06227451921269, 47.47263481273871], [19.062349956341233, 47.47262450111198]]]}}, {"type": "Feature", "properties": {"id": 3471, "roomCode": "LD-2-211-01-13", "roomNumber": "2-211", "roomName": "2-211 Oktat\u00f3i", "roomType": "educational", "floorId": 21, "level": 2, "fillSource": "mvt"}, "geometry": {"type": "Polygon", "coordinates": [[[19.062343979238864, 47.47265005056549], [19.062352193503973, 47.47267724559437], [19.0622988845998, 47.472684610912275], [19.062275750547048, 47.472684610912275], [19.06226854211032, 47.472660362015596], [19.062343979238864, 47.47265005056549]]]}}, {"type": "Feature", "properties": {"id": 3271, "roomCode": "LD-2-212-01-12", "roomNumber": "2-212", "roomName": "2-212 T\u00e1rgyal\u00f3 \u00e9s szemin\u00e1rium", "roomType": "educational", "floorId": 21, "level": 2, "fillSource": "mvt"}, "geometry": {"type": "Polygon", "coordinates": [[[19.062324663480133, 47.47268072226801], [19.062341259648413, 47.47273556562001], [19.06226582251987, 47.472745990382926], [19.06224922635159, 47.472691033729056], [19.062324663480133, 47.47268072226801]]]}}, {"type": "Feature", "properties": {"id": 3259, "roomCode": "LD-2-213-04-63", "roomNumber": "2-213", "roomName": "2-213 El\u0151t\u00e9r", "roomType": "corridor", "floorId": 21, "level": 2, "fillSource": "mvt"}, "geometry": {"type": "Polygon", "coordinates": [[[19.06245630104808, 47.47261235646847], [19.06245965380935, 47.4726233479759], [19.06241087113289, 47.47263003353084], [19.062407686009685, 47.47261904202481], [19.06245630104808, 47.47261235646847]]]}}, {"type": "Feature", "properties": {"id": 2708, "roomCode": "LD-2-215-05-71", "roomNumber": "2-215", "roomName": "2-215 WC", "roomType": "social", "floorId": 21, "level": 2, "fillSource": "mvt"}, "geometry": {"type": "Polygon", "coordinates": [[[19.062413484028045, 47.47262426713805], [19.062418345531885, 47.47264058443034], [19.062407951971952, 47.47264194420446], [19.062403090468113, 47.47262574022714], [19.062413484028045, 47.47262426713805]]]}}, {"type": "Feature", "properties": {"id": 3204, "roomCode": "LD-2-216-05-71", "roomNumber": "2-216", "roomName": "2-216 WC", "roomType": "social", "floorId": 21, "level": 2, "fillSource": "mvt"}, "geometry": {"type": "Polygon", "coordinates": [[[19.062425207028046, 47.47262588513778], [19.062430068531885, 47.47264220243056], [19.062419674971952, 47.47264356220473], [19.062414813468113, 47.47262735822692], [19.062425207028046, 47.47262588513778]]]}}, {"type": "Feature", "properties": {"id": 3873, "roomCode": "LD-2-218-01-14", "roomNumber": "2-218", "roomName": "2-218 Sz\u00e1m\u00edt\u00f3g\u00e9p Szoba", "roomType": "educational", "floorId": 21, "level": 2, "fillSource": "mvt"}, "geometry": {"type": "Polygon", "coordinates": [[[19.0625052608, 47.47250179518521], [19.062530406509513, 47.47258519455217], [19.06245496938097, 47.47259561946373], [19.062429991309518, 47.472512106798895], [19.0625052608, 47.47250179518521]]]}}, {"type": "Feature", "properties": {"id": 3652, "roomCode": "LD-2-219-01-14", "roomNumber": "2-219", "roomName": "2-219 (Grafika labor)", "roomType": "educational", "floorId": 21, "level": 2, "fillSource": "mvt"}, "geometry": {"type": "Polygon", "coordinates": [[[19.062530706528545, 47.4724178432315], [19.062555684599996, 47.47250090252239], [19.062480247471452, 47.47251121410324], [19.0624552694, 47.47242826814287], [19.062530706528545, 47.4724178432315]]]}}, {"type": "Feature", "properties": {"id": 2234, "roomCode": "LD-2-301-01-13", "roomNumber": "2-301", "roomName": "2-301 Oktat\u00f3", "roomType": "educational", "floorId": 21, "level": 2, "fillSource": "mvt"}, "geometry": {"type": "Polygon", "coordinates": [[[19.06287119312621, 47.4727646094373], [19.062886615828045, 47.472815600232], [19.06284621505476, 47.47282115256], [19.062830959990986, 47.472770161770676], [19.06287119312621, 47.4727646094373]]]}}, {"type": "Feature", "properties": {"id": 2525, "roomCode": "LD-2-302-01-13", "roomNumber": "2-302", "roomName": "2-302 Oktat\u00f3", "roomType": "educational", "floorId": 21, "level": 2, "fillSource": "mvt"}, "geometry": {"type": "Polygon", "coordinates": [[[19.06282960112621, 47.47275891776861], [19.062845023828046, 47.47280990855771], [19.06280462305476, 47.47281534757229], [19.062789367990987, 47.472764470101374], [19.06282960112621, 47.47275891776861]]]}}, {"type": "Feature", "properties": {"id": 3075, "roomCode": "LD-2-303-01-13", "roomNumber": "2-303", "roomName": "2-303 Oktat\u00f3", "roomType": "educational", "floorId": 21, "level": 2, "fillSource": "mvt"}, "geometry": {"type": "Polygon", "coordinates": [[[19.062788050035724, 47.47275316944346], [19.062803305099496, 47.472804160227064], [19.062763071964273, 47.47280971255385], [19.0627478169005, 47.472758721775634], [19.062788050035724, 47.47275316944346]]]}}, {"type": "Feature", "properties": {"id": 2709, "roomCode": "LD-2-304-01-13", "roomNumber": "2-304", "roomName": "2-304 Oktat\u00f3", "roomType": "educational", "floorId": 21, "level": 2, "fillSource": "mvt"}, "geometry": {"type": "Polygon", "coordinates": [[[19.062746458035726, 47.472747506102955], [19.062761713099498, 47.47279838356816], [19.062721479964274, 47.472803935894355], [19.062706224900502, 47.47275305843451], [19.062746458035726, 47.472747506102955]]]}}, {"type": "Feature", "properties": {"id": 2280, "roomCode": "LD-2-305-01-13", "roomNumber": "2-305", "roomName": "2-305 Oktat\u00f3", "roomType": "educational", "floorId": 21, "level": 2, "fillSource": "mvt"}, "geometry": {"type": "Polygon", "coordinates": [[[19.062704906945243, 47.47274172944961], [19.062720162009015, 47.47279272022212], [19.06267992887379, 47.47279827254769], [19.062664506171956, 47.47274728178057], [19.062704906945243, 47.47274172944961]]]}}, {"type": "Feature", "properties": {"id": 3698, "roomCode": "LD-2-306-01-13", "roomNumber": "2-306", "roomName": "2-306 Oktat\u00f3", "roomType": "educational", "floorId": 21, "level": 2, "fillSource": "mvt"}, "geometry": {"type": "Polygon", "coordinates": [[[19.062667128711183, 47.47273555620169], [19.062667128711183, 47.472788473285476], [19.062642150639732, 47.4727919859808], [19.062626727937896, 47.47274110853205], [19.062667128711183, 47.47273555620169]]]}}, {"type": "Feature", "properties": {"id": 3030, "roomCode": "LD-2-307-01-13", "roomNumber": "2-307", "roomName": "2-307 Oktat\u00f3", "roomType": "educational", "floorId": 21, "level": 2, "fillSource": "mvt"}, "geometry": {"type": "Polygon", "coordinates": [[[19.06262172194524, 47.47273028945577], [19.062636977009014, 47.47278128021716], [19.06259674387379, 47.47278683254153], [19.062581321171955, 47.47273584178552], [19.06262172194524, 47.47273028945577]]]}}, {"type": "Feature", "properties": {"id": 2551, "roomCode": "LD-2-308-01-13", "roomNumber": "2-308", "roomName": "2-308 Tansz\u00e9kvezet\u0151i", "roomType": "educational", "floorId": 21, "level": 2, "fillSource": "mvt"}, "geometry": {"type": "Polygon", "coordinates": [[[19.062580004216695, 47.472724626115244], [19.06259542691853, 47.47277550355831], [19.062555193783307, 47.47278105588207], [19.06253977108147, 47.472730178444394], [19.062580004216695, 47.472724626115244]]]}}, {"type": "Feature", "properties": {"id": 3242, "roomCode": "LD-2-309-01-13", "roomNumber": "2-309", "roomName": "2-309 Oktat\u00f3", "roomType": "educational", "floorId": 21, "level": 2, "fillSource": "mvt"}, "geometry": {"type": "Polygon", "coordinates": [[[19.06253845312621, 47.47271885046193], [19.062553875828044, 47.47276984121223], [19.062513475054757, 47.47277539353537], [19.062498219990985, 47.47272440279046], [19.06253845312621, 47.47271885046193]]]}}, {"type": "Feature", "properties": {"id": 2451, "roomCode": "LD-2-310-01-13", "roomNumber": "2-310", "roomName": "2-310 Oktat\u00f3", "roomType": "educational", "floorId": 21, "level": 2, "fillSource": "mvt"}, "geometry": {"type": "Polygon", "coordinates": [[[19.06249686112621, 47.472713187121386], [19.062512283828045, 47.47276406455336], [19.06247188305476, 47.47276961687592], [19.062456627990986, 47.47271873944931], [19.06249686112621, 47.472713187121386]]]}}, {"type": "Feature", "properties": {"id": 3315, "roomCode": "LD-2-311-02-33", "roomNumber": "2-311", "roomName": "2-311 Iroda", "roomType": "administrative", "floorId": 21, "level": 2, "fillSource": "mvt"}, "geometry": {"type": "Polygon", "coordinates": [[[19.06245526612621, 47.472707409468086], [19.062470688828046, 47.472758400207276], [19.06243028805476, 47.47276395252922], [19.062415032990987, 47.47271296179542], [19.06245526612621, 47.472707409468086]]]}}, {"type": "Feature", "properties": {"id": 3178, "roomCode": "LD-2-312-01-13", "roomNumber": "2-312", "roomName": "2-312 Oktat\u00f3", "roomType": "educational", "floorId": 21, "level": 2, "fillSource": "mvt"}, "geometry": {"type": "Polygon", "coordinates": [[[19.06241371094524, 47.47270175612754], [19.062428966009012, 47.47275263354843], [19.06238873287379, 47.47275818586978], [19.062373310171953, 47.47270730845426], [19.06241371094524, 47.47270175612754]]]}}, {"type": "Feature", "properties": {"id": 3577, "roomCode": "LD-2-313-04-64", "roomNumber": "2-313", "roomName": "2-313 L\u00e9pcs\u0151h\u00e1z", "roomType": "corridor", "floorId": 21, "level": 2, "fillSource": "mvt"}, "geometry": {"type": "Polygon", "coordinates": [[[19.06249229220782, 47.472655308763635], [19.06249715371166, 47.47267128612093], [19.062424398792132, 47.47268125780245], [19.06241651980315, 47.472655308763635], [19.062432780695303, 47.472655308763635], [19.062432948333367, 47.472655762022065], [19.062436133456572, 47.472655308763635], [19.06249229220782, 47.472655308763635]]]}}, {"type": "Feature", "properties": {"id": 2650, "roomCode": "LD-2-314-01-13", "roomNumber": "2-314", "roomName": "2-314 Oktat\u00f3", "roomType": "educational", "floorId": 21, "level": 2, "fillSource": "mvt"}, "geometry": {"type": "Polygon", "coordinates": [[[19.062526963898097, 47.472629452391296], [19.0625388662006, 47.47266877254554], [19.06250751788274, 47.47267285186822], [19.062499135979568, 47.472669225803635], [19.062487066039, 47.472629452391296], [19.062526963898097, 47.472629452391296]]]}}, {"type": "Feature", "properties": {"id": 3832, "roomCode": "LD-2-315-01-14", "roomNumber": "2-315", "roomName": "2-315 (PC4)", "roomType": "educational", "floorId": 21, "level": 2, "fillSource": "mvt"}, "geometry": {"type": "Polygon", "coordinates": [[[19.062640512271184, 47.47264844107196], [19.062647050155658, 47.47266997084306], [19.062647050155658, 47.472670537415866], [19.062523668540972, 47.47268753459716], [19.062511933876532, 47.47264844107196], [19.062640512271184, 47.47264844107196]]]}}, {"type": "Feature", "properties": {"id": 3755, "roomCode": "LD-2-316-02-33", "roomNumber": "2-316", "roomName": "2-316 Iroda", "roomType": "administrative", "floorId": 21, "level": 2, "fillSource": "mvt"}, "geometry": {"type": "Polygon", "coordinates": [[[19.062727662409614, 47.472644972933075], [19.062742917473386, 47.47269585030768], [19.062715089554857, 47.47269970293538], [19.062658763165544, 47.47269970293538], [19.062645687396596, 47.47265619088851], [19.062727662409614, 47.472644972933075]]]}}, {"type": "Feature", "properties": {"id": 3310, "roomCode": "LD-2-317-02-33", "roomNumber": "2-317", "roomName": "2-317 IK Tudom\u00e1nyos \u00e9s nemzetk\u00f6zi kapcsolatok", "roomType": "administrative", "floorId": 21, "level": 2, "fillSource": "mvt"}, "geometry": {"type": "Polygon", "coordinates": [[[19.06277294394524, 47.47265959249381], [19.062788199009013, 47.4727105831866], [19.06274796587379, 47.4727161355035], [19.062732543171954, 47.4726651448161], [19.06277294394524, 47.47265959249381]]]}}, {"type": "Feature", "properties": {"id": 3027, "roomCode": "LD-2-318-01-13", "roomNumber": "2-318", "roomName": "2-318 Oktat\u00f3", "roomType": "educational", "floorId": 21, "level": 2, "fillSource": "mvt"}, "geometry": {"type": "Polygon", "coordinates": [[[19.062808613933758, 47.47266179381655], [19.062822527893022, 47.47270791207227], [19.06281699583693, 47.47271357770286], [19.062785647519068, 47.472717996894296], [19.062770224817232, 47.47266711951399], [19.062808613933758, 47.47266179381655]]]}}, {"type": "Feature", "properties": {"id": 2464, "roomCode": "LD-2-319-04-64", "roomNumber": "2-319", "roomName": "2-319 L\u00e9pcs\u0151h\u00e1z", "roomType": "corridor", "floorId": 21, "level": 2, "fillSource": "mvt"}, "geometry": {"type": "Polygon", "coordinates": [[[19.062887491060433, 47.4726999753592], [19.062894531859097, 47.47272320446627], [19.06282177693957, 47.47273328929493], [19.062814736140904, 47.47270994687959], [19.062887491060433, 47.4726999753592]]]}}, {"type": "Feature", "properties": {"id": 3423, "roomCode": "LD-2-401-04-63", "roomNumber": "2-401", "roomName": "2-401 K\u00f6zleked\u0151", "roomType": "corridor", "floorId": 21, "level": 2, "fillSource": "mvt"}, "geometry": {"type": "Polygon", "coordinates": [[[19.062938630170695, 47.4725850919497], [19.0629486884545, 47.47261829263241], [19.062938127256505, 47.47261965238688], [19.062939133084885, 47.47262248520859], [19.062949526644818, 47.47262112545419], [19.062952711768023, 47.47263166354988], [19.062942150570027, 47.47263302330401], [19.062947514988057, 47.47265058679171], [19.06295790854799, 47.472649227038026], [19.062961093671195, 47.47265976512809], [19.062950700111262, 47.47266112488148], [19.062956064529292, 47.47267880167253], [19.062966458089225, 47.472677328606835], [19.06296964321243, 47.47268786669126], [19.062959249652497, 47.47268922644394], [19.062964446432463, 47.472706903225514], [19.062974839992396, 47.472705430160616], [19.0629780251156, 47.472715968239406], [19.06296763155567, 47.472717327991354], [19.0629729959737, 47.47273500476348], [19.06298338953363, 47.47273353169937], [19.062986574656836, 47.47274406977253], [19.062976181096904, 47.47274542952375], [19.062979533858172, 47.47275710072029], [19.06294717971193, 47.47275710072029], [19.062945000417105, 47.47274973540238], [19.062934606857173, 47.47275120846604], [19.062931421733968, 47.472740670394316], [19.0629418152939, 47.472739197330355], [19.0629211958121, 47.47267075646709], [19.0629056054722, 47.47267290940951], [19.062907281852834, 47.472678575047034], [19.062891691512934, 47.47268072798914], [19.062889344580046, 47.472672682783994], [19.0628294977914, 47.472681067927354], [19.062830168343655, 47.47268310755662], [19.062819942421786, 47.47268458062216], [19.06282212171661, 47.47269171932374], [19.062806196100585, 47.47269387226531], [19.062804184443824, 47.47268673356401], [19.06277803290593, 47.472690359571146], [19.062780212200753, 47.472697384959254], [19.062764621860854, 47.47269953790059], [19.062762610204093, 47.47269239920004], [19.062736458666198, 47.47269602520678], [19.062738637961022, 47.47270316390683], [19.062723215259187, 47.47270531684792], [19.062721035964362, 47.47269817814818], [19.062694884426467, 47.47270180415452], [19.06269706372129, 47.472708829541105], [19.062681473381392, 47.47271098248196], [19.06267946172463, 47.47270384378298], [19.06266185972797, 47.47270622334941], [19.06266185972797, 47.47268446730942], [19.06267309147822, 47.47268299424388], [19.062670912183396, 47.4726758555411], [19.062686502523295, 47.472673702598804], [19.062688514180056, 47.47268084130188], [19.06271466571795, 47.472677215294084], [19.062712486423127, 47.47267018990328], [19.062728076763026, 47.47266803696075], [19.06273025605785, 47.472675175664584], [19.062756239957682, 47.47267154965641], [19.062754060662858, 47.47266441095207], [19.062769651002757, 47.47266225800931], [19.06277183029758, 47.47266939671393], [19.062797981835477, 47.47266577070535], [19.062795802540652, 47.47265874531301], [19.062811225242488, 47.47265659237001], [19.062813404537312, 47.472663731075414], [19.062839556075208, 47.472660105066446], [19.06283720914232, 47.47265296636055], [19.062852967120282, 47.47265081341731], [19.062854978777043, 47.472657952123505], [19.06288113031494, 47.472654326114125], [19.062878951020114, 47.47264730072026], [19.062894541360013, 47.47264514777679], [19.062896553016774, 47.47265228648375], [19.062922536916606, 47.47264866047398], [19.06292035762178, 47.47264061526393], [19.062907784767024, 47.472642314956296], [19.06289252970325, 47.4725914374743], [19.062938630170695, 47.4725850919497]]]}}, {"type": "Feature", "properties": {"id": 3864, "roomCode": "LD-2-402-01-14", "roomNumber": "2-402", "roomName": "2-402 (Multim\u00e9di\u00e1s labor)", "roomType": "educational", "floorId": 21, "level": 2, "fillSource": "mvt"}, "geometry": {"type": "Polygon", "coordinates": [[[19.063105242570618, 47.47240740657613], [19.063121838738898, 47.47246281718256], [19.063046569248417, 47.472473128761365], [19.063029805442074, 47.472417831479966], [19.063105242570618, 47.47240740657613]]]}}, {"type": "Feature", "properties": {"id": 3014, "roomCode": "LD-2-403-01-13", "roomNumber": "2-403", "roomName": "2-403 Oktat\u00f3", "roomType": "educational", "floorId": 21, "level": 2, "fillSource": "mvt"}, "geometry": {"type": "Polygon", "coordinates": [[[19.063096817341233, 47.4724636558409], [19.063104863968277, 47.4724908512524], [19.063029594477797, 47.472501276156414], [19.06302138021269, 47.47247408075031], [19.063096817341233, 47.4724636558409]]]}}, {"type": "Feature", "properties": {"id": 3747, "roomCode": "LD-2-404-01-13", "roomNumber": "2-404", "roomName": "2-404 Oktat\u00f3", "roomType": "educational", "floorId": 21, "level": 2, "fillSource": "mvt"}, "geometry": {"type": "Polygon", "coordinates": [[[19.063088313431717, 47.47249176983084], [19.063096527696825, 47.47251896525688], [19.06302109056828, 47.47252939016646], [19.063012876303173, 47.472502194745815], [19.063088313431717, 47.47249176983084]]]}}, {"type": "Feature", "properties": {"id": 2555, "roomCode": "LD-2-405-01-13", "roomNumber": "2-405", "roomName": "2-405 Oktat\u00f3", "roomType": "educational", "floorId": 21, "level": 2, "fillSource": "mvt"}, "geometry": {"type": "Polygon", "coordinates": [[[19.063079859431717, 47.472519912149366], [19.063088073696825, 47.47254710758995], [19.06301263656828, 47.472557532505114], [19.063004422303173, 47.47253022375558], [19.063079859431717, 47.472519912149366]]]}}, {"type": "Feature", "properties": {"id": 3098, "roomCode": "LD-2-406-01-13", "roomNumber": "2-406", "roomName": "2-406 Oktat\u00f3", "roomType": "educational", "floorId": 21, "level": 2, "fillSource": "mvt"}, "geometry": {"type": "Polygon", "coordinates": [[[19.063071397431717, 47.47254802713932], [19.063079611696825, 47.47257522259445], [19.06300417456828, 47.47258564751518], [19.062995960303173, 47.47255833875104], [19.063071397431717, 47.47254802713932]]]}}, {"type": "Feature", "properties": {"id": 2868, "roomCode": "LD-2-407-01-13", "roomNumber": "2-407", "roomName": "2-407 Tansz\u00e9kvezet\u0151i", "roomType": "educational", "floorId": 21, "level": 2, "fillSource": "mvt"}, "geometry": {"type": "Polygon", "coordinates": [[[19.063062934431716, 47.47257614112928], [19.063071148696825, 47.47260333659895], [19.06299571156828, 47.47261376152526], [19.062987497303173, 47.47258645274652], [19.063062934431716, 47.47257614112928]]]}}, {"type": "Feature", "properties": {"id": 2350, "roomCode": "LD-2-408-01-13", "roomNumber": "2-408", "roomName": "2-408 Oktat\u00f3", "roomType": "educational", "floorId": 21, "level": 2, "fillSource": "mvt"}, "geometry": {"type": "Polygon", "coordinates": [[[19.063054458522203, 47.47260423611923], [19.06306267278731, 47.47263154491794], [19.062987235658767, 47.47264174322086], [19.062979189031722, 47.47261454774198], [19.063054458522203, 47.47260423611923]]]}}, {"type": "Feature", "properties": {"id": 3569, "roomCode": "LD-2-409-02-33", "roomNumber": "2-409", "roomName": "2-409 Vezet\u0151i szoba", "roomType": "administrative", "floorId": 21, "level": 2, "fillSource": "mvt"}, "geometry": {"type": "Polygon", "coordinates": [[[19.063048803459765, 47.47264133046081], [19.06305299441135, 47.472655721159825], [19.062974539797665, 47.472655721159825], [19.06297336633122, 47.472651755219545], [19.063048803459765, 47.47264133046081]]]}}, {"type": "Feature", "properties": {"id": 3684, "roomCode": "LD-2-410-02-33", "roomNumber": "2-410", "roomName": "2-410 El\u0151ad\u00f3k (gazdas\u00e1gi)", "roomType": "administrative", "floorId": 21, "level": 2, "fillSource": "mvt"}, "geometry": {"type": "Polygon", "coordinates": [[[19.063037533522202, 47.472660379446395], [19.06304574778731, 47.4726878011046], [19.062970310658766, 47.47269799923829], [19.06296226403172, 47.4726708042107], [19.063037533522202, 47.472660379446395]]]}}, {"type": "Feature", "properties": {"id": 2979, "roomCode": "LD-2-411-02-33", "roomNumber": "2-411", "roomName": "2-411 Vezet\u0151i szoba", "roomType": "administrative", "floorId": 21, "level": 2, "fillSource": "mvt"}, "geometry": {"type": "Polygon", "coordinates": [[[19.063020537751584, 47.47268854898113], [19.063037301557927, 47.47274395890523], [19.062961864429383, 47.47275427035705], [19.062945268261103, 47.472698973756586], [19.063020537751584, 47.47268854898113]]]}}, {"type": "Feature", "properties": {"id": 2762, "roomCode": "LD-2-412-02-33", "roomNumber": "2-412", "roomName": "2-412 Iroda", "roomType": "administrative", "floorId": 21, "level": 2, "fillSource": "mvt"}, "geometry": {"type": "Polygon", "coordinates": [[[19.063012189431717, 47.47274474974433], [19.063020403696825, 47.472772058133735], [19.06294496656828, 47.47278236959658], [19.062936752303173, 47.47275517452536], [19.063012189431717, 47.47274474974433]]]}}, {"type": "Feature", "properties": {"id": 2323, "roomCode": "LD-2-413-02-33", "roomNumber": "2-413", "roomName": "2-413 Vezet\u0151i szoba", "roomType": "administrative", "floorId": 21, "level": 2, "fillSource": "mvt"}, "geometry": {"type": "Polygon", "coordinates": [[[19.062995377389647, 47.472772953210786], [19.063011805919864, 47.47282779665904], [19.062936536429383, 47.47283822144025], [19.062919940261104, 47.47278326468993], [19.062995377389647, 47.472772953210786]]]}}, {"type": "Feature", "properties": {"id": 3719, "roomCode": "LD-2-414-04-63", "roomNumber": "2-414", "roomName": "2-414 El\u0151t\u00e9r", "roomType": "corridor", "floorId": 21, "level": 2, "fillSource": "mvt"}, "geometry": {"type": "Polygon", "coordinates": [[[19.062914469048078, 47.472675364613984], [19.062917821809346, 47.47268635594045], [19.062869039132888, 47.47269304138532], [19.062865854009683, 47.47268205006025], [19.062914469048078, 47.472675364613984]]]}}, {"type": "Feature", "properties": {"id": 3780, "roomCode": "LD-2-416-05-71", "roomNumber": "2-416", "roomName": "2-416 WC", "roomType": "social", "floorId": 21, "level": 2, "fillSource": "mvt"}, "geometry": {"type": "Polygon", "coordinates": [[[19.062908749028047, 47.47269237728318], [19.062913610531886, 47.47270869430839], [19.062903216971954, 47.47271005406027], [19.062898355468114, 47.472693850348165], [19.062908749028047, 47.47269237728318]]]}}, {"type": "Feature", "properties": {"id": 2980, "roomCode": "LD-2-417-05-71", "roomNumber": "2-417", "roomName": "2-417 WC", "roomType": "social", "floorId": 21, "level": 2, "fillSource": "mvt"}, "geometry": {"type": "Polygon", "coordinates": [[[19.062897023028047, 47.47269074195528], [19.062901884531886, 47.47270705898], [19.062891490971953, 47.47270853204448], [19.062886629468114, 47.47269221502022], [19.062897023028047, 47.47269074195528]]]}}, {"type": "Feature", "properties": {"id": 2845, "roomCode": "LD-2-418-02-33", "roomNumber": "2-418", "roomName": "2-418 Vezet\u0151i szoba", "roomType": "administrative", "floorId": 21, "level": 2, "fillSource": "mvt"}, "geometry": {"type": "Polygon", "coordinates": [[[19.062920789045183, 47.47265206409153], [19.062926153463213, 47.472669174594536], [19.06285071633467, 47.47267959953405], [19.06284434608826, 47.47265840970919], [19.062850045782415, 47.47265274397916], [19.062854907286255, 47.47265206409153], [19.062920789045183, 47.47265206409153]]]}}, {"type": "Feature", "properties": {"id": 3643, "roomCode": "LD-2-419-02-33", "roomNumber": "2-419", "roomName": "2-419 Iroda", "roomType": "administrative", "floorId": 21, "level": 2, "fillSource": "mvt"}, "geometry": {"type": "Polygon", "coordinates": [[[19.062915948612687, 47.47261443945828], [19.062924162877795, 47.47264174826235], [19.062848893387315, 47.47265205988177], [19.062840679122207, 47.47262486439761], [19.062915948612687, 47.47261443945828]]]}}, {"type": "Feature", "properties": {"id": 3314, "roomCode": "LD-2-420-01-13", "roomNumber": "2-420", "roomName": "2-420 Oktat\u00f3", "roomType": "educational", "floorId": 21, "level": 2, "fillSource": "mvt"}, "geometry": {"type": "Polygon", "coordinates": [[[19.06292449443172, 47.472586323468356], [19.062932708696827, 47.47261363225782], [19.062857271568284, 47.47262394387172], [19.062849057303175, 47.472596748402104], [19.06292449443172, 47.472586323468356]]]}}, {"type": "Feature", "properties": {"id": 3685, "roomCode": "LD-2-421-01-13", "roomNumber": "2-421", "roomName": "2-421 Oktat\u00f3", "roomType": "educational", "floorId": 21, "level": 2, "fillSource": "mvt"}, "geometry": {"type": "Polygon", "coordinates": [[[19.062932872612688, 47.47255820947843], [19.062941086877796, 47.47258551825328], [19.062865817387316, 47.472595829861675], [19.062857603122207, 47.472568634406606], [19.062932872612688, 47.47255820947843]]]}}, {"type": "Feature", "properties": {"id": 3469, "roomCode": "LD-2-422-01-13", "roomNumber": "2-422", "roomName": "2-422 Oktat\u00f3", "roomType": "educational", "floorId": 21, "level": 2, "fillSource": "mvt"}, "geometry": {"type": "Polygon", "coordinates": [[[19.062941418431716, 47.472530180474294], [19.062949632696824, 47.47255737592016], [19.06287419556828, 47.47256768752303], [19.062865981303172, 47.47254049208251], [19.062941418431716, 47.472530180474294]]]}}, {"type": "Feature", "properties": {"id": 2778, "roomCode": "LD-2-423-01-13", "roomNumber": "2-423", "roomName": "2-423 Oktat\u00f3", "roomType": "educational", "floorId": 21, "level": 2, "fillSource": "mvt"}, "geometry": {"type": "Polygon", "coordinates": [[[19.062949803612685, 47.472502068484324], [19.062958017877794, 47.472529263915646], [19.062882748387313, 47.47253957551301], [19.062874534122205, 47.472512380087025], [19.062949803612685, 47.472502068484324]]]}}, {"type": "Feature", "properties": {"id": 2696, "roomCode": "LD-2-424-02-33", "roomNumber": "2-424", "roomName": "2-424 Titk\u00e1rs\u00e1g, k\u00f6z\u00f6s iroda", "roomType": "administrative", "floorId": 21, "level": 2, "fillSource": "mvt"}, "geometry": {"type": "Polygon", "coordinates": [[[19.06295836425075, 47.47247437179419], [19.062966410877795, 47.472501113954145], [19.06289097374925, 47.47251153886026], [19.062882927122207, 47.47248468339138], [19.06295836425075, 47.47247437179419]]]}}, {"type": "Feature", "properties": {"id": 3191, "roomCode": "LD-2-425-05-71", "roomNumber": "2-425", "roomName": "2-425 N\u0151i WC el\u0151t\u00e9r", "roomType": "social", "floorId": 21, "level": 2, "fillSource": "mvt"}, "geometry": {"type": "Polygon", "coordinates": [[[19.062993235007582, 47.47242578623646], [19.062999772892056, 47.47244765586207], [19.062923162297068, 47.472458194072196], [19.06291830079323, 47.47244210347093], [19.06290857778555, 47.472437797534546], [19.062914277479706, 47.472431791885846], [19.062922491744814, 47.47243541793797], [19.062993235007582, 47.47242578623646]]]}}, {"type": "Feature", "properties": {"id": 2621, "roomCode": "LD-2-426-05-71", "roomNumber": "2-426", "roomName": "2-426 N\u0151i WC csoport", "roomType": "social", "floorId": 21, "level": 2, "fillSource": "mvt"}, "geometry": {"type": "Polygon", "coordinates": [[[19.062962719634722, 47.472450977729984], [19.062970766261767, 47.47247726661898], [19.062927180365275, 47.472483272268505], [19.06291913373823, 47.47245698338252], [19.062962719634722, 47.472450977729984]]]}}, {"type": "Feature", "properties": {"id": 2362, "roomCode": "LD-2-427-05-71", "roomNumber": "2-427", "roomName": "2-427 Mosd\u00f3-zuhany", "roomType": "social", "floorId": 21, "level": 2, "fillSource": "mvt"}, "geometry": {"type": "Polygon", "coordinates": [[[19.06291959161516, 47.472445575863894], [19.06292747060414, 47.472471978064014], [19.06290735403653, 47.47247469760319], [19.062898972133357, 47.47247095823679], [19.06289226661082, 47.4724493152321], [19.06291959161516, 47.472445575863894]]]}}, {"type": "Feature", "properties": {"id": 3382, "roomCode": "LD-2-501-04-63", "roomNumber": "2-501", "roomName": "2-501 K\u00f6zleked\u0151", "roomType": "corridor", "floorId": 21, "level": 2, "fillSource": "mvt"}, "geometry": {"type": "Polygon", "coordinates": [[[19.0630944922482, 47.471958553499455], [19.0630963362669, 47.47196478585756], [19.063106897464895, 47.4719633127548], [19.0631100825881, 47.4719738511044], [19.063099521390104, 47.471975210891294], [19.063104885808134, 47.47199288811768], [19.063115279368066, 47.47199141501571], [19.06311846449127, 47.47200195335968], [19.063107903293275, 47.47200331314584], [19.063113267711305, 47.47202099036277], [19.0631238289093, 47.47201963057706], [19.063127014032506, 47.47203005559992], [19.06311645283451, 47.4720315287008], [19.06312181725254, 47.47204909259284], [19.063132210812473, 47.47204773280785], [19.063135395935678, 47.47205815782513], [19.063124834737682, 47.47205963092524], [19.06313019915571, 47.472077308123225], [19.063140760353708, 47.47207583502362], [19.063143945476913, 47.47208626003532], [19.063133384278917, 47.472087733134636], [19.063138748696947, 47.47210541032317], [19.06314914225688, 47.472103937224354], [19.063152327380084, 47.47211436223048], [19.06314176618209, 47.47211583532901], [19.063147130600118, 47.47213351250809], [19.063157691798114, 47.47213203941006], [19.06316087692132, 47.47214246441061], [19.063150315723323, 47.472143937508356], [19.063155680141353, 47.47216161467799], [19.063166073701286, 47.47216014158074], [19.06316925882449, 47.47217056657573], [19.063158697626495, 47.47217203967267], [19.063159535816812, 47.47217487255131], [19.063170097014808, 47.47217351276958], [19.063180155298614, 47.47220671409664], [19.06313405483117, 47.47221305974039], [19.063118632129335, 47.47216206793867], [19.06313103734603, 47.472160368211085], [19.06312869041314, 47.47215232283315], [19.063102538875246, 47.47215594891914], [19.06310471817007, 47.472163087775186], [19.06308912783017, 47.47216524076333], [19.063086948535346, 47.47215810190757], [19.063060964635515, 47.47216172799316], [19.06306314393034, 47.47216875353326], [19.06304755359044, 47.47217090652118], [19.06304554193368, 47.47216376766619], [19.063019390395784, 47.472167393751384], [19.06302156969061, 47.47217453260588], [19.06300597935071, 47.472176685593546], [19.062995418152713, 47.472141444573694], [19.063011008492612, 47.47213940489979], [19.063013020149373, 47.47214643044289], [19.06302358134737, 47.47214507066043], [19.06302408426156, 47.472147223649316], [19.063084098688268, 47.47213895163892], [19.06308326049795, 47.47213668533448], [19.06311444117775, 47.472132492670994], [19.063093821695947, 47.47206393690991], [19.063083428136014, 47.47206529669446], [19.06308024301281, 47.47205487167861], [19.063090804210805, 47.47205339857837], [19.063085439792776, 47.472035721372336], [19.063075046232843, 47.472037194473074], [19.063071861109638, 47.47202676945163], [19.063082422307634, 47.472025296350616], [19.063077057889604, 47.47200761913513], [19.063066496691608, 47.47200909223664], [19.063063311568403, 47.471998667209625], [19.0630738727664, 47.47199719410782], [19.06306850834837, 47.47197951688289], [19.063058114788436, 47.47198098998519], [19.06305492966523, 47.47197045163703], [19.063065490863227, 47.471969091850006], [19.06306213810196, 47.471958553499455], [19.0630944922482, 47.471958553499455]]]}}, {"type": "Feature", "properties": {"id": 3850, "roomCode": "LD-2-502-01-12", "roomNumber": "2-502", "roomName": "2-502", "roomType": "educational", "floorId": 21, "level": 2, "fillSource": "mvt"}, "geometry": {"type": "Polygon", "coordinates": [[[19.063130667757928, 47.47226690146099], [19.063164195370614, 47.47237840231997], [19.06308875824207, 47.47238882718494], [19.063055230629384, 47.4722772130341], [19.063130667757928, 47.47226690146099]]]}}, {"type": "Feature", "properties": {"id": 3580, "roomCode": "LD-2-503-01-13", "roomNumber": "2-503", "roomName": "2-503 Oktat\u00f3", "roomType": "educational", "floorId": 21, "level": 2, "fillSource": "mvt"}, "geometry": {"type": "Polygon", "coordinates": [[[19.063164385612687, 47.47223877124983], [19.063172599877795, 47.47226596654494], [19.063097330387315, 47.47227639140433], [19.063089116122207, 47.472249082800886], [19.063164385612687, 47.47223877124983]]]}}, {"type": "Feature", "properties": {"id": 3748, "roomCode": "LD-2-504-01-13", "roomNumber": "2-504", "roomName": "2-504 Oktat\u00f3", "roomType": "educational", "floorId": 21, "level": 2, "fillSource": "mvt"}, "geometry": {"type": "Polygon", "coordinates": [[[19.063172941431716, 47.472210630931464], [19.063181155696824, 47.47223782621203], [19.06310571856828, 47.47224825106584], [19.063097504303173, 47.47222105579068], [19.063172941431716, 47.472210630931464]]]}}, {"type": "Feature", "properties": {"id": 3115, "roomCode": "LD-2-505-01-13", "roomNumber": "2-505", "roomName": "2-505 Oktat\u00f3", "roomType": "educational", "floorId": 21, "level": 2, "fillSource": "mvt"}, "geometry": {"type": "Polygon", "coordinates": [[[19.063175542863306, 47.47218230997634], [19.063183757128414, 47.47220961855594], [19.063173698844608, 47.47221097831886], [19.063105637790855, 47.47221097831886], [19.063100273372825, 47.47219273482998], [19.063175542863306, 47.47218230997634]]]}}, {"type": "Feature", "properties": {"id": 3296, "roomCode": "LD-2-506-01-13", "roomNumber": "2-506", "roomName": "2-506 Oktat\u00f3", "roomType": "educational", "floorId": 21, "level": 2, "fillSource": "mvt"}, "geometry": {"type": "Polygon", "coordinates": [[[19.063189865431717, 47.472154373290444], [19.063198079696825, 47.472181682337805], [19.06312264256828, 47.4721919940491], [19.063114428303173, 47.472164798322645], [19.063189865431717, 47.472154373290444]]]}}, {"type": "Feature", "properties": {"id": 3442, "roomCode": "LD-2-507-01-13", "roomNumber": "2-507", "roomName": "2-507 Oktat\u00f3", "roomType": "educational", "floorId": 21, "level": 2, "fillSource": "mvt"}, "geometry": {"type": "Polygon", "coordinates": [[[19.063198233612685, 47.47212625630051], [19.063206447877793, 47.47215356533328], [19.063131178387312, 47.47216387703905], [19.063122964122204, 47.47213668132715], [19.063198233612685, 47.47212625630051]]]}}, {"type": "Feature", "properties": {"id": 3734, "roomCode": "LD-2-508-01-13", "roomNumber": "2-508", "roomName": "2-508 Tansz\u00e9kvezet\u0151", "roomType": "educational", "floorId": 21, "level": 2, "fillSource": "mvt"}, "geometry": {"type": "Polygon", "coordinates": [[[19.063206789431717, 47.472098144310586], [19.063215003696826, 47.47212545332875], [19.06313956656828, 47.47213576502901], [19.063131352303174, 47.47210856933164], [19.063206789431717, 47.472098144310586]]]}}, {"type": "Feature", "properties": {"id": 3702, "roomCode": "LD-2-509-01-13", "roomNumber": "2-509", "roomName": "2-509 Oktat\u00f3", "roomType": "educational", "floorId": 21, "level": 2, "fillSource": "mvt"}, "geometry": {"type": "Polygon", "coordinates": [[[19.06321519270317, 47.4720697813342], [19.06322357460634, 47.472097203653036], [19.063148137477796, 47.47210751534774], [19.063139923212688, 47.472080319665025], [19.06321519270317, 47.4720697813342]]]}}, {"type": "Feature", "properties": {"id": 2847, "roomCode": "LD-2-510-02-33", "roomNumber": "2-510", "roomName": "2-510 Titk\u00e1rs\u00e1g IRT \u00e9s  Algoritmusok \u00e9s Alkalmaz\u00e1saik Tansz\u00e9kkel k\u00f6z\u00f6s ", "roomType": "administrative", "floorId": 21, "level": 2, "fillSource": "mvt"}, "geometry": {"type": "Polygon", "coordinates": [[[19.063223710431718, 47.472041969988425], [19.063231924696826, 47.47206916566204], [19.063156487568282, 47.47207959066653], [19.063148273303174, 47.472052281683], [19.063223710431718, 47.472041969988425]]]}}, {"type": "Feature", "properties": {"id": 2539, "roomCode": "LD-2-511-01-13", "roomNumber": "2-511", "roomName": "2-511 Tansz\u00e9kvezet\u0151i", "roomType": "educational", "floorId": 21, "level": 2, "fillSource": "mvt"}, "geometry": {"type": "Polygon", "coordinates": [[[19.063232113612685, 47.47201379901201], [19.063240327877793, 47.47204110798636], [19.063165058387312, 47.47205153298528], [19.063156844122204, 47.47202422401635], [19.063232113612685, 47.47201379901201]]]}}, {"type": "Feature", "properties": {"id": 3316, "roomCode": "LD-2-512-01-12", "roomNumber": "2-512", "roomName": "2-512 T\u00e1rgyal\u00f3 \u00e9s szemin\u00e1rium", "roomType": "educational", "floorId": 21, "level": 2, "fillSource": "mvt"}, "geometry": {"type": "Polygon", "coordinates": [[[19.06324065338965, 47.47195805123568], [19.063257081919865, 47.47201300908616], [19.063181812429384, 47.472023320758915], [19.063165216261105, 47.47196836291923], [19.06324065338965, 47.47195805123568]]]}}, {"type": "Feature", "properties": {"id": 2769, "roomCode": "LD-2-513-04-63", "roomNumber": "2-513", "roomName": "2-513 El\u0151t\u00e9r", "roomType": "corridor", "floorId": 21, "level": 2, "fillSource": "mvt"}, "geometry": {"type": "Polygon", "coordinates": [[[19.063095519957596, 47.47207398240289], [19.063098872718864, 47.47208497399186], [19.063050090042406, 47.47209165959641], [19.063046737281137, 47.47208066800883], [19.063095519957596, 47.47207398240289]]]}}, {"type": "Feature", "properties": {"id": 2837, "roomCode": "LD-2-515-05-71", "roomNumber": "2-515", "roomName": "2-515 WC", "roomType": "social", "floorId": 21, "level": 2, "fillSource": "mvt"}, "geometry": {"type": "Polygon", "coordinates": [[[19.063086759028046, 47.47206045273424], [19.063091620531885, 47.47207665682434], [19.063081226971953, 47.4720781299232], [19.063076365468113, 47.47206181251822], [19.063086759028046, 47.47206045273424]]]}}, {"type": "Feature", "properties": {"id": 2459, "roomCode": "LD-2-516-05-71", "roomNumber": "2-516", "roomName": "2-516 WC", "roomType": "social", "floorId": 21, "level": 2, "fillSource": "mvt"}, "geometry": {"type": "Polygon", "coordinates": [[[19.063098482028046, 47.4720620140763], [19.063103343531886, 47.47207833148223], [19.063092949971953, 47.472079691265826], [19.063088088468113, 47.47206348717565], [19.063098482028046, 47.4720620140763]]]}}, {"type": "Feature", "properties": {"id": 3049, "roomCode": "LD-2-517-01-13", "roomNumber": "2-517", "roomName": "2-517 Oktat\u00f3", "roomType": "educational", "floorId": 21, "level": 2, "fillSource": "mvt"}, "geometry": {"type": "Polygon", "coordinates": [[[19.06308263736207, 47.472079251273364], [19.06309051635105, 47.47210520049788], [19.063022287659233, 47.47211460567216], [19.063013905756062, 47.47211086626572], [19.063007367871588, 47.47208967629086], [19.06308263736207, 47.472079251273364]]]}}, {"type": "Feature", "properties": {"id": 2969, "roomCode": "LD-2-518-01-13", "roomNumber": "2-518", "roomName": "2-518 Oktat\u00f3", "roomType": "educational", "floorId": 21, "level": 2, "fillSource": "mvt"}, "geometry": {"type": "Polygon", "coordinates": [[[19.063068350431717, 47.47210838230694], [19.063076564696825, 47.472135691330394], [19.06300112756828, 47.47214600303266], [19.062992913303173, 47.47211880733001], [19.063068350431717, 47.47210838230694]]]}}, {"type": "Feature", "properties": {"id": 3166, "roomCode": "LD-2-519-01-13", "roomNumber": "2-519", "roomName": "2-519 (z\u00e1rt terem, nem oszthat\u00f3)", "roomType": "educational", "floorId": 21, "level": 2, "fillSource": "mvt"}, "geometry": {"type": "Polygon", "coordinates": [[[19.06305896828347, 47.47216143272047], [19.063062153406676, 47.47217219751128], [19.062983531154927, 47.47217219751128], [19.062983531154927, 47.472171744256976], [19.06305896828347, 47.47216143272047]]]}}, {"type": "Feature", "properties": {"id": 3871, "roomCode": "LD-2-520-01-14", "roomNumber": "2-520", "roomName": "2-520 (Mesters\u00e9ges Intelligencia labor)", "roomType": "educational", "floorId": 21, "level": 2, "fillSource": "mvt"}, "geometry": {"type": "Polygon", "coordinates": [[[19.063026102709514, 47.47219280208847], [19.063051080780966, 47.47227574770992], [19.062975811290485, 47.47228617256019], [19.062950833219034, 47.472203113641434], [19.063026102709514, 47.47219280208847]]]}}, {"type": "Feature", "properties": {"id": 3498, "roomCode": "LD-2-521-04-63", "roomNumber": "2-521", "roomName": "2-521 F\u00e9rfi WC el\u0151t\u00e9r", "roomType": "corridor", "floorId": 21, "level": 2, "fillSource": "mvt"}, "geometry": {"type": "Polygon", "coordinates": [[[19.063010839957595, 47.47230799516844], [19.06301737784207, 47.472329978058475], [19.062965410042406, 47.47233711683007], [19.06295887215793, 47.47231513394301], [19.063010839957595, 47.47230799516844]]]}}, {"type": "Feature", "properties": {"id": 3205, "roomCode": "LD-2-522-05-71", "roomNumber": "2-522", "roomName": "2-522 F\u00e9rfi WC csoport", "roomType": "social", "floorId": 21, "level": 2, "fillSource": "mvt"}, "geometry": {"type": "Polygon", "coordinates": [[[19.063013487662197, 47.4722813864072], [19.063021701927305, 47.47230858172165], [19.06295012047422, 47.47231844001966], [19.062943582589746, 47.47229679708712], [19.062949282283903, 47.472291131396496], [19.063000747169376, 47.47228410593928], [19.06300041189325, 47.4722831994286], [19.063013487662197, 47.4722813864072]]]}}, {"type": "Feature", "properties": {"id": 3396, "roomCode": "LD-2-523-05-71", "roomNumber": "2-523", "roomName": "2-523 Mosd\u00f3-zuhany", "roomType": "social", "floorId": 21, "level": 2, "fillSource": "mvt"}, "geometry": {"type": "Polygon", "coordinates": [[[19.06296111699227, 47.472298233101235], [19.062967654876743, 47.47232021598825], [19.062951058708464, 47.47232248226474], [19.06294552665237, 47.47232814795553], [19.06293664183501, 47.472324181972034], [19.062943179719483, 47.4723173831425], [19.062938318215643, 47.47230129257576], [19.06296111699227, 47.472298233101235]]]}}, {"type": "Feature", "properties": {"id": 3016, "roomCode": "LD-2-601-01-13", "roomNumber": "2-601", "roomName": "2-601 Oktat\u00f3", "roomType": "educational", "floorId": 21, "level": 2, "fillSource": "mvt"}, "geometry": {"type": "Polygon", "coordinates": [[[19.063117610216693, 47.47194586486541], [19.06313303291853, 47.47199674335185], [19.063092799783306, 47.47200229578948], [19.06307737708147, 47.47195130399326], [19.063117610216693, 47.47194586486541]]]}}, {"type": "Feature", "properties": {"id": 3472, "roomCode": "LD-2-602-01-13", "roomNumber": "2-602", "roomName": "2-602 Oktat\u00f3i", "roomType": "educational", "floorId": 21, "level": 2, "fillSource": "mvt"}, "geometry": {"type": "Polygon", "coordinates": [[[19.06307606012621, 47.47194005988215], [19.063091482828046, 47.471991051678145], [19.06305108205476, 47.47199660411517], [19.063035826990987, 47.471945612324554], [19.06307606012621, 47.47194005988215]]]}}, {"type": "Feature", "properties": {"id": 2252, "roomCode": "LD-2-603-01-13", "roomNumber": "2-603", "roomName": "2-603 Oktat\u00f3", "roomType": "educational", "floorId": 21, "level": 2, "fillSource": "mvt"}, "geometry": {"type": "Polygon", "coordinates": [[[19.063034467126208, 47.47193433988518], [19.063049889828044, 47.47198533167569], [19.063009489054757, 47.47199088411212], [19.062994233990985, 47.47193989232699], [19.063034467126208, 47.47193433988518]]]}}, {"type": "Feature", "properties": {"id": 2707, "roomCode": "LD-2-604-01-13", "roomNumber": "2-604", "roomName": "2-604 Oktat\u00f3", "roomType": "educational", "floorId": 21, "level": 2, "fillSource": "mvt"}, "geometry": {"type": "Polygon", "coordinates": [[[19.06299287512621, 47.471928619888295], [19.063008297828045, 47.471979611673206], [19.062967897054758, 47.471985164109014], [19.062952641990986, 47.471934172329505], [19.06299287512621, 47.471928619888295]]]}}, {"type": "Feature", "properties": {"id": 3431, "roomCode": "LD-2-605-01-13", "roomNumber": "2-605", "roomName": "2-605 Tansz\u00e9kvezet\u0151", "roomType": "educational", "floorId": 21, "level": 2, "fillSource": "mvt"}, "geometry": {"type": "Polygon", "coordinates": [[[19.062951324035726, 47.47192289989135], [19.0629665790995, 47.47197389167074], [19.062926345964275, 47.471979444105955], [19.062911090900503, 47.471928452331944], [19.062951324035726, 47.47192289989135]]]}}, {"type": "Feature", "properties": {"id": 3502, "roomCode": "LD-2-606-01-13", "roomNumber": "2-606", "roomName": "2-606 Oktat\u00f3", "roomType": "educational", "floorId": 21, "level": 2, "fillSource": "mvt"}, "geometry": {"type": "Polygon", "coordinates": [[[19.06290977294524, 47.471917179894454], [19.062925028009012, 47.47196817166825], [19.06288479487379, 47.47197372410285], [19.062869372171953, 47.47192273233445], [19.06290977294524, 47.471917179894454]]]}}, {"type": "Feature", "properties": {"id": 3207, "roomCode": "LD-2-607-01-13", "roomNumber": "2-607", "roomName": "2-607 Oktat\u00f3", "roomType": "educational", "floorId": 21, "level": 2, "fillSource": "mvt"}, "geometry": {"type": "Polygon", "coordinates": [[[19.06286818094524, 47.471911459897505], [19.062883436009013, 47.471962451665796], [19.06284320287379, 47.47196800409981], [19.062827780171954, 47.4719170123369], [19.06286818094524, 47.471911459897505]]]}}, {"type": "Feature", "properties": {"id": 3718, "roomCode": "LD-2-608-01-13", "roomNumber": "2-608", "roomName": "2-608 Oktat\u00f3", "roomType": "educational", "floorId": 21, "level": 2, "fillSource": "mvt"}, "geometry": {"type": "Polygon", "coordinates": [[[19.062826587945242, 47.47190576822935], [19.062841843009014, 47.47195675999204], [19.06280160987379, 47.47196219911047], [19.062786187171955, 47.471911320668134], [19.062826587945242, 47.47190576822935]]]}}, {"type": "Feature", "properties": {"id": 2441, "roomCode": "LD-2-609-01-13", "roomNumber": "2-609", "roomName": "2-609 Oktat\u00f3", "roomType": "educational", "floorId": 21, "level": 2, "fillSource": "mvt"}, "geometry": {"type": "Polygon", "coordinates": [[[19.06278499594524, 47.47190001990366], [19.062800251009012, 47.47195101166085], [19.06276001787379, 47.47195656409365], [19.062744595171953, 47.471905572341846], [19.06278499594524, 47.47190001990366]]]}}, {"type": "Feature", "properties": {"id": 3119, "roomCode": "LD-2-610-01-13", "roomNumber": "2-610", "roomName": "2-610 Oktat\u00f3", "roomType": "educational", "floorId": 21, "level": 2, "fillSource": "mvt"}, "geometry": {"type": "Polygon", "coordinates": [[[19.062743277216693, 47.47189432823551], [19.06275869991853, 47.471945319987086], [19.062718466783306, 47.47195075910434], [19.06270304408147, 47.47189988067307], [19.062743277216693, 47.47189432823551]]]}}, {"type": "Feature", "properties": {"id": 3169, "roomCode": "LD-2-611-01-13", "roomNumber": "2-611", "roomName": "2-611 Tansz\u00e9kvezet\u0151", "roomType": "educational", "floorId": 21, "level": 2, "fillSource": "mvt"}, "geometry": {"type": "Polygon", "coordinates": [[[19.06270172712621, 47.47188857990981], [19.062717149828046, 47.4719395716559], [19.06267674905476, 47.47194512408749], [19.062661493990987, 47.47189413234678], [19.06270172712621, 47.47188857990981]]]}}, {"type": "Feature", "properties": {"id": 2383, "roomCode": "LD-2-612-01-13", "roomNumber": "2-612", "roomName": "2-612 Oktat\u00f3", "roomType": "educational", "floorId": 21, "level": 2, "fillSource": "mvt"}, "geometry": {"type": "Polygon", "coordinates": [[[19.06265945519205, 47.471886157378115], [19.062662640315256, 47.47189658236019], [19.062662640315256, 47.47193862221258], [19.0626344771206, 47.471942588234654], [19.062619222056828, 47.47189170981447], [19.06265945519205, 47.471886157378115]]]}}, {"type": "Feature", "properties": {"id": 3587, "roomCode": "LD-2-613-04-64", "roomNumber": "2-613", "roomName": "2-613 L\u00e9pcs\u0151h\u00e1z", "roomType": "corridor", "floorId": 21, "level": 2, "fillSource": "mvt"}, "geometry": {"type": "Polygon", "coordinates": [[[19.062675585011128, 47.471964798037554], [19.062675585011128, 47.47198904747775], [19.062646751264218, 47.47199312682172], [19.062648595282916, 47.47199890589182], [19.062632837304953, 47.47200105887856], [19.062624120125655, 47.4719719368926], [19.062675585011128, 47.471964798037554]]]}}, {"type": "Feature", "properties": {"id": 2738, "roomCode": "LD-2-615-01-14", "roomNumber": "2-615", "roomName": "2-615 Robotika labor", "roomType": "educational", "floorId": 21, "level": 2, "fillSource": "mvt"}, "geometry": {"type": "Polygon", "coordinates": [[[19.06275855094524, 47.47198788185642], [19.062773806009012, 47.47203887369882], [19.06273357287379, 47.47204442614089], [19.062718150171953, 47.471993434303876], [19.06275855094524, 47.47198788185642]]]}}, {"type": "Feature", "properties": {"id": 3459, "roomCode": "LD-2-616-01-13", "roomNumber": "2-616", "roomName": "2-616 Oktat\u00f3", "roomType": "educational", "floorId": 21, "level": 2, "fillSource": "mvt"}, "geometry": {"type": "Polygon", "coordinates": [[[19.06284168515559, 47.471993624969954], [19.062856940219362, 47.47204461682346], [19.062775132844408, 47.4720558350246], [19.062759877780636, 47.47200484318198], [19.06284168515559, 47.471993624969954]]]}}, {"type": "Feature", "properties": {"id": 3699, "roomCode": "LD-2-617-01-13", "roomNumber": "2-617", "roomName": "2-617 Oktat\u00f3", "roomType": "educational", "floorId": 21, "level": 2, "fillSource": "mvt"}, "geometry": {"type": "Polygon", "coordinates": [[[19.06288324512621, 47.47200512283362], [19.062898667828044, 47.47205600137744], [19.062858267054757, 47.472061553821334], [19.062843011990985, 47.47201056196761], [19.06288324512621, 47.47200512283362]]]}}, {"type": "Feature", "properties": {"id": 3460, "roomCode": "LD-2-618-01-13", "roomNumber": "2-618", "roomName": "2-618 Oktat\u00f3", "roomType": "educational", "floorId": 21, "level": 2, "fillSource": "mvt"}, "geometry": {"type": "Polygon", "coordinates": [[[19.06292483812621, 47.47201075884411], [19.062940260828046, 47.47206175070872], [19.06289986005476, 47.4720673031532], [19.062884604990987, 47.47201631129398], [19.06292483812621, 47.47201075884411]]]}}, {"type": "Feature", "properties": {"id": 2562, "roomCode": "LD-2-619-02-33", "roomNumber": "2-619", "roomName": "2-619 A Programoz\u00e1selm\u00e9let \u00e9s Szoftvertechnol\u00f3giai Tansz\u00e9k \u00e9s PNYF-el k\u00f6z\u00f6s Tansz\u00e9ki Titk\u00e1rs\u00e1g", "roomType": "administrative", "floorId": 21, "level": 2, "fillSource": "mvt"}, "geometry": {"type": "Polygon", "coordinates": [[[19.06296643012621, 47.47201653549866], [19.062981852828045, 47.47206741405355], [19.06294145205476, 47.47207296649866], [19.062926196990986, 47.472022087949135], [19.06296643012621, 47.47201653549866]]]}}, {"type": "Feature", "properties": {"id": 2741, "roomCode": "LD-2-620-01-13", "roomNumber": "2-620", "roomName": "2-620 Oktat\u00f3", "roomType": "educational", "floorId": 21, "level": 2, "fillSource": "mvt"}, "geometry": {"type": "Polygon", "coordinates": [[[19.062997977344107, 47.4720274689335], [19.063006191609215, 47.47203120833931], [19.06302010556848, 47.472077327655676], [19.062981884090018, 47.47208265347093], [19.062966461388182, 47.472031661600596], [19.062997977344107, 47.4720274689335]]]}}, {"type": "Feature", "properties": {"id": 3025, "roomCode": "LD-2-621-04-64", "roomNumber": "2-621", "roomName": "2-621 L\u00e9pcs\u0151h\u00e1z", "roomType": "corridor", "floorId": 21, "level": 2, "fillSource": "mvt"}, "geometry": {"type": "Polygon", "coordinates": [[[19.063083263519196, 47.47202122352944], [19.063091980698495, 47.47205011892134], [19.063076222720532, 47.4720522719107], [19.063074546339898, 47.47204660614906], [19.063017381760268, 47.472054538215176], [19.063010340961604, 47.47203119527432], [19.063083263519196, 47.47202122352944]]]}}, {"type": "Feature", "properties": {"id": 3746, "roomCode": "LD-2-701-04-63", "roomNumber": "2-701", "roomName": "2-701 K\u00f6zleked\u0151", "roomType": "corridor", "floorId": 21, "level": 2, "fillSource": "mvt"}, "geometry": {"type": "Polygon", "coordinates": [[[19.06285229051334, 47.47194222872108], [19.062854302170102, 47.47194936757861], [19.06287911260349, 47.471945854807565], [19.0628854828499, 47.47196693143031], [19.062860672416512, 47.47197021756965], [19.062862851711337, 47.47197735642338], [19.062847261371438, 47.471979509410815], [19.062845082076613, 47.47197237055738], [19.06281909817678, 47.47197599664179], [19.062821277471606, 47.47198313549473], [19.062805687131707, 47.47198528848193], [19.062803507836882, 47.47197814962928], [19.062777356298987, 47.471981662398164], [19.062779703231875, 47.47198880125034], [19.062764112891976, 47.47199095423731], [19.06276193359715, 47.471983815385435], [19.062735782059256, 47.471987441469054], [19.062738128992144, 47.47199458032044], [19.062722371014182, 47.47199673330718], [19.06272035935742, 47.47198959445608], [19.062694207819526, 47.4719931072242], [19.06269638711435, 47.47200024607482], [19.06268079677445, 47.47200239906132], [19.06267878511769, 47.471995260210996], [19.062652633579795, 47.471998886293825], [19.06265481287462, 47.472006025143656], [19.06263922253472, 47.472008178129926], [19.06263721087796, 47.47200103928038], [19.062611059340064, 47.472004552047736], [19.06261323863489, 47.4720116908968], [19.062597815933053, 47.472013843882834], [19.06259563663823, 47.47200670503406], [19.062569485100333, 47.4720103311161], [19.062571664395158, 47.47201746996438], [19.06255607405526, 47.47201950963513], [19.062554062398497, 47.472012484102194], [19.062527910860602, 47.47201599686878], [19.062530090155427, 47.47202313571629], [19.06252439046127, 47.47202381560648], [19.06252439046127, 47.47199684662226], [19.06257954338414, 47.47198936782587], [19.062578872831885, 47.47198710152372], [19.062589266391818, 47.47198574174239], [19.062587087096993, 47.47197871620492], [19.062602677436892, 47.471976563217446], [19.062604689093654, 47.47198358875521], [19.06263084063155, 47.471980075986444], [19.062628661336724, 47.47197293713309], [19.062644251676623, 47.47197078414538], [19.062646430971448, 47.471977922999024], [19.06267241487128, 47.47197441022989], [19.062670235576455, 47.47196727137577], [19.062685825916354, 47.47196511838783], [19.06268800521118, 47.471972257242236], [19.062714156749074, 47.47196863115757], [19.062711809816186, 47.471961492302675], [19.062727400156085, 47.47195933931449], [19.06272957945091, 47.4719664781697], [19.06275556335074, 47.47196285208463], [19.06275355169398, 47.471955826544104], [19.062768974395816, 47.471953673555696], [19.06277115369064, 47.47196081241167], [19.062797305228536, 47.47195718632622], [19.06279512593371, 47.47195004746975], [19.062810548635547, 47.4719480077963], [19.06281272793037, 47.47195503333787], [19.062838879468266, 47.471951520567195], [19.062836700173442, 47.47194438170997], [19.06285229051334, 47.47194222872108]]]}}, {"type": "Feature", "properties": {"id": 2683, "roomCode": "LD-2-702-02-33", "roomNumber": "2-702", "roomName": "2-702 T\u00e1rgyal\u00f3, szemin\u00e1rium, szg\u00e9p", "roomType": "administrative", "floorId": 21, "level": 2, "fillSource": "mvt"}, "geometry": {"type": "Polygon", "coordinates": [[[19.062569932480134, 47.47186581629297], [19.062586528648414, 47.47192077404699], [19.06251109151987, 47.47193108570165], [19.06249449535159, 47.47187612795841], [19.062569932480134, 47.47186581629297]]]}}, {"type": "Feature", "properties": {"id": 3408, "roomCode": "LD-2-703-01-13", "roomNumber": "2-703", "roomName": "2-703 Oktat\u00f3", "roomType": "educational", "floorId": 21, "level": 2, "fillSource": "mvt"}, "geometry": {"type": "Polygon", "coordinates": [[[19.062561537341235, 47.47192162603143], [19.06256958396828, 47.471948821642776], [19.0624943144778, 47.4719592466234], [19.06248610021269, 47.471931937702394], [19.062561537341235, 47.47192162603143]]]}}, {"type": "Feature", "properties": {"id": 2897, "roomCode": "LD-2-704-01-13", "roomNumber": "2-704", "roomName": "2-704 Oktat\u00f3", "roomType": "educational", "floorId": 21, "level": 2, "fillSource": "mvt"}, "geometry": {"type": "Polygon", "coordinates": [[[19.06255304043172, 47.47194974302139], [19.062561254696828, 47.47197693864728], [19.062485817568284, 47.471987363633474], [19.062477603303176, 47.47196005469787], [19.06255304043172, 47.47194974302139]]]}}, {"type": "Feature", "properties": {"id": 3168, "roomCode": "LD-2-705-01-13", "roomNumber": "2-705", "roomName": "2-705 Oktat\u00f3", "roomType": "educational", "floorId": 21, "level": 2, "fillSource": "mvt"}, "geometry": {"type": "Polygon", "coordinates": [[[19.062544611341234, 47.471977889340124], [19.06255265796828, 47.47200508498055], [19.0624773884778, 47.4720153966572], [19.06246917421269, 47.471988201022114], [19.062544611341234, 47.471977889340124]]]}}, {"type": "Feature", "properties": {"id": 2573, "roomCode": "LD-2-706-01-13", "roomNumber": "2-706", "roomName": "2-706 Oktat\u00f3", "roomType": "educational", "floorId": 21, "level": 2, "fillSource": "mvt"}, "geometry": {"type": "Polygon", "coordinates": [[[19.06253611443172, 47.472005920343655], [19.062544328696827, 47.47203322931389], [19.062468891568283, 47.47204354099604], [19.062460677303175, 47.47201634534641], [19.06253611443172, 47.472005920343655]]]}}, {"type": "Feature", "properties": {"id": 2272, "roomCode": "LD-2-707-01-13", "roomNumber": "2-707", "roomName": "2-707 Oktat\u00f3", "roomType": "educational", "floorId": 21, "level": 2, "fillSource": "mvt"}, "geometry": {"type": "Polygon", "coordinates": [[[19.062527686341234, 47.47203403833358], [19.06253573296828, 47.472061347318416], [19.062460463477798, 47.47207165900609], [19.06245224921269, 47.472044463341916], [19.062527686341234, 47.47203403833358]]]}}, {"type": "Feature", "properties": {"id": 3582, "roomCode": "LD-2-708-01-13", "roomNumber": "2-708", "roomName": "2-708 Oktat\u00f3", "roomType": "educational", "floorId": 21, "level": 2, "fillSource": "mvt"}, "geometry": {"type": "Polygon", "coordinates": [[[19.06251918943172, 47.47206218265234], [19.062527403696826, 47.47208937833644], [19.062451966568283, 47.47209980334496], [19.062443752303174, 47.47207260766624], [19.06251918943172, 47.47206218265234]]]}}, {"type": "Feature", "properties": {"id": 3865, "roomCode": "LD-2-709-01-14", "roomNumber": "2-709", "roomName": "2-709 (PC9)", "roomType": "educational", "floorId": 21, "level": 2, "fillSource": "mvt"}, "geometry": {"type": "Polygon", "coordinates": [[[19.062493801709515, 47.47209033872413], [19.06251894741903, 47.47217373891127], [19.062443510290485, 47.472184163925355], [19.06241836458097, 47.472100650439224], [19.062493801709515, 47.47209033872413]]]}}, {"type": "Feature", "properties": {"id": 3869, "roomCode": "LD-2-710-01-14", "roomNumber": "2-710", "roomName": "2-710 ( PC10)", "roomType": "educational", "floorId": 21, "level": 2, "fillSource": "mvt"}, "geometry": {"type": "Polygon", "coordinates": [[[19.062461963776627, 47.47218043548622], [19.06249331209449, 47.47228468407946], [19.06241468984274, 47.47228468407946], [19.062386694286147, 47.47219086035485], [19.062461963776627, 47.47218043548622]]]}}, {"type": "Feature", "properties": {"id": 3842, "roomCode": "LD-2-712-01-12", "roomNumber": "2-712", "roomName": "2-712", "roomType": "educational", "floorId": 21, "level": 2, "fillSource": "mvt"}, "geometry": {"type": "Polygon", "coordinates": [[[19.06263392792868, 47.47202206007867], [19.062656559067243, 47.47209741481817], [19.062656559067243, 47.47213356239171], [19.062591683136695, 47.47214274092523], [19.062558490800136, 47.47203237178625], [19.06263392792868, 47.47202206007867]]]}}, {"type": "Feature", "properties": {"id": 2603, "roomCode": "LD-2-713-04-63", "roomNumber": "2-713", "roomName": "2-713 El\u0151t\u00e9r", "roomType": "corridor", "floorId": 21, "level": 2, "fillSource": "mvt"}, "geometry": {"type": "Polygon", "coordinates": [[[19.062637352957594, 47.472010973413475], [19.062640705718863, 47.47202196498929], [19.062591923042405, 47.47202865058581], [19.062588570281136, 47.472017659011414], [19.062637352957594, 47.472010973413475]]]}}, {"type": "Feature", "properties": {"id": 3357, "roomCode": "LD-2-714-05-71", "roomNumber": "2-714", "roomName": "2-714 WC", "roomType": "social", "floorId": 21, "level": 2, "fillSource": "mvt"}, "geometry": {"type": "Polygon", "coordinates": [[[19.062603133209016, 47.47199390408778], [19.06260816235092, 47.47201022147257], [19.062597768790987, 47.472011581254414], [19.062592739649084, 47.47199537718523], [19.062603133209016, 47.47199390408778]]]}}, {"type": "Feature", "properties": {"id": 3697, "roomCode": "LD-2-715-05-71", "roomNumber": "2-715", "roomName": "2-715 WC", "roomType": "social", "floorId": 21, "level": 2, "fillSource": "mvt"}, "geometry": {"type": "Polygon", "coordinates": [[[19.062614859209013, 47.47199551008752], [19.062619888350916, 47.47201182747279], [19.062609494790983, 47.472013187254674], [19.06260446564908, 47.47199698318501], [19.062614859209013, 47.47199551008752]]]}}, {"type": "Feature", "properties": {"id": 3562, "roomCode": "LD-3-101-04-63", "roomNumber": "3-101", "roomName": "3-101 K\u00f6zleked\u0151", "roomType": "corridor", "floorId": 18, "level": 3, "fillSource": "mvt"}, "geometry": {"type": "Polygon", "coordinates": [[[19.062815312496046, 47.472134025915544], [19.062820509276012, 47.47215079644672], [19.062830902835945, 47.47214932335974], [19.06283408795915, 47.47215986159647], [19.062823694399217, 47.4721612213688], [19.062828891179183, 47.472178898405865], [19.062839284739116, 47.47217742531967], [19.06284246986232, 47.47218796355077], [19.06283207630239, 47.472189323322375], [19.06283744072042, 47.47220700035], [19.06284783428035, 47.472205527264585], [19.062851019403556, 47.472216065490045], [19.06284045820556, 47.47221742526092], [19.06284582262359, 47.472235102279086], [19.062856216183523, 47.47223362919447], [19.062859401306728, 47.472244054100116], [19.062849007746795, 47.47224552718445], [19.062854372164825, 47.472263204193155], [19.062864765724758, 47.47226173110932], [19.062867950847963, 47.47227226932351], [19.062857389649967, 47.47227362909294], [19.062862754067996, 47.472291306092195], [19.06287314762793, 47.47228983300915], [19.062876332751134, 47.47230037121772], [19.0628659391912, 47.47230184430046], [19.06286878903828, 47.4723110227382], [19.0629557931932, 47.472299124763055], [19.06296400745831, 47.47232632013086], [19.062876835665325, 47.47233821809986], [19.062879685512403, 47.4723475098452], [19.062890079072336, 47.472346036763724], [19.06289326419554, 47.47235657496102], [19.062882870635608, 47.472358048042196], [19.062888235053638, 47.47237561169916], [19.06289862861357, 47.47237413861848], [19.062901646098712, 47.47238467681014], [19.06289125253878, 47.47238614989051], [19.06289661695681, 47.472403826851924], [19.062907010516742, 47.47240235377204], [19.062910195639947, 47.47241289195803], [19.062899802080015, 47.47241425172382], [19.062905166498044, 47.47243192867577], [19.062915560057977, 47.472430455596665], [19.06291857754312, 47.472440993777035], [19.062908183983186, 47.472442353542085], [19.062913548401216, 47.472460030484584], [19.06292394196115, 47.47245855740628], [19.062927127084354, 47.47246898226731], [19.06291673352442, 47.47247045534533], [19.06292209794245, 47.47248813227838], [19.06293232386432, 47.47248665920085], [19.062935508987525, 47.47249719736995], [19.062925115427593, 47.47249855713354], [19.06293031220756, 47.472516234057146], [19.062940873405555, 47.4725147609804], [19.062943723252634, 47.47252450594883], [19.062889576158145, 47.47252450594883], [19.06288890560589, 47.47252189973652], [19.062899299165824, 47.47252042665994], [19.062894102385858, 47.47250286305138], [19.062883541187862, 47.47250433612846], [19.062880356064657, 47.472493797960794], [19.062890917262653, 47.47249243819707], [19.062885552844623, 47.47247476126546], [19.06287515928469, 47.472476234343326], [19.062871974161485, 47.47246569617003], [19.06288253535948, 47.47246422309187], [19.062877003303388, 47.472446659464524], [19.062866609743455, 47.47244801922943], [19.062863592258314, 47.472437594364244], [19.062873818180183, 47.4724361212853], [19.062862754067996, 47.47239918098444], [19.062852360508064, 47.47240054075058], [19.06284967829905, 47.472391928897785], [19.06286007185898, 47.47239045581757], [19.06284783428035, 47.47234954949639], [19.06275445987902, 47.472362467285464], [19.062751274755815, 47.47235238234515], [19.062743395766834, 47.47235340217066], [19.06274557506166, 47.472360427634776], [19.06272998472176, 47.47236258059939], [19.062727805426935, 47.47235544182163], [19.06270165388904, 47.4723590678676], [19.062703833183864, 47.47236620664487], [19.06268841048203, 47.47236835960925], [19.062686231187204, 47.472361220832276], [19.06266007964931, 47.472364846877845], [19.062662258944133, 47.472371872340425], [19.062646836242298, 47.472374025304575], [19.062644656947473, 47.47236688652836], [19.062618505409578, 47.47237051257355], [19.062620684704402, 47.47237765134926], [19.062605262002567, 47.47237969099929], [19.062603250345806, 47.47237266553775], [19.062576931169847, 47.47237617826864], [19.06257911046467, 47.47238331704359], [19.062563687762836, 47.472385470007275], [19.06256150846801, 47.47237833123261], [19.062535356930116, 47.47238195727701], [19.06253753622494, 47.47238909605116], [19.062522113523105, 47.472391249014606], [19.06251993422828, 47.47238411024074], [19.062493782690385, 47.472387622970864], [19.06249596198521, 47.47239476174426], [19.06248037164531, 47.47239691470747], [19.06247835998855, 47.47238977593437], [19.06247551014147, 47.47239011587597], [19.06247551014147, 47.472360994204415], [19.062485400787214, 47.472359634437254], [19.062487412443975, 47.472366773214446], [19.06251356398187, 47.47236314716901], [19.062511384687046, 47.47235600839133], [19.062526975026945, 47.47235396874038], [19.062528986683706, 47.472360994204415], [19.0625551382216, 47.472357481472514], [19.06255312656484, 47.47235034269406], [19.062568549266675, 47.47234818972894], [19.0625707285615, 47.472355215193744], [19.062596712461332, 47.47235170246146], [19.062594533166507, 47.47234456368222], [19.062610123506406, 47.47234252403083], [19.06261230280123, 47.47234954949639], [19.062638286701063, 47.47234592344977], [19.062636107406238, 47.47233889798371], [19.062651697746137, 47.472336745018126], [19.06265387704096, 47.47234377048447], [19.062679860940793, 47.47234025775141], [19.062677849284032, 47.472333232284605], [19.06269343962393, 47.472331079318785], [19.062695451280693, 47.472338104785884], [19.062721435180524, 47.47233447873846], [19.062719423523763, 47.47232745327088], [19.062735013863662, 47.472325300304824], [19.062737025520423, 47.47233232577269], [19.062744904509405, 47.47233130594677], [19.062741887024263, 47.47232122100047], [19.062835429063657, 47.47230830320126], [19.062823191485027, 47.47226739681614], [19.06281263028703, 47.472268869899814], [19.06281011571608, 47.472260144711306], [19.062820509276012, 47.47225867162739], [19.062809277525762, 47.47222161788756], [19.06279888396583, 47.47222320428675], [19.062795866480688, 47.47221266606271], [19.06280626004062, 47.47221130629172], [19.06280089562259, 47.47219362926555], [19.062790502062658, 47.47219498903701], [19.062787316939453, 47.47218456412162], [19.062797710499385, 47.47218309103558], [19.062792346081356, 47.472165527314274], [19.062782120159486, 47.47216700040081], [19.06277893503628, 47.4721564621655], [19.062789328596214, 47.472154989078675], [19.06278429945431, 47.47213821854884], [19.062815312496046, 47.472134025915544]]]}}, {"type": "Feature", "properties": {"id": 2596, "roomCode": "LD-3-102-04-64", "roomNumber": "3-102", "roomName": "3-102 L\u00e9pcs\u0151h\u00e1z", "roomType": "corridor", "floorId": 18, "level": 3, "fillSource": "mvt"}, "geometry": {"type": "Polygon", "coordinates": [[[19.062973260124984, 47.47239415338279], [19.06298080383784, 47.47241919579173], [19.062965045859876, 47.47242134875846], [19.062964542945686, 47.47241964904789], [19.062899667015138, 47.47242860085626], [19.062892626216474, 47.47240525816289], [19.062973260124984, 47.47239415338279]]]}}, {"type": "Feature", "properties": {"id": 2669, "roomCode": "LD-3-103-01-13", "roomNumber": "3-103", "roomName": "3-103 Doktorandusz", "roomType": "educational", "floorId": 18, "level": 3, "fillSource": "mvt"}, "geometry": {"type": "Polygon", "coordinates": [[[19.06288268255116, 47.47239411100483], [19.062892740834965, 47.47239864356937], [19.062897267062677, 47.47241405428583], [19.06289207028271, 47.47241473417028], [19.062901122738136, 47.472444649077204], [19.06286658929707, 47.47244929495137], [19.062851334233297, 47.47239841694115], [19.06288268255116, 47.47239411100483]]]}}, {"type": "Feature", "properties": {"id": 3484, "roomCode": "LD-3-104-01-13", "roomNumber": "3-104", "roomName": "3-104 Oktat\u00f3", "roomType": "educational", "floorId": 18, "level": 3, "fillSource": "mvt"}, "geometry": {"type": "Polygon", "coordinates": [[[19.06285642812621, 47.47238196614378], [19.062871850828046, 47.47243295746789], [19.06283145005476, 47.472438509853525], [19.062816194990987, 47.47238751853481], [19.06285642812621, 47.47238196614378]]]}}, {"type": "Feature", "properties": {"id": 3771, "roomCode": "LD-3-105-01-12", "roomNumber": "3-105", "roomName": "D 3-105 Grafika labor", "roomType": "educational", "floorId": 18, "level": 3, "fillSource": "mvt"}, "geometry": {"type": "Polygon", "coordinates": [[[19.06281489618497, 47.47236486044602], [19.062830151248743, 47.47241573845054], [19.062706769634058, 47.47243273554575], [19.062691346932223, 47.47238185755769], [19.06281489618497, 47.47236486044602]]]}}, {"type": "Feature", "properties": {"id": 2439, "roomCode": "LD-3-107-01-14", "roomNumber": "3-107", "roomName": "D 3-107", "roomType": "educational", "floorId": 18, "level": 3, "fillSource": "mvt"}, "geometry": {"type": "Polygon", "coordinates": [[[19.062699710807344, 47.47235127559119], [19.062699710807344, 47.47240441985441], [19.062624106040737, 47.47241484473556], [19.062615221223375, 47.47238492985367], [19.06261002444341, 47.472385609737536], [19.062605330577632, 47.47237019903436], [19.06261203610017, 47.47236340019329], [19.062699710807344, 47.47235127559119]]]}}, {"type": "Feature", "properties": {"id": 3393, "roomCode": "LD-3-108-04-64", "roomNumber": "3-108", "roomName": "3-108 L\u00e9pcs\u0151h\u00e1z", "roomType": "corridor", "floorId": 18, "level": 3, "fillSource": "mvt"}, "geometry": {"type": "Polygon", "coordinates": [[[19.06258311389649, 47.47233608355475], [19.062590154695155, 47.47235931291432], [19.062525278764607, 47.47236826471356], [19.062525781678797, 47.4723699644221], [19.062510191338898, 47.47237211738618], [19.062502647626044, 47.4723470750091], [19.06258311389649, 47.47233608355475]]]}}, {"type": "Feature", "properties": {"id": 2285, "roomCode": "LD-3-109-04-63", "roomNumber": "3-109", "roomName": "3-109 K\u00f6zleked\u0151", "roomType": "corridor", "floorId": 18, "level": 3, "fillSource": "mvt"}, "geometry": {"type": "Polygon", "coordinates": [[[19.062453160521756, 47.4722833449622], [19.062461877701054, 47.472312353303614], [19.06238644057251, 47.47232266485862], [19.062382417258988, 47.47230906720325], [19.06243723490573, 47.47230147517745], [19.062432541039954, 47.47228606449489], [19.062453160521756, 47.4722833449622]]]}}, {"type": "Feature", "properties": {"id": 3849, "roomCode": "LD-3-110-01-12", "roomNumber": "3-110", "roomName": "3-110", "roomType": "educational", "floorId": 18, "level": 3, "fillSource": "mvt"}, "geometry": {"type": "Polygon", "coordinates": [[[19.062684140876698, 47.47225460583292], [19.062684140876698, 47.47230763668981], [19.062638208047318, 47.472313982258854], [19.062628149763512, 47.47230944970963], [19.062623455897736, 47.472294039039305], [19.062628652677702, 47.472293359156694], [19.06261976786034, 47.472263444312794], [19.062684140876698, 47.47225460583292]]]}}, {"type": "Feature", "properties": {"id": 2387, "roomCode": "LD-3-111-01-16", "roomNumber": "3-111", "roomName": "3-111 UNIX szoba", "roomType": "educational", "floorId": 18, "level": 3, "fillSource": "mvt"}, "geometry": {"type": "Polygon", "coordinates": [[[19.062758170065106, 47.4722712230266], [19.062773425128878, 47.472322214248784], [19.062691617753924, 47.472333432311025], [19.062676195052088, 47.47228255441359], [19.062758170065106, 47.4722712230266]]]}}, {"type": "Feature", "properties": {"id": 3309, "roomCode": "LD-3-112-02-33", "roomNumber": "3-112", "roomName": "3-112 Rendszergazdai szoba", "roomType": "administrative", "floorId": 18, "level": 3, "fillSource": "mvt"}, "geometry": {"type": "Polygon", "coordinates": [[[19.06279976694524, 47.47228266819718], [19.062815022009012, 47.472333659424976], [19.06277478887379, 47.472339211800126], [19.062759366171953, 47.47228822057771], [19.06279976694524, 47.47228266819718]]]}}, {"type": "Feature", "properties": {"id": 2456, "roomCode": "LD-3-113-01-13", "roomNumber": "3-113", "roomName": "3-113 Doktorandusz", "roomType": "educational", "floorId": 18, "level": 3, "fillSource": "mvt"}, "geometry": {"type": "Polygon", "coordinates": [[[19.06284138012621, 47.47228839052258], [19.062856970466107, 47.47233926844208], [19.062816402054757, 47.47234493413163], [19.06280097935292, 47.47229394290372], [19.06284138012621, 47.47228839052258]]]}}, {"type": "Feature", "properties": {"id": 3194, "roomCode": "LD-3-114-01-16", "roomNumber": "3-114", "roomName": "3-114 UNIX szoba", "roomType": "educational", "floorId": 18, "level": 3, "fillSource": "mvt"}, "geometry": {"type": "Polygon", "coordinates": [[[19.062901040561027, 47.47229225904235], [19.062910093016452, 47.472322173911266], [19.06291528979642, 47.472321380714206], [19.06291981602413, 47.47233679139785], [19.062913110501594, 47.47234370354125], [19.062840355582065, 47.47235367515635], [19.062825100518292, 47.47230279723675], [19.062901040561027, 47.47229225904235]]]}}, {"type": "Feature", "properties": {"id": 3437, "roomCode": "LD-3-202-01-13", "roomNumber": "3-202", "roomName": "3-202 Oktat\u00f3", "roomType": "educational", "floorId": 18, "level": 3, "fillSource": "mvt"}, "geometry": {"type": "Polygon", "coordinates": [[[19.062434480612687, 47.472343282555485], [19.062442694877795, 47.47237059121864], [19.062367425387315, 47.47238090278485], [19.062359211122207, 47.47235370744102], [19.062434480612687, 47.472343282555485]]]}}, {"type": "Feature", "properties": {"id": 3576, "roomCode": "LD-3-202/A-01-13", "roomNumber": "3-202/A", "roomName": "3-202/A Oktat\u00f3", "roomType": "educational", "floorId": 18, "level": 3, "fillSource": "mvt"}, "geometry": {"type": "Polygon", "coordinates": [[[19.062443061069782, 47.47231606082098], [19.062450940058763, 47.4723424629586], [19.06237550293022, 47.47235277451948], [19.06236762394124, 47.47232648570094], [19.062443061069782, 47.47231606082098]]]}}, {"type": "Feature", "properties": {"id": 2521, "roomCode": "LD-3-203-01-13", "roomNumber": "3-203", "roomName": "3-203 Oktat\u00f3", "roomType": "educational", "floorId": 18, "level": 3, "fillSource": "mvt"}, "geometry": {"type": "Polygon", "coordinates": [[[19.06242610243172, 47.472371424873906], [19.062434316696827, 47.472398620237676], [19.062358879568283, 47.47240904512339], [19.062350665303175, 47.472381849765014], [19.06242610243172, 47.472371424873906]]]}}, {"type": "Feature", "properties": {"id": 3435, "roomCode": "LD-3-204-01-13", "roomNumber": "3-204", "roomName": "3-204 (nem oszthat\u00f3)", "roomType": "educational", "floorId": 18, "level": 3, "fillSource": "mvt"}, "geometry": {"type": "Polygon", "coordinates": [[[19.062409176570615, 47.47239957323814], [19.062425772738894, 47.47245487052216], [19.062350503248414, 47.47246529541344], [19.06233373944207, 47.472409884826256], [19.062409176570615, 47.47239957323814]]]}}, {"type": "Feature", "properties": {"id": 2629, "roomCode": "LD-3-204/A-01-13", "roomNumber": "3-204/A", "roomName": "3-204/A Oktat\u00f3", "roomType": "educational", "floorId": 18, "level": 3, "fillSource": "mvt"}, "geometry": {"type": "Polygon", "coordinates": [[[19.062400632612686, 47.47245579617229], [19.062408846877794, 47.47248299157968], [19.062333577387314, 47.47249341648212], [19.062325363122206, 47.47246610776592], [19.062400632612686, 47.47245579617229]]]}}, {"type": "Feature", "properties": {"id": 2591, "roomCode": "LD-3-205-01-13", "roomNumber": "3-205", "roomName": "3-205 Oktat\u00f3", "roomType": "educational", "floorId": 18, "level": 3, "fillSource": "mvt"}, "geometry": {"type": "Polygon", "coordinates": [[[19.062383707751586, 47.472483944514025], [19.06240047155793, 47.47253924188676], [19.062325034429385, 47.472549553480555], [19.062308438261105, 47.47249425611868], [19.062383707751586, 47.472483944514025]]]}}, {"type": "Feature", "properties": {"id": 3286, "roomCode": "LD-3-206-01-13", "roomNumber": "3-206", "roomName": "3-206 Oktat\u00f3", "roomType": "educational", "floorId": 18, "level": 3, "fillSource": "mvt"}, "geometry": {"type": "Polygon", "coordinates": [[[19.062375329431717, 47.47254008148493], [19.062383543696825, 47.47256739025036], [19.06230810656828, 47.4725777018552], [19.062299892303173, 47.47255050640951], [19.062375329431717, 47.47254008148493]]]}}, {"type": "Feature", "properties": {"id": 2754, "roomCode": "LD-3-207-01-13", "roomNumber": "3-207", "roomName": "3-207 Oktat\u00f3", "roomType": "educational", "floorId": 18, "level": 3, "fillSource": "mvt"}, "geometry": {"type": "Polygon", "coordinates": [[[19.062366909341232, 47.47256819547486], [19.062374955968277, 47.47259550425489], [19.062299686477797, 47.472605815865236], [19.06229147221269, 47.47257862040501], [19.062366909341232, 47.47256819547486]]]}}, {"type": "Feature", "properties": {"id": 3262, "roomCode": "LD-3-208-01-13", "roomNumber": "3-208", "roomName": "3-208 Oktat\u00f3", "roomType": "educational", "floorId": 18, "level": 3, "fillSource": "mvt"}, "geometry": {"type": "Polygon", "coordinates": [[[19.062358404431716, 47.47259631046478], [19.062366618696824, 47.47262361925942], [19.06229118156828, 47.472633930875276], [19.062282967303172, 47.47260673540051], [19.062358404431716, 47.47259631046478]]]}}, {"type": "Feature", "properties": {"id": 2270, "roomCode": "LD-3-209-01-13", "roomNumber": "3-209", "roomName": "3-209 Oktat\u00f3", "roomType": "educational", "floorId": 18, "level": 3, "fillSource": "mvt"}, "geometry": {"type": "Polygon", "coordinates": [[[19.062349984341235, 47.47262445278334], [19.06235803096828, 47.47265164827805], [19.0622827614778, 47.47266207321396], [19.06227454721269, 47.472634877724644], [19.062349984341235, 47.47262445278334]]]}}, {"type": "Feature", "properties": {"id": 3875, "roomCode": "LD-3-210-01-13", "roomNumber": "3-210", "roomName": "3-210 Oktat\u00f3", "roomType": "educational", "floorId": 18, "level": 3, "fillSource": "mvt"}, "geometry": {"type": "Polygon", "coordinates": [[[19.062343978238864, 47.47265005156549], [19.062352192503973, 47.472677246594365], [19.0622988835998, 47.47268461191227], [19.062275749547048, 47.47268461191227], [19.06226854111032, 47.47266036301559], [19.062343978238864, 47.47265005156549]]]}}, {"type": "Feature", "properties": {"id": 3449, "roomCode": "LD-3-211-01-13", "roomNumber": "3-211", "roomName": "3-211 Anal\u00edzis Tansz\u00e9k Tansz\u00e9kvezet\u0151", "roomType": "educational", "floorId": 18, "level": 3, "fillSource": "mvt"}, "geometry": {"type": "Polygon", "coordinates": [[[19.06232470538965, 47.47268072326801], [19.062341133919865, 47.47273556662002], [19.062265864429385, 47.47274599138293], [19.062249268261105, 47.47269103472906], [19.06232470538965, 47.47268072326801]]]}}, {"type": "Feature", "properties": {"id": 2312, "roomCode": "LD-3-212-04-63", "roomNumber": "3-212", "roomName": "3-212 El\u0151t\u00e9r", "roomType": "corridor", "floorId": 18, "level": 3, "fillSource": "mvt"}, "geometry": {"type": "Polygon", "coordinates": [[[19.06245630104808, 47.47261235646847], [19.06245965380935, 47.4726233479759], [19.06241087113289, 47.47263003353084], [19.062407686009685, 47.47261904202481], [19.06245630104808, 47.47261235646847]]]}}, {"type": "Feature", "properties": {"id": 3516, "roomCode": "LD-3-214-05-71", "roomNumber": "3-214", "roomName": "3-214 WC", "roomType": "social", "floorId": 18, "level": 3, "fillSource": "mvt"}, "geometry": {"type": "Polygon", "coordinates": [[[19.062413484028045, 47.47262426713805], [19.062418345531885, 47.47264058443034], [19.062407951971952, 47.47264194420446], [19.062403090468113, 47.47262574022714], [19.062413484028045, 47.47262426713805]]]}}, {"type": "Feature", "properties": {"id": 2427, "roomCode": "LD-3-215-05-71", "roomNumber": "3-215", "roomName": "3-215 WC", "roomType": "social", "floorId": 18, "level": 3, "fillSource": "mvt"}, "geometry": {"type": "Polygon", "coordinates": [[[19.062425207028046, 47.472625886137784], [19.062430068531885, 47.47264220343057], [19.062419674971952, 47.472643563204734], [19.062414813468113, 47.47262735922693], [19.062425207028046, 47.472625886137784]]]}}, {"type": "Feature", "properties": {"id": 2460, "roomCode": "LD-3-218-01-12", "roomNumber": "3-218", "roomName": "3-218 Oktat\u00f3i sz\u00e1m\u00edt\u00f3g\u00e9pterem", "roomType": "educational", "floorId": 18, "level": 3, "fillSource": "mvt"}, "geometry": {"type": "Polygon", "coordinates": [[[19.062513769431717, 47.4725298981458], [19.062521983696826, 47.47255709359155], [19.06244654656828, 47.47256751850869], [19.062438332303174, 47.47254020975397], [19.062513769431717, 47.4725298981458]]]}}, {"type": "Feature", "properties": {"id": 2477, "roomCode": "LD-3-218/A-01-13", "roomNumber": "3-218/A", "roomName": "3-218/A Oktat\u00f3", "roomType": "educational", "floorId": 18, "level": 3, "fillSource": "mvt"}, "geometry": {"type": "Polygon", "coordinates": [[[19.062522189522202, 47.47250178415584], [19.06253040378731, 47.47252897958705], [19.062454966658766, 47.47253940449861], [19.06244692003172, 47.472512095758496], [19.062522189522202, 47.47250178415584]]]}}, {"type": "Feature", "properties": {"id": 3848, "roomCode": "LD-3-219-01-12", "roomNumber": "3-219", "roomName": "3-219 Matematikai tansz\u00e9kcsoportok", "roomType": "educational", "floorId": 18, "level": 3, "fillSource": "mvt"}, "geometry": {"type": "Polygon", "coordinates": [[[19.062530707528545, 47.472417844231494], [19.062555685599996, 47.47250090352239], [19.062480248471452, 47.47251121510324], [19.0624552704, 47.47242826914287], [19.062530707528545, 47.472417844231494]]]}}, {"type": "Feature", "properties": {"id": 2243, "roomCode": "LD-3-222-05-71", "roomNumber": "3-222", "roomName": "3-222 N\u0151i WC el\u0151t\u00e9r", "roomType": "social", "floorId": 18, "level": 3, "fillSource": "mvt"}, "geometry": {"type": "Polygon", "coordinates": [[[19.062549728928452, 47.47236946812453], [19.06255844610775, 47.472373547429605], [19.06255207586134, 47.47238000632865], [19.06255693736518, 47.47239609691579], [19.0624816678747, 47.4724065218006], [19.062474962352162, 47.4723845388889], [19.062544364510423, 47.47237502051191], [19.062549728928452, 47.47236946812453]]]}}, {"type": "Feature", "properties": {"id": 2896, "roomCode": "LD-3-223-05-71", "roomNumber": "3-223", "roomName": "3-223 N\u0151i WC csoport", "roomType": "social", "floorId": 18, "level": 3, "fillSource": "mvt"}, "geometry": {"type": "Polygon", "coordinates": [[[19.062524220641514, 47.47238949349608], [19.06253042324986, 47.472410569910046], [19.062513659443518, 47.472412836190614], [19.06251516818609, 47.472418161949555], [19.062488513734003, 47.472421901311904], [19.06248063474502, 47.472395499141776], [19.062524220641514, 47.47238949349608]]]}}, {"type": "Feature", "properties": {"id": 3283, "roomCode": "LD-3-224-05-71", "roomNumber": "3-224", "roomName": "3-224 Mosd\u00f3-zuhany", "roomType": "social", "floorId": 18, "level": 3, "fillSource": "mvt"}, "geometry": {"type": "Polygon", "coordinates": [[[19.06255587846945, 47.47240253878177], [19.06256224871586, 47.47242361519728], [19.06253492371152, 47.47242735456044], [19.062528721103174, 47.47240639146051], [19.06255587846945, 47.47240253878177]]]}}, {"type": "Feature", "properties": {"id": 3525, "roomCode": "LD-3-225-01-13", "roomNumber": "3-225", "roomName": "3-225 Doktoranduszok", "roomType": "educational", "floorId": 18, "level": 3, "fillSource": "mvt"}, "geometry": {"type": "Polygon", "coordinates": [[[19.062505223612686, 47.47255801413576], [19.062513437877794, 47.47258520959605], [19.062438168387313, 47.47259563451876], [19.062429954122205, 47.47256832574944], [19.062505223612686, 47.47255801413576]]]}}, {"type": "Feature", "properties": {"id": 2701, "roomCode": "LD-3-301-04-63", "roomNumber": "3-301", "roomName": "3-301 K\u00f6zleked\u0151", "roomType": "corridor", "floorId": 18, "level": 3, "fillSource": "mvt"}, "geometry": {"type": "Polygon", "coordinates": [[[19.062336629700297, 47.47262801895076], [19.06235188476407, 47.47267878305349], [19.06233964718544, 47.472680709368916], [19.062341994118327, 47.47268864125525], [19.062368145656222, 47.47268512856288], [19.062365966361398, 47.47267798986476], [19.062381389063233, 47.47267583692386], [19.062383568358058, 47.472682975622284], [19.062409719895953, 47.472679349616854], [19.062407372963065, 47.47267221091795], [19.062422963302964, 47.47267017128951], [19.06242514259779, 47.47267719667602], [19.062451294135684, 47.47267368398288], [19.06244911484086, 47.47266654528321], [19.062464537542695, 47.47266439234185], [19.06246671683752, 47.47267153104181], [19.062492868375415, 47.47266790503559], [19.06249068908059, 47.47266087964786], [19.06250627942049, 47.47265872670626], [19.06250829107725, 47.47266575209429], [19.062534442615146, 47.47266223940039], [19.06253226332032, 47.47265510069916], [19.06254785366022, 47.47265294775733], [19.06254986531698, 47.47266008645885], [19.062576016854877, 47.47265646045185], [19.062573837560052, 47.47264943506258], [19.06258942789995, 47.47264728212052], [19.062591439556712, 47.4726544208228], [19.0626162499901, 47.472650908128145], [19.06262262023651, 47.472671984292575], [19.062597809803123, 47.47267538367314], [19.062599989097947, 47.472682409058955], [19.062584398758048, 47.47268456199958], [19.062582219463224, 47.47267742330138], [19.06255623556339, 47.47268104930693], [19.062558414858216, 47.47268807469199], [19.062542824518317, 47.47269022763237], [19.062540812861556, 47.47268320224761], [19.06251466132366, 47.4726867149401], [19.062516840618486, 47.47269385363705], [19.062501250278586, 47.4726960065772], [19.062499070983762, 47.47268886788055], [19.06247308708393, 47.47269238057268], [19.06247509874069, 47.47269951926884], [19.062459676038856, 47.47270167220877], [19.06245749674403, 47.47269453351289], [19.0624471031841, 47.4726960065772], [19.062446432631845, 47.47269385363705], [19.0623865858432, 47.47270212545927], [19.062387256395454, 47.472704278399085], [19.062356075715655, 47.47270858427846], [19.062360937219495, 47.47272490129181], [19.062328583073253, 47.47272490129181], [19.062323386293286, 47.472707564464955], [19.062312992733354, 47.472709037528894], [19.06230980761015, 47.47269849945517], [19.06232020117008, 47.47269702639093], [19.062315004390115, 47.47267946292953], [19.06230444319212, 47.47268093599426], [19.062301258068914, 47.4726703979149], [19.06231181926691, 47.47266892484987], [19.062310981076592, 47.472666092032405], [19.062300419878596, 47.4726675650975], [19.062290529232854, 47.47263436446627], [19.062336629700297, 47.47262801895076]]]}}, {"type": "Feature", "properties": {"id": 2882, "roomCode": "LD-3-302-01-13", "roomNumber": "3-302", "roomName": "3-302 Oktat\u00f3", "roomType": "educational", "floorId": 18, "level": 3, "fillSource": "mvt"}, "geometry": {"type": "Polygon", "coordinates": [[[19.06241367612621, 47.47270177545574], [19.062429098828044, 47.47275265287663], [19.062388698054757, 47.47275820519798], [19.062373442990985, 47.47270721446967], [19.06241367612621, 47.47270177545574]]]}}, {"type": "Feature", "properties": {"id": 3422, "roomCode": "LD-3-303-01-13", "roomNumber": "3-303", "roomName": "3-303 Oktat\u00f3", "roomType": "educational", "floorId": 18, "level": 3, "fillSource": "mvt"}, "geometry": {"type": "Polygon", "coordinates": [[[19.06245526812621, 47.47270741046808], [19.062470690828047, 47.47275840120727], [19.06243029005476, 47.47276395352922], [19.062415034990988, 47.47271296279542], [19.06245526812621, 47.47270741046808]]]}}, {"type": "Feature", "properties": {"id": 2443, "roomCode": "LD-3-304-01-13", "roomNumber": "3-304", "roomName": "3-304 Oktat\u00f3", "roomType": "educational", "floorId": 18, "level": 3, "fillSource": "mvt"}, "geometry": {"type": "Polygon", "coordinates": [[[19.06249686112621, 47.472713187121386], [19.062512283828045, 47.47276406455336], [19.06247188305476, 47.47276961687592], [19.062456627990986, 47.47271873944931], [19.06249686112621, 47.472713187121386]]]}}, {"type": "Feature", "properties": {"id": 2825, "roomCode": "LD-3-305-01-13", "roomNumber": "3-305", "roomName": "3-305 Oktat\u00f3", "roomType": "educational", "floorId": 18, "level": 3, "fillSource": "mvt"}, "geometry": {"type": "Polygon", "coordinates": [[[19.06253845312621, 47.47271885046193], [19.062553875828044, 47.47276984121223], [19.062513475054757, 47.47277539353537], [19.062498219990985, 47.47272440279046], [19.06253845312621, 47.47271885046193]]]}}, {"type": "Feature", "properties": {"id": 2306, "roomCode": "LD-3-306-01-12", "roomNumber": "3-306", "roomName": "3-306 Anal\u00edzis tansz\u00e9k", "roomType": "educational", "floorId": 18, "level": 3, "fillSource": "mvt"}, "geometry": {"type": "Polygon", "coordinates": [[[19.062621713065106, 47.472724569307935], [19.062636968128878, 47.47277556006933], [19.062555160753924, 47.472786778030205], [19.062539738052088, 47.472735900592525], [19.062621713065106, 47.472724569307935]]]}}, {"type": "Feature", "properties": {"id": 3673, "roomCode": "LD-3-307-01-12", "roomNumber": "3-307", "roomName": "3-307 Konzult\u00e1ci\u00f3s szoba", "roomType": "educational", "floorId": 18, "level": 3, "fillSource": "mvt"}, "geometry": {"type": "Polygon", "coordinates": [[[19.062687924711184, 47.47273833121703], [19.062687924711184, 47.47279136161369], [19.062662946639733, 47.47279487430901], [19.062647523937898, 47.47274399686026], [19.062687924711184, 47.47273833121703]]]}}, {"type": "Feature", "properties": {"id": 3279, "roomCode": "LD-3-308-01-13", "roomNumber": "3-308", "roomName": "3-308 Oktat\u00f3", "roomType": "educational", "floorId": 18, "level": 3, "fillSource": "mvt"}, "geometry": {"type": "Polygon", "coordinates": [[[19.062746458035726, 47.472747506102955], [19.062761713099498, 47.47279838356816], [19.062721479964274, 47.472803935894355], [19.062706224900502, 47.47275305843451], [19.062746458035726, 47.472747506102955]]]}}, {"type": "Feature", "properties": {"id": 2797, "roomCode": "LD-3-309-01-13", "roomNumber": "3-309", "roomName": "3-309 Doktorandusz szoba", "roomType": "educational", "floorId": 18, "level": 3, "fillSource": "mvt"}, "geometry": {"type": "Polygon", "coordinates": [[[19.062788050035724, 47.47275316944346], [19.062803305099496, 47.472804160227064], [19.062763071964273, 47.47280971255385], [19.0627478169005, 47.472758721775634], [19.062788050035724, 47.47275316944346]]]}}, {"type": "Feature", "properties": {"id": 2755, "roomCode": "LD-3-310-01-13", "roomNumber": "3-310", "roomName": "3-310 Oktat\u00f3", "roomType": "educational", "floorId": 18, "level": 3, "fillSource": "mvt"}, "geometry": {"type": "Polygon", "coordinates": [[[19.06282960112621, 47.47275891776861], [19.062845023828046, 47.47280990855771], [19.06280462305476, 47.47281534757229], [19.062789367990987, 47.472764470101374], [19.06282960112621, 47.47275891776861]]]}}, {"type": "Feature", "properties": {"id": 2810, "roomCode": "LD-3-311-01-13", "roomNumber": "3-311", "roomName": "3-311 Oktat\u00f3", "roomType": "educational", "floorId": 18, "level": 3, "fillSource": "mvt"}, "geometry": {"type": "Polygon", "coordinates": [[[19.06287119312621, 47.4727646094373], [19.062886615828045, 47.472815600232], [19.06284621505476, 47.47282115256], [19.062830959990986, 47.472770161770676], [19.06287119312621, 47.4727646094373]]]}}, {"type": "Feature", "properties": {"id": 2997, "roomCode": "LD-3-313-04-63", "roomNumber": "3-313", "roomName": "3-313 K\u00f6zleked\u0151", "roomType": "corridor", "floorId": 18, "level": 3, "fillSource": "mvt"}, "geometry": {"type": "Polygon", "coordinates": [[[19.062948341451413, 47.4726224411068], [19.06295839973522, 47.47265552847663], [19.062948006175287, 47.47265700154398], [19.062948844365604, 47.472659834365686], [19.062959237925536, 47.472658474611286], [19.06296242304874, 47.47266901270698], [19.062951861850745, 47.47267037246111], [19.06295554988814, 47.47268283687234], [19.062966111086137, 47.47268125049289], [19.062970804951913, 47.47269711428519], [19.062960243753917, 47.47269847403858], [19.062965608171947, 47.472716150829626], [19.062976169369943, 47.47271467776393], [19.062979354493148, 47.47272521584836], [19.062968793295152, 47.47272657560104], [19.06297415771318, 47.47274425238261], [19.062984551273114, 47.47274277931771], [19.06298773639632, 47.4727533173965], [19.062977175198323, 47.47275467714845], [19.062982539616353, 47.472772353920575], [19.06299310081435, 47.472770880856466], [19.062996285937555, 47.47278141892963], [19.06298572473956, 47.47278289199345], [19.06298924513889, 47.472794449877384], [19.06295689099265, 47.472794449877384], [19.062954711697824, 47.47278708455948], [19.062943647585637, 47.47278867093573], [19.062940462462432, 47.47277813286403], [19.06295152657462, 47.472776659800076], [19.062930907092817, 47.472708105624186], [19.062899558774955, 47.47271229819619], [19.062899055860765, 47.47271003194109], [19.062839041434056, 47.472718303771714], [19.062839879624374, 47.472720456713716], [19.06282948606444, 47.472721929779254], [19.062831665359266, 47.47272952173171], [19.06281624265743, 47.47273167467325], [19.062813895724542, 47.47272408272111], [19.06278791182471, 47.47272770872824], [19.062790091119535, 47.472735187367164], [19.0627746684177, 47.47273734030848], [19.06277232148481, 47.472729861669855], [19.06274633758498, 47.47273337436388], [19.062748516879804, 47.47274096631469], [19.062732926539905, 47.47274311925577], [19.06273074724508, 47.472735527305275], [19.062704595707185, 47.472739153311615], [19.06270677500201, 47.4727461786982], [19.06269118466211, 47.47274833163906], [19.062680623464114, 47.472713204698195], [19.062696213804013, 47.4727110517559], [19.062698225460775, 47.47271819045898], [19.06272437699867, 47.47271456445118], [19.062722030065782, 47.472707085809326], [19.06273762040568, 47.472704932866776], [19.06273996733857, 47.47271252482168], [19.0627659512384, 47.47270889881351], [19.062763771943576, 47.47270130685806], [19.062779362283475, 47.47269915391528], [19.0627815415783, 47.47270674587103], [19.06280752547813, 47.472703119862445], [19.062805346183307, 47.47269564121896], [19.062820936523206, 47.472693488275944], [19.06282311581803, 47.47270108023251], [19.062849267355926, 47.47269745422354], [19.062846920423038, 47.47268986226644], [19.062862343124873, 47.47268770932318], [19.06286469005776, 47.4726953012806], [19.062890841595657, 47.47269167527122], [19.06288849466277, 47.47268419662611], [19.062904085002668, 47.472682043682624], [19.062906264297492, 47.47268963564085], [19.062932415835387, 47.472686009631076], [19.062929901264436, 47.472677964421024], [19.062917496047742, 47.47267966411339], [19.06290224098397, 47.4726287866314], [19.062948341451413, 47.4726224411068]]]}}, {"type": "Feature", "properties": {"id": 2740, "roomCode": "LD-3-314-04-64", "roomNumber": "3-314", "roomName": "3-314 L\u00e9pcs\u0151h\u00e1z", "roomType": "corridor", "floorId": 18, "level": 3, "fillSource": "mvt"}, "geometry": {"type": "Polygon", "coordinates": [[[19.062881827899833, 47.472701868958616], [19.06289054507913, 47.47273087701588], [19.062817790159603, 47.472740961844536], [19.06281074936094, 47.4727176194292], [19.06286791394057, 47.472709800850865], [19.062866237559934, 47.47270402190091], [19.062881827899833, 47.472701868958616]]]}}, {"type": "Feature", "properties": {"id": 3839, "roomCode": "LD-3-316-01-12", "roomNumber": "3-316", "roomName": "3-316 Val\u00f3sz\u00edn.\u00e9s Stat. tansz\u00e9k", "roomType": "educational", "floorId": 18, "level": 3, "fillSource": "mvt"}, "geometry": {"type": "Polygon", "coordinates": [[[19.06280452015726, 47.47265647223861], [19.062818434116526, 47.472702590494336], [19.06281273442237, 47.47270836943753], [19.06273997950284, 47.47271845425845], [19.062724556801005, 47.47266746357105], [19.06280452015726, 47.47265647223861]]]}}, {"type": "Feature", "properties": {"id": 3745, "roomCode": "LD-3-317-01-13", "roomNumber": "3-317", "roomName": "3-317 Oktat\u00f3", "roomType": "educational", "floorId": 18, "level": 3, "fillSource": "mvt"}, "geometry": {"type": "Polygon", "coordinates": [[[19.06273152696521, 47.47264898972236], [19.06274678202898, 47.47269986709696], [19.062718786472388, 47.47270371972466], [19.062705878341504, 47.47270371972466], [19.062691126191922, 47.472654428731346], [19.06273152696521, 47.47264898972236]]]}}, {"type": "Feature", "properties": {"id": 3560, "roomCode": "LD-3-318-01-13", "roomNumber": "3-318", "roomName": "3-318 Oktat\u00f3", "roomType": "educational", "floorId": 18, "level": 3, "fillSource": "mvt"}, "geometry": {"type": "Polygon", "coordinates": [[[19.062680916037394, 47.472653224240005], [19.062680916037394, 47.47269866260229], [19.062680077847077, 47.47269866260229], [19.06266700207813, 47.47265515055542], [19.062680916037394, 47.472653224240005]]]}}, {"type": "Feature", "properties": {"id": 3491, "roomCode": "LD-3-319-01-13", "roomNumber": "3-319", "roomName": "3-319 Oktat\u00f3", "roomType": "educational", "floorId": 18, "level": 3, "fillSource": "mvt"}, "geometry": {"type": "Polygon", "coordinates": [[[19.062648174327144, 47.47265645002559], [19.062654712211618, 47.472677979796686], [19.062654712211618, 47.472678546369494], [19.062614479076395, 47.47268409878265], [19.062606097173223, 47.47265645002559], [19.062648174327144, 47.47265645002559]]]}}, {"type": "Feature", "properties": {"id": 3247, "roomCode": "LD-3-320-01-13", "roomNumber": "3-320", "roomName": "3-320 Oktat\u00f3", "roomType": "educational", "floorId": 18, "level": 3, "fillSource": "mvt"}, "geometry": {"type": "Polygon", "coordinates": [[[19.062608962787646, 47.47264478702582], [19.062620194537896, 47.47268240681424], [19.062578285022038, 47.47268240681424], [19.062568729652423, 47.47265033934569], [19.062608962787646, 47.47264478702582]]]}}, {"type": "Feature", "properties": {"id": 2798, "roomCode": "LD-3-321-01-13", "roomNumber": "3-321", "roomName": "3-321 Oktat\u00f3", "roomType": "educational", "floorId": 18, "level": 3, "fillSource": "mvt"}, "geometry": {"type": "Polygon", "coordinates": [[[19.06256820797796, 47.47264189984223], [19.062577763347576, 47.47267385399814], [19.06253585383172, 47.47267385399814], [19.062527974842737, 47.472647452161496], [19.06256820797796, 47.47264189984223]]]}}, {"type": "Feature", "properties": {"id": 2394, "roomCode": "LD-3-322-01-13", "roomNumber": "3-322", "roomName": "3-322 Oktat\u00f3", "roomType": "educational", "floorId": 18, "level": 3, "fillSource": "mvt"}, "geometry": {"type": "Polygon", "coordinates": [[[19.062526969898094, 47.47262936206549], [19.062538872200598, 47.472668682219734], [19.062507523882736, 47.47267298817144], [19.062499141979565, 47.47266913547783], [19.062487072038998, 47.47262936206549], [19.062526969898094, 47.47262936206549]]]}}, {"type": "Feature", "properties": {"id": 3344, "roomCode": "LD-3-323-04-64", "roomNumber": "3-323", "roomName": "3-323 L\u00e9pcs\u0151h\u00e1z", "roomType": "corridor", "floorId": 18, "level": 3, "fillSource": "mvt"}, "geometry": {"type": "Polygon", "coordinates": [[[19.06249229220782, 47.472655308763635], [19.06249715371166, 47.47267128612093], [19.062424398792132, 47.47268125780245], [19.06241651980315, 47.472655308763635], [19.062432780695303, 47.472655308763635], [19.062432948333367, 47.472655762022065], [19.062436133456572, 47.472655308763635], [19.06249229220782, 47.472655308763635]]]}}, {"type": "Feature", "properties": {"id": 2574, "roomCode": "LD-3-401-05-71", "roomNumber": "3-401", "roomName": "3-401 N\u0151i WC el\u0151t\u00e9r", "roomType": "social", "floorId": 18, "level": 3, "fillSource": "mvt"}, "geometry": {"type": "Polygon", "coordinates": [[[19.062993235007582, 47.47242578623646], [19.062999772892056, 47.47244765586207], [19.062923162297068, 47.472458194072196], [19.06291830079323, 47.47244210347093], [19.06290857778555, 47.472437797534546], [19.062914277479706, 47.472431791885846], [19.062922491744814, 47.47243541793797], [19.062993235007582, 47.47242578623646]]]}}, {"type": "Feature", "properties": {"id": 3281, "roomCode": "LD-3-402-05-71", "roomNumber": "3-402", "roomName": "3-402 N\u0151i WC csoport", "roomType": "social", "floorId": 18, "level": 3, "fillSource": "mvt"}, "geometry": {"type": "Polygon", "coordinates": [[[19.062962719634722, 47.472450977729984], [19.062970766261767, 47.47247726661898], [19.062927180365275, 47.472483272268505], [19.06291913373823, 47.47245698338252], [19.062962719634722, 47.472450977729984]]]}}, {"type": "Feature", "properties": {"id": 3781, "roomCode": "LD-3-403-05-71", "roomNumber": "3-403", "roomName": "3-403 Mosd\u00f3-zuhany", "roomType": "social", "floorId": 18, "level": 3, "fillSource": "mvt"}, "geometry": {"type": "Polygon", "coordinates": [[[19.06291959161516, 47.472445575863894], [19.06292747060414, 47.472471978064014], [19.06290735403653, 47.47247469760319], [19.062898972133357, 47.47247095823679], [19.06289226661082, 47.4724493152321], [19.06291959161516, 47.472445575863894]]]}}, {"type": "Feature", "properties": {"id": 3768, "roomCode": "LD-3-404-01-13", "roomNumber": "3-404", "roomName": "3-404 Oktat\u00f3", "roomType": "educational", "floorId": 18, "level": 3, "fillSource": "mvt"}, "geometry": {"type": "Polygon", "coordinates": [[[19.06295896279833, 47.47247415019425], [19.062967177063438, 47.47250134561133], [19.06289106938264, 47.47251188383165], [19.062883022755596, 47.47248502836277], [19.06295896279833, 47.47247415019425]]]}}, {"type": "Feature", "properties": {"id": 3019, "roomCode": "LD-3-405-01-13", "roomNumber": "3-405", "roomName": "3-405 Doktorandusz szoba", "roomType": "educational", "floorId": 18, "level": 3, "fillSource": "mvt"}, "geometry": {"type": "Polygon", "coordinates": [[[19.062941419431716, 47.472530182474294], [19.062949633696824, 47.47255737792016], [19.06287419656828, 47.47256768952303], [19.062865982303173, 47.47254049408251], [19.062941419431716, 47.472530182474294]]]}}, {"type": "Feature", "properties": {"id": 3306, "roomCode": "LD-3-405/A-02-33", "roomNumber": "3-405/A", "roomName": "3-405/A Titk\u00e1rs\u00e1g", "roomType": "administrative", "floorId": 18, "level": 3, "fillSource": "mvt"}, "geometry": {"type": "Polygon", "coordinates": [[[19.062932872612688, 47.47255821247843], [19.062941086877796, 47.472585521253286], [19.062865817387316, 47.47259583286168], [19.062857603122207, 47.47256863740661], [19.062932872612688, 47.47255821247843]]]}}, {"type": "Feature", "properties": {"id": 2958, "roomCode": "LD-3-406-01-13", "roomNumber": "3-406", "roomName": "3-406 Oktat\u00f3", "roomType": "educational", "floorId": 18, "level": 3, "fillSource": "mvt"}, "geometry": {"type": "Polygon", "coordinates": [[[19.06292449543172, 47.47258632646835], [19.062932709696828, 47.472613635257815], [19.062857272568284, 47.472623946871714], [19.062849058303176, 47.4725967514021], [19.06292449543172, 47.47258632646835]]]}}, {"type": "Feature", "properties": {"id": 3173, "roomCode": "LD-3-407-01-12", "roomNumber": "3-407", "roomName": "3-407 G\u00e9pterem", "roomType": "educational", "floorId": 18, "level": 3, "fillSource": "mvt"}, "geometry": {"type": "Polygon", "coordinates": [[[19.062922037137785, 47.4726286167571], [19.062935783458986, 47.472673942580734], [19.062860513968506, 47.47268425420015], [19.06284559418086, 47.472634849060164], [19.062851293875017, 47.47262929664473], [19.062856155378856, 47.4726286167571], [19.062922037137785, 47.4726286167571]]]}}, {"type": "Feature", "properties": {"id": 2510, "roomCode": "LD-3-408-04-63", "roomNumber": "3-408", "roomName": "3-408 El\u0151t\u00e9r", "roomType": "corridor", "floorId": 18, "level": 3, "fillSource": "mvt"}, "geometry": {"type": "Polygon", "coordinates": [[[19.062914469048078, 47.472675364613984], [19.062917821809346, 47.47268635594045], [19.062869039132888, 47.47269304138532], [19.062865854009683, 47.47268205006025], [19.062914469048078, 47.472675364613984]]]}}, {"type": "Feature", "properties": {"id": 2268, "roomCode": "LD-3-410-05-71", "roomNumber": "3-410", "roomName": "3-410 WC", "roomType": "social", "floorId": 18, "level": 3, "fillSource": "mvt"}, "geometry": {"type": "Polygon", "coordinates": [[[19.062908749028047, 47.47269237728318], [19.062913610531886, 47.47270869430839], [19.062903216971954, 47.47271005406027], [19.062898355468114, 47.472693850348165], [19.062908749028047, 47.47269237728318]]]}}, {"type": "Feature", "properties": {"id": 3284, "roomCode": "LD-3-411-05-71", "roomNumber": "3-411", "roomName": "3-411 WC", "roomType": "social", "floorId": 18, "level": 3, "fillSource": "mvt"}, "geometry": {"type": "Polygon", "coordinates": [[[19.062897022028046, 47.47269074295529], [19.062901883531886, 47.47270705998], [19.062891489971953, 47.47270853304448], [19.062886628468114, 47.47269221602022], [19.062897022028046, 47.47269074295529]]]}}, {"type": "Feature", "properties": {"id": 2217, "roomCode": "LD-3-412-01-13", "roomNumber": "3-412", "roomName": "3-412 Tansz\u00e9kvezet\u0151", "roomType": "educational", "floorId": 18, "level": 3, "fillSource": "mvt"}, "geometry": {"type": "Polygon", "coordinates": [[[19.062995384389648, 47.47277295621078], [19.063011812919864, 47.472827799659036], [19.062936543429384, 47.472838224440245], [19.062919947261104, 47.47278326768993], [19.062995384389648, 47.47277295621078]]]}}, {"type": "Feature", "properties": {"id": 3510, "roomCode": "LD-3-413-02-33", "roomNumber": "3-413", "roomName": "3-413 Doktorandusz szoba", "roomType": "administrative", "floorId": 18, "level": 3, "fillSource": "mvt"}, "geometry": {"type": "Polygon", "coordinates": [[[19.063012160431718, 47.472744800072526], [19.063020374696826, 47.472771995149145], [19.062944937568282, 47.472782419924776], [19.062936723303174, 47.47275522485356], [19.063012160431718, 47.472744800072526]]]}}, {"type": "Feature", "properties": {"id": 3321, "roomCode": "LD-3-414-01-13", "roomNumber": "3-414", "roomName": "3-414 Oktat\u00f3", "roomType": "educational", "floorId": 18, "level": 3, "fillSource": "mvt"}, "geometry": {"type": "Polygon", "coordinates": [[[19.063020539612687, 47.472716686082585], [19.063028753877795, 47.47274388114466], [19.062953484387315, 47.47275430591471], [19.062945270122206, 47.47272711085804], [19.063020539612687, 47.472716686082585]]]}}, {"type": "Feature", "properties": {"id": 2533, "roomCode": "LD-3-415-01-13", "roomNumber": "3-415", "roomName": "3-415 Doktoranduszok", "roomType": "educational", "floorId": 18, "level": 3, "fillSource": "mvt"}, "geometry": {"type": "Polygon", "coordinates": [[[19.06302908543172, 47.47268854376448], [19.063037299696827, 47.47271585212467], [19.062961862568283, 47.472726163576496], [19.062953648303175, 47.47269896853437], [19.06302908543172, 47.47268854376448]]]}}, {"type": "Feature", "properties": {"id": 3333, "roomCode": "LD-3-416-01-13", "roomNumber": "3-416", "roomName": "3-416 Oktat\u00f3", "roomType": "educational", "floorId": 18, "level": 3, "fillSource": "mvt"}, "geometry": {"type": "Polygon", "coordinates": [[[19.063037505522203, 47.47266042977455], [19.06304571978731, 47.472687738120136], [19.062970282658767, 47.472698049566446], [19.062962236031723, 47.472670854538855], [19.063037505522203, 47.47266042977455]]]}}, {"type": "Feature", "properties": {"id": 2462, "roomCode": "LD-3-417-01-13", "roomNumber": "3-417", "roomName": "3-417 Oktat\u00f3", "roomType": "educational", "floorId": 18, "level": 3, "fillSource": "mvt"}, "geometry": {"type": "Polygon", "coordinates": [[[19.063048775459766, 47.472641352460805], [19.06305296641135, 47.47265574315982], [19.062974511797666, 47.47265574315982], [19.062973338331222, 47.47265177721954], [19.063048775459766, 47.472641352460805]]]}}, {"type": "Feature", "properties": {"id": 2346, "roomCode": "LD-3-418-01-13", "roomNumber": "3-418", "roomName": "3-418 Oktat\u00f3", "roomType": "educational", "floorId": 18, "level": 3, "fillSource": "mvt"}, "geometry": {"type": "Polygon", "coordinates": [[[19.063054429522204, 47.47260428544785], [19.063062643787312, 47.472631480932066], [19.062987206658768, 47.47264179254948], [19.062979160031723, 47.4726145970706], [19.063054429522204, 47.47260428544785]]]}}, {"type": "Feature", "properties": {"id": 3391, "roomCode": "LD-3-419-01-13", "roomNumber": "3-419", "roomName": "3-419 Oktat\u00f3", "roomType": "educational", "floorId": 18, "level": 3, "fillSource": "mvt"}, "geometry": {"type": "Polygon", "coordinates": [[[19.063062933431716, 47.47257614312928], [19.063071147696824, 47.47260333859895], [19.06299571056828, 47.47261376352526], [19.062987496303172, 47.47258645474652], [19.063062933431716, 47.47257614312928]]]}}, {"type": "Feature", "properties": {"id": 3796, "roomCode": "LD-3-420-01-13", "roomNumber": "3-420", "roomName": "3-420 Oktat\u00f3", "roomType": "educational", "floorId": 18, "level": 3, "fillSource": "mvt"}, "geometry": {"type": "Polygon", "coordinates": [[[19.063071395431717, 47.47254802913932], [19.063079609696825, 47.47257522459445], [19.06300417256828, 47.47258564951518], [19.062995958303173, 47.47255834075104], [19.063071395431717, 47.47254802913932]]]}}, {"type": "Feature", "properties": {"id": 2233, "roomCode": "LD-3-421-01-13", "roomNumber": "3-421", "roomName": "3-421 Oktat\u00f3", "roomType": "educational", "floorId": 18, "level": 3, "fillSource": "mvt"}, "geometry": {"type": "Polygon", "coordinates": [[[19.063079857431717, 47.47251991514936], [19.063088071696825, 47.47254711058995], [19.06301263456828, 47.47255753550511], [19.063004420303173, 47.47253022675557], [19.063079857431717, 47.47251991514936]]]}}, {"type": "Feature", "properties": {"id": 3766, "roomCode": "LD-3-422-01-13", "roomNumber": "3-422", "roomName": "3-422 Oktat\u00f3", "roomType": "educational", "floorId": 18, "level": 3, "fillSource": "mvt"}, "geometry": {"type": "Polygon", "coordinates": [[[19.063088319431717, 47.47249177283084], [19.063096533696825, 47.472518968256885], [19.06302109656828, 47.47252939316646], [19.063012882303173, 47.47250219774582], [19.063088319431717, 47.47249177283084]]]}}, {"type": "Feature", "properties": {"id": 2835, "roomCode": "LD-3-423-01-13", "roomNumber": "3-423", "roomName": "3-423 Oktat\u00f3", "roomType": "educational", "floorId": 18, "level": 3, "fillSource": "mvt"}, "geometry": {"type": "Polygon", "coordinates": [[[19.063096781431717, 47.4724636578409], [19.063104995696825, 47.4724908532524], [19.06302955856828, 47.472501278156415], [19.063021344303174, 47.47247408275031], [19.063096781431717, 47.4724636578409]]]}}, {"type": "Feature", "properties": {"id": 2999, "roomCode": "LD-3-424-01-14", "roomNumber": "3-424", "roomName": "3-424 Izot\u00f3p labor", "roomType": "educational", "floorId": 18, "level": 3, "fillSource": "mvt"}, "geometry": {"type": "Polygon", "coordinates": [[[19.06310717716494, 47.472433331854695], [19.06311539143005, 47.47246064056578], [19.063073146638065, 47.47246641958581], [19.063071805533557, 47.472462000335256], [19.063038613196998, 47.47246653289992], [19.063031740036397, 47.47244375675853], [19.06310717716494, 47.472433331854695]]]}}, {"type": "Feature", "properties": {"id": 3102, "roomCode": "LD-3-424/A-01-14", "roomNumber": "3-424/A", "roomName": "3-424/A Izot\u00f3p labor", "roomType": "educational", "floorId": 18, "level": 3, "fillSource": "mvt"}, "geometry": {"type": "Polygon", "coordinates": [[[19.06311376208247, 47.47241194681401], [19.063121808709514, 47.47243925551049], [19.06307956391753, 47.472445034527425], [19.063071517290485, 47.47241783914806], [19.06311376208247, 47.47241194681401]]]}}, {"type": "Feature", "properties": {"id": 2987, "roomCode": "LD-3-425-01-14", "roomNumber": "3-425", "roomName": "3-425 Vegyif\u00fclke", "roomType": "educational", "floorId": 18, "level": 3, "fillSource": "mvt"}, "geometry": {"type": "Polygon", "coordinates": [[[19.063068806931216, 47.47240739673203], [19.063078362300832, 47.47243912467586], [19.06304651106878, 47.47244343060962], [19.063036955699165, 47.4724118159825], [19.063068806931216, 47.47240739673203]]]}}, {"type": "Feature", "properties": {"id": 2849, "roomCode": "LD-3-501-01-13", "roomNumber": "3-501", "roomName": "3-501 Oktat\u00f3", "roomType": "educational", "floorId": 18, "level": 3, "fillSource": "mvt"}, "geometry": {"type": "Polygon", "coordinates": [[[19.063130671341234, 47.47235125753815], [19.06313871796828, 47.47237845289143], [19.0630634484778, 47.47238876445919], [19.06305523421269, 47.47236156911126], [19.063130671341234, 47.47235125753815]]]}}, {"type": "Feature", "properties": {"id": 2926, "roomCode": "LD-3-502-01-13", "roomNumber": "3-502", "roomName": "3-502 Oktat\u00f3", "roomType": "educational", "floorId": 18, "level": 3, "fillSource": "mvt"}, "geometry": {"type": "Polygon", "coordinates": [[[19.06313909143172, 47.47232311521971], [19.063147305696827, 47.47235031055844], [19.063071868568283, 47.47236073543455], [19.063063654303175, 47.4723334267873], [19.06313909143172, 47.47232311521971]]]}}, {"type": "Feature", "properties": {"id": 2390, "roomCode": "LD-3-503-01-13", "roomNumber": "3-503", "roomName": "3-503 Oktat\u00f3", "roomType": "educational", "floorId": 18, "level": 3, "fillSource": "mvt"}, "geometry": {"type": "Polygon", "coordinates": [[[19.063147470612687, 47.472294999229746], [19.063155684877795, 47.47232219455393], [19.063080415387315, 47.47233261942447], [19.063072201122207, 47.472305310791825], [19.063147470612687, 47.472294999229746]]]}}, {"type": "Feature", "properties": {"id": 2352, "roomCode": "LD-3-504-01-13", "roomNumber": "3-504", "roomName": "3-504 Oper\u00e1ci\u00f3kutat\u00e1si Tansz\u00e9k Tansz\u00e9kvezet\u0151", "roomType": "educational", "floorId": 18, "level": 3, "fillSource": "mvt"}, "geometry": {"type": "Polygon", "coordinates": [[[19.063156015570616, 47.4722387783386], [19.063172611738896, 47.472294075453426], [19.063097342248415, 47.472304500312816], [19.063080578442072, 47.47224908989516], [19.063156015570616, 47.4722387783386]]]}}, {"type": "Feature", "properties": {"id": 3468, "roomCode": "LD-3-504/A-01-13", "roomNumber": "3-504/A", "roomName": "3-504/A Oktat\u00f3", "roomType": "educational", "floorId": 18, "level": 3, "fillSource": "mvt"}, "geometry": {"type": "Polygon", "coordinates": [[[19.063172941431716, 47.472210628931464], [19.063181155696824, 47.47223782421203], [19.06310571856828, 47.47224824906584], [19.063097504303173, 47.47222105379068], [19.063172941431716, 47.472210628931464]]]}}, {"type": "Feature", "properties": {"id": 3695, "roomCode": "LD-3-505-01-13", "roomNumber": "3-505", "roomName": "3-505 Oktat\u00f3", "roomType": "educational", "floorId": 18, "level": 3, "fillSource": "mvt"}, "geometry": {"type": "Polygon", "coordinates": [[[19.063175552863303, 47.47218231097634], [19.06318376712841, 47.47220961955594], [19.063173708844605, 47.47221097931887], [19.063105647790852, 47.47221097931887], [19.063100283372822, 47.472192735829985], [19.063175552863303, 47.47218231097634]]]}}, {"type": "Feature", "properties": {"id": 3446, "roomCode": "LD-3-505/A-01-13", "roomNumber": "3-505/A", "roomName": "3-505/A Oktat\u00f3", "roomType": "educational", "floorId": 18, "level": 3, "fillSource": "mvt"}, "geometry": {"type": "Polygon", "coordinates": [[[19.063189865431717, 47.47215437229044], [19.063198079696825, 47.4721816813378], [19.06312264256828, 47.472191993049094], [19.063114428303173, 47.47216479732264], [19.063189865431717, 47.47215437229044]]]}}, {"type": "Feature", "properties": {"id": 3291, "roomCode": "LD-3-506-01-13", "roomNumber": "3-506", "roomName": "3-506 Oktat\u00f3", "roomType": "educational", "floorId": 18, "level": 3, "fillSource": "mvt"}, "geometry": {"type": "Polygon", "coordinates": [[[19.063198244612686, 47.47212625830051], [19.063206458877794, 47.47215356733328], [19.063131189387313, 47.47216387903905], [19.063122975122205, 47.47213668332715], [19.063198244612686, 47.47212625830051]]]}}, {"type": "Feature", "properties": {"id": 3598, "roomCode": "LD-3-507-01-13", "roomNumber": "3-507", "roomName": "3-507 Oktat\u00f3", "roomType": "educational", "floorId": 18, "level": 3, "fillSource": "mvt"}, "geometry": {"type": "Polygon", "coordinates": [[[19.063206789431717, 47.472098228297185], [19.063215003696826, 47.47212542399989], [19.06313956656828, 47.47213573570015], [19.063131352303174, 47.47210854000278], [19.063206789431717, 47.472098228297185]]]}}, {"type": "Feature", "properties": {"id": 2718, "roomCode": "LD-3-508-01-13", "roomNumber": "3-508", "roomName": "3-508 Doktorandusz szoba", "roomType": "educational", "floorId": 18, "level": 3, "fillSource": "mvt"}, "geometry": {"type": "Polygon", "coordinates": [[[19.063215167612686, 47.472070114307215], [19.063223381877794, 47.47209730999538], [19.063148112387314, 47.472107621690114], [19.063139898122206, 47.472080426007295], [19.063215167612686, 47.472070114307215]]]}}, {"type": "Feature", "properties": {"id": 3634, "roomCode": "LD-3-509-01-13", "roomNumber": "3-509", "roomName": "3-509 Oktat\u00f3", "roomType": "educational", "floorId": 18, "level": 3, "fillSource": "mvt"}, "geometry": {"type": "Polygon", "coordinates": [[[19.063223713431718, 47.47204197098843], [19.063231927696826, 47.472069166662045], [19.063156490568282, 47.472079591666535], [19.063148276303174, 47.472052282683], [19.063223713431718, 47.47204197098843]]]}}, {"type": "Feature", "properties": {"id": 2801, "roomCode": "LD-3-510-02-33", "roomNumber": "3-510", "roomName": "3-510 Matematikai Int\u00e9zet Titk\u00e1rs\u00e1g", "roomType": "administrative", "floorId": 18, "level": 3, "fillSource": "mvt"}, "geometry": {"type": "Polygon", "coordinates": [[[19.063232133522202, 47.472013856998466], [19.06324034778731, 47.47204105265754], [19.063164910658767, 47.472051477656464], [19.063156864031722, 47.47202416868753], [19.063232133522202, 47.472013856998466]]]}}, {"type": "Feature", "properties": {"id": 3456, "roomCode": "LD-3-511-01-13", "roomNumber": "3-511", "roomName": "3-511 Sz\u00e1m\u00edt\u00f3g\u00e9ptudom\u00e1nyi Tansz\u00e9k Tansz\u00e9kvezet\u0151 ", "roomType": "educational", "floorId": 18, "level": 3, "fillSource": "mvt"}, "geometry": {"type": "Polygon", "coordinates": [[[19.06324065338965, 47.471958052235685], [19.063257081919865, 47.472013010086165], [19.063181812429384, 47.47202332175892], [19.063165216261105, 47.47196836391923], [19.06324065338965, 47.471958052235685]]]}}, {"type": "Feature", "properties": {"id": 3125, "roomCode": "LD-3-512-04-63", "roomNumber": "3-512", "roomName": "3-512 El\u0151t\u00e9r", "roomType": "corridor", "floorId": 18, "level": 3, "fillSource": "mvt"}, "geometry": {"type": "Polygon", "coordinates": [[[19.063095519957596, 47.47207398240289], [19.063098872718864, 47.47208497399186], [19.063050090042406, 47.47209165959641], [19.063046737281137, 47.47208066800883], [19.063095519957596, 47.47207398240289]]]}}, {"type": "Feature", "properties": {"id": 2407, "roomCode": "LD-3-514-05-71", "roomNumber": "3-514", "roomName": "3-514 WC", "roomType": "social", "floorId": 18, "level": 3, "fillSource": "mvt"}, "geometry": {"type": "Polygon", "coordinates": [[[19.063086758028046, 47.47206045273424], [19.063091619531885, 47.47207665682434], [19.063081225971953, 47.4720781299232], [19.063076364468113, 47.47206181251822], [19.063086758028046, 47.47206045273424]]]}}, {"type": "Feature", "properties": {"id": 2673, "roomCode": "LD-3-515-05-71", "roomNumber": "3-515", "roomName": "3-515 WC", "roomType": "social", "floorId": 18, "level": 3, "fillSource": "mvt"}, "geometry": {"type": "Polygon", "coordinates": [[[19.063098481028046, 47.4720620150763], [19.063103342531885, 47.472078332482226], [19.063092948971953, 47.47207969226582], [19.063088087468113, 47.47206348817565], [19.063098481028046, 47.4720620150763]]]}}, {"type": "Feature", "properties": {"id": 3000, "roomCode": "LD-3-516-01-13", "roomNumber": "3-516", "roomName": "3-516 Opkut Tsz PhD szoba", "roomType": "educational", "floorId": 18, "level": 3, "fillSource": "mvt"}, "geometry": {"type": "Polygon", "coordinates": [[[19.063073221275392, 47.47207644459648], [19.063089482167545, 47.472130496052394], [19.06302125347573, 47.472139901226676], [19.063012703934493, 47.472136048504886], [19.062997784146848, 47.47208686961955], [19.063073221275392, 47.47207644459648]]]}}, {"type": "Feature", "properties": {"id": 2618, "roomCode": "LD-3-517-01-12", "roomNumber": "3-517", "roomName": "3-517", "roomType": "educational", "floorId": 18, "level": 3, "fillSource": "mvt"}, "geometry": {"type": "Polygon", "coordinates": [[[19.06305896828347, 47.47216143272047], [19.063062153406676, 47.47217219751128], [19.062983531154927, 47.47217219751128], [19.062983531154927, 47.472171744256976], [19.06305896828347, 47.47216143272047]]]}}, {"type": "Feature", "properties": {"id": 3377, "roomCode": "LD-3-518-01-12", "roomNumber": "3-518", "roomName": "3-518 Szemin\u00e1riumi \u00e9s konzult\u00e1ci\u00f3s terem 12 f\u0151", "roomType": "educational", "floorId": 18, "level": 3, "fillSource": "mvt"}, "geometry": {"type": "Polygon", "coordinates": [[[19.063034500570616, 47.47219278936734], [19.063051096738896, 47.472248086433765], [19.062975827248415, 47.47225851128403], [19.062959063442072, 47.47220310091488], [19.063034500570616, 47.47219278936734]]]}}, {"type": "Feature", "properties": {"id": 3200, "roomCode": "LD-3-520-04-63", "roomNumber": "3-520", "roomName": "3-520 F\u00e9rfi WC el\u0151t\u00e9r", "roomType": "corridor", "floorId": 18, "level": 3, "fillSource": "mvt"}, "geometry": {"type": "Polygon", "coordinates": [[[19.063024864866776, 47.47229748622531], [19.06303140275125, 47.47231946911534], [19.062962168231053, 47.472328987477255], [19.06295663617496, 47.47233453985424], [19.06294791899566, 47.472330573870735], [19.06295428924207, 47.47232400166885], [19.062949427738232, 47.472307797788275], [19.063024864866776, 47.47229748622531]]]}}, {"type": "Feature", "properties": {"id": 2324, "roomCode": "LD-3-521-05-71", "roomNumber": "3-521", "roomName": "3-521 F\u00e9rfi WC csoport", "roomType": "social", "floorId": 18, "level": 3, "fillSource": "mvt"}, "geometry": {"type": "Polygon", "coordinates": [[[19.063013487662197, 47.4722813864072], [19.063021701927305, 47.47230858172165], [19.06295012047422, 47.47231844001966], [19.062943582589746, 47.47229679708712], [19.062949282283903, 47.472291131396496], [19.063000747169376, 47.47228410593928], [19.06300041189325, 47.4722831994286], [19.063013487662197, 47.4722813864072]]]}}, {"type": "Feature", "properties": {"id": 2821, "roomCode": "LD-3-601-04-63", "roomNumber": "3-601", "roomName": "3-601 K\u00f6zleked\u0151", "roomType": "corridor", "floorId": 18, "level": 3, "fillSource": "mvt"}, "geometry": {"type": "Polygon", "coordinates": [[[19.062647028018105, 47.47187315079694], [19.06265021314131, 47.47188357581063], [19.062639651943314, 47.47188504891022], [19.062645016361344, 47.4719027261021], [19.06265557755934, 47.471901253003004], [19.062658595044482, 47.47191167801112], [19.06264820148455, 47.471913151109916], [19.062653398264516, 47.47193082829236], [19.062663959462512, 47.47192935519404], [19.062667144585717, 47.47193989351181], [19.062656751025784, 47.471941253294595], [19.062677370507586, 47.47200980896434], [19.062708551187384, 47.47200561630612], [19.062709221739638, 47.47200765597773], [19.062735373277533, 47.472004029894805], [19.062735373277533, 47.47202363340261], [19.062717436004746, 47.47202612633371], [19.06271961529957, 47.472033265181224], [19.06270402495967, 47.47203541816679], [19.06270201330291, 47.47202827931957], [19.062675861765015, 47.47203190540082], [19.062678208697903, 47.47203983745267], [19.062690613914597, 47.472038137727374], [19.062706036616433, 47.47208912946236], [19.062659768510926, 47.47209547509703], [19.062649877865184, 47.472062273821436], [19.06266043906318, 47.47206080072681], [19.0626594332348, 47.472057967852415], [19.062649039674866, 47.47205944094711], [19.06264585455166, 47.47204890265332], [19.062656415749657, 47.47204754287333], [19.062651051331628, 47.47202986573015], [19.06264049013363, 47.4720312255106], [19.062637305010426, 47.47202080052621], [19.062647866208422, 47.472019440745484], [19.062642501790393, 47.47200176359285], [19.06263210823046, 47.47200312337404], [19.062628923107255, 47.47199269838407], [19.06263948430525, 47.47199122528749], [19.06263411988722, 47.47197366144053], [19.062623558689225, 47.47197502122244], [19.06262037356602, 47.4719645962269], [19.062630934764016, 47.471963123129534], [19.062625570345986, 47.47194544595796], [19.062615176786053, 47.471946919055824], [19.06261199166285, 47.471936494054695], [19.062622552860844, 47.47193502095656], [19.062617188442815, 47.47191734377552], [19.06260662724482, 47.47191881687417], [19.062603442121613, 47.47190839186748], [19.06261400331961, 47.471906918768546], [19.062608806539643, 47.47188924157806], [19.062598245341647, 47.47189071467749], [19.06259506021844, 47.471880289665236], [19.062647028018105, 47.47187315079694]]]}}, {"type": "Feature", "properties": {"id": 2921, "roomCode": "LD-3-602-04-64", "roomNumber": "3-602", "roomName": "3-602 L\u00e9pcs\u0151h\u00e1z", "roomType": "corridor", "floorId": 18, "level": 3, "fillSource": "mvt"}, "geometry": {"type": "Polygon", "coordinates": [[[19.062675585011128, 47.47196479903755], [19.062675585011128, 47.471989048477745], [19.062646751264218, 47.47199312782172], [19.062648595282916, 47.47199890689182], [19.062632837304953, 47.47200105987856], [19.062624120125655, 47.4719719378926], [19.062675585011128, 47.47196479903755]]]}}, {"type": "Feature", "properties": {"id": 3404, "roomCode": "LD-3-603-01-13", "roomNumber": "3-603", "roomName": "3-603 Doktorandusz", "roomType": "educational", "floorId": 18, "level": 3, "fillSource": "mvt"}, "geometry": {"type": "Polygon", "coordinates": [[[19.06272083753616, 47.47198601123287], [19.06273609259993, 47.47203700306978], [19.062697703483405, 47.472042328881], [19.062683957162204, 47.47199620960421], [19.062689489218297, 47.471990317212125], [19.06272083753616, 47.47198601123287]]]}}, {"type": "Feature", "properties": {"id": 3536, "roomCode": "LD-3-604-01-13", "roomNumber": "3-604", "roomName": "3-604 Oktat\u00f3", "roomType": "educational", "floorId": 18, "level": 3, "fillSource": "mvt"}, "geometry": {"type": "Polygon", "coordinates": [[[19.06275855194524, 47.47198787885642], [19.062773807009012, 47.47203887069882], [19.06273357387379, 47.472044423140886], [19.062718151171953, 47.47199343130387], [19.06275855194524, 47.47198787885642]]]}}, {"type": "Feature", "properties": {"id": 3188, "roomCode": "LD-3-605-02-33", "roomNumber": "3-605", "roomName": "3-605 Sz\u00e1m\u00edt\u00f3g\u00e9ptudom\u00e1nyi Tansz\u00e9k  Adatrosta Projekt Titk\u00e1rs\u00e1g", "roomType": "administrative", "floorId": 18, "level": 3, "fillSource": "mvt"}, "geometry": {"type": "Polygon", "coordinates": [[[19.062800102035727, 47.47199368383976], [19.0628153570995, 47.4720445623725], [19.062775123964276, 47.47205011481519], [19.062759868900503, 47.47199912297257], [19.062800102035727, 47.47199368383976]]]}}, {"type": "Feature", "properties": {"id": 3305, "roomCode": "LD-3-606-01-13", "roomNumber": "3-606", "roomName": "3-606 Oktat\u00f3", "roomType": "educational", "floorId": 18, "level": 3, "fillSource": "mvt"}, "geometry": {"type": "Polygon", "coordinates": [[[19.062841695035726, 47.47199931885025], [19.062856950099498, 47.47205031070376], [19.062816716964274, 47.47205586314705], [19.062801461900502, 47.47200487129893], [19.062841695035726, 47.47199931885025]]]}}, {"type": "Feature", "properties": {"id": 3803, "roomCode": "LD-3-607-01-12", "roomNumber": "3-607", "roomName": "3-607 Sz\u00e1m\u00edt\u00f3g\u00e9ptudom\u00e1nyi tansz\u00e9k", "roomType": "educational", "floorId": 18, "level": 3, "fillSource": "mvt"}, "geometry": {"type": "Polygon", "coordinates": [[[19.062924829246075, 47.472005064963184], [19.06294025194791, 47.472056056827796], [19.062858276934893, 47.47206727503137], [19.06284302187112, 47.472016283177645], [19.062924829246075, 47.472005064963184]]]}}, {"type": "Feature", "properties": {"id": 2910, "roomCode": "LD-3-609-01-13", "roomNumber": "3-609", "roomName": "3-609 Oktat\u00f3", "roomType": "educational", "floorId": 18, "level": 3, "fillSource": "mvt"}, "geometry": {"type": "Polygon", "coordinates": [[[19.06296643012621, 47.472016534498664], [19.062981852828045, 47.47206741305355], [19.06294145205476, 47.47207296549866], [19.062926196990986, 47.47202208694914], [19.06296643012621, 47.472016534498664]]]}}, {"type": "Feature", "properties": {"id": 3276, "roomCode": "LD-3-611-04-64", "roomNumber": "3-611", "roomName": "3-611 L\u00e9pcs\u0151h\u00e1z", "roomType": "corridor", "floorId": 18, "level": 3, "fillSource": "mvt"}, "geometry": {"type": "Polygon", "coordinates": [[[19.063083263519196, 47.47202122352944], [19.063091980698495, 47.47205011892134], [19.063076222720532, 47.4720522719107], [19.063074546339898, 47.47204660614906], [19.063017381760268, 47.472054538215176], [19.063010340961604, 47.47203119527432], [19.063083263519196, 47.47202122352944]]]}}, {"type": "Feature", "properties": {"id": 2611, "roomCode": "LD-3-612-04-63", "roomNumber": "3-612", "roomName": "3-612 K\u00f6zleked\u0151", "roomType": "corridor", "floorId": 18, "level": 3, "fillSource": "mvt"}, "geometry": {"type": "Polygon", "coordinates": [[[19.063146134475993, 47.47191865741938], [19.063149319599198, 47.47192908243666], [19.0631387584012, 47.471930555536765], [19.06314412281923, 47.47194823273475], [19.063154684017228, 47.471946759635145], [19.063157869140433, 47.47195718464685], [19.063147307942437, 47.471958657746164], [19.063152672360467, 47.471976334934695], [19.0631630659204, 47.47197486183588], [19.063166251043604, 47.471985286842006], [19.06315568984561, 47.471986759940535], [19.063161054263638, 47.472004437119615], [19.063171615461634, 47.47200296402159], [19.06317480058484, 47.47201338902214], [19.063164239386843, 47.472014862119885], [19.063169603804873, 47.472032539289515], [19.063179997364806, 47.472031066192265], [19.06318318248801, 47.472041491187255], [19.063172621290015, 47.4720429642842], [19.063173459480332, 47.472045797162835], [19.063184020678328, 47.47204443738111], [19.063194078962134, 47.47207763870817], [19.06314797849469, 47.47208398435192], [19.063132555792855, 47.4720329925502], [19.06314496100955, 47.472031292822614], [19.06314261407666, 47.47202324744468], [19.063116462538765, 47.472026873530666], [19.06311864183359, 47.472034012386715], [19.06310305149369, 47.47203616537486], [19.063100872198866, 47.472029026519095], [19.063074888299035, 47.472032539289515], [19.06307706759386, 47.47203967814479], [19.06306147725396, 47.47204183113271], [19.0630594655972, 47.47203469227772], [19.063033314059304, 47.47203831836291], [19.06303549335413, 47.472045457217405], [19.06301990301423, 47.472047610205074], [19.063017891357468, 47.47204047135088], [19.062991739819573, 47.472043984120525], [19.062993919114398, 47.47205112297426], [19.0629783287745, 47.47205327596169], [19.062976149479674, 47.47204613710826], [19.062950165579842, 47.472049763192665], [19.062952344874667, 47.47205690204561], [19.062936754534768, 47.47205905503281], [19.062934575239943, 47.472051916180156], [19.062908423702048, 47.47205542894904], [19.062910770634936, 47.47206256780122], [19.062895180295037, 47.47206472078819], [19.062884451458977, 47.47202959309498], [19.062900041798876, 47.47202744010657], [19.0629022210937, 47.47203457896255], [19.062928372631596, 47.4720309528771], [19.06292619333677, 47.47202381402062], [19.062941616038607, 47.472021774347176], [19.06294379533343, 47.47202879988875], [19.062969946871327, 47.47202517380289], [19.062967767576502, 47.472018148260844], [19.0629833579164, 47.47201599527196], [19.062985369573163, 47.472023134129486], [19.063011521111058, 47.472019508043246], [19.063009341816233, 47.47201236918522], [19.063024932156132, 47.47201032951132], [19.063026943812893, 47.47201735505442], [19.06303750501089, 47.47201599527196], [19.06303800792508, 47.472018148260844], [19.063098022351788, 47.472009876250446], [19.06309718416147, 47.47200760994601], [19.06312836484127, 47.47200341728252], [19.063107745359467, 47.47193486152144], [19.063097351799534, 47.47193622130599], [19.06309416667633, 47.47192579629014], [19.063146134475993, 47.47191865741938]]]}}, {"type": "Feature", "properties": {"id": 3795, "roomCode": "LD-3-613-01-13", "roomNumber": "3-613", "roomName": "3-613 Oktat\u00f3", "roomType": "educational", "floorId": 18, "level": 3, "fillSource": "mvt"}, "geometry": {"type": "Polygon", "coordinates": [[[19.06307606012621, 47.47194005988215], [19.063091482828046, 47.471991051678145], [19.06305108205476, 47.47199660411517], [19.063035826990987, 47.471945612324554], [19.06307606012621, 47.47194005988215]]]}}, {"type": "Feature", "properties": {"id": 3418, "roomCode": "LD-3-613/A-01-13", "roomNumber": "3-613/A", "roomName": "3-613/A Oktat\u00f3", "roomType": "educational", "floorId": 18, "level": 3, "fillSource": "mvt"}, "geometry": {"type": "Polygon", "coordinates": [[[19.063117610216693, 47.47194586486541], [19.06313303291853, 47.47199674335185], [19.063092799783306, 47.47200229578948], [19.06307737708147, 47.47195130399326], [19.063117610216693, 47.47194586486541]]]}}, {"type": "Feature", "properties": {"id": 3720, "roomCode": "LD-3-614-01-13", "roomNumber": "3-614", "roomName": "3-614 Oktat\u00f3", "roomType": "educational", "floorId": 18, "level": 3, "fillSource": "mvt"}, "geometry": {"type": "Polygon", "coordinates": [[[19.063034467126208, 47.47193433988518], [19.063049889828044, 47.47198533167569], [19.063009489054757, 47.47199088411212], [19.062994233990985, 47.47193989232699], [19.063034467126208, 47.47193433988518]]]}}, {"type": "Feature", "properties": {"id": 3763, "roomCode": "LD-3-615-02-33", "roomNumber": "3-615", "roomName": "3-615 Combinatorica szerkeszt\u0151s\u00e9ge", "roomType": "administrative", "floorId": 18, "level": 3, "fillSource": "mvt"}, "geometry": {"type": "Polygon", "coordinates": [[[19.06299287412621, 47.47192862088829], [19.063008296828045, 47.4719796126732], [19.062967896054758, 47.47198516510901], [19.062952640990986, 47.4719341733295], [19.06299287412621, 47.47192862088829]]]}}, {"type": "Feature", "properties": {"id": 2481, "roomCode": "LD-3-616-01-13", "roomNumber": "3-616", "roomName": "3-616 Oktat\u00f3", "roomType": "educational", "floorId": 18, "level": 3, "fillSource": "mvt"}, "geometry": {"type": "Polygon", "coordinates": [[[19.062951324035726, 47.47192290089135], [19.0629665790995, 47.471973892670746], [19.062926345964275, 47.47197944510596], [19.062911090900503, 47.47192845333195], [19.062951324035726, 47.47192290089135]]]}}, {"type": "Feature", "properties": {"id": 2345, "roomCode": "LD-3-617-02-33", "roomNumber": "3-617", "roomName": "3-617 Alkalmazott Anal\u00edzis \u00e9s Sz\u00e1m\u00edt\u00e1smatematikai Tansz\u00e9k \u00e9s Sz\u00e1m\u00edt\u00f3g\u00e9ptudom\u00e1nyi Tansz\u00e9k Titk\u00e1rs\u00e1g", "roomType": "administrative", "floorId": 18, "level": 3, "fillSource": "mvt"}, "geometry": {"type": "Polygon", "coordinates": [[[19.06290977294524, 47.47191718089445], [19.062925028009012, 47.47196817266825], [19.06288479487379, 47.47197372510285], [19.062869372171953, 47.471922733334445], [19.06290977294524, 47.47191718089445]]]}}, {"type": "Feature", "properties": {"id": 3487, "roomCode": "LD-3-618-02-33", "roomNumber": "3-618", "roomName": "3-618 Titk\u00e1rs\u00e1g Algebra \u00e9s Sz\u00e1melm\u00e9let Tansz\u00e9k \u00e9s Anal\u00edzis Tansz\u00e9k", "roomType": "administrative", "floorId": 18, "level": 3, "fillSource": "mvt"}, "geometry": {"type": "Polygon", "coordinates": [[[19.06286818094524, 47.4719114608975], [19.062883436009013, 47.47196245266579], [19.06284320287379, 47.471968005099804], [19.062827780171954, 47.4719170133369], [19.06286818094524, 47.4719114608975]]]}}, {"type": "Feature", "properties": {"id": 2950, "roomCode": "LD-3-619-01-13", "roomNumber": "3-619", "roomName": "3-619 Oktat\u00f3", "roomType": "educational", "floorId": 18, "level": 3, "fillSource": "mvt"}, "geometry": {"type": "Polygon", "coordinates": [[[19.062826587945242, 47.47190576922935], [19.062841843009014, 47.47195676099204], [19.06280160987379, 47.471962200110475], [19.062786187171955, 47.47191132166814], [19.062826587945242, 47.47190576922935]]]}}, {"type": "Feature", "properties": {"id": 3239, "roomCode": "LD-3-620-01-13", "roomNumber": "3-620", "roomName": "3-620 Oktat\u00f3", "roomType": "educational", "floorId": 18, "level": 3, "fillSource": "mvt"}, "geometry": {"type": "Polygon", "coordinates": [[[19.06278499594524, 47.471900020903654], [19.062800251009012, 47.471951012660845], [19.06276001787379, 47.47195656509365], [19.062744595171953, 47.47190557334184], [19.06278499594524, 47.471900020903654]]]}}, {"type": "Feature", "properties": {"id": 3395, "roomCode": "LD-3-621-01-13", "roomNumber": "3-621", "roomName": "3-621 Oktat\u00f3", "roomType": "educational", "floorId": 18, "level": 3, "fillSource": "mvt"}, "geometry": {"type": "Polygon", "coordinates": [[[19.062743278216693, 47.47189432923551], [19.06275870091853, 47.47194532098709], [19.062718467783306, 47.47195076010434], [19.06270304508147, 47.471899881673075], [19.062743278216693, 47.47189432923551]]]}}, {"type": "Feature", "properties": {"id": 3355, "roomCode": "LD-3-622-01-13", "roomNumber": "3-622", "roomName": "3-622 Oktat\u00f3", "roomType": "educational", "floorId": 18, "level": 3, "fillSource": "mvt"}, "geometry": {"type": "Polygon", "coordinates": [[[19.06270172712621, 47.47188858090981], [19.062717149828046, 47.471939572655906], [19.06267674905476, 47.471945125087494], [19.062661493990987, 47.47189413334679], [19.06270172712621, 47.47188858090981]]]}}, {"type": "Feature", "properties": {"id": 2461, "roomCode": "LD-3-623-01-13", "roomNumber": "3-623", "roomName": "3-623 Oktat\u00f3", "roomType": "educational", "floorId": 18, "level": 3, "fillSource": "mvt"}, "geometry": {"type": "Polygon", "coordinates": [[[19.06265945519205, 47.47188615837811], [19.062662640315256, 47.471896583360184], [19.062662640315256, 47.47193862321258], [19.0626344771206, 47.47194258923465], [19.062619222056828, 47.47189171081447], [19.06265945519205, 47.47188615837811]]]}}, {"type": "Feature", "properties": {"id": 2279, "roomCode": "LD-3-701-01-13", "roomNumber": "3-701", "roomName": "3-701 Alkalmazott Anal\u00edzis \u00e9s Sz\u00e1m\u00edt\u00e1smatematikai Tansz\u00e9k  Tansz\u00e9kvezet\u0151", "roomType": "educational", "floorId": 18, "level": 3, "fillSource": "mvt"}, "geometry": {"type": "Polygon", "coordinates": [[[19.062569931480134, 47.471865817292965], [19.062586527648413, 47.47192077504699], [19.06251109051987, 47.471931086701645], [19.06249449435159, 47.47187612895841], [19.062569931480134, 47.471865817292965]]]}}, {"type": "Feature", "properties": {"id": 3032, "roomCode": "LD-3-702-02-33", "roomNumber": "3-702", "roomName": "3-702 Oper\u00e1ci\u00f3kutat\u00e1si Tansz\u00e9k Titk\u00e1rs\u00e1g, Matematikatan\u00edt\u00e1si \u00e9s M\u00f3dszertani K\u00f6zpont Titk\u00e1rs\u00e1g", "roomType": "administrative", "floorId": 18, "level": 3, "fillSource": "mvt"}, "geometry": {"type": "Polygon", "coordinates": [[[19.062561537341235, 47.47192162203143], [19.06256958396828, 47.471948817642776], [19.0624943144778, 47.4719592426234], [19.06248610021269, 47.47193193370239], [19.062561537341235, 47.47192162203143]]]}}, {"type": "Feature", "properties": {"id": 2405, "roomCode": "LD-3-703-01-12", "roomNumber": "3-703", "roomName": "3-703 Oktat\u00f3i Sz\u00e1m\u00edt\u00f3g\u00e9pterem", "roomType": "educational", "floorId": 18, "level": 3, "fillSource": "mvt"}, "geometry": {"type": "Polygon", "coordinates": [[[19.06255303343172, 47.47194973702139], [19.062561247696827, 47.47197693264728], [19.062485810568283, 47.47198735763347], [19.062477596303175, 47.471960048697866], [19.06255303343172, 47.47194973702139]]]}}, {"type": "Feature", "properties": {"id": 2909, "roomCode": "LD-3-704-01-13", "roomNumber": "3-704", "roomName": "3-704 Oktat\u00f3", "roomType": "educational", "floorId": 18, "level": 3, "fillSource": "mvt"}, "geometry": {"type": "Polygon", "coordinates": [[[19.062544613341235, 47.47197787934013], [19.06255265996828, 47.47200507498056], [19.0624773904778, 47.472015386657205], [19.06246917621269, 47.47198819102212], [19.062544613341235, 47.47197787934013]]]}}, {"type": "Feature", "properties": {"id": 2756, "roomCode": "LD-3-705-01-13", "roomNumber": "3-705", "roomName": "3-705 Oktat\u00f3", "roomType": "educational", "floorId": 18, "level": 3, "fillSource": "mvt"}, "geometry": {"type": "Polygon", "coordinates": [[[19.06253610943172, 47.472005994330104], [19.062544323696827, 47.472033189985076], [19.062468886568283, 47.47204350166723], [19.062460672303175, 47.4720163060176], [19.06253610943172, 47.472005994330104]]]}}, {"type": "Feature", "properties": {"id": 3607, "roomCode": "LD-3-706-01-13", "roomNumber": "3-706", "roomName": "3-706 Oktat\u00f3", "roomType": "educational", "floorId": 18, "level": 3, "fillSource": "mvt"}, "geometry": {"type": "Polygon", "coordinates": [[[19.062527689341234, 47.47203402333358], [19.06253573596828, 47.47206133231841], [19.0624604664778, 47.472071644006085], [19.06245225221269, 47.47204444834191], [19.062527689341234, 47.47203402333358]]]}}, {"type": "Feature", "properties": {"id": 3770, "roomCode": "LD-3-707-01-13", "roomNumber": "3-707", "roomName": "3-707 Oktat\u00f3", "roomType": "educational", "floorId": 18, "level": 3, "fillSource": "mvt"}, "geometry": {"type": "Polygon", "coordinates": [[[19.062519184431718, 47.47206213832351], [19.062527398696826, 47.472089447322944], [19.062451961568282, 47.47209975901613], [19.062443747303174, 47.47207256333741], [19.062519184431718, 47.47206213832351]]]}}, {"type": "Feature", "properties": {"id": 2877, "roomCode": "LD-3-708-01-13", "roomNumber": "3-708", "roomName": "3-708 Oktat\u00f3", "roomType": "educational", "floorId": 18, "level": 3, "fillSource": "mvt"}, "geometry": {"type": "Polygon", "coordinates": [[[19.062510722431718, 47.472090250313435], [19.062518936696826, 47.47211755932748], [19.062443499568282, 47.472127871026174], [19.062435285303174, 47.47210067533292], [19.062510722431718, 47.472090250313435]]]}}, {"type": "Feature", "properties": {"id": 2585, "roomCode": "LD-3-709-01-13", "roomNumber": "3-709", "roomName": "3-709 Oktat\u00f3", "roomType": "educational", "floorId": 18, "level": 3, "fillSource": "mvt"}, "geometry": {"type": "Polygon", "coordinates": [[[19.062502260431717, 47.47211839363222], [19.062510474696825, 47.472145589345416], [19.06243503756828, 47.47215601436508], [19.062426823303174, 47.47212881865728], [19.062502260431717, 47.47211839363222]]]}}, {"type": "Feature", "properties": {"id": 2968, "roomCode": "LD-3-710-01-13", "roomNumber": "3-710", "roomName": "3-710 Oktat\u00f3", "roomType": "educational", "floorId": 18, "level": 3, "fillSource": "mvt"}, "geometry": {"type": "Polygon", "coordinates": [[[19.062493798431717, 47.47214653595105], [19.062502012696825, 47.472173731678794], [19.06242657556828, 47.472184156704024], [19.062418361303173, 47.47215684766614], [19.062493798431717, 47.47214653595105]]]}}, {"type": "Feature", "properties": {"id": 2856, "roomCode": "LD-3-710/A-01-13", "roomNumber": "3-710/A", "roomName": "3-710/A Oktat\u00f3", "roomType": "educational", "floorId": 18, "level": 3, "fillSource": "mvt"}, "geometry": {"type": "Polygon", "coordinates": [[[19.06248917534337, 47.472182147768116], [19.06249554558978, 47.47220311115155], [19.062420108461236, 47.47221353618235], [19.06241206183419, 47.472186227129875], [19.06244173377142, 47.472182147768116], [19.06248917534337, 47.472182147768116]]]}}, {"type": "Feature", "properties": {"id": 2705, "roomCode": "LD-3-711-01-13", "roomNumber": "3-711", "roomName": "3-711 Oktat\u00f3", "roomType": "educational", "floorId": 18, "level": 3, "fillSource": "mvt"}, "geometry": {"type": "Polygon", "coordinates": [[[19.062476874431717, 47.472202767262715], [19.062485088696825, 47.472229962539174], [19.06240965156828, 47.472240387391416], [19.062401437303173, 47.47221307880669], [19.062476874431717, 47.472202767262715]]]}}, {"type": "Feature", "properties": {"id": 2965, "roomCode": "LD-3-711/A-01-13", "roomNumber": "3-711/A", "roomName": "3-711/A Oktat\u00f3", "roomType": "educational", "floorId": 18, "level": 3, "fillSource": "mvt"}, "geometry": {"type": "Polygon", "coordinates": [[[19.0624683705222, 47.47223090958109], [19.06247658478731, 47.47225810487208], [19.062401147658765, 47.47226841641625], [19.06239310103172, 47.47224122113058], [19.0624683705222, 47.47223090958109]]]}}, {"type": "Feature", "properties": {"id": 2959, "roomCode": "LD-3-712-01-13", "roomNumber": "3-712", "roomName": "3-712 Oktat\u00f3", "roomType": "educational", "floorId": 18, "level": 3, "fillSource": "mvt"}, "geometry": {"type": "Polygon", "coordinates": [[[19.062460126341232, 47.47225895184096], [19.062468172968277, 47.47228535394989], [19.062392735839733, 47.472295665499566], [19.062384856850752, 47.47226937670959], [19.062460126341232, 47.47225895184096]]]}}, {"type": "Feature", "properties": {"id": 2267, "roomCode": "LD-3-713-05-71", "roomNumber": "3-713", "roomName": "3-713 F\u00e9rfi WC el\u0151t\u00e9r, WC", "roomType": "social", "floorId": 18, "level": 3, "fillSource": "mvt"}, "geometry": {"type": "Polygon", "coordinates": [[[19.06258360727169, 47.47224591398603], [19.06258846877553, 47.47226211785238], [19.062598024145146, 47.47226631046035], [19.062592156812926, 47.472272316087384], [19.06258411018588, 47.4722686900485], [19.062514875665684, 47.47227832171374], [19.062508170143147, 47.47225633885167], [19.06258360727169, 47.47224591398603]]]}}, {"type": "Feature", "properties": {"id": 3203, "roomCode": "LD-3-714-05-71", "roomNumber": "3-714", "roomName": "3-714 F\u00e9rfi WC csoport", "roomType": "social", "floorId": 18, "level": 3, "fillSource": "mvt"}, "geometry": {"type": "Polygon", "coordinates": [[[19.062610802951696, 47.472226735798245], [19.062617173198106, 47.472247698829555], [19.06254559174502, 47.47225755711707], [19.062537377479913, 47.47223036183669], [19.062564870122316, 47.472227415680464], [19.06256654650295, 47.47223285473798], [19.062610802951696, 47.472226735798245]]]}}, {"type": "Feature", "properties": {"id": 3830, "roomCode": "LD-3-715-01-12", "roomNumber": "3-715", "roomName": "3-715 Matematikai Szakm\u00f3dszetani csoport", "roomType": "educational", "floorId": 18, "level": 3, "fillSource": "mvt"}, "geometry": {"type": "Polygon", "coordinates": [[[19.062618732331885, 47.47217532944164], [19.062630131720198, 47.472213516130594], [19.062551677106512, 47.472213516130594], [19.062543462841404, 47.47218575429717], [19.062618732331885, 47.47217532944164]]]}}, {"type": "Feature", "properties": {"id": 2677, "roomCode": "LD-3-716-01-12", "roomNumber": "3-716", "roomName": "D 3-716", "roomType": "educational", "floorId": 18, "level": 3, "fillSource": "mvt"}, "geometry": {"type": "Polygon", "coordinates": [[[19.062632278480134, 47.47210813318247], [19.062648874648414, 47.47216354445211], [19.06257343751987, 47.47217385615434], [19.06255684135159, 47.47211855821108], [19.062632278480134, 47.47210813318247]]]}}, {"type": "Feature", "properties": {"id": 3654, "roomCode": "LD-3-717-01-13", "roomNumber": "3-717", "roomName": "3-717 Oktat\u00f3", "roomType": "educational", "floorId": 18, "level": 3, "fillSource": "mvt"}, "geometry": {"type": "Polygon", "coordinates": [[[19.062649078612687, 47.47208009830365], [19.062657292877795, 47.47210729399698], [19.062582023387314, 47.47211760569368], [19.062573809122206, 47.4720904100057], [19.062649078612687, 47.47208009830365]]]}}, {"type": "Feature", "properties": {"id": 3788, "roomCode": "LD-3-719-01-12", "roomNumber": "3-719", "roomName": "3-719 Alkalmazott anal\u00edzis tansz\u00e9k", "roomType": "educational", "floorId": 18, "level": 3, "fillSource": "mvt"}, "geometry": {"type": "Polygon", "coordinates": [[[19.062652510795324, 47.47202764473864], [19.06265821048948, 47.47204645508462], [19.06265821048948, 47.47208305591927], [19.062593334558933, 47.47209200782231], [19.06257707366678, 47.472037956435166], [19.062652510795324, 47.47202764473864]]]}}, {"type": "Feature", "properties": {"id": 2523, "roomCode": "LD-3-720-04-63", "roomNumber": "3-720", "roomName": "3-720 El\u0151t\u00e9r", "roomType": "corridor", "floorId": 18, "level": 3, "fillSource": "mvt"}, "geometry": {"type": "Polygon", "coordinates": [[[19.062637352957594, 47.472010973413475], [19.062640705718863, 47.47202196498929], [19.062591923042405, 47.47202865058581], [19.062588570281136, 47.472017659011414], [19.062637352957594, 47.472010973413475]]]}}, {"type": "Feature", "properties": {"id": 3709, "roomCode": "LD-3-722-05-71", "roomNumber": "3-722", "roomName": "3-722 WC", "roomType": "social", "floorId": 18, "level": 3, "fillSource": "mvt"}, "geometry": {"type": "Polygon", "coordinates": [[[19.062614859209013, 47.47199551008752], [19.062619888350916, 47.47201182747279], [19.062609494790983, 47.472013187254674], [19.06260446564908, 47.47199698318501], [19.062614859209013, 47.47199551008752]]]}}, {"type": "Feature", "properties": {"id": 2783, "roomCode": "LD-3-723-05-71", "roomNumber": "3-723", "roomName": "3-723 WC", "roomType": "social", "floorId": 18, "level": 3, "fillSource": "mvt"}, "geometry": {"type": "Polygon", "coordinates": [[[19.062603132209016, 47.47199390408778], [19.06260816135092, 47.47201022147257], [19.062597767790987, 47.472011581254414], [19.062592738649084, 47.47199537718523], [19.062603132209016, 47.47199390408778]]]}}, {"type": "Feature", "properties": {"id": 2442, "roomCode": "LD-4-101-04-63", "roomNumber": "4-101", "roomName": "4-101 K\u00f6zleked\u0151", "roomType": "corridor", "floorId": 17, "level": 4, "fillSource": "mvt"}, "geometry": {"type": "Polygon", "coordinates": [[[19.062869776890945, 47.47224691970431], [19.06287480603285, 47.47226369019961], [19.06288519959278, 47.47226221711578], [19.062888384715986, 47.47227275532997], [19.06287782351799, 47.472274115099395], [19.06288318793602, 47.47229179209865], [19.062893581495953, 47.472290319015606], [19.062896766619158, 47.47230085722418], [19.062886373059225, 47.47230233030692], [19.062889222906303, 47.47231150874465], [19.062976227061224, 47.47229961076951], [19.062984441326332, 47.47232680613732], [19.062897269533348, 47.47233870410631], [19.062900119380426, 47.472347995851656], [19.06291051294036, 47.47234652277018], [19.062913698063564, 47.472357060967475], [19.06290330450363, 47.47235853404865], [19.06290866892166, 47.47237609770561], [19.062919062481594, 47.47237462462493], [19.062922079966736, 47.47238516281659], [19.062911686406803, 47.47238663589697], [19.06291688318677, 47.47240431285838], [19.062927444384766, 47.472402839778496], [19.06293062950797, 47.47241326465067], [19.062920068309975, 47.472414737730276], [19.06292476217575, 47.47242969515155], [19.062893581495953, 47.47243388776129], [19.06288318793602, 47.472399666990896], [19.062872794376087, 47.47240102675703], [19.062870112167072, 47.47239241490424], [19.062880505727005, 47.472390941824024], [19.062868268148375, 47.47235003550285], [19.062774893747044, 47.47236295329192], [19.06277170862384, 47.47235286835161], [19.062763829634857, 47.47235388817712], [19.06276600892968, 47.47236091364123], [19.062750418589783, 47.472363066605844], [19.062748239294958, 47.47235592782808], [19.062722087757063, 47.47235955387406], [19.062724267051887, 47.47236669265133], [19.062708844350052, 47.472368845615705], [19.062706665055227, 47.47236170683873], [19.062680513517332, 47.4723653328843], [19.062682692812157, 47.47237235834688], [19.06266727011032, 47.47237451131103], [19.062665090815496, 47.47236737253482], [19.0626389392776, 47.472370998580004], [19.062641118572426, 47.47237813735572], [19.06262569587059, 47.472380177005746], [19.06262368421383, 47.472373151544204], [19.06259736503787, 47.472376664275096], [19.062599544332695, 47.47238380305004], [19.06258412163086, 47.47238595601373], [19.062581942336035, 47.47237881723907], [19.06255579079814, 47.472382443283465], [19.062557970092964, 47.472389582057616], [19.06254254739113, 47.47239173502106], [19.062540368096304, 47.472384596247196], [19.06251421655841, 47.47238810897732], [19.062516395853233, 47.47239524775072], [19.062500805513334, 47.47239740071392], [19.062498793856573, 47.472390261940824], [19.062495944009495, 47.472390601882424], [19.062495944009495, 47.47236148021087], [19.062505834655237, 47.47236012044371], [19.062507846312, 47.4723672592209], [19.062533997849894, 47.47236363317547], [19.06253181855507, 47.472356494397786], [19.062547408894968, 47.472354454746835], [19.06254942055173, 47.47236148021087], [19.062575572089624, 47.47235796747897], [19.062573560432863, 47.47235082870051], [19.0625889831347, 47.4723486757354], [19.062591162429523, 47.4723557012002], [19.062617146329355, 47.472352188467916], [19.06261496703453, 47.472345163002636], [19.06263055737443, 47.472343010037285], [19.062632736669254, 47.47235003550285], [19.062658720569086, 47.47234640945623], [19.06265654127426, 47.47233938399017], [19.06267213161416, 47.47233723102458], [19.062674310908985, 47.47234425649093], [19.062700294808817, 47.47234074375787], [19.062698283152056, 47.47233371829106], [19.062713873491955, 47.47233156532524], [19.062715885148716, 47.47233859079234], [19.062741869048548, 47.47233496474492], [19.062739857391787, 47.472327939277335], [19.062755447731686, 47.47232578631128], [19.062757459388447, 47.47233281177915], [19.062765338377428, 47.47233179195322], [19.062762320892286, 47.47232170700693], [19.06285586293168, 47.472308789207716], [19.06284362535305, 47.4722678828226], [19.062833064155054, 47.47226935590627], [19.062830549584103, 47.47226063071776], [19.062840943144035, 47.47225915763384], [19.062838596211147, 47.47225122564281], [19.062869776890945, 47.47224691970431]]]}}, {"type": "Feature", "properties": {"id": 3020, "roomCode": "LD-4-102-01-14", "roomNumber": "4-102", "roomName": "4-102 Hideg szoba", "roomType": "educational", "floorId": 17, "level": 4, "fillSource": "mvt"}, "geometry": {"type": "Polygon", "coordinates": [[[19.062881923882802, 47.472320670479], [19.062888964681466, 47.47234435308226], [19.062851246117194, 47.47234956551982], [19.06284420531853, 47.47232588291891], [19.062881923882802, 47.472320670479]]]}}, {"type": "Feature", "properties": {"id": 3676, "roomCode": "LD-4-103-01-14", "roomNumber": "4-103", "roomName": "4-103 Termoszt\u00e1t labor", "roomType": "educational", "floorId": 17, "level": 4, "fillSource": "mvt"}, "geometry": {"type": "Polygon", "coordinates": [[[19.062835632553924, 47.47228842675331], [19.062843511542905, 47.472314828886944], [19.062885085782636, 47.472309049880295], [19.062892461857427, 47.47233363898265], [19.062810654482472, 47.47234497036236], [19.062795231780637, 47.47229397913445], [19.062835632553924, 47.47228842675331]]]}}, {"type": "Feature", "properties": {"id": 2788, "roomCode": "LD-4-104-01-14", "roomNumber": "4-104", "roomName": "4-104 N\u00f6v\u00e9nyszervezettani laborat\u00f3rium", "roomType": "educational", "floorId": 17, "level": 4, "fillSource": "mvt"}, "geometry": {"type": "Polygon", "coordinates": [[[19.06281493369529, 47.47226369731956], [19.06283018875906, 47.47231468854736], [19.062665065266582, 47.47233746461312], [19.062657018639538, 47.47231049593715], [19.062657018639538, 47.472285453582806], [19.06281493369529, 47.47226369731956]]]}}, {"type": "Feature", "properties": {"id": 3230, "roomCode": "LD-4-105-01-14", "roomNumber": "4-105", "roomName": "4-105 El\u0151k\u00e9sz\u00edt\u0151", "roomType": "educational", "floorId": 17, "level": 4, "fillSource": "mvt"}, "geometry": {"type": "Polygon", "coordinates": [[[19.062639682116576, 47.472254770934754], [19.06265510481841, 47.472305762140344], [19.062624594690867, 47.47230995474838], [19.06261353057868, 47.47230508225793], [19.062609004350968, 47.47229012484256], [19.062614201130934, 47.47228944495995], [19.062605316313572, 47.47225953011605], [19.062639682116576, 47.472254770934754]]]}}, {"type": "Feature", "properties": {"id": 2294, "roomCode": "LD-4-107-04-64", "roomNumber": "4-107", "roomName": "4-107 L\u00e9pcs\u0151h\u00e1z", "roomType": "corridor", "floorId": 17, "level": 4, "fillSource": "mvt"}, "geometry": {"type": "Polygon", "coordinates": [[[19.06258311289649, 47.47233608355475], [19.062590153695155, 47.47235931291432], [19.062525277764607, 47.47236826471356], [19.062525780678797, 47.4723699644221], [19.062510190338898, 47.47237211738618], [19.062502646626044, 47.4723470750091], [19.06258311289649, 47.47233608355475]]]}}, {"type": "Feature", "properties": {"id": 3416, "roomCode": "LD-4-108-01-14", "roomNumber": "4-108", "roomName": "4-108 Hallgat\u00f3i labor 1", "roomType": "educational", "floorId": 17, "level": 4, "fillSource": "mvt"}, "geometry": {"type": "Polygon", "coordinates": [[[19.062699708807344, 47.47235127559119], [19.062699708807344, 47.47240441985441], [19.062624104040736, 47.47241484473556], [19.062615219223375, 47.47238492985367], [19.06261002244341, 47.472385609737536], [19.062605328577632, 47.47237019903436], [19.06261203410017, 47.47236340019329], [19.062699708807344, 47.47235127559119]]]}}, {"type": "Feature", "properties": {"id": 3294, "roomCode": "LD-4-109-01-14", "roomNumber": "4-109", "roomName": "4-109 El\u0151k\u00e9sz\u00edt\u0151", "roomType": "educational", "floorId": 17, "level": 4, "fillSource": "mvt"}, "geometry": {"type": "Polygon", "coordinates": [[[19.06273172794524, 47.47236486181002], [19.062746983009013, 47.47241573980345], [19.06270674987379, 47.472421292187285], [19.062691327171954, 47.472370414199226], [19.06273172794524, 47.47236486181002]]]}}, {"type": "Feature", "properties": {"id": 3149, "roomCode": "LD-4-110-01-14", "roomNumber": "4-110", "roomName": "4-110 N\u00f6v\u00e9ny\u00e9lettani laborat\u00f3rium", "roomType": "educational", "floorId": 17, "level": 4, "fillSource": "mvt"}, "geometry": {"type": "Polygon", "coordinates": [[[19.062855846924013, 47.47238015812587], [19.062866072845882, 47.47238469069041], [19.062870599073594, 47.47240010140687], [19.062865402293628, 47.47240078129132], [19.062874454749053, 47.472430696198245], [19.062715198588794, 47.47245256579745], [19.062699943525022, 47.47240157448983], [19.062855846924013, 47.47238015812587]]]}}, {"type": "Feature", "properties": {"id": 2852, "roomCode": "LD-4-111-04-64", "roomNumber": "4-111", "roomName": "4-111 L\u00e9pcs\u0151h\u00e1z", "roomType": "corridor", "floorId": 17, "level": 4, "fillSource": "mvt"}, "geometry": {"type": "Polygon", "coordinates": [[[19.062973259124984, 47.47239415238279], [19.06298080283784, 47.47241919479173], [19.062965044859876, 47.47242134775846], [19.062964541945686, 47.4724196480479], [19.062899666015138, 47.472428599856265], [19.062892625216474, 47.47240525716289], [19.062973259124984, 47.47239415238279]]]}}, {"type": "Feature", "properties": {"id": 3139, "roomCode": "LD-4-112-01-14", "roomNumber": "4-112", "roomName": "4-112 Fot\u00f3", "roomType": "educational", "floorId": 17, "level": 4, "fillSource": "mvt"}, "geometry": {"type": "Polygon", "coordinates": [[[19.06291861386878, 47.472329268586954], [19.062925151753255, 47.472350798229186], [19.06289061831219, 47.472355557412065], [19.062884248065778, 47.47233402777179], [19.06291861386878, 47.472329268586954]]]}}, {"type": "Feature", "properties": {"id": 2719, "roomCode": "LD-4-113-01-14", "roomNumber": "4-113", "roomName": "4-113 S\u00f6t\u00e9tkamra", "roomType": "educational", "floorId": 17, "level": 4, "fillSource": "mvt"}, "geometry": {"type": "Polygon", "coordinates": [[[19.062921681676325, 47.4722979275402], [19.06292972830337, 47.47232432966791], [19.06292721373242, 47.47232670925816], [19.062895865414557, 47.47233124181075], [19.062887315873322, 47.472302686723], [19.062921681676325, 47.4722979275402]]]}}, {"type": "Feature", "properties": {"id": 3073, "roomCode": "LD-4-201-04-63", "roomNumber": "4-201", "roomName": "4-201 K\u00f6zleked\u0151", "roomType": "corridor", "floorId": 17, "level": 4, "fillSource": "mvt"}, "geometry": {"type": "Polygon", "coordinates": [[[19.062378738053255, 47.47248113532372], [19.062398854620866, 47.47254787758542], [19.0624092481808, 47.472546404497365], [19.062412433304004, 47.47255694274176], [19.06240187210601, 47.472558415829525], [19.062407236524038, 47.47257609287939], [19.062417797722034, 47.472574619792134], [19.06242098284524, 47.47258504471648], [19.062410421647243, 47.47258651780345], [19.062415786065273, 47.472604194843875], [19.062426179625206, 47.472602721757404], [19.06242936474841, 47.472613146676174], [19.062418803550415, 47.47261461976236], [19.062424167968445, 47.47263229679333], [19.06243472916644, 47.47263082370765], [19.062437914289646, 47.472641248620846], [19.06242735309165, 47.472642721706244], [19.06243271750968, 47.47266039872776], [19.062443111069612, 47.47265892564286], [19.062446296192817, 47.47266935055049], [19.06243573499482, 47.47267082363509], [19.06244109941285, 47.47268850064716], [19.062451660610847, 47.47268702756305], [19.062454845734052, 47.472697452465106], [19.06240287793439, 47.47270470456966], [19.062399692811184, 47.47269416635489], [19.06241025400918, 47.472692806585094], [19.06240488959115, 47.47267512957447], [19.062394328393154, 47.47267660265893], [19.06239114326995, 47.47266606443852], [19.062401704467945, 47.472664591353784], [19.062396340049915, 47.47264702764793], [19.062385946489982, 47.472648500733165], [19.062382761366777, 47.47263796250712], [19.062393322564773, 47.4726364894216], [19.062387958146743, 47.472618812392035], [19.062377396948747, 47.47262028547806], [19.062374211825542, 47.4726098605607], [19.06238477302354, 47.47260838747438], [19.06237940860551, 47.47259071043537], [19.062369015045576, 47.47259218352218], [19.06236582992237, 47.47258175859925], [19.062376391120367, 47.472580285512144], [19.062371026702337, 47.472562608463676], [19.06236046550434, 47.47256408155128], [19.062357280381136, 47.472553656622765], [19.062367841579132, 47.47255218353487], [19.062362477161102, 47.47253450647696], [19.06235208360117, 47.47253597956534], [19.062348898477964, 47.47252555463126], [19.06235945967596, 47.47252408154258], [19.06235409525793, 47.47250640447521], [19.062343534059934, 47.47250787756439], [19.06234034893673, 47.47249745262473], [19.062350910134725, 47.47249597953526], [19.062346383907013, 47.47248113532372], [19.062378738053255, 47.47248113532372]]]}}, {"type": "Feature", "properties": {"id": 3854, "roomCode": "LD-4-202-01-12", "roomNumber": "4-202", "roomName": "4-202", "roomType": "educational", "floorId": 17, "level": 4, "fillSource": "mvt"}, "geometry": {"type": "Polygon", "coordinates": [[[19.06244302543172, 47.472315167565554], [19.062451239696827, 47.47234247621411], [19.062375802568283, 47.47235278777481], [19.062367588303175, 47.472325592445515], [19.06244302543172, 47.472315167565554]]]}}, {"type": "Feature", "properties": {"id": 2317, "roomCode": "LD-4-206-01-12", "roomNumber": "4-206", "roomName": "4-206 S\u00e1rk\u00e1ny S\u00e1ndor terem", "roomType": "educational", "floorId": 17, "level": 4, "fillSource": "mvt"}, "geometry": {"type": "Polygon", "coordinates": [[[19.062409172709515, 47.47237146530147], [19.06243431841903, 47.472454864461625], [19.062358881290486, 47.47246528934734], [19.06233373558097, 47.472381776889584], [19.062409172709515, 47.47237146530147]]]}}, {"type": "Feature", "properties": {"id": 3199, "roomCode": "LD-4-207-04-63", "roomNumber": "4-207", "roomName": "4-207 el\u0151t\u00e9r", "roomType": "corridor", "floorId": 17, "level": 4, "fillSource": "mvt"}, "geometry": {"type": "Polygon", "coordinates": [[[19.062400622056092, 47.472472211450274], [19.06240632175025, 47.47249102160856], [19.062389557943906, 47.472493401206414], [19.06238385824975, 47.47247447773476], [19.062400622056092, 47.472472211450274]]]}}, {"type": "Feature", "properties": {"id": 3076, "roomCode": "LD-4-208-05-71", "roomNumber": "4-208", "roomName": "4-208 WC", "roomType": "social", "floorId": 17, "level": 4, "fillSource": "mvt"}, "geometry": {"type": "Polygon", "coordinates": [[[19.062406656165276, 47.47246379183336], [19.0624088354601, 47.47247127056899], [19.062392071653758, 47.47247365016647], [19.06238972472087, 47.47246617143118], [19.062406656165276, 47.47246379183336]]]}}, {"type": "Feature", "properties": {"id": 3023, "roomCode": "LD-4-209-05-73", "roomNumber": "4-209", "roomName": "4-209 F\u00e9rfi \u00f6lt\u00f6z\u0151", "roomType": "social", "floorId": 17, "level": 4, "fillSource": "mvt"}, "geometry": {"type": "Polygon", "coordinates": [[[19.062382514645744, 47.472459827955745], [19.062390728910852, 47.47248702336185], [19.06236273335426, 47.472490876043246], [19.06235451908915, 47.47246368063913], [19.062382514645744, 47.472459827955745]]]}}, {"type": "Feature", "properties": {"id": 3744, "roomCode": "LD-4-210-05-71", "roomNumber": "4-210", "roomName": "4-210 Mosd\u00f3-zuhany", "roomType": "social", "floorId": 17, "level": 4, "fillSource": "mvt"}, "geometry": {"type": "Polygon", "coordinates": [[[19.062353188826712, 47.47245573629984], [19.06236140309182, 47.47248304501805], [19.06233357517329, 47.47248689769915], [19.062325360908183, 47.47245958898294], [19.062353188826712, 47.47245573629984]]]}}, {"type": "Feature", "properties": {"id": 2675, "roomCode": "LD-4-211-01-14", "roomNumber": "4-211", "roomName": "4-211 Szomatom. \u00e9s ergon.labor", "roomType": "educational", "floorId": 17, "level": 4, "fillSource": "mvt"}, "geometry": {"type": "Polygon", "coordinates": [[[19.062375322709514, 47.472483868543925], [19.06240046841903, 47.47256738119688], [19.062325031290484, 47.47257769279068], [19.06229988558097, 47.47249429346851], [19.062375322709514, 47.472483868543925]]]}}, {"type": "Feature", "properties": {"id": 2232, "roomCode": "LD-4-212-04-63", "roomNumber": "4-212", "roomName": "4-212 El\u0151t\u00e9r", "roomType": "corridor", "floorId": 17, "level": 4, "fillSource": "mvt"}, "geometry": {"type": "Polygon", "coordinates": [[[19.062369288056093, 47.472576287100736], [19.06237498775025, 47.4725952106107], [19.062358223943907, 47.47259747689887], [19.06235252424975, 47.47257855338971], [19.062369288056093, 47.472576287100736]]]}}, {"type": "Feature", "properties": {"id": 3062, "roomCode": "LD-4-213-05-71", "roomNumber": "4-213", "roomName": "4-213 WC", "roomType": "social", "floorId": 17, "level": 4, "fillSource": "mvt"}, "geometry": {"type": "Polygon", "coordinates": [[[19.062366904074793, 47.47259601082096], [19.062369083369617, 47.47260348957541], [19.06235215192521, 47.47260586917887], [19.062349972630386, 47.472598390424764], [19.062366904074793, 47.47259601082096]]]}}, {"type": "Feature", "properties": {"id": 3731, "roomCode": "LD-4-214-05-73", "roomNumber": "4-214", "roomName": "4-214 N\u0151i \u00f6lt\u00f6z\u0151", "roomType": "social", "floorId": 17, "level": 4, "fillSource": "mvt"}, "geometry": {"type": "Polygon", "coordinates": [[[19.062348666645743, 47.47257228492251], [19.06235688091085, 47.47259948038684], [19.06232888535426, 47.472603333076485], [19.06232067108915, 47.47257613761414], [19.062348666645743, 47.47257228492251]]]}}, {"type": "Feature", "properties": {"id": 3376, "roomCode": "LD-4-215-05-71", "roomNumber": "4-215", "roomName": "4-215 Mosd\u00f3-zuhany", "roomType": "social", "floorId": 17, "level": 4, "fillSource": "mvt"}, "geometry": {"type": "Polygon", "coordinates": [[[19.06231933982671, 47.472568248923714], [19.06232755409182, 47.47259544438594], [19.06229972617329, 47.472599297075284], [19.06229151190818, 47.47257210161506], [19.06231933982671, 47.472568248923714]]]}}, {"type": "Feature", "properties": {"id": 2384, "roomCode": "LD-4-216-01-13", "roomNumber": "4-216", "roomName": "4-216 Oktat\u00f3", "roomType": "educational", "floorId": 17, "level": 4, "fillSource": "mvt"}, "geometry": {"type": "Polygon", "coordinates": [[[19.062358403431716, 47.47259631046478], [19.062366617696824, 47.47262361925942], [19.06229118056828, 47.472633930875276], [19.062282966303172, 47.47260673540051], [19.062358403431716, 47.47259631046478]]]}}, {"type": "Feature", "properties": {"id": 3141, "roomCode": "LD-4-217-01-13", "roomNumber": "4-217", "roomName": "4-217 Oktat\u00f3", "roomType": "educational", "floorId": 17, "level": 4, "fillSource": "mvt"}, "geometry": {"type": "Polygon", "coordinates": [[[19.062349983341235, 47.47262445178334], [19.06235802996828, 47.47265164727805], [19.0622827604778, 47.47266207221396], [19.06227454621269, 47.47263487672464], [19.062349983341235, 47.47262445178334]]]}}, {"type": "Feature", "properties": {"id": 3018, "roomCode": "LD-4-218-02-33", "roomNumber": "4-218", "roomName": "4-218 Embertani Tansz\u00e9k Titk\u00e1rs\u00e1g", "roomType": "administrative", "floorId": 17, "level": 4, "fillSource": "mvt"}, "geometry": {"type": "Polygon", "coordinates": [[[19.062343977238864, 47.47265005156549], [19.062352191503972, 47.472677246594365], [19.0622988825998, 47.47268461191227], [19.062275748547048, 47.47268461191227], [19.06226854011032, 47.47266036301559], [19.062343977238864, 47.47265005156549]]]}}, {"type": "Feature", "properties": {"id": 3299, "roomCode": "LD-4-219-01-13", "roomNumber": "4-219", "roomName": "4-219 Tansz\u00e9kvezet\u0151", "roomType": "educational", "floorId": 17, "level": 4, "fillSource": "mvt"}, "geometry": {"type": "Polygon", "coordinates": [[[19.06232470438965, 47.47268072326801], [19.062341132919865, 47.47273556662002], [19.062265863429385, 47.47274599138293], [19.062249267261105, 47.47269103472906], [19.06232470438965, 47.47268072326801]]]}}, {"type": "Feature", "properties": {"id": 3596, "roomCode": "LD-4-220-04-63", "roomNumber": "4-220", "roomName": "4-220 El\u0151t\u00e9r", "roomType": "corridor", "floorId": 17, "level": 4, "fillSource": "mvt"}, "geometry": {"type": "Polygon", "coordinates": [[[19.06245630004808, 47.47261235646847], [19.06245965280935, 47.4726233479759], [19.06241087013289, 47.47263003353084], [19.062407685009685, 47.47261904202481], [19.06245630004808, 47.47261235646847]]]}}, {"type": "Feature", "properties": {"id": 3729, "roomCode": "LD-4-222-05-71", "roomNumber": "4-222", "roomName": "4-222 WC", "roomType": "social", "floorId": 17, "level": 4, "fillSource": "mvt"}, "geometry": {"type": "Polygon", "coordinates": [[[19.062425206028045, 47.472625886137784], [19.062430067531885, 47.47264220343057], [19.062419673971952, 47.472643563204734], [19.062414812468113, 47.47262735922693], [19.062425206028045, 47.472625886137784]]]}}, {"type": "Feature", "properties": {"id": 3434, "roomCode": "LD-4-223-05-71", "roomNumber": "4-223", "roomName": "4-223 WC", "roomType": "social", "floorId": 17, "level": 4, "fillSource": "mvt"}, "geometry": {"type": "Polygon", "coordinates": [[[19.062413483028045, 47.47262426713805], [19.062418344531885, 47.47264058443034], [19.062407950971952, 47.47264194420446], [19.062403089468113, 47.47262574022714], [19.062413483028045, 47.47262426713805]]]}}, {"type": "Feature", "properties": {"id": 3717, "roomCode": "LD-4-224-01-14", "roomNumber": "4-224", "roomName": "4-224 Fot\u00f3", "roomType": "educational", "floorId": 17, "level": 4, "fillSource": "mvt"}, "geometry": {"type": "Polygon", "coordinates": [[[19.062456243316525, 47.472586109218724], [19.062464122305506, 47.472612058231185], [19.06242958886444, 47.47261670412289], [19.062421877513522, 47.47259086842721], [19.062456243316525, 47.472586109218724]]]}}, {"type": "Feature", "properties": {"id": 3453, "roomCode": "LD-4-225-01-14", "roomNumber": "4-225", "roomName": "4-225 El\u0151k\u00e9sz\u00edt\u0151", "roomType": "educational", "floorId": 17, "level": 4, "fillSource": "mvt"}, "geometry": {"type": "Polygon", "coordinates": [[[19.062487841577763, 47.47259378877868], [19.062496391118998, 47.472597528157145], [19.06250276136541, 47.47261871796341], [19.062463031144375, 47.47262415705668], [19.062455319793457, 47.472598208044104], [19.062487841577763, 47.47259378877868]]]}}, {"type": "Feature", "properties": {"id": 2900, "roomCode": "LD-4-226-01-14", "roomNumber": "4-226", "roomName": "4-226 Hum\u00e1nbiol\u00f3giai labor", "roomType": "educational", "floorId": 17, "level": 4, "fillSource": "mvt"}, "geometry": {"type": "Polygon", "coordinates": [[[19.062505219751586, 47.472529905156726], [19.06252198355793, 47.47258520257786], [19.062446546429385, 47.472595627495004], [19.062429950261105, 47.47254021677041], [19.062505219751586, 47.472529905156726]]]}}, {"type": "Feature", "properties": {"id": 3399, "roomCode": "LD-4-227-01-13", "roomNumber": "4-227", "roomName": "4-227 Doktorandusz", "roomType": "educational", "floorId": 17, "level": 4, "fillSource": "mvt"}, "geometry": {"type": "Polygon", "coordinates": [[[19.062522143751586, 47.47247367619183], [19.06253890755793, 47.472528973553835], [19.062463470429385, 47.47253939845982], [19.062446874261106, 47.47248398779449], [19.062522143751586, 47.47247367619183]]]}}, {"type": "Feature", "properties": {"id": 3570, "roomCode": "LD-4-228-01-14", "roomNumber": "4-228", "roomName": "4-228 Embertani szemin\u00e1riumi szoba", "roomType": "educational", "floorId": 17, "level": 4, "fillSource": "mvt"}, "geometry": {"type": "Polygon", "coordinates": [[[19.062539086570617, 47.472417837198044], [19.062555682738896, 47.472472794558634], [19.062480245610352, 47.472483106139485], [19.062463817080136, 47.47242826210385], [19.062539086570617, 47.472417837198044]]]}}, {"type": "Feature", "properties": {"id": 2220, "roomCode": "LD-4-229-05-71", "roomNumber": "4-229", "roomName": "4-229 N\u0151i WC el\u0151t\u00e9r", "roomType": "social", "floorId": 17, "level": 4, "fillSource": "mvt"}, "geometry": {"type": "Polygon", "coordinates": [[[19.062519477302505, 47.47236689923459], [19.062526182825042, 47.472388882148046], [19.062495672697498, 47.47239307476452], [19.06248896717496, 47.47237109185282], [19.062519477302505, 47.47236689923459]]]}}, {"type": "Feature", "properties": {"id": 3479, "roomCode": "LD-4-230-05-71", "roomNumber": "4-230", "roomName": "4-230 N\u0151i WC csoport", "roomType": "social", "floorId": 17, "level": 4, "fillSource": "mvt"}, "geometry": {"type": "Polygon", "coordinates": [[[19.06255648462814, 47.47237319795377], [19.0625653694455, 47.47237716394482], [19.062558831561027, 47.47238373615789], [19.062563693064867, 47.472399826745026], [19.062520274806438, 47.47240583238544], [19.0625135692839, 47.472383849471896], [19.06255112021011, 47.47237875034115], [19.06255648462814, 47.47237319795377]]]}}, {"type": "Feature", "properties": {"id": 2766, "roomCode": "LD-4-231-04-63", "roomNumber": "4-231", "roomName": "4-231 El\u0151t\u00e9r", "roomType": "corridor", "floorId": 17, "level": 4, "fillSource": "mvt"}, "geometry": {"type": "Polygon", "coordinates": [[[19.06251532441803, 47.47239185467504], [19.06251918009349, 47.47240454584619], [19.062504260305843, 47.47240669881243], [19.062501075182638, 47.47239582066636], [19.06251532441803, 47.47239185467504]]]}}, {"type": "Feature", "properties": {"id": 3061, "roomCode": "LD-4-232-05-73", "roomNumber": "4-232", "roomName": "4-232 N\u0151i \u00f6lt\u00f6z\u0151", "roomType": "social", "floorId": 17, "level": 4, "fillSource": "mvt"}, "geometry": {"type": "Polygon", "coordinates": [[[19.062555886915526, 47.47240035962682], [19.062562257161936, 47.472421322728245], [19.062518671265444, 47.472427328371985], [19.062512468657097, 47.47240636527295], [19.062555886915526, 47.47240035962682]]]}}, {"type": "Feature", "properties": {"id": 2941, "roomCode": "LD-4-233-05-71", "roomNumber": "4-233", "roomName": "4-233 Mosd\u00f3-zuhany", "roomType": "social", "floorId": 17, "level": 4, "fillSource": "mvt"}, "geometry": {"type": "Polygon", "coordinates": [[[19.062513180604117, 47.47240487250349], [19.062517036279576, 47.47241767699197], [19.06250261940612, 47.47242152966931], [19.062500440111297, 47.47241405094245], [19.062488705446857, 47.47241563733915], [19.062486526152032, 47.472408498553634], [19.062513180604117, 47.47240487250349]]]}}, {"type": "Feature", "properties": {"id": 2652, "roomCode": "LD-4-234-05-71", "roomNumber": "4-234", "roomName": "4-234 WC", "roomType": "social", "floorId": 17, "level": 4, "fillSource": "mvt"}, "geometry": {"type": "Polygon", "coordinates": [[[19.06249722775192, 47.47239113036541], [19.062502759808012, 47.47240960055223], [19.06249236624808, 47.472411073634326], [19.062486834191986, 47.472392603448036], [19.06249722775192, 47.47239113036541]]]}}, {"type": "Feature", "properties": {"id": 3343, "roomCode": "LD-4-301-04-63", "roomNumber": "4-301", "roomName": "4-301 K\u00f6zleked\u0151", "roomType": "corridor", "floorId": 17, "level": 4, "fillSource": "mvt"}, "geometry": {"type": "Polygon", "coordinates": [[[19.06289603808749, 47.472586599550866], [19.062906096371297, 47.47261980023357], [19.0628955351733, 47.472621159988044], [19.06289654100168, 47.47262399280975], [19.062906934561614, 47.47262263305535], [19.06291011968482, 47.472633171151045], [19.062899558486823, 47.472634530905175], [19.062904922904853, 47.47265209439287], [19.062915316464785, 47.47265073463919], [19.06291850158799, 47.472661272729255], [19.062908108028058, 47.472662632482646], [19.062913472446088, 47.47268030927369], [19.06292386600602, 47.472678836208], [19.062927051129225, 47.47268937429242], [19.062916657569293, 47.4726907340451], [19.06292185434926, 47.47270841082668], [19.062932247909192, 47.47270693776178], [19.062935433032397, 47.47271747584057], [19.062925039472464, 47.47271883559252], [19.062930403890494, 47.47273651236464], [19.062940797450427, 47.47273503930053], [19.062943982573632, 47.47274557737369], [19.0629335890137, 47.47274693712491], [19.062936941774968, 47.47275860832145], [19.062904587628726, 47.47275860832145], [19.0629024083339, 47.47275124300354], [19.06289201477397, 47.472752716067205], [19.062888829650763, 47.47274217799548], [19.062899223210696, 47.47274070493152], [19.062878603728894, 47.47267226406825], [19.062847423049096, 47.472676569953], [19.062846752496842, 47.472674190385156], [19.062786905708197, 47.472682575528516], [19.06278757626045, 47.47268461515778], [19.062777350338582, 47.47268608822332], [19.062779529633406, 47.4726932269249], [19.06276360401738, 47.47269537986647], [19.06276159236062, 47.47268824116517], [19.062735440822724, 47.47269186717231], [19.06273762011755, 47.472698892560416], [19.06272202977765, 47.47270104550175], [19.06272001812089, 47.472693906801204], [19.062693866582993, 47.47269753280794], [19.062696045877818, 47.47270467150799], [19.062680623175982, 47.472706824449084], [19.062678443881158, 47.47269968574934], [19.062652292343262, 47.47270331175568], [19.062654471638087, 47.47271033714227], [19.062638881298188, 47.472712490083126], [19.062636869641427, 47.47270535138414], [19.062619267644767, 47.472707730950575], [19.062619267644767, 47.47268597491058], [19.062630499395016, 47.472684501845045], [19.062628320100192, 47.47267736314226], [19.06264391044009, 47.47267521019997], [19.062645922096852, 47.47268234890304], [19.062672073634747, 47.472678722895246], [19.062669894339923, 47.472671697504445], [19.06268548467982, 47.47266954456191], [19.062687663974646, 47.472676683265746], [19.062713647874478, 47.47267305725757], [19.062711468579653, 47.47266591855323], [19.062727058919553, 47.47266376561047], [19.062729238214377, 47.472670904315095], [19.062755389752272, 47.47266727830651], [19.062753210457448, 47.472660252914174], [19.062768633159283, 47.47265809997117], [19.062770812454108, 47.472665238676576], [19.062796963992003, 47.47266161266761], [19.062794617059115, 47.47265447396171], [19.062810375037078, 47.47265232101847], [19.06281238669384, 47.47265945972467], [19.062838538231734, 47.47265583371529], [19.06283635893691, 47.47264880832142], [19.06285194927681, 47.47264665537795], [19.06285396093357, 47.47265379408491], [19.0628799448334, 47.47265016807514], [19.062877597900513, 47.47264212286509], [19.06286519268382, 47.47264382255746], [19.062849937620047, 47.47259294507546], [19.06289603808749, 47.472586599550866]]]}}, {"type": "Feature", "properties": {"id": 3543, "roomCode": "LD-4-302-04-64", "roomNumber": "4-302", "roomName": "4-302 L\u00e9pcs\u0151h\u00e1z", "roomType": "corridor", "floorId": 17, "level": 4, "fillSource": "mvt"}, "geometry": {"type": "Polygon", "coordinates": [[[19.062881826899833, 47.472701868958616], [19.06289054407913, 47.47273087701588], [19.062817789159602, 47.472740961844536], [19.06281074836094, 47.4727176194292], [19.06286791294057, 47.472709800850865], [19.062866236559934, 47.47270402190091], [19.062881826899833, 47.472701868958616]]]}}, {"type": "Feature", "properties": {"id": 2920, "roomCode": "LD-4-303-01-14", "roomNumber": "4-303", "roomName": "4-303 Elektrofor\u00e9zis labor", "roomType": "educational", "floorId": 17, "level": 4, "fillSource": "mvt"}, "geometry": {"type": "Polygon", "coordinates": [[[19.062812524906175, 47.47270617173609], [19.062815542391316, 47.47271625656697], [19.062777320912854, 47.47272158226339], [19.06277413578965, 47.47271149743354], [19.062812524906175, 47.47270617173609]]]}}, {"type": "Feature", "properties": {"id": 3155, "roomCode": "LD-4-305-01-13", "roomNumber": "4-305", "roomName": "4-305 Oktat\u00f3", "roomType": "educational", "floorId": 17, "level": 4, "fillSource": "mvt"}, "geometry": {"type": "Polygon", "coordinates": [[[19.062784275925114, 47.47264630401528], [19.062799530988887, 47.47269729470806], [19.062729961192563, 47.47270681296524], [19.06271705306168, 47.47270681296524], [19.062710179901078, 47.47268392382007], [19.062751921778872, 47.472678258188544], [19.062743875151828, 47.47265185633756], [19.062784275925114, 47.47264630401528]]]}}, {"type": "Feature", "properties": {"id": 3579, "roomCode": "LD-4-306-01-14", "roomNumber": "4-306", "roomName": "4-306 Hideg szoba 1", "roomType": "educational", "floorId": 17, "level": 4, "fillSource": "mvt"}, "geometry": {"type": "Polygon", "coordinates": [[[19.062730200154256, 47.472680434635286], [19.062737408590984, 47.47270411698236], [19.06269969002671, 47.47270932936354], [19.062692649228048, 47.4726856470188], [19.062730200154256, 47.472680434635286]]]}}, {"type": "Feature", "properties": {"id": 3317, "roomCode": "LD-4-307-01-14", "roomNumber": "4-307", "roomName": "4-307 Hideg szoba 2", "roomType": "educational", "floorId": 17, "level": 4, "fillSource": "mvt"}, "geometry": {"type": "Polygon", "coordinates": [[[19.062677791499166, 47.47267610271765], [19.062677791499166, 47.47270091818684], [19.0626725947192, 47.47270171137515], [19.06266538628247, 47.47267791572036], [19.062677791499166, 47.47267610271765]]]}}, {"type": "Feature", "properties": {"id": 3346, "roomCode": "LD-4-308-01-14", "roomNumber": "4-308", "roomName": "4-308 Centrifuga szoba", "roomType": "educational", "floorId": 17, "level": 4, "fillSource": "mvt"}, "geometry": {"type": "Polygon", "coordinates": [[[19.062647027437617, 47.47264203099207], [19.06265507406466, 47.47266831952459], [19.06266228250139, 47.47266729971107], [19.06266228250139, 47.47268531641361], [19.062574775432278, 47.47268531641361], [19.062565220062663, 47.47265324894506], [19.062647027437617, 47.47264203099207]]]}}, {"type": "Feature", "properties": {"id": 3167, "roomCode": "LD-4-309-01-14", "roomNumber": "4-309", "roomName": "4-309 Mosogat\u00f3", "roomType": "educational", "floorId": 17, "level": 4, "fillSource": "mvt"}, "geometry": {"type": "Polygon", "coordinates": [[[19.06256820697796, 47.47264189984223], [19.062577762347576, 47.47267385399814], [19.06253585283172, 47.47267385399814], [19.062527973842737, 47.472647452161496], [19.06256820697796, 47.47264189984223]]]}}, {"type": "Feature", "properties": {"id": 3531, "roomCode": "LD-4-310-01-14", "roomNumber": "4-310", "roomName": "4-310 M\u0171szer szoba 1", "roomType": "educational", "floorId": 17, "level": 4, "fillSource": "mvt"}, "geometry": {"type": "Polygon", "coordinates": [[[19.062526968898098, 47.47262936206549], [19.0625388712006, 47.472668682219734], [19.06250752288274, 47.47267298817144], [19.06249914097957, 47.47266913547783], [19.062487071039, 47.47262936206549], [19.062526968898098, 47.47262936206549]]]}}, {"type": "Feature", "properties": {"id": 3688, "roomCode": "LD-4-311-04-64", "roomNumber": "4-311", "roomName": "4-311 L\u00e9pcs\u0151h\u00e1z", "roomType": "corridor", "floorId": 17, "level": 4, "fillSource": "mvt"}, "geometry": {"type": "Polygon", "coordinates": [[[19.06249229120782, 47.472655308763635], [19.06249715271166, 47.47267128612093], [19.06242439779213, 47.47268125780245], [19.06241651880315, 47.472655308763635], [19.062432779695303, 47.472655308763635], [19.062432947333367, 47.472655762022065], [19.062436132456572, 47.472655308763635], [19.06249229120782, 47.472655308763635]]]}}, {"type": "Feature", "properties": {"id": 2834, "roomCode": "LD-4-312-01-13", "roomNumber": "4-312", "roomName": "4-312 Oktat\u00f3", "roomType": "educational", "floorId": 17, "level": 4, "fillSource": "mvt"}, "geometry": {"type": "Polygon", "coordinates": [[[19.06241367512621, 47.47270177545574], [19.062429097828044, 47.47275265287663], [19.062388697054757, 47.47275820519798], [19.062373441990985, 47.47270721446967], [19.06241367512621, 47.47270177545574]]]}}, {"type": "Feature", "properties": {"id": 2839, "roomCode": "LD-4-313-01-14", "roomNumber": "4-313", "roomName": "4-313 Kutat\u00f3labor 6", "roomType": "educational", "floorId": 17, "level": 4, "fillSource": "mvt"}, "geometry": {"type": "Polygon", "coordinates": [[[19.062496849246074, 47.47270746597452], [19.06251227194791, 47.4727583434065], [19.06243029693489, 47.47276967467639], [19.06241504187112, 47.472718683942595], [19.062496849246074, 47.47270746597452]]]}}, {"type": "Feature", "properties": {"id": 2764, "roomCode": "LD-4-314-01-14", "roomNumber": "4-314", "roomName": "4-314 Sz\u00f6vetteny\u00e9szt\u0151 labor", "roomType": "educational", "floorId": 17, "level": 4, "fillSource": "mvt"}, "geometry": {"type": "Polygon", "coordinates": [[[19.06253845212621, 47.47271885046193], [19.062553874828044, 47.47276984121223], [19.062513474054757, 47.47277539353537], [19.062498218990985, 47.47272440279046], [19.06253845212621, 47.47271885046193]]]}}, {"type": "Feature", "properties": {"id": 3132, "roomCode": "LD-4-315-01-13", "roomNumber": "4-315", "roomName": "4-315 Oktat\u00f3", "roomType": "educational", "floorId": 17, "level": 4, "fillSource": "mvt"}, "geometry": {"type": "Polygon", "coordinates": [[[19.062580003216695, 47.47272462711524], [19.06259542591853, 47.47277550455831], [19.062555192783307, 47.47278105688207], [19.06253977008147, 47.47273017944439], [19.062580003216695, 47.47272462711524]]]}}, {"type": "Feature", "properties": {"id": 2985, "roomCode": "LD-4-316-01-14", "roomNumber": "4-316", "roomName": "4-316 Kutat\u00f3labor 5", "roomType": "educational", "floorId": 17, "level": 4, "fillSource": "mvt"}, "geometry": {"type": "Polygon", "coordinates": [[[19.06266711883105, 47.47272983505357], [19.06266711883105, 47.472782752137356], [19.06260056651987, 47.47279204378254], [19.062585143818033, 47.47274105302653], [19.06266711883105, 47.47272983505357]]]}}, {"type": "Feature", "properties": {"id": 3595, "roomCode": "LD-4-317-01-14", "roomNumber": "4-317", "roomName": "4-317 Kutat\u00f3labor 4", "roomType": "educational", "floorId": 17, "level": 4, "fillSource": "mvt"}, "geometry": {"type": "Polygon", "coordinates": [[[19.062746490065106, 47.47274178495422], [19.062761745128878, 47.47279266241943], [19.062679937753924, 47.47280399369674], [19.062664515052088, 47.47275300292962], [19.062746490065106, 47.47274178495422]]]}}, {"type": "Feature", "properties": {"id": 2840, "roomCode": "LD-4-318-01-14", "roomNumber": "4-318", "roomName": "4-318 Kutat\u00f3labor 3", "roomType": "educational", "floorId": 17, "level": 4, "fillSource": "mvt"}, "geometry": {"type": "Polygon", "coordinates": [[[19.062829591246075, 47.472753196619244], [19.06284501394791, 47.47280418740834], [19.062763038934893, 47.47281540537531], [19.06274778387112, 47.472764414597094], [19.062829591246075, 47.472753196619244]]]}}, {"type": "Feature", "properties": {"id": 3737, "roomCode": "LD-4-319-01-13", "roomNumber": "4-319", "roomName": "4-319 Oktat\u00f3", "roomType": "educational", "floorId": 17, "level": 4, "fillSource": "mvt"}, "geometry": {"type": "Polygon", "coordinates": [[[19.06287119212621, 47.4727646094373], [19.062886614828045, 47.472815600232], [19.06284621405476, 47.47282115256], [19.062830958990986, 47.472770161770676], [19.06287119212621, 47.4727646094373]]]}}, {"type": "Feature", "properties": {"id": 3231, "roomCode": "LD-4-401-05-71", "roomNumber": "4-401", "roomName": "4-401 N\u0151i WC el\u0151t\u00e9r", "roomType": "social", "floorId": 17, "level": 4, "fillSource": "mvt"}, "geometry": {"type": "Polygon", "coordinates": [[[19.062975136121537, 47.47242955021899], [19.06298167400601, 47.472451533158655], [19.062951163878466, 47.47245572578012], [19.062944625993993, 47.47243374284221], [19.062975136121537, 47.47242955021899]]]}}, {"type": "Feature", "properties": {"id": 2482, "roomCode": "LD-4-402-05-71", "roomNumber": "4-402", "roomName": "4-402 N\u0151i WC csoport", "roomType": "social", "floorId": 17, "level": 4, "fillSource": "mvt"}, "geometry": {"type": "Polygon", "coordinates": [[[19.06295286719575, 47.472426982595884], [19.062959405080225, 47.4724489655337], [19.062915986821796, 47.47245485786598], [19.062911125317957, 47.47243876726472], [19.062901402310278, 47.472434461328334], [19.062907102004434, 47.47242845567963], [19.062915316269542, 47.47243208173176], [19.06295286719575, 47.472426982595884]]]}}, {"type": "Feature", "properties": {"id": 3585, "roomCode": "LD-4-403-04-63", "roomNumber": "4-403", "roomName": "4-403 El\u0151t\u00e9r", "roomType": "corridor", "floorId": 17, "level": 4, "fillSource": "mvt"}, "geometry": {"type": "Polygon", "coordinates": [[[19.062955457241735, 47.472454092364146], [19.062958810003003, 47.47246508383733], [19.062943890215358, 47.472467123491896], [19.0629400345399, 47.47245443230665], [19.062955457241735, 47.472454092364146]]]}}, {"type": "Feature", "properties": {"id": 2640, "roomCode": "LD-4-404-05-73", "roomNumber": "4-404", "roomName": "4-404 N\u0151i \u00f6lt\u00f6z\u0151", "roomType": "social", "floorId": 17, "level": 4, "fillSource": "mvt"}, "geometry": {"type": "Polygon", "coordinates": [[[19.062937541205674, 47.47244526008185], [19.062945420194655, 47.47247154896892], [19.06290904273489, 47.47247653479084], [19.062900325555592, 47.472472795424444], [19.062893955309182, 47.47245126573393], [19.062937541205674, 47.47244526008185]]]}}, {"type": "Feature", "properties": {"id": 3665, "roomCode": "LD-4-405-05-71", "roomNumber": "4-405", "roomName": "4-405 Mosd\u00f3-zuhany", "roomType": "social", "floorId": 17, "level": 4, "fillSource": "mvt"}, "geometry": {"type": "Polygon", "coordinates": [[[19.062960002956704, 47.47246662057868], [19.06296218225153, 47.47247375937311], [19.062950447587088, 47.472475345771755], [19.062952794519976, 47.47248282450751], [19.062937204180077, 47.472483051135846], [19.062933348504618, 47.47247024663312], [19.062960002956704, 47.47246662057868]]]}}, {"type": "Feature", "properties": {"id": 2266, "roomCode": "LD-4-406-05-71", "roomNumber": "4-406", "roomName": "4-406 WC", "roomType": "social", "floorId": 17, "level": 4, "fillSource": "mvt"}, "geometry": {"type": "Polygon", "coordinates": [[[19.06296505993289, 47.47245556433884], [19.062970759627046, 47.47247392123408], [19.062960366067113, 47.472475394317996], [19.062954666372956, 47.472456924109075], [19.06296505993289, 47.47245556433884]]]}}, {"type": "Feature", "properties": {"id": 3712, "roomCode": "LD-4-407-01-13", "roomNumber": "4-407", "roomName": "4-407 Oktat\u00f3", "roomType": "educational", "floorId": 17, "level": 4, "fillSource": "mvt"}, "geometry": {"type": "Polygon", "coordinates": [[[19.06295836025075, 47.47247437179419], [19.062966406877795, 47.472501113954145], [19.06289096974925, 47.47251153886026], [19.062882923122206, 47.47248468339138], [19.06295836025075, 47.47247437179419]]]}}, {"type": "Feature", "properties": {"id": 2378, "roomCode": "LD-4-408-01-14", "roomNumber": "4-408", "roomName": "4-408 Fotom\u00e9ter szoba ", "roomType": "educational", "floorId": 17, "level": 4, "fillSource": "mvt"}, "geometry": {"type": "Polygon", "coordinates": [[[19.062949796612685, 47.472502068484324], [19.062958010877793, 47.472529263915646], [19.062882741387313, 47.47253957551301], [19.062874527122204, 47.472512380087025], [19.062949796612685, 47.472502068484324]]]}}, {"type": "Feature", "properties": {"id": 3151, "roomCode": "LD-4-409-01-14", "roomNumber": "4-409", "roomName": "4-409 M\u0171szer szoba 2", "roomType": "educational", "floorId": 17, "level": 4, "fillSource": "mvt"}, "geometry": {"type": "Polygon", "coordinates": [[[19.062941417431716, 47.472530182474294], [19.062949631696824, 47.47255737792016], [19.06287419456828, 47.47256768952303], [19.062865980303172, 47.47254049408251], [19.062941417431716, 47.472530182474294]]]}}, {"type": "Feature", "properties": {"id": 2421, "roomCode": "LD-4-410-02-33", "roomNumber": "4-410", "roomName": "4-410 M\u0171szerszoba", "roomType": "administrative", "floorId": 17, "level": 4, "fillSource": "mvt"}, "geometry": {"type": "Polygon", "coordinates": [[[19.062932872612688, 47.47255821147843], [19.062941086877796, 47.47258552025328], [19.062865817387316, 47.472595831861675], [19.062857603122207, 47.472568636406606], [19.062932872612688, 47.47255821147843]]]}}, {"type": "Feature", "properties": {"id": 3537, "roomCode": "LD-4-411-01-14", "roomNumber": "4-411", "roomName": "4-411 Oktat\u00f3i", "roomType": "educational", "floorId": 17, "level": 4, "fillSource": "mvt"}, "geometry": {"type": "Polygon", "coordinates": [[[19.06292449343172, 47.472586325468356], [19.062932707696827, 47.47261363425782], [19.062857270568283, 47.47262394587172], [19.062849056303175, 47.472596750402104], [19.06292449343172, 47.472586325468356]]]}}, {"type": "Feature", "properties": {"id": 3180, "roomCode": "LD-4-412-01-14", "roomNumber": "4-412", "roomName": "4-412 Elektrofor\u00e9zis labor2", "roomType": "educational", "floorId": 17, "level": 4, "fillSource": "mvt"}, "geometry": {"type": "Polygon", "coordinates": [[[19.062915947612687, 47.47261444045828], [19.062924161877795, 47.472641749262344], [19.062848892387315, 47.472652060881764], [19.062840678122207, 47.472624865397606], [19.062915947612687, 47.47261444045828]]]}}, {"type": "Feature", "properties": {"id": 3412, "roomCode": "LD-4-413-04-63", "roomNumber": "4-413", "roomName": "4-413 El\u0151t\u00e9r", "roomType": "corridor", "floorId": 17, "level": 4, "fillSource": "mvt"}, "geometry": {"type": "Polygon", "coordinates": [[[19.062914468048078, 47.472675364613984], [19.062917820809346, 47.47268635594045], [19.062869038132888, 47.47269304138532], [19.062865853009683, 47.47268205006025], [19.062914468048078, 47.472675364613984]]]}}, {"type": "Feature", "properties": {"id": 3402, "roomCode": "LD-4-414-01-14", "roomNumber": "4-414", "roomName": "4-414 Fot\u00f3", "roomType": "educational", "floorId": 17, "level": 4, "fillSource": "mvt"}, "geometry": {"type": "Polygon", "coordinates": [[[19.06290050974268, 47.47265049937631], [19.062906544712963, 47.472669989485254], [19.062848039028825, 47.47267803481883], [19.062842004058542, 47.47265673167937], [19.06284736847657, 47.47265117926394], [19.06285222998041, 47.47265049937631], [19.06290050974268, 47.47265049937631]]]}}, {"type": "Feature", "properties": {"id": 2400, "roomCode": "LD-4-415-01-14", "roomNumber": "4-415", "roomName": "4-415 Termoszt\u00e1t szoba", "roomType": "educational", "floorId": 17, "level": 4, "fillSource": "mvt"}, "geometry": {"type": "Polygon", "coordinates": [[[19.06290849440868, 47.47265269222352], [19.062915535207345, 47.47267592130656], [19.062899274315193, 47.47267592130656], [19.062892904068782, 47.472654845163355], [19.06290849440868, 47.47265269222352]]]}}, {"type": "Feature", "properties": {"id": 3174, "roomCode": "LD-4-417-05-71", "roomNumber": "4-417", "roomName": "4-417 WC", "roomType": "social", "floorId": 17, "level": 4, "fillSource": "mvt"}, "geometry": {"type": "Polygon", "coordinates": [[[19.062897021028046, 47.47269074295529], [19.062901882531886, 47.47270705998], [19.062891488971953, 47.47270853304448], [19.062886627468114, 47.47269221602022], [19.062897021028046, 47.47269074295529]]]}}, {"type": "Feature", "properties": {"id": 3216, "roomCode": "LD-4-418-05-71", "roomNumber": "4-418", "roomName": "4-418 WC", "roomType": "social", "floorId": 17, "level": 4, "fillSource": "mvt"}, "geometry": {"type": "Polygon", "coordinates": [[[19.062908748028047, 47.47269237728318], [19.062913609531886, 47.47270869430839], [19.062903215971954, 47.47271005406027], [19.062898354468114, 47.472693850348165], [19.062908748028047, 47.47269237728318]]]}}, {"type": "Feature", "properties": {"id": 3400, "roomCode": "LD-4-419-01-13", "roomNumber": "4-419", "roomName": "4-419 Tansz\u00e9kvezet\u0151", "roomType": "educational", "floorId": 17, "level": 4, "fillSource": "mvt"}, "geometry": {"type": "Polygon", "coordinates": [[[19.062995383389648, 47.472772955210786], [19.063011811919864, 47.47282779865904], [19.062936542429384, 47.47283822344025], [19.062919946261104, 47.47278326668993], [19.062995383389648, 47.472772955210786]]]}}, {"type": "Feature", "properties": {"id": 2568, "roomCode": "LD-4-420-02-33", "roomNumber": "4-420", "roomName": "4-420 N\u00f6v\u00e9ny\u00e9lettani Tansz\u00e9k Titk\u00e1rs\u00e1g", "roomType": "administrative", "floorId": 17, "level": 4, "fillSource": "mvt"}, "geometry": {"type": "Polygon", "coordinates": [[[19.063012159431718, 47.472744800072526], [19.063020373696826, 47.472771995149145], [19.062944936568282, 47.472782419924776], [19.062936722303174, 47.47275522485356], [19.063012159431718, 47.472744800072526]]]}}, {"type": "Feature", "properties": {"id": 3007, "roomCode": "LD-4-421-01-17", "roomNumber": "4-421", "roomName": "4-421 T\u00e1rgyal\u00f3", "roomType": "educational", "floorId": 17, "level": 4, "fillSource": "mvt"}, "geometry": {"type": "Polygon", "coordinates": [[[19.063020535751583, 47.47268854998113], [19.063037299557926, 47.47274395990522], [19.062961862429383, 47.47275427135705], [19.062945266261103, 47.47269897475658], [19.063020535751583, 47.47268854998113]]]}}, {"type": "Feature", "properties": {"id": 2240, "roomCode": "LD-4-422-01-14", "roomNumber": "4-422", "roomName": "4-422 Kutat\u00f3labor 2", "roomType": "educational", "floorId": 17, "level": 4, "fillSource": "mvt"}, "geometry": {"type": "Polygon", "coordinates": [[[19.06304022677963, 47.472641357692495], [19.06305296727245, 47.47268384992535], [19.062974512658766, 47.47268384992535], [19.06296495728915, 47.4726517824568], [19.06304022677963, 47.472641357692495]]]}}, {"type": "Feature", "properties": {"id": 2730, "roomCode": "LD-4-423-01-13", "roomNumber": "4-423", "roomName": "4-423 Oktat\u00f3", "roomType": "educational", "floorId": 17, "level": 4, "fillSource": "mvt"}, "geometry": {"type": "Polygon", "coordinates": [[[19.063054428522204, 47.47260428544785], [19.06306264278731, 47.472631480932066], [19.062987205658768, 47.47264179254948], [19.062979159031723, 47.4726145970706], [19.063054428522204, 47.47260428544785]]]}}, {"type": "Feature", "properties": {"id": 3425, "roomCode": "LD-4-424-01-13", "roomNumber": "4-424", "roomName": "4-424 Oktat\u00f3", "roomType": "educational", "floorId": 17, "level": 4, "fillSource": "mvt"}, "geometry": {"type": "Polygon", "coordinates": [[[19.063062932431716, 47.47257614312928], [19.063071146696824, 47.47260333859895], [19.06299570956828, 47.47261376352526], [19.062987495303172, 47.47258645474652], [19.063062932431716, 47.47257614312928]]]}}, {"type": "Feature", "properties": {"id": 3183, "roomCode": "LD-4-425-01-14", "roomNumber": "4-425", "roomName": "4-425 Kutat\u00f3labor 1", "roomType": "educational", "floorId": 17, "level": 4, "fillSource": "mvt"}, "geometry": {"type": "Polygon", "coordinates": [[[19.0630713506611, 47.472519921162956], [19.063088114467444, 47.4725752185736], [19.0630126773389, 47.47258564348876], [19.062995913532557, 47.47253023277468], [19.0630713506611, 47.472519921162956]]]}}, {"type": "Feature", "properties": {"id": 3762, "roomCode": "LD-4-426-01-14", "roomNumber": "4-426", "roomName": "4-426 XRF Analitikai labor", "roomType": "educational", "floorId": 17, "level": 4, "fillSource": "mvt"}, "geometry": {"type": "Polygon", "coordinates": [[[19.063088318431717, 47.47249177183084], [19.063096532696825, 47.47251896725688], [19.06302109556828, 47.47252939216646], [19.063012881303173, 47.472502196745815], [19.063088318431717, 47.47249177183084]]]}}, {"type": "Feature", "properties": {"id": 2484, "roomCode": "LD-4-428-01-12", "roomNumber": "4-428", "roomName": "4-428 Pa\u00e1l \u00c1rp\u00e1d terem", "roomType": "educational", "floorId": 17, "level": 4, "fillSource": "mvt"}, "geometry": {"type": "Polygon", "coordinates": [[[19.063105243431718, 47.47243551552242], [19.063113457696826, 47.4724628242335], [19.063038020568282, 47.472473135817815], [19.063029806303174, 47.472445940426255], [19.063105243431718, 47.47243551552242]]]}}, {"type": "Feature", "properties": {"id": 2972, "roomCode": "LD-4-429-01-12", "roomNumber": "4-429", "roomName": "4-429 Farkas G\u00e1bor terem", "roomType": "educational", "floorId": 17, "level": 4, "fillSource": "mvt"}, "geometry": {"type": "Polygon", "coordinates": [[[19.063113747341234, 47.4724074015325], [19.06312179396828, 47.472434710228974], [19.063046524477798, 47.47244502180778], [19.06303831021269, 47.47241782643075], [19.063113747341234, 47.4724074015325]]]}}, {"type": "Feature", "properties": {"id": 3362, "roomCode": "LD-4-501-04-63", "roomNumber": "4-501", "roomName": "4-501 K\u00f6zleked\u0151", "roomType": "corridor", "floorId": 17, "level": 4, "fillSource": "mvt"}, "geometry": {"type": "Polygon", "coordinates": [[[19.063115551485517, 47.471879698592026], [19.063117563142278, 47.47188593095013], [19.063128124340274, 47.47188445784737], [19.06313130946348, 47.47189499619697], [19.063120748265483, 47.471896355983866], [19.063126112683513, 47.471914033210254], [19.063136506243445, 47.47191256010828], [19.06313969136665, 47.47192309845225], [19.063129130168655, 47.47192445823841], [19.063134494586684, 47.47194213545534], [19.06314505578468, 47.47194077566963], [19.063148240907886, 47.471951200692494], [19.06313767970989, 47.471952673793375], [19.06314304412792, 47.47197023768541], [19.063153437687852, 47.47196887790042], [19.063156622811057, 47.4719793029177], [19.06314606161306, 47.47198077601781], [19.06315142603109, 47.4719984532158], [19.063161987229087, 47.47199698011619], [19.063165172352292, 47.47200740512789], [19.063154611154296, 47.47200887822721], [19.063159975572326, 47.47202655541574], [19.06317036913226, 47.472025082316925], [19.063173554255464, 47.47203550732305], [19.063162993057468, 47.47203698042158], [19.063168357475497, 47.47205465760066], [19.063178918673493, 47.472053184502634], [19.0631821037967, 47.47206360950318], [19.063171542598703, 47.47206508260093], [19.063176907016732, 47.47208275977056], [19.063187300576665, 47.47208128667331], [19.06319048569987, 47.4720917116683], [19.063179924501874, 47.47209318476524], [19.06318076269219, 47.47209601764388], [19.063191323890187, 47.47209465786215], [19.063201382173993, 47.472127859189214], [19.06315528170655, 47.47213420483296], [19.063139859004714, 47.47208321303124], [19.063152264221408, 47.47208151330366], [19.06314991728852, 47.472073467925725], [19.063123765750625, 47.47207709401171], [19.06312594504545, 47.47208423286776], [19.06311035470555, 47.4720863858559], [19.063108175410726, 47.47207924700014], [19.063082191510894, 47.47208275977056], [19.06308437080572, 47.47208989862583], [19.06306878046582, 47.47209205161375], [19.06306676880906, 47.47208491275876], [19.063040617271163, 47.472088538843956], [19.063042796565988, 47.47209567769845], [19.06302720622609, 47.47209783068612], [19.063025026931264, 47.47209069183192], [19.062999043031432, 47.47209420460157], [19.063001054688193, 47.4721013434553], [19.062985631986358, 47.472103496442735], [19.062983452691533, 47.4720963575893], [19.0629574687917, 47.47209998367371], [19.062959480448463, 47.47210712252665], [19.062944057746627, 47.47210927551385], [19.062941878451802, 47.4721021366612], [19.062915726913907, 47.472105649430084], [19.06291790620873, 47.47211278828226], [19.062902483506896, 47.47211494126923], [19.06290030421207, 47.472107802417355], [19.062874152674176, 47.47211142850097], [19.062876331969, 47.47211856735236], [19.062860909267165, 47.472120607024], [19.06285872997234, 47.472113581488], [19.062832578434445, 47.47211709425612], [19.06283475772927, 47.47212423310674], [19.062819335027434, 47.47212638609324], [19.06281715573261, 47.472119247242915], [19.062791171832778, 47.47212298664083], [19.06279318348954, 47.472130012175576], [19.06277759314964, 47.47213205184677], [19.06277558149288, 47.4721250263123], [19.062749429954984, 47.472128539079655], [19.06275160924981, 47.47213567792872], [19.06273601890991, 47.472137830914754], [19.062734007253148, 47.47213069206598], [19.062707855715253, 47.47213431814802], [19.062710035010078, 47.4721414569963], [19.06269444467018, 47.47214349666705], [19.062692433013417, 47.472136471134114], [19.062666281475522, 47.47214009721574], [19.062668460770347, 47.47214712274821], [19.06266276107619, 47.472147802638396], [19.06266276107619, 47.47212083365418], [19.06271791399906, 47.47211335485779], [19.062717243446805, 47.47211108855564], [19.062727637006738, 47.472109728774306], [19.062725457711913, 47.47210270323684], [19.062741048051812, 47.472100550249365], [19.062743059708573, 47.47210768910224], [19.06276921124647, 47.472104063018364], [19.062767031951644, 47.47209692416501], [19.062782622291543, 47.4720947711773], [19.062784801586368, 47.47210191003094], [19.0628107854862, 47.47209839726181], [19.062808606191375, 47.47209125840769], [19.062824196531274, 47.47208910541975], [19.0628263758261, 47.472096244274155], [19.06285235972593, 47.47209261818949], [19.062850180431106, 47.472085479334595], [19.062865770771005, 47.47208332634641], [19.06286795006583, 47.47209046520162], [19.062894101603725, 47.47208683911655], [19.062891754670837, 47.47207981357602], [19.0629075126488, 47.472077660587615], [19.06290952430556, 47.47208479944359], [19.062935675843455, 47.47208117335814], [19.06293349654863, 47.47207403450167], [19.06294908688853, 47.47207199482822], [19.06295109854529, 47.47207902036979], [19.062977082445123, 47.472075394283934], [19.06297507078836, 47.47206836874189], [19.06299066112826, 47.472066215753], [19.062992672785022, 47.47207324129534], [19.063018824322917, 47.47206972852429], [19.063016645028092, 47.472062589666265], [19.06303223536799, 47.472060549992364], [19.063034414662816, 47.47206757553546], [19.06304480822275, 47.47206610243779], [19.06304531113694, 47.47206825542668], [19.063105157925584, 47.47206009673149], [19.06310448737333, 47.472057830427055], [19.06313566805313, 47.472053637763565], [19.063115048571326, 47.47198508200248], [19.063104655011394, 47.47198644178703], [19.06310146988819, 47.47197601677118], [19.063112031086185, 47.47197454367094], [19.063106666668155, 47.47195686646491], [19.063096273108222, 47.471958339565646], [19.063093087985017, 47.4719479145442], [19.063103649183013, 47.47194644144319], [19.063098284764983, 47.4719287642277], [19.063087723566987, 47.47193023732921], [19.063084538443782, 47.4719198123022], [19.063095099641778, 47.47191833920039], [19.06308973522375, 47.47190066197546], [19.063079341663816, 47.47190213507776], [19.06307615654061, 47.4718915967296], [19.063086717738607, 47.47189023694258], [19.063083364977338, 47.471879698592026], [19.063115551485517, 47.471879698592026]]]}}, {"type": "Feature", "properties": {"id": 3131, "roomCode": "LD-4-502-01-14", "roomNumber": "4-502", "roomName": "4-502 N\u00f6v\u00e9nyszervezettan labor II.", "roomType": "educational", "floorId": 17, "level": 4, "fillSource": "mvt"}, "geometry": {"type": "Polygon", "coordinates": [[[19.063130665757928, 47.472266904460994], [19.063164193370614, 47.47237840531997], [19.06308875624207, 47.47238883018495], [19.063055228629384, 47.4722772160341], [19.063130665757928, 47.472266904460994]]]}}, {"type": "Feature", "properties": {"id": 3632, "roomCode": "LD-4-503-01-14", "roomNumber": "4-503", "roomName": "4-503 El\u0151k\u00e9sz\u00edt\u0151", "roomType": "educational", "floorId": 17, "level": 4, "fillSource": "mvt"}, "geometry": {"type": "Polygon", "coordinates": [[[19.063164393612688, 47.47223877224983], [19.063172607877796, 47.47226596754494], [19.063097338387315, 47.47227639240433], [19.063089124122207, 47.47224908380089], [19.063164393612688, 47.47223877224983]]]}}, {"type": "Feature", "properties": {"id": 2227, "roomCode": "LD-4-504-01-14", "roomNumber": "4-504", "roomName": "4-504 Mikroszk\u00f3pos labor", "roomType": "educational", "floorId": 17, "level": 4, "fillSource": "mvt"}, "geometry": {"type": "Polygon", "coordinates": [[[19.063172939431716, 47.47221062993146], [19.063181153696824, 47.47223782521203], [19.06310571656828, 47.47224825006584], [19.063097502303172, 47.47222105479068], [19.063172939431716, 47.47221062993146]]]}}, {"type": "Feature", "properties": {"id": 3290, "roomCode": "LD-4-505-01-14", "roomNumber": "4-505", "roomName": "4-505 M\u0171szeres labor", "roomType": "educational", "floorId": 17, "level": 4, "fillSource": "mvt"}, "geometry": {"type": "Polygon", "coordinates": [[[19.063175550863303, 47.47218231097634], [19.06318376512841, 47.47220961955594], [19.063173706844605, 47.47221097931887], [19.063105645790852, 47.47221097931887], [19.063100281372822, 47.472192735829985], [19.063175550863303, 47.47218231097634]]]}}, {"type": "Feature", "properties": {"id": 3683, "roomCode": "LD-4-506-01-13", "roomNumber": "4-506", "roomName": "4-506 Oktat\u00f3", "roomType": "educational", "floorId": 17, "level": 4, "fillSource": "mvt"}, "geometry": {"type": "Polygon", "coordinates": [[[19.063189863431717, 47.47215437229044], [19.063198077696825, 47.4721816813378], [19.06312264056828, 47.472191993049094], [19.063114426303173, 47.47216479732264], [19.063189863431717, 47.47215437229044]]]}}, {"type": "Feature", "properties": {"id": 3791, "roomCode": "LD-4-507-01-13", "roomNumber": "4-507", "roomName": "4-507 Oktat\u00f3", "roomType": "educational", "floorId": 17, "level": 4, "fillSource": "mvt"}, "geometry": {"type": "Polygon", "coordinates": [[[19.063198242612685, 47.47212625730051], [19.063206456877793, 47.472153566333276], [19.063131187387313, 47.47216387803905], [19.063122973122205, 47.47213668232715], [19.063198242612685, 47.47212625730051]]]}}, {"type": "Feature", "properties": {"id": 3764, "roomCode": "LD-4-508-02-33", "roomNumber": "4-508", "roomName": "4-508 Tansz\u00e9kvezet\u0151", "roomType": "administrative", "floorId": 17, "level": 4, "fillSource": "mvt"}, "geometry": {"type": "Polygon", "coordinates": [[[19.063206786570618, 47.472070120192896], [19.063223382738897, 47.47212541810694], [19.063148113248417, 47.47213572980168], [19.063131349442074, 47.47208043189849], [19.063206786570618, 47.472070120192896]]]}}, {"type": "Feature", "properties": {"id": 3667, "roomCode": "LD-4-509-02-33", "roomNumber": "4-509", "roomName": "4-509 N\u00f6v\u00e9nyszervezettani Tansz\u00e9k Titk\u00e1rs\u00e1g/T\u00e1rgyal\u00f3", "roomType": "administrative", "floorId": 17, "level": 4, "fillSource": "mvt"}, "geometry": {"type": "Polygon", "coordinates": [[[19.06322375248013, 47.472013862899175], [19.06324034864841, 47.472069160754074], [19.063164911519866, 47.472079585753], [19.063148315351587, 47.47202417459375], [19.06322375248013, 47.472013862899175]]]}}, {"type": "Feature", "properties": {"id": 2977, "roomCode": "LD-4-510-01-13", "roomNumber": "4-510", "roomName": "4-510 Oktat\u00f3", "roomType": "educational", "floorId": 17, "level": 4, "fillSource": "mvt"}, "geometry": {"type": "Polygon", "coordinates": [[[19.06324065238965, 47.47195805123568], [19.063257080919865, 47.47201300908616], [19.063181811429384, 47.472023320758915], [19.063165215261105, 47.47196836291923], [19.06324065238965, 47.47195805123568]]]}}, {"type": "Feature", "properties": {"id": 2550, "roomCode": "LD-4-511-04-63", "roomNumber": "4-511", "roomName": "4-511 El\u0151t\u00e9r", "roomType": "corridor", "floorId": 17, "level": 4, "fillSource": "mvt"}, "geometry": {"type": "Polygon", "coordinates": [[[19.063095518957596, 47.47207398240289], [19.063098871718864, 47.47208497399186], [19.063050089042406, 47.47209165959641], [19.063046736281137, 47.47208066800883], [19.063095518957596, 47.47207398240289]]]}}, {"type": "Feature", "properties": {"id": 2444, "roomCode": "LD-4-513-05-71", "roomNumber": "4-513", "roomName": "4-513 WC", "roomType": "social", "floorId": 17, "level": 4, "fillSource": "mvt"}, "geometry": {"type": "Polygon", "coordinates": [[[19.063098480028046, 47.4720620140763], [19.063103341531885, 47.47207833148223], [19.063092947971953, 47.472079691265826], [19.063088086468113, 47.47206348717565], [19.063098480028046, 47.4720620140763]]]}}, {"type": "Feature", "properties": {"id": 3558, "roomCode": "LD-4-514-05-71", "roomNumber": "4-514", "roomName": "4-514 WC", "roomType": "social", "floorId": 17, "level": 4, "fillSource": "mvt"}, "geometry": {"type": "Polygon", "coordinates": [[[19.063086757028046, 47.47206045273424], [19.063091618531885, 47.47207665682434], [19.063081224971953, 47.4720781299232], [19.063076363468113, 47.47206181251822], [19.063086757028046, 47.47206045273424]]]}}, {"type": "Feature", "properties": {"id": 2503, "roomCode": "LD-4-515-01-14", "roomNumber": "4-515", "roomName": "4-515 Spektroszk\u00f3piai laborat\u00f3rium", "roomType": "educational", "floorId": 17, "level": 4, "fillSource": "mvt"}, "geometry": {"type": "Polygon", "coordinates": [[[19.06308261288968, 47.472079263936436], [19.06309049187866, 47.47210521316095], [19.063022263186845, 47.47211461833523], [19.06301371364561, 47.472110765613444], [19.0630073433992, 47.47208968895393], [19.06308261288968, 47.472079263936436]]]}}, {"type": "Feature", "properties": {"id": 2899, "roomCode": "LD-4-516-01-14", "roomNumber": "4-516", "roomName": "4-516 T\u00e1ptalaj konyha", "roomType": "educational", "floorId": 17, "level": 4, "fillSource": "mvt"}, "geometry": {"type": "Polygon", "coordinates": [[[19.063068349431717, 47.47210838230694], [19.063076563696825, 47.472135691330394], [19.06300112656828, 47.47214600303266], [19.062992912303173, 47.47211880733001], [19.063068349431717, 47.47210838230694]]]}}, {"type": "Feature", "properties": {"id": 3293, "roomCode": "LD-4-517-01-14", "roomNumber": "4-517", "roomName": "4-517 Mikol\u00f3giai laborat\u00f3rium", "roomType": "educational", "floorId": 17, "level": 4, "fillSource": "mvt"}, "geometry": {"type": "Polygon", "coordinates": [[[19.06305896728347, 47.47216143272047], [19.063062152406676, 47.47217219751128], [19.062983530154927, 47.47217219751128], [19.062983530154927, 47.472171744256976], [19.06305896728347, 47.47216143272047]]]}}, {"type": "Feature", "properties": {"id": 3646, "roomCode": "LD-4-518-01-14", "roomNumber": "4-518", "roomName": "4-518 M\u0171szer szoba", "roomType": "educational", "floorId": 17, "level": 4, "fillSource": "mvt"}, "geometry": {"type": "Polygon", "coordinates": [[[19.063043004341235, 47.47219278326628], [19.06305105096828, 47.472219978537574], [19.0629757814778, 47.47223040338784], [19.06296756721269, 47.4722030948083], [19.063043004341235, 47.47219278326628]]]}}, {"type": "Feature", "properties": {"id": 3739, "roomCode": "LD-4-519-01-14", "roomNumber": "4-519", "roomName": "4-519 Farmakobotanika labor", "roomType": "educational", "floorId": 17, "level": 4, "fillSource": "mvt"}, "geometry": {"type": "Polygon", "coordinates": [[[19.063026102570618, 47.47222091097736], [19.063042698738897, 47.47227575481823], [19.062967261610353, 47.47228617967407], [19.062950833080137, 47.472231222530326], [19.063026102570618, 47.47222091097736]]]}}, {"type": "Feature", "properties": {"id": 3572, "roomCode": "LD-4-520-04-63", "roomNumber": "4-520", "roomName": "4-520 F\u00e9rfi WC el\u0151t\u00e9r", "roomType": "corridor", "floorId": 17, "level": 4, "fillSource": "mvt"}, "geometry": {"type": "Polygon", "coordinates": [[[19.063010836121535, 47.47231094224854], [19.06301737400601, 47.47233292513857], [19.062986863878464, 47.47233711775059], [19.06298032599399, 47.4723151348623], [19.063010836121535, 47.47231094224854]]]}}, {"type": "Feature", "properties": {"id": 3420, "roomCode": "LD-4-521-05-71", "roomNumber": "4-521", "roomName": "4-521 F\u00e9rfi WC csoport", "roomType": "social", "floorId": 17, "level": 4, "fillSource": "mvt"}, "geometry": {"type": "Polygon", "coordinates": [[[19.062986251986736, 47.472298119888166], [19.06299278987121, 47.4723201027764], [19.062955406583065, 47.47232531521247], [19.06294987452697, 47.472330867589456], [19.062941157347673, 47.47232690160595], [19.062947527594083, 47.47232032940407], [19.062942666090244, 47.47230412552349], [19.062986251986736, 47.472298119888166]]]}}, {"type": "Feature", "properties": {"id": 2236, "roomCode": "LD-4-522-04-63", "roomNumber": "4-522", "roomName": "4-522 El\u0151t\u00e9r", "roomType": "corridor", "floorId": 17, "level": 4, "fillSource": "mvt"}, "geometry": {"type": "Polygon", "coordinates": [[[19.06300441674769, 47.47229886622371], [19.063007937147024, 47.47231065086135], [19.06299352027357, 47.47231450353077], [19.06298966459811, 47.472301812383364], [19.06299167625487, 47.4723015857557], [19.062991340978744, 47.47230067924506], [19.06300441674769, 47.47229886622371]]]}}, {"type": "Feature", "properties": {"id": 2946, "roomCode": "LD-4-523-05-73", "roomNumber": "4-523", "roomName": "4-523 F\u00e9rfi \u00f6lt\u00f6z\u0151", "roomType": "social", "floorId": 17, "level": 4, "fillSource": "mvt"}, "geometry": {"type": "Polygon", "coordinates": [[[19.062989977561667, 47.47227785622917], [19.06299785655065, 47.47230414503099], [19.062954270654156, 47.47231015066059], [19.062947732769683, 47.47228862104185], [19.06295343246384, 47.47228284203742], [19.062989977561667, 47.47227785622917]]]}}, {"type": "Feature", "properties": {"id": 2508, "roomCode": "LD-4-524-05-71", "roomNumber": "4-524", "roomName": "4-524 Mosd\u00f3-zuhany", "roomType": "social", "floorId": 17, "level": 4, "fillSource": "mvt"}, "geometry": {"type": "Polygon", "coordinates": [[[19.06300381159388, 47.4722825072337], [19.063005990888705, 47.47228998594455], [19.063017725553145, 47.472288399551424], [19.06301990484797, 47.47229542500631], [19.062993250395884, 47.47229916436095], [19.062989394720425, 47.47228635990306], [19.06300381159388, 47.4722825072337]]]}}, {"type": "Feature", "properties": {"id": 3097, "roomCode": "LD-4-525-05-71", "roomNumber": "4-525", "roomName": "4-525 WC", "roomType": "social", "floorId": 17, "level": 4, "fillSource": "mvt"}, "geometry": {"type": "Polygon", "coordinates": [[[19.06301405175192, 47.47229307236941], [19.063019583808014, 47.472311429207885], [19.06300919024808, 47.47231290228724], [19.063003658191988, 47.47229443213544], [19.06301405175192, 47.47229307236941]]]}}, {"type": "Feature", "properties": {"id": 3686, "roomCode": "LD-4-601-01-14", "roomNumber": "4-601", "roomName": "4-601 Biotechnol\u00f3giai labor", "roomType": "educational", "floorId": 17, "level": 4, "fillSource": "mvt"}, "geometry": {"type": "Polygon", "coordinates": [[[19.063117642246077, 47.47194011533045], [19.063133064947912, 47.47199099381689], [19.063051089934895, 47.47200232532163], [19.063035834871123, 47.47195133353102], [19.063117642246077, 47.47194011533045]]]}}, {"type": "Feature", "properties": {"id": 2476, "roomCode": "LD-4-602-01-14", "roomNumber": "4-602", "roomName": "4-602 Sz\u00f6vetteny\u00e9szt\u0151 szoba", "roomType": "educational", "floorId": 17, "level": 4, "fillSource": "mvt"}, "geometry": {"type": "Polygon", "coordinates": [[[19.06303446612621, 47.47193433988518], [19.063049888828047, 47.47198533167569], [19.06300948805476, 47.47199088411212], [19.062994232990988, 47.47193989232699], [19.06303446612621, 47.47193433988518]]]}}, {"type": "Feature", "properties": {"id": 3461, "roomCode": "LD-4-603-01-14", "roomNumber": "4-603", "roomName": "4-603 Mikromanipul\u00e1tor", "roomType": "educational", "floorId": 17, "level": 4, "fillSource": "mvt"}, "geometry": {"type": "Polygon", "coordinates": [[[19.06299287412621, 47.471928619888295], [19.063008296828045, 47.471979611673206], [19.062967896054758, 47.471985164109014], [19.062952640990986, 47.471934172329505], [19.06299287412621, 47.471928619888295]]]}}, {"type": "Feature", "properties": {"id": 2938, "roomCode": "LD-4-604-01-14", "roomNumber": "4-604", "roomName": "4-604 Szaporod\u00e1sbio.labor", "roomType": "educational", "floorId": 17, "level": 4, "fillSource": "mvt"}, "geometry": {"type": "Polygon", "coordinates": [[[19.062951355065106, 47.47191715035765], [19.06296661012888, 47.471968142137044], [19.062884802753924, 47.47197947363686], [19.06286938005209, 47.47192848186845], [19.062951355065106, 47.47191715035765]]]}}, {"type": "Feature", "properties": {"id": 3013, "roomCode": "LD-4-605-01-14", "roomNumber": "4-605", "roomName": "4-605 K\u00e9pfeldolgoz\u00f3", "roomType": "educational", "floorId": 17, "level": 4, "fillSource": "mvt"}, "geometry": {"type": "Polygon", "coordinates": [[[19.06286817994524, 47.471911459897505], [19.062883435009013, 47.471962451665796], [19.06284320187379, 47.47196800409981], [19.062827779171954, 47.4719170123369], [19.06286817994524, 47.471911459897505]]]}}, {"type": "Feature", "properties": {"id": 2704, "roomCode": "LD-4-606-01-14", "roomNumber": "4-606", "roomName": "4-606 Mikroszk\u00f3p labor", "roomType": "educational", "floorId": 17, "level": 4, "fillSource": "mvt"}, "geometry": {"type": "Polygon", "coordinates": [[[19.062826586945242, 47.47190576822935], [19.062841842009014, 47.47195675999204], [19.06280160887379, 47.47196219911047], [19.062786186171955, 47.471911320668134], [19.062826586945242, 47.47190576822935]]]}}, {"type": "Feature", "properties": {"id": 3877, "roomCode": "LD-4-607-01-14", "roomNumber": "4-607", "roomName": "4-607 F\u00e9nymikroszk\u00f3p labor", "roomType": "educational", "floorId": 17, "level": 4, "fillSource": "mvt"}, "geometry": {"type": "Polygon", "coordinates": [[[19.06278499494524, 47.471900020903654], [19.062800250009012, 47.471951012660845], [19.06276001687379, 47.47195656509365], [19.062744594171953, 47.47190557334184], [19.06278499494524, 47.471900020903654]]]}}, {"type": "Feature", "properties": {"id": 2371, "roomCode": "LD-4-608-01-14", "roomNumber": "4-608", "roomName": "4-608 Citok\u00e9mia labor", "roomType": "educational", "floorId": 17, "level": 4, "fillSource": "mvt"}, "geometry": {"type": "Polygon", "coordinates": [[[19.062743277216693, 47.47189432923551], [19.06275869991853, 47.47194532098709], [19.062718466783306, 47.47195076010434], [19.06270304408147, 47.471899881673075], [19.062743277216693, 47.47189432923551]]]}}, {"type": "Feature", "properties": {"id": 3353, "roomCode": "LD-4-609-01-14", "roomNumber": "4-609", "roomName": "4-609 Mikrotechnikai labor", "roomType": "educational", "floorId": 17, "level": 4, "fillSource": "mvt"}, "geometry": {"type": "Polygon", "coordinates": [[[19.06268637836327, 47.47188495603678], [19.06268637836327, 47.471937987446424], [19.062658215168614, 47.471941953468495], [19.062642960104842, 47.47189107504831], [19.06268637836327, 47.47188495603678]]]}}, {"type": "Feature", "properties": {"id": 2861, "roomCode": "LD-4-610-04-64", "roomNumber": "4-610", "roomName": "4-610 L\u00e9pcs\u0151h\u00e1z", "roomType": "corridor", "floorId": 17, "level": 4, "fillSource": "mvt"}, "geometry": {"type": "Polygon", "coordinates": [[[19.062675611950805, 47.47196479903755], [19.062675611950805, 47.471989048477745], [19.062646778203895, 47.47199312782172], [19.06264845458453, 47.47199890689182], [19.06263286424463, 47.47200105987856], [19.062624147065332, 47.4719719378926], [19.062675611950805, 47.47196479903755]]]}}, {"type": "Feature", "properties": {"id": 2976, "roomCode": "LD-4-611-01-13", "roomNumber": "4-611", "roomName": "4-611 Oktat\u00f3", "roomType": "educational", "floorId": 17, "level": 4, "fillSource": "mvt"}, "geometry": {"type": "Polygon", "coordinates": [[[19.06272083653616, 47.471986010232875], [19.06273609159993, 47.47203700206978], [19.062697702483405, 47.472042327881006], [19.062683956162203, 47.47199620860421], [19.062689488218297, 47.47199031621213], [19.06272083653616, 47.471986010232875]]]}}, {"type": "Feature", "properties": {"id": 3711, "roomCode": "LD-4-612-01-13", "roomNumber": "4-612", "roomName": "4-612 Oktat\u00f3", "roomType": "educational", "floorId": 17, "level": 4, "fillSource": "mvt"}, "geometry": {"type": "Polygon", "coordinates": [[[19.06275855094524, 47.47198787885642], [19.062773806009012, 47.47203887069882], [19.06273357287379, 47.472044423140886], [19.062718150171953, 47.47199343130387], [19.06275855094524, 47.47198787885642]]]}}, {"type": "Feature", "properties": {"id": 3483, "roomCode": "LD-4-613-01-13", "roomNumber": "4-613", "roomName": "4-613 Oktat\u00f3", "roomType": "educational", "floorId": 17, "level": 4, "fillSource": "mvt"}, "geometry": {"type": "Polygon", "coordinates": [[[19.062800101035727, 47.47199368283976], [19.0628153560995, 47.4720445613725], [19.062775122964275, 47.472050113815186], [19.062759867900503, 47.471999121972566], [19.062800101035727, 47.47199368283976]]]}}, {"type": "Feature", "properties": {"id": 3754, "roomCode": "LD-4-614-01-13", "roomNumber": "4-614", "roomName": "4-614 Oktat\u00f3", "roomType": "educational", "floorId": 17, "level": 4, "fillSource": "mvt"}, "geometry": {"type": "Polygon", "coordinates": [[[19.062841694035725, 47.471999317850255], [19.062856949099498, 47.47205030970376], [19.062816715964274, 47.47205586214705], [19.062801460900502, 47.47200487029893], [19.062841694035725, 47.471999317850255]]]}}, {"type": "Feature", "properties": {"id": 2686, "roomCode": "LD-4-615-01-13", "roomNumber": "4-615", "roomName": "4-615 Oktat\u00f3", "roomType": "educational", "floorId": 17, "level": 4, "fillSource": "mvt"}, "geometry": {"type": "Polygon", "coordinates": [[[19.06288324412621, 47.47200512283362], [19.062898666828044, 47.47205600137744], [19.062858266054757, 47.472061553821334], [19.062843010990985, 47.47201056196761], [19.06288324412621, 47.47200512283362]]]}}, {"type": "Feature", "properties": {"id": 3077, "roomCode": "LD-4-616-01-13", "roomNumber": "4-616", "roomName": "4-616 Oktat\u00f3", "roomType": "educational", "floorId": 17, "level": 4, "fillSource": "mvt"}, "geometry": {"type": "Polygon", "coordinates": [[[19.06292483712621, 47.4720107578441], [19.062940259828046, 47.472061749708715], [19.06289985905476, 47.4720673021532], [19.062884603990987, 47.472016310293974], [19.06292483712621, 47.4720107578441]]]}}, {"type": "Feature", "properties": {"id": 3280, "roomCode": "LD-4-617-01-13", "roomNumber": "4-617", "roomName": "4-617 Oktat\u00f3", "roomType": "educational", "floorId": 17, "level": 4, "fillSource": "mvt"}, "geometry": {"type": "Polygon", "coordinates": [[[19.06296642912621, 47.472016534498664], [19.062981851828045, 47.47206741305355], [19.06294145105476, 47.47207296549866], [19.062926195990986, 47.47202208694914], [19.06296642912621, 47.472016534498664]]]}}, {"type": "Feature", "properties": {"id": 3433, "roomCode": "LD-4-618-01-13", "roomNumber": "4-618", "roomName": "4-618 Oktat\u00f3", "roomType": "educational", "floorId": 17, "level": 4, "fillSource": "mvt"}, "geometry": {"type": "Polygon", "coordinates": [[[19.062997699123205, 47.47202741828123], [19.06300624866444, 47.47203127100237], [19.063020162623705, 47.47207739031874], [19.062981941145242, 47.47208271613399], [19.062966518443407, 47.47203172426366], [19.062997699123205, 47.47202741828123]]]}}, {"type": "Feature", "properties": {"id": 2782, "roomCode": "LD-4-619-04-64", "roomNumber": "4-619", "roomName": "4-619 L\u00e9pcs\u0151h\u00e1z", "roomType": "corridor", "floorId": 17, "level": 4, "fillSource": "mvt"}, "geometry": {"type": "Polygon", "coordinates": [[[19.063083290458874, 47.47202122352944], [19.06309184000011, 47.47205011892134], [19.06307624966021, 47.4720522719107], [19.063074573279575, 47.47204660614906], [19.063017408699945, 47.472054538215176], [19.06301036790128, 47.47203119527432], [19.063083290458874, 47.47202122352944]]]}}, {"type": "Feature", "properties": {"id": 3555, "roomCode": "LD-4-701-04-63", "roomNumber": "4-701", "roomName": "4-701 K\u00f6zleked\u0151", "roomType": "corridor", "floorId": 17, "level": 4, "fillSource": "mvt"}, "geometry": {"type": "Polygon", "coordinates": [[[19.062551830228756, 47.47189763834907], [19.06255350660939, 47.471902850866805], [19.062542945411394, 47.471904323969554], [19.062548309829424, 47.471922001199296], [19.06255887102742, 47.471920528097044], [19.062561888512562, 47.47193106644301], [19.06255149495263, 47.47193242622943], [19.062556691732595, 47.47195010344972], [19.06256725293059, 47.47194863034826], [19.062570438053797, 47.47195916868858], [19.0625598768558, 47.471960528474284], [19.06256524127383, 47.47197820568511], [19.062575802471827, 47.471976845899874], [19.06257881995697, 47.47198727091913], [19.062568426397036, 47.47198874401952], [19.062573623177002, 47.47200630790548], [19.062584184374998, 47.47200494812097], [19.062587369498203, 47.47201537313466], [19.062576808300207, 47.47201684623425], [19.062582172718237, 47.47203452342613], [19.062592733916233, 47.472033050327035], [19.062595751401375, 47.47204347533515], [19.062585357841442, 47.47204494843395], [19.06259055462141, 47.47206262561639], [19.062601115819405, 47.47206115251807], [19.06260430094261, 47.47207169083584], [19.062593907382677, 47.472073050618626], [19.06261452686448, 47.47214160628837], [19.062628105547617, 47.47213967993193], [19.062634475794027, 47.47216075653385], [19.06261301812191, 47.47216370272485], [19.062615365054796, 47.4721716347767], [19.06262777027149, 47.472169935051404], [19.062643192973326, 47.47222092678639], [19.06259692486782, 47.47222727242106], [19.062587034222076, 47.472194071145466], [19.062597595420073, 47.47219259805084], [19.062596589591692, 47.472189765176445], [19.06258619603176, 47.472191238271144], [19.062583010908554, 47.47218069997735], [19.06259357210655, 47.47217934019736], [19.06258820768852, 47.47216166305418], [19.062577646490524, 47.47216302283463], [19.06257446136732, 47.47215259785024], [19.062585022565315, 47.472151238069515], [19.062579658147285, 47.47213356091688], [19.062569264587353, 47.47213492069807], [19.062566079464148, 47.4721244957081], [19.062576640662144, 47.47212302261152], [19.062571276244114, 47.47210545876456], [19.062560715046118, 47.47210681854647], [19.062557529922913, 47.47209639355093], [19.06256809112091, 47.472094920453564], [19.06256272670288, 47.47207724328199], [19.062552333142946, 47.472078716379855], [19.06254914801974, 47.472068291378726], [19.062559709217737, 47.47206681828059], [19.062554344799707, 47.47204914109955], [19.06254378360171, 47.4720506141982], [19.062540598478506, 47.47204018919151], [19.062551159676502, 47.47203871609258], [19.062545962896536, 47.47202103890209], [19.06253540169854, 47.47202251200152], [19.062532216575335, 47.47201208698927], [19.06254277777333, 47.47201061388953], [19.0625374133553, 47.4719929366896], [19.062526852157305, 47.47199440978982], [19.0625236670341, 47.47198387145656], [19.062534228232096, 47.47198251167147], [19.06252903145213, 47.471964834462085], [19.062518470254133, 47.471966307563086], [19.062515285130928, 47.47195576922419], [19.062525846328924, 47.47195429612289], [19.062520481910894, 47.47193673221954], [19.0625099207129, 47.47193820532134], [19.062506735589693, 47.471927666976796], [19.06251729678769, 47.47192630719026], [19.062512100007723, 47.47190862996196], [19.062501538809727, 47.471910103064545], [19.06249835368652, 47.471899564714384], [19.062512267645786, 47.47189763834907], [19.062551830228756, 47.47189763834907]]]}}, {"type": "Feature", "properties": {"id": 2399, "roomCode": "LD-4-702-04-63", "roomNumber": "4-702", "roomName": "4-702 F\u00e9rfi WC el\u0151t\u00e9r", "roomType": "corridor", "floorId": 17, "level": 4, "fillSource": "mvt"}, "geometry": {"type": "Polygon", "coordinates": [[[19.062555183302504, 47.472248291264144], [19.06256188882504, 47.47227027412797], [19.062531378697496, 47.47227446673497], [19.06252467317496, 47.47225248387291], [19.062555183302504, 47.472248291264144]]]}}, {"type": "Feature", "properties": {"id": 2602, "roomCode": "LD-4-703-05-71", "roomNumber": "4-703", "roomName": "4-703 F\u00e9rfi WC csoport", "roomType": "social", "floorId": 17, "level": 4, "fillSource": "mvt"}, "geometry": {"type": "Polygon", "coordinates": [[[19.062590517023086, 47.47224907824934], [19.062595378526925, 47.47226528211569], [19.062605101534604, 47.47226958803738], [19.062599234202384, 47.47227559366441], [19.062591019937276, 47.47227185431181], [19.06255363664913, 47.47227706674263], [19.062546931126594, 47.47225508387871], [19.062590517023086, 47.47224907824934]]]}}, {"type": "Feature", "properties": {"id": 3123, "roomCode": "LD-4-704-04-63", "roomNumber": "4-704", "roomName": "4-704 El\u0151t\u00e9r", "roomType": "corridor", "floorId": 17, "level": 4, "fillSource": "mvt"}, "geometry": {"type": "Polygon", "coordinates": [[[19.062559070872567, 47.47223924308317], [19.06255923851063, 47.4722400362791], [19.06256125016739, 47.4722398096517], [19.06256510584285, 47.472252500784975], [19.06254951550295, 47.47225272741233], [19.06254599510362, 47.472240942788716], [19.062559070872567, 47.47223924308317]]]}}, {"type": "Feature", "properties": {"id": 2559, "roomCode": "LD-4-705-05-73", "roomNumber": "4-705", "roomName": "4-705 F\u00e9rfi \u00f6lt\u00f6z\u0151", "roomType": "social", "floorId": 17, "level": 4, "fillSource": "mvt"}, "geometry": {"type": "Polygon", "coordinates": [[[19.062608666825042, 47.472225110671765], [19.062615037071453, 47.47224607370332], [19.06257145117496, 47.47225207932703], [19.06256508092855, 47.47223111629788], [19.062608666825042, 47.472225110671765]]]}}, {"type": "Feature", "properties": {"id": 3624, "roomCode": "LD-4-706-05-71", "roomNumber": "4-706", "roomName": "4-706 Mosd\u00f3-zuhany", "roomType": "social", "floorId": 17, "level": 4, "fillSource": "mvt"}, "geometry": {"type": "Polygon", "coordinates": [[[19.062569171940567, 47.47222096489985], [19.062573027616025, 47.472233769343475], [19.06254637316394, 47.47223739538005], [19.06254436150718, 47.472230256620314], [19.062555928533556, 47.47222867022913], [19.06255374923873, 47.47222119152718], [19.062569171940567, 47.47222096489985]]]}}, {"type": "Feature", "properties": {"id": 2275, "roomCode": "LD-4-707-05-71", "roomNumber": "4-707", "roomName": "4-707 WC", "roomType": "social", "floorId": 17, "level": 4, "fillSource": "mvt"}, "geometry": {"type": "Polygon", "coordinates": [[[19.06254613575192, 47.47222875170993], [19.062551667808012, 47.472247108525934], [19.06254127424808, 47.47224846828983], [19.062535742191987, 47.472230111474296], [19.06254613575192, 47.47222875170993]]]}}, {"type": "Feature", "properties": {"id": 2793, "roomCode": "LD-4-710-01-14", "roomNumber": "4-710", "roomName": "4-710 Rajzterem - Geometriai tansz\u00e9k", "roomType": "educational", "floorId": 17, "level": 4, "fillSource": "mvt"}, "geometry": {"type": "Polygon", "coordinates": [[[19.062632149612686, 47.472136243296944], [19.062640363877794, 47.472163552334884], [19.062565094387313, 47.47217386404262], [19.062556880122205, 47.47214666832555], [19.062632149612686, 47.472136243296944]]]}}, {"type": "Feature", "properties": {"id": 2799, "roomCode": "LD-4-712-01-13", "roomNumber": "4-712", "roomName": "4-712 Oktat\u00f3", "roomType": "educational", "floorId": 17, "level": 4, "fillSource": "mvt"}, "geometry": {"type": "Polygon", "coordinates": [[[19.062649073612686, 47.472080099303646], [19.062657287877794, 47.472107294996974], [19.062582018387314, 47.47211760669368], [19.062573804122206, 47.472090411005695], [19.062649073612686, 47.472080099303646]]]}}, {"type": "Feature", "properties": {"id": 3840, "roomCode": "LD-4-713-01-12", "roomNumber": "4-713", "roomName": "4-713 Geometriai tansz\u00e9k", "roomType": "educational", "floorId": 17, "level": 4, "fillSource": "mvt"}, "geometry": {"type": "Polygon", "coordinates": [[[19.062652505795324, 47.472027601412506], [19.06265820548948, 47.47204663838912], [19.06265820548948, 47.47208301259314], [19.062593329558933, 47.47209196449618], [19.06257706866678, 47.472037913109034], [19.062652505795324, 47.472027601412506]]]}}, {"type": "Feature", "properties": {"id": 3615, "roomCode": "LD-4-714-04-63", "roomNumber": "4-714", "roomName": "4-714 El\u0151t\u00e9r", "roomType": "corridor", "floorId": 17, "level": 4, "fillSource": "mvt"}, "geometry": {"type": "Polygon", "coordinates": [[[19.062637351957594, 47.472010973413475], [19.062640704718863, 47.47202196498929], [19.062591922042404, 47.47202865058581], [19.062588569281136, 47.472017659011414], [19.062637351957594, 47.472010973413475]]]}}, {"type": "Feature", "properties": {"id": 2736, "roomCode": "LD-4-717-05-71", "roomNumber": "4-717", "roomName": "4-717 WC", "roomType": "social", "floorId": 17, "level": 4, "fillSource": "mvt"}, "geometry": {"type": "Polygon", "coordinates": [[[19.062614858209013, 47.47199551008752], [19.062619887350916, 47.47201182747279], [19.062609493790983, 47.472013187254674], [19.06260446464908, 47.47199698318501], [19.062614858209013, 47.47199551008752]]]}}, {"type": "Feature", "properties": {"id": 2792, "roomCode": "LD-4-718-05-71", "roomNumber": "4-718", "roomName": "4-718 WC", "roomType": "social", "floorId": 17, "level": 4, "fillSource": "mvt"}, "geometry": {"type": "Polygon", "coordinates": [[[19.062603131209016, 47.47199390408778], [19.06260816035092, 47.47201022147257], [19.062597766790986, 47.472011581254414], [19.062592737649084, 47.47199537718523], [19.062603131209016, 47.47199390408778]]]}}, {"type": "Feature", "properties": {"id": 2796, "roomCode": "LD-4-719-01-13", "roomNumber": "4-719", "roomName": "4-719 Geometriai Tansz\u00e9k   Tansz\u00e9kvezet\u0151 hely.", "roomType": "educational", "floorId": 17, "level": 4, "fillSource": "mvt"}, "geometry": {"type": "Polygon", "coordinates": [[[19.062569927480133, 47.471865817292965], [19.062586523648413, 47.47192077504699], [19.06251108651987, 47.471931086701645], [19.06249449035159, 47.47187612895841], [19.062569927480133, 47.471865817292965]]]}}, {"type": "Feature", "properties": {"id": 3187, "roomCode": "LD-4-720-02-33", "roomNumber": "4-720", "roomName": "4-720 Geometria Tansz\u00e9k Iroda", "roomType": "administrative", "floorId": 17, "level": 4, "fillSource": "mvt"}, "geometry": {"type": "Polygon", "coordinates": [[[19.062561404612687, 47.47192162303143], [19.062569618877795, 47.47194881864277], [19.062494349387315, 47.471959243623395], [19.062486135122207, 47.47193193470239], [19.062561404612687, 47.47192162303143]]]}}, {"type": "Feature", "properties": {"id": 3535, "roomCode": "LD-4-721-01-13", "roomNumber": "4-721", "roomName": "4-721 Oktat\u00f3", "roomType": "educational", "floorId": 17, "level": 4, "fillSource": "mvt"}, "geometry": {"type": "Polygon", "coordinates": [[[19.06255302643172, 47.47194973802139], [19.062561240696827, 47.47197693364728], [19.062485803568283, 47.47198735863347], [19.062477589303175, 47.47196004969786], [19.06255302643172, 47.47194973802139]]]}}, {"type": "Feature", "properties": {"id": 2369, "roomCode": "LD-4-722-01-13", "roomNumber": "4-722", "roomName": "4-722 Oktat\u00f3", "roomType": "educational", "floorId": 17, "level": 4, "fillSource": "mvt"}, "geometry": {"type": "Polygon", "coordinates": [[[19.062544606341234, 47.47197788134013], [19.06255265296828, 47.47200507698056], [19.0624773834778, 47.472015388657205], [19.06246916921269, 47.47198819302212], [19.062544606341234, 47.47197788134013]]]}}, {"type": "Feature", "properties": {"id": 3136, "roomCode": "LD-4-723-01-13", "roomNumber": "4-723", "roomName": "4-723 Oktat\u00f3", "roomType": "educational", "floorId": 17, "level": 4, "fillSource": "mvt"}, "geometry": {"type": "Polygon", "coordinates": [[[19.062536102431718, 47.472005910343654], [19.062544316696826, 47.472033219313886], [19.062468879568282, 47.47204353099604], [19.062460665303174, 47.47201633534641], [19.062536102431718, 47.472005910343654]]]}}, {"type": "Feature", "properties": {"id": 3302, "roomCode": "LD-4-724-01-13", "roomNumber": "4-724", "roomName": "4-724 Oktat\u00f3", "roomType": "educational", "floorId": 17, "level": 4, "fillSource": "mvt"}, "geometry": {"type": "Polygon", "coordinates": [[[19.062527682341234, 47.47203402433358], [19.062535728968278, 47.472061333318415], [19.062460459477798, 47.47207164500609], [19.06245224521269, 47.472044449341915], [19.062527682341234, 47.47203402433358]]]}}, {"type": "Feature", "properties": {"id": 3713, "roomCode": "LD-4-725-01-13", "roomNumber": "4-725", "roomName": "4-725 Oktat\u00f3", "roomType": "educational", "floorId": 17, "level": 4, "fillSource": "mvt"}, "geometry": {"type": "Polygon", "coordinates": [[[19.062519177431717, 47.47206213932351], [19.062527391696825, 47.47208944832295], [19.06245195456828, 47.472099760016135], [19.062443740303173, 47.47207256433742], [19.062519177431717, 47.47206213932351]]]}}, {"type": "Feature", "properties": {"id": 2599, "roomCode": "LD-4-726-01-13", "roomNumber": "4-726", "roomName": "4-726 Oktat\u00f3", "roomType": "educational", "floorId": 17, "level": 4, "fillSource": "mvt"}, "geometry": {"type": "Polygon", "coordinates": [[[19.062510715431717, 47.47209025331343], [19.062518929696825, 47.472117562327476], [19.06244349256828, 47.47212787402617], [19.062435278303173, 47.472100678332914], [19.062510715431717, 47.47209025331343]]]}}, {"type": "Feature", "properties": {"id": 2488, "roomCode": "LD-4-727-01-13", "roomNumber": "4-727", "roomName": "4-727 Doktorandusz", "roomType": "educational", "floorId": 17, "level": 4, "fillSource": "mvt"}, "geometry": {"type": "Polygon", "coordinates": [[[19.062493833480133, 47.47211843083383], [19.062510429648412, 47.472173728798786], [19.06243499251987, 47.47218415381845], [19.06241839635159, 47.472128742548925], [19.062493833480133, 47.47211843083383]]]}}, {"type": "Feature", "properties": {"id": 3872, "roomCode": "LD-4-728-02-33", "roomNumber": "4-728", "roomName": "4-728 Dolgoz\u00f3", "roomType": "administrative", "floorId": 17, "level": 4, "fillSource": "mvt"}, "geometry": {"type": "Polygon", "coordinates": [[[19.06248920187098, 47.472182149768116], [19.062495572117392, 47.47220311315155], [19.062420134988848, 47.47221353818235], [19.06241192072374, 47.472186229129875], [19.06244176029903, 47.472182149768116], [19.06248920187098, 47.472182149768116]]]}}, {"type": "Feature", "properties": {"id": 3157, "roomCode": "LD-4-729-01-13", "roomNumber": "4-729", "roomName": "4-729 Oktat\u00f3", "roomType": "educational", "floorId": 17, "level": 4, "fillSource": "mvt"}, "geometry": {"type": "Polygon", "coordinates": [[[19.06247686743172, 47.47220276826272], [19.062485081696828, 47.47222996353918], [19.062409644568284, 47.47224038839142], [19.062401430303176, 47.47221307980669], [19.06247686743172, 47.47220276826272]]]}}, {"type": "Feature", "properties": {"id": 2549, "roomCode": "LD-4-730-01-13", "roomNumber": "4-730", "roomName": "4-730 Oktat\u00f3", "roomType": "educational", "floorId": 17, "level": 4, "fillSource": "mvt"}, "geometry": {"type": "Polygon", "coordinates": [[[19.062468363522203, 47.4722309105811], [19.06247657778731, 47.472258105872086], [19.062401140658768, 47.47226841741625], [19.062393094031723, 47.472241222130585], [19.062468363522203, 47.4722309105811]]]}}, {"type": "Feature", "properties": {"id": 3255, "roomCode": "LD-4-731-01-13", "roomNumber": "4-731", "roomName": "4-731 Oktat\u00f3", "roomType": "educational", "floorId": 17, "level": 4, "fillSource": "mvt"}, "geometry": {"type": "Polygon", "coordinates": [[[19.06245994343172, 47.47225902557106], [19.062468157696827, 47.472286220876605], [19.062392720568283, 47.47229653242628], [19.062384506303175, 47.47226933712607], [19.06245994343172, 47.47225902557106]]]}}, {"type": "Feature", "properties": {"id": 3696, "roomCode": "LD-5-101-04-63", "roomNumber": "5-101", "roomName": "5-101 K\u00f6zleked\u0151", "roomType": "corridor", "floorId": 24, "level": 5, "fillSource": "mvt"}, "geometry": {"type": "Polygon", "coordinates": [[[19.062878609356037, 47.47222815221598], [19.06288363849794, 47.47224503603449], [19.062894032057873, 47.47224356294987], [19.062897217181078, 47.472254101169696], [19.062886823621145, 47.47225546093985], [19.062892188039175, 47.472273137948555], [19.062902581599108, 47.47227166486472], [19.062905766722313, 47.47228220307891], [19.062895205524317, 47.47228356284834], [19.062900569942347, 47.472301239847596], [19.06291096350228, 47.47229976676455], [19.062914148625485, 47.47231030497312], [19.062903755065552, 47.47231177805586], [19.06290660491263, 47.4723209564936], [19.06299360906755, 47.472309058518455], [19.06300182333266, 47.47233625388626], [19.062914651539675, 47.47234826516923], [19.062917501386753, 47.4723574436006], [19.062927894946686, 47.472355970519125], [19.06293108006989, 47.47236650871642], [19.06292068650996, 47.472367981797596], [19.062926050927988, 47.47238554545456], [19.06293644448792, 47.47238407237388], [19.062939461973063, 47.47239461056554], [19.06292906841313, 47.47239608364591], [19.06293443283116, 47.472413760607324], [19.062944826391092, 47.47241228752744], [19.062948011514298, 47.47242282571343], [19.062937617954365, 47.47242418547922], [19.062942479458204, 47.47244095592096], [19.06291146641647, 47.47244526184433], [19.062900569942347, 47.47240911473984], [19.062890176382414, 47.47241047450598], [19.0628874941734, 47.472401862653186], [19.06289788773333, 47.47240038957297], [19.0628856501547, 47.47235948325179], [19.06279227575337, 47.472372401040865], [19.062789090630165, 47.47236231610055], [19.062781211641184, 47.47236333592606], [19.06278339093601, 47.472370361390176], [19.06276780059611, 47.47237251435479], [19.062765621301285, 47.47236537557703], [19.06273946976339, 47.472369001623], [19.062741649058214, 47.47237614040027], [19.06272622635638, 47.47237829336465], [19.062724047061554, 47.47237115458768], [19.06269789552366, 47.472374780633245], [19.062700074818483, 47.472381806095825], [19.062684652116648, 47.472383959059975], [19.062682472821823, 47.47237682028376], [19.062656321283928, 47.47238044632895], [19.062658500578753, 47.47238758510466], [19.062643077876917, 47.47238962475469], [19.062641066220156, 47.47238259929315], [19.062614747044197, 47.47238611202404], [19.06261692633902, 47.47239325079899], [19.062601503637186, 47.472395403762675], [19.06259932434236, 47.47238826498801], [19.062573172804466, 47.47239189103241], [19.06257535209929, 47.47239902980656], [19.062559929397455, 47.47240118277001], [19.06255775010263, 47.47239404399614], [19.062531598564735, 47.472397556726264], [19.06253377785956, 47.47240469549966], [19.06251818751966, 47.47240684846287], [19.0625161758629, 47.47239970968977], [19.06251332601582, 47.47240004963137], [19.06251332601582, 47.472370927959815], [19.062523216661564, 47.472369568192654], [19.062525228318325, 47.47237670696985], [19.06255137985622, 47.47237308092441], [19.062549200561396, 47.47236594214673], [19.062564790901295, 47.47236390249578], [19.062566802558056, 47.472370927959815], [19.06259295409595, 47.472367415227914], [19.06259094243919, 47.47236027644946], [19.062606365141026, 47.47235812348434], [19.06260854443585, 47.472365148949144], [19.062634528335682, 47.47236163621686], [19.062632349040857, 47.47235461075158], [19.062647939380756, 47.47235245778623], [19.06265011867558, 47.47235948325179], [19.062676102575413, 47.47235585720517], [19.062673923280588, 47.47234883173911], [19.062689513620487, 47.472346678773526], [19.062691692915312, 47.47235370423987], [19.062717676815144, 47.47235019150681], [19.062715665158382, 47.472343166040005], [19.06273125549828, 47.472341013074185], [19.062733267155043, 47.472348038541284], [19.062759251054874, 47.47234441249386], [19.062757239398113, 47.47233738702628], [19.062772829738012, 47.472335234060225], [19.062774841394774, 47.47234225952809], [19.062782720383755, 47.47234123970217], [19.062779702898613, 47.47233115475587], [19.062873244938007, 47.47231823695666], [19.062861007359377, 47.47227733057154], [19.062850613799444, 47.472278803655215], [19.06284793159043, 47.47227007846671], [19.062858325150362, 47.47226860538279], [19.06284742867624, 47.47223245815679], [19.062878609356037, 47.47222815221598]]]}}, {"type": "Feature", "properties": {"id": 3055, "roomCode": "LD-5-102-01-14", "roomNumber": "5-102", "roomName": "5-102 Genetika gyakor\u00f3", "roomType": "educational", "floorId": 24, "level": 5, "fillSource": "mvt"}, "geometry": {"type": "Polygon", "coordinates": [[[19.062883164217745, 47.47228342631638], [19.06289221667317, 47.4723133411853], [19.062897413453136, 47.47231254798824], [19.06290193968085, 47.47232795867188], [19.06289523415831, 47.47233487081528], [19.06273933075932, 47.472356287122665], [19.062723908057485, 47.47230529590025], [19.062883164217745, 47.47228342631638]]]}}, {"type": "Feature", "properties": {"id": 2237, "roomCode": "LD-5-103-01-14", "roomNumber": "5-103", "roomName": "5-103 Hallgat\u00f3i  laborat\u00f3rium", "roomType": "educational", "floorId": 24, "level": 5, "fillSource": "mvt"}, "geometry": {"type": "Polygon", "coordinates": [[[19.06275817694524, 47.472276946200296], [19.062773432009013, 47.47232793742248], [19.06273319887379, 47.47233348979702], [19.062717776171954, 47.47228249858022], [19.06275817694524, 47.472276946200296]]]}}, {"type": "Feature", "properties": {"id": 2301, "roomCode": "LD-5-104-01-14", "roomNumber": "5-104", "roomName": "5-104 Gyakorl\u00f3", "roomType": "educational", "floorId": 24, "level": 5, "fillSource": "mvt"}, "geometry": {"type": "Polygon", "coordinates": [[[19.062704887135222, 47.472257483894445], [19.062704887135222, 47.47231062806519], [19.062659457220033, 47.472316860320504], [19.062648896022036, 47.472312441085], [19.06264420215626, 47.47229703041468], [19.062649734212354, 47.47229635053207], [19.062640514118865, 47.47226643568817], [19.062704887135222, 47.472257483894445]]]}}, {"type": "Feature", "properties": {"id": 3610, "roomCode": "LD-5-105-04-64", "roomNumber": "5-105", "roomName": "5-105 L\u00e9pcs\u0151h\u00e1z", "roomType": "corridor", "floorId": 24, "level": 5, "fillSource": "mvt"}, "geometry": {"type": "Polygon", "coordinates": [[[19.062583256594877, 47.47233608155475], [19.062590129755478, 47.47235931091432], [19.06252525382493, 47.47236826271356], [19.06252575673912, 47.4723699624221], [19.06251016639922, 47.47237211538618], [19.062502622686367, 47.4723470730091], [19.062583256594877, 47.47233608155475]]]}}, {"type": "Feature", "properties": {"id": 2472, "roomCode": "LD-5-106-01-14", "roomNumber": "5-106", "roomName": "5-106 Hallgat\u00f3i labor", "roomType": "educational", "floorId": 24, "level": 5, "fillSource": "mvt"}, "geometry": {"type": "Polygon", "coordinates": [[[19.062699712807344, 47.47235127359119], [19.062699712807344, 47.47240441785441], [19.062624108040737, 47.47241484273556], [19.062615223223375, 47.47238492785367], [19.06261002644341, 47.472385607737536], [19.062605332577633, 47.47237019703436], [19.06261203810017, 47.47236339819329], [19.062699712807344, 47.47235127359119]]]}}, {"type": "Feature", "properties": {"id": 2665, "roomCode": "LD-5-107-01-14", "roomNumber": "5-107", "roomName": "5-107 El\u0151k\u00e9sz\u00edt\u0151", "roomType": "educational", "floorId": 24, "level": 5, "fillSource": "mvt"}, "geometry": {"type": "Polygon", "coordinates": [[[19.06273173294524, 47.472364860810025], [19.062746988009014, 47.472415738803456], [19.06270675487379, 47.47242129118729], [19.062691332171955, 47.47237041319923], [19.06273173294524, 47.472364860810025]]]}}, {"type": "Feature", "properties": {"id": 2901, "roomCode": "LD-5-108-01-14", "roomNumber": "5-108", "roomName": "5-108 Biok\u00e9mia laborat\u00f3rium", "roomType": "educational", "floorId": 24, "level": 5, "fillSource": "mvt"}, "geometry": {"type": "Polygon", "coordinates": [[[19.062855850924013, 47.47238015612587], [19.062866076845882, 47.47238468869041], [19.062870603073595, 47.47240009940687], [19.06286540629363, 47.47240077929132], [19.062874458749054, 47.472430694198245], [19.062715202588794, 47.47245256379745], [19.062699947525022, 47.47240157248983], [19.062855850924013, 47.47238015612587]]]}}, {"type": "Feature", "properties": {"id": 3680, "roomCode": "LD-5-109-04-64", "roomNumber": "5-109", "roomName": "5-109 L\u00e9pcs\u0151h\u00e1z", "roomType": "corridor", "floorId": 24, "level": 5, "fillSource": "mvt"}, "geometry": {"type": "Polygon", "coordinates": [[[19.062973263124984, 47.47239415138279], [19.06298080683784, 47.47241919379173], [19.062965048859876, 47.47242134675846], [19.062964545945686, 47.47241964704789], [19.06289967001514, 47.47242859885626], [19.062892629216474, 47.47240525616289], [19.062973263124984, 47.47239415138279]]]}}, {"type": "Feature", "properties": {"id": 2486, "roomCode": "LD-5-201-04-63", "roomNumber": "5-201", "roomName": "5-201 K\u00f6zleked\u0151", "roomType": "corridor", "floorId": 24, "level": 5, "fillSource": "mvt"}, "geometry": {"type": "Polygon", "coordinates": [[[19.062378323090755, 47.47245267097105], [19.062398439658367, 47.47251941323275], [19.0624088332183, 47.4725179401447], [19.062412018341504, 47.472528478389094], [19.06240145714351, 47.47252995147686], [19.062406821561538, 47.472547628526726], [19.062417382759534, 47.47254615543947], [19.06242056788274, 47.472556580363815], [19.062410006684743, 47.47255805345078], [19.062415371102773, 47.47257573049121], [19.062425764662706, 47.47257425740474], [19.06242894978591, 47.47258468232351], [19.062418388587915, 47.472586155409694], [19.062423753005945, 47.47260383244066], [19.06243431420394, 47.47260235935498], [19.062437499327146, 47.47261278426818], [19.06242693812915, 47.47261425735358], [19.06243230254718, 47.472631934375094], [19.062442696107112, 47.472630461290194], [19.062445881230317, 47.47264088619782], [19.06243532003232, 47.472642359282425], [19.06244068445035, 47.47266003629449], [19.062451245648347, 47.47265856321038], [19.062454430771552, 47.472669101426575], [19.062443869573556, 47.47267046119625], [19.062449233991586, 47.47268813819886], [19.06245962755152, 47.47268666511554], [19.062462812674724, 47.4726972033261], [19.06241084487506, 47.472704342112706], [19.062407659751855, 47.47269380390357], [19.06241822094985, 47.472692444134495], [19.06241285653182, 47.472674767133334], [19.06240246297189, 47.47267624021699], [19.062399277848684, 47.472665702002224], [19.06240983904668, 47.47266434223243], [19.06240447462865, 47.4726466652218], [19.062393913430654, 47.47264813830626], [19.06239072830745, 47.472637600085854], [19.062401289505445, 47.47263612700112], [19.062395925087415, 47.47261856329526], [19.062385531527482, 47.4726200363805], [19.062382346404277, 47.472609498154455], [19.062392907602273, 47.472608025068936], [19.062387543184244, 47.47259046135368], [19.062376981986247, 47.47259182112539], [19.062373796863042, 47.472581396208035], [19.06238435806104, 47.472579923121714], [19.06237899364301, 47.4725622460827], [19.062368600083076, 47.472563719169514], [19.06236541495987, 47.47255329424658], [19.062375976157867, 47.47255182115948], [19.062370611739837, 47.47253414411101], [19.06236005054184, 47.472535617198616], [19.062356865418636, 47.4725251922701], [19.062367426616632, 47.472523719182206], [19.062362062198602, 47.472506042124294], [19.06235166863867, 47.472507515212676], [19.062348483515464, 47.472497090278594], [19.06235904471346, 47.472495617189914], [19.06235368029543, 47.472477940122545], [19.062343119097434, 47.47247941321172], [19.06233993397423, 47.47246898827206], [19.062350495172225, 47.47246751518259], [19.062345968944513, 47.47245267097105], [19.062378323090755, 47.47245267097105]]]}}, {"type": "Feature", "properties": {"id": 3855, "roomCode": "LD-5-202-01-12", "roomNumber": "5-202", "roomName": "5-202 Immunol\u00f3gia szemin\u00e1riumi szoba", "roomType": "educational", "floorId": 24, "level": 5, "fillSource": "mvt"}, "geometry": {"type": "Polygon", "coordinates": [[[19.062426101709516, 47.472315178694636], [19.06245124741903, 47.47239869107947], [19.062375810290487, 47.47240900264017], [19.062350664580972, 47.472325603585745], [19.062426101709516, 47.472315178694636]]]}}, {"type": "Feature", "properties": {"id": 2581, "roomCode": "LD-5-203-01-13", "roomNumber": "5-203", "roomName": "5-203 Oktat\u00f3", "roomType": "educational", "floorId": 24, "level": 5, "fillSource": "mvt"}, "geometry": {"type": "Polygon", "coordinates": [[[19.062417558612687, 47.47239956619237], [19.062425772877795, 47.47242676157068], [19.062350503387314, 47.47243718646197], [19.062342289122206, 47.47240987777497], [19.062417558612687, 47.47239956619237]]]}}, {"type": "Feature", "properties": {"id": 3390, "roomCode": "LD-5-204-01-13", "roomNumber": "5-204", "roomName": "5-204 Oktat\u00f3", "roomType": "educational", "floorId": 24, "level": 5, "fillSource": "mvt"}, "geometry": {"type": "Polygon", "coordinates": [[[19.062409180431718, 47.47242768018233], [19.062417394696826, 47.47245487557518], [19.062341957568282, 47.472465300472045], [19.062333743303174, 47.47243799177044], [19.062409180431718, 47.47242768018233]]]}}, {"type": "Feature", "properties": {"id": 2806, "roomCode": "LD-5-205-01-13", "roomNumber": "5-205", "roomName": "5-205 Oktat\u00f3", "roomType": "educational", "floorId": 24, "level": 5, "fillSource": "mvt"}, "geometry": {"type": "Polygon", "coordinates": [[[19.062392254570618, 47.47245580020303], [19.062408850738898, 47.472511097546175], [19.062333581248417, 47.472521522448616], [19.062316817442074, 47.47246611180217], [19.062392254570618, 47.47245580020303]]]}}, {"type": "Feature", "properties": {"id": 3549, "roomCode": "LD-5-206-01-13", "roomNumber": "5-206", "roomName": "5-206 El\u0151k\u00e9sz\u00edt\u0151", "roomType": "educational", "floorId": 24, "level": 5, "fillSource": "mvt"}, "geometry": {"type": "Polygon", "coordinates": [[[19.062344768597328, 47.4725120323685], [19.062352982862436, 47.47253922780222], [19.06231660540267, 47.47254421363021], [19.062308391137563, 47.47251701819906], [19.062344768597328, 47.4725120323685]]]}}, {"type": "Feature", "properties": {"id": 2634, "roomCode": "LD-5-207-01-14", "roomNumber": "5-207", "roomName": "5-207 V\u00edzlabor", "roomType": "educational", "floorId": 24, "level": 5, "fillSource": "mvt"}, "geometry": {"type": "Polygon", "coordinates": [[[19.06238269150217, 47.47251826853862], [19.062390402853087, 47.47254376426024], [19.06235536649783, 47.472548523460226], [19.06234765514691, 47.47252302774093], [19.06238269150217, 47.47251826853862]]]}}, {"type": "Feature", "properties": {"id": 3750, "roomCode": "LD-5-208-01-14", "roomNumber": "5-208", "roomName": "5-208 Biok\u00e9mia labor", "roomType": "educational", "floorId": 24, "level": 5, "fillSource": "mvt"}, "geometry": {"type": "Polygon", "coordinates": [[[19.062366910480133, 47.47254008649308], [19.062383506648413, 47.47259549723942], [19.06230806951987, 47.47260580884426], [19.06229147335159, 47.472550511423236], [19.062366910480133, 47.47254008649308]]]}}, {"type": "Feature", "properties": {"id": 3705, "roomCode": "LD-5-209-01-14", "roomNumber": "5-209", "roomName": "5-209 Mikroszk\u00f3p szoba", "roomType": "educational", "floorId": 24, "level": 5, "fillSource": "mvt"}, "geometry": {"type": "Polygon", "coordinates": [[[19.062325240263437, 47.47259629575587], [19.062333454528545, 47.47262360454816], [19.06229120973656, 47.472629383585364], [19.062282995471453, 47.4726021881106], [19.062325240263437, 47.47259629575587]]]}}, {"type": "Feature", "properties": {"id": 3358, "roomCode": "LD-5-210-01-14", "roomNumber": "5-210", "roomName": "5-210 Fot\u00f3", "roomType": "educational", "floorId": 24, "level": 5, "fillSource": "mvt"}, "geometry": {"type": "Polygon", "coordinates": [[[19.06235838648347, 47.47260230529862], [19.06236660074858, 47.472629614093265], [19.062334749516527, 47.47263392004298], [19.06232653525142, 47.47260672456511], [19.06235838648347, 47.47260230529862]]]}}, {"type": "Feature", "properties": {"id": 3778, "roomCode": "LD-5-211-01-13", "roomNumber": "5-211", "roomName": "5-211 Oktat\u00f3", "roomType": "educational", "floorId": 24, "level": 5, "fillSource": "mvt"}, "geometry": {"type": "Polygon", "coordinates": [[[19.062349988341232, 47.47262445078334], [19.062358034968277, 47.47265164627805], [19.062282765477796, 47.47266207121396], [19.06227455121269, 47.472634875724644], [19.062349988341232, 47.47262445078334]]]}}, {"type": "Feature", "properties": {"id": 2841, "roomCode": "LD-5-212-01-13", "roomNumber": "5-212", "roomName": "5-212 Oktat\u00f3", "roomType": "educational", "floorId": 24, "level": 5, "fillSource": "mvt"}, "geometry": {"type": "Polygon", "coordinates": [[[19.062343981238865, 47.47265004956549], [19.062352195503973, 47.472677244594365], [19.0622988865998, 47.47268460991227], [19.06227575254705, 47.47268460991227], [19.06226854411032, 47.47266036101559], [19.062343981238865, 47.47265004956549]]]}}, {"type": "Feature", "properties": {"id": 3463, "roomCode": "LD-5-213-01-13", "roomNumber": "5-213", "roomName": "5-213 Oktat\u00f3", "roomType": "educational", "floorId": 24, "level": 5, "fillSource": "mvt"}, "geometry": {"type": "Polygon", "coordinates": [[[19.062324666480134, 47.47268072126801], [19.062341262648413, 47.47273556462002], [19.06226582551987, 47.47274598938293], [19.06224922935159, 47.47269103272906], [19.062324666480134, 47.47268072126801]]]}}, {"type": "Feature", "properties": {"id": 2703, "roomCode": "LD-5-214-04-63", "roomNumber": "5-214", "roomName": "5-214 El\u0151t\u00e9r", "roomType": "corridor", "floorId": 24, "level": 5, "fillSource": "mvt"}, "geometry": {"type": "Polygon", "coordinates": [[[19.06245630404808, 47.47261235446847], [19.06245965680935, 47.4726233459759], [19.06241087413289, 47.47263003153084], [19.062407689009685, 47.47261904002481], [19.06245630404808, 47.47261235446847]]]}}, {"type": "Feature", "properties": {"id": 3142, "roomCode": "LD-5-216-05-71", "roomNumber": "5-216", "roomName": "5-216 WC", "roomType": "social", "floorId": 24, "level": 5, "fillSource": "mvt"}, "geometry": {"type": "Polygon", "coordinates": [[[19.062425210028046, 47.472625884137784], [19.062430071531885, 47.47264220143057], [19.062419677971953, 47.472643561204734], [19.062414816468113, 47.472627357226926], [19.062425210028046, 47.472625884137784]]]}}, {"type": "Feature", "properties": {"id": 3326, "roomCode": "LD-5-217-05-71", "roomNumber": "5-217", "roomName": "5-217 WC", "roomType": "social", "floorId": 24, "level": 5, "fillSource": "mvt"}, "geometry": {"type": "Polygon", "coordinates": [[[19.062413487028046, 47.472624266138055], [19.062418348531885, 47.47264058343034], [19.062407954971953, 47.472641943204465], [19.062403093468113, 47.47262573922714], [19.062413487028046, 47.472624266138055]]]}}, {"type": "Feature", "properties": {"id": 3134, "roomCode": "LD-5-218-01-14", "roomNumber": "5-218", "roomName": "5-218 H\u0171t\u0151g\u00e9pek", "roomType": "educational", "floorId": 24, "level": 5, "fillSource": "mvt"}, "geometry": {"type": "Polygon", "coordinates": [[[19.062484213340767, 47.47258944610707], [19.062492762882002, 47.472593185485536], [19.062499133128412, 47.4726143752918], [19.06242369599987, 47.472624686905654], [19.06241598464895, 47.47259885120997], [19.062484213340767, 47.47258944610707]]]}}, {"type": "Feature", "properties": {"id": 2725, "roomCode": "LD-5-219-01-14", "roomNumber": "5-219", "roomName": "5-219 Nagym\u0171szeres labor", "roomType": "educational", "floorId": 24, "level": 5, "fillSource": "mvt"}, "geometry": {"type": "Polygon", "coordinates": [[[19.062505226612686, 47.47255801313576], [19.062513440877794, 47.47258520859605], [19.062438171387313, 47.472595633518765], [19.062429957122205, 47.472568324749446], [19.062505226612686, 47.47255801313576]]]}}, {"type": "Feature", "properties": {"id": 3264, "roomCode": "LD-5-220-01-14", "roomNumber": "5-220", "roomName": "5-220 BI k\u00f6z\u00f6s poszternyomtat\u00f3", "roomType": "educational", "floorId": 24, "level": 5, "fillSource": "mvt"}, "geometry": {"type": "Polygon", "coordinates": [[[19.062513748263438, 47.472534470761175], [19.062521962528546, 47.47256166620692], [19.06247971773656, 47.47256744523733], [19.062471503471453, 47.47254024979458], [19.062513748263438, 47.472534470761175]]]}}, {"type": "Feature", "properties": {"id": 2309, "roomCode": "LD-5-222-01-14", "roomNumber": "5-222", "roomName": "5-222 BI k\u00f6z\u00f6s molekul\u00e1ris biol\u00f3giai laborat\u00f3rium", "roomType": "educational", "floorId": 24, "level": 5, "fillSource": "mvt"}, "geometry": {"type": "Polygon", "coordinates": [[[19.062522148751583, 47.472473675191836], [19.062538912557926, 47.47252897255384], [19.062463475429382, 47.472539397459826], [19.062446879261103, 47.472483986794494], [19.062522148751583, 47.472473675191836]]]}}, {"type": "Feature", "properties": {"id": 2391, "roomCode": "LD-5-223-01-14", "roomNumber": "5-223", "roomName": "5-223 RT-PCR", "roomType": "educational", "floorId": 24, "level": 5, "fillSource": "mvt"}, "geometry": {"type": "Polygon", "coordinates": [[[19.06253913426344, 47.47245010045909], [19.062547348528547, 47.47247729586121], [19.062505103736562, 47.47248318819648], [19.062496889471454, 47.47245587948321], [19.06253913426344, 47.47245010045909]]]}}, {"type": "Feature", "properties": {"id": 2347, "roomCode": "LD-5-224-01-14", "roomNumber": "5-224", "roomName": "5-224 Mikroszk\u00f3p", "roomType": "educational", "floorId": 24, "level": 5, "fillSource": "mvt"}, "geometry": {"type": "Polygon", "coordinates": [[[19.062495682302504, 47.47244553567442], [19.06250372892955, 47.47247273107343], [19.062471877697497, 47.47247715032444], [19.062463831070453, 47.47244995492771], [19.062495682302504, 47.47244553567442]]]}}, {"type": "Feature", "properties": {"id": 3694, "roomCode": "LD-5-225-01-14", "roomNumber": "5-225", "roomName": "5-225 Konfok\u00e1lis mikroszk\u00f3p", "roomType": "educational", "floorId": 24, "level": 5, "fillSource": "mvt"}, "geometry": {"type": "Polygon", "coordinates": [[[19.06254763825075, 47.47241783015707], [19.062555684877793, 47.47244468560239], [19.06248024774925, 47.47245499718324], [19.062472201122205, 47.47242825505731], [19.06254763825075, 47.47241783015707]]]}}, {"type": "Feature", "properties": {"id": 2250, "roomCode": "LD-5-226-05-71", "roomNumber": "5-226", "roomName": "5-226 N\u0151i WC el\u0151t\u00e9r", "roomType": "social", "floorId": 24, "level": 5, "fillSource": "mvt"}, "geometry": {"type": "Polygon", "coordinates": [[[19.062519488302502, 47.4723668972346], [19.06252619382504, 47.47238888014805], [19.062495683697495, 47.472393072764525], [19.062488978174958, 47.47237108985283], [19.062519488302502, 47.4723668972346]]]}}, {"type": "Feature", "properties": {"id": 3563, "roomCode": "LD-5-227-05-71", "roomNumber": "5-227", "roomName": "5-227 N\u0151i WC csoport", "roomType": "social", "floorId": 24, "level": 5, "fillSource": "mvt"}, "geometry": {"type": "Polygon", "coordinates": [[[19.06255648962814, 47.47237319695377], [19.0625653744455, 47.47237716294482], [19.062558836561028, 47.472383735157884], [19.062563698064867, 47.47239982574502], [19.06252027980644, 47.47240583138544], [19.0625135742839, 47.47238384847189], [19.06255112521011, 47.472378749341146], [19.06255648962814, 47.47237319695377]]]}}, {"type": "Feature", "properties": {"id": 2515, "roomCode": "LD-5-228-04-63", "roomNumber": "5-228", "roomName": "5-228 El\u0151t\u00e9r", "roomType": "corridor", "floorId": 24, "level": 5, "fillSource": "mvt"}, "geometry": {"type": "Polygon", "coordinates": [[[19.06251532941803, 47.472391825346534], [19.06251918509349, 47.47240462983171], [19.062504265305844, 47.472406669483924], [19.06250108018264, 47.47239579133785], [19.06251532941803, 47.472391825346534]]]}}, {"type": "Feature", "properties": {"id": 2698, "roomCode": "LD-5-229-05-73", "roomNumber": "5-229", "roomName": "5-229 N\u0151i \u00f6lt\u00f6z\u0151", "roomType": "social", "floorId": 24, "level": 5, "fillSource": "mvt"}, "geometry": {"type": "Polygon", "coordinates": [[[19.062555891915526, 47.472400358626814], [19.062562262161936, 47.47242132172824], [19.062518676265444, 47.47242732737198], [19.062512473657097, 47.47240636427295], [19.062555891915526, 47.472400358626814]]]}}, {"type": "Feature", "properties": {"id": 2924, "roomCode": "LD-5-230-05-71", "roomNumber": "5-230", "roomName": "5-230 Mosd\u00f3-zuhany", "roomType": "social", "floorId": 24, "level": 5, "fillSource": "mvt"}, "geometry": {"type": "Polygon", "coordinates": [[[19.062513184604118, 47.47240487050349], [19.062517040279577, 47.472417674991966], [19.06250262340612, 47.47242152766931], [19.062500444111297, 47.47241404894245], [19.062488709446857, 47.472415635339146], [19.062486530152032, 47.47240849655363], [19.062513184604118, 47.47240487050349]]]}}, {"type": "Feature", "properties": {"id": 3657, "roomCode": "LD-5-231-05-71", "roomNumber": "5-231", "roomName": "5-231 WC", "roomType": "social", "floorId": 24, "level": 5, "fillSource": "mvt"}, "geometry": {"type": "Polygon", "coordinates": [[[19.06249723175192, 47.47239112836541], [19.062502763808013, 47.47240959855223], [19.06249237024808, 47.472411071634326], [19.062486838191987, 47.472392601448036], [19.06249723175192, 47.47239112836541]]]}}, {"type": "Feature", "properties": {"id": 3772, "roomCode": "LD-5-301-04-63", "roomNumber": "5-301", "roomName": "5-301 K\u00f6zleked\u0151", "roomType": "corridor", "floorId": 24, "level": 5, "fillSource": "mvt"}, "geometry": {"type": "Polygon", "coordinates": [[[19.062888454992017, 47.47259449055087], [19.062898513275822, 47.472627691233576], [19.062887952077826, 47.47262905098805], [19.062888957906207, 47.472631883809754], [19.06289935146614, 47.472630524055354], [19.062902536589345, 47.47264106215105], [19.06289197539135, 47.47264242190518], [19.06289733980938, 47.47265998539287], [19.06290773336931, 47.47265862563919], [19.062910918492516, 47.47266916372926], [19.062900524932584, 47.47267052348265], [19.062905889350613, 47.472688200273694], [19.062916282910546, 47.472686727208], [19.06291946803375, 47.472697265292425], [19.06290907447382, 47.472698625045105], [19.062914271253785, 47.47271630182668], [19.062924664813718, 47.47271482876178], [19.062927849936923, 47.47272536684057], [19.06291745637699, 47.47272672659252], [19.06292282079502, 47.47274440336464], [19.062933214354953, 47.472742930300534], [19.062936399478158, 47.472753468373696], [19.062926005918225, 47.47275482812491], [19.062929358679494, 47.47276649932145], [19.06289700453325, 47.47276649932145], [19.062894825238427, 47.472759134003546], [19.062884431678494, 47.47276060706721], [19.06288124655529, 47.47275006899548], [19.06289164011522, 47.47274859593152], [19.06287102063342, 47.472680155068254], [19.06283983995362, 47.472684460953005], [19.062839169401368, 47.47268208138516], [19.062779322612723, 47.47269046652852], [19.062779993164977, 47.472692506157784], [19.062769767243108, 47.47269397922332], [19.062771946537932, 47.472701117924906], [19.062756020921906, 47.472703270866475], [19.062754009265145, 47.472696132165176], [19.06272785772725, 47.47269975817231], [19.062730037022074, 47.47270678356042], [19.062714446682175, 47.47270893650175], [19.062712435025414, 47.47270179780121], [19.06268628348752, 47.472705423807945], [19.062688462782344, 47.47271256250799], [19.062673040080508, 47.47271471544909], [19.062670860785683, 47.47270757674934], [19.062644709247788, 47.47271120275568], [19.062646888542613, 47.47271822814227], [19.062631298202714, 47.47272038108313], [19.062629286545953, 47.472713242384145], [19.062611684549292, 47.47271562195058], [19.062611684549292, 47.472693865910585], [19.062622916299542, 47.47269239284505], [19.062620737004718, 47.47268525414226], [19.062636327344617, 47.47268310119997], [19.062638339001378, 47.472690239903045], [19.062664490539273, 47.47268661389525], [19.06266231124445, 47.47267958850445], [19.062677901584347, 47.47267743556191], [19.062680080879172, 47.47268457426575], [19.062706064779004, 47.472680948257576], [19.06270388548418, 47.472673809553235], [19.06271947582408, 47.47267165661047], [19.062721655118903, 47.4726787953151], [19.062747806656798, 47.47267516930651], [19.062745627361974, 47.47266814391418], [19.06276105006381, 47.47266599097117], [19.062763229358634, 47.47267312967658], [19.06278938089653, 47.47266950366761], [19.06278703396364, 47.472662364961714], [19.062802791941603, 47.472660212018475], [19.062804803598365, 47.47266735072467], [19.06283095513626, 47.47266372471529], [19.062828775841435, 47.472656699321426], [19.062844366181334, 47.47265454637795], [19.062846377838095, 47.472661685084915], [19.062872361737927, 47.472658059075144], [19.062870182443103, 47.47265001386509], [19.062857609588345, 47.47265171355746], [19.062842354524573, 47.472600836075465], [19.062888454992017, 47.47259449055087]]]}}, {"type": "Feature", "properties": {"id": 2489, "roomCode": "LD-5-302-04-64", "roomNumber": "5-302", "roomName": "5-302 L\u00e9pcs\u0151h\u00e1z", "roomType": "corridor", "floorId": 24, "level": 5, "fillSource": "mvt"}, "geometry": {"type": "Polygon", "coordinates": [[[19.062881830899833, 47.472701866958616], [19.06289054807913, 47.47273087501588], [19.062817793159603, 47.472740959844536], [19.06281075236094, 47.4727176174292], [19.06286791694057, 47.472709798850865], [19.062866240559934, 47.47270401990091], [19.062881830899833, 47.472701866958616]]]}}, {"type": "Feature", "properties": {"id": 3793, "roomCode": "LD-5-303-01-14", "roomNumber": "5-303", "roomName": "5-303 Analitika", "roomType": "educational", "floorId": 24, "level": 5, "fillSource": "mvt"}, "geometry": {"type": "Polygon", "coordinates": [[[19.062808637933756, 47.47266172615404], [19.06282255189302, 47.47270784440976], [19.062817019836928, 47.47271362335295], [19.062785671519066, 47.472717929231784], [19.06277024881723, 47.47266705185148], [19.062808637933756, 47.47266172615404]]]}}, {"type": "Feature", "properties": {"id": 2520, "roomCode": "LD-5-304-01-14", "roomNumber": "5-304", "roomName": "5-304 Sz\u00f6vetteny\u00e9szt\u0151 labor", "roomType": "educational", "floorId": 24, "level": 5, "fillSource": "mvt"}, "geometry": {"type": "Polygon", "coordinates": [[[19.06277294694524, 47.47265959149381], [19.062788202009013, 47.47271058218659], [19.06274796887379, 47.47271613450349], [19.062732546171954, 47.472665143816094], [19.06277294694524, 47.47265959149381]]]}}, {"type": "Feature", "properties": {"id": 3614, "roomCode": "LD-5-305-01-14", "roomNumber": "5-305", "roomName": "5-305 Preparat\u00edv labor", "roomType": "educational", "floorId": 24, "level": 5, "fillSource": "mvt"}, "geometry": {"type": "Polygon", "coordinates": [[[19.062727665409614, 47.47264497193307], [19.062742920473386, 47.47269584930768], [19.062715092554857, 47.472699701935376], [19.062658766165544, 47.472699701935376], [19.062645690396597, 47.472656189888504], [19.062727665409614, 47.47264497193307]]]}}, {"type": "Feature", "properties": {"id": 3424, "roomCode": "LD-5-306-01-14", "roomNumber": "5-306", "roomName": "5-306 Hidegszoba", "roomType": "educational", "floorId": 24, "level": 5, "fillSource": "mvt"}, "geometry": {"type": "Polygon", "coordinates": [[[19.06264705906377, 47.47266899463843], [19.0626542675005, 47.472692676980344], [19.062616548936226, 47.47269788936039], [19.0626093404995, 47.472674207020816], [19.06264705906377, 47.47266899463843]]]}}, {"type": "Feature", "properties": {"id": 3319, "roomCode": "LD-5-307-05-79", "roomNumber": "5-307", "roomName": "5-307 Mosogat\u00f3", "roomType": "social", "floorId": 24, "level": 5, "fillSource": "mvt"}, "geometry": {"type": "Polygon", "coordinates": [[[19.062653043984753, 47.47264513593894], [19.062659581869227, 47.47266666571004], [19.062659581869227, 47.472667232282845], [19.062619348734003, 47.472672784696], [19.062611972659212, 47.47264819543326], [19.062634100883585, 47.47264513593894], [19.062653043984753, 47.47264513593894]]]}}, {"type": "Feature", "properties": {"id": 2859, "roomCode": "LD-5-308-01-14", "roomNumber": "5-308", "roomName": "5-308 Biotechnol\u00f3giai labor", "roomType": "educational", "floorId": 24, "level": 5, "fillSource": "mvt"}, "geometry": {"type": "Polygon", "coordinates": [[[19.06260937600267, 47.47264050961785], [19.06262060775292, 47.47267812940627], [19.062535447616696, 47.47267812940627], [19.062527568627715, 47.47265172756963], [19.06260937600267, 47.47264050961785]]]}}, {"type": "Feature", "properties": {"id": 2879, "roomCode": "LD-5-309-01-14", "roomNumber": "5-309", "roomName": "5-309 BI k\u00f6z\u00f6s laborat\u00f3rium", "roomType": "educational", "floorId": 24, "level": 5, "fillSource": "mvt"}, "geometry": {"type": "Polygon", "coordinates": [[[19.062526966898098, 47.472629363065494], [19.0625388692006, 47.47266868321974], [19.06250752088274, 47.47267298917144], [19.062499138979568, 47.47266913647783], [19.062487069039, 47.472629363065494], [19.062526966898098, 47.472629363065494]]]}}, {"type": "Feature", "properties": {"id": 3436, "roomCode": "LD-5-310-04-64", "roomNumber": "5-310", "roomName": "5-310 L\u00e9pcs\u0151h\u00e1z", "roomType": "corridor", "floorId": 24, "level": 5, "fillSource": "mvt"}, "geometry": {"type": "Polygon", "coordinates": [[[19.06249229520782, 47.47265530776363], [19.06249715671166, 47.472671285120924], [19.062424401792132, 47.472681256802446], [19.06241652280315, 47.47265530776363], [19.062432783695304, 47.47265530776363], [19.062432951333367, 47.47265576102206], [19.062436136456572, 47.47265530776363], [19.06249229520782, 47.47265530776363]]]}}, {"type": "Feature", "properties": {"id": 2878, "roomCode": "LD-5-312-01-14", "roomNumber": "5-312", "roomName": "5-312 M\u00e9r\u0151szoba", "roomType": "educational", "floorId": 24, "level": 5, "fillSource": "mvt"}, "geometry": {"type": "Polygon", "coordinates": [[[19.062413701796995, 47.47272413675713], [19.06242225133823, 47.47275269157402], [19.062382018203007, 47.47275813058501], [19.06237346866177, 47.47272968908385], [19.062413701796995, 47.47272413675713]]]}}, {"type": "Feature", "properties": {"id": 2757, "roomCode": "LD-5-313-01-14", "roomNumber": "5-313", "roomName": "5-313 Enzimol\u00f3giai labor", "roomType": "educational", "floorId": 24, "level": 5, "fillSource": "mvt"}, "geometry": {"type": "Polygon", "coordinates": [[[19.062496854246074, 47.47270746397452], [19.06251227694791, 47.4727583414065], [19.062430301934892, 47.47276967267639], [19.06241504687112, 47.472718681942595], [19.062496854246074, 47.47270746397452]]]}}, {"type": "Feature", "properties": {"id": 3341, "roomCode": "LD-5-314-01-13", "roomNumber": "5-314", "roomName": "5-314 Oktat\u00f3", "roomType": "educational", "floorId": 24, "level": 5, "fillSource": "mvt"}, "geometry": {"type": "Polygon", "coordinates": [[[19.06253845012621, 47.47271884546193], [19.062553872828044, 47.47276983621222], [19.062513472054757, 47.47277538853537], [19.062498216990985, 47.47272439779046], [19.06253845012621, 47.47271884546193]]]}}, {"type": "Feature", "properties": {"id": 3736, "roomCode": "LD-5-315-01-14", "roomNumber": "5-315", "roomName": "5-315 Fot\u00f3", "roomType": "educational", "floorId": 24, "level": 5, "fillSource": "mvt"}, "geometry": {"type": "Polygon", "coordinates": [[[19.062588878625373, 47.472724583125434], [19.062595416509847, 47.47274611254967], [19.062555183374624, 47.472751664873435], [19.06254864549015, 47.47273013545147], [19.062588878625373, 47.472724583125434]]]}}, {"type": "Feature", "properties": {"id": 3519, "roomCode": "LD-5-316-01-14", "roomNumber": "5-316", "roomName": "5-316 M\u00e9r\u0151szoba", "roomType": "educational", "floorId": 24, "level": 5, "fillSource": "mvt"}, "geometry": {"type": "Polygon", "coordinates": [[[19.062580029887478, 47.47274698842151], [19.062588747066776, 47.47277554325086], [19.06254834629349, 47.47278109557698], [19.062539796752255, 47.47275254075066], [19.062580029887478, 47.47274698842151]]]}}, {"type": "Feature", "properties": {"id": 2260, "roomCode": "LD-5-317-01-14", "roomNumber": "5-317", "roomName": "5-317 DNS labor", "roomType": "educational", "floorId": 24, "level": 5, "fillSource": "mvt"}, "geometry": {"type": "Polygon", "coordinates": [[[19.06266712283105, 47.47272983405357], [19.06266712283105, 47.47278275113735], [19.06260057051987, 47.47279204278254], [19.062585147818034, 47.47274105202653], [19.06266712283105, 47.47272983405357]]]}}, {"type": "Feature", "properties": {"id": 2475, "roomCode": "LD-5-318-01-13", "roomNumber": "5-318", "roomName": "5-318 Oktat\u00f3", "roomType": "educational", "floorId": 24, "level": 5, "fillSource": "mvt"}, "geometry": {"type": "Polygon", "coordinates": [[[19.062704910945243, 47.472741728449606], [19.062720166009015, 47.47279271922211], [19.06267993287379, 47.47279827154769], [19.062664510171956, 47.47274728078057], [19.062704910945243, 47.472741728449606]]]}}, {"type": "Feature", "properties": {"id": 2720, "roomCode": "LD-5-319-01-13", "roomNumber": "5-319", "roomName": "5-319 Oktat\u00f3", "roomType": "educational", "floorId": 24, "level": 5, "fillSource": "mvt"}, "geometry": {"type": "Polygon", "coordinates": [[[19.062746461035726, 47.47274750510296], [19.062761716099498, 47.472798382568165], [19.062721482964275, 47.47280393489436], [19.062706227900502, 47.47275305743452], [19.062746461035726, 47.47274750510296]]]}}, {"type": "Feature", "properties": {"id": 3140, "roomCode": "LD-5-320-01-14", "roomNumber": "5-320", "roomName": "5-320 Protein engineering", "roomType": "educational", "floorId": 24, "level": 5, "fillSource": "mvt"}, "geometry": {"type": "Polygon", "coordinates": [[[19.062829595246075, 47.47275319561925], [19.06284501794791, 47.47280418640835], [19.062763042934893, 47.47281540437531], [19.06274778787112, 47.4727644135971], [19.062829595246075, 47.47275319561925]]]}}, {"type": "Feature", "properties": {"id": 2916, "roomCode": "LD-5-321-01-14", "roomNumber": "5-321", "roomName": "5-321 M\u00e1sol\u00f3", "roomType": "educational", "floorId": 24, "level": 5, "fillSource": "mvt"}, "geometry": {"type": "Polygon", "coordinates": [[[19.06288006853489, 47.472764623115125], [19.062886606419365, 47.47278615255574], [19.06284620564608, 47.47279170488374], [19.062839835399668, 47.47277017544539], [19.06288006853489, 47.472764623115125]]]}}, {"type": "Feature", "properties": {"id": 2723, "roomCode": "LD-5-322-01-14", "roomNumber": "5-322", "roomName": "5-322 M\u00e9r\u0151szoba", "roomType": "educational", "floorId": 24, "level": 5, "fillSource": "mvt"}, "geometry": {"type": "Polygon", "coordinates": [[[19.062871177887477, 47.4727870274085], [19.062879895066775, 47.47281558225963], [19.06283949429349, 47.47282113459], [19.062830944752253, 47.47279257974188], [19.062871177887477, 47.4727870274085]]]}}, {"type": "Feature", "properties": {"id": 3751, "roomCode": "LD-5-401-04-63", "roomNumber": "5-401", "roomName": "5-401 N\u0151i WC el\u0151t\u00e9r", "roomType": "corridor", "floorId": 24, "level": 5, "fillSource": "mvt"}, "geometry": {"type": "Polygon", "coordinates": [[[19.062975123031052, 47.472429540219], [19.062981660915526, 47.47245152315866], [19.06295115078798, 47.47245571578013], [19.062944445265444, 47.47243373284222], [19.062975123031052, 47.472429540219]]]}}, {"type": "Feature", "properties": {"id": 3015, "roomCode": "LD-5-402-05-71", "roomNumber": "5-402", "roomName": "5-402 N\u0151i WC csoport", "roomType": "social", "floorId": 24, "level": 5, "fillSource": "mvt"}, "geometry": {"type": "Polygon", "coordinates": [[[19.06295287119575, 47.47242698159588], [19.062959409080225, 47.4724489645337], [19.062915990821796, 47.47245485686598], [19.062911129317957, 47.472438766264716], [19.062901406310278, 47.47243446032833], [19.062907106004435, 47.47242845467963], [19.062915320269543, 47.47243208073176], [19.06295287119575, 47.47242698159588]]]}}, {"type": "Feature", "properties": {"id": 3547, "roomCode": "LD-5-403-04-63", "roomNumber": "5-403", "roomName": "5-403 El\u0151t\u00e9r", "roomType": "corridor", "floorId": 24, "level": 5, "fillSource": "mvt"}, "geometry": {"type": "Polygon", "coordinates": [[[19.062955461241735, 47.472454176349764], [19.062958814003004, 47.47246505450878], [19.06294389421536, 47.47246709416335], [19.0629400385399, 47.4724544029781], [19.062955461241735, 47.472454176349764]]]}}, {"type": "Feature", "properties": {"id": 2544, "roomCode": "LD-5-404-05-73", "roomNumber": "5-404", "roomName": "5-404 N\u0151i \u00f6lt\u00f6z\u0151", "roomType": "social", "floorId": 24, "level": 5, "fillSource": "mvt"}, "geometry": {"type": "Polygon", "coordinates": [[[19.062937396095226, 47.47244533840751], [19.06294544272227, 47.47247162729458], [19.062909065262506, 47.472476613116505], [19.062900348083208, 47.47247276043597], [19.062893977836797, 47.47245123074541], [19.062937396095226, 47.47244533840751]]]}}, {"type": "Feature", "properties": {"id": 2889, "roomCode": "LD-5-405-05-71", "roomNumber": "5-405", "roomName": "5-405 Mosd\u00f3-zuhany", "roomType": "social", "floorId": 24, "level": 5, "fillSource": "mvt"}, "geometry": {"type": "Polygon", "coordinates": [[[19.06296506393289, 47.47245556233884], [19.062970763627046, 47.472473919234076], [19.062960370067113, 47.472475392317996], [19.062954670372957, 47.472456922109075], [19.06296506393289, 47.47245556233884]]]}}, {"type": "Feature", "properties": {"id": 2714, "roomCode": "LD-5-406-05-71", "roomNumber": "5-406", "roomName": "5-406 WC", "roomType": "social", "floorId": 24, "level": 5, "fillSource": "mvt"}, "geometry": {"type": "Polygon", "coordinates": [[[19.062960006956704, 47.47246661957868], [19.06296218625153, 47.47247375837311], [19.06295045158709, 47.47247534477176], [19.062952798519976, 47.47248282350751], [19.062937208180077, 47.47248305013585], [19.06293335250462, 47.472470245633126], [19.062960006956704, 47.47246661957868]]]}}, {"type": "Feature", "properties": {"id": 2660, "roomCode": "LD-5-407-01-14", "roomNumber": "5-407", "roomName": "5-407 Doktorandusz labor", "roomType": "educational", "floorId": 24, "level": 5, "fillSource": "mvt"}, "geometry": {"type": "Polygon", "coordinates": [[[19.062949816570615, 47.472474376820095], [19.062966412738895, 47.4725292209255], [19.06289097561035, 47.47253964583162], [19.062874547080135, 47.472484688422796], [19.062949816570615, 47.472474376820095]]]}}, {"type": "Feature", "properties": {"id": 3117, "roomCode": "LD-5-408-01-13", "roomNumber": "5-408", "roomName": "5-408 Doktorandusz ", "roomType": "educational", "floorId": 24, "level": 5, "fillSource": "mvt"}, "geometry": {"type": "Polygon", "coordinates": [[[19.062941422431717, 47.47253018147429], [19.062949636696825, 47.47255737692016], [19.06287419956828, 47.47256768852303], [19.062865985303173, 47.472540493082505], [19.062941422431717, 47.47253018147429]]]}}, {"type": "Feature", "properties": {"id": 2249, "roomCode": "LD-5-409-01-12", "roomNumber": "5-409", "roomName": "5-409 Sz\u00e1m\u00edt\u00f3g\u00e9p szoba", "roomType": "educational", "floorId": 24, "level": 5, "fillSource": "mvt"}, "geometry": {"type": "Polygon", "coordinates": [[[19.062932876612685, 47.47255821047843], [19.062941090877793, 47.472585519253286], [19.062865821387312, 47.47259583086168], [19.062857607122204, 47.47256863540661], [19.062932876612685, 47.47255821047843]]]}}, {"type": "Feature", "properties": {"id": 2440, "roomCode": "LD-5-410-01-14", "roomNumber": "5-410", "roomName": "5-410 M\u00e9r\u0151szoba", "roomType": "educational", "floorId": 24, "level": 5, "fillSource": "mvt"}, "geometry": {"type": "Polygon", "coordinates": [[[19.062924498431716, 47.47258632446835], [19.062932712696824, 47.472613633257815], [19.06285727556828, 47.472623944871714], [19.062849061303172, 47.4725967494021], [19.062924498431716, 47.47258632446835]]]}}, {"type": "Feature", "properties": {"id": 3489, "roomCode": "LD-5-411-01-14", "roomNumber": "5-411", "roomName": "5-411 Kromatogr\u00e1f", "roomType": "educational", "floorId": 24, "level": 5, "fillSource": "mvt"}, "geometry": {"type": "Polygon", "coordinates": [[[19.062915951612688, 47.47261443845828], [19.062924165877796, 47.472641747262344], [19.062848896387315, 47.47265205888176], [19.062840682122207, 47.472624863397606], [19.062915951612688, 47.47261443845828]]]}}, {"type": "Feature", "properties": {"id": 2974, "roomCode": "LD-5-412-01-14", "roomNumber": "5-412", "roomName": "5-412 Bark\u00e1cs m\u0171hely", "roomType": "educational", "floorId": 24, "level": 5, "fillSource": "mvt"}, "geometry": {"type": "Polygon", "coordinates": [[[19.062920800045184, 47.472652044205766], [19.062926164463214, 47.472669154708775], [19.06285072733467, 47.472679579648286], [19.06284435708826, 47.472658503138014], [19.062850056782416, 47.4726527240934], [19.062854918286256, 47.472652044205766], [19.062920800045184, 47.472652044205766]]]}}, {"type": "Feature", "properties": {"id": 3026, "roomCode": "LD-5-413-04-63", "roomNumber": "5-413", "roomName": "5-413 El\u0151t\u00e9r", "roomType": "corridor", "floorId": 24, "level": 5, "fillSource": "mvt"}, "geometry": {"type": "Polygon", "coordinates": [[[19.062914472048078, 47.47267536361399], [19.062917824809347, 47.47268635494046], [19.06286904213289, 47.47269304038532], [19.062865857009683, 47.47268204906025], [19.062914472048078, 47.47267536361399]]]}}, {"type": "Feature", "properties": {"id": 2872, "roomCode": "LD-5-415-05-71", "roomNumber": "5-415", "roomName": "5-415 WC", "roomType": "social", "floorId": 24, "level": 5, "fillSource": "mvt"}, "geometry": {"type": "Polygon", "coordinates": [[[19.062897026028047, 47.47269074095529], [19.062901887531886, 47.47270705798], [19.062891493971954, 47.47270853104448], [19.062886632468114, 47.47269221402022], [19.062897026028047, 47.47269074095529]]]}}, {"type": "Feature", "properties": {"id": 3700, "roomCode": "LD-5-416-05-71", "roomNumber": "5-416", "roomName": "5-416 WC", "roomType": "social", "floorId": 24, "level": 5, "fillSource": "mvt"}, "geometry": {"type": "Polygon", "coordinates": [[[19.062908752028047, 47.472692376283185], [19.062913613531887, 47.47270869330839], [19.062903219971954, 47.472710053060275], [19.062898358468114, 47.47269384934817], [19.062908752028047, 47.472692376283185]]]}}, {"type": "Feature", "properties": {"id": 3619, "roomCode": "LD-5-417-01-13", "roomNumber": "5-417", "roomName": "5-417 Tansz\u00e9kvezet\u0151", "roomType": "educational", "floorId": 24, "level": 5, "fillSource": "mvt"}, "geometry": {"type": "Polygon", "coordinates": [[[19.06299538838965, 47.47277295421078], [19.063011816919865, 47.472827797659036], [19.062936547429384, 47.472838222440245], [19.062919951261105, 47.47278326568993], [19.06299538838965, 47.47277295421078]]]}}, {"type": "Feature", "properties": {"id": 2917, "roomCode": "LD-5-418-02-33", "roomNumber": "5-418", "roomName": "5-418 Biok\u00e9mia Tansz\u00e9k Titk\u00e1rs\u00e1g", "roomType": "administrative", "floorId": 24, "level": 5, "fillSource": "mvt"}, "geometry": {"type": "Polygon", "coordinates": [[[19.06301216443172, 47.472744798072526], [19.063020378696827, 47.472771993149145], [19.062944941568283, 47.472782417924776], [19.062936727303175, 47.47275522285356], [19.06301216443172, 47.472744798072526]]]}}, {"type": "Feature", "properties": {"id": 3542, "roomCode": "LD-5-419-01-13", "roomNumber": "5-419", "roomName": "5-419 Oktat\u00f3", "roomType": "educational", "floorId": 24, "level": 5, "fillSource": "mvt"}, "geometry": {"type": "Polygon", "coordinates": [[[19.063020542612687, 47.472716655754404], [19.063028756877795, 47.47274396412921], [19.062953487387315, 47.47275427558653], [19.062945273122207, 47.47272708052986], [19.063020542612687, 47.472716655754404]]]}}, {"type": "Feature", "properties": {"id": 3100, "roomCode": "LD-5-420-01-17", "roomNumber": "5-420", "roomName": "5-420 T\u00e1rgyal\u00f3", "roomType": "educational", "floorId": 24, "level": 5, "fillSource": "mvt"}, "geometry": {"type": "Polygon", "coordinates": [[[19.06302912848013, 47.47266043399872], [19.06304572464841, 47.472715843893184], [19.062970287519867, 47.472726155339494], [19.062953691351588, 47.47267085876861], [19.06302912848013, 47.47266043399872]]]}}, {"type": "Feature", "properties": {"id": 2557, "roomCode": "LD-5-421-01-13", "roomNumber": "5-421", "roomName": "5-421 Oktat\u00f3", "roomType": "educational", "floorId": 24, "level": 5, "fillSource": "mvt"}, "geometry": {"type": "Polygon", "coordinates": [[[19.063048778459766, 47.472641350460805], [19.063052969411352, 47.47265574115982], [19.062974514797666, 47.47265574115982], [19.062973341331222, 47.47265177521954], [19.063048778459766, 47.472641350460805]]]}}, {"type": "Feature", "properties": {"id": 2816, "roomCode": "LD-5-422-01-14", "roomNumber": "5-422", "roomName": "5-422 Feh\u00e9rjek\u00e9mia labor", "roomType": "educational", "floorId": 24, "level": 5, "fillSource": "mvt"}, "geometry": {"type": "Polygon", "coordinates": [[[19.063054388751585, 47.47257614812784], [19.063071152557928, 47.47263144559763], [19.062995715429384, 47.47264187052394], [19.062979119261104, 47.472586459750595], [19.063054388751585, 47.47257614812784]]]}}, {"type": "Feature", "properties": {"id": 3440, "roomCode": "LD-5-423-01-14", "roomNumber": "5-423", "roomName": "5-423 Biok\u00e9mia izot\u00f3p labor", "roomType": "educational", "floorId": 24, "level": 5, "fillSource": "mvt"}, "geometry": {"type": "Polygon", "coordinates": [[[19.0630713565222, 47.472548028139315], [19.06307957078731, 47.47257522359445], [19.063004133658765, 47.47258564851518], [19.06299608703172, 47.47255833975104], [19.0630713565222, 47.472548028139315]]]}}, {"type": "Feature", "properties": {"id": 3588, "roomCode": "LD-5-424-04-63", "roomNumber": "5-424", "roomName": "5-424 K\u00f6zleked\u0151", "roomType": "corridor", "floorId": 24, "level": 5, "fillSource": "mvt"}, "geometry": {"type": "Polygon", "coordinates": [[[19.063020079363607, 47.47243552925798], [19.063053606976293, 47.47254714377175], [19.063038016636394, 47.47254929673973], [19.063004489023708, 47.47243768223054], [19.063020079363607, 47.47243552925798]]]}}, {"type": "Feature", "properties": {"id": 2319, "roomCode": "LD-5-425-01-14", "roomNumber": "5-425", "roomName": "5-425 Fot\u00f3", "roomType": "educational", "floorId": 24, "level": 5, "fillSource": "mvt"}, "geometry": {"type": "Polygon", "coordinates": [[[19.063050887017027, 47.47252223162292], [19.063059101282136, 47.47254942706145], [19.06302959698297, 47.47255350637602], [19.063021382717864, 47.4725263109396], [19.063050887017027, 47.47252223162292]]]}}, {"type": "Feature", "properties": {"id": 3287, "roomCode": "LD-5-426-01-14", "roomNumber": "5-426", "roomName": "5-426 Mosogat\u00f3", "roomType": "educational", "floorId": 24, "level": 5, "fillSource": "mvt"}, "geometry": {"type": "Polygon", "coordinates": [[[19.063079864917196, 47.472526450936066], [19.063088079182304, 47.47255364637665], [19.063060251263774, 47.47255749906293], [19.06305220463673, 47.47253030362434], [19.063079864917196, 47.472526450936066]]]}}, {"type": "Feature", "properties": {"id": 3150, "roomCode": "LD-5-427-01-14", "roomNumber": "5-427", "roomName": "5-427 M\u00e9r\u0151szoba", "roomType": "educational", "floorId": 24, "level": 5, "fillSource": "mvt"}, "geometry": {"type": "Polygon", "coordinates": [[[19.063088305709513, 47.47249412363052], [19.06309651997462, 47.47252131905656], [19.063038014290484, 47.4725293643674], [19.063029800025376, 47.47250216894552], [19.063088305709513, 47.47249412363052]]]}}, {"type": "Feature", "properties": {"id": 3403, "roomCode": "LD-5-428-01-14", "roomNumber": "5-428", "roomName": "5-428 Immunol\u00f3gia izot\u00f3p labor", "roomType": "educational", "floorId": 24, "level": 5, "fillSource": "mvt"}, "geometry": {"type": "Polygon", "coordinates": [[[19.063096767709514, 47.47246600763994], [19.06310498197462, 47.47249320305144], [19.063046476290484, 47.47250124835798], [19.063038262025376, 47.47247405295064], [19.063096767709514, 47.47246600763994]]]}}, {"type": "Feature", "properties": {"id": 3660, "roomCode": "LD-5-429-01-14", "roomNumber": "5-429", "roomName": "5-429 Hidegszoba", "roomType": "educational", "floorId": 24, "level": 5, "fillSource": "mvt"}, "geometry": {"type": "Polygon", "coordinates": [[[19.063075219188647, 47.47243891414682], [19.063082930539565, 47.47246452314358], [19.063055940811353, 47.47246814919521], [19.063048229460435, 47.472442653514385], [19.063075219188647, 47.47243891414682]]]}}, {"type": "Feature", "properties": {"id": 2351, "roomCode": "LD-5-430-01-14", "roomNumber": "5-430", "roomName": "5-430 Hidegszoba", "roomType": "educational", "floorId": 24, "level": 5, "fillSource": "mvt"}, "geometry": {"type": "Polygon", "coordinates": [[[19.063105210007677, 47.47244208063244], [19.063113424272785, 47.47246938934352], [19.06308576399232, 47.472473128709495], [19.06307754972721, 47.47244593331453], [19.063105210007677, 47.47244208063244]]]}}, {"type": "Feature", "properties": {"id": 2282, "roomCode": "LD-5-431-01-14", "roomNumber": "5-431", "roomName": "5-431 Genetikai izot\u00f3p labor", "roomType": "educational", "floorId": 24, "level": 5, "fillSource": "mvt"}, "geometry": {"type": "Polygon", "coordinates": [[[19.063113751341234, 47.4724073995325], [19.06312179796828, 47.472434708228974], [19.0630465284778, 47.47244501980778], [19.06303831421269, 47.47241782443075], [19.063113751341234, 47.4724073995325]]]}}, {"type": "Feature", "properties": {"id": 3853, "roomCode": "LD-5-501-01-12", "roomNumber": "5-501", "roomName": "5-501 Genetika szemin\u00e1riumi szoba", "roomType": "educational", "floorId": 24, "level": 5, "fillSource": "mvt"}, "geometry": {"type": "Polygon", "coordinates": [[[19.06313067348013, 47.47232312028592], [19.06314726964841, 47.47237841748946], [19.063071832519867, 47.47238884236557], [19.063055236351587, 47.47233343185903], [19.06313067348013, 47.47232312028592]]]}}, {"type": "Feature", "properties": {"id": 2632, "roomCode": "LD-5-502-01-14", "roomNumber": "5-502", "roomName": "5-502 \u00d6sszehasonl\u00edt\u00f3 genetikai  laborat\u00f3rium ", "roomType": "educational", "floorId": 24, "level": 5, "fillSource": "mvt"}, "geometry": {"type": "Polygon", "coordinates": [[[19.063147597480132, 47.47226689132104], [19.06316419364841, 47.472322188465434], [19.063088756519868, 47.47233261333041], [19.063072160351588, 47.47227720288312], [19.063147597480132, 47.47226689132104]]]}}, {"type": "Feature", "properties": {"id": 2772, "roomCode": "LD-5-503-01-13", "roomNumber": "5-503", "roomName": "5-503 Oktat\u00f3", "roomType": "educational", "floorId": 24, "level": 5, "fillSource": "mvt"}, "geometry": {"type": "Polygon", "coordinates": [[[19.063164397612685, 47.47223877124983], [19.063172611877793, 47.47226596654494], [19.063097342387312, 47.47227639140433], [19.063089128122204, 47.472249082800886], [19.063164397612685, 47.47223877124983]]]}}, {"type": "Feature", "properties": {"id": 3232, "roomCode": "LD-5-504-01-14", "roomNumber": "5-504", "roomName": "5-504 Molekul\u00e1ris genetikai  laborat\u00f3rium", "roomType": "educational", "floorId": 24, "level": 5, "fillSource": "mvt"}, "geometry": {"type": "Polygon", "coordinates": [[[19.063166329249015, 47.472179504901426], [19.063182925417294, 47.4722349152707], [19.06317286713349, 47.47223627503362], [19.063104806079735, 47.47223627503362], [19.06309089212047, 47.472189929760646], [19.063166329249015, 47.472179504901426]]]}}, {"type": "Feature", "properties": {"id": 2598, "roomCode": "LD-5-505-01-13", "roomNumber": "5-505", "roomName": "5-505 Oktat\u00f3", "roomType": "educational", "floorId": 24, "level": 5, "fillSource": "mvt"}, "geometry": {"type": "Polygon", "coordinates": [[[19.063189868431717, 47.47215437029044], [19.063198082696825, 47.4721816793378], [19.06312264556828, 47.472191991049094], [19.063114431303173, 47.47216479532264], [19.063189868431717, 47.47215437029044]]]}}, {"type": "Feature", "properties": {"id": 3494, "roomCode": "LD-5-506-01-13", "roomNumber": "5-506", "roomName": "5-506 Oktat\u00f3", "roomType": "educational", "floorId": 24, "level": 5, "fillSource": "mvt"}, "geometry": {"type": "Polygon", "coordinates": [[[19.063202863626266, 47.47210409048775], [19.06321962743261, 47.47215950174689], [19.063183249972845, 47.472164487624184], [19.06317470043161, 47.47213638540048], [19.063135808400894, 47.472141711226286], [19.063127594135786, 47.472114515514384], [19.063202863626266, 47.47210409048775]]]}}, {"type": "Feature", "properties": {"id": 2925, "roomCode": "LD-5-507-01-14", "roomNumber": "5-507", "roomName": "5-507 Hidegszoba", "roomType": "educational", "floorId": 24, "level": 5, "fillSource": "mvt"}, "geometry": {"type": "Polygon", "coordinates": [[[19.0631680803212, 47.47209928972088], [19.06317579167212, 47.47212467237416], [19.0631405876788, 47.472129544935655], [19.06313287632788, 47.4721040489693], [19.0631680803212, 47.47209928972088]]]}}, {"type": "Feature", "properties": {"id": 2608, "roomCode": "LD-5-508-01-14", "roomNumber": "5-508", "roomName": "5-508 M\u0171szeres laborat\u00f3rium", "roomType": "educational", "floorId": 24, "level": 5, "fillSource": "mvt"}, "geometry": {"type": "Polygon", "coordinates": [[[19.06322161440367, 47.47204667866397], [19.063238378210013, 47.47210197654844], [19.063196133418028, 47.47210775562728], [19.063187583876793, 47.47207965343405], [19.063154559178297, 47.472084299362194], [19.06314634491319, 47.47205699036405], [19.06322161440367, 47.47204667866397]]]}}, {"type": "Feature", "properties": {"id": 3584, "roomCode": "LD-5-509-01-14", "roomNumber": "5-509", "roomName": "5-509 M\u00e1sol\u00f3", "roomType": "educational", "floorId": 24, "level": 5, "fillSource": "mvt"}, "geometry": {"type": "Polygon", "coordinates": [[[19.063180152483472, 47.472041977845436], [19.06318836674858, 47.47206917351595], [19.06315651551653, 47.47207359281107], [19.06314830125142, 47.47204628382754], [19.063180152483472, 47.472041977845436]]]}}, {"type": "Feature", "properties": {"id": 3105, "roomCode": "LD-5-510-02-33", "roomNumber": "5-510", "roomName": "5-510 Genetika Tansz\u00e9k Titk\u00e1rs\u00e1g", "roomType": "administrative", "floorId": 24, "level": 5, "fillSource": "mvt"}, "geometry": {"type": "Polygon", "coordinates": [[[19.063232136522203, 47.472013854998465], [19.06324035078731, 47.47204105065754], [19.063164913658767, 47.472051475656464], [19.063156867031722, 47.47202416668753], [19.063232136522203, 47.472013854998465]]]}}, {"type": "Feature", "properties": {"id": 3486, "roomCode": "LD-5-511-01-13", "roomNumber": "5-511", "roomName": "5-511 Tansz\u00e9kvezet\u0151", "roomType": "educational", "floorId": 24, "level": 5, "fillSource": "mvt"}, "geometry": {"type": "Polygon", "coordinates": [[[19.06324065638965, 47.471958050235685], [19.063257084919865, 47.472013008086165], [19.063181815429385, 47.47202331975892], [19.063165219261105, 47.47196836191923], [19.06324065638965, 47.471958050235685]]]}}, {"type": "Feature", "properties": {"id": 3545, "roomCode": "LD-5-512-04-63", "roomNumber": "5-512", "roomName": "5-512 El\u0151t\u00e9r", "roomType": "corridor", "floorId": 24, "level": 5, "fillSource": "mvt"}, "geometry": {"type": "Polygon", "coordinates": [[[19.063095523957596, 47.472073981402886], [19.063098876718865, 47.47208497299186], [19.063050094042406, 47.472091658596405], [19.063046741281138, 47.472080667008825], [19.063095523957596, 47.472073981402886]]]}}, {"type": "Feature", "properties": {"id": 2499, "roomCode": "LD-5-514-05-71", "roomNumber": "5-514", "roomName": "5-514 WC", "roomType": "social", "floorId": 24, "level": 5, "fillSource": "mvt"}, "geometry": {"type": "Polygon", "coordinates": [[[19.063086762028046, 47.47206045173424], [19.063091623531886, 47.47207665582434], [19.063081229971953, 47.472078128923194], [19.063076368468113, 47.472061811518216], [19.063086762028046, 47.47206045173424]]]}}, {"type": "Feature", "properties": {"id": 2786, "roomCode": "LD-5-515-05-71", "roomNumber": "5-515", "roomName": "5-515 WC", "roomType": "social", "floorId": 24, "level": 5, "fillSource": "mvt"}, "geometry": {"type": "Polygon", "coordinates": [[[19.063098485028046, 47.4720620130763], [19.063103346531886, 47.472078330482226], [19.063092952971953, 47.47207969026582], [19.063088091468114, 47.47206348617565], [19.063098485028046, 47.4720620130763]]]}}, {"type": "Feature", "properties": {"id": 3640, "roomCode": "LD-5-516-01-14", "roomNumber": "5-516", "roomName": "5-516 PCR laborat\u00f3rium", "roomType": "educational", "floorId": 24, "level": 5, "fillSource": "mvt"}, "geometry": {"type": "Polygon", "coordinates": [[[19.06308275100013, 47.472079261936436], [19.06309046235105, 47.47210521116095], [19.063022233659233, 47.47211461633523], [19.063013684117998, 47.47211076361344], [19.063007313871587, 47.47208968695393], [19.06308275100013, 47.472079261936436]]]}}, {"type": "Feature", "properties": {"id": 2413, "roomCode": "LD-5-517-01-13", "roomNumber": "5-517", "roomName": "5-517 Oktat\u00f3", "roomType": "educational", "floorId": 24, "level": 5, "fillSource": "mvt"}, "geometry": {"type": "Polygon", "coordinates": [[[19.063034524987312, 47.47210838027476], [19.06304273925242, 47.472135689295804], [19.06300116501269, 47.47214135506603], [19.06299295074758, 47.47211415936338], [19.063034524987312, 47.47210838027476]]]}}, {"type": "Feature", "properties": {"id": 3181, "roomCode": "LD-5-518-01-14", "roomNumber": "5-518", "roomName": "5-518 Fot\u00f3szoba", "roomType": "educational", "floorId": 24, "level": 5, "fillSource": "mvt"}, "geometry": {"type": "Polygon", "coordinates": [[[19.0630683417596, 47.47211427650823], [19.063076556024708, 47.47214158553168], [19.063044034240402, 47.4721460048329], [19.063035819975294, 47.47211880912722], [19.0630683417596, 47.47211427650823]]]}}, {"type": "Feature", "properties": {"id": 2396, "roomCode": "LD-5-519-01-14", "roomNumber": "5-519", "roomName": "5-519 Nematoda laborat\u00f3rium", "roomType": "educational", "floorId": 24, "level": 5, "fillSource": "mvt"}, "geometry": {"type": "Polygon", "coordinates": [[[19.063050507422368, 47.47216143682905], [19.063062074448744, 47.47220030339995], [19.06298361983506, 47.47220030339995], [19.062975070293824, 47.47217174837107], [19.063050507422368, 47.47216143682905]]]}}, {"type": "Feature", "properties": {"id": 3522, "roomCode": "LD-5-520-01-14", "roomNumber": "5-520", "roomName": "5-520 Termoszt\u00e1t szoba", "roomType": "educational", "floorId": 24, "level": 5, "fillSource": "mvt"}, "geometry": {"type": "Polygon", "coordinates": [[[19.06303450543172, 47.47222089625624], [19.063042719696828, 47.47224809154208], [19.062967282568284, 47.47225851639792], [19.062959068303176, 47.47223120780378], [19.06303450543172, 47.47222089625624]]]}}, {"type": "Feature", "properties": {"id": 2674, "roomCode": "LD-5-521-01-13", "roomNumber": "5-521", "roomName": "5-521 Oktat\u00f3", "roomType": "educational", "floorId": 24, "level": 5, "fillSource": "mvt"}, "geometry": {"type": "Polygon", "coordinates": [[[19.063026067522202, 47.472249045202204], [19.06303428178731, 47.47227578724746], [19.062958844658766, 47.47228609879518], [19.06295079803172, 47.47225935675517], [19.063026067522202, 47.472249045202204]]]}}, {"type": "Feature", "properties": {"id": 2516, "roomCode": "LD-5-522-04-63", "roomNumber": "5-522", "roomName": "5-522 F\u00e9rfi WC el\u0151t\u00e9r", "roomType": "corridor", "floorId": 24, "level": 5, "fillSource": "mvt"}, "geometry": {"type": "Polygon", "coordinates": [[[19.063010840121535, 47.47231094124854], [19.06301737800601, 47.47233292413857], [19.062986867878465, 47.47233711675059], [19.06298032999399, 47.472315133862296], [19.063010840121535, 47.47231094124854]]]}}, {"type": "Feature", "properties": {"id": 2455, "roomCode": "LD-5-523-05-71", "roomNumber": "5-523", "roomName": "5-523 F\u00e9rfi WC csoport", "roomType": "social", "floorId": 24, "level": 5, "fillSource": "mvt"}, "geometry": {"type": "Polygon", "coordinates": [[[19.062986255986736, 47.47229811888817], [19.06299279387121, 47.472320101776404], [19.062955410583065, 47.472325314212476], [19.06294987852697, 47.47233086658946], [19.062941161347673, 47.47232690060596], [19.062947531594084, 47.472320328404074], [19.062942670090244, 47.4723041245235], [19.062986255986736, 47.47229811888817]]]}}, {"type": "Feature", "properties": {"id": 2457, "roomCode": "LD-5-524-04-63", "roomNumber": "5-524", "roomName": "5-524 El\u0151t\u00e9r", "roomType": "corridor", "floorId": 24, "level": 5, "fillSource": "mvt"}, "geometry": {"type": "Polygon", "coordinates": [[[19.06300442074769, 47.47229886522371], [19.06300794114702, 47.472310649861356], [19.062993524273566, 47.47231450253077], [19.062989668598107, 47.47230181138337], [19.062991680254868, 47.472301584755705], [19.06299134497874, 47.47230067824506], [19.06300442074769, 47.47229886522371]]]}}, {"type": "Feature", "properties": {"id": 2706, "roomCode": "LD-5-525-05-73", "roomNumber": "5-525", "roomName": "5-525 F\u00e9rfi \u00f6lt\u00f6z\u0151", "roomType": "social", "floorId": 24, "level": 5, "fillSource": "mvt"}, "geometry": {"type": "Polygon", "coordinates": [[[19.062989981561667, 47.472277855229166], [19.06299786055065, 47.472304144030986], [19.062954274654157, 47.472310149660586], [19.062947736769683, 47.472288620041844], [19.06295343646384, 47.47228284103742], [19.062989981561667, 47.472277855229166]]]}}, {"type": "Feature", "properties": {"id": 2833, "roomCode": "LD-5-526-05-71", "roomNumber": "5-526", "roomName": "5-526 Mosd\u00f3-zuhany", "roomType": "social", "floorId": 24, "level": 5, "fillSource": "mvt"}, "geometry": {"type": "Polygon", "coordinates": [[[19.063003816593877, 47.4722825052337], [19.0630059958887, 47.47228998394455], [19.063017730553142, 47.472288397551424], [19.063019909847966, 47.47229542300631], [19.06299325539588, 47.47229916236095], [19.062989399720422, 47.47228635790306], [19.063003816593877, 47.4722825052337]]]}}, {"type": "Feature", "properties": {"id": 3589, "roomCode": "LD-5-527-05-71", "roomNumber": "5-527", "roomName": "5-527 WC", "roomType": "social", "floorId": 24, "level": 5, "fillSource": "mvt"}, "geometry": {"type": "Polygon", "coordinates": [[[19.06301405575192, 47.472293043040956], [19.063019587808014, 47.47231139987943], [19.06300919424808, 47.47231287295879], [19.06300366219199, 47.472294516120826], [19.06301405575192, 47.472293043040956]]]}}, {"type": "Feature", "properties": {"id": 2553, "roomCode": "LD-5-601-04-63", "roomNumber": "5-601", "roomName": "5-601 K\u00f6zleked\u0151", "roomType": "corridor", "floorId": 24, "level": 5, "fillSource": "mvt"}, "geometry": {"type": "Polygon", "coordinates": [[[19.063112799316524, 47.47190340274766], [19.063114643335222, 47.47190963510576], [19.06312520453322, 47.471908162003004], [19.063128389656423, 47.4719187003526], [19.063117828458427, 47.471920060139496], [19.063123192876457, 47.471937737365884], [19.063133754074453, 47.47193626426391], [19.063136771559595, 47.47194680260788], [19.0631262103616, 47.47194816239404], [19.06313157477963, 47.471965839610974], [19.063142135977625, 47.47196447982526], [19.06314532110083, 47.471974904848125], [19.063134759902834, 47.471976377949005], [19.063140124320864, 47.47199394184104], [19.063150517880796, 47.47199258205605], [19.063153703004, 47.47200300707333], [19.063143141806005, 47.47200448017344], [19.063148506224035, 47.47202215737143], [19.06315906742203, 47.47202068427182], [19.063162252545236, 47.47203110928352], [19.06315169134724, 47.47203258238284], [19.06315705576527, 47.47205025957137], [19.063167449325203, 47.472048786472556], [19.063170634448408, 47.47205921147868], [19.063160073250412, 47.47206068457721], [19.06316543766844, 47.47207836175629], [19.063175998866438, 47.472076888658265], [19.063179183989643, 47.47208731365881], [19.063168622791647, 47.47208878675656], [19.063173987209677, 47.47210646392619], [19.06318438076961, 47.47210499082894], [19.063187565892814, 47.47211541582393], [19.06317700469482, 47.47211688892087], [19.063177842885136, 47.47211972179951], [19.06318840408313, 47.47211836201778], [19.063198462366937, 47.472151563344845], [19.063152361899494, 47.47215790898859], [19.06313693919766, 47.47210691718687], [19.063149344414352, 47.47210521745929], [19.063146997481464, 47.472097172081355], [19.06312084594357, 47.47210079816734], [19.063123025238394, 47.47210793702339], [19.063107434898495, 47.47211009001153], [19.06310525560367, 47.47210295115577], [19.063079271703838, 47.47210646392619], [19.063081450998663, 47.47211360278146], [19.063065860658764, 47.47211575576938], [19.063063849002003, 47.47210861691439], [19.063037697464107, 47.472112242999586], [19.063039876758932, 47.47211938185408], [19.063024286419033, 47.47212153484175], [19.06302210712421, 47.47211439598755], [19.062996123224377, 47.4721179087572], [19.062998134881138, 47.47212504761093], [19.062982712179302, 47.472127200598365], [19.062980532884477, 47.47212006174493], [19.062954548984646, 47.47212368782934], [19.062956560641407, 47.47213082668228], [19.06294113793957, 47.47213297966948], [19.062938958644747, 47.47212584081683], [19.06291280710685, 47.472129353585714], [19.062914986401676, 47.47213649243789], [19.06289956369984, 47.47213864542486], [19.062897384405016, 47.472131506572985], [19.06287123286712, 47.472135132656604], [19.062873412161945, 47.47214227150799], [19.06285798946011, 47.47214431117963], [19.062855810165285, 47.47213728564363], [19.06282965862739, 47.47214079841175], [19.062831837922214, 47.47214793726237], [19.06281641522038, 47.47215009024887], [19.062814235925554, 47.472142951398546], [19.06278808438766, 47.472146577481375], [19.062790263682484, 47.472153716331206], [19.062774840980648, 47.4721557560024], [19.06276427978265, 47.47212062832064], [19.062779702484487, 47.47211847533293], [19.062781881779312, 47.472125614186574], [19.062807865679144, 47.47212210141744], [19.06280568638432, 47.47211496256332], [19.062821276724218, 47.47211280957538], [19.062823456019043, 47.472119948429786], [19.062849439918875, 47.47211632234512], [19.06284726062405, 47.472109183490225], [19.06286285096395, 47.47210703050204], [19.062865030258774, 47.47211416935725], [19.06289118179667, 47.47211054327218], [19.06288883486378, 47.472103517731654], [19.062904592841743, 47.472101364743246], [19.062906604498504, 47.47210850359922], [19.0629327560364, 47.47210487751377], [19.062930576741575, 47.4720977386573], [19.062946167081474, 47.47209569898385], [19.062948178738235, 47.47210272452542], [19.062974162638067, 47.472099098439564], [19.062972150981306, 47.47209207289752], [19.062987741321205, 47.47208991990863], [19.062989752977966, 47.47209694545097], [19.06301590451586, 47.47209343267992], [19.063013725221037, 47.47208640713711], [19.063029315560936, 47.472084254147994], [19.06303149485576, 47.47209127969109], [19.063041888415693, 47.472089806593424], [19.063042391329883, 47.47209195958231], [19.063102238118528, 47.47208380088712], [19.063101567566274, 47.472081534582685], [19.063132748246073, 47.472077341919196], [19.06311212876427, 47.47200878615811], [19.063101735204338, 47.47201014594266], [19.063098550081133, 47.47199972092681], [19.06310911127913, 47.47199824782657], [19.0631037468611, 47.47198057062054], [19.063093353301166, 47.471982043721276], [19.06309016817796, 47.47197161869983], [19.063100729375957, 47.47197014559882], [19.063095364957928, 47.47195246838333], [19.06308480375993, 47.47195394148484], [19.063081618636726, 47.47194351645783], [19.063092179834722, 47.47194204335602], [19.063086815416693, 47.47192436613109], [19.06307642185676, 47.47192583923339], [19.063073236733555, 47.47191530088523], [19.06308379793155, 47.47191394109821], [19.063080445170282, 47.47190340274766], [19.063112799316524, 47.47190340274766]]]}}, {"type": "Feature", "properties": {"id": 3246, "roomCode": "LD-5-602-01-14", "roomNumber": "5-602", "roomName": "5-602 Desztill\u00e1l\u00f3", "roomType": "educational", "floorId": 24, "level": 5, "fillSource": "mvt"}, "geometry": {"type": "Polygon", "coordinates": [[[19.063117613216694, 47.47194586386541], [19.06313303591853, 47.47199674235185], [19.063092802783306, 47.472002294789476], [19.06307738008147, 47.471951302993254], [19.063117613216694, 47.47194586386541]]]}}, {"type": "Feature", "properties": {"id": 2353, "roomCode": "LD-5-603-01-14", "roomNumber": "5-603", "roomName": "5-603 H\u0171t\u0151szekr\u00e9ny szoba", "roomType": "educational", "floorId": 24, "level": 5, "fillSource": "mvt"}, "geometry": {"type": "Polygon", "coordinates": [[[19.06307606312621, 47.47194005888215], [19.063091485828046, 47.47199105067814], [19.06305108505476, 47.471996603115166], [19.063035829990987, 47.47194561132455], [19.06307606312621, 47.47194005888215]]]}}, {"type": "Feature", "properties": {"id": 2226, "roomCode": "LD-5-604-01-13", "roomNumber": "5-604", "roomName": "5-604 Oktat\u00f3", "roomType": "educational", "floorId": 24, "level": 5, "fillSource": "mvt"}, "geometry": {"type": "Polygon", "coordinates": [[[19.063034470126208, 47.471934338885184], [19.063049892828044, 47.47198533067569], [19.063009492054757, 47.47199088311212], [19.062994236990985, 47.471939891327], [19.063034470126208, 47.471934338885184]]]}}, {"type": "Feature", "properties": {"id": 3512, "roomCode": "LD-5-605-01-14", "roomNumber": "5-605", "roomName": "5-605 PCR laborat\u00f3rium", "roomType": "educational", "floorId": 24, "level": 5, "fillSource": "mvt"}, "geometry": {"type": "Polygon", "coordinates": [[[19.06299960188748, 47.471928635084616], [19.06300831906678, 47.471957190478065], [19.06296791829349, 47.471962742913874], [19.062959368752256, 47.471934187523445], [19.06299960188748, 47.471928635084616]]]}}, {"type": "Feature", "properties": {"id": 2438, "roomCode": "LD-5-606-01-14", "roomNumber": "5-606", "roomName": "5-606 S\u00f6t\u00e9tszoba", "roomType": "educational", "floorId": 24, "level": 5, "fillSource": "mvt"}, "geometry": {"type": "Polygon", "coordinates": [[[19.06299289153489, 47.471958065844575], [19.062999429419364, 47.471979595715354], [19.062959028646077, 47.471985148154275], [19.062952658399666, 47.471963618285784], [19.06299289153489, 47.471958065844575]]]}}, {"type": "Feature", "properties": {"id": 3534, "roomCode": "LD-5-607-01-14", "roomNumber": "5-607", "roomName": "5-607 Elektrofor\u00e9zis laborat\u00f3rium", "roomType": "educational", "floorId": 24, "level": 5, "fillSource": "mvt"}, "geometry": {"type": "Polygon", "coordinates": [[[19.06295135118497, 47.47191145648178], [19.062966606248743, 47.47196244826117], [19.062843224634058, 47.47197944550998], [19.062827801932222, 47.471928453747076], [19.06295135118497, 47.47191145648178]]]}}, {"type": "Feature", "properties": {"id": 3406, "roomCode": "LD-5-608-01-13", "roomNumber": "5-608", "roomName": "5-608 Oktat\u00f3", "roomType": "educational", "floorId": 24, "level": 5, "fillSource": "mvt"}, "geometry": {"type": "Polygon", "coordinates": [[[19.062826591945242, 47.47190576722935], [19.062841847009015, 47.47195675899204], [19.06280161387379, 47.471962198110475], [19.062786191171956, 47.47191131966814], [19.062826591945242, 47.47190576722935]]]}}, {"type": "Feature", "properties": {"id": 3797, "roomCode": "LD-5-609-01-13", "roomNumber": "5-609", "roomName": "5-609 Oktat\u00f3", "roomType": "educational", "floorId": 24, "level": 5, "fillSource": "mvt"}, "geometry": {"type": "Polygon", "coordinates": [[[19.06278499894524, 47.47190001890365], [19.062800254009012, 47.471951010660845], [19.06276002087379, 47.47195656309365], [19.062744598171953, 47.47190557134184], [19.06278499894524, 47.47190001890365]]]}}, {"type": "Feature", "properties": {"id": 3348, "roomCode": "LD-5-610-01-13", "roomNumber": "5-610", "roomName": "5-610 Oktat\u00f3", "roomType": "educational", "floorId": 24, "level": 5, "fillSource": "mvt"}, "geometry": {"type": "Polygon", "coordinates": [[[19.062743281216694, 47.47189432723551], [19.06275870391853, 47.47194531898709], [19.062718470783306, 47.47195075810434], [19.06270304808147, 47.471899879673074], [19.062743281216694, 47.47189432723551]]]}}, {"type": "Feature", "properties": {"id": 3639, "roomCode": "LD-5-611-01-13", "roomNumber": "5-611", "roomName": "5-611 Oktat\u00f3", "roomType": "educational", "floorId": 24, "level": 5, "fillSource": "mvt"}, "geometry": {"type": "Polygon", "coordinates": [[[19.06270173012621, 47.47188857890981], [19.062717152828046, 47.471939570655906], [19.06267675205476, 47.471945123087494], [19.062661496990987, 47.47189413134679], [19.06270173012621, 47.47188857890981]]]}}, {"type": "Feature", "properties": {"id": 3726, "roomCode": "LD-5-612-01-13", "roomNumber": "5-612", "roomName": "5-612 Oktat\u00f3", "roomType": "educational", "floorId": 24, "level": 5, "fillSource": "mvt"}, "geometry": {"type": "Polygon", "coordinates": [[[19.06265945919205, 47.47188615637811], [19.062662644315257, 47.471896581360184], [19.062662644315257, 47.47193862121258], [19.0626344811206, 47.47194258723465], [19.062619226056828, 47.47189170881447], [19.06265945919205, 47.47188615637811]]]}}, {"type": "Feature", "properties": {"id": 3089, "roomCode": "LD-5-613-04-64", "roomNumber": "5-613", "roomName": "5-613 L\u00e9pcs\u0151h\u00e1z", "roomType": "corridor", "floorId": 24, "level": 5, "fillSource": "mvt"}, "geometry": {"type": "Polygon", "coordinates": [[[19.06267558801113, 47.471964778151694], [19.06267558801113, 47.471989140907], [19.062646754264218, 47.47199310693586], [19.062648598282916, 47.47199888600596], [19.062632840304953, 47.4720010389927], [19.062624123125655, 47.47197191700674], [19.06267558801113, 47.471964778151694]]]}}, {"type": "Feature", "properties": {"id": 3518, "roomCode": "LD-5-614-01-13", "roomNumber": "5-614", "roomName": "5-614 Oktat\u00f3", "roomType": "educational", "floorId": 24, "level": 5, "fillSource": "mvt"}, "geometry": {"type": "Polygon", "coordinates": [[[19.06272084053616, 47.47198600923287], [19.06273609559993, 47.47203700106978], [19.062697706483405, 47.472042326881], [19.062683960162204, 47.47199620760421], [19.062689492218297, 47.471990315212125], [19.06272084053616, 47.47198600923287]]]}}, {"type": "Feature", "properties": {"id": 2245, "roomCode": "LD-5-615-01-14", "roomNumber": "5-615", "roomName": "5-615 Sz\u00f6vetteny\u00e9szt\u0151 laborat\u00f3rium", "roomType": "educational", "floorId": 24, "level": 5, "fillSource": "mvt"}, "geometry": {"type": "Polygon", "coordinates": [[[19.06275855494524, 47.47198787685642], [19.062773810009013, 47.47203886869882], [19.06273357687379, 47.472044421140886], [19.062718154171954, 47.47199342930387], [19.06275855494524, 47.47198787685642]]]}}, {"type": "Feature", "properties": {"id": 3238, "roomCode": "LD-5-616-01-14", "roomNumber": "5-616", "roomName": "5-616 Mikrobi\u00e1lis genetikai laborat\u00f3rium", "roomType": "educational", "floorId": 24, "level": 5, "fillSource": "mvt"}, "geometry": {"type": "Polygon", "coordinates": [[[19.062841647246074, 47.47199362396995], [19.06285706994791, 47.47204461582346], [19.062775094934892, 47.472055834024594], [19.06275983987112, 47.472004842181974], [19.062841647246074, 47.47199362396995]]]}}, {"type": "Feature", "properties": {"id": 3285, "roomCode": "LD-5-617-01-13", "roomNumber": "5-617", "roomName": "5-617 Oktat\u00f3", "roomType": "educational", "floorId": 24, "level": 5, "fillSource": "mvt"}, "geometry": {"type": "Polygon", "coordinates": [[[19.06288324912621, 47.47200512183362], [19.062898671828044, 47.472056000377435], [19.062858271054758, 47.47206155282133], [19.062843015990985, 47.472010560967604], [19.06288324912621, 47.47200512183362]]]}}, {"type": "Feature", "properties": {"id": 2360, "roomCode": "LD-5-618-01-14", "roomNumber": "5-618", "roomName": "5-618 Mosogat\u00f3", "roomType": "educational", "floorId": 24, "level": 5, "fillSource": "mvt"}, "geometry": {"type": "Polygon", "coordinates": [[[19.06292484112621, 47.47201075684411], [19.062940263828047, 47.47206174870872], [19.06289986305476, 47.4720673011532], [19.062884607990988, 47.47201630929398], [19.06292484112621, 47.47201075684411]]]}}, {"type": "Feature", "properties": {"id": 3618, "roomCode": "LD-5-619-01-14", "roomNumber": "5-619", "roomName": "5-619 Autokl\u00e1voz\u00f3", "roomType": "educational", "floorId": 24, "level": 5, "fillSource": "mvt"}, "geometry": {"type": "Polygon", "coordinates": [[[19.062974790077796, 47.47201652096502], [19.06298183087646, 47.47203975058864], [19.062941430103173, 47.47204530303375], [19.062934556942572, 47.47202207341258], [19.062974790077796, 47.47201652096502]]]}}, {"type": "Feature", "properties": {"id": 2253, "roomCode": "LD-5-620-01-13", "roomNumber": "5-620", "roomName": "5-620 Oktat\u00f3", "roomType": "educational", "floorId": 24, "level": 5, "fillSource": "mvt"}, "geometry": {"type": "Polygon", "coordinates": [[[19.06296644325409, 47.47204068257089], [19.062974489881135, 47.472067424980054], [19.062934256745912, 47.4720729774277], [19.062926210118867, 47.47204623502137], [19.06296644325409, 47.47204068257089]]]}}, {"type": "Feature", "properties": {"id": 3058, "roomCode": "LD-5-621-01-14", "roomNumber": "5-621", "roomName": "5-621 Drosophila laborat\u00f3rium", "roomType": "educational", "floorId": 24, "level": 5, "fillSource": "mvt"}, "geometry": {"type": "Polygon", "coordinates": [[[19.062997704123205, 47.47202741728123], [19.06300625366444, 47.472031270002375], [19.063020167623705, 47.47207738931874], [19.062981946145243, 47.47208271513399], [19.062966523443407, 47.47203172326366], [19.062997704123205, 47.47202741728123]]]}}, {"type": "Feature", "properties": {"id": 3767, "roomCode": "LD-5-622-04-64", "roomNumber": "5-622", "roomName": "5-622 L\u00e9pcs\u0151h\u00e1z", "roomType": "corridor", "floorId": 24, "level": 5, "fillSource": "mvt"}, "geometry": {"type": "Polygon", "coordinates": [[[19.063083266519197, 47.472021222529435], [19.063091983698495, 47.472050117921334], [19.063076225720533, 47.472052270910694], [19.0630745493399, 47.47204660514905], [19.06301738476027, 47.47205453721517], [19.063010343961604, 47.472031194274315], [19.063083266519197, 47.472021222529435]]]}}, {"type": "Feature", "properties": {"id": 3059, "roomCode": "LD-5-701-04-63", "roomNumber": "5-701", "roomName": "5-701 K\u00f6zleked\u0151", "roomType": "corridor", "floorId": 24, "level": 5, "fillSource": "mvt"}, "geometry": {"type": "Polygon", "coordinates": [[[19.062564410455487, 47.47188784048957], [19.06256608683612, 47.47189305300731], [19.062555525638125, 47.471894526110056], [19.062560890056155, 47.4719122033398], [19.06257145125415, 47.471910730237546], [19.062574468739292, 47.471921268583515], [19.06256407517936, 47.47192262836993], [19.062569271959326, 47.47194030559022], [19.062579833157322, 47.47193883248876], [19.062583018280527, 47.47194937082908], [19.06257245708253, 47.471950730614786], [19.06257782150056, 47.471968407825614], [19.062588382698557, 47.471967048040376], [19.0625914001837, 47.47197747305963], [19.062581006623766, 47.47197894616002], [19.062586203403733, 47.47199651004598], [19.06259676460173, 47.47199515026147], [19.062599949724934, 47.47200557527516], [19.062589388526938, 47.47200704837475], [19.062594752944968, 47.472024725566634], [19.062605314142964, 47.47202325246754], [19.062608331628105, 47.47203367747565], [19.062597938068173, 47.47203515057445], [19.06260313484814, 47.47205282775689], [19.062613696046135, 47.472051354658575], [19.06261688116934, 47.47206189297634], [19.062606487609408, 47.47206325275913], [19.06262710709121, 47.47213180842887], [19.062658287771008, 47.47212761577065], [19.06265895832326, 47.47212965544226], [19.062685109861157, 47.47212602935934], [19.062685109861157, 47.47214563286714], [19.06266717258837, 47.47214812579824], [19.062669351883194, 47.47215526464576], [19.062653761543295, 47.47215741763132], [19.062651749886534, 47.4721502787841], [19.06262559834864, 47.47215390486535], [19.062627945281527, 47.4721618369172], [19.06264035049822, 47.472160137191906], [19.062655773200056, 47.472211128926894], [19.06260950509455, 47.47221747456156], [19.062599614448807, 47.47218427328597], [19.062610175646803, 47.47218280019134], [19.062609169818423, 47.47217996731695], [19.06259877625849, 47.472181440411646], [19.062595591135285, 47.47217090211785], [19.06260615233328, 47.47216954233786], [19.06260078791525, 47.47215186519468], [19.062590226717255, 47.47215322497513], [19.06258704159405, 47.47214279999074], [19.062597602792046, 47.47214144021002], [19.062592238374016, 47.47212376305738], [19.062581844814083, 47.47212512283857], [19.062578659690878, 47.4721146978486], [19.062589220888874, 47.47211322475202], [19.062583856470845, 47.47209566090506], [19.06257329527285, 47.472097020686974], [19.062570110149643, 47.47208659569143], [19.06258067134764, 47.472085122594066], [19.06257530692961, 47.47206744542249], [19.062564913369677, 47.47206891852036], [19.06256172824647, 47.47205849351923], [19.062572289444468, 47.47205702042109], [19.062566925026438, 47.472039343240056], [19.062556363828442, 47.472040816338705], [19.062553178705237, 47.47203039133201], [19.062563739903233, 47.47202891823308], [19.062558543123266, 47.472011241042594], [19.06254798192527, 47.472012714142025], [19.062544796802065, 47.47200228912977], [19.06255535800006, 47.47200081603003], [19.06254999358203, 47.471983138830105], [19.062539432384035, 47.471984611930324], [19.06253624726083, 47.47197407359706], [19.062546808458826, 47.47197271381197], [19.06254161167886, 47.47195503660259], [19.062531050480864, 47.47195650970359], [19.06252786535766, 47.47194597136469], [19.062538426555655, 47.47194449826339], [19.062533062137625, 47.47192693436004], [19.06252250093963, 47.47192840746184], [19.062519483454487, 47.4719178691173], [19.06252987701442, 47.47191650933076], [19.062524680234453, 47.47189883210246], [19.062514119036457, 47.47190030520505], [19.062510933913252, 47.471889766854886], [19.06252149511125, 47.47188840706761], [19.06252115983512, 47.47188784048957], [19.062564410455487, 47.47188784048957]]]}}, {"type": "Feature", "properties": {"id": 2257, "roomCode": "LD-5-702-04-63", "roomNumber": "5-702", "roomName": "5-702 F\u00e9rfi WC el\u0151t\u00e9r", "roomType": "corridor", "floorId": 24, "level": 5, "fillSource": "mvt"}, "geometry": {"type": "Polygon", "coordinates": [[[19.062555188302504, 47.47224829026414], [19.06256189382504, 47.47227027312797], [19.062531383697497, 47.47227446573497], [19.06252467817496, 47.472252482872904], [19.062555188302504, 47.47224829026414]]]}}, {"type": "Feature", "properties": {"id": 3758, "roomCode": "LD-5-703-05-71", "roomNumber": "5-703", "roomName": "5-703 F\u00e9rfi WC csoport", "roomType": "social", "floorId": 24, "level": 5, "fillSource": "mvt"}, "geometry": {"type": "Polygon", "coordinates": [[[19.062590521023086, 47.472249077249344], [19.062595382526926, 47.472265281115696], [19.062605105534605, 47.47226958703738], [19.062599238202385, 47.47227559266442], [19.062591023937276, 47.47227185331182], [19.06255364064913, 47.47227706574263], [19.062546935126594, 47.47225508287871], [19.062590521023086, 47.472249077249344]]]}}, {"type": "Feature", "properties": {"id": 2803, "roomCode": "LD-5-704-04-63", "roomNumber": "5-704", "roomName": "5-704 El\u0151t\u00e9r", "roomType": "corridor", "floorId": 24, "level": 5, "fillSource": "mvt"}, "geometry": {"type": "Polygon", "coordinates": [[[19.062559075872564, 47.47223924208318], [19.062559243510627, 47.47224003527911], [19.062561255167388, 47.4722398086517], [19.062565110842847, 47.47225249978498], [19.062549520502948, 47.472252726412336], [19.062546000103616, 47.47224094178872], [19.062559075872564, 47.47223924208318]]]}}, {"type": "Feature", "properties": {"id": 2535, "roomCode": "LD-5-705-05-73", "roomNumber": "5-705", "roomName": "5-705 F\u00e9rfi \u00f6lt\u00f6z\u0151", "roomType": "social", "floorId": 24, "level": 5, "fillSource": "mvt"}, "geometry": {"type": "Polygon", "coordinates": [[[19.06260884382504, 47.47222455167192], [19.06261521407145, 47.47224551470323], [19.062571628174958, 47.472251520326886], [19.062565257928547, 47.47223055729796], [19.06260884382504, 47.47222455167192]]]}}, {"type": "Feature", "properties": {"id": 2264, "roomCode": "LD-5-706-05-71", "roomNumber": "5-706", "roomName": "5-706 Mosd\u00f3-zuhany", "roomType": "social", "floorId": 24, "level": 5, "fillSource": "mvt"}, "geometry": {"type": "Polygon", "coordinates": [[[19.062569175940567, 47.472220963899844], [19.062573031616026, 47.47223376834347], [19.06254637716394, 47.472237394380045], [19.06254436550718, 47.47223025562031], [19.062555932533556, 47.472228669229125], [19.06255375323873, 47.47222119052718], [19.062569175940567, 47.472220963899844]]]}}, {"type": "Feature", "properties": {"id": 2262, "roomCode": "LD-5-707-05-71", "roomNumber": "5-707", "roomName": "5-707 WC", "roomType": "social", "floorId": 24, "level": 5, "fillSource": "mvt"}, "geometry": {"type": "Polygon", "coordinates": [[[19.06254614075192, 47.47222875070993], [19.062551672808013, 47.47224710752594], [19.06254127924808, 47.47224846728983], [19.062535747191987, 47.4722301104743], [19.06254614075192, 47.47222875070993]]]}}, {"type": "Feature", "properties": {"id": 2633, "roomCode": "LD-5-708-01-14", "roomNumber": "5-708", "roomName": "5-708 Hidegszoba", "roomType": "educational", "floorId": 24, "level": 5, "fillSource": "mvt"}, "geometry": {"type": "Polygon", "coordinates": [[[19.062576671321203, 47.47219353860256], [19.062584215034057, 47.472218580912106], [19.0625491786788, 47.472223453396275], [19.062541634965946, 47.47219841108906], [19.062576671321203, 47.47219353860256]]]}}, {"type": "Feature", "properties": {"id": 3735, "roomCode": "LD-5-709-01-14", "roomNumber": "5-709", "roomName": "5-709 Sejtteny\u00e9szt\u0151 labor", "roomType": "educational", "floorId": 24, "level": 5, "fillSource": "mvt"}, "geometry": {"type": "Polygon", "coordinates": [[[19.06261543341636, 47.4721978767636], [19.062623480043406, 47.472224618780146], [19.06258710258364, 47.47222971789192], [19.062579055956597, 47.47220286256433], [19.06261543341636, 47.4721978767636]]]}}, {"type": "Feature", "properties": {"id": 3779, "roomCode": "LD-5-710-01-14", "roomNumber": "5-710", "roomName": "5-710 Molekul\u00e1ris biol.labor", "roomType": "educational", "floorId": 24, "level": 5, "fillSource": "mvt"}, "geometry": {"type": "Polygon", "coordinates": [[[19.062627132192986, 47.472175317705684], [19.062630149678128, 47.4721858558693], [19.062551695064442, 47.4721858558693], [19.062551695064442, 47.47218574255572], [19.062627132192986, 47.472175317705684]]]}}, {"type": "Feature", "properties": {"id": 2626, "roomCode": "LD-5-711-01-14", "roomNumber": "5-711", "roomName": "5-711 Molekul\u00e1ris biol.labor", "roomType": "educational", "floorId": 24, "level": 5, "fillSource": "mvt"}, "geometry": {"type": "Polygon", "coordinates": [[[19.06263228248013, 47.47210812318247], [19.06264887864841, 47.47216353445211], [19.062573441519866, 47.47217384615434], [19.062556845351587, 47.47211854821108], [19.06263228248013, 47.47210812318247]]]}}, {"type": "Feature", "properties": {"id": 3122, "roomCode": "LD-5-712-01-14", "roomNumber": "5-712", "roomName": "5-712 Sejtteny\u00e9szt\u0151 labor", "roomType": "educational", "floorId": 24, "level": 5, "fillSource": "mvt"}, "geometry": {"type": "Polygon", "coordinates": [[[19.062649077612686, 47.472080099303646], [19.062657291877795, 47.472107294996974], [19.062582022387314, 47.47211760669368], [19.062573808122206, 47.472090411005695], [19.062649077612686, 47.472080099303646]]]}}, {"type": "Feature", "properties": {"id": 2331, "roomCode": "LD-5-713-01-14", "roomNumber": "5-713", "roomName": "5-713 Steriliz\u00e1l\u00f3 el\u0151k\u00e9sz\u00edt\u0151", "roomType": "educational", "floorId": 24, "level": 5, "fillSource": "mvt"}, "geometry": {"type": "Polygon", "coordinates": [[[19.062650268120734, 47.47205187932952], [19.06265596781489, 47.472070689675505], [19.06265596781489, 47.47207941495419], [19.0625830452573, 47.47208950001476], [19.06257483099219, 47.47206219102605], [19.062650268120734, 47.47205187932952]]]}}, {"type": "Feature", "properties": {"id": 2522, "roomCode": "LD-5-714-01-14", "roomNumber": "5-714", "roomName": "5-714 Mosogat\u00f3", "roomType": "educational", "floorId": 24, "level": 5, "fillSource": "mvt"}, "geometry": {"type": "Polygon", "coordinates": [[[19.06264018379272, 47.47202704326428], [19.06264655403913, 47.47204811990528], [19.062640854344973, 47.47205389898279], [19.062616043911586, 47.47205729843986], [19.062616043911586, 47.47203032940779], [19.06264018379272, 47.47202704326428]]]}}, {"type": "Feature", "properties": {"id": 3053, "roomCode": "LD-5-715-04-63", "roomNumber": "5-715", "roomName": "5-715 El\u0151t\u00e9r", "roomType": "corridor", "floorId": 24, "level": 5, "fillSource": "mvt"}, "geometry": {"type": "Polygon", "coordinates": [[[19.062637355957595, 47.47201097241348], [19.062640708718863, 47.47202196398929], [19.062591926042405, 47.472028649585816], [19.062588573281136, 47.47201765801142], [19.062637355957595, 47.47201097241348]]]}}, {"type": "Feature", "properties": {"id": 2393, "roomCode": "LD-5-716-05-71", "roomNumber": "5-716", "roomName": "5-716 WC", "roomType": "social", "floorId": 24, "level": 5, "fillSource": "mvt"}, "geometry": {"type": "Polygon", "coordinates": [[[19.062614862209013, 47.47199550908752], [19.062619891350916, 47.472011826472794], [19.062609497790984, 47.47201318625468], [19.06260446864908, 47.47199698218501], [19.062614862209013, 47.47199550908752]]]}}, {"type": "Feature", "properties": {"id": 3464, "roomCode": "LD-5-717-05-71", "roomNumber": "5-717", "roomName": "5-717 WC", "roomType": "social", "floorId": 24, "level": 5, "fillSource": "mvt"}, "geometry": {"type": "Polygon", "coordinates": [[[19.062603136209013, 47.47199390208778], [19.062608165350916, 47.47201021947257], [19.062597771790983, 47.47201157925441], [19.06259274264908, 47.47199537518523], [19.062603136209013, 47.47199390208778]]]}}, {"type": "Feature", "properties": {"id": 3556, "roomCode": "LD-5-718-05-77", "roomNumber": "5-718", "roomName": "5-718 Konyha", "roomType": "social", "floorId": 24, "level": 5, "fillSource": "mvt"}, "geometry": {"type": "Polygon", "coordinates": [[[19.062640355003005, 47.47199720119591], [19.062645216506844, 47.47201306532148], [19.062621747177964, 47.472016238146004], [19.062617053312188, 47.472000487336594], [19.062640355003005, 47.47199720119591]]]}}, {"type": "Feature", "properties": {"id": 2612, "roomCode": "LD-5-719-05-73", "roomNumber": "5-719", "roomName": "5-719 Pihen\u0151", "roomType": "social", "floorId": 24, "level": 5, "fillSource": "mvt"}, "geometry": {"type": "Polygon", "coordinates": [[[19.062671188274457, 47.47200336135034], [19.062679905453756, 47.47200732738384], [19.06267470867379, 47.47201265319979], [19.06268158183439, 47.4720358828162], [19.062644533822372, 47.472040868683756], [19.062639337042405, 47.47202341814525], [19.062639337042405, 47.472012313254105], [19.062665823856427, 47.472008687166685], [19.062671188274457, 47.47200336135034]]]}}, {"type": "Feature", "properties": {"id": 3189, "roomCode": "LD-5-720-01-13", "roomNumber": "5-720", "roomName": "5-720 Tansz\u00e9kvezet\u0151", "roomType": "educational", "floorId": 24, "level": 5, "fillSource": "mvt"}, "geometry": {"type": "Polygon", "coordinates": [[[19.06256993548013, 47.471865815292965], [19.06258653164841, 47.47192077304699], [19.062511094519866, 47.471931084701644], [19.062494498351587, 47.471876126958406], [19.06256993548013, 47.471865815292965]]]}}, {"type": "Feature", "properties": {"id": 3347, "roomCode": "LD-5-721-02-33", "roomNumber": "5-721", "roomName": "5-721 Immunol\u00f3giai Tansz\u00e9k Titk\u00e1rs\u00e1g", "roomType": "administrative", "floorId": 24, "level": 5, "fillSource": "mvt"}, "geometry": {"type": "Polygon", "coordinates": [[[19.062561540341235, 47.47192162103143], [19.06256958696828, 47.47194881664277], [19.0624943174778, 47.471959241623395], [19.06248610321269, 47.47193193270239], [19.062561540341235, 47.47192162103143]]]}}, {"type": "Feature", "properties": {"id": 2356, "roomCode": "LD-5-722-01-17", "roomNumber": "5-722", "roomName": "5-722 T\u00e1rgyal\u00f3", "roomType": "educational", "floorId": 24, "level": 5, "fillSource": "mvt"}, "geometry": {"type": "Polygon", "coordinates": [[[19.06254461448013, 47.471949740939245], [19.06256121064841, 47.472005038726664], [19.062485773519867, 47.47201546371286], [19.062469177351588, 47.471960052621235], [19.06254461448013, 47.471949740939245]]]}}, {"type": "Feature", "properties": {"id": 3248, "roomCode": "LD-5-723-01-13", "roomNumber": "5-723", "roomName": "5-723 Oktat\u00f3", "roomType": "educational", "floorId": 24, "level": 5, "fillSource": "mvt"}, "geometry": {"type": "Polygon", "coordinates": [[[19.06253611243172, 47.472005992330104], [19.062544326696827, 47.472033187985076], [19.062468889568283, 47.47204349966723], [19.062460675303175, 47.4720163040176], [19.06253611243172, 47.472005992330104]]]}}, {"type": "Feature", "properties": {"id": 3234, "roomCode": "LD-5-724-01-13", "roomNumber": "5-724", "roomName": "5-724 Oktat\u00f3i", "roomType": "educational", "floorId": 24, "level": 5, "fillSource": "mvt"}, "geometry": {"type": "Polygon", "coordinates": [[[19.06252765043172, 47.47203402233358], [19.062535864696827, 47.472061331318415], [19.062460427568283, 47.47207164300609], [19.062452213303175, 47.472044447341915], [19.06252765043172, 47.47203402233358]]]}}, {"type": "Feature", "properties": {"id": 2758, "roomCode": "LD-5-725-01-14", "roomNumber": "5-725", "roomName": "5-725 Sejtes labor", "roomType": "educational", "floorId": 24, "level": 5, "fillSource": "mvt"}, "geometry": {"type": "Polygon", "coordinates": [[[19.062519188431718, 47.47206213632351], [19.062527402696826, 47.47208944532294], [19.062451965568282, 47.47209975701613], [19.062443751303174, 47.47207256133741], [19.062519188431718, 47.47206213632351]]]}}, {"type": "Feature", "properties": {"id": 2784, "roomCode": "LD-5-726-01-14", "roomNumber": "5-726", "roomName": "5-726 Sejtteny\u00e9szt\u0151 labor", "roomType": "educational", "floorId": 24, "level": 5, "fillSource": "mvt"}, "geometry": {"type": "Polygon", "coordinates": [[[19.06247755826344, 47.47209023762274], [19.062485772528547, 47.472117546634415], [19.062443527736562, 47.47212332571805], [19.062435313471454, 47.472096130024795], [19.06247755826344, 47.47209023762274]]]}}, {"type": "Feature", "properties": {"id": 3794, "roomCode": "LD-5-727-01-14", "roomNumber": "5-727", "roomName": "5-727 Fot\u00f3", "roomType": "educational", "floorId": 24, "level": 5, "fillSource": "mvt"}, "geometry": {"type": "Polygon", "coordinates": [[[19.062510704483472, 47.4720962471714], [19.06251891874858, 47.472123556185444], [19.06248706751653, 47.47212786216976], [19.06247885325142, 47.472100666473395], [19.062510704483472, 47.4720962471714]]]}}, {"type": "Feature", "properties": {"id": 3236, "roomCode": "LD-5-728-01-14", "roomNumber": "5-728", "roomName": "5-728 Sejtteny\u00e9szt\u0151 labor", "roomType": "educational", "floorId": 24, "level": 5, "fillSource": "mvt"}, "geometry": {"type": "Polygon", "coordinates": [[[19.062469096263438, 47.47211835261387], [19.062477310528546, 47.47214566164015], [19.06243506573656, 47.47215144072688], [19.062426851471454, 47.47212424501908], [19.062469096263438, 47.47211835261387]]]}}, {"type": "Feature", "properties": {"id": 3592, "roomCode": "LD-5-729-01-14", "roomNumber": "5-729", "roomName": "5-729 S\u00f6t\u00e9tkamra", "roomType": "educational", "floorId": 24, "level": 5, "fillSource": "mvt"}, "geometry": {"type": "Polygon", "coordinates": [[[19.062502242483472, 47.4721243904918], [19.06251045674858, 47.472151586204994], [19.062478605516528, 47.47215600550706], [19.06247039125142, 47.47212880979615], [19.062502242483472, 47.4721243904918]]]}}, {"type": "Feature", "properties": {"id": 3541, "roomCode": "LD-5-730-01-14", "roomNumber": "5-730", "roomName": "5-730 Jel\u00e1tviteli labor", "roomType": "educational", "floorId": 24, "level": 5, "fillSource": "mvt"}, "geometry": {"type": "Polygon", "coordinates": [[[19.062489990526878, 47.47215684886833], [19.062504910314523, 47.472205914504], [19.06242947318598, 47.47221633952923], [19.0624128770177, 47.47216092823009], [19.062442548954927, 47.47215684886833], [19.062489990526878, 47.47215684886833]]]}}, {"type": "Feature", "properties": {"id": 3056, "roomCode": "LD-5-731-01-14", "roomNumber": "5-731", "roomName": "5-731 FACS sejtszort\u00edroz\u00f3 labor", "roomType": "educational", "floorId": 24, "level": 5, "fillSource": "mvt"}, "geometry": {"type": "Polygon", "coordinates": [[[19.06244119488748, 47.47220274350738], [19.062449241514525, 47.47222993878131], [19.062409678931555, 47.47223549114801], [19.062401464666447, 47.472208182563286], [19.06244119488748, 47.47220274350738]]]}}, {"type": "Feature", "properties": {"id": 3798, "roomCode": "LD-5-732-01-14", "roomNumber": "5-732", "roomName": "5-732 Nagy labor", "roomType": "educational", "floorId": 24, "level": 5, "fillSource": "mvt"}, "geometry": {"type": "Polygon", "coordinates": [[[19.062459510957595, 47.472205131426115], [19.06248465666711, 47.472288530318515], [19.062450123226043, 47.47229328949044], [19.06244174132287, 47.47226518770708], [19.06240066999733, 47.47227074007676], [19.06238407382905, 47.472215442981124], [19.062459510957595, 47.472205131426115]]]}}, {"type": "Feature", "properties": {"id": 3552, "roomCode": "LD-6-101-04-63", "roomNumber": "6-101", "roomName": "6-101 K\u00f6zleked\u0151", "roomType": "corridor", "floorId": 19, "level": 6, "fillSource": "mvt"}, "geometry": {"type": "Polygon", "coordinates": [[[19.062859169574523, 47.472238485356485], [19.062864031078362, 47.472255255860745], [19.06287459227636, 47.47225378277613], [19.062877777399564, 47.472264320995954], [19.062867216201568, 47.47226568076611], [19.06287274825766, 47.47228335777481], [19.062883141817593, 47.47228188469098], [19.0628863269408, 47.47229242290517], [19.062875765742803, 47.4722937826746], [19.062881130160832, 47.472311459673854], [19.062891523720765, 47.47230998659081], [19.06289470884397, 47.47232052479938], [19.062884315284037, 47.47232199788212], [19.062887165131116, 47.472331176319855], [19.062974169286036, 47.47231927834471], [19.062982383551144, 47.47234647371252], [19.06289521175816, 47.47235848499549], [19.06289806160524, 47.47236766342686], [19.06290845516517, 47.47236619034538], [19.062911640288377, 47.47237672854268], [19.062901246728444, 47.472378201623854], [19.062906611146474, 47.472395765280815], [19.062917004706406, 47.472394292200136], [19.06292002219155, 47.472404830391795], [19.062909628631616, 47.47240630347217], [19.06291465777352, 47.47242296060905], [19.06288347709372, 47.47242726653473], [19.062881130160832, 47.4724193345661], [19.0628707366009, 47.472420694332236], [19.062868054391885, 47.472412082479444], [19.062878447951817, 47.472410609399226], [19.062866210373187, 47.47236970307805], [19.062772835971856, 47.47238262086712], [19.06276965084865, 47.47237253592681], [19.06276177185967, 47.47237355575232], [19.062763951154494, 47.472380581216434], [19.062748360814595, 47.472382734181046], [19.06274618151977, 47.472375595403285], [19.062720029981875, 47.47237922144926], [19.0627222092767, 47.47238636022653], [19.062706786574864, 47.47238851319091], [19.06270460728004, 47.472381374413935], [19.062678455742144, 47.472385000459504], [19.06268063503697, 47.47239202592208], [19.062665212335133, 47.47239417888623], [19.06266303304031, 47.47238704011002], [19.062636881502414, 47.472390666155206], [19.06263906079724, 47.47239780493092], [19.062623638095403, 47.47239984458095], [19.06262162643864, 47.472392819119406], [19.062595307262683, 47.4723963318503], [19.062597486557507, 47.472403470625245], [19.062582063855672, 47.472405623588934], [19.062579884560847, 47.47239848481427], [19.062553733022952, 47.47240211085867], [19.062555912317777, 47.47240924963282], [19.06254048961594, 47.472411402596265], [19.062538310321116, 47.4724042638224], [19.06251215878322, 47.47240777655252], [19.062514338078046, 47.47241491532592], [19.062498747738147, 47.472417068289126], [19.062496736081386, 47.472409929516026], [19.062493886234307, 47.472410269457626], [19.062493886234307, 47.47238114778607], [19.06250377688005, 47.47237978801891], [19.06250578853681, 47.472386926796105], [19.062531940074706, 47.47238330075067], [19.06252976077988, 47.47237616197299], [19.06254535111978, 47.47237412232204], [19.06254736277654, 47.47238114778607], [19.062573514314437, 47.47237763505417], [19.062571502657676, 47.472370496275715], [19.06258692535951, 47.4723683433106], [19.062589104654336, 47.4723753687754], [19.062615088554168, 47.47237185604312], [19.062612909259343, 47.47236483057784], [19.062628499599242, 47.47236267761249], [19.062630678894067, 47.47236970307805], [19.0626566627939, 47.47236607703143], [19.062654483499074, 47.47235905156537], [19.062670073838973, 47.472356898599784], [19.062672253133798, 47.47236392406613], [19.06269823703363, 47.47236041133307], [19.062696225376868, 47.47235338586626], [19.062711815716767, 47.472351232900444], [19.06271382737353, 47.47235825836754], [19.06273981127336, 47.47235463232012], [19.0627377996166, 47.47234760685254], [19.062753389956498, 47.47234545388648], [19.06275540161326, 47.47235247935435], [19.06276328060224, 47.472351459528426], [19.0627602631171, 47.47234137458213], [19.062853805156493, 47.47232845678292], [19.062841567577863, 47.4722875503978], [19.06283117401793, 47.47228902348147], [19.062828491808915, 47.472280298292965], [19.062838885368848, 47.472278825209045], [19.062827988894725, 47.472242791297276], [19.062859169574523, 47.472238485356485]]]}}, {"type": "Feature", "properties": {"id": 3267, "roomCode": "LD-6-103-01-14", "roomNumber": "6-103", "roomName": "6-103 Marg\u00f3 Tivadar anat\u00f3miai gyakorl\u00f3", "roomType": "educational", "floorId": 19, "level": 6, "fillSource": "mvt"}, "geometry": {"type": "Polygon", "coordinates": [[[19.062882926304837, 47.4722769993251], [19.06289818136861, 47.47232787725008], [19.062733225514194, 47.47235065332081], [19.062717802812358, 47.47229966210401], [19.062882926304837, 47.4722769993251]]]}}, {"type": "Feature", "properties": {"id": 3138, "roomCode": "LD-6-104-01-12", "roomNumber": "6-104", "roomName": "6-104 id. Entz G\u00e9za terem", "roomType": "educational", "floorId": 19, "level": 6, "fillSource": "mvt"}, "geometry": {"type": "Polygon", "coordinates": [[[19.062704908083518, 47.47225745970677], [19.062704908083518, 47.47231060387751], [19.0626591428922, 47.47231694944655], [19.062648916970332, 47.472312416897324], [19.062644223104556, 47.472297006227], [19.06264975516065, 47.47229632634439], [19.062640702705224, 47.47226641150049], [19.062704908083518, 47.47225745970677]]]}}, {"type": "Feature", "properties": {"id": 3128, "roomCode": "LD-6-105-04-64", "roomNumber": "6-105", "roomName": "6-105 L\u00e9pcs\u0151h\u00e1z", "roomType": "corridor", "floorId": 19, "level": 6, "fillSource": "mvt"}, "geometry": {"type": "Polygon", "coordinates": [[[19.062583256594877, 47.47233608155475], [19.062590129755478, 47.47235931091432], [19.06252525382493, 47.47236826271356], [19.06252575673912, 47.4723699624221], [19.06251016639922, 47.47237211538618], [19.062502622686367, 47.4723470730091], [19.062583256594877, 47.47233608155475]]]}}, {"type": "Feature", "properties": {"id": 2375, "roomCode": "LD-6-106-01-14", "roomNumber": "6-106", "roomName": "6-106 \u00c9lettani gyakorl\u00f3 II.", "roomType": "educational", "floorId": 19, "level": 6, "fillSource": "mvt"}, "geometry": {"type": "Polygon", "coordinates": [[[19.062699712807344, 47.47235127359119], [19.062699712807344, 47.47240441785441], [19.062624108040737, 47.47241484273556], [19.062615223223375, 47.47238492785367], [19.06261002644341, 47.472385607737536], [19.062605332577633, 47.47237019703436], [19.06261203810017, 47.47236339819329], [19.062699712807344, 47.47235127359119]]]}}, {"type": "Feature", "properties": {"id": 3268, "roomCode": "LD-6-107-01-14", "roomNumber": "6-107", "roomName": "6-107 \u00c9lettani gyakorl\u00f3 I.", "roomType": "educational", "floorId": 19, "level": 6, "fillSource": "mvt"}, "geometry": {"type": "Polygon", "coordinates": [[[19.062855850924013, 47.47238015612587], [19.062866076845882, 47.47238468869041], [19.062870603073595, 47.47240009940687], [19.06286540629363, 47.47240077929132], [19.062874458749054, 47.472430694198245], [19.062715202588794, 47.47245256379745], [19.062699947525022, 47.47240157248983], [19.062855850924013, 47.47238015612587]]]}}, {"type": "Feature", "properties": {"id": 2372, "roomCode": "LD-6-109-04-64", "roomNumber": "6-109", "roomName": "6-109 L\u00e9pcs\u0151h\u00e1z", "roomType": "corridor", "floorId": 19, "level": 6, "fillSource": "mvt"}, "geometry": {"type": "Polygon", "coordinates": [[[19.062973263124984, 47.47239415138279], [19.06298080683784, 47.47241919379173], [19.062965048859876, 47.47242134675846], [19.062964545945686, 47.47241964704789], [19.06289967001514, 47.47242859885626], [19.062892629216474, 47.47240525616289], [19.062973263124984, 47.47239415138279]]]}}, {"type": "Feature", "properties": {"id": 3080, "roomCode": "LD-6-201-04-63", "roomNumber": "6-201", "roomName": "6-201 K\u00f6zleked\u0151", "roomType": "corridor", "floorId": 19, "level": 6, "fillSource": "mvt"}, "geometry": {"type": "Polygon", "coordinates": [[[19.062383979034475, 47.47251839670039], [19.062404095602087, 47.47258513896209], [19.06241448916202, 47.47258366587403], [19.062417674285225, 47.47259420411843], [19.06240711308723, 47.47259567720619], [19.06241247750526, 47.47261335425606], [19.062423038703255, 47.4726118811688], [19.06242622382646, 47.47262230609315], [19.062415662628464, 47.47262377918012], [19.062421027046494, 47.47264145622054], [19.062431420606426, 47.47263998313407], [19.06243460572963, 47.47265040805284], [19.062424044531635, 47.47265188113903], [19.062429408949665, 47.47266955817], [19.06243997014766, 47.472668085084315], [19.062443155270866, 47.472678509997515], [19.06243259407287, 47.47267998308291], [19.0624379584909, 47.47269766010443], [19.062448352050833, 47.47269618701953], [19.062451537174038, 47.47270661192716], [19.062399569374374, 47.4727138640356], [19.06239638425117, 47.47270332581519], [19.062406945449165, 47.47270185273045], [19.062401581031136, 47.4726842890246], [19.062391187471203, 47.47268576210983], [19.062388002347998, 47.47267522388379], [19.062398563545994, 47.47267375079827], [19.062393199127964, 47.47265618708302], [19.062382637929968, 47.47265754685473], [19.062379452806763, 47.47264712193737], [19.06239001400476, 47.47264564885105], [19.06238464958673, 47.47262797181204], [19.062374256026796, 47.47262944489885], [19.06237107090359, 47.472619019975916], [19.062381632101587, 47.47261754688881], [19.062376267683558, 47.472599869840344], [19.06236570648556, 47.47260134292795], [19.062362521362356, 47.47259091799943], [19.062373082560352, 47.47258944491154], [19.062367718142323, 47.47257176785363], [19.06235732458239, 47.47257324094201], [19.062354139459185, 47.47256281600793], [19.06236470065718, 47.47256134291925], [19.06235933623915, 47.47254366585188], [19.062348775041155, 47.47254513894106], [19.06234558991795, 47.4725347140014], [19.062356151115946, 47.47253324091193], [19.062351624888233, 47.47251839670039], [19.062383979034475, 47.47251839670039]]]}}, {"type": "Feature", "properties": {"id": 2971, "roomCode": "LD-6-203-01-12", "roomNumber": "6-203", "roomName": "6-203 Friedmann Imre terem 12 f\u0151s", "roomType": "educational", "floorId": 19, "level": 6, "fillSource": "mvt"}, "geometry": {"type": "Polygon", "coordinates": [[[19.062434480751584, 47.472315175633845], [19.062451244557927, 47.47237058614303], [19.062375807429383, 47.47238089770373], [19.062359211261104, 47.47232560051938], [19.062434480751584, 47.472315175633845]]]}}, {"type": "Feature", "properties": {"id": 2545, "roomCode": "LD-6-204-02-33", "roomNumber": "6-204", "roomName": "6-204 Mikrobiol\u00f3giai Tansz\u00e9k Iroda", "roomType": "administrative", "floorId": 19, "level": 6, "fillSource": "mvt"}, "geometry": {"type": "Polygon", "coordinates": [[[19.06242610543172, 47.472371422873906], [19.062434319696827, 47.472398618237676], [19.062358882568283, 47.47240904312339], [19.062350668303175, 47.472381847765014], [19.06242610543172, 47.472371422873906]]]}}, {"type": "Feature", "properties": {"id": 3224, "roomCode": "LD-6-205-02-33", "roomNumber": "6-205", "roomName": "6-205 Tansz\u00e9kvezet\u0151", "roomType": "administrative", "floorId": 19, "level": 6, "fillSource": "mvt"}, "geometry": {"type": "Polygon", "coordinates": [[[19.062417560612687, 47.472399567192376], [19.062425774877795, 47.472426762570684], [19.062350505387315, 47.47243718746197], [19.062342291122206, 47.472409878774975], [19.062417560612687, 47.472399567192376]]]}}, {"type": "Feature", "properties": {"id": 3171, "roomCode": "LD-6-205/A-01-13", "roomNumber": "6-205/A", "roomName": "6-205/A Oktat\u00f3", "roomType": "educational", "floorId": 19, "level": 6, "fillSource": "mvt"}, "geometry": {"type": "Polygon", "coordinates": [[[19.06240918143172, 47.47242768018233], [19.062417395696826, 47.47245487557518], [19.062341958568283, 47.472465300472045], [19.062333744303174, 47.47243799177044], [19.06240918143172, 47.47242768018233]]]}}, {"type": "Feature", "properties": {"id": 2465, "roomCode": "LD-6-206-01-14", "roomNumber": "6-206", "roomName": "6-206 Megfigyel\u0151", "roomType": "educational", "floorId": 19, "level": 6, "fillSource": "mvt"}, "geometry": {"type": "Polygon", "coordinates": [[[19.062400634612686, 47.47245579417229], [19.062408848877794, 47.47248298957968], [19.062333579387314, 47.47249341448212], [19.062325365122206, 47.47246610576592], [19.062400634612686, 47.47245579417229]]]}}, {"type": "Feature", "properties": {"id": 3716, "roomCode": "LD-6-207-01-14", "roomNumber": "6-207", "roomName": "6-207 Hallgat\u00f3i laborat\u00f3rium", "roomType": "educational", "floorId": 19, "level": 6, "fillSource": "mvt"}, "geometry": {"type": "Polygon", "coordinates": [[[19.062383709751586, 47.47248391418547], [19.06240047355793, 47.4725392115582], [19.062325036429385, 47.4725496364662], [19.062308440261106, 47.47249422579012], [19.062383709751586, 47.47248391418547]]]}}, {"type": "Feature", "properties": {"id": 2646, "roomCode": "LD-6-208-01-14", "roomNumber": "6-208", "roomName": "6-208 El\u0151k\u00e9sz\u00edt\u0151", "roomType": "educational", "floorId": 19, "level": 6, "fillSource": "mvt"}, "geometry": {"type": "Polygon", "coordinates": [[[19.062375332431717, 47.47254008048493], [19.062383546696825, 47.472567389250365], [19.06230810956828, 47.472577700855204], [19.062299895303173, 47.472550505409515], [19.062375332431717, 47.47254008048493]]]}}, {"type": "Feature", "properties": {"id": 2497, "roomCode": "LD-6-209-01-14", "roomNumber": "6-209", "roomName": "6-209 Kutat\u00f3i laborat\u00f3rium", "roomType": "educational", "floorId": 19, "level": 6, "fillSource": "mvt"}, "geometry": {"type": "Polygon", "coordinates": [[[19.062358406570617, 47.47256820047549], [19.062375002738897, 47.47262361125146], [19.062299733248416, 47.4726339228618], [19.062282969442073, 47.472578625411224], [19.062358406570617, 47.47256820047549]]]}}, {"type": "Feature", "properties": {"id": 2638, "roomCode": "LD-6-210-01-13", "roomNumber": "6-210", "roomName": "6-210 \u00dcgyeleti szoba", "roomType": "educational", "floorId": 19, "level": 6, "fillSource": "mvt"}, "geometry": {"type": "Polygon", "coordinates": [[[19.062349988341232, 47.47262445078334], [19.062358034968277, 47.47265164627805], [19.062282765477796, 47.47266207121396], [19.06227455121269, 47.472634875724644], [19.062349988341232, 47.47262445078334]]]}}, {"type": "Feature", "properties": {"id": 2814, "roomCode": "LD-6-211-02-33", "roomNumber": "6-211", "roomName": "6-211 Etol\u00f3giai Tansz\u00e9k Titk\u00e1rs\u00e1g", "roomType": "administrative", "floorId": 19, "level": 6, "fillSource": "mvt"}, "geometry": {"type": "Polygon", "coordinates": [[[19.062343981238865, 47.47265004956549], [19.062352195503973, 47.472677244594365], [19.0622988865998, 47.47268460991227], [19.06227575254705, 47.47268460991227], [19.06226854411032, 47.47266036101559], [19.062343981238865, 47.47265004956549]]]}}, {"type": "Feature", "properties": {"id": 2214, "roomCode": "LD-6-212-01-13", "roomNumber": "6-212", "roomName": "6-212 Tansz\u00e9kvezet\u0151i szoba", "roomType": "educational", "floorId": 19, "level": 6, "fillSource": "mvt"}, "geometry": {"type": "Polygon", "coordinates": [[[19.062324666480134, 47.47268072126801], [19.062341262648413, 47.47273556462002], [19.06226582551987, 47.47274598938293], [19.06224922935159, 47.47269103272906], [19.062324666480134, 47.47268072126801]]]}}, {"type": "Feature", "properties": {"id": 2983, "roomCode": "LD-6-213-04-63", "roomNumber": "6-213", "roomName": "6-213 El\u0151t\u00e9r", "roomType": "corridor", "floorId": 19, "level": 6, "fillSource": "mvt"}, "geometry": {"type": "Polygon", "coordinates": [[[19.06245630404808, 47.47261235446847], [19.06245965680935, 47.4726233459759], [19.06241087413289, 47.47263003153084], [19.062407689009685, 47.47261904002481], [19.06245630404808, 47.47261235446847]]]}}, {"type": "Feature", "properties": {"id": 2506, "roomCode": "LD-6-215-05-71", "roomNumber": "6-215", "roomName": "6-215 WC", "roomType": "social", "floorId": 19, "level": 6, "fillSource": "mvt"}, "geometry": {"type": "Polygon", "coordinates": [[[19.062425210028046, 47.472625884137784], [19.062430071531885, 47.47264220143057], [19.062419677971953, 47.472643561204734], [19.062414816468113, 47.472627357226926], [19.062425210028046, 47.472625884137784]]]}}, {"type": "Feature", "properties": {"id": 2423, "roomCode": "LD-6-216-05-71", "roomNumber": "6-216", "roomName": "6-216 WC", "roomType": "social", "floorId": 19, "level": 6, "fillSource": "mvt"}, "geometry": {"type": "Polygon", "coordinates": [[[19.062413487028046, 47.472624266138055], [19.062418348531885, 47.47264058343034], [19.062407954971953, 47.472641943204465], [19.062403093468113, 47.47262573922714], [19.062413487028046, 47.472624266138055]]]}}, {"type": "Feature", "properties": {"id": 3005, "roomCode": "LD-6-217-01-13", "roomNumber": "6-217", "roomName": "6-217 \u00d6sszehasonl\u00edt\u00f3 Etol\u00f3giai Kutat\u00f3csoport", "roomType": "educational", "floorId": 19, "level": 6, "fillSource": "mvt"}, "geometry": {"type": "Polygon", "coordinates": [[[19.062484213340767, 47.47258944610707], [19.062492762882002, 47.472593185485536], [19.062499133128412, 47.4726143752918], [19.06242369599987, 47.472624686905654], [19.06241598464895, 47.47259885120997], [19.062484213340767, 47.47258944610707]]]}}, {"type": "Feature", "properties": {"id": 2681, "roomCode": "LD-6-218-01-12", "roomNumber": "6-218", "roomName": "6-218 Etol\u00f3gia szemin\u00e1riumi szoba", "roomType": "educational", "floorId": 19, "level": 6, "fillSource": "mvt"}, "geometry": {"type": "Polygon", "coordinates": [[[19.062505221890483, 47.47250179518521], [19.062530367599997, 47.47258519455217], [19.062455098109517, 47.47259561946373], [19.062429952400002, 47.472512106798895], [19.062505221890483, 47.47250179518521]]]}}, {"type": "Feature", "properties": {"id": 3761, "roomCode": "LD-6-219-01-14", "roomNumber": "6-219", "roomName": "6-219 Algol\u00f3giai laborat\u00f3rium", "roomType": "educational", "floorId": 19, "level": 6, "fillSource": "mvt"}, "geometry": {"type": "Polygon", "coordinates": [[[19.06253073548013, 47.47244553288084], [19.06254733164841, 47.472500830213264], [19.062471894519867, 47.47251125511367], [19.062455298351587, 47.472455957792214], [19.06253073548013, 47.47244553288084]]]}}, {"type": "Feature", "properties": {"id": 3213, "roomCode": "LD-6-221/A-01-13", "roomNumber": "6-221/A", "roomName": "6-221/A Oktat\u00f3", "roomType": "educational", "floorId": 19, "level": 6, "fillSource": "mvt"}, "geometry": {"type": "Polygon", "coordinates": [[[19.06254761408247, 47.47242237543903], [19.062555660709513, 47.47244923088435], [19.06251341591753, 47.47245500990244], [19.062505369290484, 47.472428267774205], [19.06254761408247, 47.47242237543903]]]}}, {"type": "Feature", "properties": {"id": 3553, "roomCode": "LD-6-222-05-71", "roomNumber": "6-222", "roomName": "6-222 N\u0151i WC el\u0151t\u00e9r", "roomType": "social", "floorId": 19, "level": 6, "fillSource": "mvt"}, "geometry": {"type": "Polygon", "coordinates": [[[19.062519488302502, 47.4723668972346], [19.06252619382504, 47.47238888014805], [19.062495683697495, 47.472393072764525], [19.062488978174958, 47.47237108985283], [19.062519488302502, 47.4723668972346]]]}}, {"type": "Feature", "properties": {"id": 2395, "roomCode": "LD-6-223-05-71", "roomNumber": "6-223", "roomName": "6-223 N\u0151i WC csoport", "roomType": "social", "floorId": 19, "level": 6, "fillSource": "mvt"}, "geometry": {"type": "Polygon", "coordinates": [[[19.06255648962814, 47.47237319695377], [19.0625653744455, 47.47237716294482], [19.062558836561028, 47.472383735157884], [19.062563698064867, 47.47239982574502], [19.06252027980644, 47.47240583138544], [19.0625135742839, 47.47238384847189], [19.06255112521011, 47.472378749341146], [19.06255648962814, 47.47237319695377]]]}}, {"type": "Feature", "properties": {"id": 2937, "roomCode": "LD-6-224-04-63", "roomNumber": "6-224", "roomName": "6-224 El\u0151t\u00e9r", "roomType": "corridor", "floorId": 19, "level": 6, "fillSource": "mvt"}, "geometry": {"type": "Polygon", "coordinates": [[[19.06251532941803, 47.472391825346534], [19.06251918509349, 47.47240462983171], [19.062504265305844, 47.472406669483924], [19.06250108018264, 47.47239579133785], [19.06251532941803, 47.472391825346534]]]}}, {"type": "Feature", "properties": {"id": 2747, "roomCode": "LD-6-225-05-73", "roomNumber": "6-225", "roomName": "6-225 N\u0151i \u00f6lt\u00f6z\u0151", "roomType": "social", "floorId": 19, "level": 6, "fillSource": "mvt"}, "geometry": {"type": "Polygon", "coordinates": [[[19.062555891915526, 47.472400358626814], [19.062562262161936, 47.47242132172824], [19.062518676265444, 47.47242732737198], [19.062512473657097, 47.47240636427295], [19.062555891915526, 47.472400358626814]]]}}, {"type": "Feature", "properties": {"id": 2554, "roomCode": "LD-6-226-05-71", "roomNumber": "6-226", "roomName": "6-226 Mosd\u00f3-zuhany", "roomType": "social", "floorId": 19, "level": 6, "fillSource": "mvt"}, "geometry": {"type": "Polygon", "coordinates": [[[19.062513184604118, 47.47240487050349], [19.062517040279577, 47.472417674991966], [19.06250262340612, 47.47242152766931], [19.062500444111297, 47.47241404894245], [19.062488709446857, 47.472415635339146], [19.062486530152032, 47.47240849655363], [19.062513184604118, 47.47240487050349]]]}}, {"type": "Feature", "properties": {"id": 2710, "roomCode": "LD-6-227-05-71", "roomNumber": "6-227", "roomName": "6-227 WC", "roomType": "social", "floorId": 19, "level": 6, "fillSource": "mvt"}, "geometry": {"type": "Polygon", "coordinates": [[[19.06249723175192, 47.47239112836541], [19.062502763808013, 47.47240959855223], [19.06249237024808, 47.472411071634326], [19.062486838191987, 47.472392601448036], [19.06249723175192, 47.47239112836541]]]}}, {"type": "Feature", "properties": {"id": 3578, "roomCode": "LD-6-301-04-63", "roomNumber": "6-301", "roomName": "6-301 K\u00f6zleked\u0151", "roomType": "corridor", "floorId": 19, "level": 6, "fillSource": "mvt"}, "geometry": {"type": "Polygon", "coordinates": [[[19.062910166992015, 47.47259434755087], [19.06292022527582, 47.472627548233575], [19.062909664077825, 47.472628907988046], [19.062910669906206, 47.47263174080975], [19.06292106346614, 47.47263038105535], [19.062924248589344, 47.47264091915105], [19.062913687391347, 47.47264227890518], [19.062919051809377, 47.47265984239287], [19.06292944536931, 47.47265848263919], [19.062932630492515, 47.472669020729256], [19.062922236932582, 47.47267038048265], [19.062927601350612, 47.47268805727369], [19.062937994910545, 47.472686584208], [19.06294118003375, 47.47269712229242], [19.062930786473817, 47.472698482045104], [19.062935983253784, 47.47271615882668], [19.062946376813716, 47.47271468576178], [19.06294956193692, 47.47272522384057], [19.06293916837699, 47.47272658359252], [19.06294453279502, 47.47274426036464], [19.06295492635495, 47.47274278730053], [19.062958111478157, 47.472753325373695], [19.062947717918224, 47.47275468512491], [19.062951070679492, 47.47276635632145], [19.06291871653325, 47.47276635632145], [19.062916537238426, 47.472758991003545], [19.062906143678493, 47.47276046406721], [19.062902958555288, 47.47274992599548], [19.06291335211522, 47.47274845293152], [19.06289273263342, 47.47268001206825], [19.06286155195362, 47.472684317953004], [19.062860881401367, 47.47268193838516], [19.062801034612722, 47.47269032352852], [19.062801705164976, 47.47269236315778], [19.062791479243106, 47.47269383622332], [19.06279365853793, 47.472700974924905], [19.062777732921905, 47.472703127866474], [19.062775721265144, 47.472695989165175], [19.06274956972725, 47.47269961517231], [19.062751749022073, 47.47270664056042], [19.062736158682174, 47.47270879350175], [19.062734147025413, 47.472701654801206], [19.062707995487518, 47.47270528080794], [19.062710174782342, 47.47271241950799], [19.062694752080507, 47.472714572449085], [19.062692572785682, 47.47270743374934], [19.062666421247787, 47.47271105975568], [19.06266860054261, 47.47271808514227], [19.062653010202713, 47.47272023808313], [19.06265099854595, 47.472713099384144], [19.06263339654929, 47.472715478950576], [19.06263339654929, 47.472693722910584], [19.06264462829954, 47.472692249845046], [19.062642449004716, 47.47268511114226], [19.062658039344615, 47.47268295819997], [19.062660051001377, 47.472690096903044], [19.062686202539272, 47.47268647089525], [19.062684023244447, 47.47267944550445], [19.062699613584346, 47.47267729256191], [19.06270179287917, 47.47268443126575], [19.062727776779003, 47.472680805257575], [19.062725597484178, 47.472673666553234], [19.062741187824077, 47.47267151361047], [19.0627433671189, 47.472678652315096], [19.062769518656797, 47.47267502630651], [19.062767339361972, 47.472668000914176], [19.062782762063808, 47.47266584797117], [19.062784941358633, 47.47267298667658], [19.062811092896528, 47.47266936066761], [19.06280874596364, 47.47266222196171], [19.062824503941602, 47.472660069018474], [19.062826515598363, 47.47266720772467], [19.06285266713626, 47.47266358171529], [19.062850487841434, 47.472656556321425], [19.062866078181333, 47.47265440337795], [19.062868089838094, 47.472661542084914], [19.062894073737926, 47.47265791607514], [19.0628918944431, 47.47264987086509], [19.062879321588344, 47.47265157055746], [19.062864066524572, 47.472600693075464], [19.062910166992015, 47.47259434755087]]]}}, {"type": "Feature", "properties": {"id": 2504, "roomCode": "LD-6-302-04-64", "roomNumber": "6-302", "roomName": "6-302 L\u00e9pcs\u0151h\u00e1z", "roomType": "corridor", "floorId": 19, "level": 6, "fillSource": "mvt"}, "geometry": {"type": "Polygon", "coordinates": [[[19.062881830899833, 47.472701866958616], [19.06289054807913, 47.47273087501588], [19.062817793159603, 47.472740959844536], [19.06281075236094, 47.4727176174292], [19.06286791694057, 47.472709798850865], [19.062866240559934, 47.47270401990091], [19.062881830899833, 47.472701866958616]]]}}, {"type": "Feature", "properties": {"id": 2254, "roomCode": "LD-6-303-01-18", "roomNumber": "6-303", "roomName": "6-303 M\u0171hely", "roomType": "educational", "floorId": 19, "level": 6, "fillSource": "mvt"}, "geometry": {"type": "Polygon", "coordinates": [[[19.062808637933756, 47.47266172615404], [19.06282255189302, 47.47270784440976], [19.062817019836928, 47.47271362335295], [19.062785671519066, 47.472717929231784], [19.06277024881723, 47.47266705185148], [19.062808637933756, 47.47266172615404]]]}}, {"type": "Feature", "properties": {"id": 2593, "roomCode": "LD-6-304-01-13", "roomNumber": "6-304", "roomName": "6-304 Oktat\u00f3", "roomType": "educational", "floorId": 19, "level": 6, "fillSource": "mvt"}, "geometry": {"type": "Polygon", "coordinates": [[[19.06277294694524, 47.47265959149381], [19.062788202009013, 47.47271058218659], [19.06274796887379, 47.47271613450349], [19.062732546171954, 47.472665143816094], [19.06277294694524, 47.47265959149381]]]}}, {"type": "Feature", "properties": {"id": 2448, "roomCode": "LD-6-305-01-14", "roomNumber": "6-305", "roomName": "6-305 Bakteri\u00e1lis teny\u00e9szt\u0151 labor", "roomType": "educational", "floorId": 19, "level": 6, "fillSource": "mvt"}, "geometry": {"type": "Polygon", "coordinates": [[[19.062680919037394, 47.472653222240005], [19.062680919037394, 47.47269866060229], [19.062680080847077, 47.47269866060229], [19.06266700507813, 47.47265514855542], [19.062680919037394, 47.472653222240005]]]}}, {"type": "Feature", "properties": {"id": 3322, "roomCode": "LD-6-305/A-01-13", "roomNumber": "6-305/A", "roomName": "6-305/A  Oktat\u00f3", "roomType": "educational", "floorId": 19, "level": 6, "fillSource": "mvt"}, "geometry": {"type": "Polygon", "coordinates": [[[19.06273152996521, 47.47264898772236], [19.06274678502898, 47.47269986509696], [19.062718789472388, 47.47270371772466], [19.062705881341504, 47.47270371772466], [19.062691129191922, 47.472654426731346], [19.06273152996521, 47.47264898772236]]]}}, {"type": "Feature", "properties": {"id": 3069, "roomCode": "LD-6-306-01-14", "roomNumber": "6-306", "roomName": "6-306 Mikroszk\u00f3pszoba", "roomType": "educational", "floorId": 19, "level": 6, "fillSource": "mvt"}, "geometry": {"type": "Polygon", "coordinates": [[[19.062648177327144, 47.47265644902559], [19.062654715211618, 47.47267797879669], [19.062654715211618, 47.4726785453695], [19.062614482076395, 47.472684097782654], [19.062606100173223, 47.47265644902559], [19.062648177327144, 47.47265644902559]]]}}, {"type": "Feature", "properties": {"id": 3325, "roomCode": "LD-6-306/A-01-14", "roomNumber": "6-306/A", "roomName": "6-306/A Elektrofiziol\u00f3gia", "roomType": "educational", "floorId": 19, "level": 6, "fillSource": "mvt"}, "geometry": {"type": "Polygon", "coordinates": [[[19.062608965787646, 47.47264478602582], [19.062620197537896, 47.47268240581424], [19.06257828802204, 47.47268240581424], [19.062568732652423, 47.47265033834569], [19.062608965787646, 47.47264478602582]]]}}, {"type": "Feature", "properties": {"id": 2750, "roomCode": "LD-6-307-01-13", "roomNumber": "6-307", "roomName": "6-307 Oktat\u00f3", "roomType": "educational", "floorId": 19, "level": 6, "fillSource": "mvt"}, "geometry": {"type": "Polygon", "coordinates": [[[19.06256821197796, 47.47264198382671], [19.062577767347577, 47.47267382466998], [19.06253585783172, 47.47267382466998], [19.062527978842738, 47.47264742283334], [19.06256821197796, 47.47264198382671]]]}}, {"type": "Feature", "properties": {"id": 2664, "roomCode": "LD-6-308-01-13", "roomNumber": "6-308", "roomName": "6-308 Oktat\u00f3", "roomType": "educational", "floorId": 19, "level": 6, "fillSource": "mvt"}, "geometry": {"type": "Polygon", "coordinates": [[[19.062526972898095, 47.47262936006549], [19.062538875200598, 47.47266868021973], [19.062507526882737, 47.47267298617144], [19.062499144979565, 47.47266913347783], [19.062487075038998, 47.47262936006549], [19.062526972898095, 47.47262936006549]]]}}, {"type": "Feature", "properties": {"id": 2349, "roomCode": "LD-6-309-04-64", "roomNumber": "6-309", "roomName": "6-309 L\u00e9pcs\u0151h\u00e1z", "roomType": "corridor", "floorId": 19, "level": 6, "fillSource": "mvt"}, "geometry": {"type": "Polygon", "coordinates": [[[19.06249229520782, 47.47265530776363], [19.06249715671166, 47.472671285120924], [19.062424401792132, 47.472681256802446], [19.06241652280315, 47.47265530776363], [19.062432783695304, 47.47265530776363], [19.062432951333367, 47.47265576102206], [19.062436136456572, 47.47265530776363], [19.06249229520782, 47.47265530776363]]]}}, {"type": "Feature", "properties": {"id": 2697, "roomCode": "LD-6-310-01-13", "roomNumber": "6-310", "roomName": "6-310 Oktat\u00f3", "roomType": "educational", "floorId": 19, "level": 6, "fillSource": "mvt"}, "geometry": {"type": "Polygon", "coordinates": [[[19.06241367812621, 47.472701745127544], [19.062429100828044, 47.472752622548434], [19.062388700054758, 47.47275817486978], [19.062373444990985, 47.472707297454264], [19.06241367812621, 47.472701745127544]]]}}, {"type": "Feature", "properties": {"id": 3297, "roomCode": "LD-6-310/A-01-13", "roomNumber": "6-310/A", "roomName": "6-310/A Oktat\u00f3", "roomType": "educational", "floorId": 19, "level": 6, "fillSource": "mvt"}, "geometry": {"type": "Polygon", "coordinates": [[[19.06245527012621, 47.472707409468086], [19.062470692828047, 47.472758400207276], [19.06243029205476, 47.47276395252922], [19.062415036990988, 47.47271296179542], [19.06245527012621, 47.472707409468086]]]}}, {"type": "Feature", "properties": {"id": 2953, "roomCode": "LD-6-311-01-13", "roomNumber": "6-311", "roomName": "6-311 Oktat\u00f3", "roomType": "educational", "floorId": 19, "level": 6, "fillSource": "mvt"}, "geometry": {"type": "Polygon", "coordinates": [[[19.06249686412621, 47.472713185121385], [19.062512286828046, 47.47276406255336], [19.06247188605476, 47.47276961487592], [19.062456630990987, 47.47271873744931], [19.06249686412621, 47.472713185121385]]]}}, {"type": "Feature", "properties": {"id": 2238, "roomCode": "LD-6-312-01-14", "roomNumber": "6-312", "roomName": "6-312 Mikroelektrofiziol\u00f3gia II.", "roomType": "educational", "floorId": 19, "level": 6, "fillSource": "mvt"}, "geometry": {"type": "Polygon", "coordinates": [[[19.06253845612621, 47.47271884846193], [19.062553878828044, 47.472769839212226], [19.062513478054758, 47.47277539153537], [19.062498222990985, 47.47272440079046], [19.06253845612621, 47.47271884846193]]]}}, {"type": "Feature", "properties": {"id": 3094, "roomCode": "LD-6-313-01-14", "roomNumber": "6-313", "roomName": "6-313 Mikroelektrofiziol\u00f3gia I.", "roomType": "educational", "floorId": 19, "level": 6, "fillSource": "mvt"}, "geometry": {"type": "Polygon", "coordinates": [[[19.062621716065106, 47.472724567307935], [19.062636971128878, 47.47277555806933], [19.062555163753924, 47.472786776030205], [19.06253974105209, 47.472735898592525], [19.062621716065106, 47.472724567307935]]]}}, {"type": "Feature", "properties": {"id": 2874, "roomCode": "LD-6-315-01-14", "roomNumber": "6-315", "roomName": "6-315 In vivo elektrofiziol\u00f3gia I.", "roomType": "educational", "floorId": 19, "level": 6, "fillSource": "mvt"}, "geometry": {"type": "Polygon", "coordinates": [[[19.062746461035726, 47.47274750510296], [19.062761716099498, 47.472798382568165], [19.062721482964275, 47.47280393489436], [19.062706227900502, 47.47275305743452], [19.062746461035726, 47.47274750510296]]]}}, {"type": "Feature", "properties": {"id": 3481, "roomCode": "LD-6-316-01-14", "roomNumber": "6-316", "roomName": "6-316 In vivo elektrofiziol\u00f3gia II.", "roomType": "educational", "floorId": 19, "level": 6, "fillSource": "mvt"}, "geometry": {"type": "Polygon", "coordinates": [[[19.06278801112621, 47.472753168443454], [19.062803433828044, 47.47280415922706], [19.062763033054757, 47.47280971155384], [19.062747777990985, 47.47275872077563], [19.06278801112621, 47.472753168443454]]]}}, {"type": "Feature", "properties": {"id": 2680, "roomCode": "LD-6-317-01-14", "roomNumber": "6-317", "roomName": "6-317 In vivo elektrofiziol\u00f3gia III.", "roomType": "educational", "floorId": 19, "level": 6, "fillSource": "mvt"}, "geometry": {"type": "Polygon", "coordinates": [[[19.06282960412621, 47.47275891576861], [19.062845026828047, 47.47280990655771], [19.06280462605476, 47.47281534557229], [19.062789370990988, 47.472764468101374], [19.06282960412621, 47.47275891576861]]]}}, {"type": "Feature", "properties": {"id": 2855, "roomCode": "LD-6-317/A-01-13", "roomNumber": "6-317/A", "roomName": "6-317/A Oktat\u00f3", "roomType": "educational", "floorId": 19, "level": 6, "fillSource": "mvt"}, "geometry": {"type": "Polygon", "coordinates": [[[19.06287119612621, 47.472764607437306], [19.062886618828045, 47.47281559823201], [19.06284621805476, 47.47282115056001], [19.062830962990986, 47.47277015977068], [19.06287119612621, 47.472764607437306]]]}}, {"type": "Feature", "properties": {"id": 2776, "roomCode": "LD-6-401-05-71", "roomNumber": "6-401", "roomName": "6-401 N\u0151i WC el\u0151t\u00e9r", "roomType": "social", "floorId": 19, "level": 6, "fillSource": "mvt"}, "geometry": {"type": "Polygon", "coordinates": [[[19.062975140121534, 47.47242954821899], [19.062981678006008, 47.472451531158654], [19.062951167878463, 47.47245572378012], [19.06294462999399, 47.47243374084221], [19.062975140121534, 47.47242954821899]]]}}, {"type": "Feature", "properties": {"id": 2251, "roomCode": "LD-6-402-05-71", "roomNumber": "6-402", "roomName": "6-402 N\u0151i WC csoport", "roomType": "social", "floorId": 19, "level": 6, "fillSource": "mvt"}, "geometry": {"type": "Polygon", "coordinates": [[[19.06295287119575, 47.47242698159588], [19.062959409080225, 47.4724489645337], [19.062915990821796, 47.47245485686598], [19.062911129317957, 47.472438766264716], [19.062901406310278, 47.47243446032833], [19.062907106004435, 47.47242845467963], [19.062915320269543, 47.47243208073176], [19.06295287119575, 47.47242698159588]]]}}, {"type": "Feature", "properties": {"id": 3229, "roomCode": "LD-6-403-04-63", "roomNumber": "6-403", "roomName": "6-403 El\u0151t\u00e9r", "roomType": "corridor", "floorId": 19, "level": 6, "fillSource": "mvt"}, "geometry": {"type": "Polygon", "coordinates": [[[19.062955461241735, 47.472454176349764], [19.062958814003004, 47.47246505450878], [19.06294389421536, 47.47246709416335], [19.0629400385399, 47.4724544029781], [19.062955461241735, 47.472454176349764]]]}}, {"type": "Feature", "properties": {"id": 2785, "roomCode": "LD-6-404-05-73", "roomNumber": "6-404", "roomName": "6-404 N\u0151i \u00f6lt\u00f6z\u0151", "roomType": "social", "floorId": 19, "level": 6, "fillSource": "mvt"}, "geometry": {"type": "Polygon", "coordinates": [[[19.062937545205674, 47.47244525908185], [19.062945424194655, 47.47247154796892], [19.06290904673489, 47.47247653379085], [19.062900329555593, 47.47247279442445], [19.062893959309182, 47.472451264733934], [19.062937545205674, 47.47244525908185]]]}}, {"type": "Feature", "properties": {"id": 3513, "roomCode": "LD-6-405-05-71", "roomNumber": "6-405", "roomName": "6-405 Mosd\u00f3-zuhany", "roomType": "social", "floorId": 19, "level": 6, "fillSource": "mvt"}, "geometry": {"type": "Polygon", "coordinates": [[[19.062960006956704, 47.47246661957868], [19.06296218625153, 47.47247375837311], [19.06295045158709, 47.47247534477176], [19.062952798519976, 47.47248282350751], [19.062937208180077, 47.47248305013585], [19.06293335250462, 47.472470245633126], [19.062960006956704, 47.47246661957868]]]}}, {"type": "Feature", "properties": {"id": 3329, "roomCode": "LD-6-406-05-71", "roomNumber": "6-406", "roomName": "6-406 WC", "roomType": "social", "floorId": 19, "level": 6, "fillSource": "mvt"}, "geometry": {"type": "Polygon", "coordinates": [[[19.06296506393289, 47.47245556233884], [19.062970763627046, 47.472473919234076], [19.062960370067113, 47.472475392317996], [19.062954670372957, 47.472456922109075], [19.06296506393289, 47.47245556233884]]]}}, {"type": "Feature", "properties": {"id": 3591, "roomCode": "LD-6-408-01-13", "roomNumber": "6-408", "roomName": "6-408 Oktat\u00f3", "roomType": "educational", "floorId": 19, "level": 6, "fillSource": "mvt"}, "geometry": {"type": "Polygon", "coordinates": [[[19.06292520008247, 47.47247435908], [19.062933246709516, 47.47250110123764], [19.06289100191753, 47.47250699357562], [19.062882955290487, 47.47248013810674], [19.06292520008247, 47.47247435908]]]}}, {"type": "Feature", "properties": {"id": 2276, "roomCode": "LD-6-409-01-14", "roomNumber": "6-409", "roomName": "6-409 Neurobiol\u00f3giai Kuta\u00f3csoport", "roomType": "educational", "floorId": 19, "level": 6, "fillSource": "mvt"}, "geometry": {"type": "Polygon", "coordinates": [[[19.062941420570617, 47.47250204517414], [19.062958016738897, 47.47255734256594], [19.062882747248416, 47.47256776747755], [19.062865983442073, 47.47251235678235], [19.062941420570617, 47.47250204517414]]]}}, {"type": "Feature", "properties": {"id": 2802, "roomCode": "LD-6-410-01-14", "roomNumber": "6-410", "roomName": "6-410 Steril labor", "roomType": "educational", "floorId": 19, "level": 6, "fillSource": "mvt"}, "geometry": {"type": "Polygon", "coordinates": [[[19.062932875612685, 47.47255821047843], [19.062941089877793, 47.472585519253286], [19.062865820387312, 47.47259583086168], [19.062857606122204, 47.47256863540661], [19.062932875612685, 47.47255821047843]]]}}, {"type": "Feature", "properties": {"id": 3599, "roomCode": "LD-6-411-01-14", "roomNumber": "6-411", "roomName": "6-411 Sejtbiol\u00f3giai labor", "roomType": "educational", "floorId": 19, "level": 6, "fillSource": "mvt"}, "geometry": {"type": "Polygon", "coordinates": [[[19.062915950751584, 47.472586330464146], [19.062932714557927, 47.47264174125924], [19.062857277429384, 47.47265205287314], [19.062840681261104, 47.47259675540347], [19.062915950751584, 47.472586330464146]]]}}, {"type": "Feature", "properties": {"id": 2830, "roomCode": "LD-6-412-01-14", "roomNumber": "6-412", "roomName": "6-412 Mikroszk\u00f3p szoba", "roomType": "educational", "floorId": 19, "level": 6, "fillSource": "mvt"}, "geometry": {"type": "Polygon", "coordinates": [[[19.06290867249282, 47.47265103598858], [19.062915713291485, 47.47267426507162], [19.062882520954926, 47.47267426507162], [19.06287682126077, 47.47265534186816], [19.06290867249282, 47.47265103598858]]]}}, {"type": "Feature", "properties": {"id": 2850, "roomCode": "LD-6-413-01-13", "roomNumber": "6-413", "roomName": "6-413 Oktat\u00f3", "roomType": "educational", "floorId": 19, "level": 6, "fillSource": "mvt"}, "geometry": {"type": "Polygon", "coordinates": [[[19.062881136052752, 47.47264894866109], [19.062887673937226, 47.472670705061304], [19.06284542914524, 47.47267648410361], [19.062839394174958, 47.47265518096415], [19.062844758592988, 47.47264962854872], [19.062849620096827, 47.47264894866109], [19.062881136052752, 47.47264894866109]]]}}, {"type": "Feature", "properties": {"id": 3011, "roomCode": "LD-6-414-04-63", "roomNumber": "6-414", "roomName": "6-414 El\u0151t\u00e9r", "roomType": "corridor", "floorId": 19, "level": 6, "fillSource": "mvt"}, "geometry": {"type": "Polygon", "coordinates": [[[19.062914472048078, 47.47267536361399], [19.062917824809347, 47.47268635494046], [19.06286904213289, 47.47269304038532], [19.062865857009683, 47.47268204906025], [19.062914472048078, 47.47267536361399]]]}}, {"type": "Feature", "properties": {"id": 3114, "roomCode": "LD-6-416-05-71", "roomNumber": "6-416", "roomName": "6-416 WC", "roomType": "social", "floorId": 19, "level": 6, "fillSource": "mvt"}, "geometry": {"type": "Polygon", "coordinates": [[[19.062897026028047, 47.47269074095529], [19.062901887531886, 47.47270705798], [19.062891493971954, 47.47270853104448], [19.062886632468114, 47.47269221402022], [19.062897026028047, 47.47269074095529]]]}}, {"type": "Feature", "properties": {"id": 2892, "roomCode": "LD-6-417-05-71", "roomNumber": "6-417", "roomName": "6-417 WC", "roomType": "social", "floorId": 19, "level": 6, "fillSource": "mvt"}, "geometry": {"type": "Polygon", "coordinates": [[[19.062908752028047, 47.472692376283185], [19.062913613531887, 47.47270869330839], [19.062903219971954, 47.472710053060275], [19.062898358468114, 47.47269384934817], [19.062908752028047, 47.472692376283185]]]}}, {"type": "Feature", "properties": {"id": 3272, "roomCode": "LD-6-418-01-17", "roomNumber": "6-418", "roomName": "6-418 T\u00e1rgyal\u00f3", "roomType": "educational", "floorId": 19, "level": 6, "fillSource": "mvt"}, "geometry": {"type": "Polygon", "coordinates": [[[19.06299538838965, 47.47277295421078], [19.063011816919865, 47.472827797659036], [19.062936547429384, 47.472838222440245], [19.062919951261105, 47.47278326568993], [19.06299538838965, 47.47277295421078]]]}}, {"type": "Feature", "properties": {"id": 2768, "roomCode": "LD-6-419-02-33", "roomNumber": "6-419", "roomName": "6-419 \u00c9lettani \u00e9s Neurobiol\u00f3giai Tansz\u00e9k Titk\u00e1rs\u00e1g", "roomType": "administrative", "floorId": 19, "level": 6, "fillSource": "mvt"}, "geometry": {"type": "Polygon", "coordinates": [[[19.06301216443172, 47.472744798072526], [19.063020378696827, 47.472771993149145], [19.062944941568283, 47.472782417924776], [19.062936727303175, 47.47275522285356], [19.06301216443172, 47.472744798072526]]]}}, {"type": "Feature", "properties": {"id": 2332, "roomCode": "LD-6-420-01-13", "roomNumber": "6-420", "roomName": "6-420 Oktat\u00f3", "roomType": "educational", "floorId": 19, "level": 6, "fillSource": "mvt"}, "geometry": {"type": "Polygon", "coordinates": [[[19.063020542612687, 47.472716655754404], [19.063028756877795, 47.47274396412921], [19.062953487387315, 47.47275427558653], [19.062945273122207, 47.47272708052986], [19.063020542612687, 47.472716655754404]]]}}, {"type": "Feature", "properties": {"id": 2911, "roomCode": "LD-6-421-01-13", "roomNumber": "6-421", "roomName": "6-421 Oktat\u00f3", "roomType": "educational", "floorId": 19, "level": 6, "fillSource": "mvt"}, "geometry": {"type": "Polygon", "coordinates": [[[19.063037508522203, 47.47266042777455], [19.06304572278731, 47.472687736120136], [19.062970285658768, 47.472698047566446], [19.062962239031723, 47.472670852538855], [19.063037508522203, 47.47266042777455]]]}}, {"type": "Feature", "properties": {"id": 3749, "roomCode": "LD-6-421/A-01-13", "roomNumber": "6-421/A", "roomName": "6-421/A Tansz\u00e9kvezet\u0151", "roomType": "educational", "floorId": 19, "level": 6, "fillSource": "mvt"}, "geometry": {"type": "Polygon", "coordinates": [[[19.06302908843172, 47.47268854176448], [19.063037302696827, 47.47271585012467], [19.062961865568283, 47.472726161576496], [19.062953651303175, 47.47269896653437], [19.06302908843172, 47.47268854176448]]]}}, {"type": "Feature", "properties": {"id": 2494, "roomCode": "LD-6-422-01-14", "roomNumber": "6-422", "roomName": "6-422 MS labor", "roomType": "educational", "floorId": 19, "level": 6, "fillSource": "mvt"}, "geometry": {"type": "Polygon", "coordinates": [[[19.063048778459766, 47.472641350460805], [19.063052969411352, 47.47265574115982], [19.062974514797666, 47.47265574115982], [19.062973341331222, 47.47265177521954], [19.063048778459766, 47.472641350460805]]]}}, {"type": "Feature", "properties": {"id": 2246, "roomCode": "LD-6-423-01-14", "roomNumber": "6-423", "roomName": "6-423 HPLC labor", "roomType": "educational", "floorId": 19, "level": 6, "fillSource": "mvt"}, "geometry": {"type": "Polygon", "coordinates": [[[19.063054388751585, 47.47257614812784], [19.063071152557928, 47.47263144559763], [19.062995715429384, 47.47264187052394], [19.062979119261104, 47.472586459750595], [19.063054388751585, 47.47257614812784]]]}}, {"type": "Feature", "properties": {"id": 2631, "roomCode": "LD-6-424-01-14", "roomNumber": "6-424", "roomName": "6-424 Elektrofiziol\u00f3gia labor", "roomType": "educational", "floorId": 19, "level": 6, "fillSource": "mvt"}, "geometry": {"type": "Polygon", "coordinates": [[[19.063071398431717, 47.47254802713932], [19.063079612696825, 47.47257522259445], [19.06300417556828, 47.47258564751518], [19.062995961303173, 47.47255833875104], [19.063071398431717, 47.47254802713932]]]}}, {"type": "Feature", "properties": {"id": 2867, "roomCode": "LD-6-425-01-14", "roomNumber": "6-425", "roomName": "6-425 Elektrofiziol\u00f3giai labor", "roomType": "educational", "floorId": 19, "level": 6, "fillSource": "mvt"}, "geometry": {"type": "Polygon", "coordinates": [[[19.063079860431717, 47.47251991314936], [19.063088074696825, 47.47254710858995], [19.06301263756828, 47.47255753350511], [19.063004423303173, 47.47253022475557], [19.063079860431717, 47.47251991314936]]]}}, {"type": "Feature", "properties": {"id": 2479, "roomCode": "LD-6-426-01-14", "roomNumber": "6-426", "roomName": "6-426 Tumorsejtbiol\u00f3giai labor", "roomType": "educational", "floorId": 19, "level": 6, "fillSource": "mvt"}, "geometry": {"type": "Polygon", "coordinates": [[[19.063088323431717, 47.47249177083084], [19.063096537696826, 47.472518966256885], [19.06302110056828, 47.47252939116646], [19.063012886303174, 47.47250219574582], [19.063088323431717, 47.47249177083084]]]}}, {"type": "Feature", "properties": {"id": 3800, "roomCode": "LD-6-427-01-13", "roomNumber": "6-427", "roomName": "6-427 Oktat\u00f3", "roomType": "educational", "floorId": 19, "level": 6, "fillSource": "mvt"}, "geometry": {"type": "Polygon", "coordinates": [[[19.063096785431718, 47.472463656840894], [19.063104999696826, 47.4724908522524], [19.063029562568282, 47.47250127715641], [19.063021348303174, 47.472474081750306], [19.063096785431718, 47.472463656840894]]]}}, {"type": "Feature", "properties": {"id": 2661, "roomCode": "LD-6-428-01-14", "roomNumber": "6-428", "roomName": "6-428 Ornitol\u00f3giai labor", "roomType": "educational", "floorId": 19, "level": 6, "fillSource": "mvt"}, "geometry": {"type": "Polygon", "coordinates": [[[19.063105247431718, 47.472435514522424], [19.063113461696826, 47.472462823233506], [19.063038024568282, 47.47247313481782], [19.063029810303174, 47.47244593942626], [19.063105247431718, 47.472435514522424]]]}}, {"type": "Feature", "properties": {"id": 2587, "roomCode": "LD-6-429-01-13", "roomNumber": "6-429", "roomName": "6-429 Oktat\u00f3", "roomType": "educational", "floorId": 19, "level": 6, "fillSource": "mvt"}, "geometry": {"type": "Polygon", "coordinates": [[[19.063113751341234, 47.4724073995325], [19.06312179796828, 47.472434708228974], [19.0630465284778, 47.47244501980778], [19.06303831421269, 47.47241782443075], [19.063113751341234, 47.4724073995325]]]}}, {"type": "Feature", "properties": {"id": 2724, "roomCode": "LD-6-501-04-63", "roomNumber": "6-501", "roomName": "6-501 K\u00f6zleked\u0151", "roomType": "corridor", "floorId": 19, "level": 6, "fillSource": "mvt"}, "geometry": {"type": "Polygon", "coordinates": [[[19.063110084167402, 47.47192326192414], [19.0631119281861, 47.47192949428224], [19.063122489384096, 47.47192802117949], [19.0631256745073, 47.471938559529086], [19.063115113309305, 47.47193991931598], [19.063120477727335, 47.47195759654237], [19.06313103892533, 47.47195612344039], [19.063134056410473, 47.471966661784364], [19.063123495212476, 47.471968021570525], [19.063128859630506, 47.471985698787456], [19.063139420828502, 47.47198433900174], [19.063142605951708, 47.47199476402461], [19.06313204475371, 47.47199623712549], [19.06313740917174, 47.472013801017525], [19.063147802731674, 47.472012441232536], [19.06315098785488, 47.472022866249816], [19.063140426656883, 47.47202433934992], [19.063145791074913, 47.47204201654791], [19.06315635227291, 47.4720405434483], [19.063159537396114, 47.47205096846], [19.063148976198118, 47.47205244155932], [19.063154340616148, 47.47207011874785], [19.06316473417608, 47.47206864564904], [19.063167919299286, 47.47207907065516], [19.06315735810129, 47.47208054375369], [19.06316272251932, 47.47209822093277], [19.063173283717315, 47.47209674783475], [19.06317646884052, 47.472107172835294], [19.063165907642524, 47.47210864593304], [19.063171272060554, 47.47212632310267], [19.063181665620487, 47.47212485000542], [19.063184850743692, 47.47213527500041], [19.063174289545696, 47.472136748097356], [19.063175127736013, 47.47213958097599], [19.06318568893401, 47.472138221194264], [19.063195747217815, 47.47217142252133], [19.06314964675037, 47.472177768165075], [19.063134224048536, 47.47212677636335], [19.06314662926523, 47.47212507663577], [19.063144282332342, 47.47211703125784], [19.063118130794447, 47.47212065734382], [19.06312031008927, 47.47212779619987], [19.063104719749372, 47.472129949188016], [19.063102540454548, 47.47212281033225], [19.063076556554716, 47.47212632310267], [19.06307873584954, 47.472133461957945], [19.06306314550964, 47.47213561494586], [19.06306113385288, 47.47212847609087], [19.063034982314985, 47.47213210217607], [19.06303716160981, 47.47213924103056], [19.06302157126991, 47.47214139401823], [19.063019391975086, 47.472134255164036], [19.062993408075254, 47.47213776793368], [19.062995419732015, 47.47214490678741], [19.06297999703018, 47.47214705977485], [19.062977817735355, 47.472139920921414], [19.062951833835523, 47.47214354700582], [19.062953845492284, 47.472150685858765], [19.06293842279045, 47.472152838845965], [19.062936243495624, 47.47214569999331], [19.06291009195773, 47.4721492127622], [19.062912271252554, 47.47215635161437], [19.062896848550718, 47.472158504601346], [19.062894669255893, 47.47215136574947], [19.062868517717998, 47.47215499183309], [19.062870697012823, 47.472162130684474], [19.062855274310987, 47.472164170356116], [19.062853095016163, 47.472157144820116], [19.062826943478267, 47.47216065758823], [19.062829122773092, 47.47216779643885], [19.062813700071256, 47.47216994942535], [19.062802971235197, 47.4721348217398], [19.062818561575096, 47.47213266875186], [19.06282074086992, 47.47213980760627], [19.062846724769752, 47.472136181521606], [19.062844545474928, 47.47212904266671], [19.062860135814827, 47.47212688967852], [19.06286231510965, 47.47213402853373], [19.062888466647546, 47.47213040244866], [19.06288611971466, 47.47212337690814], [19.06290187769262, 47.47212122391973], [19.062903889349382, 47.472128362775706], [19.062930040887277, 47.472124736690255], [19.062927861592453, 47.47211759783378], [19.06294345193235, 47.47211555816033], [19.062945463589113, 47.4721225837019], [19.062971447488945, 47.47211895761605], [19.062969435832184, 47.472111932074], [19.062985026172083, 47.472109779085116], [19.062987037828844, 47.472116804627454], [19.06301318936674, 47.4721132918564], [19.063011010071914, 47.472106266313595], [19.063026600411813, 47.47210411332448], [19.063028779706638, 47.472111138867575], [19.06303917326657, 47.472109665769906], [19.06303967618076, 47.47211181875879], [19.063099522969406, 47.4721036600636], [19.063098852417152, 47.47210139375917], [19.06313003309695, 47.47209720109568], [19.063109413615148, 47.472028645334596], [19.063099020055216, 47.472030005119144], [19.06309583493201, 47.47201958010329], [19.063106396130006, 47.47201810700305], [19.063101031711977, 47.47200042979702], [19.063090638152044, 47.47200190289776], [19.06308745302884, 47.471991477876315], [19.063098014226835, 47.4719900047753], [19.063092649808805, 47.47197232755981], [19.06308208861081, 47.471973800661324], [19.063078903487604, 47.47196337563431], [19.0630894646856, 47.471961902532506], [19.06308410026757, 47.471944225307574], [19.063073706707637, 47.471945698409876], [19.063070521584432, 47.47193516006171], [19.06308108278243, 47.47193380027469], [19.06307773002116, 47.47192326192414], [19.063110084167402, 47.47192326192414]]]}}, {"type": "Feature", "properties": {"id": 3070, "roomCode": "LD-6-502-01-14", "roomNumber": "6-502", "roomName": "6-502 \u00c1llatszervezettani sz\u00f6vettani labor", "roomType": "educational", "floorId": 19, "level": 6, "fillSource": "mvt"}, "geometry": {"type": "Polygon", "coordinates": [[[19.06313067248013, 47.47232311628592], [19.06314726864841, 47.47237841348946], [19.063071831519867, 47.47238883836557], [19.063055235351587, 47.47233342785903], [19.06313067248013, 47.47232311628592]]]}}, {"type": "Feature", "properties": {"id": 2221, "roomCode": "LD-6-503-01-13", "roomNumber": "6-503", "roomName": "6-503 Oktat\u00f3", "roomType": "educational", "floorId": 19, "level": 6, "fillSource": "mvt"}, "geometry": {"type": "Polygon", "coordinates": [[[19.063147599341235, 47.472294999229746], [19.06315564596828, 47.47232219455393], [19.0630803764778, 47.47233261942447], [19.06307216221269, 47.472305310791825], [19.063147599341235, 47.472294999229746]]]}}, {"type": "Feature", "properties": {"id": 2687, "roomCode": "LD-6-504-01-14", "roomNumber": "6-504", "roomName": "6-504 Fejl\u0151d\u00e9sbiol\u00f3giai labor I.", "roomType": "educational", "floorId": 19, "level": 6, "fillSource": "mvt"}, "geometry": {"type": "Polygon", "coordinates": [[[19.063156022570617, 47.4722387903386], [19.063172618738896, 47.47229408745343], [19.063097349248416, 47.47230451231282], [19.063080585442073, 47.47224910189516], [19.063156022570617, 47.4722387903386]]]}}, {"type": "Feature", "properties": {"id": 3370, "roomCode": "LD-6-505-01-13", "roomNumber": "6-505", "roomName": "6-505 Oktat\u00f3", "roomType": "educational", "floorId": 19, "level": 6, "fillSource": "mvt"}, "geometry": {"type": "Polygon", "coordinates": [[[19.063172944431717, 47.47221062793146], [19.063181158696825, 47.472237823212026], [19.06310572156828, 47.47224824806584], [19.063097507303173, 47.47222105279068], [19.063172944431717, 47.47221062793146]]]}}, {"type": "Feature", "properties": {"id": 3137, "roomCode": "LD-6-506-01-14", "roomNumber": "6-506", "roomName": "6-506 Fejl\u0151d\u00e9sbiol\u00f3giai labor II.", "roomType": "educational", "floorId": 19, "level": 6, "fillSource": "mvt"}, "geometry": {"type": "Polygon", "coordinates": [[[19.063186190255426, 47.47217032861533], [19.06319473979666, 47.47219899695785], [19.063116285182975, 47.47219899695785], [19.063110920764945, 47.47218075346897], [19.063186190255426, 47.47217032861533]]]}}, {"type": "Feature", "properties": {"id": 2743, "roomCode": "LD-6-507-01-13", "roomNumber": "6-507", "roomName": "6-507 Oktat\u00f3", "roomType": "educational", "floorId": 19, "level": 6, "fillSource": "mvt"}, "geometry": {"type": "Polygon", "coordinates": [[[19.063198246612686, 47.47212625630051], [19.063206460877794, 47.47215356533328], [19.063131191387313, 47.47216387703905], [19.063122977122205, 47.47213668132715], [19.063198246612686, 47.47212625630051]]]}}, {"type": "Feature", "properties": {"id": 2469, "roomCode": "LD-6-508-01-14", "roomNumber": "6-508", "roomName": "6-508 Fejl\u0151d\u00e9sbiol\u00f3giai labor III.", "roomType": "educational", "floorId": 19, "level": 6, "fillSource": "mvt"}, "geometry": {"type": "Polygon", "coordinates": [[[19.063206792431718, 47.47209822729718], [19.063215006696826, 47.47212542299989], [19.063139569568282, 47.472135734700146], [19.063131355303174, 47.472108539002775], [19.063206792431718, 47.47209822729718]]]}}, {"type": "Feature", "properties": {"id": 2377, "roomCode": "LD-6-509-01-14", "roomNumber": "6-509", "roomName": "6-509 Mikroszk\u00f3p szoba", "roomType": "educational", "floorId": 19, "level": 6, "fillSource": "mvt"}, "geometry": {"type": "Polygon", "coordinates": [[[19.063171730392988, 47.472070092837], [19.063179777020032, 47.47209728852205], [19.063148093426044, 47.47210170781955], [19.063139879160936, 47.472074398821405], [19.063171730392988, 47.472070092837]]]}}, {"type": "Feature", "properties": {"id": 3210, "roomCode": "LD-6-510-01-13", "roomNumber": "6-510", "roomName": "6-510 Oktat\u00f3", "roomType": "educational", "floorId": 19, "level": 6, "fillSource": "mvt"}, "geometry": {"type": "Polygon", "coordinates": [[[19.063215229263438, 47.472074657614215], [19.063223443528546, 47.47210185330238], [19.06318119873656, 47.472107632384294], [19.063172984471453, 47.47208043669912], [19.063215229263438, 47.472074657614215]]]}}, {"type": "Feature", "properties": {"id": 3223, "roomCode": "LD-6-511-01-17", "roomNumber": "6-511", "roomName": "6-511 T\u00e1rgyal\u00f3", "roomType": "educational", "floorId": 19, "level": 6, "fillSource": "mvt"}, "geometry": {"type": "Polygon", "coordinates": [[[19.06322375648013, 47.47201386189918], [19.06324035264841, 47.47206915975408], [19.063164915519867, 47.472079584753004], [19.063148319351587, 47.47202417359375], [19.06322375648013, 47.47201386189918]]]}}, {"type": "Feature", "properties": {"id": 2518, "roomCode": "LD-6-512-02-33", "roomNumber": "6-512", "roomName": "6-512 Anat\u00f3miai, Sejt- \u00e9s Fejl\u0151d\u00e9sbiol\u00f3giai Tansz\u00e9k Titk\u00e1rs\u00e1g", "roomType": "administrative", "floorId": 19, "level": 6, "fillSource": "mvt"}, "geometry": {"type": "Polygon", "coordinates": [[[19.06324065143639, 47.47198873543422], [19.06324785987312, 47.47201298488462], [19.06317259038264, 47.4720232965634], [19.063165214307848, 47.47199904711777], [19.06324065143639, 47.47198873543422]]]}}, {"type": "Feature", "properties": {"id": 3078, "roomCode": "LD-6-513-02-33", "roomNumber": "6-513", "roomName": "6-513 Tansz\u00e9kvezet\u0151", "roomType": "administrative", "floorId": 19, "level": 6, "fillSource": "mvt"}, "geometry": {"type": "Polygon", "coordinates": [[[19.063248223246074, 47.471958003236395], [19.063257108063436, 47.47198791843035], [19.063181838572955, 47.471998230103104], [19.06317278611753, 47.471968428230156], [19.063248223246074, 47.471958003236395]]]}}, {"type": "Feature", "properties": {"id": 2601, "roomCode": "LD-6-514-04-63", "roomNumber": "6-514", "roomName": "6-514 El\u0151t\u00e9r", "roomType": "corridor", "floorId": 19, "level": 6, "fillSource": "mvt"}, "geometry": {"type": "Polygon", "coordinates": [[[19.063095523957596, 47.472073981402886], [19.063098876718865, 47.47208497299186], [19.063050094042406, 47.472091658596405], [19.063046741281138, 47.472080667008825], [19.063095523957596, 47.472073981402886]]]}}, {"type": "Feature", "properties": {"id": 2692, "roomCode": "LD-6-516-05-71", "roomNumber": "6-516", "roomName": "6-516 WC", "roomType": "social", "floorId": 19, "level": 6, "fillSource": "mvt"}, "geometry": {"type": "Polygon", "coordinates": [[[19.063086762028046, 47.47206045173424], [19.063091623531886, 47.47207665582434], [19.063081229971953, 47.472078128923194], [19.063076368468113, 47.472061811518216], [19.063086762028046, 47.47206045173424]]]}}, {"type": "Feature", "properties": {"id": 3414, "roomCode": "LD-6-517-05-71", "roomNumber": "6-517", "roomName": "6-517 WC", "roomType": "social", "floorId": 19, "level": 6, "fillSource": "mvt"}, "geometry": {"type": "Polygon", "coordinates": [[[19.063098485028046, 47.4720620130763], [19.063103346531886, 47.472078330482226], [19.063092952971953, 47.47207969026582], [19.063088091468114, 47.47206348617565], [19.063098485028046, 47.4720620130763]]]}}, {"type": "Feature", "properties": {"id": 3099, "roomCode": "LD-6-518-01-14", "roomNumber": "6-518", "roomName": "6-518 Hidegszoba", "roomType": "educational", "floorId": 19, "level": 6, "fillSource": "mvt"}, "geometry": {"type": "Polygon", "coordinates": [[[19.06307572304975, 47.47208791228783], [19.06308309912454, 47.47211204846599], [19.06304789513122, 47.47211680771108], [19.063040686694492, 47.47209267153511], [19.06307572304975, 47.47208791228783]]]}}, {"type": "Feature", "properties": {"id": 2994, "roomCode": "LD-6-519-01-14", "roomNumber": "6-519", "roomName": "6-519 L\u00e9gyszoba", "roomType": "educational", "floorId": 19, "level": 6, "fillSource": "mvt"}, "geometry": {"type": "Polygon", "coordinates": [[[19.063064529026327, 47.4720817155677], [19.063072743291436, 47.47210902459115], [19.063033683622656, 47.472114350415644], [19.0630417302497, 47.4721410928454], [19.063012561226664, 47.47214517219789], [19.06300401168543, 47.47214143279145], [19.062989091897784, 47.47209214059077], [19.063064529026327, 47.4720817155677]]]}}, {"type": "Feature", "properties": {"id": 2722, "roomCode": "LD-6-520-01-14", "roomNumber": "6-520", "roomName": "6-520 Molekul\u00e1ris genetika \u00e9s sejtbiol\u00f3gia", "roomType": "educational", "floorId": 19, "level": 6, "fillSource": "mvt"}, "geometry": {"type": "Polygon", "coordinates": [[[19.06304683433144, 47.47216354216365], [19.063066950899053, 47.472230510529684], [19.062988496285367, 47.472230510529684], [19.062979946744132, 47.4722019555008], [19.063023532640624, 47.47219606319132], [19.06301498309939, 47.47216784808485], [19.06304683433144, 47.47216354216365]]]}}, {"type": "Feature", "properties": {"id": 3655, "roomCode": "LD-6-521-01-13", "roomNumber": "6-521", "roomName": "6-521 Oktat\u00f3", "roomType": "educational", "floorId": 19, "level": 6, "fillSource": "mvt"}, "geometry": {"type": "Polygon", "coordinates": [[[19.063026723263437, 47.47213648260815], [19.063034937528545, 47.47216379164385], [19.06299269273656, 47.47216957073258], [19.062984478471453, 47.4721423750154], [19.063026723263437, 47.47213648260815]]]}}, {"type": "Feature", "properties": {"id": 2575, "roomCode": "LD-6-522-01-13", "roomNumber": "6-522", "roomName": "6-522 Oktat\u00f3", "roomType": "educational", "floorId": 19, "level": 6, "fillSource": "mvt"}, "geometry": {"type": "Polygon", "coordinates": [[[19.063001337263437, 47.472220883531136], [19.063009551528545, 47.47224807881462], [19.06296730673656, 47.472253971124196], [19.062959092471452, 47.472226662530055], [19.063001337263437, 47.472220883531136]]]}}, {"type": "Feature", "properties": {"id": 3226, "roomCode": "LD-6-523-01-13", "roomNumber": "6-523", "roomName": "6-523 Oktat\u00f3", "roomType": "educational", "floorId": 19, "level": 6, "fillSource": "mvt"}, "geometry": {"type": "Polygon", "coordinates": [[[19.0630260665222, 47.472249045202204], [19.06303428078731, 47.47227578724746], [19.062958843658766, 47.47228609879518], [19.06295079703172, 47.47225935675517], [19.0630260665222, 47.472249045202204]]]}}, {"type": "Feature", "properties": {"id": 2887, "roomCode": "LD-6-524-05-71", "roomNumber": "6-524", "roomName": "6-524 F\u00e9rfi WC el\u0151t\u00e9r", "roomType": "social", "floorId": 19, "level": 6, "fillSource": "mvt"}, "geometry": {"type": "Polygon", "coordinates": [[[19.063010840121535, 47.47231094124854], [19.06301737800601, 47.47233292413857], [19.062986867878465, 47.47233711675059], [19.06298032999399, 47.472315133862296], [19.063010840121535, 47.47231094124854]]]}}, {"type": "Feature", "properties": {"id": 3088, "roomCode": "LD-6-525-05-71 (1)", "roomNumber": "6-525", "roomName": "6-525 F\u00e9rfi WC csoport", "roomType": "social", "floorId": 19, "level": 6, "fillSource": "mvt"}, "geometry": {"type": "Polygon", "coordinates": [[[19.062986255986736, 47.47229811888817], [19.06299279387121, 47.472320101776404], [19.062955410583065, 47.472325314212476], [19.06294987852697, 47.47233086658946], [19.062941161347673, 47.47232690060596], [19.062947531594084, 47.472320328404074], [19.062942670090244, 47.4723041245235], [19.062986255986736, 47.47229811888817]]]}}, {"type": "Feature", "properties": {"id": 3087, "roomCode": "LD-6-525-05-71 (2)", "roomNumber": "6-525", "roomName": "6-525 F\u00e9rfi WC csoport", "roomType": "social", "floorId": 19, "level": 6, "fillSource": "mvt"}, "geometry": {"type": "Polygon", "coordinates": [[[19.063083266519197, 47.472021222529435], [19.063091983698495, 47.472050117921334], [19.063076225720533, 47.472052270910694], [19.0630745493399, 47.47204660514905], [19.06301738476027, 47.47205453721517], [19.063010343961604, 47.472031194274315], [19.063083266519197, 47.472021222529435]]]}}, {"type": "Feature", "properties": {"id": 3211, "roomCode": "LD-6-526-04-63", "roomNumber": "6-526", "roomName": "6-526 El\u0151t\u00e9r", "roomType": "corridor", "floorId": 19, "level": 6, "fillSource": "mvt"}, "geometry": {"type": "Polygon", "coordinates": [[[19.06300442074769, 47.47229886522371], [19.06300794114702, 47.472310649861356], [19.062993524273566, 47.47231450253077], [19.062989668598107, 47.47230181138337], [19.062991680254868, 47.472301584755705], [19.06299134497874, 47.47230067824506], [19.06300442074769, 47.47229886522371]]]}}, {"type": "Feature", "properties": {"id": 3451, "roomCode": "LD-6-527-05-73", "roomNumber": "6-527", "roomName": "6-527 F\u00e9rfi \u00f6lt\u00f6z\u0151", "roomType": "social", "floorId": 19, "level": 6, "fillSource": "mvt"}, "geometry": {"type": "Polygon", "coordinates": [[[19.062989981561667, 47.472277855229166], [19.06299786055065, 47.472304144030986], [19.062954274654157, 47.472310149660586], [19.062947736769683, 47.472288620041844], [19.06295343646384, 47.47228284103742], [19.062989981561667, 47.472277855229166]]]}}, {"type": "Feature", "properties": {"id": 2655, "roomCode": "LD-6-528-05-71", "roomNumber": "6-528", "roomName": "6-528 Mosd\u00f3-zuhany", "roomType": "social", "floorId": 19, "level": 6, "fillSource": "mvt"}, "geometry": {"type": "Polygon", "coordinates": [[[19.063003816593877, 47.4722825052337], [19.0630059958887, 47.47228998394455], [19.063017730553142, 47.472288397551424], [19.063019909847966, 47.47229542300631], [19.06299325539588, 47.47229916236095], [19.062989399720422, 47.47228635790306], [19.063003816593877, 47.4722825052337]]]}}, {"type": "Feature", "properties": {"id": 2970, "roomCode": "LD-6-529-05-71", "roomNumber": "6-529", "roomName": "6-529 WC", "roomType": "social", "floorId": 19, "level": 6, "fillSource": "mvt"}, "geometry": {"type": "Polygon", "coordinates": [[[19.06301405575192, 47.472293043040956], [19.063019587808014, 47.47231139987943], [19.06300919424808, 47.47231287295879], [19.06300366219199, 47.472294516120826], [19.06301405575192, 47.472293043040956]]]}}, {"type": "Feature", "properties": {"id": 3349, "roomCode": "LD-6-601-01-13", "roomNumber": "6-601", "roomName": "6-601 Oktat\u00f3", "roomType": "educational", "floorId": 19, "level": 6, "fillSource": "mvt"}, "geometry": {"type": "Polygon", "coordinates": [[[19.063117613216694, 47.47194586386541], [19.06313303591853, 47.47199674235185], [19.063092802783306, 47.472002294789476], [19.06307738008147, 47.471951302993254], [19.063117613216694, 47.47194586386541]]]}}, {"type": "Feature", "properties": {"id": 2827, "roomCode": "LD-6-602-01-13", "roomNumber": "6-602", "roomName": "6-602 Oktat\u00f3", "roomType": "educational", "floorId": 19, "level": 6, "fillSource": "mvt"}, "geometry": {"type": "Polygon", "coordinates": [[[19.06307606312621, 47.47194005888215], [19.063091485828046, 47.47199105067814], [19.06305108505476, 47.471996603115166], [19.063035829990987, 47.47194561132455], [19.06307606312621, 47.47194005888215]]]}}, {"type": "Feature", "properties": {"id": 3374, "roomCode": "LD-6-603-01-14", "roomNumber": "6-603", "roomName": "6-603 Neuronpusztul\u00e1st vizsg\u00e1l\u00f3 labor", "roomType": "educational", "floorId": 19, "level": 6, "fillSource": "mvt"}, "geometry": {"type": "Polygon", "coordinates": [[[19.063034461246076, 47.47192858935085], [19.06304988394791, 47.47197958114136], [19.062967908934894, 47.47199091264364], [19.062952653871122, 47.47193992086413], [19.063034461246076, 47.47192858935085]]]}}, {"type": "Feature", "properties": {"id": 3448, "roomCode": "LD-6-605-01-14", "roomNumber": "6-605", "roomName": "6-605 Sejt\u00e9lettani labor", "roomType": "educational", "floorId": 19, "level": 6, "fillSource": "mvt"}, "geometry": {"type": "Polygon", "coordinates": [[[19.062966676194765, 47.47191511573474], [19.062981931258538, 47.471966107514135], [19.062900123883583, 47.47197743901395], [19.062891741980412, 47.47194967683507], [19.06285016774068, 47.471955455902076], [19.062843126942017, 47.47193211300004], [19.062966676194765, 47.47191511573474]]]}}, {"type": "Feature", "properties": {"id": 2403, "roomCode": "LD-6-606-01-14", "roomNumber": "6-606", "roomName": "6-606 Sejtek", "roomType": "educational", "floorId": 19, "level": 6, "fillSource": "mvt"}, "geometry": {"type": "Polygon", "coordinates": [[[19.062875382254088, 47.471911503610585], [19.062883428881133, 47.471938245954], [19.06284319574591, 47.47194379838801], [19.062835149118865, 47.47191705604742], [19.062875382254088, 47.471911503610585]]]}}, {"type": "Feature", "properties": {"id": 3409, "roomCode": "LD-6-607-01-14", "roomNumber": "6-607", "roomName": "6-607 Sz\u00f6vetteny\u00e9szt\u0151 labor", "roomType": "educational", "floorId": 19, "level": 6, "fillSource": "mvt"}, "geometry": {"type": "Polygon", "coordinates": [[[19.062826290945242, 47.47190604717459], [19.062841546009015, 47.471956585676956], [19.06280131287379, 47.47196202479539], [19.062785890171956, 47.47191114635305], [19.062826290945242, 47.47190604717459]]]}}, {"type": "Feature", "properties": {"id": 3060, "roomCode": "LD-6-608-01-13", "roomNumber": "6-608", "roomName": "6-608 Oktat\u00f3", "roomType": "educational", "floorId": 19, "level": 6, "fillSource": "mvt"}, "geometry": {"type": "Polygon", "coordinates": [[[19.062790025516193, 47.47190005821802], [19.062800251438063, 47.47193427934738], [19.06276001830284, 47.47193983178018], [19.062749624742906, 47.47190561065443], [19.062790025516193, 47.47190005821802]]]}}, {"type": "Feature", "properties": {"id": 3668, "roomCode": "LD-6-609-01-14", "roomNumber": "6-609", "roomName": "6-609 H\u0171t\u0151szoba", "roomType": "educational", "floorId": 19, "level": 6, "fillSource": "mvt"}, "geometry": {"type": "Polygon", "coordinates": [[[19.06278499054424, 47.471935154727554], [19.062789684410017, 47.4719510188351], [19.062749451274794, 47.47195657127161], [19.062744589770954, 47.47194070716574], [19.06278499054424, 47.471935154727554]]]}}, {"type": "Feature", "properties": {"id": 3617, "roomCode": "LD-6-610-01-14", "roomNumber": "6-610", "roomName": "6-610 Tiszta labor", "roomType": "educational", "floorId": 19, "level": 6, "fillSource": "mvt"}, "geometry": {"type": "Polygon", "coordinates": [[[19.062743313246074, 47.47188860603214], [19.06275873594791, 47.47193959778372], [19.06267676093489, 47.47195081596243], [19.06266150587112, 47.47189982422172], [19.062743313246074, 47.47188860603214]]]}}, {"type": "Feature", "properties": {"id": 3359, "roomCode": "LD-6-611-01-14", "roomNumber": "6-611", "roomName": "6-611 Nagytisztas\u00e1g\u00fa mikrobiol\u00f3giai laborat\u00f3rium", "roomType": "educational", "floorId": 19, "level": 6, "fillSource": "mvt"}, "geometry": {"type": "Polygon", "coordinates": [[[19.062660107402337, 47.471925811427425], [19.06266312488748, 47.471935443204416], [19.062634458778632, 47.47193940922972], [19.062631608931554, 47.471929664138436], [19.062660107402337, 47.471925811427425]]]}}, {"type": "Feature", "properties": {"id": 2672, "roomCode": "LD-6-612-05-71", "roomNumber": "6-612", "roomName": "6-612 WC", "roomType": "social", "floorId": 19, "level": 6, "fillSource": "mvt"}, "geometry": {"type": "Polygon", "coordinates": [[[19.062630300856426, 47.47192417056429], [19.062633150703505, 47.47193380234054], [19.062622757143572, 47.47193527543558], [19.062619907296494, 47.471925643659596], [19.062630300856426, 47.47192417056429]]]}}, {"type": "Feature", "properties": {"id": 2912, "roomCode": "LD-6-613-05-73", "roomNumber": "6-613", "roomName": "6-613 Fekete \u00f6lt\u00f6z\u0151", "roomType": "social", "floorId": 19, "level": 6, "fillSource": "mvt"}, "geometry": {"type": "Polygon", "coordinates": [[[19.062667890305065, 47.47191166391438], [19.062667890305065, 47.47192605491882], [19.062651294136785, 47.47192832121837], [19.062648947203897, 47.47192084242947], [19.06264123585298, 47.47192197557937], [19.062639224196218, 47.471915629939616], [19.062667890305065, 47.47191166391438]]]}}, {"type": "Feature", "properties": {"id": 3160, "roomCode": "LD-6-614-05-71", "roomNumber": "6-614", "roomName": "6-614 Zuhanyoz\u00f3", "roomType": "social", "floorId": 19, "level": 6, "fillSource": "mvt"}, "geometry": {"type": "Polygon", "coordinates": [[[19.062631385781636, 47.471895681997886], [19.06263356507646, 47.471902934157534], [19.062641276427378, 47.471901914322636], [19.062645467378964, 47.47191596537939], [19.062637756028046, 47.471916985213994], [19.06263993532287, 47.471924237370715], [19.062629541762938, 47.471925710464916], [19.062620992221703, 47.4718971550929], [19.062631385781636, 47.471895681997886]]]}}, {"type": "Feature", "properties": {"id": 3658, "roomCode": "LD-6-615-05-73", "roomNumber": "6-615", "roomName": "6-615 Feh\u00e9r \u00f6lt\u00f6z\u0151", "roomType": "social", "floorId": 19, "level": 6, "fillSource": "mvt"}, "geometry": {"type": "Polygon", "coordinates": [[[19.06267350446091, 47.47189509078589], [19.062677527774433, 47.47190891521156], [19.06264902930365, 47.47191288123463], [19.06264752056108, 47.47190800869195], [19.06264752056108, 47.47190630896765], [19.06265489663587, 47.471905402448], [19.06265254970298, 47.4718979236603], [19.06267350446091, 47.47189509078589]]]}}, {"type": "Feature", "properties": {"id": 3260, "roomCode": "LD-6-616-04-63", "roomNumber": "6-616", "roomName": "6-616 El\u0151t\u00e9r", "roomType": "corridor", "floorId": 19, "level": 6, "fillSource": "mvt"}, "geometry": {"type": "Polygon", "coordinates": [[[19.06266858387813, 47.4718834102559], [19.06266858387813, 47.47189474174919], [19.062640420683472, 47.47189870777126], [19.062637235560267, 47.47188771622364], [19.06266858387813, 47.4718834102559]]]}}, {"type": "Feature", "properties": {"id": 2871, "roomCode": "LD-6-617-04-64", "roomNumber": "6-617", "roomName": "6-617 L\u00e9pcs\u0151h\u00e1z", "roomType": "corridor", "floorId": 19, "level": 6, "fillSource": "mvt"}, "geometry": {"type": "Polygon", "coordinates": [[[19.06267558801113, 47.471964778151694], [19.06267558801113, 47.471989140907], [19.062646754264218, 47.47199310693586], [19.062648598282916, 47.47199888600596], [19.062632840304953, 47.4720010389927], [19.062624123125655, 47.47197191700674], [19.06267558801113, 47.471964778151694]]]}}, {"type": "Feature", "properties": {"id": 3659, "roomCode": "LD-6-619-01-13", "roomNumber": "6-619", "roomName": "6-619 Oktat\u00f3", "roomType": "educational", "floorId": 19, "level": 6, "fillSource": "mvt"}, "geometry": {"type": "Polygon", "coordinates": [[[19.06272022091085, 47.472007773684375], [19.062728267537896, 47.47203462939132], [19.06268987842137, 47.47203995520498], [19.062683340536896, 47.47201797205571], [19.06268887259299, 47.47201207966363], [19.06272022091085, 47.472007773684375]]]}}, {"type": "Feature", "properties": {"id": 3508, "roomCode": "LD-6-620-01-14", "roomNumber": "6-620", "roomName": "6-620 Anaerob bakteriol\u00f3giai laborat\u00f3rium", "roomType": "educational", "floorId": 19, "level": 6, "fillSource": "mvt"}, "geometry": {"type": "Polygon", "coordinates": [[[19.062800138065107, 47.47198793230217], [19.06281539312888, 47.47203881083491], [19.062733585753925, 47.472050142349964], [19.06271816305209, 47.47199915051295], [19.062800138065107, 47.47198793230217]]]}}, {"type": "Feature", "properties": {"id": 2893, "roomCode": "LD-6-622-01-14", "roomNumber": "6-622", "roomName": "6-622 Fejl\u0151d\u00e9sbiol\u00f3giai labor IV.", "roomType": "educational", "floorId": 19, "level": 6, "fillSource": "mvt"}, "geometry": {"type": "Polygon", "coordinates": [[[19.062924832246075, 47.47200506396318], [19.06294025494791, 47.47205605582779], [19.062858279934893, 47.47206727403137], [19.06284302487112, 47.47201628217764], [19.062924832246075, 47.47200506396318]]]}}, {"type": "Feature", "properties": {"id": 3154, "roomCode": "LD-6-623-01-14", "roomNumber": "6-623", "roomName": "6-623 Mikroszk\u00f3p labor", "roomType": "educational", "floorId": 19, "level": 6, "fillSource": "mvt"}, "geometry": {"type": "Polygon", "coordinates": [[[19.062974790077796, 47.47201651996502], [19.06298183087646, 47.47203974958864], [19.062941430103173, 47.47204530203375], [19.062934556942572, 47.47202207241258], [19.062974790077796, 47.47201651996502]]]}}, {"type": "Feature", "properties": {"id": 2815, "roomCode": "LD-6-623/A-01-14", "roomNumber": "6-623/A", "roomName": "6-623/A Metsz\u0151 szoba", "roomType": "educational", "floorId": 19, "level": 6, "fillSource": "mvt"}, "geometry": {"type": "Polygon", "coordinates": [[[19.06296644425409, 47.472040681570896], [19.062974490881135, 47.47206742398006], [19.062934257745912, 47.472072976427704], [19.062926211118867, 47.47204623402137], [19.06296644425409, 47.472040681570896]]]}}, {"type": "Feature", "properties": {"id": 2519, "roomCode": "LD-6-624-01-13", "roomNumber": "6-624", "roomName": "6-624 Oktat\u00f3", "roomType": "educational", "floorId": 19, "level": 6, "fillSource": "mvt"}, "geometry": {"type": "Polygon", "coordinates": [[[19.062997704123205, 47.47202741728123], [19.06300625366444, 47.472031270002375], [19.063020167623705, 47.47207738931874], [19.062981946145243, 47.47208271513399], [19.062966523443407, 47.47203172326366], [19.062997704123205, 47.47202741728123]]]}}, {"type": "Feature", "properties": {"id": 2991, "roomCode": "LD-6-701-04-63", "roomNumber": "6-701", "roomName": "6-701 K\u00f6zleked\u0151", "roomType": "corridor", "floorId": 19, "level": 6, "fillSource": "mvt"}, "geometry": {"type": "Polygon", "coordinates": [[[19.062575705455487, 47.47188392748957], [19.06257738183612, 47.471889140007306], [19.062566820638125, 47.471890613110055], [19.062572185056155, 47.4719082903398], [19.06258274625415, 47.471906817237546], [19.062585763739293, 47.471917355583514], [19.06257537017936, 47.47191871536993], [19.062580566959326, 47.47193639259022], [19.062591128157322, 47.47193491948876], [19.062594313280528, 47.47194545782908], [19.06258375208253, 47.471946817614786], [19.06258911650056, 47.47196449482561], [19.062599677698557, 47.471963135040376], [19.0626026951837, 47.47197356005963], [19.062592301623766, 47.47197503316002], [19.062597498403733, 47.47199259704598], [19.06260805960173, 47.47199123726147], [19.062611244724934, 47.47200166227516], [19.062600683526938, 47.47200313537475], [19.062606047944968, 47.47202081256663], [19.062616609142964, 47.472019339467536], [19.062619626628106, 47.47202976447565], [19.062609233068173, 47.47203123757445], [19.06261442984814, 47.47204891475689], [19.062624991046135, 47.472047441658574], [19.06262817616934, 47.47205797997634], [19.062617782609408, 47.47205933975913], [19.06263840209121, 47.47212789542887], [19.062669582771008, 47.47212370277065], [19.06267025332326, 47.47212574244226], [19.062696404861157, 47.47212211635934], [19.062696404861157, 47.47214171986714], [19.06267846758837, 47.47214421279824], [19.062680646883194, 47.472151351645756], [19.062665056543295, 47.47215350463132], [19.062663044886534, 47.4721463657841], [19.06263689334864, 47.47214999186535], [19.062639240281527, 47.4721579239172], [19.06265164549822, 47.472156224191906], [19.062667068200057, 47.47220721592689], [19.06262080009455, 47.47221356156156], [19.062610909448807, 47.47218036028597], [19.062621470646803, 47.47217888719134], [19.062620464818423, 47.47217605431695], [19.06261007125849, 47.472177527411645], [19.062606886135285, 47.47216698911785], [19.06261744733328, 47.47216562933786], [19.06261208291525, 47.47214795219468], [19.062601521717255, 47.47214931197513], [19.06259833659405, 47.47213888699074], [19.062608897792046, 47.472137527210016], [19.062603533374016, 47.47211985005738], [19.062593139814084, 47.47212120983857], [19.06258995469088, 47.4721107848486], [19.062600515888874, 47.47210931175202], [19.062595151470845, 47.47209174790506], [19.06258459027285, 47.47209310768697], [19.062581405149643, 47.47208268269143], [19.06259196634764, 47.472081209594066], [19.06258660192961, 47.47206353242249], [19.062576208369677, 47.472065005520356], [19.062573023246472, 47.47205458051923], [19.062583584444468, 47.47205310742109], [19.062578220026438, 47.472035430240055], [19.062567658828442, 47.472036903338704], [19.062564473705237, 47.47202647833201], [19.062575034903233, 47.47202500523308], [19.062569838123267, 47.472007328042594], [19.06255927692527, 47.472008801142024], [19.062556091802065, 47.47199837612977], [19.06256665300006, 47.47199690303003], [19.06256128858203, 47.471979225830104], [19.062550727384036, 47.471980698930324], [19.06254754226083, 47.47197016059706], [19.062558103458827, 47.47196880081197], [19.06255290667886, 47.47195112360259], [19.062542345480864, 47.47195259670359], [19.06253916035766, 47.47194205836469], [19.062549721555655, 47.47194058526339], [19.062544357137625, 47.47192302136004], [19.06253379593963, 47.47192449446184], [19.062530778454487, 47.4719139561173], [19.06254117201442, 47.47191259633076], [19.062535975234454, 47.47189491910246], [19.062525414036458, 47.471896392205046], [19.062522228913252, 47.471885853854886], [19.06253279011125, 47.47188449406761], [19.06253245483512, 47.47188392748957], [19.062575705455487, 47.47188392748957]]]}}, {"type": "Feature", "properties": {"id": 2870, "roomCode": "LD-6-702-05-71", "roomNumber": "6-702", "roomName": "6-702 F\u00e9rfi WC el\u0151t\u00e9r", "roomType": "social", "floorId": 19, "level": 6, "fillSource": "mvt"}, "geometry": {"type": "Polygon", "coordinates": [[[19.062555188302504, 47.47224829026414], [19.06256189382504, 47.47227027312797], [19.062531383697497, 47.47227446573497], [19.06252467817496, 47.472252482872904], [19.062555188302504, 47.47224829026414]]]}}, {"type": "Feature", "properties": {"id": 2467, "roomCode": "LD-6-703-05-71", "roomNumber": "6-703", "roomName": "6-703 F\u00e9rfi WC csoport", "roomType": "social", "floorId": 19, "level": 6, "fillSource": "mvt"}, "geometry": {"type": "Polygon", "coordinates": [[[19.062590521023086, 47.472249077249344], [19.062595382526926, 47.472265281115696], [19.062605105534605, 47.47226958703738], [19.062599238202385, 47.47227559266442], [19.062591023937276, 47.47227185331182], [19.06255364064913, 47.47227706574263], [19.062546935126594, 47.47225508287871], [19.062590521023086, 47.472249077249344]]]}}, {"type": "Feature", "properties": {"id": 2935, "roomCode": "LD-6-704-04-63", "roomNumber": "6-704", "roomName": "6-704 El\u0151t\u00e9r", "roomType": "corridor", "floorId": 19, "level": 6, "fillSource": "mvt"}, "geometry": {"type": "Polygon", "coordinates": [[[19.062559075872564, 47.47223924208318], [19.062559243510627, 47.47224003527911], [19.062561255167388, 47.4722398086517], [19.062565110842847, 47.47225249978498], [19.062549520502948, 47.472252726412336], [19.062546000103616, 47.47224094178872], [19.062559075872564, 47.47223924208318]]]}}, {"type": "Feature", "properties": {"id": 2790, "roomCode": "LD-6-705-05-73", "roomNumber": "6-705", "roomName": "6-705 F\u00e9rfi \u00f6lt\u00f6z\u0151", "roomType": "social", "floorId": 19, "level": 6, "fillSource": "mvt"}, "geometry": {"type": "Polygon", "coordinates": [[[19.06260883082504, 47.47222458067192], [19.062615201071452, 47.47224554370323], [19.06257161517496, 47.472251549326884], [19.06256524492855, 47.47223058629796], [19.06260883082504, 47.47222458067192]]]}}, {"type": "Feature", "properties": {"id": 3227, "roomCode": "LD-6-706-05-71", "roomNumber": "6-706", "roomName": "6-706 Mosd\u00f3-zuhany", "roomType": "social", "floorId": 19, "level": 6, "fillSource": "mvt"}, "geometry": {"type": "Polygon", "coordinates": [[[19.062569175940567, 47.472220963899844], [19.062573031616026, 47.47223376834347], [19.06254637716394, 47.472237394380045], [19.06254436550718, 47.47223025562031], [19.062555932533556, 47.472228669229125], [19.06255375323873, 47.47222119052718], [19.062569175940567, 47.472220963899844]]]}}, {"type": "Feature", "properties": {"id": 3103, "roomCode": "LD-6-707-05-71", "roomNumber": "6-707", "roomName": "6-707 WC", "roomType": "social", "floorId": 19, "level": 6, "fillSource": "mvt"}, "geometry": {"type": "Polygon", "coordinates": [[[19.06254614075192, 47.47222875070993], [19.062551672808013, 47.47224710752594], [19.06254127924808, 47.47224846728983], [19.062535747191987, 47.4722301104743], [19.06254614075192, 47.47222875070993]]]}}, {"type": "Feature", "properties": {"id": 3492, "roomCode": "LD-6-708-01-14", "roomNumber": "6-708", "roomName": "6-708 Mosogat\u00f3", "roomType": "educational", "floorId": 19, "level": 6, "fillSource": "mvt"}, "geometry": {"type": "Polygon", "coordinates": [[[19.0626153455222, 47.4721924905653], [19.06262355978731, 47.47221934589544], [19.062548122658765, 47.47222965743207], [19.06254007603172, 47.472202802107184], [19.0626153455222, 47.4721924905653]]]}}, {"type": "Feature", "properties": {"id": 3130, "roomCode": "LD-6-709-01-14", "roomNumber": "6-709", "roomName": "6-709 Sterilez\u0151", "roomType": "educational", "floorId": 19, "level": 6, "fillSource": "mvt"}, "geometry": {"type": "Polygon", "coordinates": [[[19.062627132192986, 47.472175317705684], [19.062630149678128, 47.4721858558693], [19.062551695064442, 47.4721858558693], [19.062551695064442, 47.47218574255572], [19.062627132192986, 47.472175317705684]]]}}, {"type": "Feature", "properties": {"id": 2230, "roomCode": "LD-6-710-01-14", "roomNumber": "6-710", "roomName": "6-710 Tiszta sterilez\u0151", "roomType": "educational", "floorId": 19, "level": 6, "fillSource": "mvt"}, "geometry": {"type": "Polygon", "coordinates": [[[19.062632283341234, 47.47213624029694], [19.06264032996828, 47.47216354933488], [19.062565060477798, 47.47217386104261], [19.06255684621269, 47.472146665325546], [19.062632283341234, 47.47213624029694]]]}}, {"type": "Feature", "properties": {"id": 3398, "roomCode": "LD-6-711-01-14", "roomNumber": "6-711", "roomName": "6-711 Genomikai Laborat\u00f3rium", "roomType": "educational", "floorId": 19, "level": 6, "fillSource": "mvt"}, "geometry": {"type": "Polygon", "coordinates": [[[19.062640701570615, 47.47208001720006], [19.062657297738895, 47.472135428440076], [19.062582028248414, 47.47214574013678], [19.06256526444207, 47.47209044222309], [19.062640701570615, 47.47208001720006]]]}}, {"type": "Feature", "properties": {"id": 3605, "roomCode": "LD-6-712-01-14", "roomNumber": "6-712", "roomName": "6-712 M\u0171szer szoba", "roomType": "educational", "floorId": 19, "level": 6, "fillSource": "mvt"}, "geometry": {"type": "Polygon", "coordinates": [[[19.062614063483473, 47.47205196284244], [19.06262227774858, 47.47207915851811], [19.06259042651653, 47.472083577814075], [19.06258221225142, 47.47205626882536], [19.062614063483473, 47.47205196284244]]]}}, {"type": "Feature", "properties": {"id": 2732, "roomCode": "LD-6-713-01-13", "roomNumber": "6-713", "roomName": "6-713 Oktat\u00f3", "roomType": "educational", "floorId": 19, "level": 6, "fillSource": "mvt"}, "geometry": {"type": "Polygon", "coordinates": [[[19.06265356318611, 47.47205599503754], [19.062659262880267, 47.47207480538353], [19.062659262880267, 47.47208353066221], [19.062619532659234, 47.472088969796246], [19.062611318394126, 47.47206177412046], [19.06265356318611, 47.47205599503754]]]}}, {"type": "Feature", "properties": {"id": 3219, "roomCode": "LD-6-714-01-14", "roomNumber": "6-714", "roomName": "6-714 M\u0171szer szoba", "roomType": "educational", "floorId": 19, "level": 6, "fillSource": "mvt"}, "geometry": {"type": "Polygon", "coordinates": [[[19.06264018379272, 47.47202704326428], [19.06264655403913, 47.47204811990528], [19.062640854344973, 47.47205389898279], [19.062616043911586, 47.47205729843986], [19.062616043911586, 47.47203032940779], [19.06264018379272, 47.47202704326428]]]}}, {"type": "Feature", "properties": {"id": 3116, "roomCode": "LD-6-715-04-63", "roomNumber": "6-715", "roomName": "6-715 El\u0151t\u00e9r", "roomType": "corridor", "floorId": 19, "level": 6, "fillSource": "mvt"}, "geometry": {"type": "Polygon", "coordinates": [[[19.062637355957595, 47.47201097241348], [19.062640708718863, 47.47202196398929], [19.062591926042405, 47.472028649585816], [19.062588573281136, 47.47201765801142], [19.062637355957595, 47.47201097241348]]]}}, {"type": "Feature", "properties": {"id": 2271, "roomCode": "LD-6-716-05-71", "roomNumber": "6-716", "roomName": "6-716 WC", "roomType": "social", "floorId": 19, "level": 6, "fillSource": "mvt"}, "geometry": {"type": "Polygon", "coordinates": [[[19.062603136209013, 47.47199390208778], [19.062608165350916, 47.47201021947257], [19.062597771790983, 47.47201157925441], [19.06259274264908, 47.47199537518523], [19.062603136209013, 47.47199390208778]]]}}, {"type": "Feature", "properties": {"id": 2659, "roomCode": "LD-6-717-05-71", "roomNumber": "6-717", "roomName": "6-717 WC", "roomType": "social", "floorId": 19, "level": 6, "fillSource": "mvt"}, "geometry": {"type": "Polygon", "coordinates": [[[19.062614862209013, 47.47199550908752], [19.062619891350916, 47.472011826472794], [19.062609497790984, 47.47201318625468], [19.06260446864908, 47.47199698218501], [19.062614862209013, 47.47199550908752]]]}}, {"type": "Feature", "properties": {"id": 2590, "roomCode": "LD-6-718-01-14", "roomNumber": "6-718", "roomName": "6-718 M\u0171szer szoba", "roomType": "educational", "floorId": 19, "level": 6, "fillSource": "mvt"}, "geometry": {"type": "Polygon", "coordinates": [[[19.062671188274457, 47.47200336135034], [19.062679905453756, 47.47200732738384], [19.06267470867379, 47.47201265319979], [19.06268158183439, 47.4720358828162], [19.062644533822372, 47.472040868683756], [19.062639337042405, 47.47202341814525], [19.062639337042405, 47.472012313254105], [19.062665823856427, 47.472008687166685], [19.062671188274457, 47.47200336135034]]]}}, {"type": "Feature", "properties": {"id": 2342, "roomCode": "LD-6-719-01-14", "roomNumber": "6-719", "roomName": "6-719 Kemotaxon\u00f3miai \u00e9s biok\u00e9miai laborat\u00f3rium", "roomType": "educational", "floorId": 19, "level": 6, "fillSource": "mvt"}, "geometry": {"type": "Polygon", "coordinates": [[[19.06256993548013, 47.471865815292965], [19.06258653164841, 47.47192077304699], [19.062511094519866, 47.471931084701644], [19.062494498351587, 47.471876126958406], [19.06256993548013, 47.471865815292965]]]}}, {"type": "Feature", "properties": {"id": 2836, "roomCode": "LD-6-720-01-14", "roomNumber": "6-720", "roomName": "6-720 H\u0171t\u0151szoba", "roomType": "educational", "floorId": 19, "level": 6, "fillSource": "mvt"}, "geometry": {"type": "Polygon", "coordinates": [[[19.06256039650217, 47.47192781078383], [19.06256810785309, 47.471953306669384], [19.062533071497832, 47.47195817921499], [19.062525360146914, 47.47193268333181], [19.06256039650217, 47.47192781078383]]]}}, {"type": "Feature", "properties": {"id": 3133, "roomCode": "LD-6-721-01-13", "roomNumber": "6-721", "roomName": "6-721 Oktat\u00f3", "roomType": "educational", "floorId": 19, "level": 6, "fillSource": "mvt"}, "geometry": {"type": "Polygon", "coordinates": [[[19.06252247259733, 47.47192157460754], [19.062530686862438, 47.471948883531134], [19.062494309402673, 47.47195386939117], [19.062486095137565, 47.471926560470166], [19.06252247259733, 47.47192157460754]]]}}, {"type": "Feature", "properties": {"id": 2466, "roomCode": "LD-6-722-01-14", "roomNumber": "6-722", "roomName": "6-722 Termoszt\u00e1t szoba", "roomType": "educational", "floorId": 19, "level": 6, "fillSource": "mvt"}, "geometry": {"type": "Polygon", "coordinates": [[[19.062551976411687, 47.47195592477571], [19.062559687762604, 47.4719814206749], [19.062524483769284, 47.47198629322311], [19.06251694005643, 47.47196079732629], [19.062551976411687, 47.47195592477571]]]}}, {"type": "Feature", "properties": {"id": 3575, "roomCode": "LD-6-723-01-13", "roomNumber": "6-723", "roomName": "6-723 Oktat\u00f3", "roomType": "educational", "floorId": 19, "level": 6, "fillSource": "mvt"}, "geometry": {"type": "Polygon", "coordinates": [[[19.06251401059733, 47.471949716927675], [19.062522224862438, 47.4719769125508], [19.062485847402673, 47.47198201172858], [19.062477633137565, 47.47195470279297], [19.06251401059733, 47.471949716927675]]]}}, {"type": "Feature", "properties": {"id": 3809, "roomCode": "LD-6-724-01-14", "roomNumber": "6-724", "roomName": "6-724 Molekul\u00e1ris \u00f6kol\u00f3giai laborat\u00f3rium", "roomType": "educational", "floorId": 19, "level": 6, "fillSource": "mvt"}, "geometry": {"type": "Polygon", "coordinates": [[[19.062536110570615, 47.47197788425047], [19.062552706738895, 47.472033182067456], [19.062477437248415, 47.4720434937441], [19.06246067344207, 47.47198819593797], [19.062536110570615, 47.47197788425047]]]}}, {"type": "Feature", "properties": {"id": 2635, "roomCode": "LD-6-725-01-14", "roomNumber": "6-725", "roomName": "6-725 K\u00f6rnyezetmikrobiol\u00f3giai laborat\u00f3rium", "roomType": "educational", "floorId": 19, "level": 6, "fillSource": "mvt"}, "geometry": {"type": "Polygon", "coordinates": [[[19.0625191446611, 47.472034028228855], [19.062535908467442, 47.47208943942036], [19.0624604713389, 47.47209975110803], [19.062443707532555, 47.47204445324276], [19.0625191446611, 47.472034028228855]]]}}, {"type": "Feature", "properties": {"id": 2619, "roomCode": "LD-6-726-01-14", "roomNumber": "6-726", "roomName": "6-726 Termoszt\u00e1t szoba", "roomType": "educational", "floorId": 19, "level": 6, "fillSource": "mvt"}, "geometry": {"type": "Polygon", "coordinates": [[[19.06250962350217, 47.472096582721655], [19.062517334853087, 47.472121965373624], [19.06248229849783, 47.47212683793487], [19.062474587146912, 47.47210134196983], [19.06250962350217, 47.472096582721655]]]}}, {"type": "Feature", "properties": {"id": 2513, "roomCode": "LD-6-727-01-13", "roomNumber": "6-727", "roomName": "6-727 Oktat\u00f3", "roomType": "educational", "floorId": 19, "level": 6, "fillSource": "mvt"}, "geometry": {"type": "Polygon", "coordinates": [[[19.062471699597328, 47.472090317213414], [19.062479913862436, 47.47211751290926], [19.06244353640267, 47.472122498785296], [19.062435322137564, 47.47209530309204], [19.062471699597328, 47.472090317213414]]]}}, {"type": "Feature", "properties": {"id": 2904, "roomCode": "LD-6-728-01-14", "roomNumber": "6-728", "roomName": "6-728 T\u00e1ptalaj laborat\u00f3rium", "roomType": "educational", "floorId": 19, "level": 6, "fillSource": "mvt"}, "geometry": {"type": "Polygon", "coordinates": [[[19.062502264431718, 47.47211839363222], [19.062510478696826, 47.472145589345416], [19.062435041568282, 47.47215601436508], [19.062426827303174, 47.47212881865728], [19.062502264431718, 47.47211839363222]]]}}, {"type": "Feature", "properties": {"id": 3350, "roomCode": "LD-6-729-01-14", "roomNumber": "6-729", "roomName": "6-729 El\u0151k\u00e9sz\u00edt\u0151 laborat\u00f3rium", "roomType": "educational", "floorId": 19, "level": 6, "fillSource": "mvt"}, "geometry": {"type": "Polygon", "coordinates": [[[19.062493801431717, 47.47214653595105], [19.062502015696825, 47.472173731678794], [19.06242657856828, 47.472184156704024], [19.062418364303173, 47.47215684766614], [19.062493801431717, 47.47214653595105]]]}}, {"type": "Feature", "properties": {"id": 3135, "roomCode": "LD-6-730-01-14", "roomNumber": "6-730", "roomName": "6-730 Mikrobiol. gyakorl\u00f3 - B\u00e1nhegyi J\u00f3zsef terem", "roomType": "educational", "floorId": 19, "level": 6, "fillSource": "mvt"}, "geometry": {"type": "Polygon", "coordinates": [[[19.06246179186711, 47.47218050521632], [19.062493307823036, 47.47228554700617], [19.062414685571287, 47.47228554700617], [19.062386354738567, 47.47219081677133], [19.06246179186711, 47.47218050521632]]]}}, {"type": "Feature", "properties": {"id": 2453, "roomCode": "LD-7-101-04-63", "roomNumber": "7-101", "roomName": "7-101 K\u00f6zleked\u0151", "roomType": "corridor", "floorId": 23, "level": 7, "fillSource": "mvt"}, "geometry": {"type": "Polygon", "coordinates": [[[19.06282617454832, 47.47220370495326], [19.06283103605216, 47.472220475484434], [19.062841597250156, 47.47221900239745], [19.06284478237336, 47.47222954063418], [19.062834221175365, 47.472230900406515], [19.06283941795533, 47.47224857744358], [19.062849979153327, 47.472247104357386], [19.062853164276532, 47.47225752927419], [19.062842603078536, 47.47225900236009], [19.062847967496566, 47.47227667938771], [19.062858528694562, 47.4722752063023], [19.062861713817767, 47.47228563121352], [19.06285115261977, 47.47228710429864], [19.062856349399738, 47.4723047813168], [19.062866910597734, 47.472303308232185], [19.06287009572094, 47.47231384645201], [19.062859534522943, 47.47231520622216], [19.062865066579036, 47.47233288323087], [19.06287546013897, 47.472331410147035], [19.062878645262174, 47.472341948361226], [19.062868084064178, 47.472343308130654], [19.062873448482208, 47.47236098512991], [19.06288384204214, 47.472359512046864], [19.062887027165345, 47.472370050255435], [19.062876633605413, 47.472371523338175], [19.06287948345249, 47.47238070177591], [19.06296648760741, 47.47236880380077], [19.06297470187252, 47.472395999168576], [19.062887530079536, 47.47240789713757], [19.062890379926614, 47.472417188882915], [19.062900773486547, 47.47241571580144], [19.062903958609752, 47.472426253998734], [19.06289356504982, 47.47242772707991], [19.06289892946785, 47.47244529073687], [19.06290932302778, 47.47244381765619], [19.062912340512923, 47.47245435584785], [19.06290194695299, 47.472455828928226], [19.062906976094894, 47.47247248606511], [19.062875795415096, 47.472476791990786], [19.062873448482208, 47.472468860022154], [19.062863054922275, 47.47247021978829], [19.06286037271326, 47.4724616079355], [19.062870766273193, 47.47246013485528], [19.062858528694562, 47.47241922853411], [19.06276515429323, 47.47243214632318], [19.062761969170026, 47.472422061382865], [19.062754090181045, 47.472423081208376], [19.06275626947587, 47.47243010667249], [19.06274067913597, 47.4724322596371], [19.062738499841146, 47.47242512085934], [19.06271234830325, 47.472428746905315], [19.062714527598075, 47.472435885682586], [19.06269910489624, 47.47243803864696], [19.062696925601415, 47.47243089986999], [19.06267077406352, 47.47243452591556], [19.062672953358344, 47.47244155137814], [19.06265753065651, 47.47244370434229], [19.062655351361684, 47.47243656556608], [19.06262919982379, 47.47244019161126], [19.062631379118613, 47.47244733038698], [19.062615956416778, 47.472449370037005], [19.062613944760017, 47.47244234457546], [19.062587625584058, 47.472445857306354], [19.062589804878883, 47.4724529960813], [19.062574382177047, 47.47245514904499], [19.062572202882222, 47.47244801027033], [19.062546051344327, 47.47245163631472], [19.062548230639152, 47.472458775088874], [19.062532807937316, 47.47246092805232], [19.06253062864249, 47.472453789278454], [19.062504477104596, 47.47245730200858], [19.06250665639942, 47.47246444078198], [19.062491066059522, 47.47246659374518], [19.06248905440276, 47.47245945497208], [19.062486204555682, 47.47245979491368], [19.062486204555682, 47.47243067324213], [19.062496095201425, 47.47242931347497], [19.062498106858186, 47.47243645225216], [19.06252425839608, 47.47243282620673], [19.062522079101257, 47.472425687429045], [19.062537669441156, 47.47242364777809], [19.062539681097917, 47.47243067324213], [19.062565832635812, 47.47242716051023], [19.06256382097905, 47.47242002173177], [19.062579243680887, 47.472417868766655], [19.06258142297571, 47.47242489423146], [19.062607406875543, 47.472421381499174], [19.06260522758072, 47.472414242719935], [19.062620817920617, 47.472412203068544], [19.062622997215442, 47.47241922853411], [19.062648981115274, 47.47241560248749], [19.06264680182045, 47.472408577021426], [19.062662392160348, 47.47240642405584], [19.062664571455173, 47.472413449522186], [19.062690555355005, 47.47240993678913], [19.062688543698243, 47.47240291132232], [19.062704134038142, 47.4724007583565], [19.062706145694904, 47.4724077838236], [19.062732129594735, 47.472404157776175], [19.062730117937974, 47.47239713230859], [19.062745708277873, 47.47239497934254], [19.062747719934634, 47.472402004810405], [19.062755598923616, 47.47240098498448], [19.062752581438474, 47.472390900038185], [19.06284612347787, 47.472377982238974], [19.062833885899238, 47.47233707585386], [19.06282332470124, 47.47233854893753], [19.06282081013029, 47.47232982374902], [19.062831203690223, 47.4723283506651], [19.062820139578037, 47.47229129692528], [19.06280957838004, 47.472292883324464], [19.0628065608949, 47.472282345100425], [19.06281695445483, 47.472280872015176], [19.062811757674865, 47.47226330830326], [19.06280119647687, 47.47226466807472], [19.062798011353664, 47.472254243159334], [19.06280857255166, 47.4722527700733], [19.06280320813363, 47.47223520635199], [19.062792646935634, 47.472236679438524], [19.062789629450492, 47.472226141203215], [19.062800023010425, 47.47222466811639], [19.062794993868522, 47.472208010900964], [19.06282617454832, 47.47220370495326]]]}}, {"type": "Feature", "properties": {"id": 3651, "roomCode": "LD-7-102-01-12", "roomNumber": "7-102", "roomName": "7-102 Juh\u00e1sz-Nagy P\u00e1l terem", "roomType": "educational", "floorId": 23, "level": 7, "fillSource": "mvt"}, "geometry": {"type": "Polygon", "coordinates": [[[19.062910242113922, 47.47229043124512], [19.062924994263504, 47.472339269526124], [19.06292231205449, 47.47234187574402], [19.06284955713496, 47.47235184735912], [19.062834134433125, 47.472300856125614], [19.062910242113922, 47.47229043124512]]]}}, {"type": "Feature", "properties": {"id": 3806, "roomCode": "LD-7-103-01-12", "roomNumber": "7-103", "roomName": "7-103 Andreanszky G\u00e1bor terem", "roomType": "educational", "floorId": 23, "level": 7, "fillSource": "mvt"}, "geometry": {"type": "Polygon", "coordinates": [[[19.062841346065106, 47.47228269534829], [19.06285660112888, 47.472333686581585], [19.062774793753924, 47.47234490464627], [19.06275937105209, 47.472293913423854], [19.062841346065106, 47.47228269534829]]]}}, {"type": "Feature", "properties": {"id": 3810, "roomCode": "LD-7-104-01-14", "roomNumber": "7-104", "roomName": "7-104 \u00c1llatrendszertani labor - Loksa Imre terem", "roomType": "educational", "floorId": 23, "level": 7, "fillSource": "mvt"}, "geometry": {"type": "Polygon", "coordinates": [[[19.062769068041, 47.47226423907456], [19.062784490742835, 47.472315343610624], [19.062660941490087, 47.472332340673695], [19.062652894863042, 47.47230537199773], [19.062652894863042, 47.47228032964338], [19.062769068041, 47.47226423907456]]]}}, {"type": "Feature", "properties": {"id": 2902, "roomCode": "LD-7-106-04-64", "roomNumber": "7-106", "roomName": "7-106 L\u00e9pcs\u0151h\u00e1z", "roomType": "corridor", "floorId": 23, "level": 7, "fillSource": "mvt"}, "geometry": {"type": "Polygon", "coordinates": [[[19.06258311089649, 47.47233608355475], [19.062590151695154, 47.47235931291432], [19.062525275764607, 47.47236826471356], [19.062525778678797, 47.4723699644221], [19.062510188338898, 47.47237211738618], [19.062502644626043, 47.4723470750091], [19.06258311089649, 47.47233608355475]]]}}, {"type": "Feature", "properties": {"id": 3328, "roomCode": "LD-7-109-01-12", "roomNumber": "7-109", "roomName": "7-109 Tanul\u00f3 szoba 16 f\u0151", "roomType": "educational", "floorId": 23, "level": 7, "fillSource": "mvt"}, "geometry": {"type": "Polygon", "coordinates": [[[19.062731721065106, 47.472359138631575], [19.062746976128878, 47.472410016625005], [19.062665168753924, 47.47242134801996], [19.062649746052088, 47.472370356723445], [19.062731721065106, 47.472359138631575]]]}}, {"type": "Feature", "properties": {"id": 3371, "roomCode": "LD-7-110-01-14", "roomNumber": "7-110", "roomName": "7-110 Biol\u00f3gia szakm\u00f3dsz. csop. szem. szoba", "roomType": "educational", "floorId": 23, "level": 7, "fillSource": "mvt"}, "geometry": {"type": "Polygon", "coordinates": [[[19.062874455677328, 47.47237773763607], [19.062879149543104, 47.47237977729015], [19.062893734054622, 47.47242816239432], [19.062734477894363, 47.472450031993525], [19.06271922283059, 47.47239904068591], [19.062874455677328, 47.47237773763607]]]}}, {"type": "Feature", "properties": {"id": 2258, "roomCode": "LD-7-111-04-64", "roomNumber": "7-111", "roomName": "7-111 L\u00e9pcs\u0151h\u00e1z", "roomType": "corridor", "floorId": 23, "level": 7, "fillSource": "mvt"}, "geometry": {"type": "Polygon", "coordinates": [[[19.06297328506466, 47.47239415338279], [19.062980661139452, 47.47241919579173], [19.062965070799553, 47.47242134875846], [19.062964567885363, 47.47241964904789], [19.062899691954815, 47.47242860085626], [19.06289265115615, 47.47240525816289], [19.06297328506466, 47.47239415338279]]]}}, {"type": "Feature", "properties": {"id": 2828, "roomCode": "LD-7-201-04-63", "roomNumber": "7-201", "roomName": "7-201 K\u00f6zleked\u0151", "roomType": "corridor", "floorId": 23, "level": 7, "fillSource": "mvt"}, "geometry": {"type": "Polygon", "coordinates": [[[19.062389151321007, 47.47254997247474], [19.062400215433193, 47.47258668639489], [19.06240926788862, 47.47261671473644], [19.06241966144855, 47.472615241648384], [19.062422846571756, 47.47262577989278], [19.06241228537376, 47.472627252980544], [19.06241764979179, 47.47264493003041], [19.062428210989786, 47.47264345694315], [19.06243139611299, 47.4726538818675], [19.062420834914995, 47.47265535495447], [19.062426199333025, 47.472673031994894], [19.062436592892958, 47.472671558908424], [19.062439778016163, 47.472681983827194], [19.062429216818167, 47.47268345691338], [19.062434581236197, 47.47270113394435], [19.062445142434193, 47.472699660858666], [19.062448327557398, 47.472710085771865], [19.062396359757734, 47.472717337884184], [19.06239317463453, 47.47270679965814], [19.062403735832525, 47.47270532657262], [19.062398371414496, 47.472687649543055], [19.0623878102165, 47.47268912262908], [19.062384625093294, 47.47267869771172], [19.06239518629129, 47.4726772246254], [19.06238982187326, 47.47265954758639], [19.062379428313328, 47.4726610206732], [19.062376243190123, 47.47265059575027], [19.06238680438812, 47.472649122663164], [19.06238143997009, 47.472631445614695], [19.062370878772093, 47.4726329187023], [19.062367693648888, 47.472622493773784], [19.062378254846884, 47.47262102068589], [19.062372890428854, 47.47260334362798], [19.06236249686892, 47.47260481671636], [19.062359311745716, 47.47259439178228], [19.062369872943712, 47.4725929186936], [19.062364508525683, 47.47257524162623], [19.062353947327686, 47.47257671471541], [19.06235076220448, 47.47256617646117], [19.062361323402477, 47.47256481668628], [19.062356797174765, 47.47254997247474], [19.062389151321007, 47.47254997247474]]]}}, {"type": "Feature", "properties": {"id": 2532, "roomCode": "LD-7-202-01-13", "roomNumber": "7-202", "roomName": "7-202 Oktat\u00f3", "roomType": "educational", "floorId": 23, "level": 7, "fillSource": "mvt"}, "geometry": {"type": "Polygon", "coordinates": [[[19.06244302743172, 47.47231516456556], [19.062451241696827, 47.47234247321411], [19.062375804568283, 47.47235278477481], [19.062367590303175, 47.47232558944552], [19.06244302743172, 47.47231516456556]]]}}, {"type": "Feature", "properties": {"id": 2365, "roomCode": "LD-7-204-01-13", "roomNumber": "7-204", "roomName": "7-204 Oktat\u00f3", "roomType": "educational", "floorId": 23, "level": 7, "fillSource": "mvt"}, "geometry": {"type": "Polygon", "coordinates": [[[19.062434480612687, 47.472343278555485], [19.062442694877795, 47.47237058721864], [19.062367425387315, 47.47238089878485], [19.062359211122207, 47.47235370344102], [19.062434480612687, 47.472343278555485]]]}}, {"type": "Feature", "properties": {"id": 3318, "roomCode": "LD-7-205-01-13", "roomNumber": "7-205", "roomName": "7-205 Oktat\u00f3", "roomType": "educational", "floorId": 23, "level": 7, "fillSource": "mvt"}, "geometry": {"type": "Polygon", "coordinates": [[[19.06242610243172, 47.47237142187391], [19.062434316696827, 47.47239861723768], [19.062358879568283, 47.472409042123395], [19.062350665303175, 47.47238184676502], [19.06242610243172, 47.47237142187391]]]}}, {"type": "Feature", "properties": {"id": 2296, "roomCode": "LD-7-206-01-12", "roomNumber": "7-206", "roomName": "7-206 Egyed L\u00e1szl\u00f3 terem", "roomType": "educational", "floorId": 23, "level": 7, "fillSource": "mvt"}, "geometry": {"type": "Polygon", "coordinates": [[[19.062400629980967, 47.4723996616049], [19.062425775690482, 47.47248306080965], [19.062350673838065, 47.472493372386914], [19.062325360490487, 47.47240997319853], [19.062400629980967, 47.4723996616049]]]}}, {"type": "Feature", "properties": {"id": 2824, "roomCode": "LD-7-207-01-12", "roomNumber": "7-207", "roomName": "7-207", "roomType": "educational", "floorId": 23, "level": 7, "fillSource": "mvt"}, "geometry": {"type": "Polygon", "coordinates": [[[19.062383702751585, 47.47248394551402], [19.06240046655793, 47.472539242886754], [19.062325029429385, 47.47254955448055], [19.062308433261105, 47.472494257118676], [19.062383702751585, 47.47248394551402]]]}}, {"type": "Feature", "properties": {"id": 2388, "roomCode": "LD-7-208-01-13", "roomNumber": "7-208", "roomName": "7-208 Oktat\u00f3", "roomType": "educational", "floorId": 23, "level": 7, "fillSource": "mvt"}, "geometry": {"type": "Polygon", "coordinates": [[[19.062375326431717, 47.47254008148493], [19.062383540696825, 47.47256739025036], [19.06230810356828, 47.4725777018552], [19.062299889303173, 47.47255050640951], [19.062375326431717, 47.47254008148493]]]}}, {"type": "Feature", "properties": {"id": 3450, "roomCode": "LD-7-209-01-13", "roomNumber": "7-209", "roomName": "7-209 Oktat\u00f3", "roomType": "educational", "floorId": 23, "level": 7, "fillSource": "mvt"}, "geometry": {"type": "Polygon", "coordinates": [[[19.062366780612685, 47.47256819547486], [19.062374994877793, 47.47259550425489], [19.062299725387312, 47.472605815865236], [19.062291511122204, 47.47257862040501], [19.062366780612685, 47.47256819547486]]]}}, {"type": "Feature", "properties": {"id": 3427, "roomCode": "LD-7-210-01-13", "roomNumber": "7-210", "roomName": "7-210 Oktat\u00f3", "roomType": "educational", "floorId": 23, "level": 7, "fillSource": "mvt"}, "geometry": {"type": "Polygon", "coordinates": [[[19.06235840243172, 47.472596309464784], [19.062366616696828, 47.472623618259426], [19.062291179568284, 47.47263392987528], [19.062282965303176, 47.472606734400514], [19.06235840243172, 47.472596309464784]]]}}, {"type": "Feature", "properties": {"id": 2759, "roomCode": "LD-7-211-01-13", "roomNumber": "7-211", "roomName": "7-211 Oktat\u00f3", "roomType": "educational", "floorId": 23, "level": 7, "fillSource": "mvt"}, "geometry": {"type": "Polygon", "coordinates": [[[19.062349981341235, 47.47262445178334], [19.06235802796828, 47.47265164727805], [19.0622827584778, 47.47266207221396], [19.06227454421269, 47.47263487672464], [19.062349981341235, 47.47262445178334]]]}}, {"type": "Feature", "properties": {"id": 2584, "roomCode": "LD-7-212-02-33", "roomNumber": "7-212", "roomName": "7-212 Geofizika Tansz\u00e9k Titk\u00e1rs\u00e1g", "roomType": "administrative", "floorId": 23, "level": 7, "fillSource": "mvt"}, "geometry": {"type": "Polygon", "coordinates": [[[19.062343975238864, 47.47265005156549], [19.062352189503972, 47.472677246594365], [19.0622988805998, 47.47268461191227], [19.062275746547048, 47.47268461191227], [19.06226853811032, 47.47266036301559], [19.062343975238864, 47.47265005156549]]]}}, {"type": "Feature", "properties": {"id": 2588, "roomCode": "LD-7-213-04-63", "roomNumber": "7-213", "roomName": "7-213 El\u0151t\u00e9r", "roomType": "corridor", "floorId": 23, "level": 7, "fillSource": "mvt"}, "geometry": {"type": "Polygon", "coordinates": [[[19.06245629804808, 47.47261235646847], [19.06245965080935, 47.4726233479759], [19.06241086813289, 47.47263003353084], [19.062407683009685, 47.47261904202481], [19.06245629804808, 47.47261235646847]]]}}, {"type": "Feature", "properties": {"id": 3275, "roomCode": "LD-7-215-05-71", "roomNumber": "7-215", "roomName": "7-215 WC", "roomType": "social", "floorId": 23, "level": 7, "fillSource": "mvt"}, "geometry": {"type": "Polygon", "coordinates": [[[19.062413481028045, 47.472624268138055], [19.062418342531885, 47.47264058543034], [19.062407948971952, 47.472641945204465], [19.062403087468113, 47.47262574122714], [19.062413481028045, 47.472624268138055]]]}}, {"type": "Feature", "properties": {"id": 3593, "roomCode": "LD-7-216-05-71", "roomNumber": "7-216", "roomName": "7-216 WC", "roomType": "social", "floorId": 23, "level": 7, "fillSource": "mvt"}, "geometry": {"type": "Polygon", "coordinates": [[[19.06242524593756, 47.472625886137784], [19.0624301074414, 47.47264220343057], [19.062419713881468, 47.472643563204734], [19.062414684739565, 47.47262735922693], [19.06242524593756, 47.472625886137784]]]}}, {"type": "Feature", "properties": {"id": 2807, "roomCode": "LD-7-217-01-13", "roomNumber": "7-217", "roomName": "7-217 Tansz\u00e9kvezet\u0151", "roomType": "educational", "floorId": 23, "level": 7, "fillSource": "mvt"}, "geometry": {"type": "Polygon", "coordinates": [[[19.062324551570615, 47.472680715642454], [19.062341147738895, 47.472736012245534], [19.062265878248414, 47.472746437008446], [19.06224911444207, 47.47269102710358], [19.062324551570615, 47.472680715642454]]]}}, {"type": "Feature", "properties": {"id": 3228, "roomCode": "LD-7-219-01-14", "roomNumber": "7-219", "roomName": "7-219 Biol\u00f3gia szakm\u00f3dsz. csop. labor", "roomType": "educational", "floorId": 23, "level": 7, "fillSource": "mvt"}, "geometry": {"type": "Polygon", "coordinates": [[[19.062522155848413, 47.472417878586], [19.0625556834611, 47.47252903982224], [19.062480246332555, 47.47253935140309], [19.062446886357932, 47.47242819018866], [19.062522155848413, 47.472417878586]]]}}, {"type": "Feature", "properties": {"id": 2292, "roomCode": "LD-7-220-05-71", "roomNumber": "7-220", "roomName": "7-220 N\u0151i WC el\u0151t\u00e9r", "roomType": "social", "floorId": 23, "level": 7, "fillSource": "mvt"}, "geometry": {"type": "Polygon", "coordinates": [[[19.062519482302502, 47.47236689923459], [19.06252618782504, 47.472388882148046], [19.062495677697495, 47.47239307476452], [19.062488972174958, 47.47237109185282], [19.062519482302502, 47.47236689923459]]]}}, {"type": "Feature", "properties": {"id": 3626, "roomCode": "LD-7-221-05-71", "roomNumber": "7-221", "roomName": "7-221 N\u0151i WC csoport", "roomType": "social", "floorId": 23, "level": 7, "fillSource": "mvt"}, "geometry": {"type": "Polygon", "coordinates": [[[19.06255648262814, 47.47237319795377], [19.0625653674455, 47.47237716394482], [19.062558829561027, 47.47238373615789], [19.062563691064867, 47.472399826745026], [19.062520272806438, 47.47240583238544], [19.0625135672839, 47.472383849471896], [19.06255111821011, 47.47237875034115], [19.06255648262814, 47.47237319795377]]]}}, {"type": "Feature", "properties": {"id": 3038, "roomCode": "LD-7-222-04-63", "roomNumber": "7-222", "roomName": "7-222 El\u0151t\u00e9r", "roomType": "corridor", "floorId": 23, "level": 7, "fillSource": "mvt"}, "geometry": {"type": "Polygon", "coordinates": [[[19.06251532241803, 47.47239185567504], [19.06251917809349, 47.47240454684619], [19.062504258305843, 47.47240669981243], [19.062501073182638, 47.47239582166636], [19.06251532241803, 47.47239185567504]]]}}, {"type": "Feature", "properties": {"id": 2228, "roomCode": "LD-7-223-05-73", "roomNumber": "7-223", "roomName": "7-223 N\u0151i \u00f6lt\u00f6z\u0151", "roomType": "social", "floorId": 23, "level": 7, "fillSource": "mvt"}, "geometry": {"type": "Polygon", "coordinates": [[[19.062555884915525, 47.472400360626814], [19.062562255161936, 47.47242132372824], [19.062518669265444, 47.47242732937198], [19.062512466657097, 47.47240636627295], [19.062555884915525, 47.472400360626814]]]}}, {"type": "Feature", "properties": {"id": 3301, "roomCode": "LD-7-224-05-71", "roomNumber": "7-224", "roomName": "7-224 Mosd\u00f3-zuhany", "roomType": "social", "floorId": 23, "level": 7, "fillSource": "mvt"}, "geometry": {"type": "Polygon", "coordinates": [[[19.062513178604117, 47.47240487250349], [19.062517034279576, 47.47241767699197], [19.06250261740612, 47.47242152966931], [19.062500438111297, 47.47241405094245], [19.062488703446856, 47.47241563733915], [19.062486524152032, 47.472408498553634], [19.062513178604117, 47.47240487250349]]]}}, {"type": "Feature", "properties": {"id": 2211, "roomCode": "LD-7-225-05-71", "roomNumber": "7-225", "roomName": "7-225 WC", "roomType": "social", "floorId": 23, "level": 7, "fillSource": "mvt"}, "geometry": {"type": "Polygon", "coordinates": [[[19.06249722575192, 47.47239113036541], [19.062502757808012, 47.47240960055223], [19.06249236424808, 47.472411073634326], [19.062486832191986, 47.472392603448036], [19.06249722575192, 47.47239113036541]]]}}, {"type": "Feature", "properties": {"id": 3182, "roomCode": "LD-7-227-01-14", "roomNumber": "7-227", "roomName": "7-227 Paleom\u00e1gneses laborat\u00f3rium", "roomType": "educational", "floorId": 23, "level": 7, "fillSource": "mvt"}, "geometry": {"type": "Polygon", "coordinates": [[[19.06247904114702, 47.47256418841966], [19.062488428878574, 47.4725680411126], [19.062494966763047, 47.47258991080546], [19.062503181028156, 47.47261710626575], [19.062427911537675, 47.472627531188465], [19.062411650645522, 47.472573480208055], [19.06247904114702, 47.47256418841966]]]}}, {"type": "Feature", "properties": {"id": 2490, "roomCode": "LD-7-228-01-13", "roomNumber": "7-228", "roomName": "7-228 Oktat\u00f3", "roomType": "educational", "floorId": 23, "level": 7, "fillSource": "mvt"}, "geometry": {"type": "Polygon", "coordinates": [[[19.062513105155592, 47.47252991080301], [19.0625213194207, 47.4725571062487], [19.06244655284441, 47.47256741785151], [19.0624383385793, 47.47254010909679], [19.062513105155592, 47.47252991080301]]]}}, {"type": "Feature", "properties": {"id": 2641, "roomCode": "LD-7-301-04-63", "roomNumber": "7-301", "roomName": "7-301 K\u00f6zleked\u0151", "roomType": "corridor", "floorId": 23, "level": 7, "fillSource": "mvt"}, "geometry": {"type": "Polygon", "coordinates": [[[19.06292951403863, 47.47262138899099], [19.062939572322435, 47.472654476360816], [19.062929178762502, 47.472655949428166], [19.06293001695282, 47.47265878224987], [19.062940410512752, 47.47265742249547], [19.062943595635957, 47.47266796059117], [19.06293303443796, 47.4726693203453], [19.062934543180532, 47.472674192797314], [19.06293839885599, 47.47268688383299], [19.062948792415924, 47.47268552407931], [19.06295197753913, 47.472696062169376], [19.062941416341133, 47.47269742192277], [19.062946780759162, 47.47271509871381], [19.06295734195716, 47.47271362564812], [19.062960527080364, 47.47272416373254], [19.062949965882368, 47.472725523485224], [19.062955330300397, 47.4727432002668], [19.06296572386033, 47.4727417272019], [19.062968908983535, 47.47275226528069], [19.06295834778554, 47.47275362503264], [19.06296371220357, 47.47277130180476], [19.062974273401565, 47.47276982874065], [19.06297745852477, 47.472780366813815], [19.062966897326774, 47.472781839877634], [19.062970417726106, 47.47279339776157], [19.062938063579864, 47.47279339776157], [19.06293588428504, 47.472786032443665], [19.062924820172853, 47.472787618819915], [19.062921635049648, 47.472777080748216], [19.062932699161834, 47.47277560768426], [19.062912079680032, 47.47270705350837], [19.06288073136217, 47.47271124608038], [19.06288022844798, 47.47270897982528], [19.062820214021272, 47.4727172516559], [19.06282105221159, 47.4727194045979], [19.062812167394227, 47.472720764350704], [19.062805797147817, 47.47269968817837], [19.06283043994314, 47.47269640210773], [19.062828093010253, 47.47268881015063], [19.06284351571209, 47.47268665720737], [19.062845862644977, 47.47269424916479], [19.062872014182872, 47.47269062315541], [19.062869667249984, 47.4726831445103], [19.062885257589883, 47.47268099156681], [19.062887436884708, 47.472688583525034], [19.062913588422603, 47.47268495751526], [19.06291107385165, 47.47267691230521], [19.062898668634958, 47.47267861199758], [19.062883413571186, 47.472627734515584], [19.06292951403863, 47.47262138899099]]]}}, {"type": "Feature", "properties": {"id": 2919, "roomCode": "LD-7-302-04-63", "roomNumber": "7-302", "roomName": "7-302 K\u00f6zleked\u0151", "roomType": "corridor", "floorId": 23, "level": 7, "fillSource": "mvt"}, "geometry": {"type": "Polygon", "coordinates": [[[19.062728795473866, 47.47268763125653], [19.062728795473866, 47.4727242312634], [19.06272695145517, 47.472724571201425], [19.062724939798407, 47.47271743250244], [19.062698788260512, 47.47272105850839], [19.062700967555337, 47.47272819720689], [19.062685377215438, 47.472730350147515], [19.062683365558676, 47.47272321144931], [19.06265721402078, 47.472726837454864], [19.062659393315606, 47.472733862839924], [19.062643802975707, 47.472736015780306], [19.062641791318946, 47.47272887708288], [19.06261563978105, 47.47273250308804], [19.06261765143781, 47.47273964178498], [19.062602228735976, 47.47274179472514], [19.06260004944115, 47.472734656028486], [19.06257406554132, 47.47273816872062], [19.06257607719808, 47.47274530741678], [19.062560654496245, 47.47274746035671], [19.062552272593074, 47.47271947213082], [19.06255009329825, 47.47271233343115], [19.062565516000085, 47.472710180489784], [19.06256769529491, 47.47271731918975], [19.062593846832804, 47.47271369318353], [19.06259166753798, 47.472706554483075], [19.062607090239815, 47.47270451485419], [19.06260926953464, 47.47271154024222], [19.062635421072535, 47.47270802754833], [19.06263324177771, 47.47270088884709], [19.062648664479546, 47.47269873590527], [19.06265084377437, 47.47270587460679], [19.062676995312266, 47.47270224859979], [19.06267481601744, 47.47269510989777], [19.06269040635734, 47.472693070268456], [19.0626924180141, 47.472700208970736], [19.062718569551997, 47.47269669627608], [19.062716390257172, 47.47268944426056], [19.062728795473866, 47.47268763125653]]]}}, {"type": "Feature", "properties": {"id": 2288, "roomCode": "LD-7-303-04-64", "roomNumber": "7-303", "roomName": "7-303 L\u00e9pcs\u0151h\u00e1z", "roomType": "corridor", "floorId": 23, "level": 7, "fillSource": "mvt"}, "geometry": {"type": "Polygon", "coordinates": [[[19.062881824899833, 47.472701868958616], [19.06289054207913, 47.47273087701588], [19.062817787159602, 47.472740961844536], [19.062810746360938, 47.4727176194292], [19.062867910940568, 47.472709800850865], [19.062866234559934, 47.47270402190091], [19.062881824899833, 47.472701868958616]]]}}, {"type": "Feature", "properties": {"id": 3493, "roomCode": "LD-7-304-01-14", "roomNumber": "7-304", "roomName": "7-304 Zebrahalak", "roomType": "educational", "floorId": 23, "level": 7, "fillSource": "mvt"}, "geometry": {"type": "Polygon", "coordinates": [[[19.062814532945243, 47.47266537014706], [19.062829788009015, 47.472716247532745], [19.062789554873792, 47.47272179985025], [19.062774132171956, 47.472670922469945], [19.062814532945243, 47.47266537014706]]]}}, {"type": "Feature", "properties": {"id": 2700, "roomCode": "LD-7-305-01-14", "roomNumber": "7-305", "roomName": "7-305 El\u0151k\u00e9sz\u00edt\u0151", "roomType": "educational", "floorId": 23, "level": 7, "fillSource": "mvt"}, "geometry": {"type": "Polygon", "coordinates": [[[19.06277294094524, 47.47265959349381], [19.062788196009013, 47.47271058418659], [19.06274796287379, 47.47271613650349], [19.062732540171954, 47.472665145816094], [19.06277294094524, 47.47265959349381]]]}}, {"type": "Feature", "properties": {"id": 3544, "roomCode": "LD-7-306-01-14", "roomNumber": "7-306", "roomName": "7-306 Formanilos helys\u00e9g", "roomType": "educational", "floorId": 23, "level": 7, "fillSource": "mvt"}, "geometry": {"type": "Polygon", "coordinates": [[[19.062731374896828, 47.472681619619465], [19.06273824805743, 47.47270484871643], [19.062698014922205, 47.47271040103565], [19.06269097412354, 47.47268705862845], [19.062731374896828, 47.472681619619465]]]}}, {"type": "Feature", "properties": {"id": 2290, "roomCode": "LD-7-307-01-14", "roomNumber": "7-307", "roomName": "7-307 Sejtteny\u00e9szt\u0151 labor", "roomType": "educational", "floorId": 23, "level": 7, "fillSource": "mvt"}, "geometry": {"type": "Polygon", "coordinates": [[[19.06273945149963, 47.4726513684192], [19.062747498126676, 47.4726781101957], [19.062719502570083, 47.4726819628234], [19.0627065944392, 47.4726819628234], [19.062699218364408, 47.47265692073832], [19.06273945149963, 47.4726513684192]]]}}, {"type": "Feature", "properties": {"id": 2614, "roomCode": "LD-7-309-01-14", "roomNumber": "7-309", "roomName": "7-309 Hallgat\u00f3i laborat\u00f3rium", "roomType": "educational", "floorId": 23, "level": 7, "fillSource": "mvt"}, "geometry": {"type": "Polygon", "coordinates": [[[19.062644317299164, 47.47265251821726], [19.062650855183637, 47.472674047988356], [19.062650855183637, 47.472674614561164], [19.062569047808683, 47.47268594601597], [19.062558989524877, 47.47265251821726], [19.062644317299164, 47.47265251821726]]]}}, {"type": "Feature", "properties": {"id": 3057, "roomCode": "LD-7-310-01-13", "roomNumber": "7-310", "roomName": "7-310 Oktat\u00f3", "roomType": "educational", "floorId": 23, "level": 7, "fillSource": "mvt"}, "geometry": {"type": "Polygon", "coordinates": [[[19.062568180977962, 47.47264194485775], [19.062577736347578, 47.4726740123263], [19.06253582683172, 47.4726740123263], [19.06252794784274, 47.47264761048966], [19.062568180977962, 47.47264194485775]]]}}, {"type": "Feature", "properties": {"id": 2862, "roomCode": "LD-7-311-01-13", "roomNumber": "7-311", "roomName": "7-311 Oktat\u00f3", "roomType": "educational", "floorId": 23, "level": 7, "fillSource": "mvt"}, "geometry": {"type": "Polygon", "coordinates": [[[19.062527019480935, 47.472629676042914], [19.062538754145375, 47.472668769568116], [19.062507573465577, 47.472673075519836], [19.062499023924342, 47.472669222826205], [19.062486953983775, 47.472629676042914], [19.062527019480935, 47.472629676042914]]]}}, {"type": "Feature", "properties": {"id": 3079, "roomCode": "LD-7-312-04-64", "roomNumber": "7-312", "roomName": "7-312 L\u00e9pcs\u0151h\u00e1z", "roomType": "corridor", "floorId": 23, "level": 7, "fillSource": "mvt"}, "geometry": {"type": "Polygon", "coordinates": [[[19.06249228920782, 47.47265530976363], [19.06249715071166, 47.472671287120924], [19.06242439579213, 47.472681258802446], [19.06241651680315, 47.47265530976363], [19.062432777695303, 47.47265530976363], [19.062432945333367, 47.47265576302206], [19.06243613045657, 47.47265530976363], [19.06249228920782, 47.47265530976363]]]}}, {"type": "Feature", "properties": {"id": 3365, "roomCode": "LD-7-313-01-13", "roomNumber": "7-313", "roomName": "7-313 F\u00f6ldtudom\u00e1nyi Doktori Iskola adminisztr\u00e1ci\u00f3", "roomType": "educational", "floorId": 23, "level": 7, "fillSource": "mvt"}, "geometry": {"type": "Polygon", "coordinates": [[[19.06241367512621, 47.472701776455736], [19.062429097828044, 47.472752653876626], [19.062388697054757, 47.47275820619797], [19.062373441990985, 47.47270721546967], [19.06241367512621, 47.472701776455736]]]}}, {"type": "Feature", "properties": {"id": 3288, "roomCode": "LD-7-314-01-13", "roomNumber": "7-314", "roomName": "7-314 Oktat\u00f3", "roomType": "educational", "floorId": 23, "level": 7, "fillSource": "mvt"}, "geometry": {"type": "Polygon", "coordinates": [[[19.06245526712621, 47.472707411468086], [19.062470689828046, 47.472758402207276], [19.06243028905476, 47.47276395452922], [19.062415033990987, 47.47271296379542], [19.06245526712621, 47.472707411468086]]]}}, {"type": "Feature", "properties": {"id": 3046, "roomCode": "LD-7-315-01-13", "roomNumber": "7-315", "roomName": "7-315 Oktat\u00f3", "roomType": "educational", "floorId": 23, "level": 7, "fillSource": "mvt"}, "geometry": {"type": "Polygon", "coordinates": [[[19.06249686012621, 47.472713187121386], [19.062512282828045, 47.47276406455336], [19.06247188205476, 47.47276961687592], [19.062456626990986, 47.47271873944931], [19.06249686012621, 47.472713187121386]]]}}, {"type": "Feature", "properties": {"id": 3625, "roomCode": "LD-7-316-01-13", "roomNumber": "7-316", "roomName": "7-316 Oktat\u00f3", "roomType": "educational", "floorId": 23, "level": 7, "fillSource": "mvt"}, "geometry": {"type": "Polygon", "coordinates": [[[19.06253843112621, 47.47271885246193], [19.062553853828046, 47.47276984321223], [19.06251345305476, 47.47277539553537], [19.062498197990987, 47.47272440479046], [19.06253843112621, 47.47271885246193]]]}}, {"type": "Feature", "properties": {"id": 3566, "roomCode": "LD-7-317-01-14", "roomNumber": "7-317", "roomName": "7-317 Oktat\u00f3i", "roomType": "educational", "floorId": 23, "level": 7, "fillSource": "mvt"}, "geometry": {"type": "Polygon", "coordinates": [[[19.062580003216695, 47.47272462711524], [19.06259542591853, 47.47277550455831], [19.062555192783307, 47.47278105688207], [19.06253977008147, 47.47273017944439], [19.062580003216695, 47.47272462711524]]]}}, {"type": "Feature", "properties": {"id": 3261, "roomCode": "LD-7-318-01-14", "roomNumber": "7-318", "roomName": "7-318 Szeizmikus feldolgoz\u00f3 laborat\u00f3rium", "roomType": "educational", "floorId": 23, "level": 7, "fillSource": "mvt"}, "geometry": {"type": "Polygon", "coordinates": [[[19.06266712183105, 47.47272983705357], [19.06266712183105, 47.472782754137356], [19.06260056951987, 47.47279204578254], [19.062585146818034, 47.47274105502653], [19.06266712183105, 47.47272983705357]]]}}, {"type": "Feature", "properties": {"id": 3447, "roomCode": "LD-7-320-01-14", "roomNumber": "7-320", "roomName": "7-320 Tiszta labor", "roomType": "educational", "floorId": 23, "level": 7, "fillSource": "mvt"}, "geometry": {"type": "Polygon", "coordinates": [[[19.062754852896827, 47.47274749327324], [19.062761726057428, 47.472770722399346], [19.062721492922204, 47.47277627472554], [19.06271445212354, 47.47275304560188], [19.062754852896827, 47.47274749327324]]]}}, {"type": "Feature", "properties": {"id": 3811, "roomCode": "LD-7-322-01-14", "roomNumber": "7-322", "roomName": "7-322 Labor", "roomType": "educational", "floorId": 23, "level": 7, "fillSource": "mvt"}, "geometry": {"type": "Polygon", "coordinates": [[[19.062788048035724, 47.47275316944346], [19.062803303099496, 47.472804160227064], [19.062763069964273, 47.47280971255385], [19.0627478149005, 47.472758721775634], [19.062788048035724, 47.47275316944346]]]}}, {"type": "Feature", "properties": {"id": 2628, "roomCode": "LD-7-323-04-63", "roomNumber": "7-323", "roomName": "7-323 El\u0151t\u00e9r", "roomType": "corridor", "floorId": 23, "level": 7, "fillSource": "mvt"}, "geometry": {"type": "Polygon", "coordinates": [[[19.062837995987312, 47.4727589049419], [19.062845036785976, 47.47278224738588], [19.06280463601269, 47.472787686400466], [19.062797595214025, 47.47276445727175], [19.062837995987312, 47.4727589049419]]]}}, {"type": "Feature", "properties": {"id": 2943, "roomCode": "LD-7-324-05-71", "roomNumber": "7-324", "roomName": "7-324 \u00d6lt\u00f6z\u0151 - zuhany", "roomType": "social", "floorId": 23, "level": 7, "fillSource": "mvt"}, "geometry": {"type": "Polygon", "coordinates": [[[19.06287939725409, 47.47276263272935], [19.062885599862437, 47.472783255667025], [19.062867327313523, 47.47278574854905], [19.06284519908915, 47.47278880799502], [19.062838996480803, 47.47276818505952], [19.06287939725409, 47.47276263272935]]]}}, {"type": "Feature", "properties": {"id": 3143, "roomCode": "LD-7-325-02-33", "roomNumber": "7-325", "roomName": "7-325 Iroda", "roomType": "administrative", "floorId": 23, "level": 7, "fillSource": "mvt"}, "geometry": {"type": "Polygon", "coordinates": [[[19.062871177158932, 47.47278613615704], [19.062880061976294, 47.47281559751113], [19.06283982884107, 47.472821149841394], [19.06283094402371, 47.47279168849042], [19.062871177158932, 47.47278613615704]]]}}, {"type": "Feature", "properties": {"id": 3303, "roomCode": "LD-7-326-01-14", "roomNumber": "7-326", "roomName": "7-326 Besug\u00e1rz\u00f3", "roomType": "educational", "floorId": 23, "level": 7, "fillSource": "mvt"}, "geometry": {"type": "Polygon", "coordinates": [[[19.062829608254088, 47.47278309491321], [19.062837654881132, 47.47280983675544], [19.06279742174591, 47.47281538908538], [19.062789375118864, 47.47278864724598], [19.062829608254088, 47.47278309491321]]]}}, {"type": "Feature", "properties": {"id": 2218, "roomCode": "LD-7-402-05-71", "roomNumber": "7-402", "roomName": "7-402 N\u0151i WC el\u0151t\u00e9r", "roomType": "social", "floorId": 23, "level": 7, "fillSource": "mvt"}, "geometry": {"type": "Polygon", "coordinates": [[[19.062975134121537, 47.47242955021899], [19.06298167200601, 47.472451533158655], [19.062951161878466, 47.47245572578012], [19.062944623993992, 47.47243374284221], [19.062975134121537, 47.47242955021899]]]}}, {"type": "Feature", "properties": {"id": 2831, "roomCode": "LD-7-403-05-71", "roomNumber": "7-403", "roomName": "7-403 N\u0151i WC csoport", "roomType": "social", "floorId": 23, "level": 7, "fillSource": "mvt"}, "geometry": {"type": "Polygon", "coordinates": [[[19.06295286519575, 47.472426982595884], [19.062959403080225, 47.4724489655337], [19.062915984821796, 47.47245485786598], [19.062911123317956, 47.47243876726472], [19.062901400310277, 47.472434461328334], [19.062907100004434, 47.47242845567963], [19.062915314269542, 47.47243208173176], [19.06295286519575, 47.472426982595884]]]}}, {"type": "Feature", "properties": {"id": 2334, "roomCode": "LD-7-404-04-63", "roomNumber": "7-404", "roomName": "7-404 El\u0151t\u00e9r", "roomType": "corridor", "floorId": 23, "level": 7, "fillSource": "mvt"}, "geometry": {"type": "Polygon", "coordinates": [[[19.062955455241735, 47.47245409336414], [19.062958808003003, 47.472465084837324], [19.062943888215358, 47.47246712449189], [19.0629400325399, 47.472454433306645], [19.062955455241735, 47.47245409336414]]]}}, {"type": "Feature", "properties": {"id": 3421, "roomCode": "LD-7-405-05-73", "roomNumber": "7-405", "roomName": "7-405 N\u0151i \u00f6lt\u00f6z\u0151", "roomType": "social", "floorId": 23, "level": 7, "fillSource": "mvt"}, "geometry": {"type": "Polygon", "coordinates": [[[19.062937539205674, 47.47244526108185], [19.062945418194655, 47.47247154996892], [19.06290904073489, 47.47247653579085], [19.062900323555592, 47.47247279642445], [19.06289395330918, 47.472451266733934], [19.062937539205674, 47.47244526108185]]]}}, {"type": "Feature", "properties": {"id": 2213, "roomCode": "LD-7-406-05-71", "roomNumber": "7-406", "roomName": "7-406 Mosd\u00f3-zuhany", "roomType": "social", "floorId": 23, "level": 7, "fillSource": "mvt"}, "geometry": {"type": "Polygon", "coordinates": [[[19.062960000956704, 47.472466621578675], [19.062962180251528, 47.472473760373106], [19.062950445587088, 47.47247534677175], [19.062952792519976, 47.472482825507505], [19.062937202180077, 47.47248305213584], [19.062933346504618, 47.47247024763312], [19.062960000956704, 47.472466621578675]]]}}, {"type": "Feature", "properties": {"id": 3110, "roomCode": "LD-7-407-05-71", "roomNumber": "7-407", "roomName": "7-407 WC", "roomType": "social", "floorId": 23, "level": 7, "fillSource": "mvt"}, "geometry": {"type": "Polygon", "coordinates": [[[19.06296505793289, 47.4724554793532], [19.062970757627046, 47.47247394956263], [19.062960364067113, 47.472475422646546], [19.062954664372956, 47.472456952437625], [19.06296505793289, 47.4724554793532]]]}}, {"type": "Feature", "properties": {"id": 2339, "roomCode": "LD-7-408-01-14", "roomNumber": "7-408", "roomName": "7-408 Genetikai laborat\u00f3rium", "roomType": "educational", "floorId": 23, "level": 7, "fillSource": "mvt"}, "geometry": {"type": "Polygon", "coordinates": [[[19.06295835825075, 47.472474372794196], [19.062966404877795, 47.47250111495415], [19.06289096774925, 47.472511539860264], [19.062882921122206, 47.47248468439138], [19.06295835825075, 47.472474372794196]]]}}, {"type": "Feature", "properties": {"id": 3392, "roomCode": "LD-7-409-01-14", "roomNumber": "7-409", "roomName": "7-409 Kutat\u00f3 laborat\u00f3rium", "roomType": "educational", "floorId": 23, "level": 7, "fillSource": "mvt"}, "geometry": {"type": "Polygon", "coordinates": [[[19.062949794612685, 47.472502068484324], [19.062958008877793, 47.472529263915646], [19.062882739387312, 47.47253957551301], [19.062874525122204, 47.472512380087025], [19.062949794612685, 47.472502068484324]]]}}, {"type": "Feature", "properties": {"id": 3724, "roomCode": "LD-7-410-01-14", "roomNumber": "7-410", "roomName": "7-410 Genetikai laborat\u00f3rium", "roomType": "educational", "floorId": 23, "level": 7, "fillSource": "mvt"}, "geometry": {"type": "Polygon", "coordinates": [[[19.06294141543172, 47.472530182474294], [19.062949629696828, 47.47255737792016], [19.062874192568284, 47.47256768952303], [19.062865978303176, 47.47254049408251], [19.06294141543172, 47.472530182474294]]]}}, {"type": "Feature", "properties": {"id": 2368, "roomCode": "LD-7-411-01-12", "roomNumber": "7-411", "roomName": "7-411 Biol\u00f3giai Int\u00e9zet Tan\u00e1csterem", "roomType": "educational", "floorId": 23, "level": 7, "fillSource": "mvt"}, "geometry": {"type": "Polygon", "coordinates": [[[19.062923261592317, 47.47260506099885], [19.062945557454753, 47.472678488813514], [19.06287012032621, 47.47268880042741], [19.062846986273456, 47.47261197318948], [19.062853356519867, 47.47260562757189], [19.06285737983339, 47.47260506099885], [19.062923261592317, 47.47260506099885]]]}}, {"type": "Feature", "properties": {"id": 3369, "roomCode": "LD-7-412-02-33", "roomNumber": "7-412", "roomName": "7-412 Biol\u00f3giai Int\u00e9zet Titk\u00e1rs\u00e1g", "roomType": "administrative", "floorId": 23, "level": 7, "fillSource": "mvt"}, "geometry": {"type": "Polygon", "coordinates": [[[19.062932872612688, 47.47255820947843], [19.062941086877796, 47.47258551825328], [19.062865817387316, 47.472595829861675], [19.062857603122207, 47.472568634406606], [19.062932872612688, 47.47255820947843]]]}}, {"type": "Feature", "properties": {"id": 3165, "roomCode": "LD-7-415-04-63", "roomNumber": "7-415", "roomName": "7-415 El\u0151t\u00e9r", "roomType": "corridor", "floorId": 23, "level": 7, "fillSource": "mvt"}, "geometry": {"type": "Polygon", "coordinates": [[[19.062914466048078, 47.472675364613984], [19.062917818809346, 47.47268635594045], [19.062869036132888, 47.47269304138532], [19.062865851009683, 47.47268205006025], [19.062914466048078, 47.472675364613984]]]}}, {"type": "Feature", "properties": {"id": 2333, "roomCode": "LD-7-417-05-71", "roomNumber": "7-417", "roomName": "7-417 WC", "roomType": "social", "floorId": 23, "level": 7, "fillSource": "mvt"}, "geometry": {"type": "Polygon", "coordinates": [[[19.062908746028047, 47.47269237728318], [19.062913607531886, 47.47270869430839], [19.062903213971953, 47.47271005406027], [19.062898352468114, 47.472693850348165], [19.062908746028047, 47.47269237728318]]]}}, {"type": "Feature", "properties": {"id": 3568, "roomCode": "LD-7-418-05-71", "roomNumber": "7-418", "roomName": "7-418 WC", "roomType": "social", "floorId": 23, "level": 7, "fillSource": "mvt"}, "geometry": {"type": "Polygon", "coordinates": [[[19.062897019028046, 47.47269074295529], [19.062901880531886, 47.47270705998], [19.062891486971953, 47.47270853304448], [19.062886625468114, 47.47269221602022], [19.062897019028046, 47.47269074295529]]]}}, {"type": "Feature", "properties": {"id": 3278, "roomCode": "LD-7-419-01-14", "roomNumber": "7-419", "roomName": "7-419 Prepar\u00e1l\u00f3", "roomType": "educational", "floorId": 23, "level": 7, "fillSource": "mvt"}, "geometry": {"type": "Polygon", "coordinates": [[[19.06299538325075, 47.472801063006614], [19.063003429877796, 47.47282780486043], [19.062927992749252, 47.472838229647216], [19.062919946122207, 47.47281137448576], [19.06299538325075, 47.472801063006614]]]}}, {"type": "Feature", "properties": {"id": 3253, "roomCode": "LD-7-420-01-14", "roomNumber": "7-420", "roomName": "7-420 Prepar\u00e1l\u00f3", "roomType": "educational", "floorId": 23, "level": 7, "fillSource": "mvt"}, "geometry": {"type": "Polygon", "coordinates": [[[19.063003611612686, 47.47277294239069], [19.063011825877794, 47.47280013748184], [19.062936556387314, 47.47281056226305], [19.062928342122206, 47.47278325386441], [19.063003611612686, 47.47277294239069]]]}}, {"type": "Feature", "properties": {"id": 2540, "roomCode": "LD-7-421-01-14", "roomNumber": "7-421", "roomName": "7-421 Puhatest\u0171ek", "roomType": "educational", "floorId": 23, "level": 7, "fillSource": "mvt"}, "geometry": {"type": "Polygon", "coordinates": [[[19.06301212825075, 47.472744686416135], [19.063020174877796, 47.47277199480554], [19.062944737749252, 47.47278241958116], [19.062936691122207, 47.472755111197166], [19.06301212825075, 47.472744686416135]]]}}, {"type": "Feature", "properties": {"id": 2734, "roomCode": "LD-7-422-01-14", "roomNumber": "7-422", "roomName": "7-422 Halak I.", "roomType": "educational", "floorId": 23, "level": 7, "fillSource": "mvt"}, "geometry": {"type": "Polygon", "coordinates": [[[19.063020539612687, 47.47271665475441], [19.063028753877795, 47.47274396312921], [19.062953484387315, 47.472754274586535], [19.062945270122206, 47.47272707952986], [19.063020539612687, 47.47271665475441]]]}}, {"type": "Feature", "properties": {"id": 2853, "roomCode": "LD-7-423-01-14", "roomNumber": "7-423", "roomName": "7-423 Vizes labor", "roomType": "educational", "floorId": 23, "level": 7, "fillSource": "mvt"}, "geometry": {"type": "Polygon", "coordinates": [[[19.06302908243172, 47.47268854376448], [19.063037296696827, 47.47271585212467], [19.062961859568283, 47.472726163576496], [19.062953645303175, 47.47269896853437], [19.06302908243172, 47.47268854376448]]]}}, {"type": "Feature", "properties": {"id": 3006, "roomCode": "LD-7-424-01-12", "roomNumber": "7-424", "roomName": "7-424 (BTCS Sz\u00e1m\u00edt\u00f3g\u00e9pes labor)", "roomType": "educational", "floorId": 23, "level": 7, "fillSource": "mvt"}, "geometry": {"type": "Polygon", "coordinates": [[[19.06307989375793, 47.47243556093682], [19.063113421370616, 47.47254717546791], [19.063037984242072, 47.47255748705222], [19.063004456629386, 47.472445872543034], [19.06307989375793, 47.47243556093682]]]}}, {"type": "Feature", "properties": {"id": 3642, "roomCode": "LD-7-426/B-01-14", "roomNumber": "7-426/B", "roomName": "7-426/B  Sz\u00f6vetteny\u00e9szt\u0151 labor", "roomType": "educational", "floorId": 23, "level": 7, "fillSource": "mvt"}, "geometry": {"type": "Polygon", "coordinates": [[[19.063037503522203, 47.47266042577455], [19.06304571778731, 47.472687734120136], [19.062970280658767, 47.472698045566446], [19.062962234031723, 47.472670850538854], [19.063037503522203, 47.47266042577455]]]}}, {"type": "Feature", "properties": {"id": 2425, "roomCode": "LD-7-426/a-01-14", "roomNumber": "7-426/A", "roomName": "7-426/a Anat\u00f3miai gyakorl\u00f3", "roomType": "educational", "floorId": 23, "level": 7, "fillSource": "mvt"}, "geometry": {"type": "Polygon", "coordinates": [[[19.063061465459764, 47.472599180460804], [19.06306565641135, 47.47261357115982], [19.062987201797664, 47.47261357115982], [19.06298602833122, 47.47260960521954], [19.063061465459764, 47.472599180460804]]]}}, {"type": "Feature", "properties": {"id": 2923, "roomCode": "LD-7-427-01-14", "roomNumber": "7-427", "roomName": "7-427 Genetikai laborat\u00f3rium", "roomType": "educational", "floorId": 23, "level": 7, "fillSource": "mvt"}, "geometry": {"type": "Polygon", "coordinates": [[[19.063113745341234, 47.4724074015325], [19.06312179196828, 47.472434710228974], [19.063046522477798, 47.47244502180778], [19.06303830821269, 47.47241782643075], [19.063113745341234, 47.4724074015325]]]}}, {"type": "Feature", "properties": {"id": 2610, "roomCode": "LD-7-501-01-14", "roomNumber": "7-501", "roomName": "7-501 N\u00f6v\u00e9nyrendszertani laborat\u00f3rium", "roomType": "educational", "floorId": 23, "level": 7, "fillSource": "mvt"}, "geometry": {"type": "Polygon", "coordinates": [[[19.063130663757928, 47.47226690546099], [19.063164191370614, 47.47237840631997], [19.06308875424207, 47.472388831184944], [19.063055226629384, 47.4722772170341], [19.063130663757928, 47.47226690546099]]]}}, {"type": "Feature", "properties": {"id": 2875, "roomCode": "LD-7-503-01-13", "roomNumber": "7-503", "roomName": "7-503 Oktat\u00f3", "roomType": "educational", "floorId": 23, "level": 7, "fillSource": "mvt"}, "geometry": {"type": "Polygon", "coordinates": [[[19.06317293743172, 47.47221062993146], [19.063181151696828, 47.47223782521203], [19.063105714568284, 47.47224825006584], [19.063097500303176, 47.47222105479068], [19.06317293743172, 47.47221062993146]]]}}, {"type": "Feature", "properties": {"id": 2721, "roomCode": "LD-7-504-01-13", "roomNumber": "7-504", "roomName": "7-504 Oktat\u00f3", "roomType": "educational", "floorId": 23, "level": 7, "fillSource": "mvt"}, "geometry": {"type": "Polygon", "coordinates": [[[19.063175548863303, 47.47218231097634], [19.06318376312841, 47.47220961955594], [19.063173704844605, 47.47221097931887], [19.063105643790852, 47.47221097931887], [19.063100279372822, 47.472192735829985], [19.063175548863303, 47.47218231097634]]]}}, {"type": "Feature", "properties": {"id": 2848, "roomCode": "LD-7-505-01-13", "roomNumber": "7-505", "roomName": "7-505 Oktat\u00f3", "roomType": "educational", "floorId": 23, "level": 7, "fillSource": "mvt"}, "geometry": {"type": "Polygon", "coordinates": [[[19.063189861431717, 47.47215437229044], [19.063198075696825, 47.4721816813378], [19.06312263856828, 47.472191993049094], [19.063114424303173, 47.47216479732264], [19.063189861431717, 47.47215437229044]]]}}, {"type": "Feature", "properties": {"id": 3628, "roomCode": "LD-7-506-01-13", "roomNumber": "7-506", "roomName": "7-506 Oktat\u00f3", "roomType": "educational", "floorId": 23, "level": 7, "fillSource": "mvt"}, "geometry": {"type": "Polygon", "coordinates": [[[19.063198240612685, 47.47212625830051], [19.063206454877793, 47.47215356733328], [19.063131185387313, 47.47216387903905], [19.063122971122205, 47.47213668332715], [19.063198240612685, 47.47212625830051]]]}}, {"type": "Feature", "properties": {"id": 2966, "roomCode": "LD-7-507-01-13", "roomNumber": "7-507", "roomName": "7-507 Oktat\u00f3", "roomType": "educational", "floorId": 23, "level": 7, "fillSource": "mvt"}, "geometry": {"type": "Polygon", "coordinates": [[[19.063206786431717, 47.472098228297185], [19.063215000696825, 47.47212542399989], [19.06313956356828, 47.47213573570015], [19.063131349303173, 47.47210854000278], [19.063206786431717, 47.472098228297185]]]}}, {"type": "Feature", "properties": {"id": 2779, "roomCode": "LD-7-508-01-17", "roomNumber": "7-508", "roomName": "7-508 T\u00e1rgyal\u00f3", "roomType": "educational", "floorId": 23, "level": 7, "fillSource": "mvt"}, "geometry": {"type": "Polygon", "coordinates": [[[19.063215162751586, 47.47204197688163], [19.06323192655793, 47.47209727476609], [19.063156489429385, 47.47210769977058], [19.063139893261106, 47.47205228858171], [19.063215162751586, 47.47204197688163]]]}}, {"type": "Feature", "properties": {"id": 3307, "roomCode": "LD-7-509-02-33", "roomNumber": "7-509", "roomName": "7-509 N\u00f6v\u00e9nyrendszertani \u00e9s \u00d6kol\u00f3giai Tansz\u00e9k Titk\u00e1rs\u00e1g", "roomType": "administrative", "floorId": 23, "level": 7, "fillSource": "mvt"}, "geometry": {"type": "Polygon", "coordinates": [[[19.063232130522202, 47.472013856998466], [19.06324034478731, 47.47204105265754], [19.063164907658766, 47.472051477656464], [19.06315686103172, 47.47202416868753], [19.063232130522202, 47.472013856998466]]]}}, {"type": "Feature", "properties": {"id": 2274, "roomCode": "LD-7-510-01-13", "roomNumber": "7-510", "roomName": "7-510 Tansz\u00e9kvezet\u0151", "roomType": "educational", "floorId": 23, "level": 7, "fillSource": "mvt"}, "geometry": {"type": "Polygon", "coordinates": [[[19.06324065038965, 47.471958052235685], [19.063257078919865, 47.472013010086165], [19.063181809429384, 47.47202332175892], [19.063165213261104, 47.47196836391923], [19.06324065038965, 47.471958052235685]]]}}, {"type": "Feature", "properties": {"id": 2501, "roomCode": "LD-7-511-04-63", "roomNumber": "7-511", "roomName": "7-511 El\u0151t\u00e9r", "roomType": "corridor", "floorId": 23, "level": 7, "fillSource": "mvt"}, "geometry": {"type": "Polygon", "coordinates": [[[19.063095516957596, 47.47207398240289], [19.063098869718864, 47.47208497399186], [19.063050087042406, 47.47209165959641], [19.063046734281137, 47.47208066800883], [19.063095516957596, 47.47207398240289]]]}}, {"type": "Feature", "properties": {"id": 3571, "roomCode": "LD-7-513-05-71", "roomNumber": "7-513", "roomName": "7-513 WC", "roomType": "social", "floorId": 23, "level": 7, "fillSource": "mvt"}, "geometry": {"type": "Polygon", "coordinates": [[[19.063086755028046, 47.47206045273424], [19.063091616531885, 47.47207665682434], [19.063081222971952, 47.4720781299232], [19.063076361468113, 47.47206181251822], [19.063086755028046, 47.47206045273424]]]}}, {"type": "Feature", "properties": {"id": 3620, "roomCode": "LD-7-514-05-71", "roomNumber": "7-514", "roomName": "7-514 WC", "roomType": "social", "floorId": 23, "level": 7, "fillSource": "mvt"}, "geometry": {"type": "Polygon", "coordinates": [[[19.063098478028046, 47.4720620150763], [19.063103339531885, 47.472078332482226], [19.063092945971952, 47.47207969226582], [19.063088084468113, 47.47206348817565], [19.063098478028046, 47.4720620150763]]]}}, {"type": "Feature", "properties": {"id": 2380, "roomCode": "LD-7-515-01-14", "roomNumber": "7-515", "roomName": "7-515 T\u00e9rk\u00e9pt\u00e1r \u00e9s T\u00e9rinformatika Laborat\u00f3rium", "roomType": "educational", "floorId": 23, "level": 7, "fillSource": "mvt"}, "geometry": {"type": "Polygon", "coordinates": [[[19.063063929605875, 47.47207363958444], [19.0630885724012, 47.472155793286774], [19.063020343709383, 47.472165198461056], [19.06301196180621, 47.47216145905462], [19.06298849247733, 47.47208406461309], [19.063063929605875, 47.47207363958444]]]}}, {"type": "Feature", "properties": {"id": 3010, "roomCode": "LD-7-516-01-14", "roomNumber": "7-516", "roomName": "7-516 Doktorandusz laborat\u00f3rium", "roomType": "educational", "floorId": 23, "level": 7, "fillSource": "mvt"}, "geometry": {"type": "Polygon", "coordinates": [[[19.06304626942237, 47.472175496829045], [19.063057836448746, 47.47221436339995], [19.06297938183506, 47.47221436339995], [19.062970832293825, 47.472185808371066], [19.06304626942237, 47.472175496829045]]]}}, {"type": "Feature", "properties": {"id": 3214, "roomCode": "LD-7-517-01-13", "roomNumber": "7-517", "roomName": "7-517 Oktat\u00f3", "roomType": "educational", "floorId": 23, "level": 7, "fillSource": "mvt"}, "geometry": {"type": "Polygon", "coordinates": [[[19.06303449843172, 47.472220897256236], [19.063042712696827, 47.472248092542074], [19.062967275568283, 47.47225851739792], [19.062959061303175, 47.47223120880378], [19.06303449843172, 47.472220897256236]]]}}, {"type": "Feature", "properties": {"id": 2480, "roomCode": "LD-7-518-01-13", "roomNumber": "7-518", "roomName": "7-518 Oktat\u00f3", "roomType": "educational", "floorId": 23, "level": 7, "fillSource": "mvt"}, "geometry": {"type": "Polygon", "coordinates": [[[19.0630260605222, 47.472249047202205], [19.06303427478731, 47.47227578924746], [19.062958837658766, 47.47228610079518], [19.06295079103172, 47.47225935875517], [19.0630260605222, 47.472249047202205]]]}}, {"type": "Feature", "properties": {"id": 3120, "roomCode": "LD-7-519-05-71", "roomNumber": "7-519", "roomName": "7-519 F\u00e9rfi WC el\u0151t\u00e9r", "roomType": "social", "floorId": 23, "level": 7, "fillSource": "mvt"}, "geometry": {"type": "Polygon", "coordinates": [[[19.063010834121535, 47.47231094324854], [19.06301737200601, 47.47233292613857], [19.062986861878464, 47.47233711875059], [19.06298032399399, 47.472315135862296], [19.063010834121535, 47.47231094324854]]]}}, {"type": "Feature", "properties": {"id": 3334, "roomCode": "LD-7-520-05-71", "roomNumber": "7-520", "roomName": "7-520 F\u00e9rfi WC csoport", "roomType": "social", "floorId": 23, "level": 7, "fillSource": "mvt"}, "geometry": {"type": "Polygon", "coordinates": [[[19.062986249986736, 47.47229812088817], [19.06299278787121, 47.472320103776404], [19.062955404583064, 47.472325316212476], [19.06294987252697, 47.47233086858946], [19.062941155347673, 47.47232690260596], [19.062947525594083, 47.472320330404074], [19.062942664090244, 47.4723041265235], [19.062986249986736, 47.47229812088817]]]}}, {"type": "Feature", "properties": {"id": 2822, "roomCode": "LD-7-521-04-63", "roomNumber": "7-521", "roomName": "7-521 El\u0151t\u00e9r", "roomType": "corridor", "floorId": 23, "level": 7, "fillSource": "mvt"}, "geometry": {"type": "Polygon", "coordinates": [[[19.06300441474769, 47.47229886622371], [19.063007935147024, 47.47231065086135], [19.06299351827357, 47.47231450353077], [19.06298966259811, 47.472301812383364], [19.06299167425487, 47.4723015857557], [19.062991338978744, 47.47230067924506], [19.06300441474769, 47.47229886622371]]]}}, {"type": "Feature", "properties": {"id": 2791, "roomCode": "LD-7-522-05-73", "roomNumber": "7-522", "roomName": "7-522 F\u00e9rfi \u00f6lt\u00f6z\u0151", "roomType": "social", "floorId": 23, "level": 7, "fillSource": "mvt"}, "geometry": {"type": "Polygon", "coordinates": [[[19.062989841451216, 47.47227785622917], [19.06299788807826, 47.47230414503099], [19.06295430218177, 47.47231015066059], [19.062947764297295, 47.47228862104185], [19.06295346399145, 47.47228284203742], [19.062989841451216, 47.47227785622917]]]}}, {"type": "Feature", "properties": {"id": 3339, "roomCode": "LD-7-523-05-71", "roomNumber": "7-523", "roomName": "7-523 Mosd\u00f3-zuhany", "roomType": "social", "floorId": 23, "level": 7, "fillSource": "mvt"}, "geometry": {"type": "Polygon", "coordinates": [[[19.06300380959388, 47.4722825072337], [19.063005988888705, 47.47228998594455], [19.063017723553145, 47.472288399551424], [19.06301990284797, 47.47229542500631], [19.062993248395884, 47.47229916436095], [19.062989392720425, 47.47228635990306], [19.06300380959388, 47.4722825072337]]]}}, {"type": "Feature", "properties": {"id": 3681, "roomCode": "LD-7-524-05-71", "roomNumber": "7-524", "roomName": "7-524 WC", "roomType": "social", "floorId": 23, "level": 7, "fillSource": "mvt"}, "geometry": {"type": "Polygon", "coordinates": [[[19.063015381304172, 47.472293085989186], [19.063019572255758, 47.47230702358818], [19.063009178695825, 47.47230849666754], [19.06300498774424, 47.472294445755104], [19.063015381304172, 47.472293085989186]]]}}, {"type": "Feature", "properties": {"id": 3269, "roomCode": "LD-7-601-04-63", "roomNumber": "7-601", "roomName": "7-601 K\u00f6zleked\u0151", "roomType": "corridor", "floorId": 23, "level": 7, "fillSource": "mvt"}, "geometry": {"type": "Polygon", "coordinates": [[[19.063113287217877, 47.471912948050544], [19.06311529887464, 47.47191918040865], [19.063125860072635, 47.47191770730589], [19.06312904519584, 47.47192824565549], [19.063118483997844, 47.471929605442384], [19.063123848415874, 47.47194728266877], [19.063134241975806, 47.4719458095668], [19.06313742709901, 47.47195634791077], [19.063126865901015, 47.47195770769693], [19.063132230319045, 47.47197538491386], [19.06314279151704, 47.47197402512815], [19.063145976640246, 47.47198445015101], [19.06313541544225, 47.47198592325189], [19.06314077986028, 47.47200348714393], [19.063151173420213, 47.47200212735894], [19.063154358543418, 47.47201255237622], [19.063143797345422, 47.47201402547633], [19.06314916176345, 47.472031702674315], [19.063159722961448, 47.472030229574706], [19.063162908084653, 47.47204065458641], [19.063152346886657, 47.472042127685725], [19.063157711304687, 47.472059804874256], [19.06316810486462, 47.47205833177544], [19.063171289987825, 47.47206875678157], [19.06316072878983, 47.472070229880096], [19.063166093207858, 47.472087907059176], [19.063176654405854, 47.47208643396115], [19.06317983952906, 47.4720968589617], [19.063169278331063, 47.472098332059446], [19.063174642749093, 47.472116009229076], [19.063185036309026, 47.472114536131826], [19.06318822143223, 47.472124961126816], [19.063177660234235, 47.47212643422376], [19.063178498424552, 47.472129267102396], [19.063189059622548, 47.47212790732067], [19.063199117906354, 47.47216110864773], [19.06315301743891, 47.47216745429148], [19.063137594737075, 47.47211646248976], [19.06314999995377, 47.472114762762175], [19.06314765302088, 47.47210671738424], [19.063121501482986, 47.47211034347023], [19.06312368077781, 47.472117482326276], [19.06310809043791, 47.47211963531442], [19.063105911143087, 47.47211249645866], [19.063079927243255, 47.472116009229076], [19.06308210653808, 47.47212314808435], [19.063067857302688, 47.47212518775711], [19.06306651619818, 47.47212530107227], [19.06306450454142, 47.47211816221728], [19.063038353003524, 47.47212178830247], [19.06304053229835, 47.472128927156966], [19.06302494195845, 47.472131080144635], [19.063022762663625, 47.47212394129044], [19.062996778763793, 47.472127454060086], [19.062998790420554, 47.47213459291382], [19.06298336771872, 47.47213674590125], [19.062981188423894, 47.47212960704782], [19.062955204524062, 47.472133233132226], [19.062957216180823, 47.47214037198517], [19.062941793478988, 47.47214252497237], [19.062939614184163, 47.47213538611972], [19.062913462646268, 47.4721388988886], [19.062915641941093, 47.47214603774078], [19.062900219239257, 47.47214819072775], [19.062898039944432, 47.47214105187587], [19.062871888406537, 47.47214467795949], [19.06287406770136, 47.47215181681088], [19.062858644999526, 47.47215385648252], [19.0628564657047, 47.47214683094652], [19.062830314166806, 47.47215034371464], [19.06283249346163, 47.47215748256526], [19.062817070759795, 47.472159635551755], [19.06281489146497, 47.47215249670143], [19.06278890756514, 47.472156236099345], [19.0627909192219, 47.472163261634094], [19.062775328882, 47.47216530130529], [19.062764767684005, 47.472130173623526], [19.062780358023904, 47.472128020635814], [19.06278253731873, 47.47213504617433], [19.06280852121856, 47.47213164672033], [19.062806341923736, 47.472124507866205], [19.062821932263635, 47.472122354878266], [19.06282411155846, 47.47212949373267], [19.06285009545829, 47.47212586764801], [19.062847916163467, 47.47211872879311], [19.062863506503366, 47.472116575804925], [19.06286568579819, 47.472123714660135], [19.062891837336085, 47.47212008857507], [19.062889490403197, 47.47211306303454], [19.062905080743096, 47.47211091004613], [19.06290726003792, 47.47211804890211], [19.062933411575816, 47.47211442281666], [19.06293123228099, 47.472107283960185], [19.06294682262089, 47.47210524428674], [19.062948834277652, 47.47211226982831], [19.062974818177484, 47.47210864374245], [19.062972806520722, 47.472101618200405], [19.06298839686062, 47.47209946521152], [19.062990408517383, 47.47210649075386], [19.063016560055278, 47.47210297798281], [19.063014380760453, 47.47209583912478], [19.063029971100352, 47.47209379945088], [19.063031982757114, 47.47210082499398], [19.06304254395511, 47.47209935189631], [19.0630430468693, 47.472101504885195], [19.063102893657945, 47.47209334619001], [19.06310222310569, 47.47209107988557], [19.06313340378549, 47.47208688722208], [19.063112784303687, 47.472018331461], [19.063102390743754, 47.47201969124555], [19.06309920562055, 47.4720092662297], [19.063109766818545, 47.47200779312946], [19.063104402400516, 47.471990115923425], [19.063094008840583, 47.471991589024164], [19.063090823717378, 47.47198116400272], [19.063101384915374, 47.471979690901705], [19.063096020497344, 47.471962013686216], [19.063085459299348, 47.47196348678773], [19.063082274176143, 47.471953061760715], [19.06309283537414, 47.47195158865891], [19.06308747095611, 47.47193391143398], [19.063077077396176, 47.47193538453628], [19.06307389227297, 47.47192484618812], [19.063084453470967, 47.471923486401096], [19.0630811007097, 47.471912948050544], [19.063113287217877, 47.471912948050544]]]}}, {"type": "Feature", "properties": {"id": 2376, "roomCode": "LD-7-602-01-13", "roomNumber": "7-602", "roomName": "7-602 Oktat\u00f3", "roomType": "educational", "floorId": 23, "level": 7, "fillSource": "mvt"}, "geometry": {"type": "Polygon", "coordinates": [[[19.063117607216693, 47.47194586586541], [19.06313302991853, 47.47199674435185], [19.063092796783305, 47.472002296789476], [19.06307737408147, 47.471951304993254], [19.063117607216693, 47.47194586586541]]]}}, {"type": "Feature", "properties": {"id": 3611, "roomCode": "LD-7-603-01-13", "roomNumber": "7-603", "roomName": "7-603 Oktat\u00f3", "roomType": "educational", "floorId": 23, "level": 7, "fillSource": "mvt"}, "geometry": {"type": "Polygon", "coordinates": [[[19.06307605712621, 47.47194006088215], [19.063091479828046, 47.47199105267814], [19.06305107905476, 47.471996605115166], [19.063035823990987, 47.47194561332455], [19.06307605712621, 47.47194006088215]]]}}, {"type": "Feature", "properties": {"id": 3217, "roomCode": "LD-7-604-01-13", "roomNumber": "7-604", "roomName": "7-604 Oktat\u00f3", "roomType": "educational", "floorId": 23, "level": 7, "fillSource": "mvt"}, "geometry": {"type": "Polygon", "coordinates": [[[19.06303446412621, 47.471934340885184], [19.063049886828047, 47.47198533267569], [19.06300948605476, 47.47199088511212], [19.062994230990988, 47.471939893327], [19.06303446412621, 47.471934340885184]]]}}, {"type": "Feature", "properties": {"id": 3678, "roomCode": "LD-7-605-01-13", "roomNumber": "7-605", "roomName": "7-605 Oktat\u00f3", "roomType": "educational", "floorId": 23, "level": 7, "fillSource": "mvt"}, "geometry": {"type": "Polygon", "coordinates": [[[19.06299287212621, 47.47192862088829], [19.063008294828045, 47.4719796126732], [19.062967894054758, 47.47198516510901], [19.062952638990986, 47.4719341733295], [19.06299287212621, 47.47192862088829]]]}}, {"type": "Feature", "properties": {"id": 3071, "roomCode": "LD-7-606-01-13", "roomNumber": "7-606", "roomName": "7-606 Oktat\u00f3", "roomType": "educational", "floorId": 23, "level": 7, "fillSource": "mvt"}, "geometry": {"type": "Polygon", "coordinates": [[[19.062951321035726, 47.47192290089135], [19.062966576099498, 47.471973892670746], [19.062926342964275, 47.47197944510596], [19.062911087900503, 47.47192845333195], [19.062951321035726, 47.47192290089135]]]}}, {"type": "Feature", "properties": {"id": 3237, "roomCode": "LD-7-607-01-13", "roomNumber": "7-607", "roomName": "7-607 Oktat\u00f3", "roomType": "educational", "floorId": 23, "level": 7, "fillSource": "mvt"}, "geometry": {"type": "Polygon", "coordinates": [[[19.062909769945243, 47.47191720922319], [19.062925025009015, 47.47196820099699], [19.062884791873792, 47.47197364011661], [19.062869369171956, 47.47192276166319], [19.062909769945243, 47.47191720922319]]]}}, {"type": "Feature", "properties": {"id": 3609, "roomCode": "LD-7-608-01-14", "roomNumber": "7-608", "roomName": "7-608 Kriptog\u00e1m Labor", "roomType": "educational", "floorId": 23, "level": 7, "fillSource": "mvt"}, "geometry": {"type": "Polygon", "coordinates": [[[19.062868160184973, 47.47190001848918], [19.062883415248745, 47.47195101025747], [19.06276003363406, 47.47196800750258], [19.062744610932224, 47.471917015750776], [19.062868160184973, 47.47190001848918]]]}}, {"type": "Feature", "properties": {"id": 3573, "roomCode": "LD-7-609-01-13", "roomNumber": "7-609", "roomName": "7-609 Oktat\u00f3", "roomType": "educational", "floorId": 23, "level": 7, "fillSource": "mvt"}, "geometry": {"type": "Polygon", "coordinates": [[[19.062743274216693, 47.47189432923551], [19.06275869691853, 47.47194532098709], [19.062718463783305, 47.47195076010434], [19.06270304108147, 47.471899881673075], [19.062743274216693, 47.47189432923551]]]}}, {"type": "Feature", "properties": {"id": 2930, "roomCode": "LD-7-610-01-14", "roomNumber": "7-610", "roomName": "7-610 Elektrofor\u00e9zis labor", "roomType": "educational", "floorId": 23, "level": 7, "fillSource": "mvt"}, "geometry": {"type": "Polygon", "coordinates": [[[19.06270172412621, 47.47188858090981], [19.062717146828046, 47.471939572655906], [19.06267674605476, 47.471945125087494], [19.062661490990987, 47.47189413334679], [19.06270172412621, 47.47188858090981]]]}}, {"type": "Feature", "properties": {"id": 2348, "roomCode": "LD-7-611-01-13", "roomNumber": "7-611", "roomName": "7-611 Oktat\u00f3", "roomType": "educational", "floorId": 23, "level": 7, "fillSource": "mvt"}, "geometry": {"type": "Polygon", "coordinates": [[[19.062659452192054, 47.47188615837811], [19.06266263731526, 47.471896583360184], [19.06266263731526, 47.47193862321258], [19.062634474120603, 47.47194258923465], [19.06261921905683, 47.47189171081447], [19.062659452192054, 47.47188615837811]]]}}, {"type": "Feature", "properties": {"id": 2556, "roomCode": "LD-7-612-04-64", "roomNumber": "7-612", "roomName": "7-612 L\u00e9pcs\u0151h\u00e1z", "roomType": "corridor", "floorId": 23, "level": 7, "fillSource": "mvt"}, "geometry": {"type": "Polygon", "coordinates": [[[19.062675609950805, 47.47196479903755], [19.062675609950805, 47.471989048477745], [19.062646776203895, 47.47199312782172], [19.06264845258453, 47.47199890689182], [19.06263286224463, 47.47200105987856], [19.06262414506533, 47.4719719378926], [19.062675609950805, 47.47196479903755]]]}}, {"type": "Feature", "properties": {"id": 2219, "roomCode": "LD-7-613-01-14", "roomNumber": "7-613", "roomName": "7-613 Taxon\u00f3miai Labor \u00e9s Herb\u00e1rium", "roomType": "educational", "floorId": 23, "level": 7, "fillSource": "mvt"}, "geometry": {"type": "Polygon", "coordinates": [[[19.062812285623835, 47.471985101978085], [19.062827540687607, 47.472035980510825], [19.06270600309162, 47.47205275115225], [19.06269225677042, 47.47200663187545], [19.06269778882651, 47.47200073948337], [19.062812285623835, 47.471985101978085]]]}}, {"type": "Feature", "properties": {"id": 3190, "roomCode": "LD-7-614-01-14", "roomNumber": "7-614", "roomName": "7-614 Talajtani labor", "roomType": "educational", "floorId": 23, "level": 7, "fillSource": "mvt"}, "geometry": {"type": "Polygon", "coordinates": [[[19.062883233246076, 47.47199937429541], [19.06289865594791, 47.472050252839225], [19.062816680934894, 47.47206158435675], [19.062801425871122, 47.47201059250863], [19.062883233246076, 47.47199937429541]]]}}, {"type": "Feature", "properties": {"id": 2474, "roomCode": "LD-7-615-01-14", "roomNumber": "7-615", "roomName": "7-615 \u00d6kofiziol\u00f3giai labor", "roomType": "educational", "floorId": 23, "level": 7, "fillSource": "mvt"}, "geometry": {"type": "Polygon", "coordinates": [[[19.062966418246074, 47.472010814288645], [19.06298184094791, 47.47206169284353], [19.06289986593489, 47.47207302436353], [19.06288461087112, 47.472022032504306], [19.062966418246074, 47.472010814288645]]]}}, {"type": "Feature", "properties": {"id": 3603, "roomCode": "LD-7-616-01-14", "roomNumber": "7-616", "roomName": "7-616 M\u0171szer szoba", "roomType": "educational", "floorId": 23, "level": 7, "fillSource": "mvt"}, "geometry": {"type": "Polygon", "coordinates": [[[19.062997697123205, 47.47202741828123], [19.06300624666444, 47.47203127100237], [19.063020160623704, 47.47207739031874], [19.062981939145242, 47.47208271613399], [19.062966516443407, 47.47203172426366], [19.062997697123205, 47.47202741828123]]]}}, {"type": "Feature", "properties": {"id": 3265, "roomCode": "LD-7-617-04-64", "roomNumber": "7-617", "roomName": "7-617 L\u00e9pcs\u0151h\u00e1z", "roomType": "corridor", "floorId": 23, "level": 7, "fillSource": "mvt"}, "geometry": {"type": "Polygon", "coordinates": [[[19.063083288458873, 47.47202122352944], [19.06309183800011, 47.47205011892134], [19.06307624766021, 47.4720522719107], [19.063074571279575, 47.47204660614906], [19.063017406699945, 47.472054538215176], [19.06301036590128, 47.47203119527432], [19.063083288458873, 47.47202122352944]]]}}, {"type": "Feature", "properties": {"id": 3257, "roomCode": "LD-7-701-04-63", "roomNumber": "7-701", "roomName": "7-701 K\u00f6zleked\u0151", "roomType": "corridor", "floorId": 23, "level": 7, "fillSource": "mvt"}, "geometry": {"type": "Polygon", "coordinates": [[[19.062564413170424, 47.47188785748958], [19.06256608955106, 47.47189307000731], [19.062555528353062, 47.47189454311006], [19.062560892771092, 47.4719122203398], [19.06257145396909, 47.47191074723755], [19.06257447145423, 47.47192128558352], [19.062564077894297, 47.471922645369936], [19.062569274674264, 47.47194032259023], [19.06257983587226, 47.471938849488765], [19.062583020995465, 47.471949387829085], [19.06257245979747, 47.47195074761479], [19.0625778242155, 47.47196842482562], [19.062588385413495, 47.47196706504038], [19.062591402898637, 47.471977490059636], [19.062581009338704, 47.471978963160026], [19.06258620611867, 47.47199652704599], [19.062596767316666, 47.471995167261476], [19.06259995243987, 47.47200559227517], [19.062589391241875, 47.472007065374754], [19.062594755659905, 47.47202474256664], [19.0626053168579, 47.47202326946754], [19.062608334343043, 47.472033694475655], [19.06259794078311, 47.472035167574454], [19.062603137563077, 47.472052844756895], [19.062613698761073, 47.47205137165858], [19.062616883884278, 47.47206190997635], [19.062606490324345, 47.47206326975913], [19.062627109806147, 47.472131825428875], [19.062658290485945, 47.47212763277066], [19.0626589610382, 47.472129672442264], [19.062685112576094, 47.47212604635934], [19.062685112576094, 47.472145649867144], [19.062667175303307, 47.47214814279825], [19.062669354598132, 47.47215528164576], [19.062653764258233, 47.47215743463133], [19.06265175260147, 47.472150295784104], [19.062625601063576, 47.472153921865356], [19.062627947996464, 47.47216185391721], [19.06264035321316, 47.47216015419191], [19.062655775914994, 47.4722111459269], [19.062609507809487, 47.472217491561565], [19.062599617163745, 47.47218429028597], [19.062610010723677, 47.472182817191346], [19.06260917253336, 47.47217998431695], [19.062598778973427, 47.47218145741165], [19.062595593850222, 47.47217091911786], [19.06260615504822, 47.472169559337864], [19.06260079063019, 47.47215188219469], [19.062590229432193, 47.472153241975136], [19.062587044308987, 47.47214281699075], [19.062597605506983, 47.47214145721002], [19.062592241088954, 47.47212378005739], [19.06258184752902, 47.472125139838575], [19.062578662405816, 47.47211471484861], [19.062589223603812, 47.47211324175203], [19.062583859185782, 47.47209567790507], [19.062573297987786, 47.47209703768698], [19.06257011286458, 47.472086612691434], [19.062580674062577, 47.47208513959407], [19.062575309644547, 47.472067462422494], [19.062564916084614, 47.47206893552036], [19.06256173096141, 47.47205851051923], [19.062572292159405, 47.472057037421095], [19.062566927741376, 47.47203936024006], [19.06255636654338, 47.47204083333871], [19.062553181420174, 47.47203040833202], [19.06256374261817, 47.472028935233084], [19.06255837820014, 47.4720112580426], [19.062547984640208, 47.47201273114203], [19.062544799517003, 47.472002306129774], [19.062555360715, 47.47200083303004], [19.06254999629697, 47.47198315583011], [19.062539435098973, 47.47198462893033], [19.062536249975768, 47.471974090597065], [19.062546811173764, 47.47197273081198], [19.062541614393798, 47.47195505360259], [19.0625310531958, 47.47195652670359], [19.062527868072596, 47.471945988364695], [19.062538429270592, 47.471944515263395], [19.062533064852563, 47.47192695136005], [19.062522503654566, 47.471928424461844], [19.06251931853136, 47.4719178861173], [19.062529879729357, 47.471916526330766], [19.06252468294939, 47.471898849102466], [19.062514121751395, 47.47190032220505], [19.06251093662819, 47.47188978385489], [19.062521497826186, 47.471888424067615], [19.06252116255006, 47.47188785748958], [19.062564413170424, 47.47188785748958]]]}}, {"type": "Feature", "properties": {"id": 3312, "roomCode": "LD-7-702-05-71", "roomNumber": "7-702", "roomName": "7-702 F\u00e9rfi WC el\u0151t\u00e9r", "roomType": "social", "floorId": 23, "level": 7, "fillSource": "mvt"}, "geometry": {"type": "Polygon", "coordinates": [[[19.062555181302503, 47.47224829226414], [19.06256188682504, 47.47227027512797], [19.062531376697496, 47.47227446773497], [19.06252467117496, 47.472252484872904], [19.062555181302503, 47.47224829226414]]]}}, {"type": "Feature", "properties": {"id": 2458, "roomCode": "LD-7-703-05-71", "roomNumber": "7-703", "roomName": "7-703 F\u00e9rfi WC csoport", "roomType": "social", "floorId": 23, "level": 7, "fillSource": "mvt"}, "geometry": {"type": "Polygon", "coordinates": [[[19.062590515023086, 47.47224909443702], [19.062595376526925, 47.47226518498964], [19.062605099534604, 47.472269604225055], [19.062599232202384, 47.47227560985209], [19.062591017937276, 47.47227187049949], [19.06255363464913, 47.472277082930304], [19.062546929126594, 47.472255100066384], [19.062590515023086, 47.47224909443702]]]}}, {"type": "Feature", "properties": {"id": 2951, "roomCode": "LD-7-704-04-63", "roomNumber": "7-704", "roomName": "7-704 El\u0151t\u00e9r", "roomType": "corridor", "floorId": 23, "level": 7, "fillSource": "mvt"}, "geometry": {"type": "Polygon", "coordinates": [[[19.062559068872567, 47.47223924308317], [19.06255923651063, 47.4722400362791], [19.06256124816739, 47.4722398096517], [19.06256510384285, 47.472252500784975], [19.06254951350295, 47.47225272741233], [19.06254599310362, 47.472240942788716], [19.062559068872567, 47.47223924308317]]]}}, {"type": "Feature", "properties": {"id": 2699, "roomCode": "LD-7-705-05-73", "roomNumber": "7-705", "roomName": "7-705 F\u00e9rfi \u00f6lt\u00f6z\u0151", "roomType": "social", "floorId": 23, "level": 7, "fillSource": "mvt"}, "geometry": {"type": "Polygon", "coordinates": [[[19.06260882982504, 47.47222458267192], [19.062615200071452, 47.47224554570323], [19.06257161417496, 47.472251551326885], [19.06256524392855, 47.47223058829796], [19.06260882982504, 47.47222458267192]]]}}, {"type": "Feature", "properties": {"id": 2761, "roomCode": "LD-7-706-05-71", "roomNumber": "7-706", "roomName": "7-706 Mosd\u00f3-zuhany", "roomType": "social", "floorId": 23, "level": 7, "fillSource": "mvt"}, "geometry": {"type": "Polygon", "coordinates": [[[19.062569169940566, 47.472220965899844], [19.062573025616025, 47.47223377034347], [19.06254637116394, 47.472237396380045], [19.06254435950718, 47.47223025762031], [19.062555926533555, 47.472228671229125], [19.06255374723873, 47.47222119252718], [19.062569169940566, 47.472220965899844]]]}}, {"type": "Feature", "properties": {"id": 3622, "roomCode": "LD-7-707-05-71", "roomNumber": "7-707", "roomName": "7-707 WC", "roomType": "social", "floorId": 23, "level": 7, "fillSource": "mvt"}, "geometry": {"type": "Polygon", "coordinates": [[[19.06254613375192, 47.47222875070993], [19.062551665808012, 47.47224710752594], [19.06254127224808, 47.47224846728983], [19.062535740191986, 47.4722301104743], [19.06254613375192, 47.47222875070993]]]}}, {"type": "Feature", "properties": {"id": 3184, "roomCode": "LD-7-708-01-14", "roomNumber": "7-708", "roomName": "7-708 Talajtzool\u00f3giai Labort\u00f3rium", "roomType": "educational", "floorId": 23, "level": 7, "fillSource": "mvt"}, "geometry": {"type": "Polygon", "coordinates": [[[19.06261538043172, 47.4721924925653], [19.062623427058764, 47.47221934789544], [19.062548157568283, 47.47222965943207], [19.06254011094124, 47.472202804107184], [19.06261538043172, 47.4721924925653]]]}}, {"type": "Feature", "properties": {"id": 2379, "roomCode": "LD-7-709-01-14", "roomNumber": "7-709", "roomName": "7-709 Melegszoba", "roomType": "educational", "floorId": 23, "level": 7, "fillSource": "mvt"}, "geometry": {"type": "Polygon", "coordinates": [[[19.062585018411685, 47.47216541871517], [19.062592729762603, 47.472190914716], [19.062557525769282, 47.47219578728364], [19.062549982056428, 47.47217029128517], [19.062585018411685, 47.47216541871517]]]}}, {"type": "Feature", "properties": {"id": 2502, "roomCode": "LD-7-710-01-13", "roomNumber": "7-710", "roomName": "7-710 Doktorandusz szoba", "roomType": "educational", "floorId": 23, "level": 7, "fillSource": "mvt"}, "geometry": {"type": "Polygon", "coordinates": [[[19.062631226626266, 47.47213222106213], [19.062647822794546, 47.472187632361404], [19.062572553304065, 47.47219794406914], [19.062564339038957, 47.47217074835207], [19.062603231069673, 47.472165309206964], [19.0625948491665, 47.472137206948304], [19.062631226626266, 47.47213222106213]]]}}, {"type": "Feature", "properties": {"id": 3193, "roomCode": "LD-7-711-01-13", "roomNumber": "7-711", "roomName": "7-711 Kutat\u00f3 MTA", "roomType": "educational", "floorId": 23, "level": 7, "fillSource": "mvt"}, "geometry": {"type": "Polygon", "coordinates": [[[19.062640696431718, 47.47210812730701], [19.062648910696826, 47.47213543633035], [19.062573473568282, 47.47214574803258], [19.062565259303174, 47.472118552330045], [19.062640696431718, 47.47210812730701]]]}}, {"type": "Feature", "properties": {"id": 2273, "roomCode": "LD-7-712-01-13", "roomNumber": "7-712", "roomName": "7-712 Oktat\u00f3", "roomType": "educational", "floorId": 23, "level": 7, "fillSource": "mvt"}, "geometry": {"type": "Polygon", "coordinates": [[[19.062649075612686, 47.47208009830365], [19.062657289877794, 47.47210729399698], [19.062582020387314, 47.47211760569368], [19.062573806122206, 47.4720904100057], [19.062649075612686, 47.47208009830365]]]}}, {"type": "Feature", "properties": {"id": 2606, "roomCode": "LD-7-713-01-13", "roomNumber": "7-713", "roomName": "7-713 Kutat\u00f3 MTA", "roomType": "educational", "floorId": 23, "level": 7, "fillSource": "mvt"}, "geometry": {"type": "Polygon", "coordinates": [[[19.062650262120734, 47.47205190499257], [19.06265596181489, 47.47207071533855], [19.06265596181489, 47.472079440617236], [19.062583039257298, 47.472089412362536], [19.06257482499219, 47.472062216689096], [19.062650262120734, 47.47205190499257]]]}}, {"type": "Feature", "properties": {"id": 2286, "roomCode": "LD-7-714-01-13", "roomNumber": "7-714", "roomName": "7-714 Oktat\u00f3", "roomType": "educational", "floorId": 23, "level": 7, "fillSource": "mvt"}, "geometry": {"type": "Polygon", "coordinates": [[[19.06264017779272, 47.472027045264284], [19.06264654803913, 47.47204812190528], [19.062640848344973, 47.47205390098279], [19.062616037911585, 47.47205730043986], [19.062616037911585, 47.47203033140779], [19.06264017779272, 47.472027045264284]]]}}, {"type": "Feature", "properties": {"id": 3092, "roomCode": "LD-7-715-04-63", "roomNumber": "7-715", "roomName": "7-715 El\u0151t\u00e9r", "roomType": "corridor", "floorId": 23, "level": 7, "fillSource": "mvt"}, "geometry": {"type": "Polygon", "coordinates": [[[19.062637349957594, 47.47201097441348], [19.062640702718863, 47.47202196598929], [19.062591920042404, 47.472028651585816], [19.062588567281136, 47.47201766001142], [19.062637349957594, 47.47201097441348]]]}}, {"type": "Feature", "properties": {"id": 2414, "roomCode": "LD-7-717-05-71", "roomNumber": "7-717", "roomName": "7-717 WC", "roomType": "social", "floorId": 23, "level": 7, "fillSource": "mvt"}, "geometry": {"type": "Polygon", "coordinates": [[[19.062611497028048, 47.47199503708759], [19.062616358531887, 47.47201135447273], [19.062605964971954, 47.472012714254596], [19.062601103468115, 47.471996510185065], [19.062611497028048, 47.47199503708759]]]}}, {"type": "Feature", "properties": {"id": 2751, "roomCode": "LD-7-718-05-71", "roomNumber": "7-718", "roomName": "7-718 WC", "roomType": "social", "floorId": 23, "level": 7, "fillSource": "mvt"}, "geometry": {"type": "Polygon", "coordinates": [[[19.062599771028047, 47.47199348774547], [19.062604632531887, 47.47200969181492], [19.062594238971954, 47.4720111649119], [19.062589377468115, 47.47199484752771], [19.062599771028047, 47.47199348774547]]]}}, {"type": "Feature", "properties": {"id": 3245, "roomCode": "LD-7-719-01-13", "roomNumber": "7-719", "roomName": "7-719 Tansz\u00e9kvezet\u0151", "roomType": "educational", "floorId": 23, "level": 7, "fillSource": "mvt"}, "geometry": {"type": "Polygon", "coordinates": [[[19.062569928480134, 47.471865817292965], [19.062586524648413, 47.47192077504699], [19.06251108751987, 47.471931086701645], [19.06249449135159, 47.47187612895841], [19.062569928480134, 47.471865817292965]]]}}, {"type": "Feature", "properties": {"id": 2817, "roomCode": "LD-7-720-02-33", "roomNumber": "7-720", "roomName": "7-720 \u00c1llatrendszertani \u00e9s \u00d6kol\u00f3giai Tansz\u00e9k Titk\u00e1rs\u00e1g", "roomType": "administrative", "floorId": 23, "level": 7, "fillSource": "mvt"}, "geometry": {"type": "Polygon", "coordinates": [[[19.062561408612687, 47.47192162203143], [19.062569622877795, 47.471948817642776], [19.062494353387315, 47.4719592426234], [19.062486139122207, 47.47193193370239], [19.062561408612687, 47.47192162203143]]]}}, {"type": "Feature", "properties": {"id": 2690, "roomCode": "LD-7-721-01-17", "roomNumber": "7-721", "roomName": "7-721 T\u00e1rgyal\u00f3", "roomType": "educational", "floorId": 23, "level": 7, "fillSource": "mvt"}, "geometry": {"type": "Polygon", "coordinates": [[[19.06254460848013, 47.471949742939245], [19.06256120464841, 47.472005040726664], [19.062485767519867, 47.47201546571286], [19.062469171351587, 47.471960054621235], [19.06254460848013, 47.471949742939245]]]}}, {"type": "Feature", "properties": {"id": 2643, "roomCode": "LD-7-722-01-13", "roomNumber": "7-722", "roomName": "7-722 Oktat\u00f3", "roomType": "educational", "floorId": 23, "level": 7, "fillSource": "mvt"}, "geometry": {"type": "Polygon", "coordinates": [[[19.06253610643172, 47.472005994330104], [19.062544320696826, 47.472033189985076], [19.062468883568283, 47.47204350166723], [19.062460669303174, 47.4720163060176], [19.06253610643172, 47.472005994330104]]]}}, {"type": "Feature", "properties": {"id": 3656, "roomCode": "LD-7-723-01-13", "roomNumber": "7-723", "roomName": "7-723 Oktat\u00f3", "roomType": "educational", "floorId": 23, "level": 7, "fillSource": "mvt"}, "geometry": {"type": "Polygon", "coordinates": [[[19.062527685341234, 47.47203402333358], [19.06253573196828, 47.47206133231841], [19.062460462477798, 47.472071644006085], [19.06245224821269, 47.47204444834191], [19.062527685341234, 47.47203402333358]]]}}, {"type": "Feature", "properties": {"id": 3426, "roomCode": "LD-7-724-01-13", "roomNumber": "7-724", "roomName": "7-724 Oktat\u00f3", "roomType": "educational", "floorId": 23, "level": 7, "fillSource": "mvt"}, "geometry": {"type": "Polygon", "coordinates": [[[19.062519181431718, 47.47206213832351], [19.062527395696826, 47.472089447322944], [19.062451958568282, 47.47209975901613], [19.062443744303174, 47.47207256333741], [19.062519181431718, 47.47206213832351]]]}}, {"type": "Feature", "properties": {"id": 2417, "roomCode": "LD-7-725-01-13", "roomNumber": "7-725", "roomName": "7-725 Kutat\u00f3 MTA", "roomType": "educational", "floorId": 23, "level": 7, "fillSource": "mvt"}, "geometry": {"type": "Polygon", "coordinates": [[[19.062510719431717, 47.472090252313436], [19.062518933696825, 47.47211756132748], [19.06244349656828, 47.472127873026174], [19.062435282303174, 47.47210067733292], [19.062510719431717, 47.472090252313436]]]}}, {"type": "Feature", "properties": {"id": 2860, "roomCode": "LD-7-726-01-13", "roomNumber": "7-726", "roomName": "7-726 Kutat\u00f3", "roomType": "educational", "floorId": 23, "level": 7, "fillSource": "mvt"}, "geometry": {"type": "Polygon", "coordinates": [[[19.062502257431717, 47.47211839563222], [19.062510471696825, 47.47214559134542], [19.06243503456828, 47.47215601636508], [19.062426820303173, 47.47212882065728], [19.062502257431717, 47.47211839563222]]]}}, {"type": "Feature", "properties": {"id": 3373, "roomCode": "LD-7-727-01-13", "roomNumber": "7-727", "roomName": "7-727 Oktat\u00f3", "roomType": "educational", "floorId": 23, "level": 7, "fillSource": "mvt"}, "geometry": {"type": "Polygon", "coordinates": [[[19.062493795431717, 47.47214653795105], [19.062502009696825, 47.472173733678794], [19.06242657256828, 47.472184158704025], [19.062418358303173, 47.47215684966614], [19.062493795431717, 47.47214653795105]]]}}, {"type": "Feature", "properties": {"id": 3497, "roomCode": "LD-7-728-01-13", "roomNumber": "7-728", "roomName": "7-728 Kutat\u00f3", "roomType": "educational", "floorId": 23, "level": 7, "fillSource": "mvt"}, "geometry": {"type": "Polygon", "coordinates": [[[19.062489205870982, 47.472182147768116], [19.062495576117392, 47.47220311115155], [19.06242013898885, 47.47221353618235], [19.06241192472374, 47.472186227129875], [19.06244176429903, 47.472182147768116], [19.062489205870982, 47.472182147768116]]]}}, {"type": "Feature", "properties": {"id": 3292, "roomCode": "LD-7-729-01-13", "roomNumber": "7-729", "roomName": "7-729 Oktat\u00f3", "roomType": "educational", "floorId": 23, "level": 7, "fillSource": "mvt"}, "geometry": {"type": "Polygon", "coordinates": [[[19.062476871431716, 47.472202767262715], [19.062485085696824, 47.472229962539174], [19.06240964856828, 47.472240387391416], [19.062401434303172, 47.47221307880669], [19.062476871431716, 47.472202767262715]]]}}, {"type": "Feature", "properties": {"id": 3387, "roomCode": "LD-7-730-01-14", "roomNumber": "7-730", "roomName": "7-730 Viselked\u00e9s\u00f6kol\u00f3giai laborat\u00f3rium", "roomType": "educational", "floorId": 23, "level": 7, "fillSource": "mvt"}, "geometry": {"type": "Polygon", "coordinates": [[[19.062459987480132, 47.47223091667196], [19.06247658364841, 47.47228621377844], [19.062401146519868, 47.472296525322605], [19.062384550351588, 47.47224122822697], [19.062459987480132, 47.47223091667196]]]}}]}