{"type": "FeatureCollection", "features": [{"type": "Feature", "properties": {"id": 36618, "roomCode": "LK--1-001-06-89", "roomNumber": "A 001", "roomName": "Szell\u0151z\u0151 g\u00e9ph\u00e1z (radiol\u00f3gia)", "roomType": "technical", "floorId": 4, "level": -1, "fillSource": "catalog-bbox"}, "geometry": {"type": "Polygon", "coordinates": [[[19.06152656594534, 47.47511131547165], [19.061611392054665, 47.47511131547165], [19.061611392054665, 47.47517425052835], [19.06152656594534, 47.47517425052835], [19.06152656594534, 47.47511131547165]]]}}, {"type": "Feature", "properties": {"id": 36619, "roomCode": "LK--1-001/A-01-15", "roomNumber": "A 001/A", "roomName": "Vegyszer el\u0151k\u00e9sz\u00edt\u0151", "roomType": "educational", "floorId": 4, "level": -1, "fillSource": "mvt"}, "geometry": {"type": "Polygon", "coordinates": [[[19.061574611, 47.475173947], [19.061588611, 47.475226947], [19.061520611, 47.475235947], [19.061504611, 47.475182947], [19.061574611, 47.475173947]]]}}, {"type": "Feature", "properties": {"id": 36617, "roomCode": "LK--1-002-06-89", "roomNumber": "A 002/02", "roomName": "Akt\u00edv szennyv\u00edz ellen\u0151rz\u0151 helyis\u00e9g", "roomType": "technical", "floorId": 4, "level": -1, "fillSource": "catalog-bbox"}, "geometry": {"type": "Polygon", "coordinates": [[[19.061543728095735, 47.4750278049321], [19.061637251904266, 47.4750278049321], [19.061637251904266, 47.475118603067905], [19.061543728095735, 47.475118603067905], [19.061543728095735, 47.4750278049321]]]}}, {"type": "Feature", "properties": {"id": 36621, "roomCode": "LK--1-004-06-89", "roomNumber": "*P.XXX", "roomName": "Szell\u0151z\u0151 g\u00e9ph\u00e1z", "roomType": "technical", "floorId": 4, "level": -1, "fillSource": "catalog-bbox"}, "geometry": {"type": "Polygon", "coordinates": [[[19.06140753754785, 47.47509555126633], [19.061492148452146, 47.47509555126633], [19.061492148452146, 47.475159142733666], [19.06140753754785, 47.475159142733666], [19.06140753754785, 47.47509555126633]]]}}, {"type": "Feature", "properties": {"id": 36620, "roomCode": "LK--1-005/04-06-89", "roomNumber": "A 005/04", "roomName": "Szell\u0151z\u0151 g\u00e9ph\u00e1z (radiol\u00f3gia)", "roomType": "technical", "floorId": 4, "level": -1, "fillSource": "catalog-bbox"}, "geometry": {"type": "Polygon", "coordinates": [[[19.06139048666154, 47.47515163611362], [19.061475673338464, 47.47515163611362], [19.061475673338464, 47.475214139886376], [19.06139048666154, 47.475214139886376], [19.06139048666154, 47.47515163611362]]]}}, {"type": "Feature", "properties": {"id": 36603, "roomCode": "LK--1-005/A-06-87", "roomNumber": "A 005/a", "roomName": "H\u0151k\u00f6zpont", "roomType": "technical", "floorId": 4, "level": -1, "fillSource": "catalog-bbox"}, "geometry": {"type": "Polygon", "coordinates": [[[19.06162991609853, 47.47471119904809], [19.061726173901473, 47.47471119904809], [19.061726173901473, 47.47481494895191], [19.06162991609853, 47.47481494895191], [19.06162991609853, 47.47471119904809]]]}}, {"type": "Feature", "properties": {"id": 36610, "roomCode": "LK--1-005/B-06-89", "roomNumber": "XXX", "roomName": "Akna", "roomType": "technical", "floorId": 4, "level": -1, "fillSource": "catalog-bbox"}, "geometry": {"type": "Polygon", "coordinates": [[[19.06165213374357, 47.4746904072692], [19.061735874256428, 47.4746904072692], [19.061735874256428, 47.47472276873079], [19.06165213374357, 47.47472276873079], [19.06165213374357, 47.4746904072692]]]}}, {"type": "Feature", "properties": {"id": 36609, "roomCode": "LK--1-006-06-89", "roomNumber": "A 006", "roomName": "Bojler t\u00e9r", "roomType": "technical", "floorId": 4, "level": -1, "fillSource": "catalog-bbox"}, "geometry": {"type": "Polygon", "coordinates": [[[19.061657025296604, 47.47463045251234], [19.0617523907034, 47.47463045251234], [19.0617523907034, 47.47469786748766], [19.061657025296604, 47.47469786748766], [19.061657025296604, 47.47463045251234]]]}}, {"type": "Feature", "properties": {"id": 36608, "roomCode": "LK--1-007-04-64", "roomNumber": "*P-KX", "roomName": "G\u00e9p\u00e9szeti l\u00e9pcs\u0151t\u00e9r", "roomType": "corridor", "floorId": 4, "level": -1, "fillSource": "mvt"}, "geometry": {"type": "Polygon", "coordinates": [[[19.061747941, 47.474618954], [19.061751941, 47.474631954], [19.061672941, 47.474641954], [19.061668941, 47.474628954], [19.061747941, 47.474618954]]]}}, {"type": "Feature", "properties": {"id": 36607, "roomCode": "LK--1-009/A-06-84", "roomNumber": "*P.XXX", "roomName": "Rakt\u00e1r", "roomType": "technical", "floorId": 4, "level": -1, "fillSource": "catalog-bbox"}, "geometry": {"type": "Polygon", "coordinates": [[[19.061768007052926, 47.47472956700195], [19.061796050947073, 47.47472956700195], [19.061796050947073, 47.474748488998046], [19.061768007052926, 47.474748488998046], [19.061768007052926, 47.47472956700195]]]}}, {"type": "Feature", "properties": {"id": 36602, "roomCode": "LK--1-009/B-06-89", "roomNumber": "A 006", "roomName": "Hidrofor", "roomType": "technical", "floorId": 4, "level": -1, "fillSource": "catalog-bbox"}, "geometry": {"type": "Polygon", "coordinates": [[[19.061773119794882, 47.47467338359785], [19.061856660205116, 47.47467338359785], [19.061856660205116, 47.47473679640215], [19.061773119794882, 47.47473679640215], [19.061773119794882, 47.47467338359785]]]}}, {"type": "Feature", "properties": {"id": 36601, "roomCode": "LK--1-009/C-06-89", "roomNumber": "*P.XXX", "roomName": "S\u0171r\u00edtett leveg\u0151 k\u00f6zpont", "roomType": "technical", "floorId": 4, "level": -1, "fillSource": "catalog-bbox"}, "geometry": {"type": "Polygon", "coordinates": [[[19.061790293319984, 47.47461813012538], [19.061872564680016, 47.47461813012538], [19.061872564680016, 47.47468003787461], [19.061790293319984, 47.47468003787461], [19.061790293319984, 47.47461813012538]]]}}, {"type": "Feature", "properties": {"id": 36606, "roomCode": "LK--1-010-06-84", "roomNumber": "A 010", "roomName": "Rakt\u00e1r", "roomType": "technical", "floorId": 4, "level": -1, "fillSource": "catalog-bbox"}, "geometry": {"type": "Polygon", "coordinates": [[[19.06178780717183, 47.47473311324881], [19.061840400828167, 47.47473311324881], [19.061840400828167, 47.474774360751184], [19.06178780717183, 47.474774360751184], [19.06178780717183, 47.47473311324881]]]}}, {"type": "Feature", "properties": {"id": 36605, "roomCode": "LK--1-011-06-84", "roomNumber": "A 011", "roomName": "Rakt\u00e1r", "roomType": "technical", "floorId": 4, "level": -1, "fillSource": "catalog-bbox"}, "geometry": {"type": "Polygon", "coordinates": [[[19.06177347295469, 47.47479039755851], [19.061824613045314, 47.47479039755851], [19.061824613045314, 47.4748489844415], [19.06177347295469, 47.4748489844415], [19.06177347295469, 47.47479039755851]]]}}, {"type": "Feature", "properties": {"id": 36604, "roomCode": "LK--1-012-06-82", "roomNumber": "A 012", "roomName": "G\u00e1zfogad\u00f3", "roomType": "technical", "floorId": 4, "level": -1, "fillSource": "catalog-bbox"}, "geometry": {"type": "Polygon", "coordinates": [[[19.06173858799772, 47.47478417942423], [19.061785596002277, 47.47478417942423], [19.061785596002277, 47.47484350057577], [19.06173858799772, 47.47484350057577], [19.06173858799772, 47.47478417942423]]]}}, {"type": "Feature", "properties": {"id": 36432, "roomCode": "LK--1-015-06-82", "roomNumber": "A 05", "roomName": "H\u0151fogad\u00f3", "roomType": "technical", "floorId": 4, "level": -1, "fillSource": "catalog-bbox"}, "geometry": {"type": "Polygon", "coordinates": [[[19.06125253480854, 47.47460187464642], [19.061338303191462, 47.47460187464642], [19.061338303191462, 47.47466907735359], [19.06125253480854, 47.47466907735359], [19.06125253480854, 47.47460187464642]]]}}, {"type": "Feature", "properties": {"id": 36613, "roomCode": "LK--1-017-06-87", "roomNumber": "a 017", "roomName": "H\u0151k\u00f6zpont", "roomType": "technical", "floorId": 4, "level": -1, "fillSource": "catalog-bbox"}, "geometry": {"type": "Polygon", "coordinates": [[[19.061363726100648, 47.47461598146755], [19.06145516189935, 47.47461598146755], [19.06145516189935, 47.47467990453246], [19.061363726100648, 47.47467990453246], [19.061363726100648, 47.47461598146755]]]}}, {"type": "Feature", "properties": {"id": 36431, "roomCode": "LK--1-018-04-64", "roomNumber": "xyz", "roomName": "V\u00e9szkij\u00e1rat", "roomType": "corridor", "floorId": 4, "level": -1, "fillSource": "mvt"}, "geometry": {"type": "Polygon", "coordinates": [[[19.06124369, 47.474600828], [19.06126169, 47.474658828], [19.06120569, 47.474666828], [19.06118769, 47.474607828], [19.06124369, 47.474600828]]]}}, {"type": "Feature", "properties": {"id": 36644, "roomCode": "LK--1-018/A-06-93", "roomNumber": "018/A", "roomName": "T\u00e1rol\u00f3", "roomType": "technical", "floorId": 4, "level": -1, "fillSource": "catalog-bbox"}, "geometry": {"type": "Polygon", "coordinates": [[[19.061387808437438, 47.475207955743855], [19.061467207562565, 47.475207955743855], [19.061467207562565, 47.47522542225614], [19.061387808437438, 47.47522542225614], [19.061387808437438, 47.475207955743855]]]}}, {"type": "Feature", "properties": {"id": 36430, "roomCode": "LK--1-019-06-82", "roomNumber": "019", "roomName": "V\u00edzk\u00f6zpont", "roomType": "technical", "floorId": 4, "level": -1, "fillSource": "catalog-bbox"}, "geometry": {"type": "Polygon", "coordinates": [[[19.061114517307153, 47.47458314546817], [19.061204490692845, 47.47458314546817], [19.061204490692845, 47.47464577253182], [19.061114517307153, 47.47464577253182], [19.061114517307153, 47.47458314546817]]]}}, {"type": "Feature", "properties": {"id": 36612, "roomCode": "LK--1-100/11-04-63", "roomNumber": "-100/11", "roomName": "Folyos\u00f3", "roomType": "corridor", "floorId": 4, "level": -1, "fillSource": "mvt"}, "geometry": {"type": "Polygon", "coordinates": [[[19.06136581, 47.474371528], [19.06135281, 47.474327528], [19.06138981, 47.474327528], [19.06147281, 47.474601528], [19.06144481, 47.474605528], [19.06144281, 47.474598528], [19.06143481, 47.474599528], [19.06141981, 47.474552528], [19.06142881, 47.474551528], [19.06142681, 47.474542528], [19.06141781, 47.474544528], [19.06140381, 47.474496528], [19.06141181, 47.474495528], [19.06140981, 47.474486528], [19.06140081, 47.474487528], [19.06138681, 47.474440528], [19.06139581, 47.474439528], [19.06139181, 47.474426528], [19.06138281, 47.474427528], [19.06136881, 47.474379528], [19.06137781, 47.474379528], [19.06137581, 47.474370528], [19.06136581, 47.474371528]]]}}, {"type": "Feature", "properties": {"id": 36616, "roomCode": "LK--1-100/3-04-63", "roomNumber": "-100/3", "roomName": "Folyos\u00f3", "roomType": "corridor", "floorId": 4, "level": -1, "fillSource": "mvt"}, "geometry": {"type": "Polygon", "coordinates": [[[19.061483609, 47.474819734], [19.061485609, 47.474824734], [19.061492609, 47.474824734], [19.061508609, 47.474877734], [19.061502609, 47.474881734], [19.061510609, 47.474880734], [19.061526609, 47.474933734], [19.061518609, 47.474934734], [19.061526609, 47.474936734], [19.061542609, 47.474989734], [19.061534609, 47.474990734], [19.061543609, 47.474992734], [19.061558609, 47.475046734], [19.061551609, 47.475047734], [19.061559609, 47.475048734], [19.061575609, 47.475102734], [19.061567609, 47.475103734], [19.061577609, 47.475104734], [19.061593609, 47.475158734], [19.061585609, 47.475159734], [19.061586609, 47.475165734], [19.061594609, 47.475164734], [19.061610609, 47.475218734], [19.061604609, 47.475221734], [19.061612609, 47.475220734], [19.061626609, 47.475274734], [19.061620609, 47.475278734], [19.061581609, 47.475280734], [19.061565609, 47.475226734], [19.061571609, 47.475223734], [19.061563609, 47.475224734], [19.061547609, 47.475171734], [19.061555609, 47.475170734], [19.061553609, 47.475163734], [19.061546609, 47.475164734], [19.061530609, 47.475111734], [19.061536609, 47.475106734], [19.061528609, 47.475108734], [19.061512609, 47.475055734], [19.061519609, 47.475051734], [19.061512609, 47.475052734], [19.061496609, 47.474998734], [19.061504609, 47.474997734], [19.061495609, 47.474996734], [19.061479609, 47.474942734], [19.061487609, 47.474938734], [19.061479609, 47.474939734], [19.061463609, 47.474886734], [19.061471609, 47.474885734], [19.061453609, 47.474826734], [19.061460609, 47.474825734], [19.061483609, 47.474819734]]]}}, {"type": "Feature", "properties": {"id": 36600, "roomCode": "LK--1-100/4-04-63", "roomNumber": "*P-KX", "roomName": "Folyos\u00f3", "roomType": "corridor", "floorId": 4, "level": -1, "fillSource": "mvt"}, "geometry": {"type": "Polygon", "coordinates": [[[19.061779145, 47.474567493], [19.061764145, 47.474518493], [19.061813145, 47.474518493], [19.061827145, 47.474561493], [19.061812145, 47.474563493], [19.061814145, 47.474569493], [19.061791145, 47.474572493], [19.061789145, 47.474566493], [19.061779145, 47.474567493]]]}}, {"type": "Feature", "properties": {"id": 36611, "roomCode": "LK--1-100/5-04-63", "roomNumber": "-100/5", "roomName": "Folyos\u00f3", "roomType": "corridor", "floorId": 4, "level": -1, "fillSource": "mvt"}, "geometry": {"type": "Polygon", "coordinates": [[[19.061735913, 47.474605469], [19.061751913, 47.474659469], [19.061743913, 47.474660469], [19.061748913, 47.474678469], [19.061768913, 47.474715469], [19.061759913, 47.474716469], [19.061760913, 47.474719469], [19.061769913, 47.474718469], [19.061786913, 47.474771469], [19.061776913, 47.474772469], [19.061786913, 47.474774469], [19.061802913, 47.474827469], [19.061643913, 47.474848469], [19.061629913, 47.474795469], [19.061635913, 47.474794469], [19.061627913, 47.474792469], [19.061611913, 47.474740469], [19.061619913, 47.474739469], [19.061611913, 47.474737469], [19.061595913, 47.474682469], [19.061602913, 47.474680469], [19.061594913, 47.474681469], [19.061578913, 47.474626469], [19.061586913, 47.474625469], [19.061735913, 47.474605469]]]}}, {"type": "Feature", "properties": {"id": 36614, "roomCode": "LK--1-100/6-04-63", "roomNumber": "-100/6", "roomName": "Folyos\u00f3", "roomType": "corridor", "floorId": 4, "level": -1, "fillSource": "mvt"}, "geometry": {"type": "Polygon", "coordinates": [[[19.062115798, 47.474766602], [19.062120798, 47.474783602], [19.061784798, 47.474828602], [19.061746798, 47.474831602], [19.061742798, 47.474816602], [19.062115798, 47.474766602]]]}}, {"type": "Feature", "properties": {"id": 36615, "roomCode": "LK--1-100/8-04-63", "roomNumber": "-100/8", "roomName": "Folyos\u00f3", "roomType": "corridor", "floorId": 4, "level": -1, "fillSource": "mvt"}, "geometry": {"type": "Polygon", "coordinates": [[[19.061468572, 47.474643455], [19.061468572, 47.474671455], [19.061437572, 47.474676455], [19.061435572, 47.474669455], [19.061280572, 47.474690455], [19.061283572, 47.474696455], [19.061225572, 47.474705455], [19.061224572, 47.474697455], [19.061146572, 47.474711455], [19.061140572, 47.474688455], [19.061468572, 47.474643455]]]}}, {"type": "Feature", "properties": {"id": 36452, "roomCode": "LK--1-125-06-87", "roomNumber": "P.75 (-1.25)", "roomName": "H\u0151k\u00f6zpont", "roomType": "technical", "floorId": 4, "level": -1, "fillSource": "catalog-bbox"}, "geometry": {"type": "Polygon", "coordinates": [[[19.061542141980556, 47.474297439639], [19.061739886019446, 47.474297439639], [19.061739886019446, 47.474419854361], [19.061542141980556, 47.474419854361], [19.061542141980556, 47.474297439639]]]}}, {"type": "Feature", "properties": {"id": 36623, "roomCode": "LK--1-L1-04-64", "roomNumber": "*P-KX - A006/4", "roomName": "L\u00e9pcs\u0151h\u00e1z", "roomType": "corridor", "floorId": 4, "level": -1, "fillSource": "mvt"}, "geometry": {"type": "Polygon", "coordinates": [[[19.0614271, 47.47522316], [19.0614391, 47.47524416], [19.0614321, 47.47524416], [19.0614421, 47.47527616], [19.0613641, 47.47528616], [19.0613481, 47.47523416], [19.0614271, 47.47522316]]]}}, {"type": "Feature", "properties": {"id": 36553, "roomCode": "L\u00c9--1-028-04-62", "roomNumber": "P.28", "roomName": "Bel\u00e9p\u0151t\u00e9r", "roomType": "corridor", "floorId": 4, "level": -1, "fillSource": "mvt"}, "geometry": {"type": "Polygon", "coordinates": [[[19.062442454, 47.47446918], [19.062444454, 47.47447318], [19.062464454, 47.47447118], [19.062477454, 47.47451518], [19.062457454, 47.47451718], [19.062459454, 47.47452118], [19.062394454, 47.47453018], [19.062378454, 47.47447818], [19.062442454, 47.47446918]]]}}, {"type": "Feature", "properties": {"id": 36594, "roomCode": "L\u00c9--1-100-06-86", "roomNumber": "P.14 (-1.100)", "roomName": "Szell\u0151z\u0151 g\u00e9ph\u00e1z", "roomType": "technical", "floorId": 4, "level": -1, "fillSource": "catalog-bbox"}, "geometry": {"type": "Polygon", "coordinates": [[[19.06225648061368, 47.47486077326344], [19.06237374938632, 47.47486077326344], [19.06237374938632, 47.47497745273655], [19.06225648061368, 47.47497745273655], [19.06225648061368, 47.47486077326344]]]}}, {"type": "Feature", "properties": {"id": 36588, "roomCode": "L\u00c9--1-101-01-14", "roomNumber": "P.16-18 B8 (-1.101)", "roomName": "H\u00e9lium visszanyer\u0151", "roomType": "educational", "floorId": 4, "level": -1, "fillSource": "mvt"}, "geometry": {"type": "Polygon", "coordinates": [[[19.062383909, 47.47473162], [19.062416909, 47.47484162], [19.062342909, 47.47485162], [19.062340909, 47.47484562], [19.062329909, 47.47484662], [19.062326909, 47.47483662], [19.062337909, 47.47483462], [19.062309909, 47.47474162], [19.062383909, 47.47473162]]]}}, {"type": "Feature", "properties": {"id": 36585, "roomCode": "L\u00c9--1-102-01-14", "roomNumber": "P.20 B7 (-1.102)", "roomName": "R\u00f6ntgen fluoreszcencia labor", "roomType": "educational", "floorId": 4, "level": -1, "fillSource": "mvt"}, "geometry": {"type": "Polygon", "coordinates": [[[19.062414917, 47.474697694], [19.062430917, 47.474750694], [19.062356917, 47.474760694], [19.062346917, 47.474724694], [19.062335917, 47.474726694], [19.062340917, 47.474707694], [19.062414917, 47.474697694]]]}}, {"type": "Feature", "properties": {"id": 36584, "roomCode": "L\u00c9--1-103-01-14", "roomNumber": "P.22 B7 (-1.103)", "roomName": "Gamma spektroszk\u00f3piai labor", "roomType": "educational", "floorId": 4, "level": -1, "fillSource": "mvt"}, "geometry": {"type": "Polygon", "coordinates": [[[19.062440179, 47.474646317], [19.062454179, 47.474696317], [19.062381179, 47.474706317], [19.062371179, 47.474675317], [19.062360179, 47.474676317], [19.062356179, 47.474664317], [19.062367179, 47.474662317], [19.062366179, 47.474656317], [19.062440179, 47.474646317]]]}}, {"type": "Feature", "properties": {"id": 36580, "roomCode": "L\u00c9--1-104-04-62", "roomNumber": "P.24 B7 (-1.104)", "roomName": "\u00d6lt\u00f6z\u0151 el\u0151t\u00e9r", "roomType": "corridor", "floorId": 4, "level": -1, "fillSource": "mvt"}, "geometry": {"type": "Polygon", "coordinates": [[[19.062383435, 47.474609419], [19.062390435, 47.474636419], [19.062375435, 47.474637419], [19.062367435, 47.474612419], [19.062383435, 47.474609419]]]}}, {"type": "Feature", "properties": {"id": 36582, "roomCode": "L\u00c9--1-104/A-05-73", "roomNumber": "P.24 B7 (-1.104)", "roomName": "\u00d6lt\u00f6z\u0151", "roomType": "social", "floorId": 4, "level": -1, "fillSource": "mvt"}, "geometry": {"type": "Polygon", "coordinates": [[[19.062411653, 47.474612315], [19.062419653, 47.474638315], [19.062391653, 47.474642315], [19.062383653, 47.474615315], [19.062411653, 47.474612315]]]}}, {"type": "Feature", "properties": {"id": 36583, "roomCode": "L\u00c9--1-104/B-05-72", "roomNumber": "P.24 B7", "roomName": "Zuhanyz\u00f3", "roomType": "social", "floorId": 4, "level": -1, "fillSource": "mvt"}, "geometry": {"type": "Polygon", "coordinates": [[[19.062440709, 47.474588479], [19.062456709, 47.474642479], [19.062444709, 47.474642479], [19.062440709, 47.474635479], [19.062442709, 47.474643479], [19.062430709, 47.474644479], [19.062414709, 47.474592479], [19.062426709, 47.474590479], [19.062429709, 47.474598479], [19.062429709, 47.474590479], [19.062440709, 47.474588479]]]}}, {"type": "Feature", "properties": {"id": 36579, "roomCode": "L\u00c9--1-105-04-62", "roomNumber": "P.24 B7 (-1.05)", "roomName": "\u00d6lt\u00f6z\u0151 el\u0151t\u00e9r", "roomType": "corridor", "floorId": 4, "level": -1, "fillSource": "mvt"}, "geometry": {"type": "Polygon", "coordinates": [[[19.06239153, 47.474582788], [19.06239853, 47.474608788], [19.06238353, 47.474610788], [19.06237553, 47.474584788], [19.06239153, 47.474582788]]]}}, {"type": "Feature", "properties": {"id": 36581, "roomCode": "L\u00c9--1-105/A-05-73", "roomNumber": "P.24 B7 (-1.05)", "roomName": "\u00d6lt\u00f6z\u0151", "roomType": "social", "floorId": 4, "level": -1, "fillSource": "mvt"}, "geometry": {"type": "Polygon", "coordinates": [[[19.062419718, 47.474584891], [19.062427718, 47.474610891], [19.062399718, 47.474614891], [19.062391718, 47.474588891], [19.062419718, 47.474584891]]]}}, {"type": "Feature", "properties": {"id": 36555, "roomCode": "L\u00c9--1-106-02-35", "roomNumber": "P.26 T\u00c9R (-1.106)", "roomName": "Nyomdai el\u0151k\u00e9sz\u00edt\u0151", "roomType": "administrative", "floorId": 4, "level": -1, "fillSource": "mvt"}, "geometry": {"type": "Polygon", "coordinates": [[[19.062411017, 47.474538603], [19.062410017, 47.474535603], [19.062486017, 47.474535603], [19.062492017, 47.474555603], [19.062417017, 47.474566603], [19.062416017, 47.474564603], [19.062407017, 47.474565603], [19.062399017, 47.474539603], [19.062411017, 47.474538603]]]}}, {"type": "Feature", "properties": {"id": 36554, "roomCode": "L\u00c9--1-107-02-35", "roomNumber": "P.30 T\u00c9R (-1.107)", "roomName": "Nyomda", "roomType": "administrative", "floorId": 4, "level": -1, "fillSource": "mvt"}, "geometry": {"type": "Polygon", "coordinates": [[[19.062497977, 47.474411825], [19.062513977, 47.474461825], [19.062507977, 47.474462825], [19.062509977, 47.474467825], [19.062440977, 47.474476825], [19.062428977, 47.474435825], [19.062417977, 47.474437825], [19.062414977, 47.474424825], [19.062422977, 47.474423825], [19.062422977, 47.474420825], [19.062497977, 47.474411825]]]}}, {"type": "Feature", "properties": {"id": 36556, "roomCode": "L\u00c9--1-108-01-14", "roomNumber": "P.32; 34/B BB (-1.108)", "roomName": "Krioszt\u00e1t laborat\u00f3rium", "roomType": "educational", "floorId": 4, "level": -1, "fillSource": "mvt"}, "geometry": {"type": "Polygon", "coordinates": [[[19.062517847, 47.474335284], [19.062532847, 47.474384284], [19.062526847, 47.474384284], [19.062536847, 47.474418284], [19.062468847, 47.474427284], [19.062448847, 47.474362284], [19.062438847, 47.474364284], [19.062435847, 47.474352284], [19.062444847, 47.474350284], [19.062443847, 47.474345284], [19.062517847, 47.474335284]]]}}, {"type": "Feature", "properties": {"id": 36562, "roomCode": "L\u00c9--1-109-01-14", "roomNumber": "P.36; 34/A B4", "roomName": "P\u00e1szt\u00e1z\u00f3 elektronmikroszk\u00f3p laborat\u00f3rium", "roomType": "educational", "floorId": 4, "level": -1, "fillSource": "mvt"}, "geometry": {"type": "Polygon", "coordinates": [[[19.062544843, 47.474272924], [19.062561843, 47.474327924], [19.062492843, 47.474336924], [19.062482843, 47.474302924], [19.062472843, 47.474303924], [19.062468843, 47.474290924], [19.062477843, 47.474290924], [19.062475843, 47.474282924], [19.062544843, 47.474272924]]]}}, {"type": "Feature", "properties": {"id": 36564, "roomCode": "L\u00c9--1-109/A-01-13", "roomNumber": "P.38/B B4", "roomName": "Oktat\u00f3i szoba", "roomType": "educational", "floorId": 4, "level": -1, "fillSource": "mvt"}, "geometry": {"type": "Polygon", "coordinates": [[[19.062548407, 47.474220184], [19.062564407, 47.474273184], [19.062530407, 47.474278184], [19.062521407, 47.474249184], [19.062487407, 47.474254184], [19.062479407, 47.474229184], [19.062548407, 47.474220184]]]}}, {"type": "Feature", "properties": {"id": 36565, "roomCode": "L\u00c9--1-109/B-05-77", "roomNumber": "P.38C B4", "roomName": "Teakonyha", "roomType": "social", "floorId": 4, "level": -1, "fillSource": "mvt"}, "geometry": {"type": "Polygon", "coordinates": [[[19.062515809, 47.474212706], [19.062523809, 47.474238706], [19.062493809, 47.474242706], [19.062485809, 47.474216706], [19.062515809, 47.474212706]]]}}, {"type": "Feature", "properties": {"id": 36566, "roomCode": "L\u00c9--1-110-01-14", "roomNumber": "P.38/A B4", "roomName": "M\u00f6ssbauer laborat\u00f3rium", "roomType": "educational", "floorId": 4, "level": -1, "fillSource": "mvt"}, "geometry": {"type": "Polygon", "coordinates": [[[19.062557123, 47.474180293], [19.062565123, 47.474210293], [19.062498123, 47.474220293], [19.062489123, 47.474190293], [19.062557123, 47.474180293]]]}}, {"type": "Feature", "properties": {"id": 36567, "roomCode": "L\u00c9--1-111-01-14", "roomNumber": "P.40-42 B6 (-1.111)", "roomName": "Korecz laborat\u00f3rium", "roomType": "educational", "floorId": 4, "level": -1, "fillSource": "mvt"}, "geometry": {"type": "Polygon", "coordinates": [[[19.062591419, 47.47406822], [19.062623419, 47.47417422], [19.062555419, 47.47418322], [19.062554419, 47.47417722], [19.062542419, 47.47417922], [19.062539419, 47.47416622], [19.062550419, 47.47416522], [19.062527419, 47.47409122], [19.062518419, 47.47409222], [19.062514419, 47.47408022], [19.062523419, 47.47407922], [19.062591419, 47.47406822]]]}}, {"type": "Feature", "properties": {"id": 36453, "roomCode": "L\u00c9--1-112-06-89", "roomNumber": "P.44", "roomName": "Szell\u0151z\u0151 g\u00e9ph\u00e1z", "roomType": "technical", "floorId": 4, "level": -1, "fillSource": "catalog-bbox"}, "geometry": {"type": "Polygon", "coordinates": [[[19.06240540934123, 47.47399528348366], [19.062626772658763, 47.47399528348366], [19.062626772658763, 47.47407710851634], [19.06240540934123, 47.47407710851634], [19.06240540934123, 47.47399528348366]]]}}, {"type": "Feature", "properties": {"id": 36570, "roomCode": "L\u00c9--1-113-06-84", "roomNumber": "P.46 B1 (-1.13)", "roomName": "Rakt\u00e1r", "roomType": "technical", "floorId": 4, "level": -1, "fillSource": "catalog-bbox"}, "geometry": {"type": "Polygon", "coordinates": [[[19.062429319489823, 47.47405782985533], [19.062489782510177, 47.47405782985533], [19.062489782510177, 47.474117320144664], [19.062429319489823, 47.474117320144664], [19.062429319489823, 47.47405782985533]]]}}, {"type": "Feature", "properties": {"id": 36569, "roomCode": "L\u00c9--1-114-06-93", "roomNumber": "P.46/A B1 (-1.114)", "roomName": "Selejt t\u00e1rol\u00f3", "roomType": "technical", "floorId": 4, "level": -1, "fillSource": "catalog-bbox"}, "geometry": {"type": "Polygon", "coordinates": [[[19.062388373916452, 47.474080069962035], [19.06243522608355, 47.474080069962035], [19.06243522608355, 47.474111178037965], [19.062388373916452, 47.474111178037965], [19.062388373916452, 47.474080069962035]]]}}, {"type": "Feature", "properties": {"id": 36568, "roomCode": "L\u00c9--1-114/A-06-93", "roomNumber": "P.46/A B2  (-1.114)", "roomName": "Selejt t\u00e1rol\u00f3", "roomType": "technical", "floorId": 4, "level": -1, "fillSource": "catalog-bbox"}, "geometry": {"type": "Polygon", "coordinates": [[[19.062396545963125, 47.474052496553526], [19.06244331603688, 47.474052496553526], [19.06244331603688, 47.474084097446486], [19.062396545963125, 47.474084097446486], [19.062396545963125, 47.474052496553526]]]}}, {"type": "Feature", "properties": {"id": 36560, "roomCode": "L\u00c9--1-115-06-84", "roomNumber": "P.43 M2 (-1.115)", "roomName": "Rakt\u00e1r", "roomType": "technical", "floorId": 4, "level": -1, "fillSource": "catalog-bbox"}, "geometry": {"type": "Polygon", "coordinates": [[[19.062355134469804, 47.47416578182695], [19.062450065530193, 47.47416578182695], [19.062450065530193, 47.47422992617305], [19.062355134469804, 47.47422992617305], [19.062355134469804, 47.47416578182695]]]}}, {"type": "Feature", "properties": {"id": 36559, "roomCode": "L\u00c9--1-116-06-89", "roomNumber": "P.37-41 (-1.116)", "roomName": "Szell\u0151z\u0151 g\u00e9ph\u00e1z", "roomType": "technical", "floorId": 4, "level": -1, "fillSource": "catalog-bbox"}, "geometry": {"type": "Polygon", "coordinates": [[[19.062266540575518, 47.474215981524345], [19.06243949542448, 47.474215981524345], [19.06243949542448, 47.47439706447567], [19.062266540575518, 47.47439706447567], [19.062266540575518, 47.474215981524345]]]}}, {"type": "Feature", "properties": {"id": 36446, "roomCode": "L\u00c9--1-123-01-15", "roomNumber": "P.64/A B1 (-1.23)", "roomName": "El\u0151k\u00e9sz\u00edt\u0151", "roomType": "educational", "floorId": 4, "level": -1, "fillSource": "mvt"}, "geometry": {"type": "Polygon", "coordinates": [[[19.061779841, 47.474459595], [19.061786841, 47.474482595], [19.061714841, 47.474492595], [19.061707841, 47.474469595], [19.061779841, 47.474459595]]]}}, {"type": "Feature", "properties": {"id": 36445, "roomCode": "L\u00c9--1-123A-01-12", "roomNumber": "P.62/A B1 (-1.23A)", "roomName": "Szemin\u00e1rium", "roomType": "educational", "floorId": 4, "level": -1, "fillSource": "mvt"}, "geometry": {"type": "Polygon", "coordinates": [[[19.061773037, 47.474403111], [19.061781037, 47.474431111], [19.061791037, 47.474430111], [19.061793037, 47.474439111], [19.061784037, 47.474440111], [19.061789037, 47.474457111], [19.061718037, 47.474467111], [19.061701037, 47.474413111], [19.061773037, 47.474403111]]]}}, {"type": "Feature", "properties": {"id": 36448, "roomCode": "L\u00c9--1-124-01-15", "roomNumber": "P.52/A B5C (-1.24)", "roomName": "Elektronmikroszk\u00f3pos el\u0151k\u00e9sz\u00edt\u0151", "roomType": "educational", "floorId": 4, "level": -1, "fillSource": "mvt"}, "geometry": {"type": "Polygon", "coordinates": [[[19.06182177, 47.474311627], [19.06183177, 47.474344627], [19.06175877, 47.474354627], [19.06174977, 47.474321627], [19.06182177, 47.474311627]]]}}, {"type": "Feature", "properties": {"id": 36447, "roomCode": "L\u00c9--1-124/A-01-14", "roomNumber": "P.62 B1", "roomName": "Elektronmikroszk\u00f3p labor", "roomType": "educational", "floorId": 4, "level": -1, "fillSource": "mvt"}, "geometry": {"type": "Polygon", "coordinates": [[[19.061790804, 47.47435197], [19.061796804, 47.47436897], [19.061804804, 47.47436797], [19.061806804, 47.47437597], [19.061798804, 47.47437797], [19.061807804, 47.47440797], [19.061735804, 47.47441697], [19.061719804, 47.47436197], [19.061790804, 47.47435197]]]}}, {"type": "Feature", "properties": {"id": 36464, "roomCode": "L\u00c9--1-127-06-83", "roomNumber": "P.86 M2 (-1.27)", "roomName": "Villanyszerel\u0151 m\u0171hely", "roomType": "technical", "floorId": 4, "level": -1, "fillSource": "catalog-bbox"}, "geometry": {"type": "Polygon", "coordinates": [[[19.061147537813977, 47.47417631527967], [19.061244372186025, 47.47417631527967], [19.061244372186025, 47.47420987872032], [19.061147537813977, 47.47420987872032], [19.061147537813977, 47.47417631527967]]]}}, {"type": "Feature", "properties": {"id": 36466, "roomCode": "L\u00c9--1-128-06-84", "roomNumber": "P.88 M2 (-1.28)", "roomName": "Rakt\u00e1r", "roomType": "technical", "floorId": 4, "level": -1, "fillSource": "catalog-bbox"}, "geometry": {"type": "Polygon", "coordinates": [[[19.06123661247178, 47.47418873464273], [19.061283297528224, 47.47418873464273], [19.061283297528224, 47.474215341357265], [19.06123661247178, 47.474215341357265], [19.06123661247178, 47.47418873464273]]]}}, {"type": "Feature", "properties": {"id": 36434, "roomCode": "L\u00c9--1-129-01-18", "roomNumber": "P.90 B1 -(-1.29)", "roomName": "Tanm\u0171hely", "roomType": "educational", "floorId": 4, "level": -1, "fillSource": "mvt"}, "geometry": {"type": "Polygon", "coordinates": [[[19.061273059, 47.474138632], [19.061290059, 47.474194632], [19.061199059, 47.474206632], [19.061154059, 47.474155632], [19.061231059, 47.474144632], [19.061233059, 47.474150632], [19.061250059, 47.474148632], [19.061248059, 47.474141632], [19.061273059, 47.474138632]]]}}, {"type": "Feature", "properties": {"id": 36435, "roomCode": "L\u00c9--1-130-01-18", "roomNumber": "P.92 B1 (-1.30)", "roomName": "Tanm\u0171hely", "roomType": "educational", "floorId": 4, "level": -1, "fillSource": "mvt"}, "geometry": {"type": "Polygon", "coordinates": [[[19.061296017, 47.474081667], [19.061312017, 47.474136667], [19.061251017, 47.474144667], [19.061206017, 47.474093667], [19.061260017, 47.474086667], [19.061296017, 47.474081667]]]}}, {"type": "Feature", "properties": {"id": 36465, "roomCode": "L\u00c9--1-131-06-83", "roomNumber": "P.99 M2 (-1.31)", "roomName": "Lakatos m\u0171hely", "roomType": "technical", "floorId": 4, "level": -1, "fillSource": "catalog-bbox"}, "geometry": {"type": "Polygon", "coordinates": [[[19.061262436794777, 47.473983608198914], [19.06135465320522, 47.473983608198914], [19.06135465320522, 47.47409200180109], [19.061262436794777, 47.47409200180109], [19.061262436794777, 47.473983608198914]]]}}, {"type": "Feature", "properties": {"id": 36474, "roomCode": "L\u00c9--1-133-01-18", "roomNumber": "P.101 M2", "roomName": "Tanm\u0171hely", "roomType": "educational", "floorId": 4, "level": -1, "fillSource": "mvt"}, "geometry": {"type": "Polygon", "coordinates": [[[19.061438143, 47.473869779], [19.061441143, 47.473878779], [19.061455143, 47.473875779], [19.061469143, 47.473921779], [19.061459143, 47.473922779], [19.061462143, 47.473934779], [19.061470143, 47.473932779], [19.061483143, 47.473976779], [19.061475143, 47.473977779], [19.061476143, 47.473980779], [19.061414143, 47.473988779], [19.061397143, 47.473931779], [19.061386143, 47.473932779], [19.061361143, 47.473903779], [19.061383143, 47.473893779], [19.061378143, 47.473877779], [19.061438143, 47.473869779]]]}}, {"type": "Feature", "properties": {"id": 36476, "roomCode": "L\u00c9--1-134-05-73", "roomNumber": "P.99 M2", "roomName": "\u00d6lt\u00f6z\u0151", "roomType": "social", "floorId": 4, "level": -1, "fillSource": "mvt"}, "geometry": {"type": "Polygon", "coordinates": [[[19.06143309, 47.47397872], [19.06144109, 47.47400372], [19.06140009, 47.47401072], [19.06139309, 47.47398372], [19.06143309, 47.47397872]]]}}, {"type": "Feature", "properties": {"id": 36477, "roomCode": "L\u00c9--1-134/A-04-62", "roomNumber": "P.99 M2 (-1.34)", "roomName": "\u00d6lt\u00f6z\u0151 ell\u0151t\u00e9r", "roomType": "corridor", "floorId": 4, "level": -1, "fillSource": "mvt"}, "geometry": {"type": "Polygon", "coordinates": [[[19.061392613, 47.473984979], [19.061397613, 47.474000979], [19.061380613, 47.474002979], [19.061375613, 47.473986979], [19.061392613, 47.473984979]]]}}, {"type": "Feature", "properties": {"id": 36479, "roomCode": "L\u00c9--1-134/B-05-71", "roomNumber": "P.99 M2", "roomName": "Mosd\u00f3", "roomType": "social", "floorId": 4, "level": -1, "fillSource": "mvt"}, "geometry": {"type": "Polygon", "coordinates": [[[19.06138763, 47.474001992], [19.06139263, 47.474017992], [19.06137563, 47.474019992], [19.06137063, 47.474003992], [19.06138763, 47.474001992]]]}}, {"type": "Feature", "properties": {"id": 36478, "roomCode": "L\u00c9--1-134/C-06-93", "roomNumber": "P.99 M2", "roomName": "T\u00e1rol\u00f3", "roomType": "technical", "floorId": 4, "level": -1, "fillSource": "catalog-bbox"}, "geometry": {"type": "Polygon", "coordinates": [[[19.061382252146505, 47.47397302977613], [19.0614018838535, 47.47397302977613], [19.0614018838535, 47.47398406022387], [19.061382252146505, 47.47398406022387], [19.061382252146505, 47.47397302977613]]]}}, {"type": "Feature", "properties": {"id": 36481, "roomCode": "L\u00c9--1-134/D-04-62", "roomNumber": "P.99 M2", "roomName": "K\u00f6zleked\u0151", "roomType": "corridor", "floorId": 4, "level": -1, "fillSource": "mvt"}, "geometry": {"type": "Polygon", "coordinates": [[[19.06140264, 47.474006398], [19.06141064, 47.474032398], [19.06139464, 47.474034398], [19.06138764, 47.474007398], [19.06140264, 47.474006398]]]}}, {"type": "Feature", "properties": {"id": 36463, "roomCode": "L\u00c9--1-134/E-05-72", "roomNumber": "P.99 M2", "roomName": "Zuhanyz\u00f3", "roomType": "social", "floorId": 4, "level": -1, "fillSource": "mvt"}, "geometry": {"type": "Polygon", "coordinates": [[[19.061426825, 47.474008259], [19.061434825, 47.474035259], [19.061411825, 47.474038259], [19.061403825, 47.474011259], [19.061426825, 47.474008259]]]}}, {"type": "Feature", "properties": {"id": 36480, "roomCode": "L\u00c9--1-134/F-05-71", "roomNumber": "P.99 M2", "roomName": "WC", "roomType": "social", "floorId": 4, "level": -1, "fillSource": "mvt"}, "geometry": {"type": "Polygon", "coordinates": [[[19.061385488, 47.474018245], [19.061387488, 47.474026245], [19.061369488, 47.474028245], [19.061367488, 47.474020245], [19.061385488, 47.474018245]]]}}, {"type": "Feature", "properties": {"id": 36488, "roomCode": "L\u00c9--1-135-05-73", "roomNumber": "P.97 M2", "roomName": "\u00d6lt\u00f6z\u0151", "roomType": "social", "floorId": 4, "level": -1, "fillSource": "mvt"}, "geometry": {"type": "Polygon", "coordinates": [[[19.061408769, 47.474061921], [19.061416769, 47.474086921], [19.061413769, 47.474088921], [19.061376769, 47.474093921], [19.061368769, 47.474066921], [19.061373769, 47.474066921], [19.061408769, 47.474061921]]]}}, {"type": "Feature", "properties": {"id": 36468, "roomCode": "L\u00c9--1-135/A-04-62", "roomNumber": "-1.35", "roomName": "\u00d6lt\u00f6z\u0151 el\u0151t\u00e9r", "roomType": "corridor", "floorId": 4, "level": -1, "fillSource": "mvt"}, "geometry": {"type": "Polygon", "coordinates": [[[19.061371704, 47.474058534], [19.061375704, 47.474073534], [19.061358704, 47.474076534], [19.061353704, 47.474060534], [19.061371704, 47.474058534]]]}}, {"type": "Feature", "properties": {"id": 36491, "roomCode": "L\u00c9--1-135/B-05-71", "roomNumber": "P.97 M2", "roomName": "Mosd\u00f3", "roomType": "social", "floorId": 4, "level": -1, "fillSource": "mvt"}, "geometry": {"type": "Polygon", "coordinates": [[[19.061376498, 47.474041607], [19.061381498, 47.474056607], [19.061363498, 47.474059607], [19.061358498, 47.474043607], [19.061376498, 47.474041607]]]}}, {"type": "Feature", "properties": {"id": 36461, "roomCode": "L\u00c9--1-135/C-06-93", "roomNumber": "-1.35/C", "roomName": "T\u00e1rol\u00f3", "roomType": "technical", "floorId": 4, "level": -1, "fillSource": "catalog-bbox"}, "geometry": {"type": "Polygon", "coordinates": [[[19.061352514696303, 47.47407337024755], [19.061372543303694, 47.47407337024755], [19.061372543303694, 47.47408323775245], [19.061352514696303, 47.47408323775245], [19.061352514696303, 47.47407337024755]]]}}, {"type": "Feature", "properties": {"id": 36492, "roomCode": "L\u00c9--1-135/D-04-63", "roomNumber": "P.97 M2", "roomName": "K\u00f6zleked\u0151", "roomType": "corridor", "floorId": 4, "level": -1, "fillSource": "mvt"}, "geometry": {"type": "Polygon", "coordinates": [[[19.061395224, 47.474033946], [19.061403224, 47.474060946], [19.061386224, 47.474062946], [19.061379224, 47.474035946], [19.061395224, 47.474033946]]]}}, {"type": "Feature", "properties": {"id": 36489, "roomCode": "L\u00c9--1-135/E-05-72", "roomNumber": "P.97 M2", "roomName": "Zuhanyz\u00f3", "roomType": "social", "floorId": 4, "level": -1, "fillSource": "mvt"}, "geometry": {"type": "Polygon", "coordinates": [[[19.061418699, 47.474036267], [19.061426699, 47.474063267], [19.061403699, 47.474066267], [19.061396699, 47.474039267], [19.061418699, 47.474036267]]]}}, {"type": "Feature", "properties": {"id": 36490, "roomCode": "L\u00c9--1-135/F-05-71", "roomNumber": "P.97 M2", "roomName": "WC", "roomType": "social", "floorId": 4, "level": -1, "fillSource": "mvt"}, "geometry": {"type": "Polygon", "coordinates": [[[19.061381425, 47.474032003], [19.061383425, 47.474040003], [19.061365425, 47.474042003], [19.061363425, 47.474034003], [19.061381425, 47.474032003]]]}}, {"type": "Feature", "properties": {"id": 36460, "roomCode": "L\u00c9--1-136-05-73", "roomNumber": "P.97 M2", "roomName": "\u00d6lt\u00f6z\u0151", "roomType": "social", "floorId": 4, "level": -1, "fillSource": "mvt"}, "geometry": {"type": "Polygon", "coordinates": [[[19.061408195, 47.474088504], [19.061414195, 47.474110504], [19.061400195, 47.474111504], [19.061402195, 47.474116504], [19.061362195, 47.474122504], [19.061354195, 47.474095504], [19.061408195, 47.474088504]]]}}, {"type": "Feature", "properties": {"id": 36470, "roomCode": "L\u00c9--1-136/A-04-62", "roomNumber": "-1.36", "roomName": "\u00d6lt\u00f6z\u0151 el\u0151t\u00e9r", "roomType": "corridor", "floorId": 4, "level": -1, "fillSource": "mvt"}, "geometry": {"type": "Polygon", "coordinates": [[[19.061359845, 47.474097815], [19.061364845, 47.474113815], [19.061346845, 47.474115815], [19.061341845, 47.474099815], [19.061359845, 47.474097815]]]}}, {"type": "Feature", "properties": {"id": 36457, "roomCode": "L\u00c9--1-136/B-05-71", "roomNumber": "P.97 M3", "roomName": "Mosd\u00f3", "roomType": "social", "floorId": 4, "level": -1, "fillSource": "mvt"}, "geometry": {"type": "Polygon", "coordinates": [[[19.061354869, 47.47411446], [19.061359869, 47.47413046], [19.061341869, 47.47413246], [19.061336869, 47.47411746], [19.061354869, 47.47411446]]]}}, {"type": "Feature", "properties": {"id": 36455, "roomCode": "L\u00c9--1-136/C-06-93", "roomNumber": "P.97 M4", "roomName": "T\u00e1rol\u00f3", "roomType": "technical", "floorId": 4, "level": -1, "fillSource": "catalog-bbox"}, "geometry": {"type": "Polygon", "coordinates": [[[19.061348392833366, 47.474082106888424], [19.061369997166636, 47.474082106888424], [19.061369997166636, 47.47409710711159], [19.061348392833366, 47.47409710711159], [19.061348392833366, 47.474082106888424]]]}}, {"type": "Feature", "properties": {"id": 36459, "roomCode": "L\u00c9--1-136/D-04-62", "roomNumber": "P.97 M2", "roomName": "El\u0151t\u00e9r", "roomType": "corridor", "floorId": 4, "level": -1, "fillSource": "mvt"}, "geometry": {"type": "Polygon", "coordinates": [[[19.061370083, 47.474118712], [19.061378083, 47.474144712], [19.061362083, 47.474147712], [19.061354083, 47.474120712], [19.061370083, 47.474118712]]]}}, {"type": "Feature", "properties": {"id": 36456, "roomCode": "L\u00c9--1-136/E-05-72", "roomNumber": "P.97 M2", "roomName": "Zuhanyz\u00f3", "roomType": "social", "floorId": 4, "level": -1, "fillSource": "mvt"}, "geometry": {"type": "Polygon", "coordinates": [[[19.061397322, 47.474123647], [19.061398322, 47.474128647], [19.061406322, 47.474127647], [19.061412322, 47.474148647], [19.061377322, 47.474153647], [19.061369322, 47.474126647], [19.061397322, 47.474123647]]]}}, {"type": "Feature", "properties": {"id": 36458, "roomCode": "L\u00c9--1-136/F-05-71", "roomNumber": "P.97 M2", "roomName": "WC", "roomType": "social", "floorId": 4, "level": -1, "fillSource": "mvt"}, "geometry": {"type": "Polygon", "coordinates": [[[19.061352272, 47.474130323], [19.061354272, 47.474138323], [19.061336272, 47.474141323], [19.061334272, 47.474133323], [19.061352272, 47.474130323]]]}}, {"type": "Feature", "properties": {"id": 36471, "roomCode": "L\u00c9--1-137-04-62", "roomNumber": "-1.37", "roomName": "El\u0151t\u00e9r", "roomType": "corridor", "floorId": 4, "level": -1, "fillSource": "mvt"}, "geometry": {"type": "Polygon", "coordinates": [[[19.061340808, 47.474149662], [19.061358808, 47.474210662], [19.061339808, 47.474213662], [19.061324808, 47.474160662], [19.061320808, 47.474160662], [19.061317808, 47.474152662], [19.061340808, 47.474149662]]]}}, {"type": "Feature", "properties": {"id": 36469, "roomCode": "L\u00c9--1-137/A-06-84", "roomNumber": "XYZ1", "roomName": "Rakt\u00e1r", "roomType": "technical", "floorId": 4, "level": -1, "fillSource": "catalog-bbox"}, "geometry": {"type": "Polygon", "coordinates": [[[19.061336383232046, 47.47417292976233], [19.061402000767956, 47.47417292976233], [19.061402000767956, 47.474208310237664], [19.061336383232046, 47.474208310237664], [19.061336383232046, 47.47417292976233]]]}}, {"type": "Feature", "properties": {"id": 36467, "roomCode": "L\u00c9--1-137/B-06-84", "roomNumber": "XYZ2", "roomName": "Rakt\u00e1r", "roomType": "technical", "floorId": 4, "level": -1, "fillSource": "catalog-bbox"}, "geometry": {"type": "Polygon", "coordinates": [[[19.061346215294705, 47.4741440100053], [19.061410428705297, 47.4741440100053], [19.061410428705297, 47.47417947999471], [19.061346215294705, 47.47417947999471], [19.061346215294705, 47.4741440100053]]]}}, {"type": "Feature", "properties": {"id": 36483, "roomCode": "L\u00c9--1-138-06-84", "roomNumber": "P.91 M2 (-1.38)", "roomName": "Rakt\u00e1r", "roomType": "technical", "floorId": 4, "level": -1, "fillSource": "catalog-bbox"}, "geometry": {"type": "Polygon", "coordinates": [[[19.06130695055763, 47.47419999871514], [19.06139574944237, 47.47419999871514], [19.06139574944237, 47.474230367284854], [19.06130695055763, 47.474230367284854], [19.06130695055763, 47.47419999871514]]]}}, {"type": "Feature", "properties": {"id": 36482, "roomCode": "L\u00c9--1-139-06-84", "roomNumber": "P.87 M2 (-1.39)", "roomName": "Rakt\u00e1r", "roomType": "technical", "floorId": 4, "level": -1, "fillSource": "catalog-bbox"}, "geometry": {"type": "Polygon", "coordinates": [[[19.06139117730803, 47.47415012879139], [19.06147140869197, 47.47415012879139], [19.06147140869197, 47.474238079208604], [19.06139117730803, 47.474238079208604], [19.06139117730803, 47.47415012879139]]]}}, {"type": "Feature", "properties": {"id": 36485, "roomCode": "L\u00c9--1-140-06-84", "roomNumber": "P.87 M2 (-1.40)", "roomName": "Rakt\u00e1r", "roomType": "technical", "floorId": 4, "level": -1, "fillSource": "catalog-bbox"}, "geometry": {"type": "Polygon", "coordinates": [[[19.06145119722974, 47.47421758721054], [19.061536690770254, 47.47421758721054], [19.061536690770254, 47.47424942678947], [19.06145119722974, 47.47424942678947], [19.06145119722974, 47.47421758721054]]]}}, {"type": "Feature", "properties": {"id": 36443, "roomCode": "L\u00c9--1-141-06-84", "roomNumber": "P.76 F7", "roomName": "Rakt\u00e1r", "roomType": "technical", "floorId": 4, "level": -1, "fillSource": "catalog-bbox"}, "geometry": {"type": "Polygon", "coordinates": [[[19.06145930606809, 47.47415803493483], [19.061543239931915, 47.47415803493483], [19.061543239931915, 47.474224751065165], [19.06145930606809, 47.474224751065165], [19.06145930606809, 47.47415803493483]]]}}, {"type": "Feature", "properties": {"id": 36486, "roomCode": "L\u00c9--1-143-06-89", "roomNumber": "P.78-82 (-1.42)", "roomName": "Szell\u0151z\u0151 g\u00e9ph\u00e1z", "roomType": "technical", "floorId": 4, "level": -1, "fillSource": "catalog-bbox"}, "geometry": {"type": "Polygon", "coordinates": [[[19.061416001288787, 47.473984352865656], [19.061592862711212, 47.473984352865656], [19.061592862711212, 47.47416596513434], [19.061416001288787, 47.47416596513434], [19.061416001288787, 47.473984352865656]]]}}, {"type": "Feature", "properties": {"id": 36475, "roomCode": "L\u00c9--1-144-03-43", "roomNumber": "P.58. B1 (-1.58)", "roomName": "N\u00e9medi D\u00e9nes K\u00f6nyvt\u00e1r", "roomType": "misc", "floorId": 4, "level": -1, "fillSource": "mvt"}, "geometry": {"type": "Polygon", "coordinates": [[[19.061577191, 47.473816746], [19.061580191, 47.473824746], [19.061584191, 47.473823746], [19.061598191, 47.473868746], [19.061590191, 47.473869746], [19.061594191, 47.473882746], [19.061601191, 47.473881746], [19.061615191, 47.473925746], [19.061608191, 47.473926746], [19.061611191, 47.473938746], [19.061615191, 47.473938746], [19.061628191, 47.473982746], [19.061624191, 47.473983746], [19.061626191, 47.473988746], [19.061502191, 47.474005746], [19.061500191, 47.473999746], [19.061496191, 47.473999746], [19.061483191, 47.473954746], [19.061487191, 47.473953746], [19.061484191, 47.473942746], [19.061480191, 47.473943746], [19.061452191, 47.473833746], [19.061510191, 47.473825746], [19.061512191, 47.473833746], [19.061523191, 47.473832746], [19.061520191, 47.473823746], [19.061577191, 47.473816746]]]}}, {"type": "Feature", "properties": {"id": 36512, "roomCode": "L\u00c9--1-147-04-61", "roomNumber": "P.47", "roomName": "Foyer (el\u0151csarnok)", "roomType": "corridor", "floorId": 4, "level": -1, "fillSource": "mvt"}, "geometry": {"type": "Polygon", "coordinates": [[[19.062386405, 47.473985992], [19.062419405, 47.474095992], [19.062189405, 47.474124992], [19.062199405, 47.474156992], [19.062181405, 47.474159992], [19.062179405, 47.474152992], [19.062174405, 47.474153992], [19.062170405, 47.474137992], [19.062175405, 47.474136992], [19.062173405, 47.474128992], [19.062090405, 47.474139992], [19.062056405, 47.474030992], [19.062137405, 47.474019992], [19.062145405, 47.474045992], [19.062166405, 47.474043992], [19.062168405, 47.474048992], [19.062295405, 47.474031992], [19.062293405, 47.474025992], [19.062313405, 47.474023992], [19.062305405, 47.473996992], [19.062386405, 47.473985992]]]}}, {"type": "Feature", "properties": {"id": 36501, "roomCode": "L\u00c9--1-148-04-62", "roomNumber": "P.48", "roomName": "El\u0151t\u00e9r", "roomType": "corridor", "floorId": 4, "level": -1, "fillSource": "mvt"}, "geometry": {"type": "Polygon", "coordinates": [[[19.061955861, 47.473999624], [19.061965861, 47.474036624], [19.061843861, 47.474053624], [19.061833861, 47.474016624], [19.061955861, 47.473999624]]]}}, {"type": "Feature", "properties": {"id": 36433, "roomCode": "L\u00c9--1-149-03-43", "roomNumber": "*P.34/A M2", "roomName": "Angelusz R\u00f3bert T\u00e1rsadalomtudom\u00e1nyi Szakkoll\u00e9gium", "roomType": "misc", "floorId": 4, "level": -1, "fillSource": "mvt"}, "geometry": {"type": "Polygon", "coordinates": [[[19.061780248, 47.473825148], [19.061805248, 47.473909148], [19.061796248, 47.473911148], [19.061798248, 47.473916148], [19.061674248, 47.473933148], [19.061671248, 47.473927148], [19.061663248, 47.473928148], [19.061651248, 47.473884148], [19.061658248, 47.473883148], [19.061655248, 47.473871148], [19.061647248, 47.473872148], [19.061638248, 47.473843148], [19.061705248, 47.473835148], [19.061780248, 47.473825148]]]}}, {"type": "Feature", "properties": {"id": 36494, "roomCode": "L\u00c9--1-150-05-71", "roomNumber": "P.83/A", "roomName": "F\u00e9rfi mosd\u00f3", "roomType": "social", "floorId": 4, "level": -1, "fillSource": "mvt"}, "geometry": {"type": "Polygon", "coordinates": [[[19.061682728, 47.474006372], [19.061692728, 47.474039372], [19.061675728, 47.474041372], [19.061673728, 47.474035372], [19.061665728, 47.474036372], [19.061657728, 47.474009372], [19.061682728, 47.474006372]]]}}, {"type": "Feature", "properties": {"id": 36497, "roomCode": "L\u00c9--1-150/A-05-71", "roomNumber": "P.83/B", "roomName": "F\u00e9rfi WC", "roomType": "social", "floorId": 4, "level": -1, "fillSource": "mvt"}, "geometry": {"type": "Polygon", "coordinates": [[[19.061726677, 47.474011535], [19.061732677, 47.474031535], [19.061723677, 47.474032535], [19.061725677, 47.474040535], [19.061685677, 47.474046535], [19.061676677, 47.474017535], [19.061726677, 47.474011535]]]}}, {"type": "Feature", "properties": {"id": 36495, "roomCode": "L\u00c9--1-151-05-71", "roomNumber": "P.83/B (-1.50)", "roomName": "N\u0151i mosd\u00f3", "roomType": "social", "floorId": 4, "level": -1, "fillSource": "mvt"}, "geometry": {"type": "Polygon", "coordinates": [[[19.061686724, 47.474044466], [19.061696724, 47.474069466], [19.061660724, 47.474074466], [19.061653724, 47.474051466], [19.061659724, 47.474050466], [19.061658724, 47.474048466], [19.061686724, 47.474044466]]]}}, {"type": "Feature", "properties": {"id": 36496, "roomCode": "L\u00c9--1-151/A-05-71", "roomNumber": "P.83/B", "roomName": "N\u0151i WC", "roomType": "social", "floorId": 4, "level": -1, "fillSource": "mvt"}, "geometry": {"type": "Polygon", "coordinates": [[[19.061714116, 47.47405079], [19.061715116, 47.47405479], [19.061724116, 47.47405379], [19.061730116, 47.47407479], [19.061691116, 47.47407979], [19.061682116, 47.47405479], [19.061714116, 47.47405079]]]}}, {"type": "Feature", "properties": {"id": 36442, "roomCode": "L\u00c9--1-152-01-12", "roomNumber": "P.81 F7 (-1.52)", "roomName": "Szemin\u00e1rium", "roomType": "educational", "floorId": 4, "level": -1, "fillSource": "mvt"}, "geometry": {"type": "Polygon", "coordinates": [[[19.061691949, 47.474075417], [19.061693949, 47.474079417], [19.061702949, 47.474077417], [19.061716949, 47.474125417], [19.061707949, 47.474126417], [19.061708949, 47.474130417], [19.061612949, 47.474143417], [19.061596949, 47.474087417], [19.061625949, 47.474084417], [19.061626949, 47.474086417], [19.061631949, 47.474085417], [19.061630949, 47.474083417], [19.061691949, 47.474075417]]]}}, {"type": "Feature", "properties": {"id": 36441, "roomCode": "L\u00c9--1-153-01-16", "roomNumber": "P.79 F7 (-1.53)", "roomName": "Sz\u00e1m\u00edt\u00f3g\u00e9pterem", "roomType": "educational", "floorId": 4, "level": -1, "fillSource": "mvt"}, "geometry": {"type": "Polygon", "coordinates": [[[19.061675123, 47.474121052], [19.061676123, 47.474125052], [19.061685123, 47.474123052], [19.061699123, 47.474171052], [19.061690123, 47.474172052], [19.061691123, 47.474176052], [19.061630123, 47.474184052], [19.061624123, 47.474183052], [19.061625123, 47.474184052], [19.061595123, 47.474189052], [19.061579123, 47.474134052], [19.061614123, 47.474131052], [19.061614123, 47.474129052], [19.061675123, 47.474121052]]]}}, {"type": "Feature", "properties": {"id": 36439, "roomCode": "L\u00c9--1-154-01-16", "roomNumber": "P.77 F7 (-1.54)", "roomName": "Sz\u00e1m\u00edt\u00f3g\u00e9pterem", "roomType": "educational", "floorId": 4, "level": -1, "fillSource": "mvt"}, "geometry": {"type": "Polygon", "coordinates": [[[19.061658313, 47.47417312], [19.061658313, 47.47417612], [19.061668313, 47.47417512], [19.061682313, 47.47422312], [19.061672313, 47.47422412], [19.061674313, 47.47422812], [19.061612313, 47.47423612], [19.061611313, 47.47423412], [19.061607313, 47.47423412], [19.061607313, 47.47423712], [19.061578313, 47.47424112], [19.061561313, 47.47418612], [19.061590313, 47.47418212], [19.061658313, 47.47417312]]]}}, {"type": "Feature", "properties": {"id": 36436, "roomCode": "L\u00c9--1-155-06-83", "roomNumber": "P.75/A (-1.55)", "roomName": "V\u00edzszerel\u0151 m\u0171hely", "roomType": "technical", "floorId": 4, "level": -1, "fillSource": "catalog-bbox"}, "geometry": {"type": "Polygon", "coordinates": [[[19.061563727794894, 47.4742314555824], [19.0616337822051, 47.4742314555824], [19.0616337822051, 47.474262830417594], [19.061563727794894, 47.474262830417594], [19.061563727794894, 47.4742314555824]]]}}, {"type": "Feature", "properties": {"id": 36437, "roomCode": "L\u00c9--1-156-06-84", "roomNumber": "P.75/A (-1.56)", "roomName": "Rakt\u00e1r", "roomType": "technical", "floorId": 4, "level": -1, "fillSource": "catalog-bbox"}, "geometry": {"type": "Polygon", "coordinates": [[[19.06162802049112, 47.47424061833595], [19.061692925508883, 47.47424061833595], [19.061692925508883, 47.47427167366405], [19.06162802049112, 47.47427167366405], [19.06162802049112, 47.47424061833595]]]}}, {"type": "Feature", "properties": {"id": 36438, "roomCode": "L\u00c9--1-157-06-83", "roomNumber": "P.75/C (-1.57)", "roomName": "Cs\u0151szerel\u0151 m\u0171hely", "roomType": "technical", "floorId": 4, "level": -1, "fillSource": "catalog-bbox"}, "geometry": {"type": "Polygon", "coordinates": [[[19.061689752182705, 47.4742495997812], [19.0617746438173, 47.4742495997812], [19.0617746438173, 47.474282374218795], [19.061689752182705, 47.474282374218795], [19.061689752182705, 47.4742495997812]]]}}, {"type": "Feature", "properties": {"id": 36510, "roomCode": "L\u00c9--1-158-01-14", "roomNumber": "P.58. B1 (-1.58)", "roomName": "Elektronmikroszk\u00f3p labor", "roomType": "educational", "floorId": 4, "level": -1, "fillSource": "mvt"}, "geometry": {"type": "Polygon", "coordinates": [[[19.0618186, 47.474217404], [19.0618206, 47.474226404], [19.0618316, 47.474224404], [19.0618346, 47.474231404], [19.0618236, 47.474233404], [19.0618286, 47.474250404], [19.0618386, 47.474249404], [19.0618416, 47.474258404], [19.0618306, 47.474259404], [19.0618346, 47.474272404], [19.0618146, 47.474275404], [19.0618226, 47.474300404], [19.0617686, 47.474307404], [19.0617446, 47.474227404], [19.0618186, 47.474217404]]]}}, {"type": "Feature", "properties": {"id": 36509, "roomCode": "L\u00c9--1-158/A-04-62", "roomNumber": "P.58. B1 (-1.58)", "roomName": "F\u00e9nyzsilip", "roomType": "corridor", "floorId": 4, "level": -1, "fillSource": "mvt"}, "geometry": {"type": "Polygon", "coordinates": [[[19.061860123, 47.474212318], [19.061868123, 47.474236318], [19.061849123, 47.474239318], [19.061842123, 47.474214318], [19.061860123, 47.474212318]]]}}, {"type": "Feature", "properties": {"id": 36508, "roomCode": "L\u00c9--1-159-01-15", "roomNumber": "P.56/B B1 (-1.59)", "roomName": "El\u0151k\u00e9sz\u00edt\u0151", "roomType": "educational", "floorId": 4, "level": -1, "fillSource": "mvt"}, "geometry": {"type": "Polygon", "coordinates": [[[19.061849246, 47.474180628], [19.061851246, 47.474185628], [19.061861246, 47.474183628], [19.061865246, 47.474196628], [19.061855246, 47.474197628], [19.061857246, 47.474205628], [19.061784246, 47.474217628], [19.061776246, 47.474189628], [19.061849246, 47.474180628]]]}}, {"type": "Feature", "properties": {"id": 36505, "roomCode": "L\u00c9--1-160-01-14", "roomNumber": "P.54. B1", "roomName": "Elektronmikroszk\u00f3p labor", "roomType": "educational", "floorId": 4, "level": -1, "fillSource": "mvt"}, "geometry": {"type": "Polygon", "coordinates": [[[19.061863724, 47.474090188], [19.061874724, 47.474125188], [19.061885724, 47.474124188], [19.061888724, 47.474136188], [19.061877724, 47.474137188], [19.061879724, 47.474143188], [19.061805724, 47.474153188], [19.061789724, 47.474100188], [19.061863724, 47.474090188]]]}}, {"type": "Feature", "properties": {"id": 36507, "roomCode": "L\u00c9--1-160/A-04-62", "roomNumber": "P.56/A B1 (-1.60)", "roomName": "El\u0151t\u00e9r", "roomType": "corridor", "floorId": 4, "level": -1, "fillSource": "mvt"}, "geometry": {"type": "Polygon", "coordinates": [[[19.061876047, 47.474157056], [19.061884047, 47.474183056], [19.061865047, 47.474186056], [19.061857047, 47.474160056], [19.061876047, 47.474157056]]]}}, {"type": "Feature", "properties": {"id": 36506, "roomCode": "L\u00c9--1-160/B-01-15", "roomNumber": "P.56/A B1 (-160)", "roomName": "El\u0151k\u00e9sz\u00edt\u0151", "roomType": "educational", "floorId": 4, "level": -1, "fillSource": "mvt"}, "geometry": {"type": "Polygon", "coordinates": [[[19.061852512, 47.474149705], [19.061859512, 47.474176705], [19.061807512, 47.474182705], [19.061799512, 47.474157705], [19.061852512, 47.474149705]]]}}, {"type": "Feature", "properties": {"id": 36504, "roomCode": "L\u00c9--1-161-04-63", "roomNumber": "P.52 -(-1.61)", "roomName": "Folyos\u00f3", "roomType": "corridor", "floorId": 4, "level": -1, "fillSource": "mvt"}, "geometry": {"type": "Polygon", "coordinates": [[[19.061919388, 47.474032531], [19.061925388, 47.474049531], [19.061851388, 47.474059531], [19.061849388, 47.474053531], [19.061846388, 47.474053531], [19.061848388, 47.474058531], [19.061839388, 47.474061531], [19.061834388, 47.474044531], [19.061894388, 47.474035531], [19.061919388, 47.474032531]]]}}, {"type": "Feature", "properties": {"id": 36498, "roomCode": "L\u00c9--1-161/A-01-14", "roomNumber": "P.50 B5", "roomName": "R\u00f6ntgen laborat\u00f3rium", "roomType": "educational", "floorId": 4, "level": -1, "fillSource": "mvt"}, "geometry": {"type": "Polygon", "coordinates": [[[19.061809308, 47.474027939], [19.061820308, 47.474064939], [19.061809308, 47.474065939], [19.061815308, 47.474083939], [19.061748308, 47.474092939], [19.061732308, 47.474037939], [19.061809308, 47.474027939]]]}}, {"type": "Feature", "properties": {"id": 36503, "roomCode": "L\u00c9--1-161/B-01-14", "roomNumber": "P.52/A B5 (-1,61)", "roomName": "R\u00f6ntgen laborat\u00f3rium", "roomType": "educational", "floorId": 4, "level": -1, "fillSource": "mvt"}, "geometry": {"type": "Polygon", "coordinates": [[[19.061882332, 47.474059466], [19.061884332, 47.474065466], [19.061894332, 47.474064466], [19.061898332, 47.474077466], [19.061888332, 47.474078466], [19.061892332, 47.474088466], [19.061865332, 47.474092466], [19.061867332, 47.474098466], [19.061819332, 47.474104466], [19.061809332, 47.474069466], [19.061882332, 47.474059466]]]}}, {"type": "Feature", "properties": {"id": 36499, "roomCode": "L\u00c9--1-162-01-11", "roomNumber": "P.50 B6", "roomName": "El\u0151ad\u00f3terem", "roomType": "educational", "floorId": 4, "level": -1, "fillSource": "mvt"}, "geometry": {"type": "Polygon", "coordinates": [[[19.06182876, 47.47392221], [19.06184376, 47.47397321], [19.06183976, 47.47397321], [19.06185876, 47.47403221], [19.06178076, 47.47404221], [19.06174876, 47.47393321], [19.06182876, 47.47392221]]]}}, {"type": "Feature", "properties": {"id": 36500, "roomCode": "L\u00c9--1-163-01-11", "roomNumber": "P.48/B F1", "roomName": "El\u0151ad\u00f3terem", "roomType": "educational", "floorId": 4, "level": -1, "fillSource": "mvt"}, "geometry": {"type": "Polygon", "coordinates": [[[19.061950024, 47.47393296], [19.061971024, 47.47400396], [19.061894024, 47.47401396], [19.061879024, 47.47396196], [19.061882024, 47.47396196], [19.061881024, 47.47395496], [19.061877024, 47.47395496], [19.061873024, 47.47394396], [19.061950024, 47.47393296]]]}}, {"type": "Feature", "properties": {"id": 36502, "roomCode": "L\u00c9--1-163/A-06-89", "roomNumber": "P.48/B/2 F1 (-1.63A)", "roomName": "Szell\u0151z\u0151 g\u00e9ph\u00e1z", "roomType": "technical", "floorId": 4, "level": -1, "fillSource": "catalog-bbox"}, "geometry": {"type": "Polygon", "coordinates": [[[19.061936399091838, 47.47393185602327], [19.06200059090816, 47.47393185602327], [19.06200059090816, 47.47400837197672], [19.061936399091838, 47.47400837197672], [19.061936399091838, 47.47393185602327]]]}}, {"type": "Feature", "properties": {"id": 36451, "roomCode": "L\u00c9--1-164-01-11", "roomNumber": "P.75/C (-1.64)", "roomName": "Ryb\u00e1r Istv\u00e1n terem", "roomType": "educational", "floorId": 4, "level": -1, "fillSource": "mvt"}, "geometry": {"type": "Polygon", "coordinates": [[[19.062060583, 47.47394314], [19.062096583, 47.47405414], [19.062016583, 47.47406414], [19.062001583, 47.47401114], [19.062005583, 47.47401014], [19.062003583, 47.47400414], [19.061997583, 47.47400514], [19.061983583, 47.47395414], [19.062060583, 47.47394314]]]}}, {"type": "Feature", "properties": {"id": 36626, "roomCode": "L\u00c9--1-165-02-33", "roomNumber": "*P.47/B (-1.65)", "roomName": "IK H\u00d6K iroda", "roomType": "administrative", "floorId": 4, "level": -1, "fillSource": "mvt"}, "geometry": {"type": "Polygon", "coordinates": [[[19.062222759, 47.473993669], [19.062231759, 47.474026669], [19.062176759, 47.474031669], [19.062166759, 47.474001669], [19.062222759, 47.473993669]]]}}, {"type": "Feature", "properties": {"id": 36625, "roomCode": "L\u00c9--1-165/A-06-84", "roomNumber": "*P.47/B", "roomName": "IK H\u00d6K rakt\u00e1r", "roomType": "technical", "floorId": 4, "level": -1, "fillSource": "catalog-bbox"}, "geometry": {"type": "Polygon", "coordinates": [[[19.062162956079515, 47.47396071472137], [19.062201597920488, 47.47396071472137], [19.062201597920488, 47.47399119527863], [19.062162956079515, 47.47399119527863], [19.062162956079515, 47.47396071472137]]]}}, {"type": "Feature", "properties": {"id": 36627, "roomCode": "L\u00c9--1-166-03-58", "roomNumber": "*P.47/B (-1.66)", "roomName": "IK H\u00d6K", "roomType": "misc", "floorId": 4, "level": -1, "fillSource": "mvt"}, "geometry": {"type": "Polygon", "coordinates": [[[19.062314711, 47.473959731], [19.062324711, 47.473990731], [19.062290711, 47.473995731], [19.062298711, 47.474023731], [19.062255711, 47.474028731], [19.062250711, 47.474026731], [19.062247711, 47.474029731], [19.062203711, 47.474035731], [19.062196711, 47.474010731], [19.062237711, 47.474005731], [19.062228711, 47.473970731], [19.062314711, 47.473959731]]]}}, {"type": "Feature", "properties": {"id": 36628, "roomCode": "L\u00c9--1-166/A-04-62", "roomNumber": "*P.47/B", "roomName": "El\u0151t\u00e9r", "roomType": "corridor", "floorId": 4, "level": -1, "fillSource": "mvt"}, "geometry": {"type": "Polygon", "coordinates": [[[19.062304528, 47.473980915], [19.062312528, 47.474006915], [19.062300528, 47.474007915], [19.062293528, 47.473981915], [19.062304528, 47.473980915]]]}}, {"type": "Feature", "properties": {"id": 36563, "roomCode": "L\u00c9--1-166/B-05-71", "roomNumber": "*P.47/B", "roomName": "WC", "roomType": "social", "floorId": 4, "level": -1, "fillSource": "mvt"}, "geometry": {"type": "Polygon", "coordinates": [[[19.062323445, 47.474000064], [19.062325445, 47.474007064], [19.062307445, 47.474009064], [19.062305445, 47.474002064], [19.062323445, 47.474000064]]]}}, {"type": "Feature", "properties": {"id": 36629, "roomCode": "L\u00c9--1-166/C-06-84", "roomNumber": "*P.47/B", "roomName": "Rakt\u00e1r", "roomType": "technical", "floorId": 4, "level": -1, "fillSource": "catalog-bbox"}, "geometry": {"type": "Polygon", "coordinates": [[[19.062309411794608, 47.47397979278844], [19.062332770205398, 47.47397979278844], [19.062332770205398, 47.473999869211546], [19.062309411794608, 47.473999869211546], [19.062309411794608, 47.47397979278844]]]}}, {"type": "Feature", "properties": {"id": 36516, "roomCode": "L\u00c9--1-167/A-04-62", "roomNumber": "P.45/A", "roomName": "El\u0151t\u00e9r", "roomType": "corridor", "floorId": 4, "level": -1, "fillSource": "mvt"}, "geometry": {"type": "Polygon", "coordinates": [[[19.06235237, 47.47416785], [19.06236837, 47.47422185], [19.06233137, 47.47422685], [19.06231637, 47.47417585], [19.06231737, 47.47417285], [19.06235237, 47.47416785]]]}}, {"type": "Feature", "properties": {"id": 36513, "roomCode": "L\u00c9--1-168-03-55", "roomNumber": "P.45", "roomName": "Technikai helyis\u00e9g", "roomType": "misc", "floorId": 4, "level": -1, "fillSource": "mvt"}, "geometry": {"type": "Polygon", "coordinates": [[[19.062313107, 47.474156044], [19.062320107, 47.474181044], [19.062283107, 47.474186044], [19.062277107, 47.474163044], [19.062313107, 47.474156044]]]}}, {"type": "Feature", "properties": {"id": 36631, "roomCode": "L\u00c9--1-168/A-03-57", "roomNumber": "-1.68A", "roomName": "T\u00e1TK H\u00d6K \u00fcgyf\u00e9lfogad\u00f3", "roomType": "misc", "floorId": 4, "level": -1, "fillSource": "mvt"}, "geometry": {"type": "Polygon", "coordinates": [[[19.062226887, 47.474097952], [19.062235887, 47.474127952], [19.062152887, 47.474138952], [19.062150887, 47.474133952], [19.062129887, 47.474136952], [19.062122887, 47.474111952], [19.062226887, 47.474097952]]]}}, {"type": "Feature", "properties": {"id": 36630, "roomCode": "L\u00c9--1-168/B-03-57", "roomNumber": "-1.68B", "roomName": "T\u00e1TK H\u00d6K \u00fcgyf\u00e9lfogad\u00f3", "roomType": "misc", "floorId": 4, "level": -1, "fillSource": "mvt"}, "geometry": {"type": "Polygon", "coordinates": [[[19.062274816, 47.474112274], [19.062282816, 47.474137274], [19.062264816, 47.474139274], [19.062260816, 47.474133274], [19.062264816, 47.474146274], [19.062225816, 47.474151274], [19.062216816, 47.474120274], [19.062274816, 47.474112274]]]}}, {"type": "Feature", "properties": {"id": 36514, "roomCode": "L\u00c9--1-169-03-55", "roomNumber": "P.49", "roomName": "Technikai helyis\u00e9g", "roomType": "misc", "floorId": 4, "level": -1, "fillSource": "mvt"}, "geometry": {"type": "Polygon", "coordinates": [[[19.062107448, 47.474129043], [19.062113448, 47.474153043], [19.062076448, 47.474158043], [19.062068448, 47.474133043], [19.062107448, 47.474129043]]]}}, {"type": "Feature", "properties": {"id": 36515, "roomCode": "L\u00c9--1-169/A-04-62", "roomNumber": "P.49/A", "roomName": "El\u0151t\u00e9r", "roomType": "corridor", "floorId": 4, "level": -1, "fillSource": "mvt"}, "geometry": {"type": "Polygon", "coordinates": [[[19.062056882, 47.47412651], [19.062072882, 47.47417851], [19.062034882, 47.47418351], [19.062018882, 47.47413051], [19.062056882, 47.47412651]]]}}, {"type": "Feature", "properties": {"id": 36539, "roomCode": "L\u00c9--1-170-04-61", "roomNumber": "P.70", "roomName": "Foyer (el\u0151csarnok)", "roomType": "corridor", "floorId": 4, "level": -1, "fillSource": "mvt"}, "geometry": {"type": "Polygon", "coordinates": [[[19.062238596, 47.474358878], [19.062245596, 47.474392878], [19.062297596, 47.474384878], [19.062303596, 47.474405878], [19.062204596, 47.474418878], [19.062222596, 47.474476878], [19.062323596, 47.474463878], [19.062330596, 47.474483878], [19.062284596, 47.474488878], [19.062292596, 47.474506878], [19.062285596, 47.474507878], [19.062290596, 47.474523878], [19.062041596, 47.474557878], [19.062033596, 47.474521878], [19.062007596, 47.474526878], [19.062001596, 47.474506878], [19.062024596, 47.474502878], [19.062022596, 47.474497878], [19.061995596, 47.474494878], [19.061980596, 47.474479878], [19.061984596, 47.474461878], [19.062005596, 47.474451878], [19.062008596, 47.474463878], [19.061998596, 47.474474878], [19.062002596, 47.474481878], [19.062008596, 47.474484878], [19.062010596, 47.474482878], [19.062002596, 47.474474878], [19.062004596, 47.474469878], [19.062012596, 47.474465878], [19.062006596, 47.474445878], [19.061984596, 47.474448878], [19.061978596, 47.474427878], [19.062002596, 47.474425878], [19.061990596, 47.474392878], [19.062045596, 47.474386878], [19.062043596, 47.474383878], [19.062108596, 47.474374878], [19.062109596, 47.474377878], [19.062120596, 47.474376878], [19.062120596, 47.474372878], [19.062187596, 47.474363878], [19.062188596, 47.474366878], [19.062238596, 47.474358878]]]}}, {"type": "Feature", "properties": {"id": 36450, "roomCode": "L\u00c9--1-171-06-84", "roomNumber": "P.75/C (-1.71)", "roomName": "Rakt\u00e1r", "roomType": "technical", "floorId": 4, "level": -1, "fillSource": "catalog-bbox"}, "geometry": {"type": "Polygon", "coordinates": [[[19.06193328659516, 47.47410941717833], [19.06203549140484, 47.47410941717833], [19.06203549140484, 47.47417319082166], [19.06193328659516, 47.47417319082166], [19.06193328659516, 47.47410941717833]]]}}, {"type": "Feature", "properties": {"id": 36449, "roomCode": "L\u00c9--1-172-06-89", "roomNumber": "P.53-57 (-1.72)", "roomName": "Szell\u0151z\u0151 g\u00e9ph\u00e1z", "roomType": "technical", "floorId": 4, "level": -1, "fillSource": "catalog-bbox"}, "geometry": {"type": "Polygon", "coordinates": [[[19.061881754557717, 47.47416417846163], [19.062054145442282, 47.47416417846163], [19.062054145442282, 47.47434562353837], [19.061881754557717, 47.47434562353837], [19.061881754557717, 47.47416417846163]]]}}, {"type": "Feature", "properties": {"id": 36524, "roomCode": "L\u00c9--1-173-05-71", "roomNumber": "P.67/a", "roomName": "Akad\u00e1lymentes WC", "roomType": "social", "floorId": 4, "level": -1, "fillSource": "mvt"}, "geometry": {"type": "Polygon", "coordinates": [[[19.061894808, 47.474333866], [19.061901808, 47.474356866], [19.061878808, 47.474357866], [19.061872808, 47.474336866], [19.061894808, 47.474333866]]]}}, {"type": "Feature", "properties": {"id": 36523, "roomCode": "L\u00c9--1-174-05-71", "roomNumber": "P.67", "roomName": "N\u0151i mosd\u00f3", "roomType": "social", "floorId": 4, "level": -1, "fillSource": "mvt"}, "geometry": {"type": "Polygon", "coordinates": [[[19.06200269, 47.474346521], [19.06201169, 47.474378521], [19.06196769, 47.474384521], [19.06196069, 47.474362521], [19.06196669, 47.474362521], [19.06196269, 47.474351521], [19.06200269, 47.474346521]]]}}, {"type": "Feature", "properties": {"id": 36525, "roomCode": "L\u00c9--1-174/A-05-71", "roomNumber": "P.67", "roomName": "N\u0151i WC", "roomType": "social", "floorId": 4, "level": -1, "fillSource": "mvt"}, "geometry": {"type": "Polygon", "coordinates": [[[19.061950273, 47.474336218], [19.061956273, 47.474360218], [19.061900273, 47.474368218], [19.061893273, 47.474345218], [19.061950273, 47.474336218]]]}}, {"type": "Feature", "properties": {"id": 36530, "roomCode": "L\u00c9--1-175-04-62", "roomNumber": "VI./A", "roomName": "Konferenciaterem el\u0151t\u00e9r", "roomType": "corridor", "floorId": 4, "level": -1, "fillSource": "mvt"}, "geometry": {"type": "Polygon", "coordinates": [[[19.062043206, 47.474327207], [19.062050206, 47.474349207], [19.062017206, 47.474354207], [19.062010206, 47.474332207], [19.062043206, 47.474327207]]]}}, {"type": "Feature", "properties": {"id": 36533, "roomCode": "L\u00c9--1-175/A-04-63", "roomNumber": "VI./H", "roomName": "Tolm\u00e1csf\u00fclke k\u00f6zleked\u0151", "roomType": "corridor", "floorId": 4, "level": -1, "fillSource": "mvt"}, "geometry": {"type": "Polygon", "coordinates": [[[19.062111321, 47.474344178], [19.062114321, 47.474353178], [19.062044321, 47.474363178], [19.062041321, 47.474354178], [19.062111321, 47.474344178]]]}}, {"type": "Feature", "properties": {"id": 36531, "roomCode": "L\u00c9--1-175/B-03-55", "roomNumber": "VI./E", "roomName": "Tolm\u00e1csf\u00fclke", "roomType": "misc", "floorId": 4, "level": -1, "fillSource": "mvt"}, "geometry": {"type": "Polygon", "coordinates": [[[19.06208717, 47.47432342], [19.06209317, 47.47434342], [19.06206817, 47.47434642], [19.06206617, 47.47433842], [19.06205617, 47.47434042], [19.06205217, 47.47432842], [19.06208717, 47.47432342]]]}}, {"type": "Feature", "properties": {"id": 36532, "roomCode": "L\u00c9--1-175/C-03-55", "roomNumber": "VI./C", "roomName": "Tolm\u00e1csf\u00fclke", "roomType": "misc", "floorId": 4, "level": -1, "fillSource": "mvt"}, "geometry": {"type": "Polygon", "coordinates": [[[19.062118939, 47.474328989], [19.062123939, 47.474348989], [19.062090939, 47.474352989], [19.062084939, 47.474333989], [19.062118939, 47.474328989]]]}}, {"type": "Feature", "properties": {"id": 36511, "roomCode": "L\u00c9--1-176-01-11", "roomNumber": "VI. (-1.76)", "roomName": "342 f\u0151s konferenciaterem", "roomType": "educational", "floorId": 4, "level": -1, "fillSource": "mvt"}, "geometry": {"type": "Polygon", "coordinates": [[[19.06226176, 47.474142783], [19.06231276, 47.474312783], [19.06228076, 47.474316783], [19.06227876, 47.474314783], [19.06227076, 47.474315783], [19.06228176, 47.474344783], [19.06211676, 47.474366783], [19.06210976, 47.474336783], [19.06210276, 47.474337783], [19.06210276, 47.474340783], [19.06206876, 47.474345783], [19.06201976, 47.474175783], [19.06204976, 47.474171783], [19.06205076, 47.474177783], [19.06212776, 47.474167783], [19.06212576, 47.474160783], [19.06215576, 47.474156783], [19.06215776, 47.474163783], [19.06223376, 47.474153783], [19.06223176, 47.474146783], [19.06226176, 47.474142783]]]}}, {"type": "Feature", "properties": {"id": 36534, "roomCode": "L\u00c9--1-177-04-62", "roomNumber": "VI./D", "roomName": "El\u0151t\u00e9r", "roomType": "corridor", "floorId": 4, "level": -1, "fillSource": "mvt"}, "geometry": {"type": "Polygon", "coordinates": [[[19.062149282, 47.474341493], [19.062155282, 47.474364493], [19.062124282, 47.474367493], [19.062117282, 47.474345493], [19.062149282, 47.474341493]]]}}, {"type": "Feature", "properties": {"id": 36538, "roomCode": "L\u00c9--1-178-04-62", "roomNumber": "VI./G", "roomName": "Konferenciaterem el\u0151t\u00e9r", "roomType": "corridor", "floorId": 4, "level": -1, "fillSource": "mvt"}, "geometry": {"type": "Polygon", "coordinates": [[[19.06225634, 47.474355499], [19.06226334, 47.474378499], [19.06222834, 47.474382499], [19.06222234, 47.474360499], [19.06225634, 47.474355499]]]}}, {"type": "Feature", "properties": {"id": 36535, "roomCode": "L\u00c9--1-178/A-04-62", "roomNumber": "VI./I", "roomName": "Tolm\u00e1csf\u00fclke k\u00f6zleked\u0151", "roomType": "corridor", "floorId": 4, "level": -1, "fillSource": "mvt"}, "geometry": {"type": "Polygon", "coordinates": [[[19.062216296, 47.474358604], [19.062219296, 47.474367604], [19.062149296, 47.474376604], [19.062147296, 47.474368604], [19.062216296, 47.474358604]]]}}, {"type": "Feature", "properties": {"id": 36537, "roomCode": "L\u00c9--1-178/B-03-55", "roomNumber": "VI./F", "roomName": "Tolm\u00e1csf\u00fclke", "roomType": "misc", "floorId": 4, "level": -1, "fillSource": "mvt"}, "geometry": {"type": "Polygon", "coordinates": [[[19.06221967, 47.474342204], [19.06222267, 47.474355204], [19.06221367, 47.474356204], [19.06221567, 47.474363204], [19.06218967, 47.474366204], [19.06218467, 47.474347204], [19.06221967, 47.474342204]]]}}, {"type": "Feature", "properties": {"id": 36536, "roomCode": "L\u00c9--1-178/C-03-55", "roomNumber": "VI./E", "roomName": "Tolm\u00e1csf\u00fclke", "roomType": "misc", "floorId": 4, "level": -1, "fillSource": "mvt"}, "geometry": {"type": "Polygon", "coordinates": [[[19.06218606, 47.474338309], [19.06219106, 47.474358309], [19.06215906, 47.474362309], [19.06215306, 47.474342309], [19.06218606, 47.474338309]]]}}, {"type": "Feature", "properties": {"id": 36545, "roomCode": "L\u00c9--1-179-05-71", "roomNumber": "P.69 (-1.79)", "roomName": "F\u00e9rfi mosd\u00f3", "roomType": "social", "floorId": 4, "level": -1, "fillSource": "mvt"}, "geometry": {"type": "Polygon", "coordinates": [[[19.062290638, 47.474388632], [19.062300638, 47.474419632], [19.062268638, 47.474423632], [19.062259638, 47.474392632], [19.062290638, 47.474388632]]]}}, {"type": "Feature", "properties": {"id": 36546, "roomCode": "L\u00c9--1-179/A-05-71", "roomNumber": "P.69", "roomName": "F\u00e9rfi WC", "roomType": "social", "floorId": 4, "level": -1, "fillSource": "mvt"}, "geometry": {"type": "Polygon", "coordinates": [[[19.062342834, 47.474390921], [19.062349834, 47.474413921], [19.062299834, 47.474418921], [19.062293834, 47.474397921], [19.062342834, 47.474390921]]]}}, {"type": "Feature", "properties": {"id": 36547, "roomCode": "L\u00c9--1-179/B-05-71", "roomNumber": "P.69", "roomName": "F\u00e9rfi WC", "roomType": "social", "floorId": 4, "level": -1, "fillSource": "mvt"}, "geometry": {"type": "Polygon", "coordinates": [[[19.062377433, 47.474393739], [19.062383433, 47.474414739], [19.062374433, 47.474416739], [19.062375433, 47.474418739], [19.062350433, 47.474421739], [19.062343433, 47.474398739], [19.062377433, 47.474393739]]]}}, {"type": "Feature", "properties": {"id": 36643, "roomCode": "L\u00c9--1-180-04-62", "roomNumber": "P72 -1.80", "roomName": "Felvon\u00f3 el\u0151t\u00e9r", "roomType": "corridor", "floorId": 4, "level": -1, "fillSource": "mvt"}, "geometry": {"type": "Polygon", "coordinates": [[[19.06231068, 47.474449039], [19.06231368, 47.474458039], [19.06229068, 47.474461039], [19.06228768, 47.474451039], [19.06231068, 47.474449039]]]}}, {"type": "Feature", "properties": {"id": 36521, "roomCode": "L\u00c9--1-181-06-93", "roomNumber": "P.68", "roomName": "Takar\u00edt\u00f3szer t\u00e1rol\u00f3", "roomType": "technical", "floorId": 4, "level": -1, "fillSource": "catalog-bbox"}, "geometry": {"type": "Polygon", "coordinates": [[[19.061928599910264, 47.474398759252416], [19.061965994089732, 47.474398759252416], [19.061965994089732, 47.47442554274758], [19.061928599910264, 47.47442554274758], [19.061928599910264, 47.474398759252416]]]}}, {"type": "Feature", "properties": {"id": 36522, "roomCode": "L\u00c9--1-182-06-93", "roomNumber": "P.4", "roomName": "Takar\u00edt\u00f3szer t\u00e1rol\u00f3", "roomType": "technical", "floorId": 4, "level": -1, "fillSource": "catalog-bbox"}, "geometry": {"type": "Polygon", "coordinates": [[[19.061922778389093, 47.474427105944734], [19.06195432361091, 47.474427105944734], [19.06195432361091, 47.47445552205528], [19.061922778389093, 47.47445552205528], [19.061922778389093, 47.474427105944734]]]}}, {"type": "Feature", "properties": {"id": 36526, "roomCode": "L\u00c9--1-183-05-71", "roomNumber": "P.61 (-1.83)", "roomName": "F\u00e9rfi mosd\u00f3", "roomType": "social", "floorId": 4, "level": -1, "fillSource": "mvt"}, "geometry": {"type": "Polygon", "coordinates": [[[19.061856759, 47.47447837], [19.061862759, 47.47450037], [19.061835759, 47.47450337], [19.061828759, 47.47448237], [19.061856759, 47.47447837]]]}}, {"type": "Feature", "properties": {"id": 36527, "roomCode": "L\u00c9--1-183/A-05-71", "roomNumber": "P.62", "roomName": "F\u00e9rfi WC", "roomType": "social", "floorId": 4, "level": -1, "fillSource": "mvt"}, "geometry": {"type": "Polygon", "coordinates": [[[19.061893769, 47.474482763], [19.061900769, 47.474503763], [19.061863769, 47.474508763], [19.061857769, 47.474487763], [19.061893769, 47.474482763]]]}}, {"type": "Feature", "properties": {"id": 36528, "roomCode": "L\u00c9--1-183/B-05-71", "roomNumber": "P.61", "roomName": "F\u00e9rfi WC", "roomType": "social", "floorId": 4, "level": -1, "fillSource": "mvt"}, "geometry": {"type": "Polygon", "coordinates": [[[19.061920119, 47.474487257], [19.061926119, 47.474509257], [19.061904119, 47.474512257], [19.061897119, 47.474491257], [19.061920119, 47.474487257]]]}}, {"type": "Feature", "properties": {"id": 36529, "roomCode": "L\u00c9--1-184-06-89", "roomNumber": "A2/A (-1.84)", "roomName": "L\u00e9gakna", "roomType": "technical", "floorId": 4, "level": -1, "fillSource": "catalog-bbox"}, "geometry": {"type": "Polygon", "coordinates": [[[19.061923496420054, 47.47447804956402], [19.061967861579944, 47.47447804956402], [19.061967861579944, 47.47451471843598], [19.061923496420054, 47.47451471843598], [19.061923496420054, 47.47447804956402]]]}}, {"type": "Feature", "properties": {"id": 36541, "roomCode": "L\u00c9--1-185-01-11", "roomNumber": "P.70/A", "roomName": "Harm\u00f3nia terem", "roomType": "educational", "floorId": 4, "level": -1, "fillSource": "mvt"}, "geometry": {"type": "Polygon", "coordinates": [[[19.0621424, 47.474471273], [19.0622004, 47.474663273], [19.0621214, 47.474672273], [19.0621294, 47.474698273], [19.0620624, 47.474707273], [19.0620594, 47.474701273], [19.0620474, 47.474702273], [19.0620504, 47.474709273], [19.0619854, 47.474718273], [19.0619774, 47.474692273], [19.0618974, 47.474703273], [19.0618404, 47.474512273], [19.0621424, 47.474471273]]]}}, {"type": "Feature", "properties": {"id": 36543, "roomCode": "L\u00c9--1-185/A-06-84", "roomNumber": "P.70/B M2", "roomName": "Rakt\u00e1r", "roomType": "technical", "floorId": 4, "level": -1, "fillSource": "catalog-bbox"}, "geometry": {"type": "Polygon", "coordinates": [[[19.062164230014158, 47.47454550196223], [19.062236075985837, 47.47454550196223], [19.062236075985837, 47.47457708803776], [19.062164230014158, 47.47457708803776], [19.062164230014158, 47.47454550196223]]]}}, {"type": "Feature", "properties": {"id": 36454, "roomCode": "L\u00c9--1-186-06-84", "roomNumber": "P.73", "roomName": "Rakt\u00e1r", "roomType": "technical", "floorId": 4, "level": -1, "fillSource": "catalog-bbox"}, "geometry": {"type": "Polygon", "coordinates": [[[19.062216055807777, 47.47451759574787], [19.062259574192225, 47.47451759574787], [19.062259574192225, 47.474537790252135], [19.062216055807777, 47.474537790252135], [19.062216055807777, 47.47451759574787]]]}}, {"type": "Feature", "properties": {"id": 36542, "roomCode": "L\u00c9--1-186/A-06-84", "roomNumber": "P.73", "roomName": "Rakt\u00e1r", "roomType": "technical", "floorId": 4, "level": -1, "fillSource": "catalog-bbox"}, "geometry": {"type": "Polygon", "coordinates": [[[19.062210764085588, 47.47453352021334], [19.062254639914407, 47.47453352021334], [19.062254639914407, 47.474554839786656], [19.062210764085588, 47.474554839786656], [19.062210764085588, 47.47453352021334]]]}}, {"type": "Feature", "properties": {"id": 36544, "roomCode": "L\u00c9--1-187-06-89", "roomNumber": "A3/A (-1.87)", "roomName": "L\u00e9gakna", "roomType": "technical", "floorId": 4, "level": -1, "fillSource": "catalog-bbox"}, "geometry": {"type": "Polygon", "coordinates": [[[19.062251713593497, 47.474522910013725], [19.062281480406508, 47.474522910013725], [19.062281480406508, 47.47455779998627], [19.062251713593497, 47.47455779998627], [19.062251713593497, 47.474522910013725]]]}}, {"type": "Feature", "properties": {"id": 36548, "roomCode": "L\u00c9--1-188-05-71", "roomNumber": "P.17", "roomName": "N\u0151i mosd\u00f3", "roomType": "social", "floorId": 4, "level": -1, "fillSource": "mvt"}, "geometry": {"type": "Polygon", "coordinates": [[[19.062337223, 47.47454372], [19.062343223, 47.47456572], [19.062318223, 47.47456972], [19.062311223, 47.47454772], [19.062337223, 47.47454372]]]}}, {"type": "Feature", "properties": {"id": 36549, "roomCode": "L\u00c9--1-188/A-05-71", "roomNumber": "P.17", "roomName": "N\u0151i WC", "roomType": "social", "floorId": 4, "level": -1, "fillSource": "mvt"}, "geometry": {"type": "Polygon", "coordinates": [[[19.062308169, 47.474538966], [19.062314169, 47.474560966], [19.062277169, 47.474565966], [19.062270169, 47.474542966], [19.062308169, 47.474538966]]]}}, {"type": "Feature", "properties": {"id": 36572, "roomCode": "L\u00c9--1-189-04-62", "roomNumber": "P.15 B7 (-1.89)", "roomName": "\u00d6lt\u00f6z\u0151 el\u0151t\u00e9r", "roomType": "corridor", "floorId": 4, "level": -1, "fillSource": "mvt"}, "geometry": {"type": "Polygon", "coordinates": [[[19.062316845, 47.474572404], [19.062324845, 47.474598404], [19.062308845, 47.474600404], [19.062300845, 47.474574404], [19.062316845, 47.474572404]]]}}, {"type": "Feature", "properties": {"id": 36573, "roomCode": "L\u00c9--1-189/A-05-73", "roomNumber": "P.15 B7 (-1.89)", "roomName": "\u00d6lt\u00f6z\u0151", "roomType": "social", "floorId": 4, "level": -1, "fillSource": "mvt"}, "geometry": {"type": "Polygon", "coordinates": [[[19.062297643, 47.474567954], [19.062305643, 47.474594954], [19.062277643, 47.474597954], [19.062269643, 47.474572954], [19.062297643, 47.474567954]]]}}, {"type": "Feature", "properties": {"id": 36576, "roomCode": "L\u00c9--1-190-04-62", "roomNumber": "P.15 B7 (-1,90)", "roomName": "\u00d6lt\u00f6z\u0151 el\u0151t\u00e9r", "roomType": "corridor", "floorId": 4, "level": -1, "fillSource": "mvt"}, "geometry": {"type": "Polygon", "coordinates": [[[19.062308667, 47.474599429], [19.062316667, 47.474625429], [19.062300667, 47.474627429], [19.062292667, 47.474601429], [19.062308667, 47.474599429]]]}}, {"type": "Feature", "properties": {"id": 36575, "roomCode": "L\u00c9--1-190/A-05-73", "roomNumber": "P.15 B7 (-1,90)", "roomName": "\u00d6lt\u00f6z\u0151", "roomType": "social", "floorId": 4, "level": -1, "fillSource": "mvt"}, "geometry": {"type": "Polygon", "coordinates": [[[19.062289588, 47.474595797], [19.062297588, 47.474620797], [19.062269588, 47.474624797], [19.062261588, 47.474599797], [19.062289588, 47.474595797]]]}}, {"type": "Feature", "properties": {"id": 36574, "roomCode": "L\u00c9--1-190/B-05-72", "roomNumber": "P.15 B7", "roomName": "Zuhanyz\u00f3", "roomType": "social", "floorId": 4, "level": -1, "fillSource": "mvt"}, "geometry": {"type": "Polygon", "coordinates": [[[19.062250805, 47.474567077], [19.062262805, 47.474566077], [19.062277805, 47.474618077], [19.062266805, 47.474620077], [19.062264805, 47.474612077], [19.062264805, 47.474620077], [19.062252805, 47.474622077], [19.062237805, 47.474569077], [19.062248805, 47.474567077], [19.062250805, 47.474576077], [19.062253805, 47.474576077], [19.062250805, 47.474567077]]]}}, {"type": "Feature", "properties": {"id": 36578, "roomCode": "L\u00c9--1-191-01-14", "roomNumber": "P.13 B7 (-1.91)", "roomName": "Szonolumineszcencia labor", "roomType": "educational", "floorId": 4, "level": -1, "fillSource": "mvt"}, "geometry": {"type": "Polygon", "coordinates": [[[19.062290583, 47.474623444], [19.062304583, 47.474668444], [19.062229583, 47.474678444], [19.062215583, 47.474633444], [19.062290583, 47.474623444]]]}}, {"type": "Feature", "properties": {"id": 36587, "roomCode": "L\u00c9--1-193-01-14", "roomNumber": "P.11 B7 (-1.93)", "roomName": "CERN labor", "roomType": "educational", "floorId": 4, "level": -1, "fillSource": "mvt"}, "geometry": {"type": "Polygon", "coordinates": [[[19.062254152, 47.474737002], [19.062270152, 47.474789002], [19.062196152, 47.474798002], [19.062180152, 47.474746002], [19.062254152, 47.474737002]]]}}, {"type": "Feature", "properties": {"id": 36590, "roomCode": "L\u00c9--1-194-06-84", "roomNumber": "-1.94 P9", "roomName": "Rakt\u00e1r", "roomType": "technical", "floorId": 4, "level": -1, "fillSource": "catalog-bbox"}, "geometry": {"type": "Polygon", "coordinates": [[[19.06212809462657, 47.474779232889325], [19.062180767373427, 47.474779232889325], [19.062180767373427, 47.47482261111068], [19.06212809462657, 47.47482261111068], [19.06212809462657, 47.474779232889325]]]}}, {"type": "Feature", "properties": {"id": 36591, "roomCode": "L\u00c9--1-195-06-84", "roomNumber": "P.10 B8 (-1.95)", "roomName": "Rakt\u00e1r", "roomType": "technical", "floorId": 4, "level": -1, "fillSource": "catalog-bbox"}, "geometry": {"type": "Polygon", "coordinates": [[[19.062106076723467, 47.47483527105642], [19.06216818927653, 47.47483527105642], [19.06216818927653, 47.47489451894359], [19.062106076723467, 47.47489451894359], [19.062106076723467, 47.47483527105642]]]}}, {"type": "Feature", "properties": {"id": 36624, "roomCode": "L\u00c9--1-196-06-89", "roomNumber": "-1.96", "roomName": "Felvon\u00f3 g\u00e9ph\u00e1z", "roomType": "technical", "floorId": 4, "level": -1, "fillSource": "catalog-bbox"}, "geometry": {"type": "Polygon", "coordinates": [[[19.062201384829915, 47.47484474712339], [19.062231119170082, 47.47484474712339], [19.062231119170082, 47.47485954687661], [19.062201384829915, 47.47485954687661], [19.062201384829915, 47.47484474712339]]]}}, {"type": "Feature", "properties": {"id": 36595, "roomCode": "L\u00c9--1-197-01-14", "roomNumber": "P.12A B8 (-1,97)", "roomName": "Szupersz\u00e1m\u00edt\u00f3g\u00e9p", "roomType": "educational", "floorId": 4, "level": -1, "fillSource": "mvt"}, "geometry": {"type": "Polygon", "coordinates": [[[19.062202768, 47.474843517], [19.062218768, 47.474898517], [19.062210768, 47.474902517], [19.062219768, 47.474901517], [19.062230768, 47.474938517], [19.062180768, 47.474951517], [19.062184768, 47.474963517], [19.062153768, 47.474967517], [19.062117768, 47.474854517], [19.062202768, 47.474843517]]]}}, {"type": "Feature", "properties": {"id": 36596, "roomCode": "L\u00c9--1-198-06-95", "roomNumber": "-1.98", "roomName": "Szem\u00e9tt\u00e1rol\u00f3", "roomType": "technical", "floorId": 4, "level": -1, "fillSource": "catalog-bbox"}, "geometry": {"type": "Polygon", "coordinates": [[[19.06213292522531, 47.474981518003496], [19.062309786774684, 47.474981518003496], [19.062309786774684, 47.475039245996506], [19.06213292522531, 47.475039245996506], [19.06213292522531, 47.474981518003496]]]}}, {"type": "Feature", "properties": {"id": 36598, "roomCode": "L\u00c9--1-198/A-06-93", "roomNumber": "-1.98/A", "roomName": "T\u00e1rol\u00f3", "roomType": "technical", "floorId": 4, "level": -1, "fillSource": "catalog-bbox"}, "geometry": {"type": "Polygon", "coordinates": [[[19.062123705746277, 47.47497873235137], [19.062145642253725, 47.47497873235137], [19.062145642253725, 47.474998983648646], [19.062123705746277, 47.474998983648646], [19.062123705746277, 47.47497873235137]]]}}, {"type": "Feature", "properties": {"id": 36599, "roomCode": "L\u00c9--1-198/B-06-93", "roomNumber": "-1.98/B", "roomName": "T\u00e1rol\u00f3", "roomType": "technical", "floorId": 4, "level": -1, "fillSource": "catalog-bbox"}, "geometry": {"type": "Polygon", "coordinates": [[[19.062117832750257, 47.474998082164085], [19.062139975249742, 47.474998082164085], [19.062139975249742, 47.47501866983592], [19.062117832750257, 47.47501866983592], [19.062117832750257, 47.474998082164085]]]}}, {"type": "Feature", "properties": {"id": 36633, "roomCode": "L\u00c9--1-200-06-89", "roomNumber": "-1.200", "roomName": "Agreg\u00e1tor", "roomType": "technical", "floorId": 4, "level": -1, "fillSource": "catalog-bbox"}, "geometry": {"type": "Polygon", "coordinates": [[[19.062596937174554, 47.47456116664376], [19.062670812825445, 47.47456116664376], [19.062670812825445, 47.474590351356234], [19.062596937174554, 47.474590351356234], [19.062596937174554, 47.47456116664376]]]}}, {"type": "Feature", "properties": {"id": 36632, "roomCode": "L\u00c9--1-201-06-82", "roomNumber": "-1.201", "roomName": "Kisfesz\u00fclts\u00e9g\u0171 kapcsol\u00f3t\u00e9r", "roomType": "technical", "floorId": 4, "level": -1, "fillSource": "catalog-bbox"}, "geometry": {"type": "Polygon", "coordinates": [[[19.062568459859367, 47.47442675150722], [19.06265104814063, 47.47442675150722], [19.06265104814063, 47.4745785044928], [19.062568459859367, 47.4745785044928], [19.062568459859367, 47.47442675150722]]]}}, {"type": "Feature", "properties": {"id": 36637, "roomCode": "L\u00c9--1-202-06-82", "roomNumber": "-1.202", "roomName": "Transzform\u00e1tor vez\u00e9rl\u0151", "roomType": "technical", "floorId": 4, "level": -1, "fillSource": "catalog-bbox"}, "geometry": {"type": "Polygon", "coordinates": [[[19.062647229412775, 47.474434792295845], [19.062708282587227, 47.474434792295845], [19.062708282587227, 47.47446309770416], [19.062647229412775, 47.47446309770416], [19.062647229412775, 47.474434792295845]]]}}, {"type": "Feature", "properties": {"id": 36636, "roomCode": "L\u00c9--1-202/1-06-82", "roomNumber": "-1.202/1", "roomName": "Transzform\u00e1tor", "roomType": "technical", "floorId": 4, "level": -1, "fillSource": "catalog-bbox"}, "geometry": {"type": "Polygon", "coordinates": [[[19.062636961692643, 47.47445758278777], [19.062701616307354, 47.47445758278777], [19.062701616307354, 47.474498201212235], [19.062636961692643, 47.474498201212235], [19.062636961692643, 47.47445758278777]]]}}, {"type": "Feature", "properties": {"id": 36635, "roomCode": "L\u00c9--1-202/2-06-82", "roomNumber": "-1.202/2", "roomName": "Transzform\u00e1tor", "roomType": "technical", "floorId": 4, "level": -1, "fillSource": "catalog-bbox"}, "geometry": {"type": "Polygon", "coordinates": [[[19.062626693692643, 47.47449268780133], [19.06269134830736, 47.47449268780133], [19.06269134830736, 47.474533306198666], [19.062626693692643, 47.474533306198666], [19.062626693692643, 47.47449268780133]]]}}, {"type": "Feature", "properties": {"id": 36634, "roomCode": "L\u00c9--1-202/3-06-82", "roomNumber": "-1.202/3", "roomName": "Transzform\u00e1tor", "roomType": "technical", "floorId": 4, "level": -1, "fillSource": "catalog-bbox"}, "geometry": {"type": "Polygon", "coordinates": [[[19.062616425692646, 47.47452779281491], [19.06268108030736, 47.47452779281491], [19.06268108030736, 47.474568411185096], [19.062616425692646, 47.474568411185096], [19.062616425692646, 47.47452779281491]]]}}, {"type": "Feature", "properties": {"id": 36638, "roomCode": "L\u00c9--1-202/A-06-82", "roomNumber": "-1.202/A", "roomName": "G\u00e9pleereszt\u0151 angolakna", "roomType": "technical", "floorId": 4, "level": -1, "fillSource": "catalog-bbox"}, "geometry": {"type": "Polygon", "coordinates": [[[19.062667523447864, 47.47444240545988], [19.06273965455214, 47.47444240545988], [19.06273965455214, 47.47459450454012], [19.062667523447864, 47.47459450454012], [19.062667523447864, 47.47444240545988]]]}}, {"type": "Feature", "properties": {"id": 36639, "roomCode": "L\u00c9--1-203-06-89", "roomNumber": "-1.203", "roomName": "Szell\u0151z\u0151 g\u00e9ph\u00e1z", "roomType": "technical", "floorId": 4, "level": -1, "fillSource": "catalog-bbox"}, "geometry": {"type": "Polygon", "coordinates": [[[19.062678696101344, 47.47409352136784], [19.062810451898656, 47.47409352136784], [19.062810451898656, 47.474218844632155], [19.062678696101344, 47.474218844632155], [19.062678696101344, 47.47409352136784]]]}}, {"type": "Feature", "properties": {"id": 36640, "roomCode": "L\u00c9--1-203/A-06-89", "roomNumber": "-1.203", "roomName": "G\u00e9p\u00e9szeti szell\u0151z\u0151akna", "roomType": "technical", "floorId": 4, "level": -1, "fillSource": "catalog-bbox"}, "geometry": {"type": "Polygon", "coordinates": [[[19.062780029517175, 47.47416394648091], [19.062823492482824, 47.47416394648091], [19.062823492482824, 47.474222757519094], [19.062780029517175, 47.474222757519094], [19.062780029517175, 47.47416394648091]]]}}, {"type": "Feature", "properties": {"id": 36641, "roomCode": "L\u00c9--1-203/B-06-89", "roomNumber": "-1.203", "roomName": "G\u00e9p\u00e9szeti szell\u0151z\u0151akna", "roomType": "technical", "floorId": 4, "level": -1, "fillSource": "catalog-bbox"}, "geometry": {"type": "Polygon", "coordinates": [[[19.062796686280652, 47.47410680490997], [19.062840205719347, 47.47410680490997], [19.062840205719347, 47.474165809090024], [19.062796686280652, 47.474165809090024], [19.062796686280652, 47.47410680490997]]]}}, {"type": "Feature", "properties": {"id": 36642, "roomCode": "L\u00c9--1-204-06-84", "roomNumber": "-1.204", "roomName": "Rakt\u00e1r", "roomType": "technical", "floorId": 4, "level": -1, "fillSource": "catalog-bbox"}, "geometry": {"type": "Polygon", "coordinates": [[[19.06271677679284, 47.474039621662094], [19.062831215207158, 47.474039621662094], [19.062831215207158, 47.474104886337905], [19.06271677679284, 47.474104886337905], [19.06271677679284, 47.474039621662094]]]}}, {"type": "Feature", "properties": {"id": 36518, "roomCode": "L\u00c9--1-K11-04-63", "roomNumber": "P-K11", "roomName": "Folyos\u00f3", "roomType": "corridor", "floorId": 4, "level": -1, "fillSource": "mvt"}, "geometry": {"type": "Polygon", "coordinates": [[[19.061961836, 47.474370915], [19.061967836, 47.474390915], [19.061879836, 47.474403915], [19.061873836, 47.474382915], [19.061961836, 47.474370915]]]}}, {"type": "Feature", "properties": {"id": 36551, "roomCode": "L\u00c9--1-K11/A-04-63", "roomNumber": "P-K11/A", "roomName": "Folyos\u00f3", "roomType": "corridor", "floorId": 4, "level": -1, "fillSource": "mvt"}, "geometry": {"type": "Polygon", "coordinates": [[[19.06235148, 47.474426211], [19.06235748, 47.474447211], [19.06229748, 47.474455211], [19.06229048, 47.474434211], [19.06235148, 47.474426211]]]}}, {"type": "Feature", "properties": {"id": 36519, "roomCode": "L\u00c9--1-K12-04-63", "roomNumber": "P-K12", "roomName": "Folyos\u00f3", "roomType": "corridor", "floorId": 4, "level": -1, "fillSource": "mvt"}, "geometry": {"type": "Polygon", "coordinates": [[[19.061939215, 47.474449825], [19.061945215, 47.474469825], [19.061856215, 47.474481825], [19.061850215, 47.474460825], [19.061939215, 47.474449825]]]}}, {"type": "Feature", "properties": {"id": 36550, "roomCode": "L\u00c9--1-K12/A-04-63", "roomNumber": "P-K12/A", "roomName": "Folyos\u00f3", "roomType": "corridor", "floorId": 4, "level": -1, "fillSource": "mvt"}, "geometry": {"type": "Polygon", "coordinates": [[[19.062327471, 47.474504591], [19.062333471, 47.474525591], [19.062270471, 47.474534591], [19.062264471, 47.474513591], [19.062327471, 47.474504591]]]}}, {"type": "Feature", "properties": {"id": 36487, "roomCode": "L\u00c9--1-K16-04-63", "roomNumber": "P.K16", "roomName": "Folyos\u00f3", "roomType": "corridor", "floorId": 4, "level": -1, "fillSource": "mvt"}, "geometry": {"type": "Polygon", "coordinates": [[[19.061580723, 47.474060151], [19.061629723, 47.474227151], [19.061599723, 47.474231151], [19.061598723, 47.474227151], [19.061588723, 47.474229151], [19.061575723, 47.474181151], [19.061584723, 47.474180151], [19.061581723, 47.474169151], [19.061572723, 47.474171151], [19.061559723, 47.474127151], [19.061568723, 47.474126151], [19.061564723, 47.474113151], [19.061555723, 47.474114151], [19.061542723, 47.474071151], [19.061551723, 47.474070151], [19.061549723, 47.474065151], [19.061580723, 47.474060151]]]}}, {"type": "Feature", "properties": {"id": 36484, "roomCode": "L\u00c9--1-K17-04-63", "roomNumber": "P.K17", "roomName": "Folyos\u00f3", "roomType": "corridor", "floorId": 4, "level": -1, "fillSource": "mvt"}, "geometry": {"type": "Polygon", "coordinates": [[[19.061573373, 47.474238322], [19.061573373, 47.474257322], [19.061556373, 47.474259322], [19.061562373, 47.474281322], [19.061536373, 47.474285322], [19.061530373, 47.474263322], [19.061439373, 47.474274322], [19.061431373, 47.474248322], [19.061471373, 47.474242322], [19.061475373, 47.474252322], [19.061573373, 47.474238322]]]}}, {"type": "Feature", "properties": {"id": 36462, "roomCode": "L\u00c9--1-K19-04-63", "roomNumber": "P.K18", "roomName": "Folyos\u00f3", "roomType": "corridor", "floorId": 4, "level": -1, "fillSource": "mvt"}, "geometry": {"type": "Polygon", "coordinates": [[[19.061316689, 47.473965922], [19.061318689, 47.473971922], [19.061322689, 47.473971922], [19.061392689, 47.474205922], [19.061370689, 47.474215922], [19.061350689, 47.474192922], [19.061355689, 47.474190922], [19.061289689, 47.473968922], [19.061316689, 47.473965922]]]}}, {"type": "Feature", "properties": {"id": 36592, "roomCode": "L\u00c9--1-K3-04-63", "roomNumber": "P-K3", "roomName": "Folyos\u00f3", "roomType": "corridor", "floorId": 4, "level": -1, "fillSource": "mvt"}, "geometry": {"type": "Polygon", "coordinates": [[[19.062246349, 47.474808861], [19.062250349, 47.474822861], [19.062245349, 47.474823861], [19.062249349, 47.474837861], [19.062227349, 47.474839861], [19.062226349, 47.474833861], [19.062211349, 47.474835861], [19.062214349, 47.474841861], [19.062165349, 47.474847861], [19.062161349, 47.474834861], [19.062116349, 47.474840861], [19.062112349, 47.474827861], [19.062128349, 47.474824861], [19.062246349, 47.474808861]]]}}, {"type": "Feature", "properties": {"id": 36577, "roomCode": "L\u00c9--1-K4-04-63", "roomNumber": "P-K4 /A", "roomName": "Folyos\u00f3", "roomType": "corridor", "floorId": 4, "level": -1, "fillSource": "mvt"}, "geometry": {"type": "Polygon", "coordinates": [[[19.062301567, 47.474584553], [19.062329567, 47.474676553], [19.062340567, 47.474674553], [19.062342567, 47.474685553], [19.062332567, 47.474686553], [19.062345567, 47.474732553], [19.062356567, 47.474730553], [19.062360567, 47.474741553], [19.062348567, 47.474743553], [19.062353567, 47.474760553], [19.062365567, 47.474758553], [19.062368567, 47.474769553], [19.062314567, 47.474776553], [19.062310567, 47.474766553], [19.062322567, 47.474765553], [19.062317567, 47.474747553], [19.062308567, 47.474748553], [19.062304567, 47.474737553], [19.062314567, 47.474737553], [19.062302567, 47.474698553], [19.062286567, 47.474700553], [19.062279567, 47.474681553], [19.062297567, 47.474679553], [19.062283567, 47.474633553], [19.062273567, 47.474635553], [19.062269567, 47.474625553], [19.062281567, 47.474623553], [19.062270567, 47.474589553], [19.062301567, 47.474584553]]]}}, {"type": "Feature", "properties": {"id": 36593, "roomCode": "L\u00c9--1-K4/A-04-63", "roomNumber": "P-K3", "roomName": "Folyos\u00f3", "roomType": "corridor", "floorId": 4, "level": -1, "fillSource": "mvt"}, "geometry": {"type": "Polygon", "coordinates": [[[19.06224099, 47.474788036], [19.06227599, 47.474908036], [19.06228699, 47.474907036], [19.06229099, 47.474918036], [19.06227999, 47.474919036], [19.06229099, 47.474956036], [19.06225999, 47.474961036], [19.06220999, 47.474791036], [19.06224099, 47.474788036]]]}}, {"type": "Feature", "properties": {"id": 36571, "roomCode": "L\u00c9--1-K4/B-04-63", "roomNumber": "P-K4 B", "roomName": "Folyos\u00f3", "roomType": "corridor", "floorId": 4, "level": -1, "fillSource": "mvt"}, "geometry": {"type": "Polygon", "coordinates": [[[19.062358643, 47.474570702], [19.062364643, 47.474586702], [19.062374643, 47.474584702], [19.062377643, 47.474595702], [19.062366643, 47.474597702], [19.062369643, 47.474605702], [19.062338643, 47.474609702], [19.062335643, 47.474601702], [19.062323643, 47.474603702], [19.062321643, 47.474593702], [19.062333643, 47.474591702], [19.062327643, 47.474574702], [19.062358643, 47.474570702]]]}}, {"type": "Feature", "properties": {"id": 36597, "roomCode": "L\u00c9--1-K4/C-04-63", "roomNumber": "P-K3", "roomName": "Folyos\u00f3", "roomType": "corridor", "floorId": 4, "level": -1, "fillSource": "mvt"}, "geometry": {"type": "Polygon", "coordinates": [[[19.062301439, 47.474966938], [19.062310439, 47.474983938], [19.062158439, 47.475004938], [19.062153439, 47.474986938], [19.062301439, 47.474966938]]]}}, {"type": "Feature", "properties": {"id": 36552, "roomCode": "L\u00c9--1-K5-04-61", "roomNumber": "P-K5", "roomName": "El\u0151csarnok", "roomType": "corridor", "floorId": 4, "level": -1, "fillSource": "mvt"}, "geometry": {"type": "Polygon", "coordinates": [[[19.062361836, 47.474429055], [19.062356836, 47.474415055], [19.062387836, 47.474415055], [19.062420836, 47.474519055], [19.062430836, 47.474518055], [19.062434836, 47.474530055], [19.062423836, 47.474531055], [19.062431836, 47.474558055], [19.062400836, 47.474562055], [19.062391836, 47.474530055], [19.062372836, 47.474532055], [19.062363836, 47.474503055], [19.062359836, 47.474503055], [19.062356836, 47.474495055], [19.062361836, 47.474494055], [19.062358836, 47.474486055], [19.062354836, 47.474486055], [19.062352836, 47.474478055], [19.062356836, 47.474477055], [19.062353836, 47.474468055], [19.062349836, 47.474469055], [19.062346836, 47.474461055], [19.062350836, 47.474460055], [19.062342836, 47.474432055], [19.062361836, 47.474429055]]]}}, {"type": "Feature", "properties": {"id": 36558, "roomCode": "L\u00c9--1-K6-04-63", "roomNumber": "P-K6", "roomName": "Folyos\u00f3", "roomType": "corridor", "floorId": 4, "level": -1, "fillSource": "mvt"}, "geometry": {"type": "Polygon", "coordinates": [[[19.062407219, 47.474070144], [19.062418219, 47.474108144], [19.062428219, 47.474106144], [19.062431219, 47.474116144], [19.062421219, 47.474118144], [19.062426219, 47.474136144], [19.062437219, 47.474134144], [19.062439219, 47.474144144], [19.062429219, 47.474146144], [19.062443219, 47.474192144], [19.062454219, 47.474191144], [19.062457219, 47.474201144], [19.062446219, 47.474202144], [19.062452219, 47.474220144], [19.062462219, 47.474218144], [19.062465219, 47.474229144], [19.062454219, 47.474230144], [19.062460219, 47.474248144], [19.062470219, 47.474246144], [19.062474219, 47.474257144], [19.062463219, 47.474258144], [19.062468219, 47.474276144], [19.062479219, 47.474274144], [19.062482219, 47.474285144], [19.062471219, 47.474286144], [19.062485219, 47.474332144], [19.062496219, 47.474330144], [19.062499219, 47.474341144], [19.062488219, 47.474342144], [19.062494219, 47.474361144], [19.062504219, 47.474359144], [19.062507219, 47.474369144], [19.062496219, 47.474370144], [19.062507219, 47.474406144], [19.062476219, 47.474410144], [19.062376219, 47.474074144], [19.062407219, 47.474070144]]]}}, {"type": "Feature", "properties": {"id": 36557, "roomCode": "L\u00c9--1-K7-04-63", "roomNumber": "P-K7", "roomName": "Folyos\u00f3", "roomType": "corridor", "floorId": 4, "level": -1, "fillSource": "mvt"}, "geometry": {"type": "Polygon", "coordinates": [[[19.062461395, 47.474111104], [19.062466395, 47.474127104], [19.062375395, 47.474139104], [19.062371395, 47.474123104], [19.062461395, 47.474111104]]]}}, {"type": "Feature", "properties": {"id": 36444, "roomCode": "L\u00c9--1-K8-04-63", "roomNumber": "P.K8", "roomName": "Folyos\u00f3", "roomType": "corridor", "floorId": 4, "level": -1, "fillSource": "mvt"}, "geometry": {"type": "Polygon", "coordinates": [[[19.061888562, 47.473997449], [19.061967562, 47.474258449], [19.062056562, 47.474247449], [19.062061562, 47.474263449], [19.061941562, 47.474279449], [19.061939562, 47.474273449], [19.061928562, 47.474275449], [19.061925562, 47.474263449], [19.061935562, 47.474262449], [19.061913562, 47.474188449], [19.061903562, 47.474189449], [19.061899562, 47.474178449], [19.061910562, 47.474177449], [19.061905562, 47.474160449], [19.061894562, 47.474162449], [19.061890562, 47.474150449], [19.061902562, 47.474149449], [19.061888562, 47.474104449], [19.061877562, 47.474106449], [19.061874562, 47.474095449], [19.061885562, 47.474093449], [19.061858562, 47.474001449], [19.061888562, 47.473997449]]]}}, {"type": "Feature", "properties": {"id": 36520, "roomCode": "L\u00c9--1-K9-04-63", "roomNumber": "P-K9", "roomName": "Folyos\u00f3", "roomType": "corridor", "floorId": 4, "level": -1, "fillSource": "mvt"}, "geometry": {"type": "Polygon", "coordinates": [[[19.061830162, 47.474330688], [19.061839162, 47.474363688], [19.061859162, 47.474360688], [19.061867162, 47.474389688], [19.061871162, 47.474389688], [19.061874162, 47.474398688], [19.061869162, 47.474398688], [19.061872162, 47.474406688], [19.061876162, 47.474406688], [19.061879162, 47.474414688], [19.061875162, 47.474415688], [19.061877162, 47.474423688], [19.061881162, 47.474423688], [19.061884162, 47.474431688], [19.061880162, 47.474432688], [19.061888162, 47.474460688], [19.061868162, 47.474462688], [19.061879162, 47.474497688], [19.061849162, 47.474502688], [19.061845162, 47.474493688], [19.061835162, 47.474494688], [19.061832162, 47.474484688], [19.061843162, 47.474482688], [19.061837162, 47.474465688], [19.061826162, 47.474467688], [19.061823162, 47.474455688], [19.061834162, 47.474453688], [19.061812162, 47.474380688], [19.061801162, 47.474382688], [19.061798162, 47.474371688], [19.061809162, 47.474370688], [19.061804162, 47.474352688], [19.061793162, 47.474354688], [19.061790162, 47.474341688], [19.061800162, 47.474340688], [19.061798162, 47.474334688], [19.061830162, 47.474330688]]]}}, {"type": "Feature", "properties": {"id": 36622, "roomCode": "L\u00c9--1-L10-04-64", "roomNumber": "*P-Lxx", "roomName": "L\u00e9pcs\u0151h\u00e1z", "roomType": "corridor", "floorId": 4, "level": -1, "fillSource": "mvt"}, "geometry": {"type": "Polygon", "coordinates": [[[19.061112218, 47.474196349], [19.061130218, 47.474198349], [19.061142218, 47.474204349], [19.061151218, 47.474212349], [19.061155218, 47.474224349], [19.061175218, 47.474221349], [19.061183218, 47.474247349], [19.061147218, 47.474252349], [19.061145218, 47.474248349], [19.061151218, 47.474244349], [19.061147218, 47.474242349], [19.061126218, 47.474252349], [19.061101218, 47.474252349], [19.061079218, 47.474243349], [19.061070218, 47.474225349], [19.061072218, 47.474215349], [19.061082218, 47.474205349], [19.061094218, 47.474199349], [19.061112218, 47.474196349]]]}}, {"type": "Feature", "properties": {"id": 36589, "roomCode": "L\u00c9--1-L3-04-64", "roomNumber": "*P.L3", "roomName": "L\u00e9pcs\u0151h\u00e1z", "roomType": "corridor", "floorId": 4, "level": -1, "fillSource": "mvt"}, "geometry": {"type": "Polygon", "coordinates": [[[19.062252725, 47.474788963], [19.062256725, 47.474812963], [19.062177725, 47.474822963], [19.062170725, 47.474799963], [19.062252725, 47.474788963]]]}}, {"type": "Feature", "properties": {"id": 36586, "roomCode": "L\u00c9--1-L4-04-64", "roomNumber": "P.L4", "roomName": "L\u00e9pcs\u0151h\u00e1z", "roomType": "corridor", "floorId": 4, "level": -1, "fillSource": "mvt"}, "geometry": {"type": "Polygon", "coordinates": [[[19.062263896, 47.474684068], [19.062278896, 47.474733068], [19.062211896, 47.474741068], [19.062197896, 47.474692068], [19.062263896, 47.474684068]]]}}, {"type": "Feature", "properties": {"id": 36517, "roomCode": "L\u00c9--1-L5-04-64", "roomNumber": "P.L5", "roomName": "L\u00e9pcs\u0151h\u00e1z", "roomType": "corridor", "floorId": 4, "level": -1, "fillSource": "mvt"}, "geometry": {"type": "Polygon", "coordinates": [[[19.062432945, 47.474142358], [19.062436945, 47.474157358], [19.062443945, 47.474156358], [19.062445945, 47.474164358], [19.062360945, 47.474176358], [19.062353945, 47.474153358], [19.062432945, 47.474142358]]]}}, {"type": "Feature", "properties": {"id": 36561, "roomCode": "L\u00c9--1-L6-04-64", "roomNumber": "P-L6", "roomName": "L\u00e9pcs\u0151h\u00e1z", "roomType": "corridor", "floorId": 4, "level": -1, "fillSource": "mvt"}, "geometry": {"type": "Polygon", "coordinates": [[[19.062027145, 47.474082037], [19.062034145, 47.474105037], [19.062022145, 47.474107037], [19.062017145, 47.474093037], [19.061987145, 47.474097037], [19.062016145, 47.474095037], [19.062020145, 47.474108037], [19.061949145, 47.474117037], [19.061947145, 47.474108037], [19.061953145, 47.474107037], [19.061949145, 47.474093037], [19.062027145, 47.474082037]]]}}, {"type": "Feature", "properties": {"id": 36540, "roomCode": "L\u00c9--1-L7-04-64", "roomNumber": "P.L7", "roomName": "L\u00e9pcs\u0151h\u00e1z", "roomType": "corridor", "floorId": 4, "level": -1, "fillSource": "mvt"}, "geometry": {"type": "Polygon", "coordinates": [[[19.062265848, 47.474445613], [19.062275848, 47.474483613], [19.062182848, 47.474496613], [19.062171848, 47.474457613], [19.062265848, 47.474445613]]]}}, {"type": "Feature", "properties": {"id": 36440, "roomCode": "L\u00c9--1-L9-04-64", "roomNumber": "P-L9", "roomName": "L\u00e9pcs\u0151h\u00e1z", "roomType": "corridor", "floorId": 4, "level": -1, "fillSource": "mvt"}, "geometry": {"type": "Polygon", "coordinates": [[[19.061730419, 47.473923366], [19.061747419, 47.473982366], [19.061756419, 47.473982366], [19.061760419, 47.473997366], [19.061687419, 47.474006366], [19.061682419, 47.473989366], [19.061689419, 47.473988366], [19.061672419, 47.473931366], [19.061730419, 47.473923366]]]}}, {"type": "Feature", "properties": {"id": 36473, "roomCode": "L\u00c9--1-P47/D-07-108", "roomNumber": "P.47/D", "roomName": "Bels\u0151 udvar", "roomType": "outdoor", "floorId": 4, "level": -1, "fillSource": "mvt"}, "geometry": {"type": "Polygon", "coordinates": [[[19.062392601, 47.473995502], [19.062406601, 47.474040502], [19.062337601, 47.474049502], [19.062319601, 47.474005502], [19.062392601, 47.473995502]]]}}, {"type": "Feature", "properties": {"id": 36472, "roomCode": "L\u00c9--1-P48/D-07-108", "roomNumber": "P.48/D", "roomName": "Bels\u0151 udvar", "roomType": "outdoor", "floorId": 4, "level": -1, "fillSource": "mvt"}, "geometry": {"type": "Polygon", "coordinates": [[[19.062138547, 47.473961592], [19.062151547, 47.474006592], [19.062083547, 47.474014592], [19.062071547, 47.473971592], [19.062138547, 47.473961592]]]}}, {"type": "Feature", "properties": {"id": 36493, "roomCode": "L\u00c9--1-P83-04-62", "roomNumber": "P.83", "roomName": "El\u0151t\u00e9r", "roomType": "corridor", "floorId": 4, "level": -1, "fillSource": "mvt"}, "geometry": {"type": "Polygon", "coordinates": [[[19.061667682, 47.473922498], [19.061708682, 47.474058498], [19.061642682, 47.474068498], [19.061637682, 47.474052498], [19.061645682, 47.474051498], [19.061642682, 47.474039498], [19.061634682, 47.474040498], [19.061621682, 47.473995498], [19.061627682, 47.473994498], [19.061621682, 47.473974498], [19.061611682, 47.473975498], [19.061599682, 47.473935498], [19.061608682, 47.473934498], [19.061608682, 47.473930498], [19.061667682, 47.473922498]]]}}, {"type": "Feature", "properties": {"id": 36741, "roomCode": "LK-0-000-04-62", "roomNumber": "00", "roomName": "Lift el\u0151t\u00e9r", "roomType": "corridor", "floorId": 5, "level": 0, "fillSource": "mvt"}, "geometry": {"type": "Polygon", "coordinates": [[[19.061711679, 47.474709436], [19.061723679, 47.474752436], [19.061715679, 47.474753436], [19.061716679, 47.474758436], [19.061652679, 47.474767436], [19.061650679, 47.474762436], [19.061642679, 47.474763436], [19.061629679, 47.474719436], [19.061711679, 47.474709436]]]}}, {"type": "Feature", "properties": {"id": 36742, "roomCode": "LK-0-000/1-04-64", "roomNumber": "000/1", "roomName": "L\u00e9pcs\u0151h\u00e1z", "roomType": "corridor", "floorId": 5, "level": 0, "fillSource": "mvt"}, "geometry": {"type": "Polygon", "coordinates": [[[19.061683119, 47.474771634], [19.061702119, 47.474830634], [19.061643119, 47.474839634], [19.061625119, 47.474778634], [19.061683119, 47.474771634]]]}}, {"type": "Feature", "properties": {"id": 36811, "roomCode": "LK-0-000/10-04-64", "roomNumber": "000/10", "roomName": "L\u00e9pcs\u0151h\u00e1z", "roomType": "corridor", "floorId": 5, "level": 0, "fillSource": "mvt"}, "geometry": {"type": "Polygon", "coordinates": [[[19.061243638, 47.474600588], [19.061261638, 47.474658588], [19.061205638, 47.474666588], [19.061186638, 47.474608588], [19.061243638, 47.474600588]]]}}, {"type": "Feature", "properties": {"id": 36799, "roomCode": "LK-0-000/11-04-63", "roomNumber": "000/11", "roomName": "Folyos\u00f3", "roomType": "corridor", "floorId": 5, "level": 0, "fillSource": "mvt"}, "geometry": {"type": "Polygon", "coordinates": [[[19.061396145, 47.474595961], [19.061345145, 47.474430961], [19.061376145, 47.474430961], [19.061424145, 47.474592961], [19.061396145, 47.474595961]]]}}, {"type": "Feature", "properties": {"id": 36854, "roomCode": "LK-0-000/12-04-63", "roomNumber": "000/12", "roomName": "Folyos\u00f3", "roomType": "corridor", "floorId": 5, "level": 0, "fillSource": "mvt"}, "geometry": {"type": "Polygon", "coordinates": [[[19.061185035, 47.474549021], [19.061093035, 47.474244021], [19.061167035, 47.474244021], [19.061226035, 47.474437021], [19.061213035, 47.474450021], [19.061218035, 47.474466021], [19.061236035, 47.474474021], [19.061256035, 47.474538021], [19.061254035, 47.474540021], [19.061185035, 47.474549021]]]}}, {"type": "Feature", "properties": {"id": 36784, "roomCode": "LK-0-000/2-04-63", "roomNumber": "000/2", "roomName": "Folyos\u00f3", "roomType": "corridor", "floorId": 5, "level": 0, "fillSource": "mvt"}, "geometry": {"type": "Polygon", "coordinates": [[[19.061586073, 47.474776307], [19.061590073, 47.474787307], [19.061602073, 47.474786307], [19.061605073, 47.474797307], [19.061593073, 47.474797307], [19.061598073, 47.474815307], [19.061610073, 47.474813307], [19.061613073, 47.474824307], [19.061601073, 47.474825307], [19.061606073, 47.474844307], [19.061618073, 47.474842307], [19.061621073, 47.474853307], [19.061610073, 47.474854307], [19.061616073, 47.474871307], [19.061626073, 47.474869307], [19.061629073, 47.474880307], [19.061618073, 47.474881307], [19.061638073, 47.474949307], [19.061613073, 47.474952307], [19.061609073, 47.474942307], [19.061597073, 47.474942307], [19.061594073, 47.474932307], [19.061606073, 47.474931307], [19.061601073, 47.474913307], [19.061589073, 47.474915307], [19.061586073, 47.474904307], [19.061598073, 47.474903307], [19.061593073, 47.474884307], [19.061581073, 47.474886307], [19.061577073, 47.474876307], [19.061589073, 47.474874307], [19.061583073, 47.474857307], [19.061573073, 47.474859307], [19.061569073, 47.474849307], [19.061581073, 47.474847307], [19.061575073, 47.474829307], [19.061563073, 47.474830307], [19.061561073, 47.474820307], [19.061573073, 47.474818307], [19.061567073, 47.474801307], [19.061555073, 47.474803307], [19.061553073, 47.474793307], [19.061565073, 47.474791307], [19.061561073, 47.474779307], [19.061586073, 47.474776307]]]}}, {"type": "Feature", "properties": {"id": 36783, "roomCode": "LK-0-000/2/A-04-62", "roomNumber": "000/2/A", "roomName": "KTCS folyos\u00f3 csom\u00f3pont", "roomType": "corridor", "floorId": 5, "level": 0, "fillSource": "mvt"}, "geometry": {"type": "Polygon", "coordinates": [[[19.061622134, 47.474710763], [19.061637134, 47.474761763], [19.061530134, 47.474775763], [19.061515134, 47.474724763], [19.061597134, 47.474713763], [19.061622134, 47.474710763]]]}}, {"type": "Feature", "properties": {"id": 36785, "roomCode": "LK-0-000/2/B-04-63", "roomNumber": "000/2/B", "roomName": "Folyos\u00f3", "roomType": "corridor", "floorId": 5, "level": 0, "fillSource": "mvt"}, "geometry": {"type": "Polygon", "coordinates": [[[19.061652337, 47.474595], [19.061664337, 47.474634], [19.061675337, 47.474633], [19.061679337, 47.474644], [19.061668337, 47.474644], [19.061674337, 47.474663], [19.061683337, 47.474661], [19.061687337, 47.474672], [19.061676337, 47.474673], [19.061687337, 47.474712], [19.061661337, 47.474715], [19.061659337, 47.474704], [19.061647337, 47.474706], [19.061643337, 47.474695], [19.061655337, 47.474694], [19.061649337, 47.474677], [19.061639337, 47.474678], [19.061635337, 47.474668], [19.061647337, 47.474666], [19.061641337, 47.474648], [19.061629337, 47.47465], [19.061627337, 47.474639], [19.061639337, 47.474637], [19.061633337, 47.474621], [19.061621337, 47.474622], [19.061619337, 47.474612], [19.061631337, 47.47461], [19.061627337, 47.474599], [19.061652337, 47.474595]]]}}, {"type": "Feature", "properties": {"id": 36778, "roomCode": "LK-0-000/3-04-63", "roomNumber": "000/3", "roomName": "Folyos\u00f3", "roomType": "corridor", "floorId": 5, "level": 0, "fillSource": "mvt"}, "geometry": {"type": "Polygon", "coordinates": [[[19.061458063, 47.475096493], [19.061476063, 47.475107493], [19.061479063, 47.475124493], [19.061491063, 47.475122493], [19.061494063, 47.475133493], [19.061482063, 47.475134493], [19.061487063, 47.475151493], [19.061499063, 47.475149493], [19.061502063, 47.475160493], [19.061490063, 47.475162493], [19.061495063, 47.475180493], [19.061507063, 47.475178493], [19.061511063, 47.475189493], [19.061499063, 47.475190493], [19.061505063, 47.475207493], [19.061515063, 47.475205493], [19.061519063, 47.475216493], [19.061507063, 47.475218493], [19.061513063, 47.475236493], [19.061525063, 47.475234493], [19.061527063, 47.475245493], [19.061515063, 47.475246493], [19.061521063, 47.475263493], [19.061533063, 47.475261493], [19.061535063, 47.475272493], [19.061525063, 47.475277493], [19.061486063, 47.475279493], [19.061483063, 47.475269493], [19.061495063, 47.475267493], [19.061490063, 47.475250493], [19.061478063, 47.475251493], [19.061475063, 47.475241493], [19.061487063, 47.475240493], [19.061480063, 47.475222493], [19.061470063, 47.475223493], [19.061466063, 47.475212493], [19.061478063, 47.475211493], [19.061472063, 47.475193493], [19.061462063, 47.475195493], [19.061458063, 47.475185493], [19.061470063, 47.475183493], [19.061452063, 47.475114493], [19.061443063, 47.475110493], [19.061458063, 47.475096493]]]}}, {"type": "Feature", "properties": {"id": 36779, "roomCode": "LK-0-000/3/a-04-63", "roomNumber": "000/3/a", "roomName": "Folyos\u00f3", "roomType": "corridor", "floorId": 5, "level": 0, "fillSource": "mvt"}, "geometry": {"type": "Polygon", "coordinates": [[[19.061526761, 47.475046421], [19.061538761, 47.475045421], [19.061532761, 47.475028421], [19.061520761, 47.475030421], [19.061518761, 47.475019421], [19.061530761, 47.475017421], [19.061524761, 47.474999421], [19.061512761, 47.475001421], [19.061508761, 47.474990421], [19.061520761, 47.474989421], [19.061515761, 47.474972421], [19.061504761, 47.474974421], [19.061500761, 47.474963421], [19.061512761, 47.474961421], [19.061508761, 47.474946421], [19.061534761, 47.474943421], [19.061538761, 47.474957421], [19.061550761, 47.474956421], [19.061554761, 47.474967421], [19.061542761, 47.474968421], [19.061547761, 47.474985421], [19.061558761, 47.474984421], [19.061562761, 47.474994421], [19.061550761, 47.474996421], [19.061555761, 47.475014421], [19.061567761, 47.475013421], [19.061570761, 47.475023421], [19.061558761, 47.475024421], [19.061563761, 47.475042421], [19.061575761, 47.475040421], [19.061578761, 47.475051421], [19.061567761, 47.475052421], [19.061586761, 47.475118421], [19.061561761, 47.475121421], [19.061558761, 47.475111421], [19.061546761, 47.475113421], [19.061542761, 47.475103421], [19.061554761, 47.475101421], [19.061548761, 47.475084421], [19.061538761, 47.475086421], [19.061534761, 47.475075421], [19.061546761, 47.475073421], [19.061540761, 47.475056421], [19.061528761, 47.475057421], [19.061526761, 47.475046421]]]}}, {"type": "Feature", "properties": {"id": 36781, "roomCode": "LK-0-000/4-04-64", "roomNumber": "000/4", "roomName": "L\u00e9pcs\u0151h\u00e1z", "roomType": "corridor", "floorId": 5, "level": 0, "fillSource": "mvt"}, "geometry": {"type": "Polygon", "coordinates": [[[19.061427788, 47.475222267], [19.061432788, 47.475224267], [19.061433788, 47.475230267], [19.061443788, 47.475229267], [19.061453788, 47.475265267], [19.061444788, 47.475267267], [19.061447788, 47.475275267], [19.061372788, 47.475284267], [19.061366788, 47.475282267], [19.061354788, 47.475235267], [19.061357788, 47.475232267], [19.061427788, 47.475222267]]]}}, {"type": "Feature", "properties": {"id": 36818, "roomCode": "LK-0-000/5-04-63", "roomNumber": "000/5", "roomName": "Folyos\u00f3", "roomType": "corridor", "floorId": 5, "level": 0, "fillSource": "mvt"}, "geometry": {"type": "Polygon", "coordinates": [[[19.061764491, 47.474590708], [19.061762491, 47.474587708], [19.061802491, 47.474587708], [19.061805491, 47.474595708], [19.061793491, 47.474596708], [19.061798491, 47.474614708], [19.061810491, 47.474612708], [19.061813491, 47.474622708], [19.061802491, 47.474624708], [19.061804491, 47.474632708], [19.061778491, 47.474635708], [19.061776491, 47.474628708], [19.061763491, 47.474629708], [19.061760491, 47.474619708], [19.061772491, 47.474617708], [19.061767491, 47.474600708], [19.061755491, 47.474601708], [19.061752491, 47.474591708], [19.061764491, 47.474590708]]]}}, {"type": "Feature", "properties": {"id": 36747, "roomCode": "LK-0-000/5/A-04-63", "roomNumber": "000/5", "roomName": "Folyos\u00f3", "roomType": "corridor", "floorId": 5, "level": 0, "fillSource": "mvt"}, "geometry": {"type": "Polygon", "coordinates": [[[19.061720125, 47.474751335], [19.061726125, 47.474762335], [19.061738125, 47.474760335], [19.061740125, 47.474771335], [19.061728125, 47.474772335], [19.061734125, 47.474790335], [19.061746125, 47.474789335], [19.061748125, 47.474799335], [19.061736125, 47.474801335], [19.061756125, 47.474865335], [19.061730125, 47.474869335], [19.061697125, 47.474759335], [19.061697125, 47.474753335], [19.061720125, 47.474751335]]]}}, {"type": "Feature", "properties": {"id": 36749, "roomCode": "LK-0-000/6-04-63", "roomNumber": "000/6", "roomName": "Folyos\u00f3", "roomType": "corridor", "floorId": 5, "level": 0, "fillSource": "mvt"}, "geometry": {"type": "Polygon", "coordinates": [[[19.061789841, 47.474770397], [19.061793841, 47.474783397], [19.061742841, 47.474789397], [19.061738841, 47.474776397], [19.061789841, 47.474770397]]]}}, {"type": "Feature", "properties": {"id": 36746, "roomCode": "LK-0-000/6/A-04-63", "roomNumber": "000/6/A", "roomName": "Folyos\u00f3", "roomType": "corridor", "floorId": 5, "level": 0, "fillSource": "mvt"}, "geometry": {"type": "Polygon", "coordinates": [[[19.061883835, 47.474777517], [19.061889835, 47.474790517], [19.061791835, 47.474804517], [19.061788835, 47.474791517], [19.061883835, 47.474777517]]]}}, {"type": "Feature", "properties": {"id": 36787, "roomCode": "LK-0-000/7-04-63", "roomNumber": "000/7", "roomName": "\u00c1tj\u00e1r\u00f3", "roomType": "corridor", "floorId": 5, "level": 0, "fillSource": "mvt"}, "geometry": {"type": "Polygon", "coordinates": [[[19.061516357, 47.474691027], [19.061532357, 47.474747027], [19.061431357, 47.474759027], [19.061415357, 47.474706027], [19.061516357, 47.474691027]]]}}, {"type": "Feature", "properties": {"id": 36789, "roomCode": "LK-0-000/8-04-61", "roomNumber": "000/8", "roomName": "El\u0151csarnok", "roomType": "corridor", "floorId": 5, "level": 0, "fillSource": "mvt"}, "geometry": {"type": "Polygon", "coordinates": [[[19.06121859, 47.474576664], [19.06125759, 47.474725664], [19.06127959, 47.474777664], [19.06127359, 47.474781664], [19.06128059, 47.474780664], [19.06129559, 47.474832664], [19.06126559, 47.474821664], [19.06124159, 47.474824664], [19.06122759, 47.474841664], [19.06107559, 47.474862664], [19.06104459, 47.474752664], [19.06111359, 47.474740664], [19.06110059, 47.474691664], [19.06121859, 47.474576664]]]}}, {"type": "Feature", "properties": {"id": 36871, "roomCode": "LK-0-000/8-06-91", "roomNumber": "000/8", "roomName": "Porta", "roomType": "technical", "floorId": 5, "level": 0, "fillSource": "catalog-bbox"}, "geometry": {"type": "Polygon", "coordinates": [[[19.06125764386062, 47.474658711304606], [19.061326086139385, 47.474658711304606], [19.061326086139385, 47.4746820646954], [19.06125764386062, 47.4746820646954], [19.06125764386062, 47.474658711304606]]]}}, {"type": "Feature", "properties": {"id": 36788, "roomCode": "LK-0-000/8/a-04-63", "roomNumber": "000/8/a", "roomName": "\u00c1tj\u00e1r\u00f3", "roomType": "corridor", "floorId": 5, "level": 0, "fillSource": "mvt"}, "geometry": {"type": "Polygon", "coordinates": [[[19.061413403, 47.474680665], [19.061429403, 47.474732665], [19.061319403, 47.474746665], [19.061303403, 47.474691665], [19.061413403, 47.474680665]]]}}, {"type": "Feature", "properties": {"id": 36790, "roomCode": "LK-0-000/9-04-62", "roomNumber": "000/9", "roomName": "Sz\u00e9lfog\u00f3", "roomType": "corridor", "floorId": 5, "level": 0, "fillSource": "mvt"}, "geometry": {"type": "Polygon", "coordinates": [[[19.061131565, 47.474764234], [19.061143565, 47.474803234], [19.061084565, 47.474811234], [19.061072565, 47.474772234], [19.061095565, 47.474768234], [19.061131565, 47.474764234]]]}}, {"type": "Feature", "properties": {"id": 36792, "roomCode": "LK-0-001-06-83", "roomNumber": "001", "roomName": "Mechanikai m\u0171hely", "roomType": "technical", "floorId": 5, "level": 0, "fillSource": "catalog-bbox"}, "geometry": {"type": "Polygon", "coordinates": [[[19.06155994574562, 47.4745846984516], [19.061643610254375, 47.4745846984516], [19.061643610254375, 47.474649471548396], [19.06155994574562, 47.474649471548396], [19.06155994574562, 47.4745846984516]]]}}, {"type": "Feature", "properties": {"id": 36791, "roomCode": "LK-0-002-06-83", "roomNumber": "002", "roomName": "Mechanikai m\u0171hely", "roomType": "technical", "floorId": 5, "level": 0, "fillSource": "catalog-bbox"}, "geometry": {"type": "Polygon", "coordinates": [[[19.06154260730372, 47.47464240274573], [19.06162646269628, 47.47464240274573], [19.06162646269628, 47.47470781325426], [19.06154260730372, 47.47470781325426], [19.06154260730372, 47.47464240274573]]]}}, {"type": "Feature", "properties": {"id": 36835, "roomCode": "LK-0-003-06-83", "roomNumber": "003", "roomName": "Mechanikai m\u0171hely", "roomType": "technical", "floorId": 5, "level": 0, "fillSource": "catalog-bbox"}, "geometry": {"type": "Polygon", "coordinates": [[[19.06150886404289, 47.474752859367264], [19.06159342995711, 47.474752859367264], [19.06159342995711, 47.474818416632736], [19.06150886404289, 47.474818416632736], [19.06150886404289, 47.474752859367264]]]}}, {"type": "Feature", "properties": {"id": 36782, "roomCode": "LK-0-004-06-83", "roomNumber": "004", "roomName": "Mechanikai m\u0171hely", "roomType": "technical", "floorId": 5, "level": 0, "fillSource": "catalog-bbox"}, "geometry": {"type": "Polygon", "coordinates": [[[19.061491486743968, 47.47481066387674], [19.06157593725603, 47.47481066387674], [19.06157593725603, 47.47487639812325], [19.061491486743968, 47.47487639812325], [19.061491486743968, 47.47481066387674]]]}}, {"type": "Feature", "properties": {"id": 36872, "roomCode": "LK-0-005-06-83", "roomNumber": "005", "roomName": "FM m\u0171hely", "roomType": "technical", "floorId": 5, "level": 0, "fillSource": "catalog-bbox"}, "geometry": {"type": "Polygon", "coordinates": [[[19.061473826784166, 47.47486852867827], [19.061558639215832, 47.47486852867827], [19.061558639215832, 47.47493518532172], [19.061473826784166, 47.47493518532172], [19.061473826784166, 47.47486852867827]]]}}, {"type": "Feature", "properties": {"id": 36771, "roomCode": "LK-0-007-01-14", "roomNumber": "007", "roomName": "Pozitronannihil\u00e1ci\u00f3s labor", "roomType": "educational", "floorId": 5, "level": 0, "fillSource": "mvt"}, "geometry": {"type": "Polygon", "coordinates": [[[19.061519624, 47.474933546], [19.061535624, 47.474987546], [19.061468624, 47.474996546], [19.061452624, 47.474943546], [19.061519624, 47.474933546]]]}}, {"type": "Feature", "properties": {"id": 36772, "roomCode": "LK-0-008-01-14", "roomNumber": "008", "roomName": "M\u00f6ssbauer-spektrszk\u00f3pia labor", "roomType": "educational", "floorId": 5, "level": 0, "fillSource": "mvt"}, "geometry": {"type": "Polygon", "coordinates": [[[19.061503818, 47.474989091], [19.061519818, 47.475044091], [19.061450818, 47.475052091], [19.061434818, 47.474999091], [19.061503818, 47.474989091]]]}}, {"type": "Feature", "properties": {"id": 36773, "roomCode": "LK-0-009-01-14", "roomNumber": "009", "roomName": "M\u00f6ssbauer-spektroszk\u00f3pia labor", "roomType": "educational", "floorId": 5, "level": 0, "fillSource": "mvt"}, "geometry": {"type": "Polygon", "coordinates": [[[19.061493589, 47.475042624], [19.061501589, 47.475069624], [19.061434589, 47.475077624], [19.061426589, 47.475051624], [19.061493589, 47.475042624]]]}}, {"type": "Feature", "properties": {"id": 36774, "roomCode": "LK-0-010-01-14", "roomNumber": "010", "roomName": "Kutat\u00f3 labor", "roomType": "educational", "floorId": 5, "level": 0, "fillSource": "mvt"}, "geometry": {"type": "Polygon", "coordinates": [[[19.061485141, 47.47507], [19.061493141, 47.475097], [19.061426141, 47.475106], [19.061418141, 47.47508], [19.061485141, 47.47507]]]}}, {"type": "Feature", "properties": {"id": 36775, "roomCode": "LK-0-011-01-14", "roomNumber": "011", "roomName": "Hallgat\u00f3i labor", "roomType": "educational", "floorId": 5, "level": 0, "fillSource": "mvt"}, "geometry": {"type": "Polygon", "coordinates": [[[19.061469758, 47.475101341], [19.061485758, 47.475156341], [19.061417758, 47.475164341], [19.061401758, 47.475110341], [19.061469758, 47.475101341]]]}}, {"type": "Feature", "properties": {"id": 36776, "roomCode": "LK-0-012-01-14", "roomNumber": "012", "roomName": "El\u0151k\u00e9sz\u00edt\u0151 labor", "roomType": "educational", "floorId": 5, "level": 0, "fillSource": "mvt"}, "geometry": {"type": "Polygon", "coordinates": [[[19.061459771, 47.475155573], [19.061467771, 47.475181573], [19.061400771, 47.475190573], [19.061392771, 47.475163573], [19.061459771, 47.475155573]]]}}, {"type": "Feature", "properties": {"id": 36777, "roomCode": "LK-0-013-01-13", "roomNumber": "013", "roomName": "Oktat\u00f3i szoba", "roomType": "educational", "floorId": 5, "level": 0, "fillSource": "mvt"}, "geometry": {"type": "Polygon", "coordinates": [[[19.061451618, 47.475182744], [19.061459618, 47.475208744], [19.061392618, 47.475217744], [19.061384618, 47.475191744], [19.061451618, 47.475182744]]]}}, {"type": "Feature", "properties": {"id": 36770, "roomCode": "LK-0-014-03-58", "roomNumber": "014", "roomName": "Tart\u00f3zkod\u00f3", "roomType": "misc", "floorId": 5, "level": 0, "fillSource": "mvt"}, "geometry": {"type": "Polygon", "coordinates": [[[19.061539522, 47.475263426], [19.061565522, 47.475347426], [19.061484522, 47.475358426], [19.061463522, 47.475341426], [19.061539522, 47.475263426]]]}}, {"type": "Feature", "properties": {"id": 36768, "roomCode": "LK-0-015-01-14", "roomNumber": "015", "roomName": "Izot\u00f3plabor", "roomType": "educational", "floorId": 5, "level": 0, "fillSource": "mvt"}, "geometry": {"type": "Polygon", "coordinates": [[[19.061556801, 47.475230528], [19.061572801, 47.475284528], [19.061504801, 47.475294528], [19.061488801, 47.475239528], [19.061556801, 47.475230528]]]}}, {"type": "Feature", "properties": {"id": 36767, "roomCode": "LK-0-016-01-15", "roomNumber": "016", "roomName": "El\u0151k\u00e9sz\u00edt\u0151", "roomType": "educational", "floorId": 5, "level": 0, "fillSource": "mvt"}, "geometry": {"type": "Polygon", "coordinates": [[[19.061572257, 47.47519938], [19.061580257, 47.47522538], [19.061513257, 47.47523438], [19.061505257, 47.47520838], [19.061572257, 47.47519938]]]}}, {"type": "Feature", "properties": {"id": 36765, "roomCode": "LK-0-017A-01-14", "roomNumber": "017A", "roomName": "Dekontamin\u00e1l\u00f3 \u00e9s els\u0151seg\u00e9ly helyis\u00e9g ", "roomType": "educational", "floorId": 5, "level": 0, "fillSource": "mvt"}, "geometry": {"type": "Polygon", "coordinates": [[[19.061560339, 47.475171732], [19.061566339, 47.475197732], [19.061523339, 47.475202732], [19.061515339, 47.475176732], [19.061560339, 47.475171732]]]}}, {"type": "Feature", "properties": {"id": 36766, "roomCode": "LK-0-017B-06-95", "roomNumber": "017B", "roomName": "\u00c1tmeneti hullad\u00e9kt\u00e1rol\u00f3 helyis\u00e9g", "roomType": "technical", "floorId": 5, "level": 0, "fillSource": "catalog-bbox"}, "geometry": {"type": "Polygon", "coordinates": [[[19.06156502374764, 47.47517417276756], [19.06159474025236, 47.47517417276756], [19.06159474025236, 47.47520334723244], [19.06156502374764, 47.47520334723244], [19.06156502374764, 47.47517417276756]]]}}, {"type": "Feature", "properties": {"id": 36764, "roomCode": "LK-0-018-01-14", "roomNumber": "018", "roomName": "Kutat\u00f3 labor", "roomType": "educational", "floorId": 5, "level": 0, "fillSource": "mvt"}, "geometry": {"type": "Polygon", "coordinates": [[[19.061590165, 47.475142745], [19.061598165, 47.475168745], [19.061529165, 47.475177745], [19.061521165, 47.475151745], [19.061590165, 47.475142745]]]}}, {"type": "Feature", "properties": {"id": 36762, "roomCode": "LK-0-019A-05-73", "roomNumber": "019", "roomName": "N\u0151i \u00f6lt\u00f6z\u0151 el\u0151t\u00e9r", "roomType": "social", "floorId": 5, "level": 0, "fillSource": "mvt"}, "geometry": {"type": "Polygon", "coordinates": [[[19.061552544, 47.475121687], [19.061558544, 47.475140687], [19.061540544, 47.475141687], [19.061535544, 47.475124687], [19.061552544, 47.475121687]]]}}, {"type": "Feature", "properties": {"id": 36874, "roomCode": "LK-0-019B-05-71", "roomNumber": "019", "roomName": "N\u0151i WC", "roomType": "social", "floorId": 5, "level": 0, "fillSource": "mvt"}, "geometry": {"type": "Polygon", "coordinates": [[[19.061558612, 47.475112155], [19.061560612, 47.475120155], [19.061541612, 47.475122155], [19.061540612, 47.475115155], [19.061558612, 47.475112155]]]}}, {"type": "Feature", "properties": {"id": 36763, "roomCode": "LK-0-019C-05-73", "roomNumber": "019", "roomName": "N\u0151i \u00f6lt\u00f6z\u0151", "roomType": "social", "floorId": 5, "level": 0, "fillSource": "mvt"}, "geometry": {"type": "Polygon", "coordinates": [[[19.061580462, 47.475117219], [19.061588462, 47.475143219], [19.061562462, 47.475147219], [19.061554462, 47.475120219], [19.061580462, 47.475117219]]]}}, {"type": "Feature", "properties": {"id": 36759, "roomCode": "LK-0-019D-05-73", "roomNumber": "019", "roomName": "Zuhanyz\u00f3", "roomType": "social", "floorId": 5, "level": 0, "fillSource": "mvt"}, "geometry": {"type": "Polygon", "coordinates": [[[19.061605517, 47.475097483], [19.061613517, 47.475122483], [19.061602517, 47.475127483], [19.061613517, 47.475125483], [19.061621517, 47.475151483], [19.061601517, 47.475153483], [19.061587517, 47.475108483], [19.061598517, 47.475107483], [19.061587517, 47.475107483], [19.061586517, 47.475100483], [19.061605517, 47.475097483]]]}}, {"type": "Feature", "properties": {"id": 36761, "roomCode": "LK-0-020A-05-71", "roomNumber": "020/A", "roomName": "F\u00e9rfi \u00f6lt\u00f6z\u0151 el\u0151t\u00e9r", "roomType": "social", "floorId": 5, "level": 0, "fillSource": "mvt"}, "geometry": {"type": "Polygon", "coordinates": [[[19.06156345, 47.475086131], [19.06156845, 47.475104131], [19.06155145, 47.475106131], [19.06154645, 47.475087131], [19.06156345, 47.475086131]]]}}, {"type": "Feature", "properties": {"id": 36873, "roomCode": "LK-0-020B-05-71", "roomNumber": "020/B", "roomName": "F\u00e9rfi WC", "roomType": "social", "floorId": 5, "level": 0, "fillSource": "mvt"}, "geometry": {"type": "Polygon", "coordinates": [[[19.061560568, 47.475104328], [19.061563568, 47.475111328], [19.061544568, 47.475113328], [19.061543568, 47.475105328], [19.061560568, 47.475104328]]]}}, {"type": "Feature", "properties": {"id": 36760, "roomCode": "LK-0-020C-05-72", "roomNumber": "020/", "roomName": "F\u00e9rfi \u00f6lt\u00f6z\u0151", "roomType": "social", "floorId": 5, "level": 0, "fillSource": "mvt"}, "geometry": {"type": "Polygon", "coordinates": [[[19.061588569, 47.475088904], [19.061596569, 47.475115904], [19.061570569, 47.475119904], [19.061562569, 47.475092904], [19.061588569, 47.475088904]]]}}, {"type": "Feature", "properties": {"id": 36758, "roomCode": "LK-0-021-01-14", "roomNumber": "021", "roomName": "Kutat\u00f3 labor", "roomType": "educational", "floorId": 5, "level": 0, "fillSource": "mvt"}, "geometry": {"type": "Polygon", "coordinates": [[[19.061614144, 47.475058732], [19.061622144, 47.475085732], [19.061555144, 47.475095732], [19.061547144, 47.475067732], [19.061614144, 47.475058732]]]}}, {"type": "Feature", "properties": {"id": 36757, "roomCode": "LK-0-022-01-14", "roomNumber": "022", "roomName": "Hallgat\u00f3i labor", "roomType": "educational", "floorId": 5, "level": 0, "fillSource": "mvt"}, "geometry": {"type": "Polygon", "coordinates": [[[19.061623787, 47.475005651], [19.061639787, 47.475059651], [19.061572787, 47.475069651], [19.061555787, 47.475014651], [19.061623787, 47.475005651]]]}}, {"type": "Feature", "properties": {"id": 36756, "roomCode": "LK-0-023A-01-13", "roomNumber": "023", "roomName": "Oktat\u00f3i szoba", "roomType": "educational", "floorId": 5, "level": 0, "fillSource": "mvt"}, "geometry": {"type": "Polygon", "coordinates": [[[19.061643388, 47.474954688], [19.061660388, 47.475007688], [19.061629388, 47.475012688], [19.061613388, 47.474957688], [19.061643388, 47.474954688]]]}}, {"type": "Feature", "properties": {"id": 36755, "roomCode": "LK-0-024-01-14", "roomNumber": "024", "roomName": "Elektronmikroszk\u00f3p laborat\u00f3rium", "roomType": "educational", "floorId": 5, "level": 0, "fillSource": "mvt"}, "geometry": {"type": "Polygon", "coordinates": [[[19.061620198, 47.474940845], [19.061632198, 47.474984845], [19.061586198, 47.474990845], [19.061584198, 47.474981845], [19.061593198, 47.474980845], [19.061582198, 47.474945845], [19.061620198, 47.474940845]]]}}, {"type": "Feature", "properties": {"id": 36754, "roomCode": "LK-0-025-01-14", "roomNumber": "025", "roomName": "T\u00f6megspektroszk\u00f3p laborat\u00f3rium", "roomType": "educational", "floorId": 5, "level": 0, "fillSource": "mvt"}, "geometry": {"type": "Polygon", "coordinates": [[[19.061658719, 47.474889167], [19.061674719, 47.474943167], [19.061606719, 47.474953167], [19.061591719, 47.474898167], [19.061658719, 47.474889167]]]}}, {"type": "Feature", "properties": {"id": 36753, "roomCode": "LK-0-026-01-14", "roomNumber": "026", "roomName": "Szol-g\u00e9l laborat\u00f3rium", "roomType": "educational", "floorId": 5, "level": 0, "fillSource": "mvt"}, "geometry": {"type": "Polygon", "coordinates": [[[19.061674022, 47.474858966], [19.061682022, 47.474884966], [19.061615022, 47.474893966], [19.061607022, 47.474866966], [19.061674022, 47.474858966]]]}}, {"type": "Feature", "properties": {"id": 36752, "roomCode": "LK-0-027-01-14", "roomNumber": "027", "roomName": "Termoanalitikai labor", "roomType": "educational", "floorId": 5, "level": 0, "fillSource": "mvt"}, "geometry": {"type": "Polygon", "coordinates": [[[19.061682439, 47.474830195], [19.061690439, 47.474857195], [19.061623439, 47.474866195], [19.061615439, 47.474839195], [19.061682439, 47.474830195]]]}}, {"type": "Feature", "properties": {"id": 36795, "roomCode": "LK-0-028-05-71", "roomNumber": "028", "roomName": "F\u00e9rfi mosd\u00f3", "roomType": "social", "floorId": 5, "level": 0, "fillSource": "mvt"}, "geometry": {"type": "Polygon", "coordinates": [[[19.061675029, 47.474660169], [19.061696029, 47.474664169], [19.061699029, 47.474676169], [19.061680029, 47.474679169], [19.061675029, 47.474660169]]]}}, {"type": "Feature", "properties": {"id": 36794, "roomCode": "LK-0-028/A-05-71", "roomNumber": "028/A", "roomName": "F\u00e9rfi WC", "roomType": "social", "floorId": 5, "level": 0, "fillSource": "mvt"}, "geometry": {"type": "Polygon", "coordinates": [[[19.061732066, 47.474663807], [19.061741066, 47.474694807], [19.061703066, 47.474698807], [19.061699066, 47.474686807], [19.061675066, 47.474682807], [19.061673066, 47.474670807], [19.061732066, 47.474663807]]]}}, {"type": "Feature", "properties": {"id": 36796, "roomCode": "LK-0-029-05-71", "roomNumber": "029", "roomName": "N\u0151i mosd\u00f3", "roomType": "social", "floorId": 5, "level": 0, "fillSource": "mvt"}, "geometry": {"type": "Polygon", "coordinates": [[[19.061697453, 47.474633006], [19.061705453, 47.474660006], [19.061685453, 47.474663006], [19.061677453, 47.474636006], [19.061697453, 47.474633006]]]}}, {"type": "Feature", "properties": {"id": 36797, "roomCode": "LK-0-029/A-05-71", "roomNumber": "029/A", "roomName": "N\u0151i WC", "roomType": "social", "floorId": 5, "level": 0, "fillSource": "mvt"}, "geometry": {"type": "Polygon", "coordinates": [[[19.061735236, 47.474636005], [19.061743236, 47.474664005], [19.061705236, 47.474668005], [19.061697236, 47.474642005], [19.061735236, 47.474636005]]]}}, {"type": "Feature", "properties": {"id": 36875, "roomCode": "LK-0-030-06-93", "roomNumber": "030", "roomName": "Takar\u00edt\u00f3szer t\u00e1rol\u00f3", "roomType": "technical", "floorId": 5, "level": 0, "fillSource": "catalog-bbox"}, "geometry": {"type": "Polygon", "coordinates": [[[19.061756010032383, 47.474728418250116], [19.061798299967624, 47.474728418250116], [19.061798299967624, 47.474748569749885], [19.061756010032383, 47.474748569749885], [19.061756010032383, 47.474728418250116]]]}}, {"type": "Feature", "properties": {"id": 36673, "roomCode": "LK-0-031-01-14", "roomNumber": "031", "roomName": "M\u00e9r\u0151labor", "roomType": "educational", "floorId": 5, "level": 0, "fillSource": "mvt"}, "geometry": {"type": "Polygon", "coordinates": [[[19.061834266, 47.474705316], [19.061842266, 47.474731316], [19.061775266, 47.474740316], [19.061767266, 47.474714316], [19.061834266, 47.474705316]]]}}, {"type": "Feature", "properties": {"id": 36675, "roomCode": "LK-0-032-01-14", "roomNumber": "032", "roomName": "NMR sz\u00e1m\u00edt\u00f3g\u00e9p szoba \u00e9s szil\u00e1rd NMR laborat\u00f3rium", "roomType": "educational", "floorId": 5, "level": 0, "fillSource": "mvt"}, "geometry": {"type": "Polygon", "coordinates": [[[19.06184255, 47.474677387], [19.06185055, 47.474703387], [19.06178355, 47.474712387], [19.06177555, 47.474685387], [19.06184255, 47.474677387]]]}}, {"type": "Feature", "properties": {"id": 36677, "roomCode": "LK-0-033-01-15", "roomNumber": "033", "roomName": "NMR mintael\u0151k\u00e9sz\u00edt\u0151", "roomType": "educational", "floorId": 5, "level": 0, "fillSource": "mvt"}, "geometry": {"type": "Polygon", "coordinates": [[[19.061851039, 47.474649502], [19.061859039, 47.474674502], [19.061792039, 47.474683502], [19.061784039, 47.474657502], [19.061851039, 47.474649502]]]}}, {"type": "Feature", "properties": {"id": 36676, "roomCode": "LK-0-034-01-15", "roomNumber": "034", "roomName": "El\u0151k\u00e9sz\u00edt\u0151", "roomType": "educational", "floorId": 5, "level": 0, "fillSource": "mvt"}, "geometry": {"type": "Polygon", "coordinates": [[[19.061818652, 47.474620152], [19.061826652, 47.474647152], [19.061804652, 47.474649152], [19.061796652, 47.474623152], [19.061818652, 47.474620152]]]}}, {"type": "Feature", "properties": {"id": 36674, "roomCode": "LK-0-036-01-14", "roomNumber": "036", "roomName": "L\u00e9zer labor", "roomType": "educational", "floorId": 5, "level": 0, "fillSource": "mvt"}, "geometry": {"type": "Polygon", "coordinates": [[[19.061855507, 47.474539364], [19.061863507, 47.474565364], [19.061857507, 47.474569364], [19.061865507, 47.474568364], [19.061881507, 47.474621364], [19.061873507, 47.474625364], [19.061881507, 47.474623364], [19.061889507, 47.474650364], [19.061820507, 47.474659364], [19.061796507, 47.474576364], [19.061819507, 47.474573364], [19.061811507, 47.474545364], [19.061855507, 47.474539364]]]}}, {"type": "Feature", "properties": {"id": 36820, "roomCode": "LK-0-036A-01-13", "roomNumber": "036/A", "roomName": "Oktat\u00f3i szoba", "roomType": "educational", "floorId": 5, "level": 0, "fillSource": "mvt"}, "geometry": {"type": "Polygon", "coordinates": [[[19.061897081, 47.474512958], [19.061905081, 47.474538958], [19.061868081, 47.474542958], [19.061861081, 47.474517958], [19.061897081, 47.474512958]]]}}, {"type": "Feature", "properties": {"id": 36819, "roomCode": "LK-0-037-01-15", "roomNumber": "037", "roomName": "Kompresszorhelyis\u00e9g", "roomType": "educational", "floorId": 5, "level": 0, "fillSource": "mvt"}, "geometry": {"type": "Polygon", "coordinates": [[[19.061859863, 47.474508713], [19.061866863, 47.474534713], [19.061836863, 47.474537713], [19.061828863, 47.474512713], [19.061859863, 47.474508713]]]}}, {"type": "Feature", "properties": {"id": 36816, "roomCode": "LK-0-038-01-14", "roomNumber": "038", "roomName": "NMR laborat\u00f3rium", "roomType": "educational", "floorId": 5, "level": 0, "fillSource": "mvt"}, "geometry": {"type": "Polygon", "coordinates": [[[19.061709233, 47.474506429], [19.061748233, 47.474501429], [19.061778233, 47.474501429], [19.061793233, 47.474551429], [19.061725233, 47.474559429], [19.061709233, 47.474506429]]]}}, {"type": "Feature", "properties": {"id": 36815, "roomCode": "LK-0-039-01-14", "roomNumber": "039", "roomName": "NMR laborat\u00f3rium", "roomType": "educational", "floorId": 5, "level": 0, "fillSource": "mvt"}, "geometry": {"type": "Polygon", "coordinates": [[[19.061746197, 47.474551947], [19.061764197, 47.474615947], [19.061697197, 47.474623947], [19.061678197, 47.474561947], [19.061746197, 47.474551947]]]}}, {"type": "Feature", "properties": {"id": 36798, "roomCode": "LK-0-040-04-64", "roomNumber": "040", "roomName": "G\u00e9p\u00e9sz l\u00e9pcs\u0151", "roomType": "corridor", "floorId": 5, "level": 0, "fillSource": "mvt"}, "geometry": {"type": "Polygon", "coordinates": [[[19.061739378, 47.474612535], [19.061745378, 47.474630535], [19.061681378, 47.474639535], [19.061676378, 47.474621535], [19.061739378, 47.474612535]]]}}, {"type": "Feature", "properties": {"id": 36750, "roomCode": "LK-0-041-01-17", "roomNumber": "041", "roomName": "Tervt\u00e1r-t\u00e1rgyal\u00f3", "roomType": "educational", "floorId": 5, "level": 0, "fillSource": "mvt"}, "geometry": {"type": "Polygon", "coordinates": [[[19.061793745, 47.474791135], [19.061811745, 47.474849135], [19.061752745, 47.474857135], [19.061734745, 47.474798135], [19.061793745, 47.474791135]]]}}, {"type": "Feature", "properties": {"id": 36748, "roomCode": "LK-0-042A-04-62", "roomNumber": "042", "roomName": "El\u0151t\u00e9r", "roomType": "corridor", "floorId": 5, "level": 0, "fillSource": "mvt"}, "geometry": {"type": "Polygon", "coordinates": [[[19.061859342, 47.474793497], [19.061862342, 47.474805497], [19.061812342, 47.474812497], [19.061809342, 47.474800497], [19.061859342, 47.474793497]]]}}, {"type": "Feature", "properties": {"id": 36751, "roomCode": "LK-0-042B-06-84", "roomNumber": "042", "roomName": "Rakt\u00e1r", "roomType": "technical", "floorId": 5, "level": 0, "fillSource": "catalog-bbox"}, "geometry": {"type": "Polygon", "coordinates": [[[19.061799007511627, 47.474804798017864], [19.06186222448838, 47.474804798017864], [19.06186222448838, 47.47485540798213], [19.061799007511627, 47.47485540798213], [19.061799007511627, 47.474804798017864]]]}}, {"type": "Feature", "properties": {"id": 36745, "roomCode": "LK-0-043-04-62", "roomNumber": "043", "roomName": "G\u00e9p\u00e9szet el\u0151t\u00e9r", "roomType": "corridor", "floorId": 5, "level": 0, "fillSource": "mvt"}, "geometry": {"type": "Polygon", "coordinates": [[[19.061874365, 47.474811498], [19.061892365, 47.474869498], [19.061874365, 47.474871498], [19.061861365, 47.474823498], [19.061850365, 47.474825498], [19.061846365, 47.474815498], [19.061874365, 47.474811498]]]}}, {"type": "Feature", "properties": {"id": 36878, "roomCode": "LK-0-044-06-82", "roomNumber": "044", "roomName": "Traf\u00f3", "roomType": "technical", "floorId": 5, "level": 0, "fillSource": "catalog-bbox"}, "geometry": {"type": "Polygon", "coordinates": [[[19.061874741262347, 47.47482319286714], [19.061916920737655, 47.47482319286714], [19.061916920737655, 47.47486278913287], [19.061874741262347, 47.47486278913287], [19.061874741262347, 47.47482319286714]]]}}, {"type": "Feature", "properties": {"id": 36658, "roomCode": "LK-0-045-06-82", "roomNumber": "045", "roomName": "10 kV-os kapcsol\u00f3t\u00e9r", "roomType": "technical", "floorId": 5, "level": 0, "fillSource": "catalog-bbox"}, "geometry": {"type": "Polygon", "coordinates": [[[19.06190828154831, 47.47482792497588], [19.06205673445169, 47.47482792497588], [19.06205673445169, 47.47488151902414], [19.06190828154831, 47.47488151902414], [19.06190828154831, 47.47482792497588]]]}}, {"type": "Feature", "properties": {"id": 36744, "roomCode": "LK-0-046-06-89", "roomNumber": "046", "roomName": "0,4 kV-os kapcsol\u00f3t\u00e9r", "roomType": "technical", "floorId": 5, "level": 0, "fillSource": "catalog-bbox"}, "geometry": {"type": "Polygon", "coordinates": [[[19.061885387900542, 47.4748031464139], [19.06206454809946, 47.4748031464139], [19.06206454809946, 47.4748453255861], [19.061885387900542, 47.4748453255861], [19.061885387900542, 47.4748031464139]]]}}, {"type": "Feature", "properties": {"id": 36743, "roomCode": "LK-0-047-04-62", "roomNumber": "047", "roomName": "El\u0151t\u00e9r", "roomType": "corridor", "floorId": 5, "level": 0, "fillSource": "mvt"}, "geometry": {"type": "Polygon", "coordinates": [[[19.062086195, 47.474834404], [19.062102195, 47.474888404], [19.062062195, 47.474895404], [19.062045195, 47.474837404], [19.062086195, 47.474834404]]]}}, {"type": "Feature", "properties": {"id": 36653, "roomCode": "LK-0-048-06-84", "roomNumber": "048", "roomName": "Rakt\u00e1r", "roomType": "technical", "floorId": 5, "level": 0, "fillSource": "catalog-bbox"}, "geometry": {"type": "Polygon", "coordinates": [[[19.062013793579734, 47.47475960879371], [19.06212583842027, 47.47475960879371], [19.06212583842027, 47.4748289852063], [19.062013793579734, 47.4748289852063], [19.062013793579734, 47.47475960879371]]]}}, {"type": "Feature", "properties": {"id": 36655, "roomCode": "LK-0-048A-06-84", "roomNumber": "048A", "roomName": "Rakt\u00e1r", "roomType": "technical", "floorId": 5, "level": 0, "fillSource": "catalog-bbox"}, "geometry": {"type": "Polygon", "coordinates": [[[19.061962814501328, 47.4747848727414], [19.06204097549868, 47.4747848727414], [19.06204097549868, 47.4748207032586], [19.061962814501328, 47.4748207032586], [19.061962814501328, 47.4747848727414]]]}}, {"type": "Feature", "properties": {"id": 36656, "roomCode": "LK-0-049-06-84", "roomNumber": "049", "roomName": "Rakt\u00e1r", "roomType": "technical", "floorId": 5, "level": 0, "fillSource": "catalog-bbox"}, "geometry": {"type": "Polygon", "coordinates": [[[19.06197089161346, 47.474756145592536], [19.062016584386544, 47.474756145592536], [19.062016584386544, 47.47478848640747], [19.06197089161346, 47.47478848640747], [19.06197089161346, 47.474756145592536]]]}}, {"type": "Feature", "properties": {"id": 36657, "roomCode": "LK-0-050-06-94", "roomNumber": "050", "roomName": "Telefonk\u00f6zpont", "roomType": "technical", "floorId": 5, "level": 0, "fillSource": "catalog-bbox"}, "geometry": {"type": "Polygon", "coordinates": [[[19.06186247177154, 47.47473960042497], [19.061977752228454, 47.47473960042497], [19.061977752228454, 47.47480911957503], [19.06186247177154, 47.47480911957503], [19.06186247177154, 47.47473960042497]]]}}, {"type": "Feature", "properties": {"id": 36876, "roomCode": "LK-0-050A-05-71", "roomNumber": "050A", "roomName": "Mosd\u00f3", "roomType": "social", "floorId": 5, "level": 0, "fillSource": "mvt"}, "geometry": {"type": "Polygon", "coordinates": [[[19.061856999, 47.474770759], [19.061858999, 47.474780759], [19.061838999, 47.474783759], [19.061836999, 47.474773759], [19.061856999, 47.474770759]]]}}, {"type": "Feature", "properties": {"id": 36877, "roomCode": "LK-0-050B-05-71", "roomNumber": "050B", "roomName": "WC", "roomType": "social", "floorId": 5, "level": 0, "fillSource": "mvt"}, "geometry": {"type": "Polygon", "coordinates": [[[19.061835979, 47.474768885], [19.061838979, 47.474778885], [19.061827979, 47.474780885], [19.061824979, 47.474770885], [19.061835979, 47.474768885]]]}}, {"type": "Feature", "properties": {"id": 36654, "roomCode": "LK-0-050C-06-34", "roomNumber": "050C", "roomName": "Iratt\u00e1r", "roomType": "technical", "floorId": 5, "level": 0, "fillSource": "catalog-bbox"}, "geometry": {"type": "Polygon", "coordinates": [[[19.06182943814527, 47.47473711607914], [19.061870771854732, 47.47473711607914], [19.061870771854732, 47.47477127992086], [19.06182943814527, 47.47477127992086], [19.06182943814527, 47.47473711607914]]]}}, {"type": "Feature", "properties": {"id": 36793, "roomCode": "LK-0-053-06-89", "roomNumber": "053", "roomName": "Szellp\u0151z\u0151 g\u00e9ph\u00e1z", "roomType": "technical", "floorId": 5, "level": 0, "fillSource": "catalog-bbox"}, "geometry": {"type": "Polygon", "coordinates": [[[19.061788751070655, 47.474733346823264], [19.061835298929346, 47.474733346823264], [19.061835298929346, 47.47477725517673], [19.061788751070655, 47.47477725517673], [19.061788751070655, 47.474733346823264]]]}}, {"type": "Feature", "properties": {"id": 36800, "roomCode": "LK-0-054-02-33", "roomNumber": "054", "roomName": "Post\u00e1z\u00f3", "roomType": "administrative", "floorId": 5, "level": 0, "fillSource": "mvt"}, "geometry": {"type": "Polygon", "coordinates": [[[19.061431881, 47.474650146], [19.061440881, 47.474678146], [19.061361881, 47.474689146], [19.061353881, 47.474659146], [19.061431881, 47.474650146]]]}}, {"type": "Feature", "properties": {"id": 36801, "roomCode": "LK-0-055-05-73", "roomNumber": "055", "roomName": "Biztons\u00e1gi \u0151r pihen\u0151 szoba", "roomType": "social", "floorId": 5, "level": 0, "fillSource": "mvt"}, "geometry": {"type": "Polygon", "coordinates": [[[19.061443257, 47.474624092], [19.061451257, 47.474651092], [19.061398257, 47.474659092], [19.061390257, 47.474632092], [19.061443257, 47.474624092]]]}}, {"type": "Feature", "properties": {"id": 36868, "roomCode": "LK-0-055A-04-62", "roomNumber": "055/A", "roomName": "El\u0151t\u00e9r", "roomType": "corridor", "floorId": 5, "level": 0, "fillSource": "mvt"}, "geometry": {"type": "Polygon", "coordinates": [[[19.061396733, 47.474619023], [19.061398733, 47.474629023], [19.061374733, 47.474632023], [19.061372733, 47.474622023], [19.061396733, 47.474619023]]]}}, {"type": "Feature", "properties": {"id": 36867, "roomCode": "LK-0-055B-05-71", "roomNumber": "055/B", "roomName": "Mosd\u00f3", "roomType": "social", "floorId": 5, "level": 0, "fillSource": "mvt"}, "geometry": {"type": "Polygon", "coordinates": [[[19.061391421, 47.47463059], [19.061395421, 47.47464659], [19.061373421, 47.47464959], [19.061367421, 47.47463359], [19.061391421, 47.47463059]]]}}, {"type": "Feature", "properties": {"id": 36802, "roomCode": "LK-0-056-02-33", "roomNumber": "056", "roomName": "L\u00e1gym\u00e1nyosi f\u0151m\u00e9rn\u00f6ks\u00e9g", "roomType": "administrative", "floorId": 5, "level": 0, "fillSource": "mvt"}, "geometry": {"type": "Polygon", "coordinates": [[[19.061451206, 47.474583813], [19.061459206, 47.474609813], [19.061404206, 47.474616813], [19.061407206, 47.474627813], [19.061390206, 47.474629813], [19.061374206, 47.474592813], [19.061451206, 47.474583813]]]}}, {"type": "Feature", "properties": {"id": 36803, "roomCode": "LK-0-057-02-33", "roomNumber": "057", "roomName": "L\u00e1gym\u00e1nyosi f\u0151m\u00e9rn\u00f6ks\u00e9g", "roomType": "administrative", "floorId": 5, "level": 0, "fillSource": "mvt"}, "geometry": {"type": "Polygon", "coordinates": [[[19.061459782, 47.474568686], [19.061467782, 47.474593686], [19.061414782, 47.474602686], [19.061407782, 47.474575686], [19.061459782, 47.474568686]]]}}, {"type": "Feature", "properties": {"id": 36869, "roomCode": "LK-0-057A-04-62", "roomNumber": "057", "roomName": "El\u0151t\u00e9r", "roomType": "corridor", "floorId": 5, "level": 0, "fillSource": "mvt"}, "geometry": {"type": "Polygon", "coordinates": [[[19.061410927, 47.474570865], [19.061413927, 47.474578865], [19.061389927, 47.474582865], [19.061386927, 47.474572865], [19.061410927, 47.474570865]]]}}, {"type": "Feature", "properties": {"id": 36870, "roomCode": "LK-0-057B-05-71", "roomNumber": "057", "roomName": "Mosd\u00f3", "roomType": "social", "floorId": 5, "level": 0, "fillSource": "mvt"}, "geometry": {"type": "Polygon", "coordinates": [[[19.061413925, 47.474562793], [19.061414925, 47.474568793], [19.061392925, 47.474572793], [19.061389925, 47.474564793], [19.061413925, 47.474562793]]]}}, {"type": "Feature", "properties": {"id": 36804, "roomCode": "LK-0-058-01-22", "roomNumber": "058", "roomName": "Ruff terem", "roomType": "educational", "floorId": 5, "level": 0, "fillSource": "mvt"}, "geometry": {"type": "Polygon", "coordinates": [[[19.061398271, 47.474551801], [19.061385271, 47.474510801], [19.061467271, 47.474510801], [19.061476271, 47.474542801], [19.061471271, 47.474542801], [19.061471271, 47.474545801], [19.061457271, 47.474547801], [19.061456271, 47.474543801], [19.061398271, 47.474551801]]]}}, {"type": "Feature", "properties": {"id": 36805, "roomCode": "LK-0-059-01-22", "roomNumber": "059", "roomName": "Szemin\u00e1rium", "roomType": "educational", "floorId": 5, "level": 0, "fillSource": "mvt"}, "geometry": {"type": "Polygon", "coordinates": [[[19.061485157, 47.474453851], [19.061500157, 47.474505851], [19.061495157, 47.474505851], [19.061495157, 47.474508851], [19.061422157, 47.474517851], [19.061405157, 47.474459851], [19.061419157, 47.474457851], [19.061420157, 47.474461851], [19.061485157, 47.474453851]]]}}, {"type": "Feature", "properties": {"id": 36806, "roomCode": "LK-0-060-01-12", "roomNumber": "063", "roomName": "Kajt\u00e1r terem", "roomType": "educational", "floorId": 5, "level": 0, "fillSource": "mvt"}, "geometry": {"type": "Polygon", "coordinates": [[[19.061483846, 47.474394479], [19.061484846, 47.474396479], [19.061489846, 47.474396479], [19.061505846, 47.474448479], [19.061499846, 47.474449479], [19.061500846, 47.474451479], [19.061427846, 47.474461479], [19.061410846, 47.474404479], [19.061483846, 47.474394479]]]}}, {"type": "Feature", "properties": {"id": 36855, "roomCode": "LK-0-062-01-11", "roomNumber": "062", "roomName": "Gr\u00f3h terem", "roomType": "educational", "floorId": 5, "level": 0, "fillSource": "mvt"}, "geometry": {"type": "Polygon", "coordinates": [[[19.061372913, 47.474260718], [19.061377913, 47.474276718], [19.061370913, 47.474277718], [19.061376913, 47.474294718], [19.061372913, 47.474295718], [19.061376913, 47.474295718], [19.061384913, 47.474322718], [19.061381913, 47.474323718], [19.061384913, 47.474323718], [19.061385913, 47.474327718], [19.061392913, 47.474326718], [19.061397913, 47.474342718], [19.061255913, 47.474361718], [19.061231913, 47.474279718], [19.061372913, 47.474260718]]]}}, {"type": "Feature", "properties": {"id": 36856, "roomCode": "LK-0-063-01-11", "roomNumber": "063", "roomName": "Bruckner terem", "roomType": "educational", "floorId": 5, "level": 0, "fillSource": "mvt"}, "geometry": {"type": "Polygon", "coordinates": [[[19.06135882, 47.474352132], [19.06135882, 47.474438132], [19.06131782, 47.474443132], [19.06129382, 47.474361132], [19.06135882, 47.474352132]]]}}, {"type": "Feature", "properties": {"id": 36858, "roomCode": "LK-0-064-01-15", "roomNumber": "063", "roomName": "El\u0151k\u00e9sz\u00edt\u0151", "roomType": "educational", "floorId": 5, "level": 0, "fillSource": "mvt"}, "geometry": {"type": "Polygon", "coordinates": [[[19.061367291, 47.474441996], [19.061369291, 47.474447996], [19.061375291, 47.474446996], [19.061388291, 47.474492996], [19.061383291, 47.474493996], [19.061383291, 47.474496996], [19.061349291, 47.474500996], [19.061333291, 47.474445996], [19.061367291, 47.474441996]]]}}, {"type": "Feature", "properties": {"id": 36857, "roomCode": "LK-0-065-01-11", "roomNumber": "065", "roomName": "Than K\u00e1roly terem", "roomType": "educational", "floorId": 5, "level": 0, "fillSource": "mvt"}, "geometry": {"type": "Polygon", "coordinates": [[[19.061261164, 47.474575169], [19.061242164, 47.474510169], [19.061344164, 47.474510169], [19.061344164, 47.474563169], [19.061261164, 47.474575169]]]}}, {"type": "Feature", "properties": {"id": 36808, "roomCode": "LK-0-066-05-71", "roomNumber": "066", "roomName": "F\u00e9rfi mosd\u00f3", "roomType": "social", "floorId": 5, "level": 0, "fillSource": "mvt"}, "geometry": {"type": "Polygon", "coordinates": [[[19.061338141, 47.474612566], [19.061344141, 47.474636566], [19.061320141, 47.474639566], [19.061314141, 47.474615566], [19.061338141, 47.474612566]]]}}, {"type": "Feature", "properties": {"id": 36807, "roomCode": "LK-0-066/A-05-71", "roomNumber": "066/A", "roomName": "F\u00e9rfi WC", "roomType": "social", "floorId": 5, "level": 0, "fillSource": "mvt"}, "geometry": {"type": "Polygon", "coordinates": [[[19.061309481, 47.474605604], [19.061316481, 47.474628604], [19.061264481, 47.474637604], [19.061257481, 47.474612604], [19.061309481, 47.474605604]]]}}, {"type": "Feature", "properties": {"id": 36809, "roomCode": "LK-0-067-05-71", "roomNumber": "067", "roomName": "N\u0151i mosd\u00f3", "roomType": "social", "floorId": 5, "level": 0, "fillSource": "mvt"}, "geometry": {"type": "Polygon", "coordinates": [[[19.061327647, 47.474643742], [19.061334647, 47.474664742], [19.061304647, 47.474669742], [19.061298647, 47.474647742], [19.061327647, 47.474643742]]]}}, {"type": "Feature", "properties": {"id": 36810, "roomCode": "LK-0-067A-05-71", "roomNumber": "067A", "roomName": "N\u0151i WC", "roomType": "social", "floorId": 5, "level": 0, "fillSource": "mvt"}, "geometry": {"type": "Polygon", "coordinates": [[[19.061294917, 47.474637449], [19.061301917, 47.474659449], [19.061254917, 47.474665449], [19.061249917, 47.474643449], [19.061294917, 47.474637449]]]}}, {"type": "Feature", "properties": {"id": 36860, "roomCode": "LK-0-068-06-92", "roomNumber": "068", "roomName": "Ruhat\u00e1r", "roomType": "technical", "floorId": 5, "level": 0, "fillSource": "catalog-bbox"}, "geometry": {"type": "Polygon", "coordinates": [[[19.061198790773147, 47.47448209521607], [19.061282559226857, 47.47448209521607], [19.061282559226857, 47.47459783678394], [19.061198790773147, 47.47459783678394], [19.061198790773147, 47.47448209521607]]]}}, {"type": "Feature", "properties": {"id": 36859, "roomCode": "LK-0-069-06-89", "roomNumber": "069", "roomName": "Szell\u0151z\u0151 g\u00e9ph\u00e1z", "roomType": "technical", "floorId": 5, "level": 0, "fillSource": "catalog-bbox"}, "geometry": {"type": "Polygon", "coordinates": [[[19.0612383032513, 47.47442381324618], [19.061354546748696, 47.47442381324618], [19.061354546748696, 47.47449288075383], [19.0612383032513, 47.47449288075383], [19.0612383032513, 47.47442381324618]]]}}, {"type": "Feature", "properties": {"id": 36861, "roomCode": "LK-0-070-06-84", "roomNumber": "070", "roomName": "Rakt\u00e1r", "roomType": "technical", "floorId": 5, "level": 0, "fillSource": "catalog-bbox"}, "geometry": {"type": "Polygon", "coordinates": [[[19.061251237739615, 47.47436602902966], [19.061317076260384, 47.47436602902966], [19.061317076260384, 47.474427110970346], [19.061251237739615, 47.474427110970346], [19.061251237739615, 47.47436602902966]]]}}, {"type": "Feature", "properties": {"id": 36862, "roomCode": "LK-0-071-05-75", "roomNumber": "071", "roomName": "B\u00fcf\u00e9", "roomType": "social", "floorId": 5, "level": 0, "fillSource": "mvt"}, "geometry": {"type": "Polygon", "coordinates": [[[19.061294051, 47.474310967], [19.061299051, 47.474329967], [19.061290051, 47.474338967], [19.061304051, 47.474345967], [19.061310051, 47.474364967], [19.061283051, 47.474367967], [19.061280051, 47.474359967], [19.061262051, 47.474350967], [19.061257051, 47.474335967], [19.061270051, 47.474322967], [19.061268051, 47.474314967], [19.061294051, 47.474310967]]]}}, {"type": "Feature", "properties": {"id": 36863, "roomCode": "LK-0-072-06-84", "roomNumber": "072", "roomName": "B\u00fcf\u00e9 rakt\u00e1r", "roomType": "technical", "floorId": 5, "level": 0, "fillSource": "catalog-bbox"}, "geometry": {"type": "Polygon", "coordinates": [[[19.0612848597118, 47.474293046339206], [19.0613269842882, 47.474293046339206], [19.0613269842882, 47.4743128956608], [19.0612848597118, 47.4743128956608], [19.0612848597118, 47.474293046339206]]]}}, {"type": "Feature", "properties": {"id": 36864, "roomCode": "LK-0-073-02-33", "roomNumber": "073", "roomName": "B\u00fcf\u00e9 iroda", "roomType": "administrative", "floorId": 5, "level": 0, "fillSource": "mvt"}, "geometry": {"type": "Polygon", "coordinates": [[[19.061310805, 47.474258248], [19.061322805, 47.474295248], [19.061299805, 47.474298248], [19.061287805, 47.474261248], [19.061310805, 47.474258248]]]}}, {"type": "Feature", "properties": {"id": 36865, "roomCode": "LK-0-073A-05-73", "roomNumber": "073A", "roomName": "B\u00fcf\u00e9 \u00f6lt\u00f6z\u0151", "roomType": "social", "floorId": 5, "level": 0, "fillSource": "mvt"}, "geometry": {"type": "Polygon", "coordinates": [[[19.061327264, 47.474272737], [19.061334264, 47.474297737], [19.061320264, 47.474299737], [19.061312264, 47.474274737], [19.061327264, 47.474272737]]]}}, {"type": "Feature", "properties": {"id": 36866, "roomCode": "LK-0-073B-05-71", "roomNumber": "073B", "roomName": "B\u00fcf\u00e9 WC", "roomType": "social", "floorId": 5, "level": 0, "fillSource": "mvt"}, "geometry": {"type": "Polygon", "coordinates": [[[19.06133457, 47.474258666], [19.06133757, 47.474270666], [19.06132357, 47.474272666], [19.06132057, 47.474260666], [19.06133457, 47.474258666]]]}}, {"type": "Feature", "properties": {"id": 36780, "roomCode": "L\u00c9-0-023-04-62", "roomNumber": "023", "roomName": "El\u0151t\u00e9r", "roomType": "corridor", "floorId": 5, "level": 0, "fillSource": "mvt"}, "geometry": {"type": "Polygon", "coordinates": [[[19.061610974, 47.474988318], [19.061614974, 47.474997318], [19.061567974, 47.475004318], [19.061564974, 47.474995318], [19.061576974, 47.474994318], [19.061610974, 47.474988318]]]}}, {"type": "Feature", "properties": {"id": 36842, "roomCode": "L\u00c9-0-033-34-04-63", "roomNumber": "F-33-34 M2", "roomName": "Folyos\u00f3", "roomType": "corridor", "floorId": 5, "level": 0, "fillSource": "mvt"}, "geometry": {"type": "Polygon", "coordinates": [[[19.062133204, 47.474791776], [19.062134204, 47.474798776], [19.062141204, 47.474797776], [19.062155204, 47.474845776], [19.062149204, 47.474846776], [19.062150204, 47.474852776], [19.062158204, 47.474851776], [19.062162204, 47.474864776], [19.062163204, 47.474907776], [19.062118204, 47.474913776], [19.062084204, 47.474799776], [19.062133204, 47.474791776]]]}}, {"type": "Feature", "properties": {"id": 36723, "roomCode": "L\u00c9-0-048-04-62", "roomNumber": "F-48", "roomName": "Sz\u00e9lfog\u00f3", "roomType": "corridor", "floorId": 5, "level": 0, "fillSource": "mvt"}, "geometry": {"type": "Polygon", "coordinates": [[[19.062466018, 47.474469892], [19.062473018, 47.474492892], [19.062468018, 47.474492892], [19.062472018, 47.474505892], [19.062476018, 47.474505892], [19.062483018, 47.474528892], [19.062446018, 47.474533892], [19.062428018, 47.474474892], [19.062466018, 47.474469892]]]}}, {"type": "Feature", "properties": {"id": 36839, "roomCode": "L\u00c9-0-055-04-61", "roomNumber": "F.55", "roomName": "G\u00f6mb Aula", "roomType": "corridor", "floorId": 5, "level": 0, "fillSource": "mvt"}, "geometry": {"type": "Polygon", "coordinates": [[[19.062291164, 47.474119281], [19.062293164, 47.474126281], [19.062304164, 47.474124281], [19.062318164, 47.474172281], [19.062307164, 47.474174281], [19.062310164, 47.474183281], [19.062321164, 47.474182281], [19.062334164, 47.474228281], [19.062324164, 47.474230281], [19.062326164, 47.474240281], [19.062338164, 47.474238281], [19.062351164, 47.474284281], [19.062341164, 47.474286281], [19.062344164, 47.474296281], [19.062355164, 47.474294281], [19.062369164, 47.474341281], [19.062357164, 47.474343281], [19.062359164, 47.474350281], [19.062291164, 47.474359281], [19.062289164, 47.474352281], [19.062107164, 47.474376281], [19.062109164, 47.474383281], [19.062040164, 47.474393281], [19.062038164, 47.474386281], [19.062028164, 47.474387281], [19.062014164, 47.474340281], [19.062024164, 47.474339281], [19.062021164, 47.474329281], [19.062011164, 47.474330281], [19.061997164, 47.474284281], [19.062007164, 47.474283281], [19.062005164, 47.474273281], [19.061994164, 47.474275281], [19.061980164, 47.474228281], [19.061990164, 47.474227281], [19.061987164, 47.474216281], [19.061977164, 47.474218281], [19.061962164, 47.474171281], [19.061974164, 47.474169281], [19.061972164, 47.474163281], [19.062040164, 47.474153281], [19.062042164, 47.474160281], [19.062224164, 47.474135281], [19.062222164, 47.474129281], [19.062291164, 47.474119281]]]}}, {"type": "Feature", "properties": {"id": 36836, "roomCode": "L\u00c9-0-056-04-61", "roomNumber": "F.85", "roomName": "K\u00f6zleked\u0151t\u00e9r", "roomType": "corridor", "floorId": 5, "level": 0, "fillSource": "mvt"}, "geometry": {"type": "Polygon", "coordinates": [[[19.062169789, 47.474361591], [19.062171789, 47.474370591], [19.062176789, 47.474369591], [19.062181789, 47.474388591], [19.062178789, 47.474389591], [19.062181789, 47.474398591], [19.062184789, 47.474397591], [19.062213789, 47.474496591], [19.062209789, 47.474497591], [19.062221789, 47.474527591], [19.062218789, 47.474527591], [19.062221789, 47.474536591], [19.062072789, 47.474556591], [19.062069789, 47.474547591], [19.062066789, 47.474547591], [19.062060789, 47.474517591], [19.062011789, 47.474524591], [19.062003789, 47.474498591], [19.061982789, 47.474497591], [19.061964789, 47.474486591], [19.061960789, 47.474477591], [19.061963789, 47.474464591], [19.061975789, 47.474455591], [19.061989789, 47.474451591], [19.061981789, 47.474425591], [19.062030789, 47.474420591], [19.062017789, 47.474391591], [19.062022789, 47.474390591], [19.062020789, 47.474383591], [19.062089789, 47.474374591], [19.062090789, 47.474378591], [19.062101789, 47.474377591], [19.062100789, 47.474371591], [19.062169789, 47.474361591]]]}}, {"type": "Feature", "properties": {"id": 36841, "roomCode": "L\u00c9-0-056A-04-66", "roomNumber": "F.85", "roomName": "Harm\u00f3nia terem gal\u00e9ri\u00e1ja", "roomType": "corridor", "floorId": 5, "level": 0, "fillSource": "mvt"}, "geometry": {"type": "Polygon", "coordinates": [[[19.061936265, 47.474658656], [19.061926265, 47.474628656], [19.062172265, 47.474628656], [19.062172265, 47.474629656], [19.062103265, 47.474638656], [19.062102265, 47.474635656], [19.062091265, 47.474636656], [19.062092265, 47.474641656], [19.062023265, 47.474651656], [19.062022265, 47.474646656], [19.061936265, 47.474658656]]]}}, {"type": "Feature", "properties": {"id": 36845, "roomCode": "L\u00c9-0-062-04-61", "roomNumber": "F.62", "roomName": "D\u00e9li el\u0151csarnok", "roomType": "corridor", "floorId": 5, "level": 0, "fillSource": "mvt"}, "geometry": {"type": "Polygon", "coordinates": [[[19.062259085, 47.474003173], [19.062262085, 47.474014173], [19.062265085, 47.474014173], [19.062272085, 47.474047173], [19.062363085, 47.474034173], [19.062368085, 47.474050173], [19.062365085, 47.474050173], [19.062365085, 47.474053173], [19.062327085, 47.474059173], [19.062347085, 47.474060173], [19.062359085, 47.474065173], [19.062369085, 47.474075173], [19.062371085, 47.474086173], [19.062365085, 47.474099173], [19.062347085, 47.474108173], [19.062332085, 47.474109173], [19.062318085, 47.474106173], [19.062307085, 47.474100173], [19.062296085, 47.474089173], [19.062304085, 47.474116173], [19.062132085, 47.474140173], [19.062124085, 47.474113173], [19.062121085, 47.474113173], [19.062120085, 47.474126173], [19.062110085, 47.474137173], [19.062094085, 47.474142173], [19.062074085, 47.474142173], [19.062054085, 47.474132173], [19.062048085, 47.474118173], [19.062056085, 47.474103173], [19.062077085, 47.474092173], [19.062037085, 47.474098173], [19.062031085, 47.474079173], [19.062123085, 47.474068173], [19.062119085, 47.474056173], [19.062116085, 47.474057173], [19.062109085, 47.474023173], [19.062259085, 47.474003173]]]}}, {"type": "Feature", "properties": {"id": 36817, "roomCode": "L\u00c9-0-074-06-89", "roomNumber": "0.74", "roomName": "K\u00e1belrendez\u0151", "roomType": "technical", "floorId": 5, "level": 0, "fillSource": "catalog-bbox"}, "geometry": {"type": "Polygon", "coordinates": [[[19.061759921171788, 47.474431808753046], [19.061802766828215, 47.474431808753046], [19.061802766828215, 47.47449246124695], [19.061759921171788, 47.47449246124695], [19.061759921171788, 47.474431808753046]]]}}, {"type": "Feature", "properties": {"id": 36812, "roomCode": "L\u00c9-0-075-02-33", "roomNumber": "0.75", "roomName": "TTK H\u00d6K iroda", "roomType": "administrative", "floorId": 5, "level": 0, "fillSource": "mvt"}, "geometry": {"type": "Polygon", "coordinates": [[[19.061755256, 47.474431676], [19.061772256, 47.474489676], [19.061728256, 47.474495676], [19.061711256, 47.474437676], [19.061755256, 47.474431676]]]}}, {"type": "Feature", "properties": {"id": 36851, "roomCode": "L\u00c9-0-077-06-92", "roomNumber": "0.77", "roomName": "Ruhat\u00e1r", "roomType": "technical", "floorId": 5, "level": 0, "fillSource": "catalog-bbox"}, "geometry": {"type": "Polygon", "coordinates": [[[19.061389599070353, 47.473961033711454], [19.06145968892965, 47.473961033711454], [19.06145968892965, 47.47407357228854], [19.061389599070353, 47.47407357228854], [19.061389599070353, 47.473961033711454]]]}}, {"type": "Feature", "properties": {"id": 36853, "roomCode": "L\u00c9-0-077/-06-90", "roomNumber": "0.77", "roomName": "B\u00fav\u00f3t\u00e9r", "roomType": "technical", "floorId": 5, "level": 0, "fillSource": "catalog-bbox"}, "geometry": {"type": "Polygon", "coordinates": [[[19.061426818037663, 47.47398023112634], [19.061494415962336, 47.47398023112634], [19.061494415962336, 47.474097216873666], [19.061426818037663, 47.474097216873666], [19.061426818037663, 47.47398023112634]]]}}, {"type": "Feature", "properties": {"id": 36829, "roomCode": "L\u00c9-0-078-04-61", "roomNumber": "F.78", "roomName": "Zsibong\u00f3", "roomType": "corridor", "floorId": 5, "level": 0, "fillSource": "mvt"}, "geometry": {"type": "Polygon", "coordinates": [[[19.061807773, 47.474379134], [19.061822773, 47.474430134], [19.061733773, 47.474442134], [19.061719773, 47.474391134], [19.061807773, 47.474379134]]]}}, {"type": "Feature", "properties": {"id": 36689, "roomCode": "L\u00c9-0-079-01-11", "roomNumber": "0.79", "roomName": "J\u00e1nossy Lajos terem", "roomType": "educational", "floorId": 5, "level": 0, "fillSource": "mvt"}, "geometry": {"type": "Polygon", "coordinates": [[[19.061586225, 47.473905515], [19.061612225, 47.473990515], [19.061476225, 47.474008515], [19.061451225, 47.473923515], [19.061586225, 47.473905515]]]}}, {"type": "Feature", "properties": {"id": 36848, "roomCode": "L\u00c9-0-081-01-11", "roomNumber": "0.81", "roomName": "Ortvay Rudolf terem", "roomType": "educational", "floorId": 5, "level": 0, "fillSource": "mvt"}, "geometry": {"type": "Polygon", "coordinates": [[[19.061520662, 47.473997629], [19.061524662, 47.474012629], [19.061514662, 47.474013629], [19.061517662, 47.474024629], [19.061528662, 47.474022629], [19.061540662, 47.474065629], [19.061530662, 47.474066629], [19.061536662, 47.474089629], [19.061546662, 47.474087629], [19.061551662, 47.474103629], [19.061416662, 47.474120629], [19.061384662, 47.474015629], [19.061520662, 47.473997629]]]}}, {"type": "Feature", "properties": {"id": 36850, "roomCode": "L\u00c9-0-083-01-11", "roomNumber": "0.83", "roomName": "E\u00f6tv\u00f6s Lor\u00e1nd terem", "roomType": "educational", "floorId": 5, "level": 0, "fillSource": "mvt"}, "geometry": {"type": "Polygon", "coordinates": [[[19.061471264, 47.474108561], [19.061475265, 47.474124561], [19.061465265, 47.474126561], [19.061468265, 47.474136561], [19.061479265, 47.474135561], [19.061483265, 47.474149561], [19.061477265, 47.474151561], [19.061483265, 47.474150561], [19.061490265, 47.474173561], [19.061479265, 47.474175561], [19.061487265, 47.474198561], [19.061497265, 47.474196561], [19.061502264, 47.474213561], [19.061334265, 47.474236561], [19.061302265, 47.474130561], [19.061471264, 47.474108561]]]}}, {"type": "Feature", "properties": {"id": 36691, "roomCode": "L\u00c9-0-084A-05-71", "roomNumber": "F.109/A", "roomName": "F\u00e9rfi mosd\u00f3", "roomType": "social", "floorId": 5, "level": 0, "fillSource": "mvt"}, "geometry": {"type": "Polygon", "coordinates": [[[19.061688273, 47.474004722], [19.061697273, 47.474037722], [19.061679273, 47.474039722], [19.061677273, 47.474033722], [19.061663273, 47.474035722], [19.061660273, 47.474025722], [19.061671273, 47.474023722], [19.061666273, 47.474007722], [19.061688273, 47.474004722]]]}}, {"type": "Feature", "properties": {"id": 36690, "roomCode": "L\u00c9-0-084B-05-71", "roomNumber": "F.109/A", "roomName": "F\u00e9rfi WC", "roomType": "social", "floorId": 5, "level": 0, "fillSource": "mvt"}, "geometry": {"type": "Polygon", "coordinates": [[[19.061725428, 47.474011912], [19.061731428, 47.474029912], [19.061727428, 47.474030912], [19.061734428, 47.474040912], [19.061686428, 47.474047912], [19.061678428, 47.474017912], [19.061725428, 47.474011912]]]}}, {"type": "Feature", "properties": {"id": 36692, "roomCode": "L\u00c9-0-085A-05-71", "roomNumber": "F.109", "roomName": "N\u0151i mosd\u00f3", "roomType": "social", "floorId": 5, "level": 0, "fillSource": "mvt"}, "geometry": {"type": "Polygon", "coordinates": [[[19.061688714, 47.474045251], [19.061696714, 47.474070251], [19.061671714, 47.474073251], [19.061667714, 47.474057251], [19.061649714, 47.474060251], [19.061647714, 47.474050251], [19.061688714, 47.474045251]]]}}, {"type": "Feature", "properties": {"id": 36693, "roomCode": "L\u00c9-0-085B-05-71", "roomNumber": "F.109", "roomName": "N\u0151i WC", "roomType": "social", "floorId": 5, "level": 0, "fillSource": "mvt"}, "geometry": {"type": "Polygon", "coordinates": [[[19.061722885, 47.474048671], [19.061729885, 47.474073671], [19.061692885, 47.474078671], [19.061684885, 47.474053671], [19.061722885, 47.474048671]]]}}, {"type": "Feature", "properties": {"id": 36881, "roomCode": "L\u00c9-0-086-04-62", "roomNumber": "F.62", "roomName": "EL\u0150CSARNOK", "roomType": "corridor", "floorId": 5, "level": 0, "fillSource": "catalog-bbox"}, "geometry": {"type": "Polygon", "coordinates": [[[19.062394481251413, 47.47405204411557], [19.062399968748586, 47.47405204411557], [19.062399968748586, 47.47405280588444], [19.062394481251413, 47.47405280588444], [19.062394481251413, 47.47405204411557]]]}}, {"type": "Feature", "properties": {"id": 36684, "roomCode": "L\u00c9-0-087-01-11", "roomNumber": "0.87", "roomName": "Marx Gy\u00f6rgy terem", "roomType": "educational", "floorId": 5, "level": 0, "fillSource": "mvt"}, "geometry": {"type": "Polygon", "coordinates": [[[19.061709771, 47.474059326], [19.061741771, 47.474167326], [19.061640771, 47.474180326], [19.061637771, 47.474169326], [19.061646771, 47.474168326], [19.061641771, 47.474148326], [19.061631771, 47.474150326], [19.061617771, 47.474103326], [19.061627771, 47.474102326], [19.061618771, 47.474071326], [19.061709771, 47.474059326]]]}}, {"type": "Feature", "properties": {"id": 36685, "roomCode": "L\u00c9-0-089-01-11", "roomNumber": "0.89", "roomName": "Jedlik \u00c1nyos terem", "roomType": "educational", "floorId": 5, "level": 0, "fillSource": "mvt"}, "geometry": {"type": "Polygon", "coordinates": [[[19.06167604, 47.47417041], [19.06170904, 47.47428041], [19.06160704, 47.47429441], [19.06160404, 47.47428141], [19.06161304, 47.47427941], [19.06160704, 47.47426041], [19.06159804, 47.47426141], [19.06158504, 47.47421941], [19.06159504, 47.47421841], [19.06158504, 47.47418241], [19.06167604, 47.47417041]]]}}, {"type": "Feature", "properties": {"id": 36687, "roomCode": "L\u00c9-0-090-01-18", "roomNumber": "F.101 F1 - (0.90)", "roomName": "Demonstr\u00e1ci\u00f3s terem", "roomType": "educational", "floorId": 5, "level": 0, "fillSource": "mvt"}, "geometry": {"type": "Polygon", "coordinates": [[[19.06165476, 47.474273894], [19.06167076, 47.474328894], [19.06157676, 47.474341894], [19.06157576, 47.474337894], [19.06157276, 47.474338894], [19.06157376, 47.474342894], [19.06156876, 47.474343894], [19.06153976, 47.474347894], [19.06153776, 47.474339894], [19.06153176, 47.474340894], [19.06151776, 47.474294894], [19.06156076, 47.474289894], [19.06155976, 47.474285894], [19.06165476, 47.474273894]]]}}, {"type": "Feature", "properties": {"id": 36669, "roomCode": "L\u00c9-0-091-02-33", "roomNumber": "F.76/A M1 (0.91)", "roomName": "Iroda", "roomType": "administrative", "floorId": 5, "level": 0, "fillSource": "mvt"}, "geometry": {"type": "Polygon", "coordinates": [[[19.061813074, 47.474347727], [19.061821074, 47.474376727], [19.061752074, 47.474385727], [19.061743074, 47.474356727], [19.061813074, 47.474347727]]]}}, {"type": "Feature", "properties": {"id": 36695, "roomCode": "L\u00c9-0-092-01-16", "roomNumber": "F.64-66 B1 (0.99)", "roomName": "0.99 El\u0151ad\u00f3", "roomType": "educational", "floorId": 5, "level": 0, "fillSource": "mvt"}, "geometry": {"type": "Polygon", "coordinates": [[[19.061893402, 47.474022865], [19.061909402, 47.474075865], [19.061836402, 47.474085865], [19.061831402, 47.474084865], [19.061828402, 47.474086865], [19.061750402, 47.474097865], [19.061734402, 47.474041865], [19.061807402, 47.474031865], [19.061893402, 47.474022865]]]}}, {"type": "Feature", "properties": {"id": 36672, "roomCode": "L\u00c9-0-092-02-33", "roomNumber": "F.76 M1 (0.92)", "roomName": "Iroda", "roomType": "administrative", "floorId": 5, "level": 0, "fillSource": "mvt"}, "geometry": {"type": "Polygon", "coordinates": [[[19.061821665, 47.474317545], [19.061830665, 47.474346545], [19.061760665, 47.474355545], [19.061752665, 47.474327545], [19.061821665, 47.474317545]]]}}, {"type": "Feature", "properties": {"id": 36671, "roomCode": "L\u00c9-0-093-02-33", "roomNumber": "F.74/A M1 (0.93)", "roomName": "Iroda", "roomType": "administrative", "floorId": 5, "level": 0, "fillSource": "mvt"}, "geometry": {"type": "Polygon", "coordinates": [[[19.061830841, 47.474291087], [19.061837841, 47.474316087], [19.061768841, 47.474325087], [19.061760841, 47.474301087], [19.061830841, 47.474291087]]]}}, {"type": "Feature", "properties": {"id": 36670, "roomCode": "L\u00c9-0-094-02-33", "roomNumber": "F.74 M1 - (0.94)", "roomName": "Iroda", "roomType": "administrative", "floorId": 5, "level": 0, "fillSource": "mvt"}, "geometry": {"type": "Polygon", "coordinates": [[[19.061838387, 47.474262747], [19.061846387, 47.474290747], [19.061777387, 47.474299747], [19.061769387, 47.474272747], [19.061838387, 47.474262747]]]}}, {"type": "Feature", "properties": {"id": 36668, "roomCode": "L\u00c9-0-095-02-33", "roomNumber": "F.72 M1 - (0.95)", "roomName": "Iroda", "roomType": "administrative", "floorId": 5, "level": 0, "fillSource": "mvt"}, "geometry": {"type": "Polygon", "coordinates": [[[19.061847783, 47.474209414], [19.061863783, 47.474265414], [19.061794783, 47.474274414], [19.061778783, 47.474219414], [19.061847783, 47.474209414]]]}}, {"type": "Feature", "properties": {"id": 36786, "roomCode": "L\u00c9-0-096-02-33", "roomNumber": "F.70/A -(0.96)", "roomName": "Iroda", "roomType": "administrative", "floorId": 5, "level": 0, "fillSource": "mvt"}, "geometry": {"type": "Polygon", "coordinates": [[[19.061863955, 47.474179335], [19.061871955, 47.474205335], [19.061801955, 47.474215335], [19.061793955, 47.474188335], [19.061863955, 47.474179335]]]}}, {"type": "Feature", "properties": {"id": 36769, "roomCode": "L\u00c9-0-097-02-33", "roomNumber": "F.70 - (0.97)", "roomName": "Iroda", "roomType": "administrative", "floorId": 5, "level": 0, "fillSource": "mvt"}, "geometry": {"type": "Polygon", "coordinates": [[[19.061871954, 47.474151047], [19.061879954, 47.474178047], [19.061810954, 47.474187047], [19.061802954, 47.474160047], [19.061871954, 47.474151047]]]}}, {"type": "Feature", "properties": {"id": 36696, "roomCode": "L\u00c9-0-098-02-33", "roomNumber": "F.68 (0.98)", "roomName": "Iroda", "roomType": "administrative", "floorId": 5, "level": 0, "fillSource": "mvt"}, "geometry": {"type": "Polygon", "coordinates": [[[19.061862844, 47.474097524], [19.061878844, 47.474152524], [19.061830844, 47.474158524], [19.061813844, 47.474103524], [19.061862844, 47.474097524]]]}}, {"type": "Feature", "properties": {"id": 36678, "roomCode": "L\u00c9-0-098/A-04-62", "roomNumber": "F.68/B", "roomName": "El\u0151t\u00e9r", "roomType": "corridor", "floorId": 5, "level": 0, "fillSource": "mvt"}, "geometry": {"type": "Polygon", "coordinates": [[[19.06189633, 47.47410766], [19.06189833, 47.47411866], [19.06187933, 47.47412066], [19.06187633, 47.47410966], [19.06189633, 47.47410766]]]}}, {"type": "Feature", "properties": {"id": 36882, "roomCode": "L\u00c9-0-098/B-06-93", "roomNumber": "F.68/B", "roomName": "Takar\u00edt\u00f3szer t\u00e1rol\u00f3", "roomType": "technical", "floorId": 5, "level": 0, "fillSource": "catalog-bbox"}, "geometry": {"type": "Polygon", "coordinates": [[[19.061881614382816, 47.47409735897751], [19.061903149617184, 47.47409735897751], [19.061903149617184, 47.47410780902249], [19.061881614382816, 47.47410780902249], [19.061881614382816, 47.47409735897751]]]}}, {"type": "Feature", "properties": {"id": 36660, "roomCode": "L\u00c9-0-098/C-05-72", "roomNumber": "F.68/C", "roomName": "Zuhanyz\u00f3", "roomType": "social", "floorId": 5, "level": 0, "fillSource": "mvt"}, "geometry": {"type": "Polygon", "coordinates": [[[19.061890768, 47.474119533], [19.061895768, 47.474135533], [19.061876768, 47.474137533], [19.061871768, 47.474122533], [19.061890768, 47.474119533]]]}}, {"type": "Feature", "properties": {"id": 36659, "roomCode": "L\u00c9-0-098/D-05-73", "roomNumber": "F.68/D", "roomName": "T\u00e1rol\u00f3", "roomType": "social", "floorId": 5, "level": 0, "fillSource": "mvt"}, "geometry": {"type": "Polygon", "coordinates": [[[19.061885635, 47.474136743], [19.061890635, 47.474154743], [19.061871635, 47.474157743], [19.061865635, 47.474138743], [19.061885635, 47.474136743]]]}}, {"type": "Feature", "properties": {"id": 36847, "roomCode": "L\u00c9-0-100A-01-11", "roomNumber": "F.64-66 B2 (0.100A)", "roomName": "0.100A El\u0151ad\u00f3", "roomType": "educational", "floorId": 5, "level": 0, "fillSource": "mvt"}, "geometry": {"type": "Polygon", "coordinates": [[[19.062035025, 47.473963654], [19.062037025, 47.473966654], [19.062042025, 47.473965654], [19.062074025, 47.474075654], [19.061988025, 47.474086654], [19.061956025, 47.473976654], [19.062035025, 47.473963654]]]}}, {"type": "Feature", "properties": {"id": 36846, "roomCode": "L\u00c9-0-100B-01-11", "roomNumber": "F.64-66 B1 (0.100B)", "roomName": "Cseh-Szombathy terem", "roomType": "educational", "floorId": 5, "level": 0, "fillSource": "mvt"}, "geometry": {"type": "Polygon", "coordinates": [[[19.061987815, 47.47392635], [19.062010815, 47.47400035], [19.061887815, 47.47401735], [19.061875815, 47.47397535], [19.061887815, 47.47397235], [19.061895815, 47.47396335], [19.061893815, 47.47393935], [19.061987815, 47.47392635]]]}}, {"type": "Feature", "properties": {"id": 36694, "roomCode": "L\u00c9-0-100C-01-17", "roomNumber": "F.64-66 B1 (0.100C)", "roomName": "T\u00e1TK kari tan\u00e1csterem", "roomType": "educational", "floorId": 5, "level": 0, "fillSource": "mvt"}, "geometry": {"type": "Polygon", "coordinates": [[[19.061892261, 47.473936728], [19.061903261, 47.473972728], [19.061850261, 47.473979728], [19.061852261, 47.474005728], [19.061844261, 47.474012728], [19.061831261, 47.474015728], [19.061844261, 47.474059728], [19.061769261, 47.474069728], [19.061735261, 47.473957728], [19.061812261, 47.473947728], [19.061816261, 47.473948728], [19.061820261, 47.473945728], [19.061892261, 47.473936728]]]}}, {"type": "Feature", "properties": {"id": 36844, "roomCode": "L\u00c9-0-101-06-84", "roomNumber": "F.57 M2 (0.101)", "roomName": "Rakt\u00e1r", "roomType": "technical", "floorId": 5, "level": 0, "fillSource": "catalog-bbox"}, "geometry": {"type": "Polygon", "coordinates": [[[19.062038734452884, 47.47408042135758], [19.062133819547114, 47.47408042135758], [19.062133819547114, 47.47412591864243], [19.062038734452884, 47.47412591864243], [19.062038734452884, 47.47408042135758]]]}}, {"type": "Feature", "properties": {"id": 36843, "roomCode": "L\u00c9-0-102-06-84", "roomNumber": "F.53 M2 (0.102)", "roomName": "Rakt\u00e1r", "roomType": "technical", "floorId": 5, "level": 0, "fillSource": "catalog-bbox"}, "geometry": {"type": "Polygon", "coordinates": [[[19.0622833331382, 47.47411448792347], [19.0623777288618, 47.47411448792347], [19.0623777288618, 47.47415888407653], [19.0622833331382, 47.47415888407653], [19.0622833331382, 47.47411448792347]]]}}, {"type": "Feature", "properties": {"id": 36827, "roomCode": "L\u00c9-0-103-06-84", "roomNumber": "F.59 M1 (0.103)", "roomName": "Rakt\u00e1r", "roomType": "technical", "floorId": 5, "level": 0, "fillSource": "catalog-bbox"}, "geometry": {"type": "Polygon", "coordinates": [[[19.06194017817928, 47.474109642782075], [19.062021653820718, 47.474109642782075], [19.062021653820718, 47.47417154721793], [19.06194017817928, 47.47417154721793], [19.06194017817928, 47.474109642782075]]]}}, {"type": "Feature", "properties": {"id": 36826, "roomCode": "L\u00c9-0-104-05-77", "roomNumber": "F.61 M1", "roomName": "Teakonyha", "roomType": "social", "floorId": 5, "level": 0, "fillSource": "mvt"}, "geometry": {"type": "Polygon", "coordinates": [[[19.062004816, 47.474172311], [19.062021816, 47.474227311], [19.061955816, 47.474236311], [19.061944816, 47.474200311], [19.061934816, 47.474201311], [19.061930816, 47.474189311], [19.061940816, 47.474187311], [19.061938816, 47.474181311], [19.062004816, 47.474172311]]]}}, {"type": "Feature", "properties": {"id": 36824, "roomCode": "L\u00c9-0-105-06-84", "roomNumber": "F.63 M1 - (0.105)", "roomName": "Rakt\u00e1r", "roomType": "technical", "floorId": 5, "level": 0, "fillSource": "catalog-bbox"}, "geometry": {"type": "Polygon", "coordinates": [[[19.061897006015926, 47.47422005452527], [19.061989883984076, 47.47422005452527], [19.061989883984076, 47.474320233474735], [19.061897006015926, 47.474320233474735], [19.061897006015926, 47.47422005452527]]]}}, {"type": "Feature", "properties": {"id": 36825, "roomCode": "L\u00c9-0-105A-06-84", "roomNumber": "F.63/A", "roomName": "Rakt\u00e1r", "roomType": "technical", "floorId": 5, "level": 0, "fillSource": "catalog-bbox"}, "geometry": {"type": "Polygon", "coordinates": [[[19.061925939177694, 47.474317203676414], [19.06196217082231, 47.474317203676414], [19.06196217082231, 47.474338628323586], [19.061925939177694, 47.474338628323586], [19.061925939177694, 47.474317203676414]]]}}, {"type": "Feature", "properties": {"id": 36823, "roomCode": "L\u00c9-0-106-05-71", "roomNumber": "F.63 M1 - (0.106)", "roomName": "Akad\u00e1lymentes WC", "roomType": "social", "floorId": 5, "level": 0, "fillSource": "mvt"}, "geometry": {"type": "Polygon", "coordinates": [[[19.061921053, 47.474314809], [19.061927053, 47.474331809], [19.061894053, 47.474336809], [19.061889053, 47.474318809], [19.061921053, 47.474314809]]]}}, {"type": "Feature", "properties": {"id": 36822, "roomCode": "L\u00c9-0-107-05-71", "roomNumber": "F.67", "roomName": "N\u0151i mosd\u00f3", "roomType": "social", "floorId": 5, "level": 0, "fillSource": "mvt"}, "geometry": {"type": "Polygon", "coordinates": [[[19.061920286, 47.474330218], [19.061927286, 47.474353218], [19.061892286, 47.474357218], [19.061891286, 47.474355218], [19.061883286, 47.474357218], [19.061877286, 47.474336218], [19.061882286, 47.474335218], [19.061920286, 47.474330218]]]}}, {"type": "Feature", "properties": {"id": 36821, "roomCode": "L\u00c9-0-107A-05-71", "roomNumber": "F.67", "roomName": "N\u0151i WC", "roomType": "social", "floorId": 5, "level": 0, "fillSource": "mvt"}, "geometry": {"type": "Polygon", "coordinates": [[[19.061956754, 47.474335896], [19.061962754, 47.474356896], [19.061954754, 47.474357896], [19.061955754, 47.474359896], [19.061917754, 47.474364896], [19.061909754, 47.474341896], [19.061956754, 47.474335896]]]}}, {"type": "Feature", "properties": {"id": 36838, "roomCode": "L\u00c9-0-108-06-84", "roomNumber": "F.79 M2", "roomName": "Rakt\u00e1r", "roomType": "technical", "floorId": 5, "level": 0, "fillSource": "catalog-bbox"}, "geometry": {"type": "Polygon", "coordinates": [[[19.061963215547213, 47.47434782732195], [19.06205396845279, 47.47434782732195], [19.06205396845279, 47.47438742667805], [19.061963215547213, 47.47438742667805], [19.061963215547213, 47.47434782732195]]]}}, {"type": "Feature", "properties": {"id": 36712, "roomCode": "L\u00c9-0-109-06-84", "roomNumber": "F.79/A M2 - (0.109)", "roomName": "Rakt\u00e1r", "roomType": "technical", "floorId": 5, "level": 0, "fillSource": "catalog-bbox"}, "geometry": {"type": "Polygon", "coordinates": [[[19.062204997514495, 47.4743804322846], [19.062295242485508, 47.4743804322846], [19.062295242485508, 47.47441997171539], [19.062204997514495, 47.47441997171539], [19.062204997514495, 47.4743804322846]]]}}, {"type": "Feature", "properties": {"id": 36833, "roomCode": "L\u00c9-0-110-06-93", "roomNumber": "0.110", "roomName": "Takar\u00edt\u00f3szer t\u00e1rol\u00f3", "roomType": "technical", "floorId": 5, "level": 0, "fillSource": "catalog-bbox"}, "geometry": {"type": "Polygon", "coordinates": [[[19.061925635121092, 47.47439645502895], [19.061970424878908, 47.47439645502895], [19.061970424878908, 47.474424884971036], [19.061925635121092, 47.474424884971036], [19.061925635121092, 47.47439645502895]]]}}, {"type": "Feature", "properties": {"id": 36834, "roomCode": "L\u00c9-0-111-06-93", "roomNumber": "0.111", "roomName": "Takar\u00edt\u00f3szer t\u00e1rol\u00f3", "roomType": "technical", "floorId": 5, "level": 0, "fillSource": "catalog-bbox"}, "geometry": {"type": "Polygon", "coordinates": [[[19.061918662264958, 47.47442667491735], [19.061958159735042, 47.47442667491735], [19.061958159735042, 47.47445770908264], [19.061918662264958, 47.47445770908264], [19.061918662264958, 47.47442667491735]]]}}, {"type": "Feature", "properties": {"id": 36651, "roomCode": "L\u00c9-0-112-05-71", "roomNumber": "F.69/C", "roomName": "F\u00e9rfi mosd\u00f3", "roomType": "social", "floorId": 5, "level": 0, "fillSource": "mvt"}, "geometry": {"type": "Polygon", "coordinates": [[[19.061855946, 47.474479296], [19.061861946, 47.474501296], [19.061834946, 47.474504296], [19.061827946, 47.474483296], [19.061855946, 47.474479296]]]}}, {"type": "Feature", "properties": {"id": 36652, "roomCode": "L\u00c9-0-112/A-05-71", "roomNumber": "F.69/C", "roomName": "F\u00e9rfi WC", "roomType": "social", "floorId": 5, "level": 0, "fillSource": "mvt"}, "geometry": {"type": "Polygon", "coordinates": [[[19.061892028, 47.474483598], [19.061899028, 47.474504598], [19.061863028, 47.474509598], [19.061857028, 47.474488598], [19.061892028, 47.474483598]]]}}, {"type": "Feature", "properties": {"id": 36661, "roomCode": "L\u00c9-0-112/B-05-71", "roomNumber": "F.69/C", "roomName": "F\u00e9rfi WC", "roomType": "social", "floorId": 5, "level": 0, "fillSource": "mvt"}, "geometry": {"type": "Polygon", "coordinates": [[[19.061919076, 47.474488655], [19.061925076, 47.474509655], [19.061902076, 47.474512655], [19.061895076, 47.474491655], [19.061919076, 47.474488655]]]}}, {"type": "Feature", "properties": {"id": 36828, "roomCode": "L\u00c9-0-113-05-77", "roomNumber": "0.113", "roomName": "Teakonyha", "roomType": "social", "floorId": 5, "level": 0, "fillSource": "mvt"}, "geometry": {"type": "Polygon", "coordinates": [[[19.061999482, 47.474489974], [19.062008482, 47.474519974], [19.061965482, 47.474525974], [19.061956482, 47.474494974], [19.061990482, 47.474489974], [19.061999482, 47.474489974]]]}}, {"type": "Feature", "properties": {"id": 36715, "roomCode": "L\u00c9-0-114-02-33", "roomNumber": "F.83", "roomName": "Iroda", "roomType": "administrative", "floorId": 5, "level": 0, "fillSource": "mvt"}, "geometry": {"type": "Polygon", "coordinates": [[[19.062219905, 47.474528322], [19.062259905, 47.474528322], [19.062267905, 47.474553322], [19.062183905, 47.474565322], [19.062174905, 47.474536322], [19.062181905, 47.474535322], [19.062179905, 47.474528322], [19.062214905, 47.474528322], [19.062215905, 47.474530322], [19.062220905, 47.474530322], [19.062219905, 47.474528322]]]}}, {"type": "Feature", "properties": {"id": 36716, "roomCode": "L\u00c9-0-115A-05-71", "roomNumber": "F.41/B (0.115)", "roomName": "N\u0151i mosd\u00f3", "roomType": "social", "floorId": 5, "level": 0, "fillSource": "mvt"}, "geometry": {"type": "Polygon", "coordinates": [[[19.062337246, 47.47454484], [19.062343246, 47.47456584], [19.062317246, 47.47457084], [19.062310246, 47.47454884], [19.062337246, 47.47454484]]]}}, {"type": "Feature", "properties": {"id": 36717, "roomCode": "L\u00c9-0-115B-05-71", "roomNumber": "F.41/A (0.115B)", "roomName": "N\u0151i WC", "roomType": "social", "floorId": 5, "level": 0, "fillSource": "mvt"}, "geometry": {"type": "Polygon", "coordinates": [[[19.062307647, 47.474540087], [19.062313647, 47.474562087], [19.062276647, 47.474566087], [19.062269647, 47.474544087], [19.062307647, 47.474540087]]]}}, {"type": "Feature", "properties": {"id": 36740, "roomCode": "L\u00c9-0-116-01-14", "roomNumber": "F.39 B7 (0.116)", "roomName": "M\u00e9r\u0151labor", "roomType": "educational", "floorId": 5, "level": 0, "fillSource": "mvt"}, "geometry": {"type": "Polygon", "coordinates": [[[19.06228827, 47.474572649], [19.06229027, 47.474579649], [19.06230027, 47.474577649], [19.06230427, 47.474590649], [19.06229327, 47.474591649], [19.06230527, 47.474628649], [19.06230027, 47.474624649], [19.06222127, 47.474631649], [19.06220727, 47.474587649], [19.06228827, 47.474572649]]]}}, {"type": "Feature", "properties": {"id": 36739, "roomCode": "L\u00c9-0-117-01-14", "roomNumber": "F.37 B7 (0.117)", "roomName": "Vez\u00e9rl\u0151szoba", "roomType": "educational", "floorId": 5, "level": 0, "fillSource": "mvt"}, "geometry": {"type": "Polygon", "coordinates": [[[19.062274449, 47.474630035], [19.062275449, 47.474636035], [19.062286449, 47.474634035], [19.062288449, 47.474647035], [19.062279449, 47.474648035], [19.062290449, 47.474684035], [19.062208449, 47.474693035], [19.062193449, 47.474644035], [19.062274449, 47.474630035]]]}}, {"type": "Feature", "properties": {"id": 36735, "roomCode": "L\u00c9-0-118-01-14", "roomNumber": "F.35/A B7 (0.118)", "roomName": "Tricarb laborat\u00f3rium", "roomType": "educational", "floorId": 5, "level": 0, "fillSource": "mvt"}, "geometry": {"type": "Polygon", "coordinates": [[[19.062262026, 47.47473379], [19.062270026, 47.47475979], [19.062188026, 47.47476879], [19.062182026, 47.47474479], [19.062262026, 47.47473379]]]}}, {"type": "Feature", "properties": {"id": 36736, "roomCode": "L\u00c9-0-119-06-34", "roomNumber": "F.35 B7 (0.119)", "roomName": "DOZ laborat\u00f3rium", "roomType": "technical", "floorId": 5, "level": 0, "fillSource": "catalog-bbox"}, "geometry": {"type": "Polygon", "coordinates": [[[19.062181451719805, 47.47475760997511], [19.06226824428019, 47.47475760997511], [19.06226824428019, 47.4747896660249], [19.062181451719805, 47.4747896660249], [19.062181451719805, 47.47475760997511]]]}}, {"type": "Feature", "properties": {"id": 36662, "roomCode": "L\u00c9-0-120-03-43", "roomNumber": "F-36 A1 (0.120)", "roomName": "K\u00e9mia k\u00f6nyvt\u00e1r", "roomType": "misc", "floorId": 5, "level": 0, "fillSource": "mvt"}, "geometry": {"type": "Polygon", "coordinates": [[[19.062438754, 47.474831112], [19.062472754, 47.474941112], [19.062314754, 47.474962112], [19.062296754, 47.474906112], [19.062248754, 47.474912112], [19.062264754, 47.474952112], [19.062240754, 47.474955112], [19.062245754, 47.474974112], [19.062187754, 47.474981112], [19.062154754, 47.474870112], [19.062438754, 47.474831112]]]}}, {"type": "Feature", "properties": {"id": 36663, "roomCode": "L\u00c9-0-121-02-33", "roomNumber": "F.38/B", "roomName": "M\u0171szaki \u00fczemeltet\u0151i iroda", "roomType": "administrative", "floorId": 5, "level": 0, "fillSource": "mvt"}, "geometry": {"type": "Polygon", "coordinates": [[[19.062450265, 47.474822813], [19.062465265, 47.474874813], [19.062380265, 47.474885813], [19.062365265, 47.474833813], [19.062450265, 47.474822813]]]}}, {"type": "Feature", "properties": {"id": 36666, "roomCode": "L\u00c9-0-121A-02-33", "roomNumber": "F.38/C B8", "roomName": "Diszp\u00e9cser k\u00f6zpont", "roomType": "administrative", "floorId": 5, "level": 0, "fillSource": "mvt"}, "geometry": {"type": "Polygon", "coordinates": [[[19.062463482, 47.474762857], [19.062479482, 47.474818857], [19.062366482, 47.474833857], [19.062350482, 47.474777857], [19.062463482, 47.474762857]]]}}, {"type": "Feature", "properties": {"id": 36664, "roomCode": "L\u00c9-0-121B-06-84", "roomNumber": "F.38/A", "roomName": "Rakt\u00e1r", "roomType": "technical", "floorId": 5, "level": 0, "fillSource": "catalog-bbox"}, "geometry": {"type": "Polygon", "coordinates": [[[19.062298400654416, 47.474825671759156], [19.062380369345586, 47.474825671759156], [19.062380369345586, 47.47486811824084], [19.062298400654416, 47.47486811824084], [19.062298400654416, 47.474825671759156]]]}}, {"type": "Feature", "properties": {"id": 36665, "roomCode": "L\u00c9-0-121C-04-63", "roomNumber": "F.38", "roomName": "Folyos\u00f3 (diszp\u00e9cser szob\u00e1hoz)", "roomType": "corridor", "floorId": 5, "level": 0, "fillSource": "mvt"}, "geometry": {"type": "Polygon", "coordinates": [[[19.062385325, 47.47480722], [19.062391325, 47.47482422], [19.062318325, 47.47483422], [19.062308325, 47.47483122], [19.062305325, 47.47482022], [19.062313325, 47.47481622], [19.062385325, 47.47480722]]]}}, {"type": "Feature", "properties": {"id": 36667, "roomCode": "L\u00c9-0-121D-04-62", "roomNumber": "F.38", "roomName": "El\u0151t\u00e9r", "roomType": "corridor", "floorId": 5, "level": 0, "fillSource": "mvt"}, "geometry": {"type": "Polygon", "coordinates": [[[19.0623573, 47.474794245], [19.0623613, 47.474811245], [19.0623423, 47.474814245], [19.0623373, 47.474796245], [19.0623573, 47.474794245]]]}}, {"type": "Feature", "properties": {"id": 36732, "roomCode": "L\u00c9-0-121E-06-91", "roomNumber": "F.38/E", "roomName": "Pihen\u0151", "roomType": "technical", "floorId": 5, "level": 0, "fillSource": "catalog-bbox"}, "geometry": {"type": "Polygon", "coordinates": [[[19.06231350034148, 47.4747491975855], [19.062379257658524, 47.4747491975855], [19.062379257658524, 47.4747943804145], [19.06231350034148, 47.4747943804145], [19.06231350034148, 47.4747491975855]]]}}, {"type": "Feature", "properties": {"id": 36733, "roomCode": "L\u00c9-0-121F-05-72", "roomNumber": "F.38", "roomName": "Zuhanyz\u00f3", "roomType": "social", "floorId": 5, "level": 0, "fillSource": "mvt"}, "geometry": {"type": "Polygon", "coordinates": [[[19.062339517, 47.474788235], [19.062343517, 47.474805235], [19.062311517, 47.474809235], [19.062309517, 47.474802235], [19.062319517, 47.474801235], [19.062317517, 47.474791235], [19.062339517, 47.474788235]]]}}, {"type": "Feature", "properties": {"id": 36727, "roomCode": "L\u00c9-0-122-02-33", "roomNumber": "F-40/A 0.122", "roomName": "Iroda", "roomType": "administrative", "floorId": 5, "level": 0, "fillSource": "mvt"}, "geometry": {"type": "Polygon", "coordinates": [[[19.062406552, 47.474694363], [19.062414552, 47.474720363], [19.062341552, 47.474730363], [19.062333552, 47.474704363], [19.062406552, 47.474694363]]]}}, {"type": "Feature", "properties": {"id": 36726, "roomCode": "L\u00c9-0-122A-02-33", "roomNumber": "F-40/A 0.122 A", "roomName": "Iroda", "roomType": "administrative", "floorId": 5, "level": 0, "fillSource": "mvt"}, "geometry": {"type": "Polygon", "coordinates": [[[19.062396697, 47.474722322], [19.062406697, 47.474751322], [19.062333697, 47.474761322], [19.062325697, 47.474731322], [19.062396697, 47.474722322]]]}}, {"type": "Feature", "properties": {"id": 36880, "roomCode": "L\u00c9-0-123-02-33", "roomNumber": "F-42 B (0.123)", "roomName": "Iroda", "roomType": "administrative", "floorId": 5, "level": 0, "fillSource": "mvt"}, "geometry": {"type": "Polygon", "coordinates": [[[19.062414696, 47.47466587], [19.062422696, 47.47469387], [19.062351696, 47.47470287], [19.062342696, 47.47467587], [19.062414696, 47.47466587]]]}}, {"type": "Feature", "properties": {"id": 36879, "roomCode": "L\u00c9-0-123A-02-33", "roomNumber": "F-42 B (0.123A)", "roomName": "Iroda", "roomType": "administrative", "floorId": 5, "level": 0, "fillSource": "mvt"}, "geometry": {"type": "Polygon", "coordinates": [[[19.062422377, 47.474640676], [19.062430377, 47.474664676], [19.062359377, 47.474674676], [19.062351377, 47.474649676], [19.062422377, 47.474640676]]]}}, {"type": "Feature", "properties": {"id": 36728, "roomCode": "L\u00c9-0-124-02-33", "roomNumber": "F-42 B (0.124)", "roomName": "Iroda", "roomType": "administrative", "floorId": 5, "level": 0, "fillSource": "mvt"}, "geometry": {"type": "Polygon", "coordinates": [[[19.06243041, 47.47461068], [19.06243941, 47.47463968], [19.06236741, 47.47464968], [19.06235941, 47.47461968], [19.06243041, 47.47461068]]]}}, {"type": "Feature", "properties": {"id": 36729, "roomCode": "L\u00c9-0-124A-03-49", "roomNumber": "F-44 B7 (0.124A)", "roomName": "Els\u0151seg\u00e9lyhely", "roomType": "misc", "floorId": 5, "level": 0, "fillSource": "mvt"}, "geometry": {"type": "Polygon", "coordinates": [[[19.062439419, 47.474582499], [19.062447419, 47.474608499], [19.062376419, 47.474618499], [19.062368419, 47.474591499], [19.062439419, 47.474582499]]]}}, {"type": "Feature", "properties": {"id": 36724, "roomCode": "L\u00c9-0-125-06-91", "roomNumber": "F-46/A", "roomName": "Porta", "roomType": "technical", "floorId": 5, "level": 0, "fillSource": "catalog-bbox"}, "geometry": {"type": "Polygon", "coordinates": [[[19.062428040264596, 47.47452672460561], [19.062473765735405, 47.47452672460561], [19.062473765735405, 47.47455818339439], [19.062428040264596, 47.47455818339439], [19.062428040264596, 47.47452672460561]]]}}, {"type": "Feature", "properties": {"id": 36725, "roomCode": "L\u00c9-0-125A-06-91", "roomNumber": "F-46", "roomName": "Pihen\u0151szoba", "roomType": "technical", "floorId": 5, "level": 0, "fillSource": "catalog-bbox"}, "geometry": {"type": "Polygon", "coordinates": [[[19.062375827147754, 47.47454194040335], [19.062463782852245, 47.47454194040335], [19.062463782852245, 47.47458447959665], [19.062375827147754, 47.47458447959665], [19.062375827147754, 47.47454194040335]]]}}, {"type": "Feature", "properties": {"id": 36722, "roomCode": "L\u00c9-0-126-02-33", "roomNumber": "F.50/A", "roomName": "Iroda", "roomType": "administrative", "floorId": 5, "level": 0, "fillSource": "mvt"}, "geometry": {"type": "Polygon", "coordinates": [[[19.06248967, 47.474439875], [19.06249767, 47.474466875], [19.06245967, 47.474471875], [19.06245167, 47.474444875], [19.06248967, 47.474439875]]]}}, {"type": "Feature", "properties": {"id": 36721, "roomCode": "L\u00c9-0-126A-06-89", "roomNumber": "F.50", "roomName": "Kapcsol\u00f3t\u00e9r", "roomType": "technical", "floorId": 5, "level": 0, "fillSource": "catalog-bbox"}, "geometry": {"type": "Polygon", "coordinates": [[[19.062463090710583, 47.47440921874835], [19.062508865289416, 47.47440921874835], [19.062508865289416, 47.47444008325166], [19.062463090710583, 47.47444008325166], [19.062463090710583, 47.47440921874835]]]}}, {"type": "Feature", "properties": {"id": 36720, "roomCode": "L\u00c9-0-127-06-94", "roomNumber": "F.50/B", "roomName": "K\u00e1belrendez\u0151", "roomType": "technical", "floorId": 5, "level": 0, "fillSource": "catalog-bbox"}, "geometry": {"type": "Polygon", "coordinates": [[[19.062417067772174, 47.474404186514526], [19.062470336227822, 47.474404186514526], [19.062470336227822, 47.47444228548547], [19.062417067772174, 47.47444228548547], [19.062417067772174, 47.474404186514526]]]}}, {"type": "Feature", "properties": {"id": 36719, "roomCode": "L\u00c9-0-128-02-33", "roomNumber": "F.52/A M1 (0.128)", "roomName": "Iroda", "roomType": "administrative", "floorId": 5, "level": 0, "fillSource": "mvt"}, "geometry": {"type": "Polygon", "coordinates": [[[19.062502516, 47.474381668], [19.062509516, 47.474406668], [19.062435516, 47.474416668], [19.062428516, 47.474391668], [19.062502516, 47.474381668]]]}}, {"type": "Feature", "properties": {"id": 36710, "roomCode": "L\u00c9-0-129-02-33", "roomNumber": "F.52/A M1 (0.129)", "roomName": "Iroda", "roomType": "administrative", "floorId": 5, "level": 0, "fillSource": "mvt"}, "geometry": {"type": "Polygon", "coordinates": [[[19.062510327, 47.474353784], [19.062516327, 47.474380784], [19.062444327, 47.474390784], [19.062436327, 47.474363784], [19.062510327, 47.474353784]]]}}, {"type": "Feature", "properties": {"id": 36701, "roomCode": "L\u00c9-0-130-02-33", "roomNumber": "F.54 M1 (0.130)", "roomName": "Iroda", "roomType": "administrative", "floorId": 5, "level": 0, "fillSource": "mvt"}, "geometry": {"type": "Polygon", "coordinates": [[[19.062518899, 47.474300381], [19.062534899, 47.474356381], [19.062461899, 47.474365381], [19.062444899, 47.474310381], [19.062518899, 47.474300381]]]}}, {"type": "Feature", "properties": {"id": 36700, "roomCode": "L\u00c9-0-131-02-33", "roomNumber": "F.56 M1 (0.131)", "roomName": "Iroda", "roomType": "administrative", "floorId": 5, "level": 0, "fillSource": "mvt"}, "geometry": {"type": "Polygon", "coordinates": [[[19.062535266, 47.474244115], [19.062551266, 47.474299115], [19.062478266, 47.474309115], [19.062462266, 47.474253115], [19.062535266, 47.474244115]]]}}, {"type": "Feature", "properties": {"id": 36697, "roomCode": "L\u00c9-0-132A-02-35", "roomNumber": "0.132A", "roomName": "F\u00e9nym\u00e1sol\u00f3", "roomType": "administrative", "floorId": 5, "level": 0, "fillSource": "mvt"}, "geometry": {"type": "Polygon", "coordinates": [[[19.062552109, 47.474218843], [19.062560109, 47.474238843], [19.062484109, 47.474249843], [19.062478109, 47.474228843], [19.062552109, 47.474218843]]]}}, {"type": "Feature", "properties": {"id": 36698, "roomCode": "L\u00c9-0-132B-02-33", "roomNumber": "0.132B", "roomName": "Iroda", "roomType": "administrative", "floorId": 5, "level": 0, "fillSource": "mvt"}, "geometry": {"type": "Polygon", "coordinates": [[[19.062559875, 47.474185522], [19.062567875, 47.474219522], [19.062494875, 47.474229522], [19.062484875, 47.474195522], [19.062559875, 47.474185522]]]}}, {"type": "Feature", "properties": {"id": 36699, "roomCode": "L\u00c9-0-133-01-11", "roomNumber": "F.58-60 B1 (0.13)", "roomName": "PPK el\u0151ad\u00f3terem", "roomType": "educational", "floorId": 5, "level": 0, "fillSource": "mvt"}, "geometry": {"type": "Polygon", "coordinates": [[[19.06269654, 47.473982716], [19.06276354, 47.474206716], [19.06247454, 47.474245716], [19.06244054, 47.474136716], [19.06244554, 47.474135716], [19.06244454, 47.474131716], [19.06251754, 47.474121716], [19.06251754, 47.474123716], [19.06252554, 47.474122716], [19.06252454, 47.474120716], [19.06255754, 47.474116716], [19.06257254, 47.474166716], [19.06258454, 47.474165716], [19.06257554, 47.474134716], [19.06256454, 47.474136716], [19.06256154, 47.474123716], [19.06257154, 47.474122716], [19.06255754, 47.474078716], [19.06254754, 47.474079716], [19.06254454, 47.474067716], [19.06255454, 47.474066716], [19.06255254, 47.474060716], [19.06263354, 47.474050716], [19.06262854, 47.474046716], [19.06261254, 47.473994716], [19.06269654, 47.473982716]]]}}, {"type": "Feature", "properties": {"id": 36702, "roomCode": "L\u00c9-0-135-02-34", "roomNumber": "F.51 M1 (0.135)", "roomName": "Iratt\u00e1r", "roomType": "administrative", "floorId": 5, "level": 0, "fillSource": "mvt"}, "geometry": {"type": "Polygon", "coordinates": [[[19.062425113, 47.474173511], [19.062441113, 47.474226511], [19.062376113, 47.474235511], [19.062361113, 47.474181511], [19.062425113, 47.474173511]]]}}, {"type": "Feature", "properties": {"id": 36706, "roomCode": "L\u00c9-0-136-02-33", "roomNumber": "0.136", "roomName": "D\u00e9k\u00e1ni iratt\u00e1r", "roomType": "administrative", "floorId": 5, "level": 0, "fillSource": "mvt"}, "geometry": {"type": "Polygon", "coordinates": [[[19.062391172, 47.474234843], [19.062427172, 47.474353843], [19.062362172, 47.474361843], [19.062327172, 47.474242843], [19.062391172, 47.474234843]]]}}, {"type": "Feature", "properties": {"id": 36707, "roomCode": "L\u00c9-0-137-02-34", "roomNumber": "0.137", "roomName": "Iratt\u00e1r", "roomType": "administrative", "floorId": 5, "level": 0, "fillSource": "mvt"}, "geometry": {"type": "Polygon", "coordinates": [[[19.06234432, 47.474347218], [19.06235832, 47.474392218], [19.06232832, 47.474396218], [19.06231532, 47.474351218], [19.06234432, 47.474347218]]]}}, {"type": "Feature", "properties": {"id": 36709, "roomCode": "L\u00c9-0-138-05-71", "roomNumber": "F.45/B", "roomName": "Akad\u00e1lymentes WC", "roomType": "social", "floorId": 5, "level": 0, "fillSource": "mvt"}, "geometry": {"type": "Polygon", "coordinates": [[[19.062385595, 47.474348749], [19.062390595, 47.474363749], [19.062359595, 47.474368749], [19.062354595, 47.474352749], [19.062385595, 47.474348749]]]}}, {"type": "Feature", "properties": {"id": 36708, "roomCode": "L\u00c9-0-139A-05-71", "roomNumber": "F.45", "roomName": "F\u00e9rfi mosd\u00f3", "roomType": "social", "floorId": 5, "level": 0, "fillSource": "mvt"}, "geometry": {"type": "Polygon", "coordinates": [[[19.062377764, 47.474366873], [19.062385764, 47.474394873], [19.062353764, 47.474398873], [19.062345764, 47.474370873], [19.062377764, 47.474366873]]]}}, {"type": "Feature", "properties": {"id": 36711, "roomCode": "L\u00c9-0-139B-05-71", "roomNumber": "F.43", "roomName": "F\u00e9rfi WC", "roomType": "social", "floorId": 5, "level": 0, "fillSource": "mvt"}, "geometry": {"type": "Polygon", "coordinates": [[[19.062364219, 47.474387933], [19.062370219, 47.474407933], [19.062363219, 47.474408933], [19.062364219, 47.474411933], [19.062283219, 47.474422933], [19.062274219, 47.474399933], [19.062364219, 47.474387933]]]}}, {"type": "Feature", "properties": {"id": 36837, "roomCode": "L\u00c9-0-214-06-89", "roomNumber": "A2/A", "roomName": "AKNA", "roomType": "technical", "floorId": 5, "level": 0, "fillSource": "catalog-bbox"}, "geometry": {"type": "Polygon", "coordinates": [[[19.061923274243426, 47.47447865926409], [19.06196760175657, 47.47447865926409], [19.06196760175657, 47.4745140107359], [19.061923274243426, 47.4745140107359], [19.061923274243426, 47.47447865926409]]]}}, {"type": "Feature", "properties": {"id": 36852, "roomCode": "L\u00c9-0-76A-03-57", "roomNumber": "0.76A", "roomName": "\u00dcgyf\u00e9lfogad\u00f3", "roomType": "misc", "floorId": 5, "level": 0, "fillSource": "mvt"}, "geometry": {"type": "Polygon", "coordinates": [[[19.061358437, 47.474097969], [19.061391437, 47.474202969], [19.061343437, 47.474209969], [19.061311437, 47.474103969], [19.061358437, 47.474097969]]]}}, {"type": "Feature", "properties": {"id": 36830, "roomCode": "L\u00c9-0-F.K9-04-63", "roomNumber": "F.K9", "roomName": "K\u00f6zleked\u0151 Ny-i lift el\u0151tt", "roomType": "corridor", "floorId": 5, "level": 0, "fillSource": "mvt"}, "geometry": {"type": "Polygon", "coordinates": [[[19.061828848, 47.474318017], [19.061840848, 47.474356017], [19.061861848, 47.474353017], [19.061870848, 47.474382017], [19.061873848, 47.474382017], [19.061876848, 47.474391017], [19.061873848, 47.474391017], [19.061886848, 47.474424017], [19.061883848, 47.474425017], [19.061891848, 47.474453017], [19.061870848, 47.474455017], [19.061883848, 47.474496017], [19.061852848, 47.474500017], [19.061848848, 47.474488017], [19.061838848, 47.474489017], [19.061834848, 47.474477017], [19.061845848, 47.474475017], [19.061839848, 47.474458017], [19.061828848, 47.474459017], [19.061826848, 47.474449017], [19.061836848, 47.474447017], [19.061814848, 47.474373017], [19.061804848, 47.474374017], [19.061802848, 47.474364017], [19.061811848, 47.474363017], [19.061800848, 47.474324017], [19.061802848, 47.474321017], [19.061828848, 47.474318017]]]}}, {"type": "Feature", "properties": {"id": 36730, "roomCode": "L\u00c9-0-FK4-04-63", "roomNumber": "F-K4", "roomName": "Folyos\u00f3", "roomType": "corridor", "floorId": 5, "level": 0, "fillSource": "mvt"}, "geometry": {"type": "Polygon", "coordinates": [[[19.062281795, 47.474555692], [19.062282795, 47.474562692], [19.062293795, 47.474560692], [19.062296795, 47.474569692], [19.062285795, 47.474571692], [19.062316795, 47.474671692], [19.062325795, 47.474669692], [19.062329795, 47.474680692], [19.062318795, 47.474681692], [19.062324795, 47.474701692], [19.062334795, 47.474700692], [19.062337795, 47.474710692], [19.062328795, 47.474712692], [19.062333795, 47.474729692], [19.062344795, 47.474727692], [19.062347795, 47.474738692], [19.062336795, 47.474740692], [19.062341795, 47.474757692], [19.062352795, 47.474755692], [19.062356795, 47.474768692], [19.062345795, 47.474770692], [19.062349795, 47.474785692], [19.062360795, 47.474783692], [19.062363795, 47.474794692], [19.062353795, 47.474795692], [19.062357795, 47.474813692], [19.062368795, 47.474811692], [19.062372795, 47.474824692], [19.062361795, 47.474826692], [19.062364795, 47.474832692], [19.062333795, 47.474837692], [19.062330795, 47.474828692], [19.062320795, 47.474830692], [19.062317795, 47.474819692], [19.062326795, 47.474817692], [19.062313795, 47.474772692], [19.062302795, 47.474773692], [19.062300795, 47.474762692], [19.062310795, 47.474762692], [19.062297795, 47.474720692], [19.062281795, 47.474722692], [19.062275795, 47.474706692], [19.062293795, 47.474704692], [19.062279795, 47.474659692], [19.062269795, 47.474661692], [19.062266795, 47.474650692], [19.062275795, 47.474649692], [19.062270795, 47.474631692], [19.062261795, 47.474633692], [19.062258795, 47.474622692], [19.062267795, 47.474621692], [19.062250795, 47.474589692], [19.062258795, 47.474588692], [19.062249795, 47.474559692], [19.062281795, 47.474555692]]]}}, {"type": "Feature", "properties": {"id": 36831, "roomCode": "L\u00c9-0-K11-04-63", "roomNumber": "F.K11", "roomName": "Folyos\u00f3", "roomType": "corridor", "floorId": 5, "level": 0, "fillSource": "mvt"}, "geometry": {"type": "Polygon", "coordinates": [[[19.061981835, 47.474371036], [19.061988835, 47.474393036], [19.061878835, 47.474408036], [19.061872835, 47.474386036], [19.061981835, 47.474371036]]]}}, {"type": "Feature", "properties": {"id": 36713, "roomCode": "L\u00c9-0-K11/A-04-63", "roomNumber": "F-K11/A", "roomName": "Folyos\u00f3", "roomType": "corridor", "floorId": 5, "level": 0, "fillSource": "mvt"}, "geometry": {"type": "Polygon", "coordinates": [[[19.062341945, 47.474416036], [19.062348945, 47.474438036], [19.062190945, 47.474459036], [19.062184945, 47.474437036], [19.062273945, 47.474425036], [19.062341945, 47.474416036]]]}}, {"type": "Feature", "properties": {"id": 36832, "roomCode": "L\u00c9-0-K12-04-63", "roomNumber": "F.K12", "roomName": "Folyos\u00f3", "roomType": "corridor", "floorId": 5, "level": 0, "fillSource": "mvt"}, "geometry": {"type": "Polygon", "coordinates": [[[19.061958825, 47.474448905], [19.061964825, 47.474470905], [19.061855825, 47.474485905], [19.061848825, 47.474463905], [19.061958825, 47.474448905]]]}}, {"type": "Feature", "properties": {"id": 36714, "roomCode": "L\u00c9-0-K12/A-04-63", "roomNumber": "F-K12/A", "roomName": "Folyos\u00f3", "roomType": "corridor", "floorId": 5, "level": 0, "fillSource": "mvt"}, "geometry": {"type": "Polygon", "coordinates": [[[19.062318103, 47.474493174], [19.062324103, 47.474514174], [19.062167103, 47.474536174], [19.062161103, 47.474514174], [19.062318103, 47.474493174]]]}}, {"type": "Feature", "properties": {"id": 36688, "roomCode": "L\u00c9-0-K14-04-63", "roomNumber": "F-K.14", "roomName": "Folyos\u00f3", "roomType": "corridor", "floorId": 5, "level": 0, "fillSource": "mvt"}, "geometry": {"type": "Polygon", "coordinates": [[[19.061744187, 47.474331995], [19.061748187, 47.474332995], [19.061763187, 47.474383995], [19.061760187, 47.474385995], [19.061572187, 47.474408995], [19.061571187, 47.474406995], [19.061570187, 47.474409995], [19.061562187, 47.474407995], [19.061563187, 47.474410995], [19.061558187, 47.474411995], [19.061558187, 47.474413995], [19.061522187, 47.474418995], [19.061505187, 47.474364995], [19.061548187, 47.474358995], [19.061552187, 47.474361995], [19.061552187, 47.474356995], [19.061744187, 47.474331995]]]}}, {"type": "Feature", "properties": {"id": 36686, "roomCode": "L\u00c9-0-K16-04-63", "roomNumber": "F-K.17", "roomName": "Folyos\u00f3", "roomType": "corridor", "floorId": 5, "level": 0, "fillSource": "mvt"}, "geometry": {"type": "Polygon", "coordinates": [[[19.061478585, 47.474286353], [19.061511585, 47.474394353], [19.061445585, 47.474403353], [19.061413585, 47.474294353], [19.061478585, 47.474286353]]]}}, {"type": "Feature", "properties": {"id": 36682, "roomCode": "L\u00c9-0-K17-04-63", "roomNumber": "F.K17", "roomName": "Folyos\u00f3", "roomType": "corridor", "floorId": 5, "level": 0, "fillSource": "mvt"}, "geometry": {"type": "Polygon", "coordinates": [[[19.061591545, 47.473901581], [19.061599545, 47.473928581], [19.061608545, 47.473927581], [19.061613545, 47.473944581], [19.061603545, 47.473945581], [19.061613545, 47.473975581], [19.061622545, 47.473974581], [19.061627545, 47.473991581], [19.061618545, 47.473992581], [19.061632545, 47.474041581], [19.061642545, 47.474040581], [19.061647545, 47.474057581], [19.061638545, 47.474058581], [19.061642545, 47.474074581], [19.061666545, 47.474070581], [19.061682545, 47.474126581], [19.061689545, 47.474125581], [19.061722545, 47.474235581], [19.061661545, 47.474243581], [19.061654545, 47.474221581], [19.061647545, 47.474222581], [19.061642545, 47.474205581], [19.061648545, 47.474205581], [19.061627545, 47.474130581], [19.061620545, 47.474131581], [19.061615545, 47.474115581], [19.061621545, 47.474114581], [19.061600545, 47.474041581], [19.061593545, 47.474041581], [19.061589545, 47.474025581], [19.061595545, 47.474025581], [19.061593545, 47.474018581], [19.061587545, 47.474019581], [19.061582545, 47.474002581], [19.061588545, 47.474002581], [19.061566545, 47.473929581], [19.061560545, 47.473930581], [19.061555545, 47.473913581], [19.061563545, 47.473912581], [19.061561545, 47.473905581], [19.061591545, 47.473901581]]]}}, {"type": "Feature", "properties": {"id": 36681, "roomCode": "L\u00c9-0-K18-04-63", "roomNumber": "F-K.18", "roomName": "Folyos\u00f3", "roomType": "corridor", "floorId": 5, "level": 0, "fillSource": "mvt"}, "geometry": {"type": "Polygon", "coordinates": [[[19.061618004, 47.473875834], [19.061623004, 47.473893834], [19.061472004, 47.473914834], [19.061466004, 47.473895834], [19.061618004, 47.473875834]]]}}, {"type": "Feature", "properties": {"id": 36679, "roomCode": "L\u00c9-0-K18/A-04-62", "roomNumber": "F.111", "roomName": "L\u00e9pcs\u0151 el\u0151t\u00e9r", "roomType": "corridor", "floorId": 5, "level": 0, "fillSource": "mvt"}, "geometry": {"type": "Polygon", "coordinates": [[[19.061748774, 47.473900277], [19.061763774, 47.473952277], [19.061761774, 47.473955277], [19.061688774, 47.473965277], [19.061672774, 47.473911277], [19.061748774, 47.473900277]]]}}, {"type": "Feature", "properties": {"id": 36849, "roomCode": "L\u00c9-0-K19-04-61", "roomNumber": "F-K.19", "roomName": "K\u00f6zleked\u0151t\u00e9r", "roomType": "corridor", "floorId": 5, "level": 0, "fillSource": "mvt"}, "geometry": {"type": "Polygon", "coordinates": [[[19.061377858, 47.474035099], [19.061392858, 47.474087099], [19.061389858, 47.474088099], [19.061400858, 47.474126099], [19.061400858, 47.474299099], [19.061218858, 47.474091099], [19.061235858, 47.474081099], [19.061228858, 47.474077099], [19.061237858, 47.474058099], [19.061245858, 47.474058099], [19.061246858, 47.474053099], [19.061304858, 47.474046099], [19.061307858, 47.474048099], [19.061317858, 47.474047099], [19.061319858, 47.474043099], [19.061377858, 47.474035099]]]}}, {"type": "Feature", "properties": {"id": 36683, "roomCode": "L\u00c9-0-K22-04-63", "roomNumber": "F-K.22", "roomName": "Folyos\u00f3", "roomType": "corridor", "floorId": 5, "level": 0, "fillSource": "mvt"}, "geometry": {"type": "Polygon", "coordinates": [[[19.061498901, 47.474217093], [19.061503901, 47.474234093], [19.061512901, 47.474233093], [19.061518901, 47.474249093], [19.061508901, 47.474251093], [19.061514901, 47.474269093], [19.061260901, 47.474303093], [19.061250901, 47.474268093], [19.061400901, 47.474247093], [19.061395901, 47.474230093], [19.061457901, 47.474222093], [19.061458901, 47.474225093], [19.061467901, 47.474224093], [19.061467901, 47.474221093], [19.061498901, 47.474217093]]]}}, {"type": "Feature", "properties": {"id": 36731, "roomCode": "L\u00c9-0-K3/A-04-63", "roomNumber": "P-K3/A", "roomName": "Folyos\u00f3", "roomType": "corridor", "floorId": 5, "level": 0, "fillSource": "mvt"}, "geometry": {"type": "Polygon", "coordinates": [[[19.062247213, 47.474829699], [19.062251213, 47.474842699], [19.062167213, 47.474853699], [19.062163213, 47.474839699], [19.062221213, 47.474832699], [19.062247213, 47.474829699]]]}}, {"type": "Feature", "properties": {"id": 36734, "roomCode": "L\u00c9-0-K4/A-04-63", "roomNumber": "F-36 A1", "roomName": "Folyos\u00f3", "roomType": "corridor", "floorId": 5, "level": 0, "fillSource": "mvt"}, "geometry": {"type": "Polygon", "coordinates": [[[19.062268639, 47.474856999], [19.062286639, 47.474913999], [19.062255639, 47.474918999], [19.062238639, 47.474859999], [19.062268639, 47.474856999]]]}}, {"type": "Feature", "properties": {"id": 36718, "roomCode": "L\u00c9-0-K5-04-61", "roomNumber": "F-K5", "roomName": "El\u0151csarnok", "roomType": "corridor", "floorId": 5, "level": 0, "fillSource": "mvt"}, "geometry": {"type": "Polygon", "coordinates": [[[19.062379138, 47.474436503], [19.062374138, 47.474422503], [19.062405138, 47.474422503], [19.062408138, 47.474430503], [19.062456138, 47.474425503], [19.062486138, 47.474527503], [19.062439138, 47.474533503], [19.062451138, 47.474573503], [19.062420138, 47.474577503], [19.062409138, 47.474536503], [19.062390138, 47.474539503], [19.062381138, 47.474510503], [19.062377138, 47.474510503], [19.062374138, 47.474502503], [19.062379138, 47.474501503], [19.062376138, 47.474493503], [19.062372138, 47.474493503], [19.062370138, 47.474485503], [19.062373138, 47.474484503], [19.062370138, 47.474476503], [19.062367138, 47.474476503], [19.062364138, 47.474468503], [19.062368138, 47.474467503], [19.062360138, 47.474439503], [19.062379138, 47.474436503]]]}}, {"type": "Feature", "properties": {"id": 36703, "roomCode": "L\u00c9-0-K6-04-63", "roomNumber": "F-K6", "roomName": "Folyos\u00f3", "roomType": "corridor", "floorId": 5, "level": 0, "fillSource": "mvt"}, "geometry": {"type": "Polygon", "coordinates": [[[19.062432192, 47.474154784], [19.062443192, 47.474155784], [19.062446192, 47.474165784], [19.062436192, 47.474166784], [19.062441192, 47.474184784], [19.062451192, 47.474183784], [19.062455192, 47.474194784], [19.062444192, 47.474195784], [19.062458192, 47.474240784], [19.062468192, 47.474239784], [19.062471192, 47.474249784], [19.062461192, 47.474251784], [19.062466192, 47.474268784], [19.062476192, 47.474267784], [19.062480192, 47.474278784], [19.062469192, 47.474279784], [19.062483192, 47.474324784], [19.062493192, 47.474323784], [19.062496192, 47.474334784], [19.062486192, 47.474335784], [19.062513192, 47.474425784], [19.062482192, 47.474429784], [19.062474192, 47.474400784], [19.062465192, 47.474401784], [19.062461192, 47.474386784], [19.062469192, 47.474385784], [19.062455192, 47.474339784], [19.062445192, 47.474340784], [19.062443192, 47.474330784], [19.062452192, 47.474328784], [19.062438192, 47.474283784], [19.062429192, 47.474284784], [19.062425192, 47.474273784], [19.062435192, 47.474272784], [19.062430192, 47.474255784], [19.062421192, 47.474256784], [19.062417192, 47.474245784], [19.062427192, 47.474244784], [19.062413192, 47.474199784], [19.062403192, 47.474200784], [19.062400192, 47.474190784], [19.062410192, 47.474188784], [19.062404192, 47.474171784], [19.062395192, 47.474172784], [19.062392192, 47.474161784], [19.062432192, 47.474154784]]]}}, {"type": "Feature", "properties": {"id": 36704, "roomCode": "L\u00c9-0-K6/A-04-63", "roomNumber": "F-K6/A", "roomName": "Folyos\u00f3", "roomType": "corridor", "floorId": 5, "level": 0, "fillSource": "mvt"}, "geometry": {"type": "Polygon", "coordinates": [[[19.062461493, 47.474112798], [19.062465493, 47.474126798], [19.062378493, 47.474139798], [19.062373493, 47.474123798], [19.062461493, 47.474112798]]]}}, {"type": "Feature", "properties": {"id": 36650, "roomCode": "L\u00c9-0-K8-04-63", "roomNumber": "F.K.8", "roomName": "Folyos\u00f3", "roomType": "corridor", "floorId": 5, "level": 0, "fillSource": "mvt"}, "geometry": {"type": "Polygon", "coordinates": [[[19.061933222, 47.474286618], [19.061923222, 47.474252618], [19.061913222, 47.474253618], [19.061909222, 47.474239618], [19.061919222, 47.474238618], [19.061914222, 47.474223618], [19.061904222, 47.474224618], [19.061901222, 47.474214618], [19.061911222, 47.474212618], [19.061898222, 47.474166618], [19.061887222, 47.474168618], [19.061884222, 47.474157618], [19.061894222, 47.474156618], [19.061889222, 47.474138618], [19.061879222, 47.474140618], [19.061875222, 47.474129618], [19.061886222, 47.474128618], [19.061872222, 47.474082618], [19.061862222, 47.474084618], [19.061859222, 47.474073618], [19.061869222, 47.474072618], [19.061864222, 47.474054618], [19.061854222, 47.474055618], [19.061851222, 47.474045618], [19.061861222, 47.474044618], [19.061855222, 47.474026618], [19.061845222, 47.474028618], [19.061842222, 47.474017618], [19.061883222, 47.474010618], [19.061883222, 47.474012618], [19.061894222, 47.474010618], [19.061897222, 47.474021618], [19.061887222, 47.474022618], [19.061901222, 47.474068618], [19.061911222, 47.474067618], [19.061914222, 47.474078618], [19.061904222, 47.474079618], [19.061926222, 47.474152618], [19.061936222, 47.474150618], [19.061938222, 47.474161618], [19.061929222, 47.474162618], [19.061934222, 47.474178618], [19.061943222, 47.474176618], [19.061947222, 47.474188618], [19.061937222, 47.474190618], [19.061951222, 47.474237618], [19.061959222, 47.474236618], [19.061963222, 47.474250618], [19.061955222, 47.474251618], [19.061965222, 47.474282618], [19.061960222, 47.474283618], [19.061964222, 47.474283618], [19.061975222, 47.474320618], [19.061944222, 47.474324618], [19.061939222, 47.474307618], [19.061928222, 47.474308618], [19.061924222, 47.474296618], [19.061936222, 47.474294618], [19.061934222, 47.474287618], [19.061938222, 47.474287618], [19.061938222, 47.474285618], [19.061933222, 47.474286618]]]}}, {"type": "Feature", "properties": {"id": 36814, "roomCode": "L\u00c9-0-K8/A-04-63", "roomNumber": "F.K.8", "roomName": "Folyos\u00f3", "roomType": "corridor", "floorId": 5, "level": 0, "fillSource": "mvt"}, "geometry": {"type": "Polygon", "coordinates": [[[19.062037695, 47.474053839], [19.062041695, 47.474069839], [19.061954695, 47.474081839], [19.061949695, 47.474065839], [19.062037695, 47.474053839]]]}}, {"type": "Feature", "properties": {"id": 36737, "roomCode": "L\u00c9-0-L3-04-64", "roomNumber": "F-L3", "roomName": "L\u00e9pcs\u0151h\u00e1z", "roomType": "corridor", "floorId": 5, "level": 0, "fillSource": "mvt"}, "geometry": {"type": "Polygon", "coordinates": [[[19.062248403, 47.474788611], [19.062254403, 47.474812611], [19.062177403, 47.474822611], [19.062170403, 47.474799611], [19.062248403, 47.474788611]]]}}, {"type": "Feature", "properties": {"id": 36738, "roomCode": "L\u00c9-0-L4-04-64", "roomNumber": "F-L4", "roomName": "L\u00e9pcs\u0151h\u00e1z", "roomType": "corridor", "floorId": 5, "level": 0, "fillSource": "mvt"}, "geometry": {"type": "Polygon", "coordinates": [[[19.06226211, 47.474704726], [19.06226511, 47.474704726], [19.06226811, 47.474723726], [19.06219711, 47.474731726], [19.06218211, 47.474683726], [19.06225211, 47.474671726], [19.06226211, 47.474704726]]]}}, {"type": "Feature", "properties": {"id": 36705, "roomCode": "L\u00c9-0-L5-04-64", "roomNumber": "F.L5", "roomName": "L\u00e9pcs\u0151h\u00e1z", "roomType": "corridor", "floorId": 5, "level": 0, "fillSource": "mvt"}, "geometry": {"type": "Polygon", "coordinates": [[[19.062442042, 47.474142718], [19.062448042, 47.474165718], [19.062371042, 47.474176718], [19.062364042, 47.474153718], [19.062442042, 47.474142718]]]}}, {"type": "Feature", "properties": {"id": 36813, "roomCode": "L\u00c9-0-L6-04-64", "roomNumber": "F.L6", "roomName": "L\u00e9pcs\u0151h\u00e1z", "roomType": "corridor", "floorId": 5, "level": 0, "fillSource": "mvt"}, "geometry": {"type": "Polygon", "coordinates": [[[19.062026906, 47.47408655], [19.062033906, 47.47410955], [19.061955906, 47.47412055], [19.061948906, 47.47409755], [19.062026906, 47.47408655]]]}}, {"type": "Feature", "properties": {"id": 36840, "roomCode": "L\u00c9-0-L7-04-64", "roomNumber": "F-L7", "roomName": "L\u00e9pcs\u0151h\u00e1z", "roomType": "corridor", "floorId": 5, "level": 0, "fillSource": "mvt"}, "geometry": {"type": "Polygon", "coordinates": [[[19.062266204, 47.474446235], [19.062278204, 47.474484235], [19.062188204, 47.474496235], [19.062177204, 47.474458235], [19.062266204, 47.474446235]]]}}, {"type": "Feature", "properties": {"id": 36680, "roomCode": "L\u00c9-0-L9-04-64", "roomNumber": "F-L.9", "roomName": "L\u00e9pcs\u0151h\u00e1z", "roomType": "corridor", "floorId": 5, "level": 0, "fillSource": "mvt"}, "geometry": {"type": "Polygon", "coordinates": [[[19.061729668, 47.473960401], [19.061744668, 47.474010401], [19.061686668, 47.474018401], [19.061671668, 47.473967401], [19.061729668, 47.473960401]]]}}, {"type": "Feature", "properties": {"id": 36925, "roomCode": "LK-1-100-04-62", "roomNumber": "-", "roomName": "L\u00e9pcs\u0151 \u00e9s lift el\u0151t\u00e9r", "roomType": "corridor", "floorId": 6, "level": 1, "fillSource": "mvt"}, "geometry": {"type": "Polygon", "coordinates": [[[19.061715725, 47.474711032], [19.061727725, 47.474754032], [19.061719725, 47.474756032], [19.061720725, 47.474760032], [19.061656725, 47.474769032], [19.061654725, 47.474764032], [19.061645725, 47.474766032], [19.061633725, 47.474722032], [19.061644725, 47.474721032], [19.061715725, 47.474711032]]]}}, {"type": "Feature", "properties": {"id": 37062, "roomCode": "LK-1-100/1-04-64", "roomNumber": "100/1", "roomName": "L\u00e9pcs\u0151h\u00e1z", "roomType": "corridor", "floorId": 6, "level": 1, "fillSource": "mvt"}, "geometry": {"type": "Polygon", "coordinates": [[[19.061683212, 47.47477048], [19.061702212, 47.47483048], [19.061643212, 47.47483848], [19.061625212, 47.47477748], [19.061683212, 47.47477048]]]}}, {"type": "Feature", "properties": {"id": 36913, "roomCode": "LK-1-100/10-04-63", "roomNumber": "-", "roomName": "Folyos\u00f3", "roomType": "corridor", "floorId": 6, "level": 1, "fillSource": "mvt"}, "geometry": {"type": "Polygon", "coordinates": [[[19.061395703, 47.47459636], [19.061345703, 47.47443136], [19.061375703, 47.47443136], [19.061423703, 47.47459236], [19.061395703, 47.47459636]]]}}, {"type": "Feature", "properties": {"id": 37064, "roomCode": "LK-1-100/11-04-63", "roomNumber": "-", "roomName": "Folyos\u00f3", "roomType": "corridor", "floorId": 6, "level": 1, "fillSource": "mvt"}, "geometry": {"type": "Polygon", "coordinates": [[[19.061192233, 47.474565321], [19.061099233, 47.474259321], [19.061175233, 47.474259321], [19.061262233, 47.474553321], [19.061260233, 47.474555321], [19.061193233, 47.474563321], [19.061192233, 47.474565321]]]}}, {"type": "Feature", "properties": {"id": 37065, "roomCode": "LK-1-100/12-01-20", "roomNumber": "-", "roomName": "T\u00e9rgeometriai gy\u0171jtem\u00e9ny", "roomType": "educational", "floorId": 6, "level": 1, "fillSource": "mvt"}, "geometry": {"type": "Polygon", "coordinates": [[[19.06114106, 47.47470597], [19.06115106, 47.47470997], [19.06117906, 47.47481097], [19.06110406, 47.47482297], [19.06108606, 47.47476797], [19.06109406, 47.47476797], [19.06109306, 47.47476297], [19.06108606, 47.47476597], [19.06107006, 47.47471597], [19.06114106, 47.47470597]]]}}, {"type": "Feature", "properties": {"id": 36923, "roomCode": "LK-1-100/2-04-63", "roomNumber": "-", "roomName": "Folyos\u00f3", "roomType": "corridor", "floorId": 6, "level": 1, "fillSource": "mvt"}, "geometry": {"type": "Polygon", "coordinates": [[[19.061649585, 47.474588342], [19.061660585, 47.474628342], [19.061671585, 47.474627342], [19.061675585, 47.474637342], [19.061664585, 47.474638342], [19.061670585, 47.474656342], [19.061679585, 47.474655342], [19.061683585, 47.474665342], [19.061672585, 47.474666342], [19.061678585, 47.474685342], [19.061690585, 47.474683342], [19.061692585, 47.474693342], [19.061680585, 47.474695342], [19.061683585, 47.474705342], [19.061656585, 47.474708342], [19.061653585, 47.474698342], [19.061641585, 47.474699342], [19.061639585, 47.474688342], [19.061651585, 47.474687342], [19.061645585, 47.474670342], [19.061633585, 47.474672342], [19.061631585, 47.474661342], [19.061643585, 47.474660342], [19.061637585, 47.474642342], [19.061625585, 47.474643342], [19.061623585, 47.474632342], [19.061633585, 47.474631342], [19.061629585, 47.474614342], [19.061617585, 47.474616342], [19.061615585, 47.474605342], [19.061627585, 47.474604342], [19.061623585, 47.474592342], [19.061649585, 47.474588342]]]}}, {"type": "Feature", "properties": {"id": 36924, "roomCode": "LK-1-100/2/A-04-63", "roomNumber": "-", "roomName": "Folyos\u00f3", "roomType": "corridor", "floorId": 6, "level": 1, "fillSource": "mvt"}, "geometry": {"type": "Polygon", "coordinates": [[[19.061623732, 47.474707133], [19.061639732, 47.474757133], [19.061531732, 47.474772133], [19.061516732, 47.474720133], [19.061623732, 47.474707133]]]}}, {"type": "Feature", "properties": {"id": 36949, "roomCode": "LK-1-100/3-04-63", "roomNumber": "-", "roomName": "Folyos\u00f3", "roomType": "corridor", "floorId": 6, "level": 1, "fillSource": "mvt"}, "geometry": {"type": "Polygon", "coordinates": [[[19.061464344, 47.474762579], [19.061482344, 47.474773579], [19.061485344, 47.474789579], [19.061497344, 47.474788579], [19.061500344, 47.474799579], [19.061489344, 47.474800579], [19.061495344, 47.474817579], [19.061505344, 47.474815579], [19.061509344, 47.474827579], [19.061497344, 47.474828579], [19.061503344, 47.474846579], [19.061513344, 47.474844579], [19.061517344, 47.474855579], [19.061505344, 47.474857579], [19.061511344, 47.474873579], [19.061523344, 47.474871579], [19.061525344, 47.474882579], [19.061515344, 47.474884579], [19.061519344, 47.474901579], [19.061531344, 47.474900579], [19.061533344, 47.474911579], [19.061523344, 47.474912579], [19.061528344, 47.474929579], [19.061539344, 47.474927579], [19.061543344, 47.474939579], [19.061531344, 47.474940579], [19.061536344, 47.474958579], [19.061547344, 47.474956579], [19.061551344, 47.474967579], [19.061539344, 47.474969579], [19.061544344, 47.474985579], [19.061556344, 47.474984579], [19.061559344, 47.474994579], [19.061547344, 47.474996579], [19.061552344, 47.475014579], [19.061564344, 47.475013579], [19.061567344, 47.475023579], [19.061556344, 47.475024579], [19.061562344, 47.475042579], [19.061572344, 47.475040579], [19.061576344, 47.475051579], [19.061564344, 47.475052579], [19.061587344, 47.475130579], [19.061599344, 47.475129579], [19.061602344, 47.475140579], [19.061591344, 47.475140579], [19.061595344, 47.475158579], [19.061607344, 47.475156579], [19.061610344, 47.475167579], [19.061599344, 47.475169579], [19.061605344, 47.475187579], [19.061615344, 47.475185579], [19.061619344, 47.475196579], [19.061607344, 47.475197579], [19.061613344, 47.475214579], [19.061625344, 47.475212579], [19.061627344, 47.475223579], [19.061615344, 47.475225579], [19.061635344, 47.475293579], [19.061610344, 47.475295579], [19.061606344, 47.475285579], [19.061594344, 47.475285579], [19.061591344, 47.475275579], [19.061603344, 47.475274579], [19.061598344, 47.475256579], [19.061586344, 47.475258579], [19.061583344, 47.475247579], [19.061594344, 47.475246579], [19.061588344, 47.475228579], [19.061578344, 47.475229579], [19.061574344, 47.475218579], [19.061586344, 47.475217579], [19.061580344, 47.475201579], [19.061570344, 47.475203579], [19.061566344, 47.475192579], [19.061578344, 47.475190579], [19.061572344, 47.475172579], [19.061560344, 47.475174579], [19.061558344, 47.475163579], [19.061570344, 47.475161579], [19.061564344, 47.475144579], [19.061552344, 47.475146579], [19.061550344, 47.475135579], [19.061562344, 47.475134579], [19.061555344, 47.475112579], [19.061543344, 47.475113579], [19.061540344, 47.475103579], [19.061551344, 47.475101579], [19.061547344, 47.475084579], [19.061535344, 47.475086579], [19.061532344, 47.475075579], [19.061543344, 47.475073579], [19.061537344, 47.475056579], [19.061527344, 47.475057579], [19.061523344, 47.475047579], [19.061535344, 47.475045579], [19.061529344, 47.475028579], [19.061517344, 47.475030579], [19.061515344, 47.475019579], [19.061527344, 47.475018579], [19.061521344, 47.475000579], [19.061509344, 47.475001579], [19.061507344, 47.474991579], [19.061517344, 47.474989579], [19.061513344, 47.474972579], [19.061501344, 47.474974579], [19.061499344, 47.474963579], [19.061509344, 47.474961579], [19.061504344, 47.474944579], [19.061493344, 47.474946579], [19.061489344, 47.474935579], [19.061501344, 47.474933579], [19.061496344, 47.474917579], [19.061485344, 47.474917579], [19.061481344, 47.474907579], [19.061493344, 47.474906579], [19.061488344, 47.474888579], [19.061476344, 47.474888579], [19.061473344, 47.474878579], [19.061485344, 47.474877579], [19.061480344, 47.474859579], [19.061468344, 47.474861579], [19.061465344, 47.474850579], [19.061476344, 47.474849579], [19.061458344, 47.474780579], [19.061449344, 47.474776579], [19.061464344, 47.474762579]]]}}, {"type": "Feature", "properties": {"id": 36953, "roomCode": "LK-1-100/5-04-63", "roomNumber": "-", "roomName": "Folyos\u00f3", "roomType": "corridor", "floorId": 6, "level": 1, "fillSource": "mvt"}, "geometry": {"type": "Polygon", "coordinates": [[[19.061749258, 47.474643504], [19.061747258, 47.474640504], [19.061787258, 47.474640504], [19.061790258, 47.474648504], [19.061779258, 47.474650504], [19.061783258, 47.474666504], [19.061795258, 47.474665504], [19.061798258, 47.474676504], [19.061787258, 47.474677504], [19.061789258, 47.474685504], [19.061762258, 47.474688504], [19.061760258, 47.474681504], [19.061748258, 47.474682504], [19.061745258, 47.474671504], [19.061757258, 47.474670504], [19.061752258, 47.474653504], [19.061740258, 47.474655504], [19.061736258, 47.474644504], [19.061749258, 47.474643504]]]}}, {"type": "Feature", "properties": {"id": 36986, "roomCode": "LK-1-100/6-04-63", "roomNumber": "-", "roomName": "Folyos\u00f3", "roomType": "corridor", "floorId": 6, "level": 1, "fillSource": "mvt"}, "geometry": {"type": "Polygon", "coordinates": [[[19.062078637, 47.474774024], [19.062081637, 47.474787024], [19.061711637, 47.474837024], [19.061707637, 47.474824024], [19.062078637, 47.474774024]]]}}, {"type": "Feature", "properties": {"id": 36919, "roomCode": "LK-1-100/7-04-63", "roomNumber": "-", "roomName": "\u00c1tj\u00e1r\u00f3", "roomType": "corridor", "floorId": 6, "level": 1, "fillSource": "mvt"}, "geometry": {"type": "Polygon", "coordinates": [[[19.061523003, 47.474693793], [19.061537003, 47.474749793], [19.061438003, 47.474761793], [19.061422003, 47.474708793], [19.061449003, 47.474704793], [19.061523003, 47.474693793]]]}}, {"type": "Feature", "properties": {"id": 36918, "roomCode": "LK-1-100/8-04-63", "roomNumber": "-", "roomName": "Folyos\u00f3", "roomType": "corridor", "floorId": 6, "level": 1, "fillSource": "mvt"}, "geometry": {"type": "Polygon", "coordinates": [[[19.061366582, 47.474658319], [19.061366582, 47.474716319], [19.061361582, 47.474716319], [19.061184582, 47.474740319], [19.061168582, 47.474688319], [19.061366582, 47.474658319]]]}}, {"type": "Feature", "properties": {"id": 36922, "roomCode": "LK-1-101-01-14", "roomNumber": "101", "roomName": "Labor", "roomType": "educational", "floorId": 6, "level": 1, "fillSource": "mvt"}, "geometry": {"type": "Polygon", "coordinates": [[[19.061629476, 47.474588284], [19.061637476, 47.474617284], [19.061570476, 47.474623284], [19.061562476, 47.474597284], [19.061629476, 47.474588284]]]}}, {"type": "Feature", "properties": {"id": 36921, "roomCode": "LK-1-102-01-14", "roomNumber": "102", "roomName": "Labor", "roomType": "educational", "floorId": 6, "level": 1, "fillSource": "mvt"}, "geometry": {"type": "Polygon", "coordinates": [[[19.061620696, 47.474617203], [19.061628696, 47.474644203], [19.061561696, 47.474653203], [19.061553696, 47.474626203], [19.061620696, 47.474617203]]]}}, {"type": "Feature", "properties": {"id": 36920, "roomCode": "LK-1-103-02-33", "roomNumber": "103", "roomName": "TTK P\u00e1ly\u00e1zati Iroda", "roomType": "administrative", "floorId": 6, "level": 1, "fillSource": "mvt"}, "geometry": {"type": "Polygon", "coordinates": [[[19.06160392, 47.474648486], [19.06162192, 47.474705486], [19.06155492, 47.474714486], [19.06153692, 47.474657486], [19.06160392, 47.474648486]]]}}, {"type": "Feature", "properties": {"id": 36926, "roomCode": "LK-1-104-01-16", "roomNumber": "104", "roomName": "Sz\u00e1m\u00edt\u00f3g\u00e9pes labor", "roomType": "educational", "floorId": 6, "level": 1, "fillSource": "mvt"}, "geometry": {"type": "Polygon", "coordinates": [[[19.061571156, 47.474758914], [19.061587156, 47.474815914], [19.061523156, 47.474824914], [19.061503156, 47.474767914], [19.061571156, 47.474758914]]]}}, {"type": "Feature", "properties": {"id": 36928, "roomCode": "LK-1-105-01-14", "roomNumber": "105", "roomName": "Labor", "roomType": "educational", "floorId": 6, "level": 1, "fillSource": "mvt"}, "geometry": {"type": "Polygon", "coordinates": [[[19.061561881, 47.474813894], [19.061569881, 47.474840894], [19.061502881, 47.474849894], [19.061494881, 47.474822894], [19.061561881, 47.474813894]]]}}, {"type": "Feature", "properties": {"id": 36929, "roomCode": "LK-1-106-01-14", "roomNumber": "106", "roomName": "Labor", "roomType": "educational", "floorId": 6, "level": 1, "fillSource": "mvt"}, "geometry": {"type": "Polygon", "coordinates": [[[19.061553584, 47.474842237], [19.061561584, 47.474868237], [19.061494584, 47.474877237], [19.061486584, 47.474851237], [19.061553584, 47.474842237]]]}}, {"type": "Feature", "properties": {"id": 36931, "roomCode": "LK-1-107-01-14", "roomNumber": "107", "roomName": "Labor", "roomType": "educational", "floorId": 6, "level": 1, "fillSource": "mvt"}, "geometry": {"type": "Polygon", "coordinates": [[[19.061538086, 47.474873077], [19.061555086, 47.474927077], [19.061486086, 47.474935077], [19.061470086, 47.474882077], [19.061538086, 47.474873077]]]}}, {"type": "Feature", "properties": {"id": 36937, "roomCode": "LK-1-108-01-14", "roomNumber": "108", "roomName": "Hallgat\u00f3i m\u0171szeres XRF labor", "roomType": "educational", "floorId": 6, "level": 1, "fillSource": "mvt"}, "geometry": {"type": "Polygon", "coordinates": [[[19.061527035, 47.474931028], [19.061535035, 47.474957028], [19.061468035, 47.474966028], [19.061460035, 47.474940028], [19.061527035, 47.474931028]]]}}, {"type": "Feature", "properties": {"id": 36938, "roomCode": "LK-1-109-01-14", "roomNumber": "109", "roomName": "Labor", "roomType": "educational", "floorId": 6, "level": 1, "fillSource": "mvt"}, "geometry": {"type": "Polygon", "coordinates": [[[19.061518768, 47.474958742], [19.061526768, 47.474984742], [19.061459768, 47.474993742], [19.061451768, 47.474967742], [19.061518768, 47.474958742]]]}}, {"type": "Feature", "properties": {"id": 36936, "roomCode": "LK-1-110-01-14", "roomNumber": "110", "roomName": "Hallgat\u00f3i labor", "roomType": "educational", "floorId": 6, "level": 1, "fillSource": "mvt"}, "geometry": {"type": "Polygon", "coordinates": [[[19.061503886, 47.474988985], [19.061519886, 47.475043985], [19.061450886, 47.475052985], [19.061434886, 47.474997985], [19.061503886, 47.474988985]]]}}, {"type": "Feature", "properties": {"id": 36940, "roomCode": "LK-1-111-01-14", "roomNumber": "111", "roomName": "Spektrok\u00e9miai m\u00e9r\u0151szoba/hallgat\u00f3i labor", "roomType": "educational", "floorId": 6, "level": 1, "fillSource": "mvt"}, "geometry": {"type": "Polygon", "coordinates": [[[19.061493479, 47.475048054], [19.061519479, 47.475131054], [19.061450479, 47.475140054], [19.061434479, 47.475086054], [19.061445479, 47.475082054], [19.061433479, 47.475084054], [19.061425479, 47.475057054], [19.061493479, 47.475048054]]]}}, {"type": "Feature", "properties": {"id": 36946, "roomCode": "LK-1-114-01-14", "roomNumber": "114", "roomName": "Labor", "roomType": "educational", "floorId": 6, "level": 1, "fillSource": "mvt"}, "geometry": {"type": "Polygon", "coordinates": [[[19.06146975, 47.475126215], [19.06149375, 47.475209215], [19.06142575, 47.475218215], [19.06141775, 47.475192215], [19.06142575, 47.475188215], [19.06141775, 47.475189215], [19.06140175, 47.475135215], [19.06140975, 47.475134215], [19.06146975, 47.475126215]]]}}, {"type": "Feature", "properties": {"id": 36948, "roomCode": "LK-1-115-01-12", "roomNumber": "115", "roomName": "Szemin\u00e1riumi terem", "roomType": "educational", "floorId": 6, "level": 1, "fillSource": "mvt"}, "geometry": {"type": "Polygon", "coordinates": [[[19.061539518, 47.47526345], [19.061565518, 47.47534745], [19.061484518, 47.47535845], [19.061463518, 47.47534145], [19.061539518, 47.47526345]]]}}, {"type": "Feature", "properties": {"id": 36947, "roomCode": "LK-1-116-01-14", "roomNumber": "116", "roomName": "Labor", "roomType": "educational", "floorId": 6, "level": 1, "fillSource": "mvt"}, "geometry": {"type": "Polygon", "coordinates": [[[19.061556682, 47.475230406], [19.061572682, 47.475283406], [19.061505682, 47.475293406], [19.061489682, 47.475239406], [19.061556682, 47.475230406]]]}}, {"type": "Feature", "properties": {"id": 36945, "roomCode": "LK-1-117-01-14", "roomNumber": "117", "roomName": "Labor", "roomType": "educational", "floorId": 6, "level": 1, "fillSource": "mvt"}, "geometry": {"type": "Polygon", "coordinates": [[[19.0615724, 47.475200202], [19.0615804, 47.475225202], [19.0615134, 47.475234202], [19.0615054, 47.475207202], [19.0615724, 47.475200202]]]}}, {"type": "Feature", "properties": {"id": 36944, "roomCode": "LK-1-118-01-14", "roomNumber": "118", "roomName": "Labor", "roomType": "educational", "floorId": 6, "level": 1, "fillSource": "mvt"}, "geometry": {"type": "Polygon", "coordinates": [[[19.061580683, 47.475171937], [19.061588683, 47.475196937], [19.061521683, 47.475206937], [19.061513683, 47.475179937], [19.061580683, 47.475171937]]]}}, {"type": "Feature", "properties": {"id": 36943, "roomCode": "LK-1-119-01-14", "roomNumber": "119", "roomName": "Labor", "roomType": "educational", "floorId": 6, "level": 1, "fillSource": "mvt"}, "geometry": {"type": "Polygon", "coordinates": [[[19.061588926, 47.475122366], [19.061604926, 47.475175366], [19.061537926, 47.475185366], [19.061519926, 47.475130366], [19.061577926, 47.475123366], [19.061588926, 47.475122366]]]}}, {"type": "Feature", "properties": {"id": 36942, "roomCode": "LK-1-120-01-14", "roomNumber": "120", "roomName": "Labor", "roomType": "educational", "floorId": 6, "level": 1, "fillSource": "mvt"}, "geometry": {"type": "Polygon", "coordinates": [[[19.06160602, 47.475086806], [19.06161402, 47.475112806], [19.06154702, 47.475122806], [19.06153902, 47.475095806], [19.06160602, 47.475086806]]]}}, {"type": "Feature", "properties": {"id": 36941, "roomCode": "LK-1-121-01-14", "roomNumber": "121", "roomName": "Labor", "roomType": "educational", "floorId": 6, "level": 1, "fillSource": "mvt"}, "geometry": {"type": "Polygon", "coordinates": [[[19.061614318, 47.475058428], [19.061622318, 47.475085428], [19.061555318, 47.475095428], [19.061547318, 47.475067428], [19.061614318, 47.475058428]]]}}, {"type": "Feature", "properties": {"id": 36939, "roomCode": "LK-1-122-01-14", "roomNumber": "122", "roomName": "Labor", "roomType": "educational", "floorId": 6, "level": 1, "fillSource": "mvt"}, "geometry": {"type": "Polygon", "coordinates": [[[19.061623018, 47.475030411], [19.061631018, 47.475057411], [19.061563018, 47.475066411], [19.061556018, 47.475039411], [19.061623018, 47.475030411]]]}}, {"type": "Feature", "properties": {"id": 36935, "roomCode": "LK-1-123-01-14", "roomNumber": "123", "roomName": "Labor", "roomType": "educational", "floorId": 6, "level": 1, "fillSource": "mvt"}, "geometry": {"type": "Polygon", "coordinates": [[[19.061631101, 47.47500266], [19.061639101, 47.47502866], [19.061572101, 47.47503866], [19.061564101, 47.47501166], [19.061631101, 47.47500266]]]}}, {"type": "Feature", "properties": {"id": 36950, "roomCode": "LK-1-124-05-71", "roomNumber": "124", "roomName": "N\u0151i WC", "roomType": "social", "floorId": 6, "level": 1, "fillSource": "mvt"}, "geometry": {"type": "Polygon", "coordinates": [[[19.061616229, 47.474970475], [19.061624229, 47.474997475], [19.061590229, 47.475002475], [19.061587229, 47.474995475], [19.061602229, 47.474991475], [19.061586229, 47.474994475], [19.061585229, 47.474986475], [19.061599229, 47.474984475], [19.061575229, 47.474986475], [19.061571229, 47.474977475], [19.061616229, 47.474970475]]]}}, {"type": "Feature", "properties": {"id": 36934, "roomCode": "LK-1-125-01-14", "roomNumber": "125", "roomName": "Labor", "roomType": "educational", "floorId": 6, "level": 1, "fillSource": "mvt"}, "geometry": {"type": "Polygon", "coordinates": [[[19.061639299, 47.474942664], [19.061656299, 47.474997664], [19.061649299, 47.474998664], [19.061650299, 47.475002664], [19.061625299, 47.475001664], [19.061609299, 47.474946664], [19.061639299, 47.474942664]]]}}, {"type": "Feature", "properties": {"id": 36951, "roomCode": "LK-1-125-05-71", "roomNumber": "125", "roomName": "F\u00e9rfi WC", "roomType": "social", "floorId": 6, "level": 1, "fillSource": "mvt"}, "geometry": {"type": "Polygon", "coordinates": [[[19.061626115, 47.474941732], [19.061633115, 47.474969732], [19.061588115, 47.474974732], [19.061587115, 47.474965732], [19.061609115, 47.474962732], [19.061595115, 47.474963732], [19.061592115, 47.474955732], [19.061609115, 47.474952732], [19.061594115, 47.474954732], [19.061591115, 47.474947732], [19.061626115, 47.474941732]]]}}, {"type": "Feature", "properties": {"id": 36933, "roomCode": "LK-1-126-01-14", "roomNumber": "126", "roomName": "Labor", "roomType": "educational", "floorId": 6, "level": 1, "fillSource": "mvt"}, "geometry": {"type": "Polygon", "coordinates": [[[19.061658042, 47.474913993], [19.061665042, 47.474940993], [19.061598042, 47.474949993], [19.061591042, 47.474922993], [19.061658042, 47.474913993]]]}}, {"type": "Feature", "properties": {"id": 36932, "roomCode": "LK-1-127-01-14", "roomNumber": "127", "roomName": "Labor", "roomType": "educational", "floorId": 6, "level": 1, "fillSource": "mvt"}, "geometry": {"type": "Polygon", "coordinates": [[[19.061665842, 47.47488682], [19.061673842, 47.47491282], [19.061606842, 47.47492182], [19.061598842, 47.47489482], [19.061665842, 47.47488682]]]}}, {"type": "Feature", "properties": {"id": 36930, "roomCode": "LK-1-128-01-14", "roomNumber": "128", "roomName": "Labor", "roomType": "educational", "floorId": 6, "level": 1, "fillSource": "mvt"}, "geometry": {"type": "Polygon", "coordinates": [[[19.061674248, 47.474859058], [19.061682248, 47.474884058], [19.061615248, 47.474893058], [19.061607248, 47.474867058], [19.061674248, 47.474859058]]]}}, {"type": "Feature", "properties": {"id": 36927, "roomCode": "LK-1-129-01-14", "roomNumber": "129", "roomName": "Labor", "roomType": "educational", "floorId": 6, "level": 1, "fillSource": "mvt"}, "geometry": {"type": "Polygon", "coordinates": [[[19.061682603, 47.474831196], [19.061690603, 47.474857196], [19.061623603, 47.474865196], [19.061615603, 47.474839196], [19.061682603, 47.474831196]]]}}, {"type": "Feature", "properties": {"id": 37058, "roomCode": "LK-1-130-05-71", "roomNumber": "-", "roomName": "F\u00e9rfi mosd\u00f3", "roomType": "social", "floorId": 6, "level": 1, "fillSource": "mvt"}, "geometry": {"type": "Polygon", "coordinates": [[[19.061682739, 47.474659946], [19.061694739, 47.474666946], [19.061698739, 47.474676946], [19.061678739, 47.474679946], [19.061673739, 47.474661946], [19.061682739, 47.474659946]]]}}, {"type": "Feature", "properties": {"id": 37059, "roomCode": "LK-1-130/A-05-71", "roomNumber": "-", "roomName": "F\u00e9rfi WC", "roomType": "social", "floorId": 6, "level": 1, "fillSource": "mvt"}, "geometry": {"type": "Polygon", "coordinates": [[[19.06173471, 47.474662775], [19.06174271, 47.474693775], [19.06170571, 47.474698775], [19.06170371, 47.474687775], [19.06168971, 47.474680775], [19.06167771, 47.474681775], [19.06167571, 47.474670775], [19.06173471, 47.474662775]]]}}, {"type": "Feature", "properties": {"id": 37061, "roomCode": "LK-1-131-05-71", "roomNumber": "-", "roomName": "N\u0151i mosd\u00f3", "roomType": "social", "floorId": 6, "level": 1, "fillSource": "mvt"}, "geometry": {"type": "Polygon", "coordinates": [[[19.061697656, 47.474633069], [19.061705656, 47.474659069], [19.061685656, 47.474662069], [19.061677656, 47.474635069], [19.061697656, 47.474633069]]]}}, {"type": "Feature", "properties": {"id": 37060, "roomCode": "LK-1-131/A-05-71", "roomNumber": "-", "roomName": "N\u0151i WC", "roomType": "social", "floorId": 6, "level": 1, "fillSource": "mvt"}, "geometry": {"type": "Polygon", "coordinates": [[[19.061735154, 47.474635019], [19.061743154, 47.474664019], [19.061705154, 47.474668019], [19.061697154, 47.474641019], [19.061735154, 47.474635019]]]}}, {"type": "Feature", "properties": {"id": 36952, "roomCode": "LK-1-132-01-12", "roomNumber": "132", "roomName": "Szemin\u00e1riumi terem", "roomType": "educational", "floorId": 6, "level": 1, "fillSource": "mvt"}, "geometry": {"type": "Polygon", "coordinates": [[[19.061793744, 47.474790453], [19.061814744, 47.474848453], [19.061753744, 47.474857453], [19.061734744, 47.474798453], [19.061793744, 47.474790453]]]}}, {"type": "Feature", "properties": {"id": 36954, "roomCode": "LK-1-133-05-77", "roomNumber": "133", "roomName": "Teakonyha", "roomType": "social", "floorId": 6, "level": 1, "fillSource": "mvt"}, "geometry": {"type": "Polygon", "coordinates": [[[19.061823285, 47.474730726], [19.061828285, 47.474745726], [19.061754285, 47.474756726], [19.061748285, 47.474740726], [19.061823285, 47.474730726]]]}}, {"type": "Feature", "properties": {"id": 36955, "roomCode": "LK-1-134-01-14", "roomNumber": "134", "roomName": "Labor", "roomType": "educational", "floorId": 6, "level": 1, "fillSource": "mvt"}, "geometry": {"type": "Polygon", "coordinates": [[[19.061824806, 47.474648654], [19.061840806, 47.474700654], [19.061832806, 47.474704654], [19.061840806, 47.474703654], [19.061848806, 47.474728654], [19.061781806, 47.474737654], [19.061756806, 47.474655654], [19.061824806, 47.474648654]]]}}, {"type": "Feature", "properties": {"id": 36956, "roomCode": "LK-1-136-01-15", "roomNumber": "136", "roomName": "El\u0151k\u00e9sz\u00edt\u0151", "roomType": "educational", "floorId": 6, "level": 1, "fillSource": "mvt"}, "geometry": {"type": "Polygon", "coordinates": [[[19.061859378, 47.474620991], [19.061867378, 47.474646991], [19.061800378, 47.474655991], [19.061792378, 47.474629991], [19.061859378, 47.474620991]]]}}, {"type": "Feature", "properties": {"id": 36958, "roomCode": "LK-1-137-01-14", "roomNumber": "137", "roomName": "Labor", "roomType": "educational", "floorId": 6, "level": 1, "fillSource": "mvt"}, "geometry": {"type": "Polygon", "coordinates": [[[19.061834284, 47.47458389], [19.061821284, 47.47454089], [19.061891284, 47.47454089], [19.061902284, 47.47457489], [19.061834284, 47.47458389]]]}}, {"type": "Feature", "properties": {"id": 36959, "roomCode": "LK-1-139-01-14", "roomNumber": "139", "roomName": "Labor", "roomType": "educational", "floorId": 6, "level": 1, "fillSource": "mvt"}, "geometry": {"type": "Polygon", "coordinates": [[[19.06177191, 47.474492637], [19.06177991, 47.474518637], [19.06171191, 47.474527637], [19.06170391, 47.474501637], [19.06177191, 47.474492637]]]}}, {"type": "Feature", "properties": {"id": 36957, "roomCode": "LK-1-140-01-14", "roomNumber": "140", "roomName": "Labor", "roomType": "educational", "floorId": 6, "level": 1, "fillSource": "mvt"}, "geometry": {"type": "Polygon", "coordinates": [[[19.061711339, 47.474570223], [19.061709339, 47.474567223], [19.061779339, 47.474567223], [19.061787339, 47.474590223], [19.061719339, 47.474599223], [19.061711339, 47.474573223], [19.061719339, 47.474572223], [19.061719339, 47.474569223], [19.061711339, 47.474570223]]]}}, {"type": "Feature", "properties": {"id": 36961, "roomCode": "LK-1-141-01-13", "roomNumber": "141", "roomName": "Oktat\u00f3i szoba", "roomType": "educational", "floorId": 6, "level": 1, "fillSource": "mvt"}, "geometry": {"type": "Polygon", "coordinates": [[[19.061831504, 47.474791216], [19.061847504, 47.474845216], [19.061834504, 47.474847216], [19.061835504, 47.474852216], [19.061813504, 47.474850216], [19.061797504, 47.474798216], [19.061831504, 47.474791216]]]}}, {"type": "Feature", "properties": {"id": 36964, "roomCode": "LK-1-142-06-84", "roomNumber": "142", "roomName": "\u00dcvegrakt\u00e1r", "roomType": "technical", "floorId": 6, "level": 1, "fillSource": "catalog-bbox"}, "geometry": {"type": "Polygon", "coordinates": [[[19.061837446030523, 47.474799201811464], [19.061887107969472, 47.474799201811464], [19.061887107969472, 47.47486048218854], [19.061837446030523, 47.47486048218854], [19.061837446030523, 47.474799201811464]]]}}, {"type": "Feature", "properties": {"id": 36965, "roomCode": "LK-1-143-01-13", "roomNumber": "143", "roomName": "Oktat\u00f3i szoba", "roomType": "educational", "floorId": 6, "level": 1, "fillSource": "mvt"}, "geometry": {"type": "Polygon", "coordinates": [[[19.061902149, 47.474802762], [19.061917149, 47.474852762], [19.061903149, 47.474854762], [19.061906149, 47.474862762], [19.061883149, 47.474860762], [19.061868149, 47.474809762], [19.061902149, 47.474802762]]]}}, {"type": "Feature", "properties": {"id": 36968, "roomCode": "LK-1-144-02-33", "roomNumber": "144*", "roomName": "Oktat\u00f3i szoba", "roomType": "administrative", "floorId": 6, "level": 1, "fillSource": "mvt"}, "geometry": {"type": "Polygon", "coordinates": [[[19.061938258, 47.474811995], [19.061953258, 47.474863995], [19.061948258, 47.474868995], [19.061919258, 47.474867995], [19.061903258, 47.474813995], [19.061938258, 47.474811995]]]}}, {"type": "Feature", "properties": {"id": 36969, "roomCode": "LK-1-145-02-33", "roomNumber": "145", "roomName": "Oktat\u00f3i szoba", "roomType": "administrative", "floorId": 6, "level": 1, "fillSource": "mvt"}, "geometry": {"type": "Polygon", "coordinates": [[[19.061971943, 47.474810768], [19.061988943, 47.474864768], [19.061975943, 47.474865768], [19.061976943, 47.474871768], [19.061953943, 47.474868768], [19.061941943, 47.474817768], [19.061971943, 47.474810768]]]}}, {"type": "Feature", "properties": {"id": 36971, "roomCode": "LK-1-146-02-33", "roomNumber": "146", "roomName": "Oktat\u00f3i szoba", "roomType": "administrative", "floorId": 6, "level": 1, "fillSource": "mvt"}, "geometry": {"type": "Polygon", "coordinates": [[[19.062008394, 47.474820882], [19.062024394, 47.474872882], [19.062019394, 47.474878882], [19.061990394, 47.474877882], [19.061973394, 47.474823882], [19.062008394, 47.474820882]]]}}, {"type": "Feature", "properties": {"id": 36973, "roomCode": "LK-1-147-02-33", "roomNumber": "147", "roomName": "Oktat\u00f3i szoba", "roomType": "administrative", "floorId": 6, "level": 1, "fillSource": "mvt"}, "geometry": {"type": "Polygon", "coordinates": [[[19.062043116, 47.47482015], [19.062059116, 47.47487415], [19.062045116, 47.47487615], [19.062048116, 47.47488115], [19.062025116, 47.47487915], [19.062013116, 47.47482715], [19.062043116, 47.47482015]]]}}, {"type": "Feature", "properties": {"id": 36975, "roomCode": "LK-1-148-02-33", "roomNumber": "148", "roomName": "Oktat\u00f3i szoba", "roomType": "administrative", "floorId": 6, "level": 1, "fillSource": "mvt"}, "geometry": {"type": "Polygon", "coordinates": [[[19.062084192, 47.474829755], [19.062100192, 47.474884755], [19.062092192, 47.474887755], [19.062060192, 47.474886755], [19.062044192, 47.474832755], [19.062084192, 47.474829755]]]}}, {"type": "Feature", "properties": {"id": 36976, "roomCode": "LK-1-149-02-33", "roomNumber": "149", "roomName": "Oktat\u00f3i szoba", "roomType": "administrative", "floorId": 6, "level": 1, "fillSource": "mvt"}, "geometry": {"type": "Polygon", "coordinates": [[[19.06209665, 47.474778185], [19.06209865, 47.474783185], [19.06211165, 47.474781185], [19.06212265, 47.474817185], [19.06208365, 47.474822185], [19.06207165, 47.474781185], [19.06209665, 47.474778185]]]}}, {"type": "Feature", "properties": {"id": 36974, "roomCode": "LK-1-150-02-33", "roomNumber": "150", "roomName": "Oktat\u00f3i szoba", "roomType": "administrative", "floorId": 6, "level": 1, "fillSource": "mvt"}, "geometry": {"type": "Polygon", "coordinates": [[[19.062048307, 47.474771815], [19.062076307, 47.474772815], [19.062087307, 47.474808815], [19.062056307, 47.474813815], [19.062042307, 47.474777815], [19.062048307, 47.474771815]]]}}, {"type": "Feature", "properties": {"id": 36972, "roomCode": "LK-1-151-02-33", "roomNumber": "151", "roomName": "Oktat\u00f3i szoba", "roomType": "administrative", "floorId": 6, "level": 1, "fillSource": "mvt"}, "geometry": {"type": "Polygon", "coordinates": [[[19.062018554, 47.47476828], [19.062041554, 47.47476928], [19.062048554, 47.47480628], [19.062018554, 47.47481028], [19.062006554, 47.47477428], [19.062020554, 47.47477228], [19.062018554, 47.47476828]]]}}, {"type": "Feature", "properties": {"id": 36970, "roomCode": "LK-1-152-02-33", "roomNumber": "152", "roomName": "Oktat\u00f3i szoba", "roomType": "administrative", "floorId": 6, "level": 1, "fillSource": "mvt"}, "geometry": {"type": "Polygon", "coordinates": [[[19.061977739, 47.474762293], [19.062005739, 47.474763293], [19.062017739, 47.474799293], [19.061986739, 47.474804293], [19.061973739, 47.474767293], [19.061977739, 47.474762293]]]}}, {"type": "Feature", "properties": {"id": 36967, "roomCode": "LK-1-153-02-33", "roomNumber": "153", "roomName": "Oktat\u00f3i szoba", "roomType": "administrative", "floorId": 6, "level": 1, "fillSource": "mvt"}, "geometry": {"type": "Polygon", "coordinates": [[[19.061947515, 47.47475781], [19.061969515, 47.47475981], [19.061978515, 47.47479681], [19.061947515, 47.47480081], [19.061936515, 47.47476481], [19.061950515, 47.47476281], [19.061947515, 47.47475781]]]}}, {"type": "Feature", "properties": {"id": 36966, "roomCode": "LK-1-154-02-33", "roomNumber": "154", "roomName": "Oktat\u00f3i szoba", "roomType": "administrative", "floorId": 6, "level": 1, "fillSource": "mvt"}, "geometry": {"type": "Polygon", "coordinates": [[[19.061908067, 47.474752351], [19.061936067, 47.474754351], [19.061947067, 47.474790351], [19.061912067, 47.474792351], [19.061903067, 47.474758351], [19.061908067, 47.474752351]]]}}, {"type": "Feature", "properties": {"id": 36963, "roomCode": "LK-1-155-02-33", "roomNumber": "155", "roomName": "Oktat\u00f3i szoba", "roomType": "administrative", "floorId": 6, "level": 1, "fillSource": "mvt"}, "geometry": {"type": "Polygon", "coordinates": [[[19.061877639, 47.474748444], [19.061900639, 47.474749444], [19.061907639, 47.474787444], [19.061877639, 47.474790444], [19.061865639, 47.474755444], [19.061879639, 47.474753444], [19.061877639, 47.474748444]]]}}, {"type": "Feature", "properties": {"id": 36962, "roomCode": "LK-1-156-01-13", "roomNumber": "156", "roomName": "Oktat\u00f3i szoba", "roomType": "educational", "floorId": 6, "level": 1, "fillSource": "mvt"}, "geometry": {"type": "Polygon", "coordinates": [[[19.061834205, 47.474741257], [19.061862205, 47.474743257], [19.061874205, 47.474779257], [19.061839205, 47.474780257], [19.061834205, 47.474741257]]]}}, {"type": "Feature", "properties": {"id": 36912, "roomCode": "LK-1-158-01-12", "roomNumber": "158", "roomName": "Szemin\u00e1rium", "roomType": "educational", "floorId": 6, "level": 1, "fillSource": "mvt"}, "geometry": {"type": "Polygon", "coordinates": [[[19.061424723, 47.474628853], [19.061432723, 47.474632853], [19.061445723, 47.474684853], [19.061367723, 47.474695853], [19.061351723, 47.474638853], [19.061424723, 47.474628853]]]}}, {"type": "Feature", "properties": {"id": 36960, "roomCode": "LK-1-158-06-94", "roomNumber": "157", "roomName": "K\u00e1belrendez\u0151", "roomType": "technical", "floorId": 6, "level": 1, "fillSource": "catalog-bbox"}, "geometry": {"type": "Polygon", "coordinates": [[[19.06179317470878, 47.474752098969155], [19.06182968929122, 47.474752098969155], [19.06182968929122, 47.47477655503086], [19.06179317470878, 47.47477655503086], [19.06179317470878, 47.474752098969155]]]}}, {"type": "Feature", "properties": {"id": 36911, "roomCode": "LK-1-159-01-12", "roomNumber": "159", "roomName": "Szemin\u00e1rium", "roomType": "educational", "floorId": 6, "level": 1, "fillSource": "mvt"}, "geometry": {"type": "Polygon", "coordinates": [[[19.061449451, 47.4745668], [19.061466451, 47.4746248], [19.061389451, 47.4746348], [19.061371451, 47.4745768], [19.061449451, 47.4745668]]]}}, {"type": "Feature", "properties": {"id": 36910, "roomCode": "LK-1-160-01-12", "roomNumber": "160", "roomName": "Szemin\u00e1rium", "roomType": "educational", "floorId": 6, "level": 1, "fillSource": "mvt"}, "geometry": {"type": "Polygon", "coordinates": [[[19.06141377, 47.474557247], [19.06137377, 47.474424247], [19.06145477, 47.474424247], [19.06146477, 47.474456247], [19.06145977, 47.474456247], [19.06145977, 47.474460247], [19.06146577, 47.474459247], [19.06148177, 47.474512247], [19.06147677, 47.474512247], [19.06147877, 47.474519247], [19.06148377, 47.474519247], [19.06149277, 47.474546247], [19.06141377, 47.474557247]]]}}, {"type": "Feature", "properties": {"id": 36917, "roomCode": "LK-1-163-05-71", "roomNumber": "1-163", "roomName": "F\u00e9rfi mosd\u00f3", "roomType": "social", "floorId": 6, "level": 1, "fillSource": "mvt"}, "geometry": {"type": "Polygon", "coordinates": [[[19.061338085, 47.474611423], [19.061344085, 47.474635423], [19.061320085, 47.474639423], [19.061314085, 47.474615423], [19.061338085, 47.474611423]]]}}, {"type": "Feature", "properties": {"id": 36916, "roomCode": "LK-1-163/A-05-71", "roomNumber": "1-163A", "roomName": "F\u00e9rfi WC", "roomType": "social", "floorId": 6, "level": 1, "fillSource": "mvt"}, "geometry": {"type": "Polygon", "coordinates": [[[19.061309334, 47.474604923], [19.061316334, 47.474628923], [19.061265334, 47.474635923], [19.061258334, 47.474611923], [19.061309334, 47.474604923]]]}}, {"type": "Feature", "properties": {"id": 36915, "roomCode": "LK-1-164-05-71", "roomNumber": "1-164", "roomName": "N\u0151i mosd\u00f3", "roomType": "social", "floorId": 6, "level": 1, "fillSource": "mvt"}, "geometry": {"type": "Polygon", "coordinates": [[[19.061327769, 47.474642794], [19.061334769, 47.474663794], [19.061304769, 47.474668794], [19.061298769, 47.474646794], [19.061327769, 47.474642794]]]}}, {"type": "Feature", "properties": {"id": 36914, "roomCode": "LK-1-164/A-05-71", "roomNumber": "164/A", "roomName": "N\u0151i WC", "roomType": "social", "floorId": 6, "level": 1, "fillSource": "mvt"}, "geometry": {"type": "Polygon", "coordinates": [[[19.061294831, 47.474636509], [19.061301831, 47.474658509], [19.061256831, 47.474664509], [19.061249831, 47.474642509], [19.061294831, 47.474636509]]]}}, {"type": "Feature", "properties": {"id": 37068, "roomCode": "LK-1-165-06-89", "roomNumber": "157", "roomName": "Szell\u0151z\u0151 g\u00e9ph\u00e1z", "roomType": "technical", "floorId": 6, "level": 1, "fillSource": "catalog-bbox"}, "geometry": {"type": "Polygon", "coordinates": [[[19.061236338419842, 47.47442403029037], [19.06138962158016, 47.47442403029037], [19.06138962158016, 47.47449702370963], [19.061236338419842, 47.47449702370963], [19.061236338419842, 47.47442403029037]]]}}, {"type": "Feature", "properties": {"id": 36909, "roomCode": "LK-1-61-02-35", "roomNumber": "1.61", "roomName": "F\u00e9nym\u00e1sol\u00f3", "roomType": "administrative", "floorId": 6, "level": 1, "fillSource": "mvt"}, "geometry": {"type": "Polygon", "coordinates": [[[19.061500866, 47.474388675], [19.061507866, 47.474412675], [19.061502866, 47.474413675], [19.061502866, 47.474415675], [19.061429866, 47.474426675], [19.061421866, 47.474399675], [19.061500866, 47.474388675]]]}}, {"type": "Feature", "properties": {"id": 37023, "roomCode": "L\u00c9-1-097A-06-84", "roomNumber": "1.97", "roomName": "Rakt\u00e1r", "roomType": "technical", "floorId": 6, "level": 1, "fillSource": "catalog-bbox"}, "geometry": {"type": "Polygon", "coordinates": [[[19.061897703488377, 47.47427457266828], [19.061986976511623, 47.47427457266828], [19.061986976511623, 47.47432126733171], [19.061897703488377, 47.47432126733171], [19.061897703488377, 47.47427457266828]]]}}, {"type": "Feature", "properties": {"id": 37024, "roomCode": "L\u00c9-1-097B-06-84", "roomNumber": "1.97", "roomName": "Rakt\u00e1r", "roomType": "technical", "floorId": 6, "level": 1, "fillSource": "catalog-bbox"}, "geometry": {"type": "Polygon", "coordinates": [[[19.061927039412957, 47.47431756634885], [19.061966888587044, 47.47431756634885], [19.061966888587044, 47.47433980165115], [19.061927039412957, 47.47433980165115], [19.061927039412957, 47.47431756634885]]]}}, {"type": "Feature", "properties": {"id": 37056, "roomCode": "L\u00c9-1-100-06-93", "roomNumber": "-", "roomName": "Takar\u00edt\u00f3szer t\u00e1rol\u00f3", "roomType": "technical", "floorId": 6, "level": 1, "fillSource": "catalog-bbox"}, "geometry": {"type": "Polygon", "coordinates": [[[19.061925875181412, 47.474397248670975], [19.061970440818584, 47.474397248670975], [19.061970440818584, 47.47442477332902], [19.061925875181412, 47.47442477332902], [19.061925875181412, 47.474397248670975]]]}}, {"type": "Feature", "properties": {"id": 37063, "roomCode": "L\u00c9-1-100/9-04-64", "roomNumber": "100/9", "roomName": "L\u00e9pcs\u0151h\u00e1z", "roomType": "corridor", "floorId": 6, "level": 1, "fillSource": "mvt"}, "geometry": {"type": "Polygon", "coordinates": [[[19.061207804, 47.47462418], [19.061201804, 47.47460318], [19.061258804, 47.47459618], [19.061276804, 47.47465418], [19.061218804, 47.47466218], [19.061207804, 47.47462418]]]}}, {"type": "Feature", "properties": {"id": 37070, "roomCode": "L\u00c9-1-100/D-04-66", "roomNumber": "-", "roomName": "Gal\u00e9ria", "roomType": "corridor", "floorId": 6, "level": 1, "fillSource": "mvt"}, "geometry": {"type": "Polygon", "coordinates": [[[19.061857403, 47.473965737], [19.061885403, 47.474059737], [19.062065403, 47.474035737], [19.062069403, 47.474054737], [19.061861403, 47.474081737], [19.061829403, 47.473970737], [19.061857403, 47.473965737]]]}}, {"type": "Feature", "properties": {"id": 37055, "roomCode": "L\u00c9-1-101-06-93", "roomNumber": "-", "roomName": "Takar\u00edt\u00f3szer t\u00e1rol\u00f3", "roomType": "technical", "floorId": 6, "level": 1, "fillSource": "catalog-bbox"}, "geometry": {"type": "Polygon", "coordinates": [[[19.06191900188988, 47.47442637991379], [19.061958490110122, 47.47442637991379], [19.061958490110122, 47.47445746008621], [19.06191900188988, 47.47445746008621], [19.06191900188988, 47.47442637991379]]]}}, {"type": "Feature", "properties": {"id": 36886, "roomCode": "L\u00c9-1-102-05-71", "roomNumber": "-", "roomName": "F\u00e9rfi mosd\u00f3", "roomType": "social", "floorId": 6, "level": 1, "fillSource": "mvt"}, "geometry": {"type": "Polygon", "coordinates": [[[19.061857024, 47.474479283], [19.061863024, 47.474500283], [19.061835024, 47.474504283], [19.061829024, 47.474482283], [19.061857024, 47.474479283]]]}}, {"type": "Feature", "properties": {"id": 36887, "roomCode": "L\u00c9-1-102/A-05-71", "roomNumber": "-", "roomName": "F\u00e9rfi WC", "roomType": "social", "floorId": 6, "level": 1, "fillSource": "mvt"}, "geometry": {"type": "Polygon", "coordinates": [[[19.061892242, 47.474483303], [19.061899242, 47.474504303], [19.061864242, 47.474509303], [19.061858242, 47.474487303], [19.061892242, 47.474483303]]]}}, {"type": "Feature", "properties": {"id": 36888, "roomCode": "L\u00c9-1-102/B-05-71", "roomNumber": "-", "roomName": "F\u00e9rfi WC", "roomType": "social", "floorId": 6, "level": 1, "fillSource": "mvt"}, "geometry": {"type": "Polygon", "coordinates": [[[19.061919125, 47.474487665], [19.061926125, 47.474509665], [19.061902125, 47.474512665], [19.061895125, 47.474490665], [19.061919125, 47.474487665]]]}}, {"type": "Feature", "properties": {"id": 37036, "roomCode": "L\u00c9-1-103-02-33", "roomNumber": "1.103", "roomName": "T\u0171zv\u00e9delmi felel\u0151s", "roomType": "administrative", "floorId": 6, "level": 1, "fillSource": "mvt"}, "geometry": {"type": "Polygon", "coordinates": [[[19.061953575, 47.474500101], [19.061957575, 47.474515101], [19.061923575, 47.474519101], [19.061918575, 47.474505101], [19.061953575, 47.474500101]]]}}, {"type": "Feature", "properties": {"id": 36999, "roomCode": "L\u00c9-1-104-02-33", "roomNumber": "1.104", "roomName": "Iroda", "roomType": "administrative", "floorId": 6, "level": 1, "fillSource": "mvt"}, "geometry": {"type": "Polygon", "coordinates": [[[19.062219619, 47.474522018], [19.062256619, 47.474521018], [19.062266619, 47.474553018], [19.062226619, 47.474558018], [19.062216619, 47.474523018], [19.062219619, 47.474522018]]]}}, {"type": "Feature", "properties": {"id": 37050, "roomCode": "L\u00c9-1-105-05-71", "roomNumber": "-", "roomName": "N\u0151i mosd\u00f3", "roomType": "social", "floorId": 6, "level": 1, "fillSource": "mvt"}, "geometry": {"type": "Polygon", "coordinates": [[[19.062336976, 47.474544886], [19.062342976, 47.474566886], [19.062316976, 47.474570886], [19.062309976, 47.474548886], [19.062336976, 47.474544886]]]}}, {"type": "Feature", "properties": {"id": 37051, "roomCode": "L\u00c9-1-105/A-05-71", "roomNumber": "-", "roomName": "N\u0151i WC", "roomType": "social", "floorId": 6, "level": 1, "fillSource": "mvt"}, "geometry": {"type": "Polygon", "coordinates": [[[19.0623076, 47.474540178], [19.0623126, 47.474562178], [19.0622766, 47.474566178], [19.0622696, 47.474544178], [19.0623076, 47.474540178]]]}}, {"type": "Feature", "properties": {"id": 36992, "roomCode": "L\u00c9-1-106-02-33", "roomNumber": "1.106", "roomName": "Iroda", "roomType": "administrative", "floorId": 6, "level": 1, "fillSource": "mvt"}, "geometry": {"type": "Polygon", "coordinates": [[[19.062313241, 47.474564976], [19.062321241, 47.474591976], [19.062242241, 47.474599976], [19.062234241, 47.474574976], [19.062313241, 47.474564976]]]}}, {"type": "Feature", "properties": {"id": 36991, "roomCode": "L\u00c9-1-107-02-33", "roomNumber": "1.107", "roomName": "Iroda", "roomType": "administrative", "floorId": 6, "level": 1, "fillSource": "mvt"}, "geometry": {"type": "Polygon", "coordinates": [[[19.062304889, 47.474591229], [19.062312889, 47.474619229], [19.062233889, 47.474629229], [19.062225889, 47.474605229], [19.062304889, 47.474591229]]]}}, {"type": "Feature", "properties": {"id": 36990, "roomCode": "L\u00c9-1-108-02-33", "roomNumber": "1.108", "roomName": "Iroda", "roomType": "administrative", "floorId": 6, "level": 1, "fillSource": "mvt"}, "geometry": {"type": "Polygon", "coordinates": [[[19.062296219, 47.47462062], [19.062305219, 47.47464762], [19.062224219, 47.47465662], [19.062218219, 47.47463162], [19.062296219, 47.47462062]]]}}, {"type": "Feature", "properties": {"id": 36989, "roomCode": "L\u00c9-1-109-02-33", "roomNumber": "1.109", "roomName": "Iroda", "roomType": "administrative", "floorId": 6, "level": 1, "fillSource": "mvt"}, "geometry": {"type": "Polygon", "coordinates": [[[19.062287031, 47.474647816], [19.062295031, 47.474674816], [19.062215031, 47.474685816], [19.062214031, 47.474660816], [19.062287031, 47.474647816]]]}}, {"type": "Feature", "properties": {"id": 36988, "roomCode": "L\u00c9-1-110-02-33", "roomNumber": "1.110", "roomName": "Iroda", "roomType": "administrative", "floorId": 6, "level": 1, "fillSource": "mvt"}, "geometry": {"type": "Polygon", "coordinates": [[[19.0622793, 47.47467748], [19.0622883, 47.47470348], [19.0622083, 47.47471148], [19.0622003, 47.47468748], [19.0622793, 47.47467748]]]}}, {"type": "Feature", "properties": {"id": 36984, "roomCode": "L\u00c9-1-111-02-33", "roomNumber": "1.111", "roomName": "Iroda", "roomType": "administrative", "floorId": 6, "level": 1, "fillSource": "mvt"}, "geometry": {"type": "Polygon", "coordinates": [[[19.062278494, 47.474704746], [19.062286494, 47.474730746], [19.062207494, 47.474741746], [19.062199494, 47.474717746], [19.062205494, 47.474716746], [19.062278494, 47.474704746]]]}}, {"type": "Feature", "properties": {"id": 36982, "roomCode": "L\u00c9-1-112-02-33", "roomNumber": "1.112", "roomName": "Iroda", "roomType": "administrative", "floorId": 6, "level": 1, "fillSource": "mvt"}, "geometry": {"type": "Polygon", "coordinates": [[[19.062262451, 47.4747337], [19.062270451, 47.4747597], [19.062191451, 47.4747677], [19.062183451, 47.4747437], [19.062262451, 47.4747337]]]}}, {"type": "Feature", "properties": {"id": 36981, "roomCode": "L\u00c9-1-113A-02-33", "roomNumber": "1.113", "roomName": "Iroda", "roomType": "administrative", "floorId": 6, "level": 1, "fillSource": "mvt"}, "geometry": {"type": "Polygon", "coordinates": [[[19.062254064, 47.47476021], [19.062262064, 47.47478621], [19.062183064, 47.47479721], [19.062176064, 47.47477321], [19.062254064, 47.47476021]]]}}, {"type": "Feature", "properties": {"id": 36977, "roomCode": "L\u00c9-1-114-02-33", "roomNumber": "1.114", "roomName": "Iroda", "roomType": "administrative", "floorId": 6, "level": 1, "fillSource": "mvt"}, "geometry": {"type": "Polygon", "coordinates": [[[19.062162894, 47.47477837], [19.062172894, 47.47481237], [19.062169894, 47.47481937], [19.062122894, 47.47482637], [19.062110894, 47.47478537], [19.062162894, 47.47477837]]]}}, {"type": "Feature", "properties": {"id": 36978, "roomCode": "L\u00c9-1-115-02-33", "roomNumber": "1.115", "roomName": "Iroda", "roomType": "administrative", "floorId": 6, "level": 1, "fillSource": "mvt"}, "geometry": {"type": "Polygon", "coordinates": [[[19.062141665, 47.474839341], [19.062163665, 47.474894341], [19.062114665, 47.474901341], [19.062094665, 47.474845341], [19.062141665, 47.474839341]]]}}, {"type": "Feature", "properties": {"id": 37069, "roomCode": "L\u00c9-1-116-04-62", "roomNumber": "1.116", "roomName": "El\u0151t\u00e9r", "roomType": "corridor", "floorId": 6, "level": 1, "fillSource": "mvt"}, "geometry": {"type": "Polygon", "coordinates": [[[19.062268191, 47.474857255], [19.062272191, 47.474871255], [19.062281191, 47.474870255], [19.062284191, 47.474881255], [19.062275191, 47.474882255], [19.062277191, 47.474889255], [19.062245191, 47.474893255], [19.062236191, 47.474860255], [19.062268191, 47.474857255]]]}}, {"type": "Feature", "properties": {"id": 36979, "roomCode": "L\u00c9-1-116A-02-34", "roomNumber": "1.116A", "roomName": "Iratt\u00e1r", "roomType": "administrative", "floorId": 6, "level": 1, "fillSource": "mvt"}, "geometry": {"type": "Polygon", "coordinates": [[[19.062236358, 47.474845785], [19.062245358, 47.474879785], [19.062158358, 47.474891785], [19.062148358, 47.474856785], [19.062236358, 47.474845785]]]}}, {"type": "Feature", "properties": {"id": 36980, "roomCode": "L\u00c9-1-116B-02-33", "roomNumber": "1.117", "roomName": "Iroda", "roomType": "administrative", "floorId": 6, "level": 1, "fillSource": "mvt"}, "geometry": {"type": "Polygon", "coordinates": [[[19.062465528, 47.474735622], [19.062532528, 47.474956622], [19.062374528, 47.474978622], [19.062363528, 47.474941622], [19.062353528, 47.474942622], [19.062350528, 47.474930622], [19.062359528, 47.474928622], [19.062346528, 47.474884622], [19.062337528, 47.474886622], [19.062332528, 47.474874622], [19.062342528, 47.474873622], [19.062330528, 47.474830622], [19.062287528, 47.474836622], [19.062265528, 47.474761622], [19.062465528, 47.474735622]]]}}, {"type": "Feature", "properties": {"id": 36983, "roomCode": "L\u00c9-1-117B-02-33", "roomNumber": "1.117", "roomName": "Iroda", "roomType": "administrative", "floorId": 6, "level": 1, "fillSource": "mvt"}, "geometry": {"type": "Polygon", "coordinates": [[[19.062214232, 47.474886627], [19.062237232, 47.474961627], [19.062149232, 47.474972627], [19.062128232, 47.474896627], [19.062214232, 47.474886627]]]}}, {"type": "Feature", "properties": {"id": 36985, "roomCode": "L\u00c9-1-119-02-33", "roomNumber": "1.119", "roomName": "Iroda", "roomType": "administrative", "floorId": 6, "level": 1, "fillSource": "mvt"}, "geometry": {"type": "Polygon", "coordinates": [[[19.062397977, 47.474722399], [19.062406977, 47.474749399], [19.062333977, 47.474759399], [19.062325977, 47.474732399], [19.062397977, 47.474722399]]]}}, {"type": "Feature", "properties": {"id": 36996, "roomCode": "L\u00c9-1-120-02-33", "roomNumber": "1.120", "roomName": "Iroda", "roomType": "administrative", "floorId": 6, "level": 1, "fillSource": "mvt"}, "geometry": {"type": "Polygon", "coordinates": [[[19.062407611, 47.474694139], [19.062415611, 47.474721139], [19.062341611, 47.474731139], [19.062333611, 47.474705139], [19.062407611, 47.474694139]]]}}, {"type": "Feature", "properties": {"id": 36995, "roomCode": "L\u00c9-1-121-02-33", "roomNumber": "1.121", "roomName": "Iroda", "roomType": "administrative", "floorId": 6, "level": 1, "fillSource": "mvt"}, "geometry": {"type": "Polygon", "coordinates": [[[19.062415856, 47.474661098], [19.062424856, 47.474694098], [19.062352856, 47.474704098], [19.062342856, 47.474671098], [19.062415856, 47.474661098]]]}}, {"type": "Feature", "properties": {"id": 36994, "roomCode": "L\u00c9-1-123-02-33", "roomNumber": "1.123", "roomName": "Iroda", "roomType": "administrative", "floorId": 6, "level": 1, "fillSource": "mvt"}, "geometry": {"type": "Polygon", "coordinates": [[[19.06242687, 47.474612801], [19.06244087, 47.474661801], [19.06236787, 47.474671801], [19.06235287, 47.474621801], [19.06242687, 47.474612801]]]}}, {"type": "Feature", "properties": {"id": 36993, "roomCode": "L\u00c9-1-124-02-33", "roomNumber": "1.124", "roomName": "Iroda", "roomType": "administrative", "floorId": 6, "level": 1, "fillSource": "mvt"}, "geometry": {"type": "Polygon", "coordinates": [[[19.062440463, 47.474582036], [19.062448463, 47.474609036], [19.062376463, 47.474619036], [19.062368463, 47.474592036], [19.062440463, 47.474582036]]]}}, {"type": "Feature", "properties": {"id": 37000, "roomCode": "L\u00c9-1-125-02-33", "roomNumber": "1.125", "roomName": "Iroda", "roomType": "administrative", "floorId": 6, "level": 1, "fillSource": "mvt"}, "geometry": {"type": "Polygon", "coordinates": [[[19.062398961, 47.474549096], [19.062394961, 47.474538096], [19.062480961, 47.474538096], [19.062487961, 47.474560096], [19.062413961, 47.474570096], [19.062407961, 47.474548096], [19.062398961, 47.474549096]]]}}, {"type": "Feature", "properties": {"id": 37001, "roomCode": "L\u00c9-1-125A-02-33", "roomNumber": "1.125A", "roomName": "Iroda", "roomType": "administrative", "floorId": 6, "level": 1, "fillSource": "mvt"}, "geometry": {"type": "Polygon", "coordinates": [[[19.06246708, 47.474469544], [19.06248308, 47.474520544], [19.06240008, 47.474531544], [19.06238508, 47.474480544], [19.06246708, 47.474469544]]]}}, {"type": "Feature", "properties": {"id": 37002, "roomCode": "L\u00c9-1-126-02-33", "roomNumber": "1.126", "roomName": "Iroda", "roomType": "administrative", "floorId": 6, "level": 1, "fillSource": "mvt"}, "geometry": {"type": "Polygon", "coordinates": [[[19.062483568, 47.474440132], [19.062491568, 47.474467132], [19.062418568, 47.474477132], [19.062410568, 47.474450132], [19.062483568, 47.474440132]]]}}, {"type": "Feature", "properties": {"id": 37003, "roomCode": "L\u00c9-1-127-02-33", "roomNumber": "1.127", "roomName": "TTK D\u00e9k\u00e1ni Tikt\u00e1rs\u00e1g", "roomType": "administrative", "floorId": 6, "level": 1, "fillSource": "mvt"}, "geometry": {"type": "Polygon", "coordinates": [[[19.062491551, 47.474408536], [19.062501551, 47.474439536], [19.062428551, 47.474449536], [19.062419551, 47.474418536], [19.062491551, 47.474408536]]]}}, {"type": "Feature", "properties": {"id": 37004, "roomCode": "L\u00c9-1-128-02-33", "roomNumber": "1.128", "roomName": "TTK D\u00e9k\u00e1n", "roomType": "administrative", "floorId": 6, "level": 1, "fillSource": "mvt"}, "geometry": {"type": "Polygon", "coordinates": [[[19.062520072, 47.474344499], [19.062536072, 47.474397499], [19.062463072, 47.474407499], [19.062461072, 47.474402499], [19.062451072, 47.474403499], [19.062447072, 47.474388499], [19.062457072, 47.474387499], [19.062447072, 47.474354499], [19.062520072, 47.474344499]]]}}, {"type": "Feature", "properties": {"id": 37007, "roomCode": "L\u00c9-1-129-01-17", "roomNumber": "1.129", "roomName": "D\u00e9k\u00e1ni t\u00e1rgyal\u00f3", "roomType": "educational", "floorId": 6, "level": 1, "fillSource": "mvt"}, "geometry": {"type": "Polygon", "coordinates": [[[19.062520211, 47.474249449], [19.062554211, 47.474361449], [19.062481211, 47.474371449], [19.062447211, 47.474259449], [19.062520211, 47.474249449]]]}}, {"type": "Feature", "properties": {"id": 37011, "roomCode": "L\u00c9-1-131-02-34", "roomNumber": "1.131", "roomName": "K\u00f6nyvrakt\u00e1r", "roomType": "administrative", "floorId": 6, "level": 1, "fillSource": "mvt"}, "geometry": {"type": "Polygon", "coordinates": [[[19.062541012, 47.474050331], [19.062585012, 47.474197331], [19.062539012, 47.474203331], [19.062534012, 47.474187331], [19.062522012, 47.474188331], [19.062527012, 47.474204331], [19.062407012, 47.474221331], [19.062397012, 47.474189331], [19.062404012, 47.474188331], [19.062403012, 47.474183331], [19.062516012, 47.474168331], [19.062518012, 47.474175331], [19.062530012, 47.474174331], [19.062517012, 47.474130331], [19.062507012, 47.474131331], [19.062504012, 47.474119331], [19.062513012, 47.474118331], [19.062500012, 47.474074331], [19.062490012, 47.474076331], [19.062487012, 47.474063331], [19.062496012, 47.474062331], [19.062495012, 47.474056331], [19.062541012, 47.474050331]]]}}, {"type": "Feature", "properties": {"id": 37010, "roomCode": "L\u00c9-1-131A-04-66", "roomNumber": "1.131A", "roomName": "K\u00f6nyvt\u00e1r gal\u00e9ri\u00e1ja", "roomType": "corridor", "floorId": 6, "level": 1, "fillSource": "mvt"}, "geometry": {"type": "Polygon", "coordinates": [[[19.06256069, 47.473994263], [19.06260769, 47.474150263], [19.06261269, 47.474150263], [19.06261069, 47.474159263], [19.06260569, 47.474162263], [19.06240369, 47.474191263], [19.06239569, 47.474171263], [19.06251569, 47.474155263], [19.06252069, 47.474167263], [19.06252869, 47.474166263], [19.06252569, 47.474153263], [19.06257469, 47.474147263], [19.06253069, 47.473999263], [19.06256069, 47.473994263]]]}}, {"type": "Feature", "properties": {"id": 37009, "roomCode": "L\u00c9-1-133-03-44", "roomNumber": "1.133", "roomName": "K\u00f6zl\u00f6nyt\u00e1r", "roomType": "misc", "floorId": 6, "level": 1, "fillSource": "mvt"}, "geometry": {"type": "Polygon", "coordinates": [[[19.062431433, 47.474169024], [19.062439433, 47.474195024], [19.062366433, 47.474205024], [19.062359433, 47.474179024], [19.062431433, 47.474169024]]]}}, {"type": "Feature", "properties": {"id": 37046, "roomCode": "L\u00c9-1-134-04-62", "roomNumber": "1.134", "roomName": "El\u0151t\u00e9r", "roomType": "corridor", "floorId": 6, "level": 1, "fillSource": "mvt"}, "geometry": {"type": "Polygon", "coordinates": [[[19.062430821, 47.474202038], [19.062436821, 47.474221038], [19.062417821, 47.474223038], [19.062412821, 47.474204038], [19.062430821, 47.474202038]]]}}, {"type": "Feature", "properties": {"id": 37045, "roomCode": "L\u00c9-1-134A-05-77", "roomNumber": "1.134A", "roomName": "Teakonyha", "roomType": "social", "floorId": 6, "level": 1, "fillSource": "mvt"}, "geometry": {"type": "Polygon", "coordinates": [[[19.062410286, 47.474198689], [19.062416286, 47.474217689], [19.062393286, 47.474220689], [19.062387286, 47.474201689], [19.062410286, 47.474198689]]]}}, {"type": "Feature", "properties": {"id": 37047, "roomCode": "L\u00c9-1-134B-05-72", "roomNumber": "1.134", "roomName": "Zuhanyz\u00f3", "roomType": "social", "floorId": 6, "level": 1, "fillSource": "mvt"}, "geometry": {"type": "Polygon", "coordinates": [[[19.062424964, 47.474218354], [19.062427964, 47.474228354], [19.062384964, 47.474234354], [19.062381964, 47.474223354], [19.062424964, 47.474218354]]]}}, {"type": "Feature", "properties": {"id": 37042, "roomCode": "L\u00c9-1-135-04-62", "roomNumber": "1.135", "roomName": "El\u0151t\u00e9r", "roomType": "corridor", "floorId": 6, "level": 1, "fillSource": "mvt"}, "geometry": {"type": "Polygon", "coordinates": [[[19.062426598, 47.474230215], [19.062431598, 47.474245215], [19.062392598, 47.474250215], [19.062390598, 47.474242215], [19.062396598, 47.474241215], [19.062394598, 47.474234215], [19.062426598, 47.474230215]]]}}, {"type": "Feature", "properties": {"id": 37039, "roomCode": "L\u00c9-1-135/C-05-75", "roomNumber": "-", "roomName": "B\u00fcf\u00e9", "roomType": "social", "floorId": 6, "level": 1, "fillSource": "mvt"}, "geometry": {"type": "Polygon", "coordinates": [[[19.062360882, 47.474231314], [19.062362882, 47.474241314], [19.062370882, 47.474240314], [19.062394882, 47.474325314], [19.062388882, 47.474326314], [19.062390882, 47.474335314], [19.062350882, 47.474340314], [19.062337882, 47.474293314], [19.062345882, 47.474292314], [19.062342882, 47.474284314], [19.062334882, 47.474285314], [19.062321882, 47.474238314], [19.062325882, 47.474236314], [19.062360882, 47.474231314]]]}}, {"type": "Feature", "properties": {"id": 37040, "roomCode": "L\u00c9-1-135/D-06-84", "roomNumber": "-", "roomName": "B\u00fcf\u00e9 rakt\u00e1r", "roomType": "technical", "floorId": 6, "level": 1, "fillSource": "catalog-bbox"}, "geometry": {"type": "Polygon", "coordinates": [[[19.062354910632983, 47.47419373812339], [19.062394241367013, 47.47419373812339], [19.062394241367013, 47.47422686787662], [19.062354910632983, 47.47422686787662], [19.062354910632983, 47.47419373812339]]]}}, {"type": "Feature", "properties": {"id": 37044, "roomCode": "L\u00c9-1-135A-05-71", "roomNumber": "1.135A", "roomName": "B\u00fcf\u00e9 mosd\u00f3", "roomType": "social", "floorId": 6, "level": 1, "fillSource": "mvt"}, "geometry": {"type": "Polygon", "coordinates": [[[19.0624175, 47.47424779], [19.0624205, 47.47426079], [19.0623895, 47.47426479], [19.0623855, 47.47425179], [19.0624175, 47.47424779]]]}}, {"type": "Feature", "properties": {"id": 37043, "roomCode": "L\u00c9-1-135B-06-84", "roomNumber": "1.135B", "roomName": "B\u00fcf\u00e9 rakt\u00e1r", "roomType": "technical", "floorId": 6, "level": 1, "fillSource": "catalog-bbox"}, "geometry": {"type": "Polygon", "coordinates": [[[19.06238063554537, 47.47425997612527], [19.062427666454624, 47.47425997612527], [19.062427666454624, 47.47428609187473], [19.06238063554537, 47.47428609187473], [19.06238063554537, 47.47425997612527]]]}}, {"type": "Feature", "properties": {"id": 37041, "roomCode": "L\u00c9-1-136-06-84", "roomNumber": "1.136", "roomName": "B\u00fcf\u00e9 rakt\u00e1r", "roomType": "technical", "floorId": 6, "level": 1, "fillSource": "catalog-bbox"}, "geometry": {"type": "Polygon", "coordinates": [[[19.062361936586374, 47.47428350483136], [19.062415361413624, 47.47428350483136], [19.062415361413624, 47.474338967168634], [19.062361936586374, 47.474338967168634], [19.062361936586374, 47.47428350483136]]]}}, {"type": "Feature", "properties": {"id": 37006, "roomCode": "L\u00c9-1-137-02-34", "roomNumber": "1.137", "roomName": "Iratt\u00e1r", "roomType": "administrative", "floorId": 6, "level": 1, "fillSource": "mvt"}, "geometry": {"type": "Polygon", "coordinates": [[[19.062375849, 47.474330096], [19.062385849, 47.474364096], [19.062395849, 47.474362096], [19.062399849, 47.474375096], [19.062389849, 47.474376096], [19.062392849, 47.474386096], [19.062318849, 47.474395096], [19.062309849, 47.474366096], [19.062318849, 47.474365096], [19.062317849, 47.474361096], [19.062308849, 47.474362096], [19.062302849, 47.474340096], [19.062375849, 47.474330096]]]}}, {"type": "Feature", "properties": {"id": 37052, "roomCode": "L\u00c9-1-138-05-71", "roomNumber": "138", "roomName": "F\u00e9rfi mosd\u00f3", "roomType": "social", "floorId": 6, "level": 1, "fillSource": "mvt"}, "geometry": {"type": "Polygon", "coordinates": [[[19.06238066, 47.474398082], [19.06238666, 47.474419082], [19.06235966, 47.474426082], [19.06235266, 47.474402082], [19.06238066, 47.474398082]]]}}, {"type": "Feature", "properties": {"id": 37053, "roomCode": "L\u00c9-1-138/A-05-71", "roomNumber": "138/A", "roomName": "F\u00e9rfi WC", "roomType": "social", "floorId": 6, "level": 1, "fillSource": "mvt"}, "geometry": {"type": "Polygon", "coordinates": [[[19.062350918, 47.474392319], [19.062356918, 47.474416319], [19.062321918, 47.474420319], [19.062314918, 47.474397319], [19.062350918, 47.474392319]]]}}, {"type": "Feature", "properties": {"id": 37054, "roomCode": "L\u00c9-1-138/B-05-71", "roomNumber": "138/B", "roomName": "F\u00e9rfi WC", "roomType": "social", "floorId": 6, "level": 1, "fillSource": "mvt"}, "geometry": {"type": "Polygon", "coordinates": [[[19.062314542, 47.474389219], [19.062321542, 47.474413219], [19.062297542, 47.474414219], [19.062291542, 47.474393219], [19.062314542, 47.474389219]]]}}, {"type": "Feature", "properties": {"id": 36904, "roomCode": "L\u00c9-1-180-03-55", "roomNumber": "-", "roomName": "Technikai szoba", "roomType": "misc", "floorId": 6, "level": 1, "fillSource": "mvt"}, "geometry": {"type": "Polygon", "coordinates": [[[19.061354492, 47.474110954], [19.061375492, 47.474182954], [19.061338492, 47.474187954], [19.061318492, 47.474115954], [19.061354492, 47.474110954]]]}}, {"type": "Feature", "properties": {"id": 37008, "roomCode": "L\u00c9-1-185-04-61", "roomNumber": "-", "roomName": "Foyer", "roomType": "corridor", "floorId": 6, "level": 1, "fillSource": "mvt"}, "geometry": {"type": "Polygon", "coordinates": [[[19.062005218, 47.474077999], [19.062184218, 47.474053999], [19.062206218, 47.474053999], [19.062218218, 47.474094999], [19.062272218, 47.474085999], [19.062277218, 47.474100999], [19.062181218, 47.474113999], [19.062198218, 47.474169999], [19.062294218, 47.474156999], [19.062299218, 47.474171999], [19.062281218, 47.474173999], [19.062296218, 47.474219999], [19.062303218, 47.474216999], [19.062310218, 47.474243999], [19.062304218, 47.474244999], [19.062312218, 47.474276999], [19.062316218, 47.474275999], [19.062330218, 47.474323999], [19.062326218, 47.474323999], [19.062329218, 47.474331999], [19.062332218, 47.474330999], [19.062346218, 47.474377999], [19.062342218, 47.474377999], [19.062354218, 47.474411999], [19.062362218, 47.474410999], [19.062369218, 47.474434999], [19.062360218, 47.474436999], [19.062380218, 47.474495999], [19.062340218, 47.474500999], [19.062346218, 47.474520999], [19.062341218, 47.474525999], [19.062342218, 47.474531999], [19.062320218, 47.474536999], [19.062317218, 47.474531999], [19.062310218, 47.474531999], [19.062302218, 47.474505999], [19.062134218, 47.474528999], [19.062142218, 47.474554999], [19.062134218, 47.474555999], [19.062135218, 47.474562999], [19.062112218, 47.474561999], [19.062109218, 47.474556999], [19.062102218, 47.474554999], [19.062096218, 47.474533999], [19.062053218, 47.474537999], [19.062049218, 47.474523999], [19.062053218, 47.474522999], [19.062041218, 47.474478999], [19.062027218, 47.474480999], [19.062021218, 47.474455999], [19.062031218, 47.474454999], [19.061990218, 47.474311999], [19.061982218, 47.474286999], [19.061972218, 47.474288999], [19.061970218, 47.474285999], [19.061963218, 47.474263999], [19.061976218, 47.474262999], [19.061962218, 47.474216999], [19.061958218, 47.474217999], [19.061954218, 47.474202999], [19.061994218, 47.474196999], [19.062018218, 47.474182999], [19.061999218, 47.474175999], [19.062001218, 47.474167999], [19.061994218, 47.474159999], [19.062005218, 47.474149999], [19.061992218, 47.474146999], [19.061978218, 47.474146999], [19.061976218, 47.474141999], [19.061939218, 47.474146999], [19.061935218, 47.474131999], [19.061975218, 47.474127999], [19.061973218, 47.474119999], [19.061970218, 47.474119999], [19.061959218, 47.474084999], [19.062005218, 47.474077999]]]}}, {"type": "Feature", "properties": {"id": 36885, "roomCode": "L\u00c9-1-66-02-33", "roomNumber": "1.66", "roomName": "ELTE Szolg\u00e1ltat\u00f3 Kft.", "roomType": "administrative", "floorId": 6, "level": 1, "fillSource": "mvt"}, "geometry": {"type": "Polygon", "coordinates": [[[19.061773862, 47.474432908], [19.061775862, 47.474438908], [19.061788862, 47.474436908], [19.061791862, 47.474447908], [19.061779862, 47.474449908], [19.061790862, 47.474488908], [19.061719862, 47.474498908], [19.061717862, 47.474490908], [19.061714862, 47.474491908], [19.061699862, 47.474441908], [19.061773862, 47.474432908]]]}}, {"type": "Feature", "properties": {"id": 36903, "roomCode": "L\u00c9-1-71-01-11", "roomNumber": "1.71", "roomName": "P\u00f3cza Jen\u0151 terem", "roomType": "educational", "floorId": 6, "level": 1, "fillSource": "mvt"}, "geometry": {"type": "Polygon", "coordinates": [[[19.061622144, 47.473894336], [19.061648144, 47.473981336], [19.061513144, 47.473999336], [19.061508144, 47.473983336], [19.061513144, 47.473982336], [19.061496144, 47.473928336], [19.061492144, 47.473929336], [19.061487144, 47.473912336], [19.061622144, 47.473894336]]]}}, {"type": "Feature", "properties": {"id": 36901, "roomCode": "L\u00c9-1-75-05-71", "roomNumber": "-", "roomName": "F\u00e9rfi mosd\u00f3", "roomType": "social", "floorId": 6, "level": 1, "fillSource": "mvt"}, "geometry": {"type": "Polygon", "coordinates": [[[19.061695503, 47.474004689], [19.061705503, 47.474037689], [19.061680503, 47.474040689], [19.061678503, 47.474034689], [19.061672503, 47.474035689], [19.061669503, 47.474024689], [19.061680503, 47.474023689], [19.061675503, 47.474007689], [19.061695503, 47.474004689]]]}}, {"type": "Feature", "properties": {"id": 36902, "roomCode": "L\u00c9-1-75/A-05-71", "roomNumber": "-", "roomName": "F\u00e9rfi WC", "roomType": "social", "floorId": 6, "level": 1, "fillSource": "mvt"}, "geometry": {"type": "Polygon", "coordinates": [[[19.061734432, 47.474014333], [19.061742432, 47.474042333], [19.061699432, 47.474049333], [19.061690432, 47.474019333], [19.061734432, 47.474014333]]]}}, {"type": "Feature", "properties": {"id": 36899, "roomCode": "L\u00c9-1-76-05-71", "roomNumber": "-", "roomName": "N\u0151i mosd\u00f3", "roomType": "social", "floorId": 6, "level": 1, "fillSource": "mvt"}, "geometry": {"type": "Polygon", "coordinates": [[[19.061694469, 47.474046556], [19.061702469, 47.474071556], [19.061680469, 47.474073556], [19.061675469, 47.474058556], [19.061659469, 47.474061556], [19.061656469, 47.474052556], [19.061662469, 47.474051556], [19.061694469, 47.474046556]]]}}, {"type": "Feature", "properties": {"id": 36900, "roomCode": "L\u00c9-1-76/A-05-71", "roomNumber": "-", "roomName": "N\u0151i WC", "roomType": "social", "floorId": 6, "level": 1, "fillSource": "mvt"}, "geometry": {"type": "Polygon", "coordinates": [[[19.061725862, 47.474049315], [19.061732862, 47.474073315], [19.061695862, 47.474078315], [19.061688862, 47.474054315], [19.061725862, 47.474049315]]]}}, {"type": "Feature", "properties": {"id": 36898, "roomCode": "L\u00c9-1-77-02-33", "roomNumber": "1.77", "roomName": "TTK Tanulm\u00e1nyi Hivatal", "roomType": "administrative", "floorId": 6, "level": 1, "fillSource": "mvt"}, "geometry": {"type": "Polygon", "coordinates": [[[19.061706609, 47.474073303], [19.061710609, 47.474074303], [19.061718609, 47.474100303], [19.061640609, 47.474108303], [19.061632609, 47.474082303], [19.061706609, 47.474073303]]]}}, {"type": "Feature", "properties": {"id": 36897, "roomCode": "L\u00c9-1-77A-02-33", "roomNumber": "1.77A", "roomName": "TTK Tanulm\u00e1nyi Hivatal", "roomType": "administrative", "floorId": 6, "level": 1, "fillSource": "mvt"}, "geometry": {"type": "Polygon", "coordinates": [[[19.061706826, 47.474097186], [19.061713826, 47.474122186], [19.061711826, 47.474125186], [19.061637826, 47.474135186], [19.061629826, 47.474109186], [19.061635826, 47.474108186], [19.061706826, 47.474097186]]]}}, {"type": "Feature", "properties": {"id": 36896, "roomCode": "L\u00c9-1-78-02-33", "roomNumber": "1.78", "roomName": "TTK Tanulm\u00e1nyi Hivatal", "roomType": "administrative", "floorId": 6, "level": 1, "fillSource": "mvt"}, "geometry": {"type": "Polygon", "coordinates": [[[19.061685064, 47.47412424], [19.061695064, 47.47414824], [19.061691064, 47.47414824], [19.061693064, 47.47415124], [19.061620064, 47.47416024], [19.061612064, 47.47413424], [19.061685064, 47.47412424]]]}}, {"type": "Feature", "properties": {"id": 36895, "roomCode": "L\u00c9-1-78A-02-33", "roomNumber": "1.78A", "roomName": "TTK Tanulm\u00e1nyi Hivatal", "roomType": "administrative", "floorId": 6, "level": 1, "fillSource": "mvt"}, "geometry": {"type": "Polygon", "coordinates": [[[19.061689499, 47.474153625], [19.061696499, 47.474177625], [19.061694499, 47.474180625], [19.061621499, 47.474190625], [19.061613499, 47.474165625], [19.061619499, 47.474164625], [19.061689499, 47.474153625]]]}}, {"type": "Feature", "properties": {"id": 36894, "roomCode": "L\u00c9-1-79-02-33", "roomNumber": "1.79", "roomName": "Felv\u00e9teli Iroda", "roomType": "administrative", "floorId": 6, "level": 1, "fillSource": "mvt"}, "geometry": {"type": "Polygon", "coordinates": [[[19.061669902, 47.474185989], [19.061675902, 47.474216989], [19.061679902, 47.474216989], [19.061685902, 47.474240989], [19.061609902, 47.474249989], [19.061593902, 47.474197989], [19.061598902, 47.474196989], [19.061669902, 47.474185989]]]}}, {"type": "Feature", "properties": {"id": 36892, "roomCode": "L\u00c9-1-80-02-33", "roomNumber": "1.80", "roomName": "TTK Tanulm\u00e1nyi Hivatal", "roomType": "administrative", "floorId": 6, "level": 1, "fillSource": "mvt"}, "geometry": {"type": "Polygon", "coordinates": [[[19.061639774, 47.474234597], [19.061646774, 47.474267597], [19.061649774, 47.474267597], [19.061654774, 47.474286597], [19.061651774, 47.474286597], [19.061652774, 47.474291597], [19.061579774, 47.474299597], [19.061562774, 47.474244597], [19.061639774, 47.474234597]]]}}, {"type": "Feature", "properties": {"id": 36891, "roomCode": "L\u00c9-1-81-02-33", "roomNumber": "1.81", "roomName": "TTK Tanulm\u00e1nyi Hivatal", "roomType": "administrative", "floorId": 6, "level": 1, "fillSource": "mvt"}, "geometry": {"type": "Polygon", "coordinates": [[[19.061635672, 47.474299515], [19.061635672, 47.474303515], [19.061639672, 47.474302515], [19.061646672, 47.474324515], [19.061570672, 47.474334515], [19.061562672, 47.474309515], [19.061635672, 47.474299515]]]}}, {"type": "Feature", "properties": {"id": 36890, "roomCode": "L\u00c9-1-82-02-33", "roomNumber": "1.82", "roomName": "TTK Tanulm\u00e1nyi Hivatal", "roomType": "administrative", "floorId": 6, "level": 1, "fillSource": "mvt"}, "geometry": {"type": "Polygon", "coordinates": [[[19.061637347, 47.474323394], [19.061645347, 47.474348394], [19.061569347, 47.474359394], [19.061561347, 47.474333394], [19.061637347, 47.474323394]]]}}, {"type": "Feature", "properties": {"id": 36884, "roomCode": "L\u00c9-1-83-02-33", "roomNumber": "1.83", "roomName": "Iroda", "roomType": "administrative", "floorId": 6, "level": 1, "fillSource": "mvt"}, "geometry": {"type": "Polygon", "coordinates": [[[19.061814038, 47.474319812], [19.061831038, 47.474378812], [19.061757038, 47.474388812], [19.061741038, 47.474329812], [19.061814038, 47.474319812]]]}}, {"type": "Feature", "properties": {"id": 37027, "roomCode": "L\u00c9-1-84-02-33", "roomNumber": "1.84", "roomName": "Iroda", "roomType": "administrative", "floorId": 6, "level": 1, "fillSource": "mvt"}, "geometry": {"type": "Polygon", "coordinates": [[[19.061830784, 47.474290505], [19.061837784, 47.474315505], [19.061765784, 47.474325505], [19.061755784, 47.474300505], [19.061830784, 47.474290505]]]}}, {"type": "Feature", "properties": {"id": 37028, "roomCode": "L\u00c9-1-85-02-33", "roomNumber": "1.85", "roomName": "Iroda", "roomType": "administrative", "floorId": 6, "level": 1, "fillSource": "mvt"}, "geometry": {"type": "Polygon", "coordinates": [[[19.061838046, 47.474262702], [19.061846046, 47.474288702], [19.061772046, 47.474298702], [19.061767046, 47.474273702], [19.061838046, 47.474262702]]]}}, {"type": "Feature", "properties": {"id": 37029, "roomCode": "L\u00c9-1-86-02-33", "roomNumber": "1.86", "roomName": "Iroda", "roomType": "administrative", "floorId": 6, "level": 1, "fillSource": "mvt"}, "geometry": {"type": "Polygon", "coordinates": [[[19.061846435, 47.47420046], [19.061857435, 47.47423746], [19.061867435, 47.47423646], [19.061871435, 47.47424946], [19.061861435, 47.47425046], [19.061862435, 47.47425546], [19.061788435, 47.47426646], [19.061780435, 47.47423946], [19.061782435, 47.47423646], [19.061779435, 47.47423746], [19.061772435, 47.47421046], [19.061846435, 47.47420046]]]}}, {"type": "Feature", "properties": {"id": 37030, "roomCode": "L\u00c9-1-87-02-33", "roomNumber": "1.87", "roomName": "Iroda", "roomType": "administrative", "floorId": 6, "level": 1, "fillSource": "mvt"}, "geometry": {"type": "Polygon", "coordinates": [[[19.061864007, 47.474178722], [19.061872007, 47.474205722], [19.061799007, 47.474214722], [19.061789007, 47.474189722], [19.061864007, 47.474178722]]]}}, {"type": "Feature", "properties": {"id": 37031, "roomCode": "L\u00c9-1-88-02-33", "roomNumber": "1.88", "roomName": "Iroda", "roomType": "administrative", "floorId": 6, "level": 1, "fillSource": "mvt"}, "geometry": {"type": "Polygon", "coordinates": [[[19.061872336, 47.474150417], [19.061880336, 47.474177417], [19.061805336, 47.474187417], [19.061798336, 47.474162417], [19.061872336, 47.474150417]]]}}, {"type": "Feature", "properties": {"id": 37032, "roomCode": "L\u00c9-1-89-02-33", "roomNumber": "1.89", "roomName": "Iroda", "roomType": "administrative", "floorId": 6, "level": 1, "fillSource": "mvt"}, "geometry": {"type": "Polygon", "coordinates": [[[19.061880559, 47.474122972], [19.061889559, 47.474149972], [19.061813559, 47.474158972], [19.061806559, 47.474132972], [19.061880559, 47.474122972]]]}}, {"type": "Feature", "properties": {"id": 37033, "roomCode": "L\u00c9-1-90-02-33", "roomNumber": "1.90", "roomName": "Iroda", "roomType": "administrative", "floorId": 6, "level": 1, "fillSource": "mvt"}, "geometry": {"type": "Polygon", "coordinates": [[[19.061888722, 47.474094671], [19.061896722, 47.474121671], [19.061821722, 47.474131671], [19.061816722, 47.474105671], [19.061888722, 47.474094671]]]}}, {"type": "Feature", "properties": {"id": 37035, "roomCode": "L\u00c9-1-91-02-34", "roomNumber": "1.91", "roomName": "Iratt\u00e1r", "roomType": "administrative", "floorId": 6, "level": 1, "fillSource": "mvt"}, "geometry": {"type": "Polygon", "coordinates": [[[19.061888111, 47.473996515], [19.061907111, 47.474060515], [19.061917111, 47.474059515], [19.061922111, 47.474075515], [19.061912111, 47.474077515], [19.061916111, 47.474088515], [19.061868111, 47.474094515], [19.061841111, 47.474002515], [19.061888111, 47.473996515]]]}}, {"type": "Feature", "properties": {"id": 37026, "roomCode": "L\u00c9-1-92-02-34", "roomNumber": "1.92", "roomName": "Iratt\u00e1r", "roomType": "administrative", "floorId": 6, "level": 1, "fillSource": "mvt"}, "geometry": {"type": "Polygon", "coordinates": [[[19.062041122, 47.474021869], [19.062042122, 47.474025869], [19.062051122, 47.474024869], [19.062060122, 47.474057869], [19.061940122, 47.474073869], [19.061929122, 47.474036869], [19.061961122, 47.474031869], [19.061962122, 47.474034869], [19.061971122, 47.474033869], [19.061970122, 47.474030869], [19.062041122, 47.474021869]]]}}, {"type": "Feature", "properties": {"id": 37020, "roomCode": "L\u00c9-1-93-02-34", "roomNumber": "1.93", "roomName": "Iratt\u00e1r", "roomType": "administrative", "floorId": 6, "level": 1, "fillSource": "mvt"}, "geometry": {"type": "Polygon", "coordinates": [[[19.062013651, 47.474113346], [19.062020651, 47.474137346], [19.061952651, 47.474147346], [19.061944651, 47.474122346], [19.062013651, 47.474113346]]]}}, {"type": "Feature", "properties": {"id": 37016, "roomCode": "L\u00c9-1-94A-04-62", "roomNumber": "1.94", "roomName": "El\u0151t\u00e9r", "roomType": "corridor", "floorId": 6, "level": 1, "fillSource": "mvt"}, "geometry": {"type": "Polygon", "coordinates": [[[19.061962599, 47.47413769], [19.061967599, 47.47415669], [19.061949599, 47.47415869], [19.061943599, 47.47414069], [19.061962599, 47.47413769]]]}}, {"type": "Feature", "properties": {"id": 37017, "roomCode": "L\u00c9-1-94B-05-77", "roomNumber": "1.94", "roomName": "Teakonyha", "roomType": "social", "floorId": 6, "level": 1, "fillSource": "mvt"}, "geometry": {"type": "Polygon", "coordinates": [[[19.061986528, 47.474140464], [19.061991528, 47.474159464], [19.061969528, 47.474162464], [19.061964528, 47.474143464], [19.061986528, 47.474140464]]]}}, {"type": "Feature", "properties": {"id": 37019, "roomCode": "L\u00c9-1-94C-05-72", "roomNumber": "1.94", "roomName": "Mosd\u00f3", "roomType": "social", "floorId": 6, "level": 1, "fillSource": "mvt"}, "geometry": {"type": "Polygon", "coordinates": [[[19.061959323, 47.474157189], [19.061961323, 47.474167189], [19.061942323, 47.474170189], [19.061940323, 47.474159189], [19.061959323, 47.474157189]]]}}, {"type": "Feature", "properties": {"id": 37018, "roomCode": "L\u00c9-1-94D-05-72", "roomNumber": "1.94", "roomName": "Zuhanyz\u00f3", "roomType": "social", "floorId": 6, "level": 1, "fillSource": "mvt"}, "geometry": {"type": "Polygon", "coordinates": [[[19.061982877, 47.474159573], [19.061985877, 47.474170573], [19.061962877, 47.474173573], [19.061960877, 47.474162573], [19.061982877, 47.474159573]]]}}, {"type": "Feature", "properties": {"id": 37021, "roomCode": "L\u00c9-1-95-03-59", "roomNumber": "1.95", "roomName": "Questura Pont", "roomType": "misc", "floorId": 6, "level": 1, "fillSource": "mvt"}, "geometry": {"type": "Polygon", "coordinates": [[[19.061997328, 47.474178015], [19.061999328, 47.474182015], [19.062007328, 47.474181015], [19.062021328, 47.474228015], [19.061981328, 47.474236015], [19.061978328, 47.474225015], [19.061972328, 47.474226015], [19.061960328, 47.474183015], [19.061997328, 47.474178015]]]}}, {"type": "Feature", "properties": {"id": 37014, "roomCode": "L\u00c9-1-95/a-04-62", "roomNumber": "1.88", "roomName": "El\u0151t\u00e9r", "roomType": "corridor", "floorId": 6, "level": 1, "fillSource": "mvt"}, "geometry": {"type": "Polygon", "coordinates": [[[19.061962834, 47.474169997], [19.061964834, 47.474175997], [19.061969834, 47.474175997], [19.061972834, 47.474184997], [19.061934834, 47.474189997], [19.061929834, 47.474173997], [19.061962834, 47.474169997]]]}}, {"type": "Feature", "properties": {"id": 37012, "roomCode": "L\u00c9-1-95/b-05-71", "roomNumber": "1.88", "roomName": "Mosd\u00f3", "roomType": "social", "floorId": 6, "level": 1, "fillSource": "mvt"}, "geometry": {"type": "Polygon", "coordinates": [[[19.061961943, 47.474185776], [19.061965943, 47.474197776], [19.061932943, 47.474201776], [19.061929943, 47.474189776], [19.061961943, 47.474185776]]]}}, {"type": "Feature", "properties": {"id": 37015, "roomCode": "L\u00c9-1-95/c-06-84", "roomNumber": "1.88", "roomName": "Rakt\u00e1r", "roomType": "technical", "floorId": 6, "level": 1, "fillSource": "catalog-bbox"}, "geometry": {"type": "Polygon", "coordinates": [[[19.06191764661935, 47.474196531415004], [19.061965587380644, 47.474196531415004], [19.061965587380644, 47.474223024585], [19.06191764661935, 47.474223024585], [19.06191764661935, 47.474196531415004]]]}}, {"type": "Feature", "properties": {"id": 37013, "roomCode": "L\u00c9-1-95/d-06-84", "roomNumber": "1.95B", "roomName": "Rakt\u00e1r", "roomType": "technical", "floorId": 6, "level": 1, "fillSource": "catalog-bbox"}, "geometry": {"type": "Polygon", "coordinates": [[[19.061987106403823, 47.474142316468395], [19.062021243596174, 47.474142316468395], [19.062021243596174, 47.4741766855316], [19.061987106403823, 47.4741766855316], [19.061987106403823, 47.474142316468395]]]}}, {"type": "Feature", "properties": {"id": 37022, "roomCode": "L\u00c9-1-96-03-59", "roomNumber": "1.96", "roomName": "Jegyzetbolt", "roomType": "misc", "floorId": 6, "level": 1, "fillSource": "mvt"}, "geometry": {"type": "Polygon", "coordinates": [[[19.061974913, 47.474221136], [19.061988913, 47.474270136], [19.061979913, 47.474270136], [19.061980913, 47.474273136], [19.061908913, 47.474283136], [19.061893913, 47.474231136], [19.061974913, 47.474221136]]]}}, {"type": "Feature", "properties": {"id": 37025, "roomCode": "L\u00c9-1-98-05-71", "roomNumber": "-", "roomName": "Akad\u00e1lymentes WC", "roomType": "social", "floorId": 6, "level": 1, "fillSource": "mvt"}, "geometry": {"type": "Polygon", "coordinates": [[[19.061923282, 47.474315317], [19.061927282, 47.474332317], [19.061895282, 47.474336317], [19.061890282, 47.474319317], [19.061923282, 47.474315317]]]}}, {"type": "Feature", "properties": {"id": 37048, "roomCode": "L\u00c9-1-99-05-71", "roomNumber": "-", "roomName": "N\u0151i mosd\u00f3", "roomType": "social", "floorId": 6, "level": 1, "fillSource": "mvt"}, "geometry": {"type": "Polygon", "coordinates": [[[19.061912022, 47.474333681], [19.061919022, 47.474356681], [19.061878022, 47.474360681], [19.061871022, 47.474339681], [19.061912022, 47.474333681]]]}}, {"type": "Feature", "properties": {"id": 37049, "roomCode": "L\u00c9-1-99/A-05-71", "roomNumber": "-", "roomName": "N\u0151i WC", "roomType": "social", "floorId": 6, "level": 1, "fillSource": "mvt"}, "geometry": {"type": "Polygon", "coordinates": [[[19.061956627, 47.47433672], [19.061962627, 47.47435672], [19.061955627, 47.47435772], [19.061956627, 47.47436072], [19.061914627, 47.47436572], [19.061907627, 47.47434272], [19.061956627, 47.47433672]]]}}, {"type": "Feature", "properties": {"id": 36889, "roomCode": "L\u00c9-1-K14-04-63", "roomNumber": "-", "roomName": "Folyos\u00f3", "roomType": "corridor", "floorId": 6, "level": 1, "fillSource": "mvt"}, "geometry": {"type": "Polygon", "coordinates": [[[19.061700339, 47.474336552], [19.061718339, 47.474388552], [19.061709339, 47.474391552], [19.061633339, 47.474402552], [19.061624339, 47.474400552], [19.061610339, 47.474402552], [19.061611339, 47.474405552], [19.061521339, 47.474416552], [19.061505339, 47.474362552], [19.061700339, 47.474336552]]]}}, {"type": "Feature", "properties": {"id": 36893, "roomCode": "L\u00c9-1-K16-04-63", "roomNumber": "-", "roomName": "Folyos\u00f3", "roomType": "corridor", "floorId": 6, "level": 1, "fillSource": "mvt"}, "geometry": {"type": "Polygon", "coordinates": [[[19.061511768, 47.474213138], [19.061527768, 47.474265138], [19.061521768, 47.474266138], [19.061522768, 47.474270138], [19.061527768, 47.474269138], [19.061529768, 47.474272138], [19.061554768, 47.474269138], [19.061584768, 47.474371138], [19.061302768, 47.474410138], [19.061291768, 47.474375138], [19.061442768, 47.474354138], [19.061403768, 47.474228138], [19.061511768, 47.474213138]]]}}, {"type": "Feature", "properties": {"id": 36905, "roomCode": "L\u00c9-1-K17-04-63", "roomNumber": "-", "roomName": "Folyos\u00f3", "roomType": "corridor", "floorId": 6, "level": 1, "fillSource": "mvt"}, "geometry": {"type": "Polygon", "coordinates": [[[19.061626669, 47.473923951], [19.061728669, 47.474262951], [19.061667669, 47.474270951], [19.061649669, 47.474215951], [19.061663669, 47.474213951], [19.061615669, 47.474049951], [19.061600669, 47.474051951], [19.061595669, 47.474033951], [19.061610669, 47.474031951], [19.061586669, 47.473950951], [19.061570669, 47.473952951], [19.061566669, 47.473932951], [19.061626669, 47.473923951]]]}}, {"type": "Feature", "properties": {"id": 36906, "roomCode": "L\u00c9-1-K18-04-63", "roomNumber": "-", "roomName": "Folyos\u00f3", "roomType": "corridor", "floorId": 6, "level": 1, "fillSource": "mvt"}, "geometry": {"type": "Polygon", "coordinates": [[[19.061612093, 47.473876827], [19.061616093, 47.473892827], [19.061463093, 47.473913827], [19.061458093, 47.473897827], [19.061602093, 47.473877827], [19.061612093, 47.473876827]]]}}, {"type": "Feature", "properties": {"id": 36908, "roomCode": "L\u00c9-1-K18/A-04-62", "roomNumber": "-", "roomName": "L\u00e9pcs\u0151 el\u0151t\u00e9r", "roomType": "corridor", "floorId": 6, "level": 1, "fillSource": "mvt"}, "geometry": {"type": "Polygon", "coordinates": [[[19.061762993, 47.473903198], [19.061774993, 47.473944198], [19.061703993, 47.473954198], [19.061707993, 47.473966198], [19.061702993, 47.473967198], [19.061686993, 47.473913198], [19.061762993, 47.473903198]]]}}, {"type": "Feature", "properties": {"id": 36907, "roomCode": "L\u00c9-1-K19-04-63", "roomNumber": "-", "roomName": "K\u00f6zleked\u0151t\u00e9r", "roomType": "corridor", "floorId": 6, "level": 1, "fillSource": "mvt"}, "geometry": {"type": "Polygon", "coordinates": [[[19.061373899, 47.474008606], [19.061389899, 47.474059606], [19.061381899, 47.474059606], [19.061383899, 47.474067606], [19.061395899, 47.474065606], [19.061395899, 47.474083606], [19.061391899, 47.474083606], [19.061395899, 47.474099606], [19.061395899, 47.474226606], [19.061354899, 47.474192606], [19.061340899, 47.474170606], [19.061327899, 47.474130606], [19.061311899, 47.474110606], [19.061289899, 47.474092606], [19.061229899, 47.474055606], [19.061238899, 47.474043606], [19.061241899, 47.474026606], [19.061301899, 47.474018606], [19.061302899, 47.474021606], [19.061313899, 47.474020606], [19.061311899, 47.474016606], [19.061373899, 47.474008606]]]}}, {"type": "Feature", "properties": {"id": 36987, "roomCode": "L\u00c9-1-K4-04-63", "roomNumber": "-", "roomName": "Folyos\u00f3", "roomType": "corridor", "floorId": 6, "level": 1, "fillSource": "mvt"}, "geometry": {"type": "Polygon", "coordinates": [[[19.06226707, 47.474566636], [19.06228007, 47.474604636], [19.06228907, 47.474603636], [19.06229207, 47.474613636], [19.06228207, 47.474614636], [19.06229607, 47.474661636], [19.06230507, 47.474660636], [19.06230907, 47.474670636], [19.06229807, 47.474671636], [19.06230407, 47.474689636], [19.06231307, 47.474687636], [19.06231707, 47.474698636], [19.06230807, 47.474699636], [19.06231307, 47.474717636], [19.06232207, 47.474715636], [19.06232507, 47.474726636], [19.06231607, 47.474727636], [19.06232107, 47.474745636], [19.06233007, 47.474743636], [19.06233507, 47.474754636], [19.06232407, 47.474755636], [19.06232907, 47.474772636], [19.06233907, 47.474771636], [19.06234307, 47.474782636], [19.06233307, 47.474783636], [19.06233907, 47.474801636], [19.06234807, 47.474799636], [19.06235107, 47.474810636], [19.06234107, 47.474811636], [19.06234707, 47.474828636], [19.06235607, 47.474827636], [19.06236007, 47.474838636], [19.06234907, 47.474839636], [19.06235207, 47.474848636], [19.06232107, 47.474852636], [19.06231807, 47.474844636], [19.06230807, 47.474845636], [19.06230507, 47.474835636], [19.06231407, 47.474833636], [19.06231007, 47.474816636], [19.06230007, 47.474817636], [19.06229707, 47.474807636], [19.06230607, 47.474805636], [19.06230107, 47.474788636], [19.06229207, 47.474789636], [19.06228807, 47.474778636], [19.06229807, 47.474777636], [19.06229307, 47.474759636], [19.06228207, 47.474761636], [19.06228007, 47.474750636], [19.06228907, 47.474749636], [19.06228507, 47.474731636], [19.06227407, 47.474733636], [19.06227107, 47.474722636], [19.06228107, 47.474720636], [19.06227607, 47.474703636], [19.06226607, 47.474705636], [19.06226207, 47.474694636], [19.06227307, 47.474692636], [19.06226707, 47.474675636], [19.06225707, 47.474677636], [19.06225407, 47.474666636], [19.06226507, 47.474665636], [19.06225907, 47.474647636], [19.06224907, 47.474649636], [19.06224607, 47.474638636], [19.06225507, 47.474637636], [19.06224107, 47.474587636], [19.06210307, 47.474606636], [19.06209807, 47.474593636], [19.06226707, 47.474566636]]]}}, {"type": "Feature", "properties": {"id": 37005, "roomCode": "L\u00c9-1-K5-04-62", "roomNumber": "\u00c91-K5", "roomName": "Folyos\u00f3", "roomType": "corridor", "floorId": 6, "level": 1, "fillSource": "mvt"}, "geometry": {"type": "Polygon", "coordinates": [[[19.062344598, 47.474428657], [19.062337598, 47.474407657], [19.062369598, 47.474407657], [19.062373598, 47.474420657], [19.062383598, 47.474418657], [19.062386598, 47.474429657], [19.062376598, 47.474430657], [19.062399598, 47.474503657], [19.062409598, 47.474502657], [19.062412598, 47.474513657], [19.062402598, 47.474514657], [19.062407598, 47.474532657], [19.062417598, 47.474530657], [19.062421598, 47.474541657], [19.062410598, 47.474542657], [19.062414598, 47.474557657], [19.062383598, 47.474561657], [19.062370598, 47.474514657], [19.062292598, 47.474525657], [19.062287598, 47.474510657], [19.062345598, 47.474502657], [19.062328598, 47.474445657], [19.062269598, 47.474454657], [19.062265598, 47.474439657], [19.062344598, 47.474428657]]]}}, {"type": "Feature", "properties": {"id": 37037, "roomCode": "L\u00c9-1-K6-04-62", "roomNumber": "-", "roomName": "Folyos\u00f3", "roomType": "corridor", "floorId": 6, "level": 1, "fillSource": "mvt"}, "geometry": {"type": "Polygon", "coordinates": [[[19.062446815, 47.474124319], [19.062450815, 47.474135319], [19.062440815, 47.474136319], [19.062453815, 47.474182319], [19.062464815, 47.474180319], [19.062466815, 47.474191319], [19.062456815, 47.474193319], [19.062478815, 47.474266319], [19.062489815, 47.474265319], [19.062492815, 47.474276319], [19.062481815, 47.474277319], [19.062517815, 47.474396319], [19.062392815, 47.474413319], [19.062387815, 47.474398319], [19.062481815, 47.474385319], [19.062466815, 47.474337319], [19.062456815, 47.474339319], [19.062453815, 47.474328319], [19.062464815, 47.474327319], [19.062458815, 47.474309319], [19.062448815, 47.474311319], [19.062445815, 47.474300319], [19.062455815, 47.474299319], [19.062450815, 47.474281319], [19.062440815, 47.474282319], [19.062436815, 47.474272319], [19.062447815, 47.474270319], [19.062425815, 47.474197319], [19.062415815, 47.474198319], [19.062411815, 47.474188319], [19.062422815, 47.474186319], [19.062408815, 47.474141319], [19.062398815, 47.474142319], [19.062395815, 47.474131319], [19.062405815, 47.474130319], [19.062404815, 47.474127319], [19.062446815, 47.474124319]]]}}, {"type": "Feature", "properties": {"id": 37034, "roomCode": "L\u00c9-1-K8-04-63", "roomNumber": "\u00c91-K8", "roomName": "Folyos\u00f3", "roomType": "corridor", "floorId": 6, "level": 1, "fillSource": "mvt"}, "geometry": {"type": "Polygon", "coordinates": [[[19.061906292, 47.474046866], [19.061909292, 47.474057866], [19.061898292, 47.474058866], [19.061903292, 47.474075866], [19.061915292, 47.474074866], [19.061917292, 47.474085866], [19.061907292, 47.474086866], [19.061912292, 47.474103866], [19.061923292, 47.474102866], [19.061926292, 47.474113866], [19.061915292, 47.474115866], [19.061937292, 47.474188866], [19.061947292, 47.474186866], [19.061951292, 47.474197866], [19.061940292, 47.474199866], [19.061945292, 47.474217866], [19.061956292, 47.474215866], [19.061959292, 47.474226866], [19.061949292, 47.474227866], [19.061954292, 47.474245866], [19.061964292, 47.474243866], [19.061968292, 47.474254866], [19.061957292, 47.474256866], [19.061971292, 47.474302866], [19.062062292, 47.474290866], [19.062067292, 47.474305866], [19.061945292, 47.474321866], [19.061943292, 47.474315866], [19.061933292, 47.474317866], [19.061929292, 47.474306866], [19.061939292, 47.474304866], [19.061926292, 47.474259866], [19.061916292, 47.474261866], [19.061913292, 47.474250866], [19.061923292, 47.474248866], [19.061918292, 47.474231866], [19.061908292, 47.474232866], [19.061905292, 47.474222866], [19.061915292, 47.474220866], [19.061909292, 47.474203866], [19.061899292, 47.474204866], [19.061896292, 47.474193866], [19.061906292, 47.474192866], [19.061900292, 47.474175866], [19.061891292, 47.474176866], [19.061888292, 47.474165866], [19.061898292, 47.474164866], [19.061884292, 47.474119866], [19.061874292, 47.474120866], [19.061871292, 47.474109866], [19.061881292, 47.474108866], [19.061876292, 47.474091866], [19.061866292, 47.474092866], [19.061862292, 47.474081866], [19.061872292, 47.474080866], [19.061867292, 47.474062866], [19.061857292, 47.474064866], [19.061854292, 47.474053866], [19.061864292, 47.474052866], [19.061864292, 47.474050866], [19.061906292, 47.474046866]]]}}, {"type": "Feature", "properties": {"id": 36883, "roomCode": "L\u00c9-1-K9-04-63", "roomNumber": "-", "roomName": "Folyos\u00f3", "roomType": "corridor", "floorId": 6, "level": 1, "fillSource": "mvt"}, "geometry": {"type": "Polygon", "coordinates": [[[19.061803672, 47.474336043], [19.061806672, 47.474338043], [19.061819672, 47.474381043], [19.061912672, 47.474368043], [19.061917672, 47.474383043], [19.061844672, 47.474393043], [19.061847672, 47.474400043], [19.061850672, 47.474400043], [19.061857672, 47.474434043], [19.061860672, 47.474434043], [19.061863672, 47.474443043], [19.061859672, 47.474443043], [19.061861672, 47.474448043], [19.061931672, 47.474439043], [19.061936672, 47.474454043], [19.061845672, 47.474467043], [19.061859672, 47.474514043], [19.061828672, 47.474518043], [19.061809672, 47.474454043], [19.061720672, 47.474466043], [19.061705672, 47.474415043], [19.061794672, 47.474402043], [19.061776672, 47.474342043], [19.061780672, 47.474342043], [19.061779672, 47.474339043], [19.061803672, 47.474336043]]]}}, {"type": "Feature", "properties": {"id": 37067, "roomCode": "L\u00c9-1-L10-04-64", "roomNumber": "-", "roomName": "Csigal\u00e9pcs\u0151", "roomType": "corridor", "floorId": 6, "level": 1, "fillSource": "mvt"}, "geometry": {"type": "Polygon", "coordinates": [[[19.061110736, 47.474199923], [19.061124736, 47.474200923], [19.061140736, 47.474205923], [19.061151736, 47.474215923], [19.061155736, 47.474226923], [19.061163736, 47.474226923], [19.061161736, 47.474238923], [19.061153736, 47.474249923], [19.061147736, 47.474245923], [19.061132736, 47.474253923], [19.061112736, 47.474256923], [19.061086736, 47.474249923], [19.061074736, 47.474240923], [19.061070736, 47.474230923], [19.061072736, 47.474218923], [19.061081736, 47.474208923], [19.061093736, 47.474202923], [19.061110736, 47.474199923]]]}}, {"type": "Feature", "properties": {"id": 36997, "roomCode": "L\u00c9-1-L3-04-64", "roomNumber": "F-L3", "roomName": "L\u00e9pcs\u0151h\u00e1z", "roomType": "corridor", "floorId": 6, "level": 1, "fillSource": "mvt"}, "geometry": {"type": "Polygon", "coordinates": [[[19.06224514, 47.474788075], [19.06224914, 47.474803075], [19.06224314, 47.474804075], [19.06224514, 47.474813075], [19.06216814, 47.474823075], [19.06216114, 47.474800075], [19.06224514, 47.474788075]]]}}, {"type": "Feature", "properties": {"id": 37038, "roomCode": "L\u00c9-1-L5-04-64", "roomNumber": "F.L5", "roomName": "L\u00e9pcs\u0151h\u00e1z", "roomType": "corridor", "floorId": 6, "level": 1, "fillSource": "mvt"}, "geometry": {"type": "Polygon", "coordinates": [[[19.062433659, 47.474144398], [19.062435659, 47.474153398], [19.062443659, 47.474152398], [19.062448659, 47.474166398], [19.062362659, 47.474178398], [19.062356659, 47.474155398], [19.062433659, 47.474144398]]]}}, {"type": "Feature", "properties": {"id": 37066, "roomCode": "L\u00c9-1-L6-04-64", "roomNumber": "F.L6", "roomName": "L\u00e9pcs\u0151h\u00e1z", "roomType": "corridor", "floorId": 6, "level": 1, "fillSource": "mvt"}, "geometry": {"type": "Polygon", "coordinates": [[[19.06202618, 47.474085849], [19.06203318, 47.474108849], [19.06194718, 47.474120849], [19.06194118, 47.474097849], [19.06202618, 47.474085849]]]}}, {"type": "Feature", "properties": {"id": 36998, "roomCode": "L\u00c9-1-L7-04-64", "roomNumber": "F-L7", "roomName": "L\u00e9pcs\u0151h\u00e1z", "roomType": "corridor", "floorId": 6, "level": 1, "fillSource": "mvt"}, "geometry": {"type": "Polygon", "coordinates": [[[19.062266204, 47.474446235], [19.062278204, 47.474484235], [19.062188204, 47.474496235], [19.062177204, 47.474458235], [19.062266204, 47.474446235]]]}}, {"type": "Feature", "properties": {"id": 37057, "roomCode": "L\u00c9-1-L9-04-64", "roomNumber": "F-L.9", "roomName": "L\u00e9pcs\u0151h\u00e1z", "roomType": "corridor", "floorId": 6, "level": 1, "fillSource": "mvt"}, "geometry": {"type": "Polygon", "coordinates": [[[19.061730587, 47.473960389], [19.061745587, 47.474010389], [19.061687587, 47.474018389], [19.061672587, 47.473967389], [19.061730587, 47.473960389]]]}}, {"type": "Feature", "properties": {"id": 257, "roomCode": "LK-2-200/2-04-63", "roomNumber": "", "roomName": "2.200/2 K\u00f6zleked\u0151 labor hossz\u00fa folyos\u00f3", "roomType": "corridor", "floorId": 7, "level": 2, "fillSource": "mvt"}, "geometry": {"type": "Polygon", "coordinates": [[[19.061594392, 47.474600938], [19.061598392, 47.474614938], [19.061609392, 47.474612938], [19.061613392, 47.474623938], [19.061602392, 47.474624938], [19.061608392, 47.474642938], [19.061619392, 47.474640938], [19.061621392, 47.474651938], [19.061611392, 47.474652938], [19.061616392, 47.474670938], [19.061627392, 47.474668938], [19.061631392, 47.474679938], [19.061620392, 47.474680938], [19.061625392, 47.474698938], [19.061636392, 47.474697938], [19.061639392, 47.474707938], [19.061628392, 47.474708938], [19.061676392, 47.474867938], [19.061688392, 47.474865938], [19.061691392, 47.474876938], [19.061680392, 47.474877938], [19.061686392, 47.474895938], [19.061696392, 47.474893938], [19.061700392, 47.474905938], [19.061688392, 47.474907938], [19.061699392, 47.474944938], [19.061670392, 47.474949938], [19.061667392, 47.474940938], [19.061655392, 47.474942938], [19.061651392, 47.474930938], [19.061663392, 47.474930938], [19.061657392, 47.474912938], [19.061647392, 47.474914938], [19.061643392, 47.474902938], [19.061653392, 47.474901938], [19.061649392, 47.474884938], [19.061637392, 47.474886938], [19.061635392, 47.474874938], [19.061645392, 47.474872938], [19.061640392, 47.474856938], [19.061629392, 47.474858938], [19.061625392, 47.474846938], [19.061636392, 47.474844938], [19.061632392, 47.474828938], [19.061620392, 47.474829938], [19.061617392, 47.474817938], [19.061629392, 47.474816938], [19.061624392, 47.474799938], [19.061612392, 47.474801938], [19.061608392, 47.474790938], [19.061619392, 47.474788938], [19.061615392, 47.474771938], [19.061602392, 47.474773938], [19.061598392, 47.474760938], [19.061611392, 47.474758938], [19.061605392, 47.474743938], [19.061594392, 47.474744938], [19.061590392, 47.474733938], [19.061602392, 47.474731938], [19.061597392, 47.474713938], [19.061585392, 47.474714938], [19.061582392, 47.474704938], [19.061593392, 47.474702938], [19.061588392, 47.474686938], [19.061577392, 47.474687938], [19.061573392, 47.474676938], [19.061585392, 47.474674938], [19.061580392, 47.474657938], [19.061569392, 47.474658938], [19.061565392, 47.474648938], [19.061577392, 47.474647938], [19.061572392, 47.474629938], [19.061560392, 47.474630938], [19.061557392, 47.474620938], [19.061568392, 47.474618938], [19.061564392, 47.474605938], [19.061594392, 47.474600938]]]}}, {"type": "Feature", "properties": {"id": 258, "roomCode": "LK-2-200/3-04-63", "roomNumber": "200/3", "roomName": "2.200/3 K\u00f6zleked\u0151 labor hossz\u00fa folyos\u00f3", "roomType": "corridor", "floorId": 7, "level": 2, "fillSource": "mvt"}, "geometry": {"type": "Polygon", "coordinates": [[[19.061455809, 47.474917735], [19.061477809, 47.474927735], [19.061478809, 47.474933735], [19.061490809, 47.474932735], [19.061496809, 47.474951735], [19.061485809, 47.474953735], [19.061490809, 47.474970735], [19.061501809, 47.474969735], [19.061505809, 47.474979735], [19.061493809, 47.474981735], [19.061498809, 47.474998735], [19.061510809, 47.474997735], [19.061513809, 47.475008735], [19.061501809, 47.475009735], [19.061506809, 47.475027735], [19.061518809, 47.475025735], [19.061522809, 47.475036735], [19.061510809, 47.475037735], [19.061516809, 47.475055735], [19.061528809, 47.475053735], [19.061530809, 47.475064735], [19.061518809, 47.475066735], [19.061524809, 47.475083735], [19.061536809, 47.475081735], [19.061538809, 47.475092735], [19.061528809, 47.475094735], [19.061533809, 47.475111735], [19.061544809, 47.475109735], [19.061548809, 47.475120735], [19.061536809, 47.475122735], [19.061541809, 47.475139735], [19.061553809, 47.475137735], [19.061556809, 47.475148735], [19.061544809, 47.475150735], [19.061549809, 47.475167735], [19.061561809, 47.475165735], [19.061565809, 47.475176735], [19.061553809, 47.475178735], [19.061559809, 47.475195735], [19.061571809, 47.475193735], [19.061573809, 47.475204735], [19.061561809, 47.475206735], [19.061565809, 47.475217735], [19.061576809, 47.475215735], [19.061579809, 47.475223735], [19.061567809, 47.475225735], [19.061579809, 47.475261735], [19.061589809, 47.475260735], [19.061592809, 47.475269735], [19.061551809, 47.475274735], [19.061549809, 47.475266735], [19.061537809, 47.475268735], [19.061534809, 47.475258735], [19.061545809, 47.475256735], [19.061540809, 47.475238735], [19.061529809, 47.475240735], [19.061525809, 47.475230735], [19.061537809, 47.475228735], [19.061532809, 47.475210735], [19.061520809, 47.475211735], [19.061517809, 47.475201735], [19.061529809, 47.475200735], [19.061524809, 47.475182735], [19.061512809, 47.475183735], [19.061508809, 47.475172735], [19.061520809, 47.475172735], [19.061514809, 47.475153735], [19.061502809, 47.475155735], [19.061500809, 47.475144735], [19.061512809, 47.475143735], [19.061506809, 47.475125735], [19.061494809, 47.475127735], [19.061492809, 47.475116735], [19.061502809, 47.475115735], [19.061497809, 47.475097735], [19.061486809, 47.475099735], [19.061482809, 47.475088735], [19.061494809, 47.475087735], [19.061489809, 47.475069735], [19.061477809, 47.475071735], [19.061474809, 47.475060735], [19.061486809, 47.475059735], [19.061481809, 47.475041735], [19.061469809, 47.475043735], [19.061465809, 47.475032735], [19.061477809, 47.475031735], [19.061471809, 47.475013735], [19.061459809, 47.475015735], [19.061451809, 47.474986735], [19.061465809, 47.474984735], [19.061445809, 47.474930735], [19.061455809, 47.474917735]]]}}, {"type": "Feature", "properties": {"id": 259, "roomCode": "LK-2-200/4-04-64", "roomNumber": "200/4", "roomName": "2.200/4 Menek\u00fcl\u0151 l\u00e9pcs\u0151h\u00e1z L1", "roomType": "corridor", "floorId": 7, "level": 2, "fillSource": "mvt"}, "geometry": {"type": "Polygon", "coordinates": [[[19.061450181, 47.47521072], [19.061468181, 47.47526472], [19.061391181, 47.47527572], [19.061378181, 47.47527272], [19.061364181, 47.47522672], [19.061450181, 47.47521072]]]}}, {"type": "Feature", "properties": {"id": 260, "roomCode": "LK-2-201-01-14", "roomNumber": "201", "roomName": "2.201 kutat\u00f3i k\u00e9miai labor", "roomType": "educational", "floorId": 7, "level": 2, "fillSource": "mvt"}, "geometry": {"type": "Polygon", "coordinates": [[[19.061627426, 47.474586157], [19.061644426, 47.474641157], [19.061576426, 47.474648157], [19.061560426, 47.474596157], [19.061627426, 47.474586157]]]}}, {"type": "Feature", "properties": {"id": 261, "roomCode": "LK-2-202-01-14", "roomNumber": "202", "roomName": "202 (m\u00f3dszertan)", "roomType": "educational", "floorId": 7, "level": 2, "fillSource": "mvt"}, "geometry": {"type": "Polygon", "coordinates": [[[19.061594554, 47.474648525], [19.061628554, 47.474759525], [19.061561554, 47.474768525], [19.061526554, 47.474657525], [19.061594554, 47.474648525]]]}}, {"type": "Feature", "properties": {"id": 262, "roomCode": "LK-2-203-01-14", "roomNumber": "203", "roomName": "2.203 el\u0151k\u00e9sz\u00edt\u0151", "roomType": "educational", "floorId": 7, "level": 2, "fillSource": "mvt"}, "geometry": {"type": "Polygon", "coordinates": [[[19.061583031, 47.474753351], [19.061591031, 47.474779351], [19.061524031, 47.474788351], [19.061516031, 47.474762351], [19.061583031, 47.474753351]]]}}, {"type": "Feature", "properties": {"id": 263, "roomCode": "LK-2-204-06-84", "roomNumber": "204", "roomName": "2.204 vegyszer rakt\u00e1r", "roomType": "technical", "floorId": 7, "level": 2, "fillSource": "catalog-bbox"}, "geometry": {"type": "Polygon", "coordinates": [[[19.061513226452846, 47.4747777022286], [19.061588251547157, 47.4747777022286], [19.061588251547157, 47.47481413977141], [19.061513226452846, 47.47481413977141], [19.061513226452846, 47.4747777022286]]]}}, {"type": "Feature", "properties": {"id": 264, "roomCode": "LK-2-206-06-84", "roomNumber": "206", "roomName": "2.206 el\u0151k\u00e9sz\u00edt\u0151", "roomType": "technical", "floorId": 7, "level": 2, "fillSource": "catalog-bbox"}, "geometry": {"type": "Polygon", "coordinates": [[[19.06146929015178, 47.47492324071628], [19.061544015848213, 47.47492324071628], [19.061544015848213, 47.474958583283716], [19.06146929015178, 47.474958583283716], [19.06146929015178, 47.47492324071628]]]}}, {"type": "Feature", "properties": {"id": 265, "roomCode": "LK-2-207-01-14", "roomNumber": "207", "roomName": "207", "roomType": "educational", "floorId": 7, "level": 2, "fillSource": "mvt"}, "geometry": {"type": "Polygon", "coordinates": [[[19.061491458, 47.474965971], [19.061532458, 47.475103971], [19.061465458, 47.475113971], [19.061424458, 47.474974971], [19.061491458, 47.474965971]]]}}, {"type": "Feature", "properties": {"id": 266, "roomCode": "LK-2-208-01-14", "roomNumber": "208", "roomName": "2.208 HPLC labor", "roomType": "educational", "floorId": 7, "level": 2, "fillSource": "mvt"}, "geometry": {"type": "Polygon", "coordinates": [[[19.061471388, 47.475097867], [19.061488388, 47.475151867], [19.061420388, 47.475160867], [19.061404388, 47.475106867], [19.061471388, 47.475097867]]]}}, {"type": "Feature", "properties": {"id": 267, "roomCode": "LK-2-209-01-14", "roomNumber": "209", "roomName": "2.209 GC/MS kut.", "roomType": "educational", "floorId": 7, "level": 2, "fillSource": "mvt"}, "geometry": {"type": "Polygon", "coordinates": [[[19.061454189, 47.475153477], [19.061470189, 47.475207477], [19.061404189, 47.475216477], [19.061388189, 47.475164477], [19.061454189, 47.475153477]]]}}, {"type": "Feature", "properties": {"id": 68, "roomCode": "LK-2-210-01-12", "roomNumber": "210", "roomName": "210 Haj\u00f3orr II.", "roomType": "educational", "floorId": 7, "level": 2, "fillSource": "mvt"}, "geometry": {"type": "Polygon", "coordinates": [[[19.061538768, 47.475260096], [19.061563768, 47.475342096], [19.061484768, 47.475353096], [19.061461768, 47.475339096], [19.061538768, 47.475260096]]]}}, {"type": "Feature", "properties": {"id": 268, "roomCode": "LK-2-211-01-14", "roomNumber": "211", "roomName": "2.211 ICP-AES Kutat\u00f3labor", "roomType": "educational", "floorId": 7, "level": 2, "fillSource": "mvt"}, "geometry": {"type": "Polygon", "coordinates": [[[19.061557482, 47.475226684], [19.061573482, 47.475281684], [19.061506482, 47.475290684], [19.061490482, 47.475236684], [19.061557482, 47.475226684]]]}}, {"type": "Feature", "properties": {"id": 269, "roomCode": "LK-2-212-01-14", "roomNumber": "212", "roomName": "2.212 K\u00e9miai Kut.labor", "roomType": "educational", "floorId": 7, "level": 2, "fillSource": "mvt"}, "geometry": {"type": "Polygon", "coordinates": [[[19.061573494, 47.47519585], [19.061581494, 47.47522285], [19.061514494, 47.47523185], [19.061506494, 47.47520585], [19.061573494, 47.47519585]]]}}, {"type": "Feature", "properties": {"id": 270, "roomCode": "LK-2-213-01-14", "roomNumber": "213", "roomName": "2.213 Kutat\u00f3labor", "roomType": "educational", "floorId": 7, "level": 2, "fillSource": "mvt"}, "geometry": {"type": "Polygon", "coordinates": [[[19.061582036, 47.475168427], [19.061590036, 47.475194427], [19.061523036, 47.475203427], [19.061515036, 47.475177427], [19.061582036, 47.475168427]]]}}, {"type": "Feature", "properties": {"id": 271, "roomCode": "LK-2-214-01-14", "roomNumber": "214", "roomName": "2.214 K\u00e9miai Kut.labor", "roomType": "educational", "floorId": 7, "level": 2, "fillSource": "mvt"}, "geometry": {"type": "Polygon", "coordinates": [[[19.061591849, 47.475115193], [19.061607849, 47.475169193], [19.061540849, 47.475178193], [19.061523849, 47.475124193], [19.061591849, 47.475115193]]]}}, {"type": "Feature", "properties": {"id": 272, "roomCode": "LK-2-215-01-14", "roomNumber": "215", "roomName": "2.215 KKKK Labor", "roomType": "educational", "floorId": 7, "level": 2, "fillSource": "mvt"}, "geometry": {"type": "Polygon", "coordinates": [[[19.061607932, 47.475059347], [19.061625932, 47.475112347], [19.061558932, 47.475122347], [19.061540932, 47.475068347], [19.061607932, 47.475059347]]]}}, {"type": "Feature", "properties": {"id": 273, "roomCode": "LK-2-216-01-14", "roomNumber": "216", "roomName": "2.216 KKKK Labor", "roomType": "educational", "floorId": 7, "level": 2, "fillSource": "mvt"}, "geometry": {"type": "Polygon", "coordinates": [[[19.061624744, 47.475028512], [19.061632744, 47.475053512], [19.061565744, 47.475063512], [19.061557744, 47.475037512], [19.061624744, 47.475028512]]]}}, {"type": "Feature", "properties": {"id": 274, "roomCode": "LK-2-217-01-14", "roomNumber": "217", "roomName": "2.217 Kutat\u00f3i labor", "roomType": "educational", "floorId": 7, "level": 2, "fillSource": "mvt"}, "geometry": {"type": "Polygon", "coordinates": [[[19.061633286, 47.474999489], [19.061641286, 47.475026489], [19.061574286, 47.475036489], [19.061566286, 47.475009489], [19.061633286, 47.474999489]]]}}, {"type": "Feature", "properties": {"id": 275, "roomCode": "LK-2-218-04-63", "roomNumber": "218", "roomName": "2.218 El\u0151t\u00e9r", "roomType": "corridor", "floorId": 7, "level": 2, "fillSource": "mvt"}, "geometry": {"type": "Polygon", "coordinates": [[[19.061610258, 47.47497182], [19.061618258, 47.47499782], [19.061586258, 47.47500182], [19.061578258, 47.47497582], [19.061610258, 47.47497182]]]}}, {"type": "Feature", "properties": {"id": 276, "roomCode": "LK-2-219-04-63", "roomNumber": "219", "roomName": "2.219 El\u0151t\u00e9r", "roomType": "corridor", "floorId": 7, "level": 2, "fillSource": "mvt"}, "geometry": {"type": "Polygon", "coordinates": [[[19.0616188, 47.474943997], [19.0616268, 47.474968997], [19.0615948, 47.474973997], [19.0615868, 47.474947997], [19.0616188, 47.474943997]]]}}, {"type": "Feature", "properties": {"id": 277, "roomCode": "LK-2-220-01-14", "roomNumber": "220", "roomName": "2.220 Reakci\u00f3kinetikai Kut.labor", "roomType": "educational", "floorId": 7, "level": 2, "fillSource": "mvt"}, "geometry": {"type": "Polygon", "coordinates": [[[19.061661661, 47.474886303], [19.061677661, 47.474940303], [19.061610661, 47.474949303], [19.061594661, 47.474895303], [19.061661661, 47.474886303]]]}}, {"type": "Feature", "properties": {"id": 278, "roomCode": "LK-2-221-01-14", "roomNumber": "221", "roomName": "2.221 Reakci\u00f3kinetikai Kut.labor", "roomType": "educational", "floorId": 7, "level": 2, "fillSource": "mvt"}, "geometry": {"type": "Polygon", "coordinates": [[[19.06167889, 47.47482979], [19.06169489, 47.47488479], [19.06162789, 47.47489379], [19.06161089, 47.47483979], [19.06167889, 47.47482979]]]}}, {"type": "Feature", "properties": {"id": 279, "roomCode": "LK-2-224-01-17", "roomNumber": "224", "roomName": "2.224 T\u00e1rgyal\u00f3", "roomType": "educational", "floorId": 7, "level": 2, "fillSource": "mvt"}, "geometry": {"type": "Polygon", "coordinates": [[[19.061799725, 47.474790955], [19.061815725, 47.474843955], [19.061751725, 47.474851955], [19.061735725, 47.474798955], [19.061799725, 47.474790955]]]}}, {"type": "Feature", "properties": {"id": 280, "roomCode": "LK-2-225-06-84", "roomNumber": "", "roomName": "2.225 Takar\u00edt\u00f3szer helyis\u00e9g", "roomType": "technical", "floorId": 7, "level": 2, "fillSource": "catalog-bbox"}, "geometry": {"type": "Polygon", "coordinates": [[[19.061773045087076, 47.47472505851311], [19.061799734912924, 47.47472505851311], [19.061799734912924, 47.47474491548688], [19.061773045087076, 47.47474491548688], [19.061773045087076, 47.47472505851311]]]}}, {"type": "Feature", "properties": {"id": 281, "roomCode": "LK-2-226-01-13", "roomNumber": "226", "roomName": "2.226 Oktat\u00f3", "roomType": "educational", "floorId": 7, "level": 2, "fillSource": "mvt"}, "geometry": {"type": "Polygon", "coordinates": [[[19.061839819, 47.474700687], [19.061847819, 47.474727687], [19.061780819, 47.474736687], [19.061772819, 47.474710687], [19.061839819, 47.474700687]]]}}, {"type": "Feature", "properties": {"id": 282, "roomCode": "LK-2-227-01-14", "roomNumber": "227", "roomName": "2.227 kutat\u00f3i labor", "roomType": "educational", "floorId": 7, "level": 2, "fillSource": "mvt"}, "geometry": {"type": "Polygon", "coordinates": [[[19.061849771, 47.4746469], [19.061865771, 47.4747009], [19.061798771, 47.4747099], [19.061782771, 47.4746559], [19.061849771, 47.4746469]]]}}, {"type": "Feature", "properties": {"id": 283, "roomCode": "LK-2-228-01-13", "roomNumber": "228", "roomName": "2.228 Oktat\u00f3", "roomType": "educational", "floorId": 7, "level": 2, "fillSource": "mvt"}, "geometry": {"type": "Polygon", "coordinates": [[[19.061865946, 47.47461636], [19.061873946, 47.47464236], [19.061806946, 47.47465136], [19.061798946, 47.47462536], [19.061865946, 47.47461636]]]}}, {"type": "Feature", "properties": {"id": 284, "roomCode": "LK-2-229-01-13", "roomNumber": "229", "roomName": "2.229 Oktat\u00f3", "roomType": "educational", "floorId": 7, "level": 2, "fillSource": "mvt"}, "geometry": {"type": "Polygon", "coordinates": [[[19.061874592, 47.474588276], [19.061882592, 47.474614276], [19.061815592, 47.474623276], [19.061807592, 47.474597276], [19.061874592, 47.474588276]]]}}, {"type": "Feature", "properties": {"id": 285, "roomCode": "LK-2-230-01-13", "roomNumber": "230", "roomName": "2.230 Kutat\u00f3", "roomType": "educational", "floorId": 7, "level": 2, "fillSource": "mvt"}, "geometry": {"type": "Polygon", "coordinates": [[[19.061883178, 47.474559589], [19.061892178, 47.474585589], [19.061824178, 47.474594589], [19.061816178, 47.474569589], [19.061883178, 47.474559589]]]}}, {"type": "Feature", "properties": {"id": 286, "roomCode": "LK-2-231-01-14", "roomNumber": "231", "roomName": "2.231 kutat\u00f3i labor", "roomType": "educational", "floorId": 7, "level": 2, "fillSource": "mvt"}, "geometry": {"type": "Polygon", "coordinates": [[[19.06189463, 47.474514612], [19.06190663, 47.474552612], [19.06183963, 47.474561612], [19.06182563, 47.474514612], [19.06189463, 47.474514612]]]}}, {"type": "Feature", "properties": {"id": 287, "roomCode": "LK-2-232-01-14", "roomNumber": "232", "roomName": "2.232 fot\u00f3 szoba, vizdesztill\u00e1l\u00f3", "roomType": "educational", "floorId": 7, "level": 2, "fillSource": "mvt"}, "geometry": {"type": "Polygon", "coordinates": [[[19.061780143, 47.47448718], [19.061788143, 47.47451318], [19.061721143, 47.47452318], [19.061713143, 47.47449618], [19.061780143, 47.47448718]]]}}, {"type": "Feature", "properties": {"id": 288, "roomCode": "LK-2-233-01-14", "roomNumber": "233", "roomName": "2.233 ultracentrifuga  labor", "roomType": "educational", "floorId": 7, "level": 2, "fillSource": "mvt"}, "geometry": {"type": "Polygon", "coordinates": [[[19.061771883, 47.474514824], [19.061779883, 47.474540824], [19.061712883, 47.474549824], [19.061704883, 47.474523824], [19.061771883, 47.474514824]]]}}, {"type": "Feature", "properties": {"id": 289, "roomCode": "LK-2-234-01-14", "roomNumber": "234", "roomName": "2.234 kutat\u00f3 labor", "roomType": "educational", "floorId": 7, "level": 2, "fillSource": "mvt"}, "geometry": {"type": "Polygon", "coordinates": [[[19.061763111, 47.47454352], [19.061771111, 47.47456852], [19.061704111, 47.47457852], [19.061696111, 47.47455252], [19.061763111, 47.47454352]]]}}, {"type": "Feature", "properties": {"id": 290, "roomCode": "LK-2-235-01-14", "roomNumber": "235", "roomName": "2.235 Dinamikus f\u00e9nysz\u00f3r\u00f3d\u00e1s labor", "roomType": "educational", "floorId": 7, "level": 2, "fillSource": "mvt"}, "geometry": {"type": "Polygon", "coordinates": [[[19.061747175, 47.474573515], [19.061763175, 47.474628515], [19.061696175, 47.474638515], [19.061678175, 47.474582515], [19.061747175, 47.474573515]]]}}, {"type": "Feature", "properties": {"id": 291, "roomCode": "LK-2-236-01-13", "roomNumber": "236", "roomName": "2.236 KKKK Doktorandusz ", "roomType": "educational", "floorId": 7, "level": 2, "fillSource": "mvt"}, "geometry": {"type": "Polygon", "coordinates": [[[19.061837494, 47.474799695], [19.061853494, 47.474851695], [19.061819494, 47.474856695], [19.061803494, 47.474803695], [19.061837494, 47.474799695]]]}}, {"type": "Feature", "properties": {"id": 292, "roomCode": "LK-2-237-01-13", "roomNumber": "237", "roomName": "2.237 Oktat\u00f3", "roomType": "educational", "floorId": 7, "level": 2, "fillSource": "mvt"}, "geometry": {"type": "Polygon", "coordinates": [[[19.061871803, 47.474804161], [19.061887803, 47.474857161], [19.061854803, 47.474861161], [19.061838803, 47.474809161], [19.061871803, 47.474804161]]]}}, {"type": "Feature", "properties": {"id": 293, "roomCode": "LK-2-238-01-13", "roomNumber": "238", "roomName": "2.238 Oktat\u00f3", "roomType": "educational", "floorId": 7, "level": 2, "fillSource": "mvt"}, "geometry": {"type": "Polygon", "coordinates": [[[19.061906558, 47.474809631], [19.061922558, 47.474860631], [19.061889558, 47.474866631], [19.061873558, 47.474813631], [19.061906558, 47.474809631]]]}}, {"type": "Feature", "properties": {"id": 294, "roomCode": "LK-2-239-01-13", "roomNumber": "239", "roomName": "2.239 Oktat\u00f3", "roomType": "educational", "floorId": 7, "level": 2, "fillSource": "mvt"}, "geometry": {"type": "Polygon", "coordinates": [[[19.061942157, 47.474813969], [19.061959157, 47.474866969], [19.061924157, 47.474870969], [19.061908157, 47.474818969], [19.061942157, 47.474813969]]]}}, {"type": "Feature", "properties": {"id": 295, "roomCode": "LK-2-240-01-13", "roomNumber": "240", "roomName": "2.240 Oktat\u00f3", "roomType": "educational", "floorId": 7, "level": 2, "fillSource": "mvt"}, "geometry": {"type": "Polygon", "coordinates": [[[19.061977411, 47.474819197], [19.061993411, 47.474871197], [19.061959411, 47.474876197], [19.061942411, 47.474823197], [19.061977411, 47.474819197]]]}}, {"type": "Feature", "properties": {"id": 1191, "roomCode": "LK-2-241-01-12", "roomNumber": "241", "roomName": "2.241 Oktat\u00f3", "roomType": "educational", "floorId": 7, "level": 2, "fillSource": "mvt"}, "geometry": {"type": "Polygon", "coordinates": [[[19.062011816, 47.474824025], [19.062027816, 47.474876025], [19.061994816, 47.474880025], [19.061978816, 47.474829025], [19.062011816, 47.474824025]]]}}, {"type": "Feature", "properties": {"id": 297, "roomCode": "LK-2-242-01-13", "roomNumber": "242", "roomName": "2.242 Oktat\u00f3", "roomType": "educational", "floorId": 7, "level": 2, "fillSource": "mvt"}, "geometry": {"type": "Polygon", "coordinates": [[[19.062046724, 47.474828621], [19.062062724, 47.474880621], [19.062029724, 47.474885621], [19.062013724, 47.474833621], [19.062046724, 47.474828621]]]}}, {"type": "Feature", "properties": {"id": 298, "roomCode": "LK-2-243-01-13", "roomNumber": "243", "roomName": "2.243 Oktat\u00f3", "roomType": "educational", "floorId": 7, "level": 2, "fillSource": "mvt"}, "geometry": {"type": "Polygon", "coordinates": [[[19.062088443, 47.474833688], [19.062102443, 47.474885688], [19.062064443, 47.474890688], [19.062047443, 47.474839688], [19.062088443, 47.474833688]]]}}, {"type": "Feature", "properties": {"id": 299, "roomCode": "LK-2-244-01-13", "roomNumber": "244", "roomName": "2.244 Oktat\u00f3", "roomType": "educational", "floorId": 7, "level": 2, "fillSource": "mvt"}, "geometry": {"type": "Polygon", "coordinates": [[[19.062110435, 47.47477226], [19.062121435, 47.47480526], [19.062082435, 47.47481026], [19.062072435, 47.47477726], [19.062110435, 47.47477226]]]}}, {"type": "Feature", "properties": {"id": 300, "roomCode": "LK-2-245-01-13", "roomNumber": "245", "roomName": "2.245 Oktat\u00f3", "roomType": "educational", "floorId": 7, "level": 2, "fillSource": "mvt"}, "geometry": {"type": "Polygon", "coordinates": [[[19.062070539, 47.47476652], [19.062080539, 47.47480052], [19.062047539, 47.47480552], [19.062037539, 47.47477152], [19.062070539, 47.47476652]]]}}, {"type": "Feature", "properties": {"id": 301, "roomCode": "LK-2-246-01-13", "roomNumber": "246", "roomName": "2.246 Oktat\u00f3", "roomType": "educational", "floorId": 7, "level": 2, "fillSource": "mvt"}, "geometry": {"type": "Polygon", "coordinates": [[[19.062035484, 47.474762399], [19.062045484, 47.474795399], [19.062013484, 47.474799399], [19.062002484, 47.474766399], [19.062035484, 47.474762399]]]}}, {"type": "Feature", "properties": {"id": 302, "roomCode": "LK-2-247-01-13", "roomNumber": "247", "roomName": "2.247 Oktat\u00f3", "roomType": "educational", "floorId": 7, "level": 2, "fillSource": "mvt"}, "geometry": {"type": "Polygon", "coordinates": [[[19.0620008, 47.474756924], [19.0620118, 47.474790924], [19.0619788, 47.474794924], [19.0619678, 47.474761924], [19.0620008, 47.474756924]]]}}, {"type": "Feature", "properties": {"id": 303, "roomCode": "LK-2-248-01-13", "roomNumber": "248", "roomName": "2.248 Oktat\u00f3", "roomType": "educational", "floorId": 7, "level": 2, "fillSource": "mvt"}, "geometry": {"type": "Polygon", "coordinates": [[[19.061966468, 47.47475283], [19.061976468, 47.47478483], [19.061943468, 47.47478983], [19.061932468, 47.47475683], [19.061966468, 47.47475283]]]}}, {"type": "Feature", "properties": {"id": 304, "roomCode": "LK-2-249-01-13", "roomNumber": "249", "roomName": "2.249 Oktat\u00f3", "roomType": "educational", "floorId": 7, "level": 2, "fillSource": "mvt"}, "geometry": {"type": "Polygon", "coordinates": [[[19.061931491, 47.474747242], [19.061940491, 47.474780242], [19.061908491, 47.474785242], [19.061897491, 47.474752242], [19.061931491, 47.474747242]]]}}, {"type": "Feature", "properties": {"id": 305, "roomCode": "LK-2-250-01-13", "roomNumber": "250", "roomName": "2.250 Oktat\u00f3", "roomType": "educational", "floorId": 7, "level": 2, "fillSource": "mvt"}, "geometry": {"type": "Polygon", "coordinates": [[[19.061896616, 47.474742368], [19.061907616, 47.474775368], [19.061873616, 47.474780368], [19.061862616, 47.474747368], [19.061896616, 47.474742368]]]}}, {"type": "Feature", "properties": {"id": 306, "roomCode": "LK-2-251-01-13", "roomNumber": "251", "roomName": "2.251 Oktat\u00f3", "roomType": "educational", "floorId": 7, "level": 2, "fillSource": "mvt"}, "geometry": {"type": "Polygon", "coordinates": [[[19.061861703, 47.474737432], [19.061872703, 47.474770432], [19.061838703, 47.474775432], [19.061827703, 47.474742432], [19.061861703, 47.474737432]]]}}, {"type": "Feature", "properties": {"id": 307, "roomCode": "LK-2-252-05-77", "roomNumber": "225, 252", "roomName": "2.252 teakonyha", "roomType": "social", "floorId": 7, "level": 2, "fillSource": "mvt"}, "geometry": {"type": "Polygon", "coordinates": [[[19.061825952, 47.474732034], [19.061835952, 47.474765034], [19.061798952, 47.474771034], [19.061788952, 47.474737034], [19.061825952, 47.474732034]]]}}, {"type": "Feature", "properties": {"id": 641, "roomCode": "L\u00c9-2-103-01-13", "roomNumber": "2.103", "roomName": "2.103 Oktat\u00f3i", "roomType": "educational", "floorId": 7, "level": 2, "fillSource": "mvt"}, "geometry": {"type": "Polygon", "coordinates": [[[19.06199597, 47.474470366], [19.06200097, 47.474472366], [19.06201297, 47.474511366], [19.06199997, 47.474513366], [19.06199797, 47.474507366], [19.06198297, 47.474509366], [19.06198497, 47.474514366], [19.06197197, 47.474516366], [19.06195897, 47.474475366], [19.06199597, 47.474470366]]]}}, {"type": "Feature", "properties": {"id": 72, "roomCode": "L\u00c9-2-104-01-12", "roomNumber": "2.104", "roomName": "2.104 Szemin\u00e1rium", "roomType": "educational", "floorId": 7, "level": 2, "fillSource": "mvt"}, "geometry": {"type": "Polygon", "coordinates": [[[19.062081475, 47.474491425], [19.062077475, 47.474491425], [19.062081475, 47.474494425], [19.062093475, 47.474532425], [19.062011475, 47.474544425], [19.062000475, 47.474502425], [19.062037475, 47.474497425], [19.062038475, 47.474501425], [19.062042475, 47.474500425], [19.062041475, 47.474496425], [19.062081475, 47.474491425]]]}}, {"type": "Feature", "properties": {"id": 58, "roomCode": "L\u00c9-2-105-01-12", "roomNumber": "2.105", "roomName": "2.105 Szemin\u00e1rium", "roomType": "educational", "floorId": 7, "level": 2, "fillSource": "mvt"}, "geometry": {"type": "Polygon", "coordinates": [[[19.062163682, 47.474502376], [19.062167682, 47.474504376], [19.062179682, 47.474542376], [19.062097682, 47.474554376], [19.062086682, 47.474512376], [19.062123682, 47.474507376], [19.062125682, 47.474511376], [19.062129682, 47.474511376], [19.062127682, 47.474507376], [19.062163682, 47.474502376]]]}}, {"type": "Feature", "properties": {"id": 642, "roomCode": "L\u00c9-2-112-01-14", "roomNumber": "2.112", "roomName": "2.112 Hallgat\u00f3i Labor", "roomType": "educational", "floorId": 7, "level": 2, "fillSource": "mvt"}, "geometry": {"type": "Polygon", "coordinates": [[[19.062278228, 47.474699298], [19.062294228, 47.474754298], [19.062215228, 47.474763298], [19.062208228, 47.474740298], [19.062213228, 47.474739298], [19.062200228, 47.474712298], [19.062278228, 47.474699298]]]}}, {"type": "Feature", "properties": {"id": 643, "roomCode": "L\u00c9-2-114-01-13", "roomNumber": "2.114", "roomName": "2.114 Oktat\u00f3", "roomType": "educational", "floorId": 7, "level": 2, "fillSource": "mvt"}, "geometry": {"type": "Polygon", "coordinates": [[[19.062168647, 47.474777388], [19.062178647, 47.474818388], [19.062130647, 47.474825388], [19.062118647, 47.474785388], [19.062168647, 47.474777388]]]}}, {"type": "Feature", "properties": {"id": 644, "roomCode": "L\u00c9-2-115-01-13", "roomNumber": "2.115", "roomName": "2.115 Oktat\u00f3", "roomType": "educational", "floorId": 7, "level": 2, "fillSource": "mvt"}, "geometry": {"type": "Polygon", "coordinates": [[[19.062151293, 47.474839559], [19.062164293, 47.474894559], [19.062116293, 47.474901559], [19.062100293, 47.474846559], [19.062119293, 47.474841559], [19.062151293, 47.474839559]]]}}, {"type": "Feature", "properties": {"id": 647, "roomCode": "L\u00c9-2-117-01-13", "roomNumber": "2.117", "roomName": "2.117 Oktat\u00f3", "roomType": "educational", "floorId": 7, "level": 2, "fillSource": "mvt"}, "geometry": {"type": "Polygon", "coordinates": [[[19.062237153, 47.474842875], [19.062253153, 47.474896875], [19.062222153, 47.474902875], [19.062208153, 47.474904875], [19.062191153, 47.474848875], [19.062237153, 47.474842875]]]}}, {"type": "Feature", "properties": {"id": 648, "roomCode": "L\u00c9-2-118-01-14", "roomNumber": "2.118", "roomName": "2.118 ICP-MS laborat\u00f3rium", "roomType": "educational", "floorId": 7, "level": 2, "fillSource": "mvt"}, "geometry": {"type": "Polygon", "coordinates": [[[19.062346769, 47.474866321], [19.062350769, 47.474870321], [19.062364769, 47.474920321], [19.062290769, 47.474931321], [19.062272769, 47.474876321], [19.062346769, 47.474866321]]]}}, {"type": "Feature", "properties": {"id": 649, "roomCode": "L\u00c9-2-119-01-14", "roomNumber": "2.119", "roomName": "2.119 ICP-MS el\u0151k\u00e9sz\u00edt\u0151", "roomType": "educational", "floorId": 7, "level": 2, "fillSource": "mvt"}, "geometry": {"type": "Polygon", "coordinates": [[[19.062362671, 47.474833694], [19.062366671, 47.474838694], [19.062370671, 47.474859694], [19.062296671, 47.474870694], [19.062288671, 47.474843694], [19.062362671, 47.474833694]]]}}, {"type": "Feature", "properties": {"id": 650, "roomCode": "L\u00c9-2-120-01-14", "roomNumber": "2.120", "roomName": "2.120 TXRF laborat\u00f3rium", "roomType": "educational", "floorId": 7, "level": 2, "fillSource": "mvt"}, "geometry": {"type": "Polygon", "coordinates": [[[19.062371093, 47.474805502], [19.062375093, 47.474810502], [19.062379093, 47.474831502], [19.062306093, 47.474842502], [19.062298093, 47.474815502], [19.062371093, 47.474805502]]]}}, {"type": "Feature", "properties": {"id": 651, "roomCode": "L\u00c9-2-121-06-84", "roomNumber": "2.121", "roomName": "2.121 TXRF el\u0151k\u00e9sz\u00edt\u0151", "roomType": "technical", "floorId": 7, "level": 2, "fillSource": "catalog-bbox"}, "geometry": {"type": "Polygon", "coordinates": [[[19.062317499964486, 47.47477184010985], [19.062399460035515, 47.47477184010985], [19.062399460035515, 47.47480908989015], [19.062317499964486, 47.47480908989015], [19.062317499964486, 47.47477184010985]]]}}, {"type": "Feature", "properties": {"id": 652, "roomCode": "L\u00c9-2-123-06-84", "roomNumber": "2.123", "roomName": "2.123 AAS el\u0151k\u00e9sz\u00edt\u0151", "roomType": "technical", "floorId": 7, "level": 2, "fillSource": "catalog-bbox"}, "geometry": {"type": "Polygon", "coordinates": [[[19.06233468516551, 47.47471559305118], [19.062416646834492, 47.47471559305118], [19.062416646834492, 47.474752842948824], [19.06233468516551, 47.474752842948824], [19.06233468516551, 47.47471559305118]]]}}, {"type": "Feature", "properties": {"id": 653, "roomCode": "L\u00c9-2-127-06-84", "roomNumber": "2.127", "roomName": "2.127 Hallgat\u00f3i m\u0171szerszoba", "roomType": "technical", "floorId": 7, "level": 2, "fillSource": "catalog-bbox"}, "geometry": {"type": "Polygon", "coordinates": [[[19.06238689380182, 47.47454298186739], [19.062470300198186, 47.47454298186739], [19.062470300198186, 47.47458060013261], [19.06238689380182, 47.47458060013261], [19.06238689380182, 47.47454298186739]]]}}, {"type": "Feature", "properties": {"id": 654, "roomCode": "L\u00c9-2-128-01-14", "roomNumber": "2.128", "roomName": "2.128 Hallgat\u00f3i m\u00e9rlegszoba el\u0151k\u00e9sz\u00edt\u0151", "roomType": "educational", "floorId": 7, "level": 2, "fillSource": "mvt"}, "geometry": {"type": "Polygon", "coordinates": [[[19.062464077, 47.474521682], [19.062474077, 47.474546682], [19.062398077, 47.474556682], [19.062390077, 47.474527682], [19.062435077, 47.474521682], [19.062464077, 47.474521682]]]}}, {"type": "Feature", "properties": {"id": 1199, "roomCode": "L\u00c9-2-132-01-12", "roomNumber": "2.132", "roomName": "2.132 Szupersz\u00e1m\u00edt\u00f3g\u00e9p laborat\u00f3rium", "roomType": "educational", "floorId": 7, "level": 2, "fillSource": "mvt"}, "geometry": {"type": "Polygon", "coordinates": [[[19.062562664, 47.474230324], [19.062579664, 47.474285324], [19.062504664, 47.474295324], [19.062502664, 47.474290324], [19.062492664, 47.474291324], [19.062488664, 47.474278324], [19.062498664, 47.474277324], [19.062487664, 47.474241324], [19.062494664, 47.474239324], [19.062562664, 47.474230324]]]}}, {"type": "Feature", "properties": {"id": 658, "roomCode": "L\u00c9-2-133-01-14", "roomNumber": "2.133", "roomName": "2.133 K\u00e1rm\u00e1n Labor", "roomType": "educational", "floorId": 7, "level": 2, "fillSource": "mvt"}, "geometry": {"type": "Polygon", "coordinates": [[[19.06258138, 47.474185349], [19.06259838, 47.474240349], [19.06252238, 47.474251349], [19.06251038, 47.474214349], [19.06250238, 47.474216349], [19.06249838, 47.474203349], [19.06250838, 47.474202349], [19.06250638, 47.474196349], [19.06258138, 47.474185349]]]}}, {"type": "Feature", "properties": {"id": 659, "roomCode": "L\u00c9-2-134-01-14", "roomNumber": "2.134", "roomName": "2.134 K\u00e1rm\u00e1n laborat\u00f3rium", "roomType": "educational", "floorId": 7, "level": 2, "fillSource": "mvt"}, "geometry": {"type": "Polygon", "coordinates": [[[19.062598637, 47.474129787], [19.062615637, 47.474183787], [19.062540637, 47.474194787], [19.062528637, 47.474158787], [19.062518637, 47.474159787], [19.062514637, 47.474146787], [19.062524637, 47.474145787], [19.062523637, 47.474139787], [19.062598637, 47.474129787]]]}}, {"type": "Feature", "properties": {"id": 660, "roomCode": "L\u00c9-2-136-01-14", "roomNumber": "2.136", "roomName": "2.136 Sug\u00e1r laborat\u00f3rium", "roomType": "educational", "floorId": 7, "level": 2, "fillSource": "mvt"}, "geometry": {"type": "Polygon", "coordinates": [[[19.062412755, 47.474170689], [19.062414755, 47.474176689], [19.062424755, 47.474175689], [19.062428755, 47.474188689], [19.062408755, 47.474190689], [19.062418755, 47.474190689], [19.062423755, 47.474205689], [19.062413755, 47.474207689], [19.062425755, 47.474206689], [19.062429755, 47.474225689], [19.062353755, 47.474236689], [19.062337755, 47.474181689], [19.062392755, 47.474173689], [19.062412755, 47.474170689]]]}}, {"type": "Feature", "properties": {"id": 661, "roomCode": "L\u00c9-2-137-01-14", "roomNumber": "2.137", "roomName": "2.137 S\u00f6t\u00e9tszoba", "roomType": "educational", "floorId": 7, "level": 2, "fillSource": "mvt"}, "geometry": {"type": "Polygon", "coordinates": [[[19.062393612, 47.474214651], [19.062406612, 47.474251651], [19.062416612, 47.474249651], [19.062420612, 47.474262651], [19.062410612, 47.474263651], [19.062412612, 47.474269651], [19.062337612, 47.474280651], [19.062320612, 47.474225651], [19.062393612, 47.474214651]]]}}, {"type": "Feature", "properties": {"id": 1200, "roomCode": "L\u00c9-2-138-01-12", "roomNumber": "2.138", "roomName": "2.138 sz\u00e1m\u00edt\u00f3g\u00e9p labor", "roomType": "educational", "floorId": 7, "level": 2, "fillSource": "mvt"}, "geometry": {"type": "Polygon", "coordinates": [[[19.062384714, 47.474287222], [19.062385714, 47.474293222], [19.062396714, 47.474291222], [19.062400714, 47.474304222], [19.062389714, 47.474306222], [19.062401714, 47.474342222], [19.062325714, 47.474352222], [19.062308714, 47.474298222], [19.062350714, 47.474291222], [19.062384714, 47.474287222]]]}}, {"type": "Feature", "properties": {"id": 664, "roomCode": "L\u00c9-2-139-01-17", "roomNumber": "2.139", "roomName": "2.139 Tan\u00e1ri Klub", "roomType": "educational", "floorId": 7, "level": 2, "fillSource": "mvt"}, "geometry": {"type": "Polygon", "coordinates": [[[19.062361256, 47.474327231], [19.062372256, 47.474363231], [19.062382256, 47.474361231], [19.062386256, 47.474374231], [19.062375256, 47.474376231], [19.062377256, 47.474382231], [19.062302256, 47.474392231], [19.062286256, 47.474338231], [19.062361256, 47.474327231]]]}}, {"type": "Feature", "properties": {"id": 665, "roomCode": "L\u00c9-2-53/A -01-13", "roomNumber": "2.53", "roomName": " 2.53/A  Oktat\u00f3", "roomType": "educational", "floorId": 7, "level": 2, "fillSource": "mvt"}, "geometry": {"type": "Polygon", "coordinates": [[[19.06179367, 47.474423536], [19.06180267, 47.474451536], [19.06172667, 47.474462536], [19.06171867, 47.474433536], [19.06179367, 47.474423536]]]}}, {"type": "Feature", "properties": {"id": 666, "roomCode": "L\u00c9-2-53/B-01-13", "roomNumber": "2.53/B", "roomName": "2.53/B Oktat\u00f3", "roomType": "educational", "floorId": 7, "level": 2, "fillSource": "mvt"}, "geometry": {"type": "Polygon", "coordinates": [[[19.061777198, 47.47445166], [19.061779198, 47.47445766], [19.061789198, 47.47445666], [19.061793198, 47.47446966], [19.061783198, 47.47447066], [19.061785198, 47.47448066], [19.061712198, 47.47449066], [19.061709198, 47.47448866], [19.061701198, 47.47446166], [19.061777198, 47.47445166]]]}}, {"type": "Feature", "properties": {"id": 446, "roomCode": "L\u00c9-2-54-01-12", "roomNumber": "2.54", "roomName": "2.54 Novob\u00e1tzky Terem", "roomType": "educational", "floorId": 7, "level": 2, "fillSource": "mvt"}, "geometry": {"type": "Polygon", "coordinates": [[[19.061820897, 47.474291231], [19.061845897, 47.474374231], [19.061770897, 47.474384231], [19.061744897, 47.474301231], [19.061820897, 47.474291231]]]}}, {"type": "Feature", "properties": {"id": 667, "roomCode": "L\u00c9-2-56-01-13", "roomNumber": "2.56", "roomName": "2.56 Oktat\u00f3", "roomType": "educational", "floorId": 7, "level": 2, "fillSource": "mvt"}, "geometry": {"type": "Polygon", "coordinates": [[[19.061845291, 47.474256876], [19.061853291, 47.474282876], [19.061777291, 47.474292876], [19.061769291, 47.474266876], [19.061845291, 47.474256876]]]}}, {"type": "Feature", "properties": {"id": 668, "roomCode": "L\u00c9-2-57-06-84", "roomNumber": "2.57", "roomName": "2.57 Modern fizikai  laborat\u00f3rium el\u0151k\u00e9sz\u00edt\u0151", "roomType": "technical", "floorId": 7, "level": 2, "fillSource": "catalog-bbox"}, "geometry": {"type": "Polygon", "coordinates": [[[19.06178478886891, 47.4742248068887], [19.06186840713109, 47.4742248068887], [19.06186840713109, 47.474262057111304], [19.06178478886891, 47.474262057111304], [19.06178478886891, 47.4742248068887]]]}}, {"type": "Feature", "properties": {"id": 669, "roomCode": "L\u00c9-2-58-01-14", "roomNumber": "2.58", "roomName": "2.58 Modern fizikai  laborat\u00f3rium 6.", "roomType": "educational", "floorId": 7, "level": 2, "fillSource": "mvt"}, "geometry": {"type": "Polygon", "coordinates": [[[19.061861772, 47.474200298], [19.061869772, 47.474227298], [19.061794772, 47.474238298], [19.061787772, 47.474210298], [19.061861772, 47.474200298]]]}}, {"type": "Feature", "properties": {"id": 670, "roomCode": "L\u00c9-2-59-01-14", "roomNumber": "2.59", "roomName": "2.59 Modern fizikai  laborat\u00f3rium 7. ", "roomType": "educational", "floorId": 7, "level": 2, "fillSource": "mvt"}, "geometry": {"type": "Polygon", "coordinates": [[[19.061870536, 47.474172804], [19.061878536, 47.474198804], [19.061803536, 47.474208804], [19.061795536, 47.474182804], [19.061870536, 47.474172804]]]}}, {"type": "Feature", "properties": {"id": 671, "roomCode": "L\u00c9-2-61-01-14", "roomNumber": "2.61", "roomName": "2.61 Modern fizikai  laborat\u00f3rium 15.", "roomType": "educational", "floorId": 7, "level": 2, "fillSource": "mvt"}, "geometry": {"type": "Polygon", "coordinates": [[[19.061888378, 47.474090911], [19.061905378, 47.474145911], [19.061830378, 47.474155911], [19.061813378, 47.474100911], [19.061888378, 47.474090911]]]}}, {"type": "Feature", "properties": {"id": 672, "roomCode": "L\u00c9-2-62-01-14", "roomNumber": "2.62", "roomName": "2.62 Modern fizikai  laborat\u00f3rium   10.", "roomType": "educational", "floorId": 7, "level": 2, "fillSource": "mvt"}, "geometry": {"type": "Polygon", "coordinates": [[[19.061905071, 47.474060515], [19.061913071, 47.474086515], [19.061837071, 47.474097515], [19.061829071, 47.474070515], [19.061905071, 47.474060515]]]}}, {"type": "Feature", "properties": {"id": 673, "roomCode": "L\u00c9-2-63-01-14", "roomNumber": "2.63", "roomName": "2.63 PC-8 Laborat\u00f3rium", "roomType": "educational", "floorId": 7, "level": 2, "fillSource": "mvt"}, "geometry": {"type": "Polygon", "coordinates": [[[19.061915205, 47.473980939], [19.061940205, 47.474063939], [19.061865205, 47.474073939], [19.061840205, 47.473991939], [19.061915205, 47.473980939]]]}}, {"type": "Feature", "properties": {"id": 674, "roomCode": "L\u00c9-2-64-01-13", "roomNumber": "2.64", "roomName": "2.64 Oktat\u00f3", "roomType": "educational", "floorId": 7, "level": 2, "fillSource": "mvt"}, "geometry": {"type": "Polygon", "coordinates": [[[19.062016858, 47.473998309], [19.062035858, 47.474054309], [19.061989858, 47.474061309], [19.061972858, 47.474007309], [19.061989858, 47.474000309], [19.062016858, 47.473998309]]]}}, {"type": "Feature", "properties": {"id": 675, "roomCode": "L\u00c9-2-65-01-13", "roomNumber": "2.65", "roomName": "2.65 Oktat\u00f3", "roomType": "educational", "floorId": 7, "level": 2, "fillSource": "mvt"}, "geometry": {"type": "Polygon", "coordinates": [[[19.062057792, 47.474008282], [19.062060792, 47.474009282], [19.062077792, 47.474064282], [19.062037792, 47.474068282], [19.062021792, 47.474018282], [19.062035792, 47.474016282], [19.062033792, 47.474010282], [19.062057792, 47.474008282]]]}}, {"type": "Feature", "properties": {"id": 676, "roomCode": "L\u00c9-2-66-01-13", "roomNumber": "2.66", "roomName": "2.66 Int\u00e9zet igazgat\u00f3", "roomType": "educational", "floorId": 7, "level": 2, "fillSource": "mvt"}, "geometry": {"type": "Polygon", "coordinates": [[[19.062102777, 47.474009629], [19.062118777, 47.474066629], [19.062079777, 47.474071629], [19.062063777, 47.474017629], [19.062065777, 47.474015629], [19.062102777, 47.474009629]]]}}, {"type": "Feature", "properties": {"id": 677, "roomCode": "L\u00c9-2-67-02-33", "roomNumber": "2.67", "roomName": "2.67 Titk\u00e1rs\u00e1g", "roomType": "administrative", "floorId": 7, "level": 2, "fillSource": "mvt"}, "geometry": {"type": "Polygon", "coordinates": [[[19.062138933, 47.474019574], [19.062141933, 47.474021574], [19.062158933, 47.474075574], [19.062116933, 47.474081574], [19.062101933, 47.474024574], [19.062114933, 47.474021574], [19.062138933, 47.474019574]]]}}, {"type": "Feature", "properties": {"id": 678, "roomCode": "L\u00c9-2-68-01-13", "roomNumber": "2.68", "roomName": "2.68 Oktat\u00f3", "roomType": "educational", "floorId": 7, "level": 2, "fillSource": "mvt"}, "geometry": {"type": "Polygon", "coordinates": [[[19.062185965, 47.47402138], [19.062201965, 47.47407838], [19.062162965, 47.47408338], [19.062146965, 47.47402938], [19.062148965, 47.47402638], [19.062185965, 47.47402138]]]}}, {"type": "Feature", "properties": {"id": 679, "roomCode": "L\u00c9-2-69-01-13", "roomNumber": "2.69", "roomName": "2.69 Oktat\u00f3", "roomType": "educational", "floorId": 7, "level": 2, "fillSource": "mvt"}, "geometry": {"type": "Polygon", "coordinates": [[[19.062221594, 47.474031763], [19.062225594, 47.474032763], [19.062241594, 47.474086763], [19.062201594, 47.474091763], [19.062184594, 47.474036763], [19.062198594, 47.474033763], [19.062221594, 47.474031763]]]}}, {"type": "Feature", "properties": {"id": 680, "roomCode": "L\u00c9-2-70-01-13", "roomNumber": "2.70", "roomName": "2.70 Oktat\u00f3", "roomType": "educational", "floorId": 7, "level": 2, "fillSource": "mvt"}, "geometry": {"type": "Polygon", "coordinates": [[[19.062269004, 47.474032967], [19.062285004, 47.474089967], [19.062247004, 47.474094967], [19.062230004, 47.474040967], [19.062232004, 47.474037967], [19.062269004, 47.474032967]]]}}, {"type": "Feature", "properties": {"id": 681, "roomCode": "L\u00c9-2-71-01-13", "roomNumber": "2.71", "roomName": "2.71 Oktat\u00f3", "roomType": "educational", "floorId": 7, "level": 2, "fillSource": "mvt"}, "geometry": {"type": "Polygon", "coordinates": [[[19.062304807, 47.474042768], [19.062308807, 47.474044768], [19.062324807, 47.474098768], [19.062284807, 47.474102768], [19.062267807, 47.474047768], [19.062281807, 47.474045768], [19.062304807, 47.474042768]]]}}, {"type": "Feature", "properties": {"id": 682, "roomCode": "L\u00c9-2-72-01-13", "roomNumber": "2.72", "roomName": "2.72 Tansz\u00e9kvezet\u0151", "roomType": "educational", "floorId": 7, "level": 2, "fillSource": "mvt"}, "geometry": {"type": "Polygon", "coordinates": [[[19.062353503, 47.474047559], [19.062370503, 47.474103559], [19.062331503, 47.474108559], [19.062315503, 47.474055559], [19.062317503, 47.474052559], [19.062327503, 47.474050559], [19.062353503, 47.474047559]]]}}, {"type": "Feature", "properties": {"id": 683, "roomCode": "L\u00c9-2-73-01-13", "roomNumber": "2.73", "roomName": "2.73 Oktat\u00f3", "roomType": "educational", "floorId": 7, "level": 2, "fillSource": "mvt"}, "geometry": {"type": "Polygon", "coordinates": [[[19.062385188, 47.474051662], [19.062389188, 47.474053662], [19.062406188, 47.474107662], [19.062365188, 47.474112662], [19.062349188, 47.474056662], [19.062385188, 47.474051662]]]}}, {"type": "Feature", "properties": {"id": 684, "roomCode": "L\u00c9-2-74-01-13", "roomNumber": "2.74", "roomName": "2.74 Oktat\u00f3", "roomType": "educational", "floorId": 7, "level": 2, "fillSource": "mvt"}, "geometry": {"type": "Polygon", "coordinates": [[[19.062421362, 47.474060336], [19.062423362, 47.474066336], [19.062437362, 47.474065336], [19.062451362, 47.474116336], [19.062413362, 47.474121336], [19.062396362, 47.474067336], [19.062408362, 47.474062336], [19.062421362, 47.474060336]]]}}, {"type": "Feature", "properties": {"id": 685, "roomCode": "L\u00c9-2-75-01-13", "roomNumber": "2.75", "roomName": "2.75 Oktat\u00f3", "roomType": "educational", "floorId": 7, "level": 2, "fillSource": "mvt"}, "geometry": {"type": "Polygon", "coordinates": [[[19.06246908, 47.474066527], [19.06246908, 47.474068527], [19.06247708, 47.474067527], [19.06249308, 47.474121527], [19.06244808, 47.474126527], [19.06243208, 47.474071527], [19.06246908, 47.474066527]]]}}, {"type": "Feature", "properties": {"id": 686, "roomCode": "L\u00c9-2-76-01-13", "roomNumber": "2.76", "roomName": "2.76 Oktat\u00f3", "roomType": "educational", "floorId": 7, "level": 2, "fillSource": "mvt"}, "geometry": {"type": "Polygon", "coordinates": [[[19.062363338, 47.47411731], [19.062375338, 47.47415431], [19.062294338, 47.47416531], [19.062282338, 47.47412831], [19.062358338, 47.47411731], [19.062363338, 47.47411731]]]}}, {"type": "Feature", "properties": {"id": 687, "roomCode": "L\u00c9-2-77-01-14", "roomNumber": "2.77", "roomName": "2.77 Hallgat\u00f3i Laborat\u00f3rium \"B\"", "roomType": "educational", "floorId": 7, "level": 2, "fillSource": "mvt"}, "geometry": {"type": "Polygon", "coordinates": [[[19.062284807, 47.47410224], [19.062295807, 47.47414024], [19.062214807, 47.47415024], [19.062203807, 47.47411424], [19.062284807, 47.47410224]]]}}, {"type": "Feature", "properties": {"id": 688, "roomCode": "L\u00c9-2-80-06-84", "roomNumber": "2.80", "roomName": "2.80 El\u0151k\u00e9sz\u00edt\u0151", "roomType": "technical", "floorId": 7, "level": 2, "fillSource": "catalog-bbox"}, "geometry": {"type": "Polygon", "coordinates": [[[19.061957559712063, 47.47410263992807], [19.062041104287932, 47.47410263992807], [19.062041104287932, 47.474139560071926], [19.061957559712063, 47.474139560071926], [19.061957559712063, 47.47410263992807]]]}}, {"type": "Feature", "properties": {"id": 689, "roomCode": "L\u00c9-2-81-01-13", "roomNumber": "2.81", "roomName": "2.81 Modern fizikai laborat\u00f3rium", "roomType": "educational", "floorId": 7, "level": 2, "fillSource": "mvt"}, "geometry": {"type": "Polygon", "coordinates": [[[19.062017808, 47.474134268], [19.062024808, 47.474161268], [19.061950808, 47.474171268], [19.061942808, 47.474144268], [19.062017808, 47.474134268]]]}}, {"type": "Feature", "properties": {"id": 690, "roomCode": "L\u00c9-2-82-01-14", "roomNumber": "2.82", "roomName": "2.82 Modern fizikai laborat\u00f3rium", "roomType": "educational", "floorId": 7, "level": 2, "fillSource": "mvt"}, "geometry": {"type": "Polygon", "coordinates": [[[19.062015887, 47.474163738], [19.062023887, 47.474189738], [19.061948887, 47.474200738], [19.061939887, 47.474173738], [19.061947887, 47.474171738], [19.062015887, 47.474163738]]]}}, {"type": "Feature", "properties": {"id": 691, "roomCode": "L\u00c9-2-83-01-14", "roomNumber": "2.83", "roomName": "2.83 Modern fizikai laborat\u00f3rium", "roomType": "educational", "floorId": 7, "level": 2, "fillSource": "mvt"}, "geometry": {"type": "Polygon", "coordinates": [[[19.062007559, 47.474191339], [19.062015559, 47.474217339], [19.061939559, 47.474229339], [19.061931559, 47.474202339], [19.061939559, 47.474200339], [19.062007559, 47.474191339]]]}}, {"type": "Feature", "properties": {"id": 692, "roomCode": "L\u00c9-2-84-01-14", "roomNumber": "2.84", "roomName": "2.84 Modern fizikai laborat\u00f3rium", "roomType": "educational", "floorId": 7, "level": 2, "fillSource": "mvt"}, "geometry": {"type": "Polygon", "coordinates": [[[19.061998695, 47.47422025], [19.062006695, 47.47424625], [19.061931695, 47.47425625], [19.061922695, 47.47423025], [19.061930695, 47.47422725], [19.061998695, 47.47422025]]]}}, {"type": "Feature", "properties": {"id": 693, "roomCode": "L\u00c9-2-85-01-14", "roomNumber": "2.85", "roomName": "2.85 Modern fizikai laborat\u00f3rium", "roomType": "educational", "floorId": 7, "level": 2, "fillSource": "mvt"}, "geometry": {"type": "Polygon", "coordinates": [[[19.061983733, 47.474246524], [19.061989733, 47.474273524], [19.061916733, 47.474283524], [19.061908733, 47.474257524], [19.061983733, 47.474246524]]]}}, {"type": "Feature", "properties": {"id": 694, "roomCode": "L\u00c9-2-88-01-13", "roomNumber": "2.88", "roomName": "2.88 Oktat\u00f3", "roomType": "educational", "floorId": 7, "level": 2, "fillSource": "mvt"}, "geometry": {"type": "Polygon", "coordinates": [[[19.062003482, 47.474346148], [19.062014482, 47.474385148], [19.061979482, 47.474389148], [19.061967482, 47.474351148], [19.061976482, 47.474348148], [19.062003482, 47.474346148]]]}}, {"type": "Feature", "properties": {"id": 695, "roomCode": "L\u00c9-2-89-01-13", "roomNumber": "2.89", "roomName": "2.89 Oktat\u00f3", "roomType": "educational", "floorId": 7, "level": 2, "fillSource": "mvt"}, "geometry": {"type": "Polygon", "coordinates": [[[19.062043944, 47.474351451], [19.062055944, 47.474390451], [19.062015944, 47.474394451], [19.062003944, 47.474356451], [19.062017944, 47.474354451], [19.062043944, 47.474351451]]]}}, {"type": "Feature", "properties": {"id": 696, "roomCode": "L\u00c9-2-90-01-13", "roomNumber": "2.90", "roomName": "2.90 Oktat\u00f3", "roomType": "educational", "floorId": 7, "level": 2, "fillSource": "mvt"}, "geometry": {"type": "Polygon", "coordinates": [[[19.062085852, 47.474357073], [19.062096852, 47.474396073], [19.062057852, 47.474401073], [19.062045852, 47.474362073], [19.062058852, 47.474360073], [19.062085852, 47.474357073]]]}}, {"type": "Feature", "properties": {"id": 697, "roomCode": "L\u00c9-2-91-01-13", "roomNumber": "2.91", "roomName": "2.91 Doktorandusz", "roomType": "educational", "floorId": 7, "level": 2, "fillSource": "mvt"}, "geometry": {"type": "Polygon", "coordinates": [[[19.062210516, 47.474374914], [19.062222516, 47.474412914], [19.062182516, 47.474417914], [19.062170516, 47.474379914], [19.062183516, 47.474376914], [19.062210516, 47.474374914]]]}}, {"type": "Feature", "properties": {"id": 698, "roomCode": "L\u00c9-2-92-01-13", "roomNumber": "2.92", "roomName": "2.92 Oktat\u00f3", "roomType": "educational", "floorId": 7, "level": 2, "fillSource": "mvt"}, "geometry": {"type": "Polygon", "coordinates": [[[19.062252072, 47.474380201], [19.062263072, 47.474419201], [19.062224072, 47.474424201], [19.062213072, 47.474385201], [19.062225072, 47.474383201], [19.062252072, 47.474380201]]]}}, {"type": "Feature", "properties": {"id": 699, "roomCode": "L\u00c9-2-93-01-13", "roomNumber": "2.93", "roomName": "2.93 Oktat\u00f3", "roomType": "educational", "floorId": 7, "level": 2, "fillSource": "mvt"}, "geometry": {"type": "Polygon", "coordinates": [[[19.062289684, 47.474385881], [19.062300684, 47.474424881], [19.062265684, 47.474428881], [19.062253684, 47.474390881], [19.062266684, 47.474388881], [19.062289684, 47.474385881]]]}}, {"type": "Feature", "properties": {"id": 700, "roomCode": "L\u00c9-2-98-05-77", "roomNumber": "2.98", "roomName": "2.98 Teakonyha", "roomType": "social", "floorId": 7, "level": 2, "fillSource": "mvt"}, "geometry": {"type": "Polygon", "coordinates": [[[19.062163663, 47.474452849], [19.062170663, 47.474478849], [19.062142663, 47.474482849], [19.062134663, 47.474455849], [19.062163663, 47.474452849]]]}}, {"type": "Feature", "properties": {"id": 701, "roomCode": "L\u00c9-2-K3-04-63", "roomNumber": "2-K3", "roomName": "2.K3 K\u00f6zleked\u0151 (\u00e1tj\u00e1r\u00f3  KTCS dolgoz\u00f3szob\u00e1khoz)", "roomType": "corridor", "floorId": 7, "level": 2, "fillSource": "mvt"}, "geometry": {"type": "Polygon", "coordinates": [[[19.06224037, 47.474819262], [19.06224437, 47.474833262], [19.06210437, 47.474852262], [19.06209937, 47.474839262], [19.06220737, 47.474823262], [19.06224037, 47.474819262]]]}}, {"type": "Feature", "properties": {"id": 702, "roomCode": "L\u00c9-2-K4-04-63", "roomNumber": "2-K4", "roomName": "2.K4 K\u00f6zleked\u0151  (Keleti lift\u0151l \u00c9)", "roomType": "corridor", "floorId": 7, "level": 2, "fillSource": "mvt"}, "geometry": {"type": "Polygon", "coordinates": [[[19.062316239, 47.474680853], [19.062322239, 47.474696853], [19.062311239, 47.474698853], [19.062323239, 47.474696853], [19.062327239, 47.474707853], [19.062315239, 47.474708853], [19.062326239, 47.474711853], [19.062330239, 47.474722853], [19.062320239, 47.474723853], [19.062332239, 47.474725853], [19.062335239, 47.474735853], [19.062323239, 47.474736853], [19.062334239, 47.474736853], [19.062339239, 47.474752853], [19.062328239, 47.474754853], [19.062340239, 47.474753853], [19.062343239, 47.474766853], [19.062335239, 47.474767853], [19.062343239, 47.474767853], [19.062346239, 47.474778853], [19.062336239, 47.474780853], [19.062340239, 47.474794853], [19.062351239, 47.474793853], [19.062355239, 47.474808853], [19.062346239, 47.474810853], [19.062350239, 47.474823853], [19.062361239, 47.474823853], [19.062363239, 47.474834853], [19.062370239, 47.474848853], [19.062358239, 47.474849853], [19.062369239, 47.474849853], [19.062373239, 47.474864853], [19.062363239, 47.474867853], [19.062375239, 47.474865853], [19.062378239, 47.474876853], [19.062366239, 47.474877853], [19.062379239, 47.474884853], [19.062366239, 47.474890853], [19.062327239, 47.474891853], [19.062326239, 47.474886853], [19.062336239, 47.474885853], [19.062335239, 47.474881853], [19.062324239, 47.474883853], [19.062320239, 47.474872853], [19.062332239, 47.474871853], [19.062320239, 47.474868853], [19.062316239, 47.474856853], [19.062327239, 47.474853853], [19.062315239, 47.474855853], [19.062312239, 47.474844853], [19.062323239, 47.474843853], [19.062312239, 47.474841853], [19.062304239, 47.474816853], [19.062315239, 47.474814853], [19.062304239, 47.474815853], [19.062300239, 47.474800853], [19.062310239, 47.474798853], [19.062306239, 47.474784853], [19.062295239, 47.474784853], [19.062287239, 47.474760853], [19.062298239, 47.474758853], [19.062287239, 47.474759853], [19.062283239, 47.474744853], [19.062292239, 47.474741853], [19.062281239, 47.474743853], [19.062277239, 47.474732853], [19.062287239, 47.474727853], [19.062277239, 47.474728853], [19.062275239, 47.474717853], [19.062284239, 47.474715853], [19.062280239, 47.474701853], [19.062269239, 47.474703853], [19.062265239, 47.474687853], [19.062275239, 47.474685853], [19.062264239, 47.474686853], [19.062261239, 47.474676853], [19.062272239, 47.474675853], [19.062260239, 47.474669853], [19.062269239, 47.474666853], [19.062267239, 47.474656853], [19.062257239, 47.474657853], [19.062257239, 47.474667853], [19.062251239, 47.474643853], [19.062261239, 47.474641853], [19.062239239, 47.474552853], [19.062267239, 47.474550853], [19.062268239, 47.474557853], [19.062280239, 47.474554853], [19.062284239, 47.474566853], [19.062272239, 47.474569853], [19.062283239, 47.474568853], [19.062287239, 47.474583853], [19.062277239, 47.474584853], [19.062290239, 47.474584853], [19.062292239, 47.474594853], [19.062280239, 47.474596853], [19.062292239, 47.474598853], [19.062295239, 47.474609853], [19.062287239, 47.474610853], [19.062285239, 47.474614853], [19.062298239, 47.474612853], [19.062300239, 47.474623853], [19.062290239, 47.474624853], [19.062299239, 47.474624853], [19.062304239, 47.474639853], [19.062295239, 47.474642853], [19.062306239, 47.474640853], [19.062312239, 47.474665853], [19.062302239, 47.474667853], [19.062303239, 47.474670853], [19.062312239, 47.474666853], [19.062318239, 47.474679853], [19.062316239, 47.474680853]]]}}, {"type": "Feature", "properties": {"id": 703, "roomCode": "L\u00c9-2-K5-04-63", "roomNumber": "2-K5", "roomName": "2.K5 El\u0151t\u00e9r Keleti lift el\u0151tt", "roomType": "corridor", "floorId": 7, "level": 2, "fillSource": "mvt"}, "geometry": {"type": "Polygon", "coordinates": [[[19.062384394, 47.47440461], [19.062389394, 47.47441861], [19.062379394, 47.47442061], [19.062391394, 47.47441861], [19.062394394, 47.47442961], [19.062383394, 47.47443161], [19.062383394, 47.47443361], [19.062393394, 47.47443161], [19.062393394, 47.47443261], [19.062395394, 47.47444061], [19.062394394, 47.47443761], [19.062385394, 47.47443861], [19.062403394, 47.47449761], [19.062412394, 47.47449661], [19.062412394, 47.47449361], [19.062415394, 47.47450261], [19.062404394, 47.47450261], [19.062405394, 47.47450461], [19.062416394, 47.47450361], [19.062420394, 47.47451461], [19.062408394, 47.47451561], [19.062419394, 47.47451561], [19.062424394, 47.47453061], [19.062414394, 47.47453361], [19.062424394, 47.47453161], [19.062428394, 47.47454461], [19.062418394, 47.47454561], [19.062418394, 47.47454761], [19.062428394, 47.47454561], [19.062431394, 47.47455661], [19.062380394, 47.47456361], [19.062379394, 47.47455961], [19.062388394, 47.47455761], [19.062376394, 47.47451561], [19.062357394, 47.47451861], [19.062351394, 47.47449561], [19.062347394, 47.47449661], [19.062344394, 47.47448761], [19.062349394, 47.47448661], [19.062346394, 47.47447961], [19.062342394, 47.47447961], [19.062339394, 47.47447061], [19.062343394, 47.47446961], [19.062334394, 47.47445361], [19.062338394, 47.47445261], [19.062332394, 47.47443161], [19.062350394, 47.47442961], [19.062340394, 47.47442961], [19.062338394, 47.47442261], [19.062347394, 47.47442161], [19.062341394, 47.47440461], [19.062384394, 47.47440461]]]}}, {"type": "Feature", "properties": {"id": 704, "roomCode": "L\u00c9-2-K6-04-63", "roomNumber": "2-K6", "roomName": "2.K6 K\u00f6zleked\u0151 (Keleti liftt\u0151l D)", "roomType": "corridor", "floorId": 7, "level": 2, "fillSource": "mvt"}, "geometry": {"type": "Polygon", "coordinates": [[[19.06244167, 47.474090598], [19.06244767, 47.474103598], [19.06243667, 47.474105598], [19.06244667, 47.474104598], [19.06245067, 47.474120598], [19.06244067, 47.474121598], [19.06244467, 47.474135598], [19.06245567, 47.474135598], [19.06245867, 47.474145598], [19.06244867, 47.474148598], [19.06245467, 47.474168598], [19.06245467, 47.474161598], [19.06246367, 47.474160598], [19.06246867, 47.474176598], [19.06245967, 47.474177598], [19.06245667, 47.474171598], [19.06245867, 47.474178598], [19.06247067, 47.474177598], [19.06247367, 47.474187598], [19.06247267, 47.474190598], [19.06246467, 47.474192598], [19.06246167, 47.474189598], [19.06246267, 47.474192598], [19.06247267, 47.474191598], [19.06247567, 47.474202598], [19.06246767, 47.474203598], [19.06247767, 47.474203598], [19.06248167, 47.474215598], [19.06247067, 47.474218598], [19.06248067, 47.474217598], [19.06248567, 47.474232598], [19.06247567, 47.474233598], [19.06247967, 47.474248598], [19.06248967, 47.474247598], [19.06249367, 47.474258598], [19.06248367, 47.474260598], [19.06248567, 47.474269598], [19.06248767, 47.474274598], [19.06249767, 47.474273598], [19.06250267, 47.474288598], [19.06249267, 47.474290598], [19.06250467, 47.474289598], [19.06250767, 47.474299598], [19.06250667, 47.474303598], [19.06249867, 47.474304598], [19.06250767, 47.474303598], [19.06251067, 47.474314598], [19.06250067, 47.474316598], [19.06250667, 47.474336598], [19.06250667, 47.474330598], [19.06251467, 47.474329598], [19.06252467, 47.474356598], [19.06252367, 47.474359598], [19.06251567, 47.474361598], [19.06252367, 47.474359598], [19.06252767, 47.474370598], [19.06251967, 47.474372598], [19.06252767, 47.474371598], [19.06253367, 47.474384598], [19.06252167, 47.474386598], [19.06253267, 47.474385598], [19.06253667, 47.474399598], [19.06252667, 47.474402598], [19.06253267, 47.474421598], [19.06250167, 47.474426598], [19.06247467, 47.474338598], [19.06246567, 47.474339598], [19.06246167, 47.474325598], [19.06247067, 47.474324598], [19.06246667, 47.474314598], [19.06245667, 47.474315598], [19.06245567, 47.474310598], [19.06246567, 47.474309598], [19.06246467, 47.474305598], [19.06246367, 47.474309598], [19.06245567, 47.474310598], [19.06245167, 47.474296598], [19.06246167, 47.474295598], [19.06245067, 47.474295598], [19.06244667, 47.474280598], [19.06245667, 47.474279598], [19.06245267, 47.474265598], [19.06244167, 47.474265598], [19.06243867, 47.474254598], [19.06244867, 47.474252598], [19.06244467, 47.474238598], [19.06243467, 47.474239598], [19.06242967, 47.474224598], [19.06243667, 47.474222598], [19.06242767, 47.474223598], [19.06242167, 47.474198598], [19.06242967, 47.474196598], [19.06242167, 47.474197598], [19.06241867, 47.474195598], [19.06241767, 47.474184598], [19.06242767, 47.474183598], [19.06241667, 47.474183598], [19.06241267, 47.474168598], [19.06242267, 47.474166598], [19.06241867, 47.474153598], [19.06240767, 47.474153598], [19.06240367, 47.474142598], [19.06241467, 47.474140598], [19.06240967, 47.474125598], [19.06239967, 47.474127598], [19.06239567, 47.474111598], [19.06240467, 47.474109598], [19.06239367, 47.474110598], [19.06238967, 47.474100598], [19.06239067, 47.474096598], [19.06239867, 47.474095598], [19.06239967, 47.474098598], [19.06240467, 47.474095598], [19.06242867, 47.474092598], [19.06243367, 47.474094598], [19.06243367, 47.474091598], [19.06244167, 47.474090598]]]}}, {"type": "Feature", "properties": {"id": 705, "roomCode": "L\u00c9-2-K7-04-63", "roomNumber": "2-K7", "roomName": "2.K7 K\u00f6zleked\u0151 D\u00e9li oldal", "roomType": "corridor", "floorId": 7, "level": 2, "fillSource": "mvt"}, "geometry": {"type": "Polygon", "coordinates": [[[19.06245532, 47.474042651], [19.06245932, 47.474057651], [19.06241232, 47.474064651], [19.06241332, 47.474069651], [19.06240232, 47.474071651], [19.06240032, 47.474066651], [19.06200932, 47.474120651], [19.06201132, 47.474125651], [19.06199932, 47.474127651], [19.06199732, 47.474122651], [19.06195032, 47.474128651], [19.06194632, 47.474113651], [19.06245532, 47.474042651]]]}}, {"type": "Feature", "properties": {"id": 706, "roomCode": "L\u00c9-2-K8-04-63", "roomNumber": "2-K8", "roomName": "2.K8 K\u00f6zleked\u0151 (Nyugati  liftt\u0151l D)", "roomType": "corridor", "floorId": 7, "level": 2, "fillSource": "mvt"}, "geometry": {"type": "Polygon", "coordinates": [[[19.0619461, 47.474180994], [19.0619551, 47.474179994], [19.0619611, 47.474193994], [19.0619491, 47.474194994], [19.0619591, 47.474194994], [19.0619641, 47.474209994], [19.0619551, 47.474212994], [19.0619661, 47.474210994], [19.0619691, 47.474221994], [19.0619691, 47.474224994], [19.0619601, 47.474225994], [19.0619691, 47.474224994], [19.0619701, 47.474229994], [19.0619601, 47.474231994], [19.0619631, 47.474241994], [19.0619731, 47.474240994], [19.0619771, 47.474254994], [19.0619681, 47.474256994], [19.0619941, 47.474343994], [19.0619631, 47.474347994], [19.0619571, 47.474328994], [19.0619471, 47.474329994], [19.0619421, 47.474314994], [19.0619521, 47.474311994], [19.0619401, 47.474313994], [19.0619381, 47.474299994], [19.0619461, 47.474297994], [19.0619381, 47.474299994], [19.0619341, 47.474288994], [19.0619431, 47.474286994], [19.0619341, 47.474287994], [19.0619281, 47.474274994], [19.0619401, 47.474272994], [19.0619301, 47.474273994], [19.0619251, 47.474257994], [19.0619351, 47.474255994], [19.0619251, 47.474257994], [19.0619201, 47.474246994], [19.0619211, 47.474243994], [19.0619291, 47.474242994], [19.0619211, 47.474242994], [19.0619181, 47.474232994], [19.0619241, 47.474231994], [19.0619171, 47.474231994], [19.0619121, 47.474218994], [19.0619231, 47.474216994], [19.0619131, 47.474217994], [19.0619081, 47.474201994], [19.0619181, 47.474198994], [19.0619081, 47.474200994], [19.0619031, 47.474189994], [19.0619041, 47.474187994], [19.0619121, 47.474185994], [19.0619041, 47.474186994], [19.0619001, 47.474175994], [19.0619091, 47.474174994], [19.0619101, 47.474170994], [19.0619081, 47.474174994], [19.0619001, 47.474175994], [19.0618941, 47.474162994], [19.0619061, 47.474160994], [19.0618951, 47.474160994], [19.0618911, 47.474145994], [19.0619011, 47.474142994], [19.0618891, 47.474144994], [19.0618861, 47.474134994], [19.0618871, 47.474131994], [19.0618971, 47.474130994], [19.0618861, 47.474130994], [19.0618831, 47.474120994], [19.0618931, 47.474116994], [19.0618831, 47.474118994], [19.0618771, 47.474106994], [19.0618891, 47.474104994], [19.0618791, 47.474104994], [19.0618741, 47.474090994], [19.0618831, 47.474086994], [19.0618721, 47.474088994], [19.0618691, 47.474076994], [19.0618771, 47.474072994], [19.0618691, 47.474074994], [19.0618661, 47.474063994], [19.0618741, 47.474061994], [19.0618641, 47.474061994], [19.0618601, 47.474049994], [19.0618721, 47.474048994], [19.0618611, 47.474048994], [19.0618571, 47.474033994], [19.0618671, 47.474030994], [19.0618551, 47.474032994], [19.0618511, 47.474021994], [19.0618521, 47.474018994], [19.0618611, 47.474017994], [19.0618631, 47.474019994], [19.0618661, 47.474015994], [19.0618931, 47.474013994], [19.0618981, 47.474027994], [19.0619081, 47.474025994], [19.0619131, 47.474041994], [19.0619031, 47.474043994], [19.0619151, 47.474042994], [19.0619171, 47.474055994], [19.0619091, 47.474057994], [19.0619181, 47.474056994], [19.0619201, 47.474067994], [19.0619121, 47.474068994], [19.0619211, 47.474067994], [19.0619261, 47.474080994], [19.0619151, 47.474082994], [19.0619251, 47.474082994], [19.0619301, 47.474097994], [19.0619201, 47.474099994], [19.0619321, 47.474098994], [19.0619351, 47.474108994], [19.0619341, 47.474111994], [19.0619261, 47.474113994], [19.0619241, 47.474110994], [19.0619241, 47.474113994], [19.0619341, 47.474112994], [19.0619381, 47.474123994], [19.0619301, 47.474124994], [19.0619381, 47.474123994], [19.0619401, 47.474126994], [19.0619441, 47.474136994], [19.0619321, 47.474138994], [19.0619421, 47.474138994], [19.0619471, 47.474153994], [19.0619381, 47.474155994], [19.0619491, 47.474154994], [19.0619521, 47.474164994], [19.0619511, 47.474168994], [19.0619431, 47.474169994], [19.0619521, 47.474168994], [19.0619551, 47.474179994], [19.0619461, 47.474180994]]]}}, {"type": "Feature", "properties": {"id": 707, "roomCode": "L\u00c9-2-K9-04-63", "roomNumber": "2-K9", "roomName": "2.K9 El\u0151t\u00e9r Ny-i lift el\u0151tt", "roomType": "corridor", "floorId": 7, "level": 2, "fillSource": "mvt"}, "geometry": {"type": "Polygon", "coordinates": [[[19.061811034, 47.474363753], [19.061809034, 47.474360753], [19.061807034, 47.474349753], [19.061817034, 47.474348753], [19.061807034, 47.474348753], [19.061802034, 47.474333753], [19.061812034, 47.474331753], [19.061808034, 47.474316753], [19.061798034, 47.474318753], [19.061796034, 47.474313753], [19.061835034, 47.474305753], [19.061850034, 47.474347753], [19.061870034, 47.474345753], [19.061876034, 47.474367753], [19.061880034, 47.474367753], [19.061883034, 47.474376753], [19.061878034, 47.474377753], [19.061881034, 47.474384753], [19.061885034, 47.474384753], [19.061888034, 47.474393753], [19.061884034, 47.474393753], [19.061886034, 47.474401753], [19.061890034, 47.474401753], [19.061893034, 47.474410753], [19.061889034, 47.474410753], [19.061896034, 47.474431753], [19.061876034, 47.474435753], [19.061886034, 47.474434753], [19.061888034, 47.474441753], [19.061878034, 47.474442753], [19.061889034, 47.474476753], [19.061899034, 47.474475753], [19.061901034, 47.474479753], [19.061849034, 47.474487753], [19.061846034, 47.474476753], [19.061856034, 47.474473753], [19.061846034, 47.474474753], [19.061842034, 47.474462753], [19.061852034, 47.474460753], [19.061842034, 47.474461753], [19.061837034, 47.474445753], [19.061846034, 47.474443753], [19.061835034, 47.474444753], [19.061831034, 47.474434753], [19.061832034, 47.474430753], [19.061841034, 47.474430753], [19.061843034, 47.474432753], [19.061842034, 47.474429753], [19.061831034, 47.474430753], [19.061830034, 47.474424753], [19.061831034, 47.474426753], [19.061840034, 47.474424753], [19.061823034, 47.474367753], [19.061814034, 47.474367753], [19.061813034, 47.474370753], [19.061813034, 47.474367753], [19.061811034, 47.474363753]]]}}, {"type": "Feature", "properties": {"id": 708, "roomCode": "L\u00c9-2-L3-04-64", "roomNumber": "2-L3", "roomName": "2.L3 L\u00e9pcs\u0151h\u00e1z Fizika \u00c9K-i", "roomType": "corridor", "floorId": 7, "level": 2, "fillSource": "mvt"}, "geometry": {"type": "Polygon", "coordinates": [[[19.062246648, 47.474787304], [19.062252648, 47.474811304], [19.062177648, 47.474820304], [19.062169648, 47.474798304], [19.062234648, 47.474789304], [19.062246648, 47.474787304]]]}}, {"type": "Feature", "properties": {"id": 709, "roomCode": "L\u00c9-2-L5-04-64", "roomNumber": "2-L5", "roomName": "2.L5 L\u00e9pcs\u0151h\u00e1z Fizika DK-i", "roomType": "corridor", "floorId": 7, "level": 2, "fillSource": "mvt"}, "geometry": {"type": "Polygon", "coordinates": [[[19.062447996, 47.474139415], [19.062454996, 47.474163415], [19.062376996, 47.474174415], [19.062369996, 47.474150415], [19.062419996, 47.474143415], [19.062447996, 47.474139415]]]}}, {"type": "Feature", "properties": {"id": 710, "roomCode": "L\u00c9-2-L6-04-64", "roomNumber": "2-L6", "roomName": "2.L6 L\u00e9pcs\u0151h\u00e1z Fizika DNy-i", "roomType": "corridor", "floorId": 7, "level": 2, "fillSource": "mvt"}, "geometry": {"type": "Polygon", "coordinates": [[[19.062030543, 47.474082857], [19.062037543, 47.474105857], [19.061959543, 47.474116857], [19.061952543, 47.474093857], [19.062026543, 47.474082857], [19.062030543, 47.474082857]]]}}, {"type": "Feature", "properties": {"id": 711, "roomCode": "L\u00c9-2-L7-04-64", "roomNumber": "2-L7", "roomName": "2.L7 L\u00e9pcs\u0151h\u00e1z  L7 ( 3 kar\u00fa)", "roomType": "corridor", "floorId": 7, "level": 2, "fillSource": "mvt"}, "geometry": {"type": "Polygon", "coordinates": [[[19.062270922, 47.474444863], [19.062282922, 47.474482863], [19.062194922, 47.474494863], [19.062182922, 47.474456863], [19.062238922, 47.474448863], [19.062270922, 47.474444863]]]}}, {"type": "Feature", "properties": {"id": 308, "roomCode": "LK-3-300/3-04-63", "roomNumber": "300/3", "roomName": "3.300/3 Hossz\u00fa laborfolyos\u00f3", "roomType": "corridor", "floorId": 8, "level": 3, "fillSource": "mvt"}, "geometry": {"type": "Polygon", "coordinates": [[[19.061455809, 47.474917735], [19.061477809, 47.474927735], [19.061478809, 47.474933735], [19.061490809, 47.474932735], [19.061496809, 47.474951735], [19.061485809, 47.474953735], [19.061490809, 47.474970735], [19.061501809, 47.474969735], [19.061505809, 47.474979735], [19.061493809, 47.474981735], [19.061498809, 47.474998735], [19.061510809, 47.474997735], [19.061513809, 47.475008735], [19.061501809, 47.475009735], [19.061506809, 47.475027735], [19.061518809, 47.475025735], [19.061522809, 47.475036735], [19.061510809, 47.475037735], [19.061516809, 47.475055735], [19.061528809, 47.475053735], [19.061530809, 47.475064735], [19.061518809, 47.475066735], [19.061524809, 47.475083735], [19.061536809, 47.475081735], [19.061538809, 47.475092735], [19.061528809, 47.475094735], [19.061533809, 47.475111735], [19.061544809, 47.475109735], [19.061548809, 47.475120735], [19.061536809, 47.475122735], [19.061541809, 47.475139735], [19.061553809, 47.475137735], [19.061556809, 47.475148735], [19.061544809, 47.475150735], [19.061549809, 47.475167735], [19.061561809, 47.475165735], [19.061565809, 47.475176735], [19.061553809, 47.475178735], [19.061559809, 47.475195735], [19.061571809, 47.475193735], [19.061573809, 47.475204735], [19.061561809, 47.475206735], [19.061565809, 47.475217735], [19.061576809, 47.475215735], [19.061579809, 47.475223735], [19.061567809, 47.475225735], [19.061579809, 47.475261735], [19.061589809, 47.475260735], [19.061592809, 47.475269735], [19.061551809, 47.475274735], [19.061549809, 47.475266735], [19.061537809, 47.475268735], [19.061534809, 47.475258735], [19.061545809, 47.475256735], [19.061540809, 47.475238735], [19.061529809, 47.475240735], [19.061525809, 47.475230735], [19.061537809, 47.475228735], [19.061532809, 47.475210735], [19.061520809, 47.475211735], [19.061517809, 47.475201735], [19.061529809, 47.475200735], [19.061524809, 47.475182735], [19.061512809, 47.475183735], [19.061508809, 47.475172735], [19.061520809, 47.475172735], [19.061514809, 47.475153735], [19.061502809, 47.475155735], [19.061500809, 47.475144735], [19.061512809, 47.475143735], [19.061506809, 47.475125735], [19.061494809, 47.475127735], [19.061492809, 47.475116735], [19.061502809, 47.475115735], [19.061497809, 47.475097735], [19.061486809, 47.475099735], [19.061482809, 47.475088735], [19.061494809, 47.475087735], [19.061489809, 47.475069735], [19.061477809, 47.475071735], [19.061474809, 47.475060735], [19.061486809, 47.475059735], [19.061481809, 47.475041735], [19.061469809, 47.475043735], [19.061465809, 47.475032735], [19.061477809, 47.475031735], [19.061471809, 47.475013735], [19.061459809, 47.475015735], [19.061451809, 47.474986735], [19.061465809, 47.474984735], [19.061445809, 47.474930735], [19.061455809, 47.474917735]]]}}, {"type": "Feature", "properties": {"id": 309, "roomCode": "LK-3-300/4-04-64", "roomNumber": "300/4", "roomName": "3.300/4 Menek\u00fcl\u0151 l\u00e9pcs\u0151h\u00e1z L1", "roomType": "corridor", "floorId": 8, "level": 3, "fillSource": "mvt"}, "geometry": {"type": "Polygon", "coordinates": [[[19.061450181, 47.47521072], [19.061468181, 47.47526472], [19.061391181, 47.47527572], [19.061378181, 47.47527272], [19.061364181, 47.47522672], [19.061450181, 47.47521072]]]}}, {"type": "Feature", "properties": {"id": 310, "roomCode": "LK-3-301-01-13", "roomNumber": "301", "roomName": "3.301 Adatel\u0151k\u00e9sz\u00edt\u0151 \u00e9s feldolgoz\u00f3 szoba", "roomType": "educational", "floorId": 8, "level": 3, "fillSource": "mvt"}, "geometry": {"type": "Polygon", "coordinates": [[[19.061637509, 47.474582938], [19.061645509, 47.474611938], [19.061575509, 47.474618938], [19.061567509, 47.474592938], [19.061637509, 47.474582938]]]}}, {"type": "Feature", "properties": {"id": 311, "roomCode": "LK-3-302-01-13", "roomNumber": "302", "roomName": "3.302 Oktat\u00f3", "roomType": "educational", "floorId": 8, "level": 3, "fillSource": "mvt"}, "geometry": {"type": "Polygon", "coordinates": [[[19.061627761, 47.474612788], [19.061635761, 47.474638788], [19.061568761, 47.474648788], [19.061560761, 47.474621788], [19.061627761, 47.474612788]]]}}, {"type": "Feature", "properties": {"id": 312, "roomCode": "LK-3-303-01-13", "roomNumber": "303", "roomName": "3.303 PHD dolgoz\u00f3i szoba", "roomType": "educational", "floorId": 8, "level": 3, "fillSource": "mvt"}, "geometry": {"type": "Polygon", "coordinates": [[[19.061619301, 47.474640009], [19.061627301, 47.474666009], [19.061560301, 47.474676009], [19.061552301, 47.474650009], [19.061619301, 47.474640009]]]}}, {"type": "Feature", "properties": {"id": 313, "roomCode": "LK-3-304-06-84", "roomNumber": "304", "roomName": "3.304 Rakt\u00e1r I.", "roomType": "technical", "floorId": 8, "level": 3, "fillSource": "catalog-bbox"}, "geometry": {"type": "Polygon", "coordinates": [[[19.061549392886747, 47.47466504383314], [19.06162452311325, 47.47466504383314], [19.06162452311325, 47.47470044216686], [19.061549392886747, 47.47470044216686], [19.061549392886747, 47.47466504383314]]]}}, {"type": "Feature", "properties": {"id": 314, "roomCode": "LK-3-305-01-13", "roomNumber": "305", "roomName": "3.305 PHD Dolgoz\u00f3i", "roomType": "educational", "floorId": 8, "level": 3, "fillSource": "mvt"}, "geometry": {"type": "Polygon", "coordinates": [[[19.061601902, 47.474696598], [19.061609902, 47.474722598], [19.061542902, 47.474731598], [19.061534902, 47.474706598], [19.061601902, 47.474696598]]]}}, {"type": "Feature", "properties": {"id": 315, "roomCode": "LK-3-306-01-13", "roomNumber": "306", "roomName": "3.306 Oktat\u00f3", "roomType": "educational", "floorId": 8, "level": 3, "fillSource": "mvt"}, "geometry": {"type": "Polygon", "coordinates": [[[19.061593485, 47.474723878], [19.061601485, 47.474749878], [19.061534485, 47.474758878], [19.061526485, 47.474733878], [19.061593485, 47.474723878]]]}}, {"type": "Feature", "properties": {"id": 316, "roomCode": "LK-3-307-01-14", "roomNumber": "307", "roomName": "3.307 Kutat\u00f3i labor", "roomType": "educational", "floorId": 8, "level": 3, "fillSource": "mvt"}, "geometry": {"type": "Polygon", "coordinates": [[[19.061577136, 47.474756133], [19.061593136, 47.474810133], [19.061526136, 47.474819133], [19.061510136, 47.474765133], [19.061577136, 47.474756133]]]}}, {"type": "Feature", "properties": {"id": 317, "roomCode": "LK-3-308-01-14", "roomNumber": "308", "roomName": "3.308 Kutat\u00f3i labor", "roomType": "educational", "floorId": 8, "level": 3, "fillSource": "mvt"}, "geometry": {"type": "Polygon", "coordinates": [[[19.061559749, 47.47481172], [19.061575749, 47.47486672], [19.061508749, 47.47487572], [19.061492749, 47.47482172], [19.061559749, 47.47481172]]]}}, {"type": "Feature", "properties": {"id": 318, "roomCode": "LK-3-309-01-14", "roomNumber": "309", "roomName": "3.309 Kutat\u00f3i labor", "roomType": "educational", "floorId": 8, "level": 3, "fillSource": "mvt"}, "geometry": {"type": "Polygon", "coordinates": [[[19.061549459, 47.474866163], [19.061557459, 47.474893163], [19.061490459, 47.474902163], [19.061482459, 47.474876163], [19.061549459, 47.474866163]]]}}, {"type": "Feature", "properties": {"id": 319, "roomCode": "LK-3-310-01-14", "roomNumber": "310", "roomName": "3.310 Kutat\u00f3i m\u00e9r\u0151szoba", "roomType": "educational", "floorId": 8, "level": 3, "fillSource": "mvt"}, "geometry": {"type": "Polygon", "coordinates": [[[19.061541587, 47.474893701], [19.061549587, 47.474920701], [19.061480587, 47.474929701], [19.061473587, 47.474903701], [19.061541587, 47.474893701]]]}}, {"type": "Feature", "properties": {"id": 320, "roomCode": "LK-3-311-01-14", "roomNumber": "311", "roomName": "3.311 M\u0171szeres labor", "roomType": "educational", "floorId": 8, "level": 3, "fillSource": "mvt"}, "geometry": {"type": "Polygon", "coordinates": [[[19.061522387, 47.474930122], [19.061538387, 47.474983122], [19.061473387, 47.474992122], [19.061455387, 47.474939122], [19.061522387, 47.474930122]]]}}, {"type": "Feature", "properties": {"id": 321, "roomCode": "LK-3-313-01-14", "roomNumber": "313", "roomName": "3.313 Hallgat\u00f3i labor", "roomType": "educational", "floorId": 8, "level": 3, "fillSource": "mvt"}, "geometry": {"type": "Polygon", "coordinates": [[[19.061488654, 47.475041419], [19.061504654, 47.475096419], [19.061437654, 47.475105419], [19.061421654, 47.475050419], [19.061488654, 47.475041419]]]}}, {"type": "Feature", "properties": {"id": 322, "roomCode": "LK-3-314-01-14", "roomNumber": "314", "roomName": "3.314 Kutat\u00f3 labor", "roomType": "educational", "floorId": 8, "level": 3, "fillSource": "mvt"}, "geometry": {"type": "Polygon", "coordinates": [[[19.061478454, 47.475095057], [19.061487454, 47.475121057], [19.061419454, 47.475130057], [19.061413454, 47.475104057], [19.061478454, 47.475095057]]]}}, {"type": "Feature", "properties": {"id": 323, "roomCode": "LK-3-315-01-14", "roomNumber": "315", "roomName": "3.315 M\u00e9rleg szoba, centrifugaszoba", "roomType": "educational", "floorId": 8, "level": 3, "fillSource": "mvt"}, "geometry": {"type": "Polygon", "coordinates": [[[19.061470521, 47.475123081], [19.061478521, 47.475149081], [19.061411521, 47.475158081], [19.061403521, 47.475132081], [19.061470521, 47.475123081]]]}}, {"type": "Feature", "properties": {"id": 324, "roomCode": "LK-3-316-01-14", "roomNumber": "316", "roomName": "3.316 Hallgat\u00f3i labor", "roomType": "educational", "floorId": 8, "level": 3, "fillSource": "mvt"}, "geometry": {"type": "Polygon", "coordinates": [[[19.061454189, 47.475153477], [19.061470189, 47.475207477], [19.061404189, 47.475216477], [19.061388189, 47.475164477], [19.061454189, 47.475153477]]]}}, {"type": "Feature", "properties": {"id": 77, "roomCode": "LK-3-317-01-12", "roomNumber": "317", "roomName": "317 Haj\u00f3orr III.", "roomType": "educational", "floorId": 8, "level": 3, "fillSource": "mvt"}, "geometry": {"type": "Polygon", "coordinates": [[[19.061538768, 47.475260096], [19.061563768, 47.475342096], [19.061484768, 47.475353096], [19.061461768, 47.475339096], [19.061538768, 47.475260096]]]}}, {"type": "Feature", "properties": {"id": 325, "roomCode": "LK-3-318-01-14", "roomNumber": "318", "roomName": "3.318 Hallgat\u00f3i labor", "roomType": "educational", "floorId": 8, "level": 3, "fillSource": "mvt"}, "geometry": {"type": "Polygon", "coordinates": [[[19.061557482, 47.475226684], [19.061573482, 47.475281684], [19.061506482, 47.475290684], [19.061490482, 47.475236684], [19.061557482, 47.475226684]]]}}, {"type": "Feature", "properties": {"id": 326, "roomCode": "LK-3-319-01-14", "roomNumber": "319", "roomName": "3.319 Hallgat\u00f3i m\u0171szeres labor", "roomType": "educational", "floorId": 8, "level": 3, "fillSource": "mvt"}, "geometry": {"type": "Polygon", "coordinates": [[[19.061574565, 47.475170638], [19.061590565, 47.475225638], [19.061523565, 47.475234638], [19.061507565, 47.475180638], [19.061574565, 47.475170638]]]}}, {"type": "Feature", "properties": {"id": 327, "roomCode": "LK-3-320-01-14", "roomNumber": "320", "roomName": "3.320 Hallgat\u00f3i el\u0151k\u00e9sz\u00edt\u0151 labor", "roomType": "educational", "floorId": 8, "level": 3, "fillSource": "mvt"}, "geometry": {"type": "Polygon", "coordinates": [[[19.061590978, 47.475140404], [19.061598978, 47.475166404], [19.061530978, 47.475175404], [19.061522978, 47.475149404], [19.061590978, 47.475140404]]]}}, {"type": "Feature", "properties": {"id": 328, "roomCode": "LK-3-321-01-14", "roomNumber": "321", "roomName": "3.321 M\u0171szeres labor", "roomType": "educational", "floorId": 8, "level": 3, "fillSource": "mvt"}, "geometry": {"type": "Polygon", "coordinates": [[[19.061599119, 47.475112381], [19.061607119, 47.475138381], [19.061540119, 47.475147381], [19.061532119, 47.475121381], [19.061599119, 47.475112381]]]}}, {"type": "Feature", "properties": {"id": 329, "roomCode": "LK-3-322-01-14", "roomNumber": "322", "roomName": "3.322 K\u00e9miai labor", "roomType": "educational", "floorId": 8, "level": 3, "fillSource": "mvt"}, "geometry": {"type": "Polygon", "coordinates": [[[19.061607661, 47.475084558], [19.061615661, 47.475109558], [19.061548661, 47.475119558], [19.061540661, 47.475093558], [19.061607661, 47.475084558]]]}}, {"type": "Feature", "properties": {"id": 330, "roomCode": "LK-3-323-01-14", "roomNumber": "323", "roomName": "3.323 Fluorimetria Labor, Optika", "roomType": "educational", "floorId": 8, "level": 3, "fillSource": "mvt"}, "geometry": {"type": "Polygon", "coordinates": [[[19.061616203, 47.475056535], [19.061624203, 47.475081535], [19.061557203, 47.475091535], [19.061549203, 47.475065535], [19.061616203, 47.475056535]]]}}, {"type": "Feature", "properties": {"id": 331, "roomCode": "LK-3-324-01-14", "roomNumber": "324", "roomName": "3.324 Langmuir labor", "roomType": "educational", "floorId": 8, "level": 3, "fillSource": "mvt"}, "geometry": {"type": "Polygon", "coordinates": [[[19.061624744, 47.475028512], [19.061632744, 47.475053512], [19.061565744, 47.475063512], [19.061557744, 47.475037512], [19.061624744, 47.475028512]]]}}, {"type": "Feature", "properties": {"id": 332, "roomCode": "LK-3-325-01-14", "roomNumber": "325", "roomName": "3.325 Kutat\u00f3i m\u00e9r\u0151 labor", "roomType": "educational", "floorId": 8, "level": 3, "fillSource": "mvt"}, "geometry": {"type": "Polygon", "coordinates": [[[19.061633286, 47.474999489], [19.061641286, 47.475026489], [19.061574286, 47.475036489], [19.061566286, 47.475009489], [19.061633286, 47.474999489]]]}}, {"type": "Feature", "properties": {"id": 333, "roomCode": "LK-3-325/A-01-14", "roomNumber": "325/A", "roomName": "3.325/A Kutat\u00f3i m\u0171szer szoba", "roomType": "educational", "floorId": 8, "level": 3, "fillSource": "mvt"}, "geometry": {"type": "Polygon", "coordinates": [[[19.061646602, 47.474950948], [19.061662602, 47.475005948], [19.061631602, 47.475009948], [19.061614602, 47.474955948], [19.061646602, 47.474950948]]]}}, {"type": "Feature", "properties": {"id": 334, "roomCode": "LK-3-326-04-63", "roomNumber": "326", "roomName": "3.326 El\u0151t\u00e9r", "roomType": "corridor", "floorId": 8, "level": 3, "fillSource": "mvt"}, "geometry": {"type": "Polygon", "coordinates": [[[19.061610258, 47.47497182], [19.061618258, 47.47499782], [19.061586258, 47.47500182], [19.061578258, 47.47497582], [19.061610258, 47.47497182]]]}}, {"type": "Feature", "properties": {"id": 335, "roomCode": "LK-3-327-04-63", "roomNumber": "327", "roomName": "3.327 El\u0151t\u00e9r", "roomType": "corridor", "floorId": 8, "level": 3, "fillSource": "mvt"}, "geometry": {"type": "Polygon", "coordinates": [[[19.0616188, 47.474943997], [19.0616268, 47.474968997], [19.0615948, 47.474973997], [19.0615868, 47.474947997], [19.0616188, 47.474943997]]]}}, {"type": "Feature", "properties": {"id": 336, "roomCode": "LK-3-328-01-14", "roomNumber": "328", "roomName": "3.328 Kutat\u00f3i labor", "roomType": "educational", "floorId": 8, "level": 3, "fillSource": "mvt"}, "geometry": {"type": "Polygon", "coordinates": [[[19.061661139, 47.474911444], [19.061669139, 47.474936444], [19.061602139, 47.474946444], [19.061594139, 47.474920444], [19.061661139, 47.474911444]]]}}, {"type": "Feature", "properties": {"id": 337, "roomCode": "LK-3-329-01-14", "roomNumber": "329", "roomName": "3.329 Preparat\u00edv labor", "roomType": "educational", "floorId": 8, "level": 3, "fillSource": "mvt"}, "geometry": {"type": "Polygon", "coordinates": [[[19.061669411, 47.474882974], [19.061677411, 47.474908974], [19.061611411, 47.474917974], [19.061603411, 47.474891974], [19.061669411, 47.474882974]]]}}, {"type": "Feature", "properties": {"id": 338, "roomCode": "LK-3-330-01-14", "roomNumber": "330", "roomName": "3.330 Vegyes labor", "roomType": "educational", "floorId": 8, "level": 3, "fillSource": "mvt"}, "geometry": {"type": "Polygon", "coordinates": [[[19.06167832, 47.474854969], [19.06168632, 47.474880969], [19.06161932, 47.474890969], [19.06161132, 47.474863969], [19.06167832, 47.474854969]]]}}, {"type": "Feature", "properties": {"id": 339, "roomCode": "LK-3-331-01-14", "roomNumber": "331", "roomName": "3.331 Kutat\u00f3i labor", "roomType": "educational", "floorId": 8, "level": 3, "fillSource": "mvt"}, "geometry": {"type": "Polygon", "coordinates": [[[19.061686365, 47.474825715], [19.061694365, 47.474852715], [19.061629365, 47.474861715], [19.061621365, 47.474835715], [19.061686365, 47.474825715]]]}}, {"type": "Feature", "properties": {"id": 340, "roomCode": "LK-3-335-05-77", "roomNumber": "335, 364", "roomName": "3.335 Teakonyha", "roomType": "social", "floorId": 8, "level": 3, "fillSource": "mvt"}, "geometry": {"type": "Polygon", "coordinates": [[[19.061826007, 47.474732997], [19.061836007, 47.474765997], [19.061798007, 47.474769997], [19.061789007, 47.474737997], [19.061826007, 47.474732997]]]}}, {"type": "Feature", "properties": {"id": 341, "roomCode": "LK-3-336-06-84", "roomNumber": "336", "roomName": "3.336 vegyszer rakt\u00e1r ", "roomType": "technical", "floorId": 8, "level": 3, "fillSource": "catalog-bbox"}, "geometry": {"type": "Polygon", "coordinates": [[[19.061778756143628, 47.47469650206378], [19.06185424785637, 47.47469650206378], [19.06185424785637, 47.47473263193621], [19.061778756143628, 47.47473263193621], [19.061778756143628, 47.47469650206378]]]}}, {"type": "Feature", "properties": {"id": 342, "roomCode": "LK-3-337-01-14", "roomNumber": "337", "roomName": "3.337 HPLC labor", "roomType": "educational", "floorId": 8, "level": 3, "fillSource": "mvt"}, "geometry": {"type": "Polygon", "coordinates": [[[19.061848868, 47.474671485], [19.061856868, 47.474698485], [19.061789868, 47.474708485], [19.061781868, 47.474681485], [19.061848868, 47.474671485]]]}}, {"type": "Feature", "properties": {"id": 343, "roomCode": "LK-3-338-01-14", "roomNumber": "338", "roomName": "3.338 Kriok\u00e9mia labor", "roomType": "educational", "floorId": 8, "level": 3, "fillSource": "mvt"}, "geometry": {"type": "Polygon", "coordinates": [[[19.061857128, 47.474644574], [19.061866128, 47.474670574], [19.061798128, 47.474679574], [19.061790128, 47.474653574], [19.061857128, 47.474644574]]]}}, {"type": "Feature", "properties": {"id": 344, "roomCode": "LK-3-339-01-14", "roomNumber": "339", "roomName": "3.339 FACS labor", "roomType": "educational", "floorId": 8, "level": 3, "fillSource": "mvt"}, "geometry": {"type": "Polygon", "coordinates": [[[19.061865917, 47.474616133], [19.061873917, 47.474643133], [19.061806917, 47.474652133], [19.061798917, 47.474626133], [19.061865917, 47.474616133]]]}}, {"type": "Feature", "properties": {"id": 345, "roomCode": "LK-3-340-01-14", "roomNumber": "340", "roomName": "3.340 Aminosav analiz\u00e1tor labor", "roomType": "educational", "floorId": 8, "level": 3, "fillSource": "mvt"}, "geometry": {"type": "Polygon", "coordinates": [[[19.061874725, 47.474587956], [19.061882725, 47.474614956], [19.061815725, 47.474623956], [19.061807725, 47.474597956], [19.061874725, 47.474587956]]]}}, {"type": "Feature", "properties": {"id": 346, "roomCode": "LK-3-341-01-14", "roomNumber": "341", "roomName": "3.341 I. Mikroanalitikai labor", "roomType": "educational", "floorId": 8, "level": 3, "fillSource": "mvt"}, "geometry": {"type": "Polygon", "coordinates": [[[19.061882961, 47.474559862], [19.061891961, 47.474585862], [19.061823961, 47.474595862], [19.061815961, 47.474568862], [19.061882961, 47.474559862]]]}}, {"type": "Feature", "properties": {"id": 347, "roomCode": "LK-3-342-01-14", "roomNumber": "342", "roomName": "3.342 II. Mikroanalitikai labor", "roomType": "educational", "floorId": 8, "level": 3, "fillSource": "mvt"}, "geometry": {"type": "Polygon", "coordinates": [[[19.061892277, 47.474530752], [19.061901277, 47.474556752], [19.061833277, 47.474566752], [19.061824277, 47.474539752], [19.061892277, 47.474530752]]]}}, {"type": "Feature", "properties": {"id": 348, "roomCode": "LK-3-343-01-14", "roomNumber": "343", "roomName": "3.343 III. Mikroanalitikai labor", "roomType": "educational", "floorId": 8, "level": 3, "fillSource": "mvt"}, "geometry": {"type": "Polygon", "coordinates": [[[19.061901001, 47.47450181], [19.061909001, 47.47452881], [19.061842001, 47.47453881], [19.061834001, 47.47451181], [19.061901001, 47.47450181]]]}}, {"type": "Feature", "properties": {"id": 349, "roomCode": "LK-3-344-01-14", "roomNumber": "344", "roomName": "3.344 Immunk\u00e9miai labor", "roomType": "educational", "floorId": 8, "level": 3, "fillSource": "mvt"}, "geometry": {"type": "Polygon", "coordinates": [[[19.061773155, 47.474489164], [19.061789155, 47.474542164], [19.061722155, 47.474552164], [19.061705155, 47.474498164], [19.061773155, 47.474489164]]]}}, {"type": "Feature", "properties": {"id": 350, "roomCode": "LK-3-345-01-14", "roomNumber": "345", "roomName": "3.345 MS labor", "roomType": "educational", "floorId": 8, "level": 3, "fillSource": "mvt"}, "geometry": {"type": "Polygon", "coordinates": [[[19.061763061, 47.474542547], [19.061771061, 47.474568547], [19.061704061, 47.474578547], [19.061696061, 47.474551547], [19.061763061, 47.474542547]]]}}, {"type": "Feature", "properties": {"id": 351, "roomCode": "LK-3-346-01-14", "roomNumber": "346", "roomName": "3.346 T\u00f6megspektrometria labor", "roomType": "educational", "floorId": 8, "level": 3, "fillSource": "mvt"}, "geometry": {"type": "Polygon", "coordinates": [[[19.061754744, 47.474570818], [19.061762744, 47.474596818], [19.061695744, 47.474606818], [19.061685744, 47.474579818], [19.061754744, 47.474570818]]]}}, {"type": "Feature", "properties": {"id": 352, "roomCode": "LK-3-347-01-14", "roomNumber": "347", "roomName": "3.347 Hideg szoba", "roomType": "educational", "floorId": 8, "level": 3, "fillSource": "mvt"}, "geometry": {"type": "Polygon", "coordinates": [[[19.06174529, 47.474600035], [19.06175329, 47.474626035], [19.06168629, 47.474635035], [19.06167829, 47.474609035], [19.06174529, 47.474600035]]]}}, {"type": "Feature", "properties": {"id": 353, "roomCode": "LK-3-350-01-13", "roomNumber": "350", "roomName": "3.350 Oktat\u00f3", "roomType": "educational", "floorId": 8, "level": 3, "fillSource": "mvt"}, "geometry": {"type": "Polygon", "coordinates": [[[19.061906543, 47.474809349], [19.061924543, 47.474861349], [19.061889543, 47.474867349], [19.061873543, 47.474813349], [19.061906543, 47.474809349]]]}}, {"type": "Feature", "properties": {"id": 354, "roomCode": "LK-3-351-01-13", "roomNumber": "351", "roomName": "3.351 Oktat\u00f3", "roomType": "educational", "floorId": 8, "level": 3, "fillSource": "mvt"}, "geometry": {"type": "Polygon", "coordinates": [[[19.061941841, 47.474813987], [19.061958841, 47.474866987], [19.061924841, 47.474870987], [19.061908841, 47.474818987], [19.061941841, 47.474813987]]]}}, {"type": "Feature", "properties": {"id": 355, "roomCode": "LK-3-353-01-13", "roomNumber": "353", "roomName": "3.353 Oktat\u00f3", "roomType": "educational", "floorId": 8, "level": 3, "fillSource": "mvt"}, "geometry": {"type": "Polygon", "coordinates": [[[19.062012135, 47.474824061], [19.062028135, 47.474876061], [19.061995135, 47.474880061], [19.061979135, 47.474829061], [19.062012135, 47.474824061]]]}}, {"type": "Feature", "properties": {"id": 356, "roomCode": "LK-3-354-01-13", "roomNumber": "354", "roomName": "3.354 Oktat\u00f3", "roomType": "educational", "floorId": 8, "level": 3, "fillSource": "mvt"}, "geometry": {"type": "Polygon", "coordinates": [[[19.062047222, 47.474828671], [19.062063222, 47.474880671], [19.062030222, 47.474885671], [19.062014222, 47.474833671], [19.062047222, 47.474828671]]]}}, {"type": "Feature", "properties": {"id": 357, "roomCode": "LK-3-355-01-13", "roomNumber": "355", "roomName": "3.355 Oktat\u00f3", "roomType": "educational", "floorId": 8, "level": 3, "fillSource": "mvt"}, "geometry": {"type": "Polygon", "coordinates": [[[19.062090327, 47.474833889], [19.062105327, 47.474885889], [19.062064327, 47.474890889], [19.062047327, 47.474839889], [19.062090327, 47.474833889]]]}}, {"type": "Feature", "properties": {"id": 358, "roomCode": "LK-3-356-01-13", "roomNumber": "356", "roomName": "3.356 Oktat\u00f3", "roomType": "educational", "floorId": 8, "level": 3, "fillSource": "mvt"}, "geometry": {"type": "Polygon", "coordinates": [[[19.062111846, 47.474771919], [19.062120846, 47.474804919], [19.062081846, 47.474809919], [19.062071846, 47.474776919], [19.062111846, 47.474771919]]]}}, {"type": "Feature", "properties": {"id": 359, "roomCode": "LK-3-357-01-13", "roomNumber": "357", "roomName": "3.357 Oktat\u00f3", "roomType": "educational", "floorId": 8, "level": 3, "fillSource": "mvt"}, "geometry": {"type": "Polygon", "coordinates": [[[19.062070631, 47.474766655], [19.062080631, 47.474799655], [19.062046631, 47.474804655], [19.062037631, 47.474771655], [19.062070631, 47.474766655]]]}}, {"type": "Feature", "properties": {"id": 360, "roomCode": "LK-3-358-01-13", "roomNumber": "358", "roomName": "3.358 Oktat\u00f3", "roomType": "educational", "floorId": 8, "level": 3, "fillSource": "mvt"}, "geometry": {"type": "Polygon", "coordinates": [[[19.062035752, 47.474762251], [19.062045752, 47.474795251], [19.062011752, 47.474799251], [19.062002752, 47.474766251], [19.062035752, 47.474762251]]]}}, {"type": "Feature", "properties": {"id": 361, "roomCode": "LK-3-359-02-33", "roomNumber": "359", "roomName": "3.359 Titk\u00e1rs\u00e1g", "roomType": "administrative", "floorId": 8, "level": 3, "fillSource": "mvt"}, "geometry": {"type": "Polygon", "coordinates": [[[19.062000748, 47.474757507], [19.062010748, 47.474789507], [19.061978748, 47.474794507], [19.061968748, 47.474762507], [19.062000748, 47.474757507]]]}}, {"type": "Feature", "properties": {"id": 362, "roomCode": "LK-3-360-01-13", "roomNumber": "360", "roomName": "3.360 Oktat\u00f3", "roomType": "educational", "floorId": 8, "level": 3, "fillSource": "mvt"}, "geometry": {"type": "Polygon", "coordinates": [[[19.061965105, 47.474752799], [19.061976105, 47.474784799], [19.061942105, 47.474789799], [19.061933105, 47.474756799], [19.061965105, 47.474752799]]]}}, {"type": "Feature", "properties": {"id": 363, "roomCode": "LK-3-361-02-33", "roomNumber": "361", "roomName": "3.361 Titk\u00e1rs\u00e1g", "roomType": "administrative", "floorId": 8, "level": 3, "fillSource": "mvt"}, "geometry": {"type": "Polygon", "coordinates": [[[19.061931518, 47.474747436], [19.061940518, 47.474780436], [19.061907518, 47.474785436], [19.061897518, 47.474752436], [19.061931518, 47.474747436]]]}}, {"type": "Feature", "properties": {"id": 364, "roomCode": "LK-3-362-02-33", "roomNumber": "362", "roomName": "3.362 Iroda", "roomType": "administrative", "floorId": 8, "level": 3, "fillSource": "mvt"}, "geometry": {"type": "Polygon", "coordinates": [[[19.061896715, 47.474743444], [19.061905715, 47.474775444], [19.061872715, 47.474779444], [19.061862715, 47.474747444], [19.061896715, 47.474743444]]]}}, {"type": "Feature", "properties": {"id": 365, "roomCode": "LK-3-363-06-88", "roomNumber": "363", "roomName": "3.363 Szerverszoba", "roomType": "technical", "floorId": 8, "level": 3, "fillSource": "catalog-bbox"}, "geometry": {"type": "Polygon", "coordinates": [[[19.06183043440196, 47.474734689477756], [19.061872575598038, 47.474734689477756], [19.061872575598038, 47.47477124652224], [19.06183043440196, 47.47477124652224], [19.06183043440196, 47.474734689477756]]]}}, {"type": "Feature", "properties": {"id": 60, "roomCode": "LK-\u00c9-334-01-12", "roomNumber": "334", "roomName": "334", "roomType": "educational", "floorId": 8, "level": 3, "fillSource": "mvt"}, "geometry": {"type": "Polygon", "coordinates": [[[19.061799285, 47.474791108], [19.061815285, 47.474845108], [19.061756285, 47.474853108], [19.061738285, 47.474799108], [19.061799285, 47.474791108]]]}}, {"type": "Feature", "properties": {"id": 712, "roomCode": "L\u00c9-3-100/A-01-13", "roomNumber": "3.100/A", "roomName": "3.100/A Oktat\u00f3", "roomType": "educational", "floorId": 8, "level": 3, "fillSource": "mvt"}, "geometry": {"type": "Polygon", "coordinates": [[[19.062165539, 47.474366349], [19.062176539, 47.474403349], [19.062138539, 47.474410349], [19.062126539, 47.474371349], [19.062165539, 47.474366349]]]}}, {"type": "Feature", "properties": {"id": 713, "roomCode": "L\u00c9-3-100/B-01-13", "roomNumber": "3.100/B", "roomName": "3.100/B Oktat\u00f3", "roomType": "educational", "floorId": 8, "level": 3, "fillSource": "mvt"}, "geometry": {"type": "Polygon", "coordinates": [[[19.062207967, 47.474371894], [19.062219967, 47.474409894], [19.062175967, 47.474414894], [19.062164967, 47.474377894], [19.062207967, 47.474371894]]]}}, {"type": "Feature", "properties": {"id": 714, "roomCode": "L\u00c9-3-101/A-01-13", "roomNumber": "3.101/A", "roomName": "3.101/A Int\u00e9zet igazgat\u00f3", "roomType": "educational", "floorId": 8, "level": 3, "fillSource": "mvt"}, "geometry": {"type": "Polygon", "coordinates": [[[19.062248322, 47.474377932], [19.062260322, 47.474414932], [19.062221322, 47.474421932], [19.062210322, 47.474382932], [19.062248322, 47.474377932]]]}}, {"type": "Feature", "properties": {"id": 715, "roomCode": "L\u00c9-3-101/B-01-13", "roomNumber": "3.101/B", "roomName": "3.101/B Oktat\u00f3", "roomType": "educational", "floorId": 8, "level": 3, "fillSource": "mvt"}, "geometry": {"type": "Polygon", "coordinates": [[[19.062287363, 47.47438298], [19.062298363, 47.47442198], [19.062260363, 47.47442598], [19.062248363, 47.47438898], [19.062287363, 47.47438298]]]}}, {"type": "Feature", "properties": {"id": 716, "roomCode": "L\u00c9-3-102-04-63", "roomNumber": "3.102", "roomName": "3.102 Lift el\u0151t\u00e9r", "roomType": "corridor", "floorId": 8, "level": 3, "fillSource": "mvt"}, "geometry": {"type": "Polygon", "coordinates": [[[19.06231541, 47.474443664], [19.06232141, 47.474468664], [19.06229741, 47.474472664], [19.06229441, 47.474463664], [19.06230541, 47.474461664], [19.06229341, 47.474461664], [19.06228941, 47.474447664], [19.06231541, 47.474443664]]]}}, {"type": "Feature", "properties": {"id": 717, "roomCode": "L\u00c9-3-103-05-77", "roomNumber": "3.103", "roomName": "3.103 Teakonyha", "roomType": "social", "floorId": 8, "level": 3, "fillSource": "mvt"}, "geometry": {"type": "Polygon", "coordinates": [[[19.062171584, 47.474424898], [19.062179584, 47.474450898], [19.062151584, 47.474455898], [19.062142584, 47.474428898], [19.062171584, 47.474424898]]]}}, {"type": "Feature", "properties": {"id": 718, "roomCode": "L\u00c9-3-104-06-84", "roomNumber": "3.104", "roomName": "3.104 Takar\u00edt\u00f3szer helyis\u00e9g", "roomType": "technical", "floorId": 8, "level": 3, "fillSource": "catalog-bbox"}, "geometry": {"type": "Polygon", "coordinates": [[[19.062118902986885, 47.4744184292749], [19.062151873013114, 47.4744184292749], [19.062151873013114, 47.47444788872511], [19.062118902986885, 47.47444788872511], [19.062118902986885, 47.4744184292749]]]}}, {"type": "Feature", "properties": {"id": 719, "roomCode": "L\u00c9-3-105/A-05-73", "roomNumber": "3.105/A", "roomName": "3.105/A \u00f6lt\u00f6z\u0151 WC", "roomType": "social", "floorId": 8, "level": 3, "fillSource": "mvt"}, "geometry": {"type": "Polygon", "coordinates": [[[19.06205505, 47.474409938], [19.06206305, 47.474435938], [19.06204605, 47.474437938], [19.06203705, 47.474420938], [19.06204805, 47.474419938], [19.06203905, 47.474419938], [19.06203705, 47.474411938], [19.06205505, 47.474409938]]]}}, {"type": "Feature", "properties": {"id": 720, "roomCode": "L\u00c9-3-105/B-05-71", "roomNumber": "3.105/B", "roomName": "3.105/B N\u0151i \u00f6lt\u00f6z\u0151", "roomType": "social", "floorId": 8, "level": 3, "fillSource": "mvt"}, "geometry": {"type": "Polygon", "coordinates": [[[19.062093953, 47.474412559], [19.062101953, 47.474439559], [19.062059953, 47.474445559], [19.062050953, 47.474418559], [19.062093953, 47.474412559]]]}}, {"type": "Feature", "properties": {"id": 721, "roomCode": "L\u00c9-3-105/C-05-73", "roomNumber": "3.105/C", "roomName": "3.105/C \u00f6lt\u00f6z\u0151 zuhanyoz\u00f3", "roomType": "social", "floorId": 8, "level": 3, "fillSource": "mvt"}, "geometry": {"type": "Polygon", "coordinates": [[[19.062110335, 47.474421999], [19.062113335, 47.474429999], [19.062118335, 47.474428999], [19.062122335, 47.474443999], [19.062105335, 47.474445999], [19.062098335, 47.474422999], [19.062110335, 47.474421999]]]}}, {"type": "Feature", "properties": {"id": 722, "roomCode": "L\u00c9-3-106/A-06-84", "roomNumber": "3.106/A", "roomName": "3.106/A Rakt\u00e1r", "roomType": "technical", "floorId": 8, "level": 3, "fillSource": "catalog-bbox"}, "geometry": {"type": "Polygon", "coordinates": [[[19.062010449220036, 47.47440329200702], [19.062038016779958, 47.47440329200702], [19.062038016779958, 47.474431843992974], [19.062010449220036, 47.474431843992974], [19.062010449220036, 47.47440329200702]]]}}, {"type": "Feature", "properties": {"id": 723, "roomCode": "L\u00c9-3-106/B-06-84", "roomNumber": "3.106/B", "roomName": "3.106/B Rakt\u00e1r", "roomType": "technical", "floorId": 8, "level": 3, "fillSource": "catalog-bbox"}, "geometry": {"type": "Polygon", "coordinates": [[[19.061953076712122, 47.47439555989979], [19.06201704728788, 47.47439555989979], [19.06201704728788, 47.47442944210021], [19.061953076712122, 47.47442944210021], [19.061953076712122, 47.47439555989979]]]}}, {"type": "Feature", "properties": {"id": 724, "roomCode": "L\u00c9-3-106/C-06-84", "roomNumber": "3.106/C", "roomName": "3.106/C Rakt\u00e1r", "roomType": "technical", "floorId": 8, "level": 3, "fillSource": "catalog-bbox"}, "geometry": {"type": "Polygon", "coordinates": [[[19.061937837106864, 47.47439594798517], [19.061957938893134, 47.47439594798517], [19.061957938893134, 47.47442084001484], [19.061937837106864, 47.47442084001484], [19.061937837106864, 47.47439594798517]]]}}, {"type": "Feature", "properties": {"id": 725, "roomCode": "L\u00c9-3-107-05-77", "roomNumber": "3.107", "roomName": "3.107 Teakonyha", "roomType": "social", "floorId": 8, "level": 3, "fillSource": "mvt"}, "geometry": {"type": "Polygon", "coordinates": [[[19.062163771, 47.474452515], [19.062170771, 47.474478515], [19.062142771, 47.474482515], [19.062134771, 47.474456515], [19.062163771, 47.474452515]]]}}, {"type": "Feature", "properties": {"id": 726, "roomCode": "L\u00c9-3-108-05-71", "roomNumber": "3.108", "roomName": "3.108 Mozg\u00e1skorl\u00e1tozott WC", "roomType": "social", "floorId": 8, "level": 3, "fillSource": "mvt"}, "geometry": {"type": "Polygon", "coordinates": [[[19.0621339, 47.474448978], [19.0621409, 47.474474978], [19.0621169, 47.474477978], [19.0621089, 47.474451978], [19.0621339, 47.474448978]]]}}, {"type": "Feature", "properties": {"id": 727, "roomCode": "L\u00c9-3-109/A-05-71", "roomNumber": "3.109/A", "roomName": "3.109/A \u00f6lt\u00f6z\u0151 WC", "roomType": "social", "floorId": 8, "level": 3, "fillSource": "mvt"}, "geometry": {"type": "Polygon", "coordinates": [[[19.062106931, 47.474445266], [19.062110931, 47.474459266], [19.062105931, 47.474460266], [19.062107931, 47.474468266], [19.062095931, 47.474470266], [19.062088931, 47.474447266], [19.062106931, 47.474445266]]]}}, {"type": "Feature", "properties": {"id": 728, "roomCode": "L\u00c9-3-109/B-05-73", "roomNumber": "3.109/B", "roomName": "3.109/B \u00d6lt\u00f6z\u0151", "roomType": "social", "floorId": 8, "level": 3, "fillSource": "mvt"}, "geometry": {"type": "Polygon", "coordinates": [[[19.062085894, 47.474439941], [19.062093894, 47.474465941], [19.062050894, 47.474471941], [19.062042894, 47.474446941], [19.062085894, 47.474439941]]]}}, {"type": "Feature", "properties": {"id": 729, "roomCode": "L\u00c9-3-109/C-05-71", "roomNumber": "3.109/C", "roomName": "3.109/C \u00f6lt\u00f6z\u0151 zuhanyoz\u00f3", "roomType": "social", "floorId": 8, "level": 3, "fillSource": "mvt"}, "geometry": {"type": "Polygon", "coordinates": [[[19.062045077, 47.47443434], [19.062053077, 47.47445934], [19.062035077, 47.47446234], [19.062033077, 47.47445534], [19.062041077, 47.47445334], [19.062031077, 47.47445434], [19.062029077, 47.47443634], [19.062045077, 47.47443434]]]}}, {"type": "Feature", "properties": {"id": 730, "roomCode": "L\u00c9-3-110/A-06-84 (1)", "roomNumber": "3.110/A", "roomName": "3.110/A rakt\u00e1r", "roomType": "technical", "floorId": 8, "level": 3, "fillSource": "catalog-bbox"}, "geometry": {"type": "Polygon", "coordinates": [[[19.061835789205315, 47.474470257679684], [19.061871496794684, 47.474470257679684], [19.061871496794684, 47.47449761032031], [19.061835789205315, 47.47449761032031], [19.061835789205315, 47.474470257679684]]]}}, {"type": "Feature", "properties": {"id": 731, "roomCode": "L\u00c9-3-110/A-06-84 (2)", "roomNumber": "3.110/A", "roomName": "3.110/A rakt\u00e1r", "roomType": "technical", "floorId": 8, "level": 3, "fillSource": "catalog-bbox"}, "geometry": {"type": "Polygon", "coordinates": [[[19.062002648138836, 47.47443112502008], [19.062028783861166, 47.47443112502008], [19.062028783861166, 47.47445974097992], [19.062002648138836, 47.47445974097992], [19.062002648138836, 47.47443112502008]]]}}, {"type": "Feature", "properties": {"id": 734, "roomCode": "L\u00c9-3-110/B-06-84 (1)", "roomNumber": "3.110/B", "roomName": "3.110/B rakt\u00e1r", "roomType": "technical", "floorId": 8, "level": 3, "fillSource": "catalog-bbox"}, "geometry": {"type": "Polygon", "coordinates": [[[19.061944549496477, 47.47442275163397], [19.062008964503526, 47.47442275163397], [19.062008964503526, 47.47445662236603], [19.061944549496477, 47.47445662236603], [19.061944549496477, 47.47442275163397]]]}}, {"type": "Feature", "properties": {"id": 733, "roomCode": "L\u00c9-3-110/B-06-84 (2)", "roomNumber": "3.110/B", "roomName": "3.110/B rakt\u00e1r", "roomType": "technical", "floorId": 8, "level": 3, "fillSource": "catalog-bbox"}, "geometry": {"type": "Polygon", "coordinates": [[[19.061928897909045, 47.47442129715139], [19.061951552090953, 47.47442129715139], [19.061951552090953, 47.47444576884862], [19.061928897909045, 47.47444576884862], [19.061928897909045, 47.47442129715139]]]}}, {"type": "Feature", "properties": {"id": 732, "roomCode": "L\u00c9-3-110/B-06-84 (3)", "roomNumber": "3.110/B", "roomName": "3.110/B rakt\u00e1r", "roomType": "technical", "floorId": 8, "level": 3, "fillSource": "catalog-bbox"}, "geometry": {"type": "Polygon", "coordinates": [[[19.06186552339997, 47.4744743029719], [19.06190803460003, 47.4744743029719], [19.06190803460003, 47.47450259302811], [19.06186552339997, 47.47450259302811], [19.06186552339997, 47.4744743029719]]]}}, {"type": "Feature", "properties": {"id": 735, "roomCode": "L\u00c9-3-110/C-06-84", "roomNumber": "3.110/C", "roomName": "3.110/C rakt\u00e1r", "roomType": "technical", "floorId": 8, "level": 3, "fillSource": "catalog-bbox"}, "geometry": {"type": "Polygon", "coordinates": [[[19.061901748056336, 47.47447952917487], [19.061933659943666, 47.47447952917487], [19.061933659943666, 47.47450615882513], [19.061901748056336, 47.47450615882513], [19.061901748056336, 47.47447952917487]]]}}, {"type": "Feature", "properties": {"id": 736, "roomCode": "L\u00c9-3-112-01-13", "roomNumber": "3.112", "roomName": "3.112 Oktat\u00f3", "roomType": "educational", "floorId": 8, "level": 3, "fillSource": "mvt"}, "geometry": {"type": "Polygon", "coordinates": [[[19.061997479, 47.474475416], [19.062002479, 47.474477416], [19.062012479, 47.474510416], [19.061984479, 47.474514416], [19.061986479, 47.474519416], [19.061973479, 47.474521416], [19.061960479, 47.474480416], [19.061997479, 47.474475416]]]}}, {"type": "Feature", "properties": {"id": 737, "roomCode": "L\u00c9-3-112/A-06-84", "roomNumber": "3.112/A", "roomName": "3.112/A rakt\u00e1r", "roomType": "technical", "floorId": 8, "level": 3, "fillSource": "catalog-bbox"}, "geometry": {"type": "Polygon", "coordinates": [[[19.061927342762477, 47.474493266935454], [19.061966541237517, 47.474493266935454], [19.061966541237517, 47.47451260706453], [19.061927342762477, 47.47451260706453], [19.061927342762477, 47.474493266935454]]]}}, {"type": "Feature", "properties": {"id": 738, "roomCode": "L\u00c9-3-113-01-13", "roomNumber": "30113", "roomName": "3.113 Oktat\u00f3", "roomType": "educational", "floorId": 8, "level": 3, "fillSource": "mvt"}, "geometry": {"type": "Polygon", "coordinates": [[[19.062046501, 47.474483966], [19.062059501, 47.474524966], [19.062020501, 47.474530966], [19.062008501, 47.474491966], [19.062011501, 47.474488966], [19.062046501, 47.474483966]]]}}, {"type": "Feature", "properties": {"id": 739, "roomCode": "L\u00c9-3-113/A-01-13", "roomNumber": "3.113/A", "roomName": "3.113/A Oktat\u00f3", "roomType": "educational", "floorId": 8, "level": 3, "fillSource": "mvt"}, "geometry": {"type": "Polygon", "coordinates": [[[19.062087555, 47.474492133], [19.062091555, 47.474495133], [19.062103555, 47.474533133], [19.062060555, 47.474539133], [19.062048555, 47.474502133], [19.062052555, 47.474501133], [19.062051555, 47.474497133], [19.062087555, 47.474492133]]]}}, {"type": "Feature", "properties": {"id": 740, "roomCode": "L\u00c9-3-114/A-01-13", "roomNumber": "3.114/A", "roomName": "3.114/A Oktat\u00f3", "roomType": "educational", "floorId": 8, "level": 3, "fillSource": "mvt"}, "geometry": {"type": "Polygon", "coordinates": [[[19.062170522, 47.474504221], [19.062174522, 47.474506221], [19.062186522, 47.474544221], [19.062143522, 47.474550221], [19.062132522, 47.474513221], [19.062136522, 47.474513221], [19.062134522, 47.474509221], [19.062170522, 47.474504221]]]}}, {"type": "Feature", "properties": {"id": 741, "roomCode": "L\u00c9-3-114/B-01-13", "roomNumber": "3.114/B", "roomName": "3.114/B Oktat\u00f3", "roomType": "educational", "floorId": 8, "level": 3, "fillSource": "mvt"}, "geometry": {"type": "Polygon", "coordinates": [[[19.062129702, 47.474496051], [19.062142702, 47.474536051], [19.062103702, 47.474542051], [19.062091702, 47.474503051], [19.062094702, 47.474501051], [19.062129702, 47.474496051]]]}}, {"type": "Feature", "properties": {"id": 742, "roomCode": "L\u00c9-3-115-01-13", "roomNumber": "3.115", "roomName": "3.115 Oktat\u00f3", "roomType": "educational", "floorId": 8, "level": 3, "fillSource": "mvt"}, "geometry": {"type": "Polygon", "coordinates": [[[19.0622509, 47.474508569], [19.0622619, 47.474544569], [19.062248899, 47.474546569], [19.0622479, 47.474540569], [19.0622339, 47.474542569], [19.062235899, 47.474548569], [19.062194899, 47.474555569], [19.062180899, 47.474555569], [19.062169899, 47.474517569], [19.0621719, 47.474514569], [19.0622069, 47.474509569], [19.062208899, 47.474513569], [19.0622129, 47.474512569], [19.062210899, 47.474508569], [19.062215899, 47.474508569], [19.0622509, 47.474508569]]]}}, {"type": "Feature", "properties": {"id": 743, "roomCode": "L\u00c9-3-117-01-14", "roomNumber": "3.117", "roomName": "3.117 M\u0171szeres el\u0151k\u00e9sz\u00edt\u0151 laborat\u00f3rium", "roomType": "educational", "floorId": 8, "level": 3, "fillSource": "mvt"}, "geometry": {"type": "Polygon", "coordinates": [[[19.06232158, 47.474556857], [19.06232958, 47.474583857], [19.06225658, 47.474593857], [19.06225058, 47.474592857], [19.06224858, 47.474567857], [19.06232158, 47.474556857]]]}}, {"type": "Feature", "properties": {"id": 744, "roomCode": "L\u00c9-3-118-01-14", "roomNumber": "3.118", "roomName": "3.118-120 Hallgat\u00f3i laborat\u00f3rium II.", "roomType": "educational", "floorId": 8, "level": 3, "fillSource": "mvt"}, "geometry": {"type": "Polygon", "coordinates": [[[19.062300015, 47.474594521], [19.062303015, 47.474601521], [19.062314015, 47.474602521], [19.062316015, 47.474614521], [19.062307015, 47.474616521], [19.062318015, 47.474649521], [19.062239015, 47.474658521], [19.062231015, 47.474636521], [19.062237015, 47.474635521], [19.062222015, 47.474608521], [19.062228015, 47.474604521], [19.062300015, 47.474594521]]]}}, {"type": "Feature", "properties": {"id": 745, "roomCode": "L\u00c9-3-121-01-14", "roomNumber": "3.121", "roomName": "3.121 Anyagkiad\u00f3 laborat\u00f3rium", "roomType": "educational", "floorId": 8, "level": 3, "fillSource": "mvt"}, "geometry": {"type": "Polygon", "coordinates": [[[19.062255211, 47.474757439], [19.062263211, 47.474784439], [19.062184211, 47.474793439], [19.062183211, 47.474767439], [19.062255211, 47.474757439]]]}}, {"type": "Feature", "properties": {"id": 746, "roomCode": "L\u00c9-3-122-01-13", "roomNumber": "3.122", "roomName": "3.122 Oktat\u00f3", "roomType": "educational", "floorId": 8, "level": 3, "fillSource": "mvt"}, "geometry": {"type": "Polygon", "coordinates": [[[19.062168627, 47.474777236], [19.062178627, 47.474818236], [19.062130627, 47.474825236], [19.062118627, 47.474785236], [19.062168627, 47.474777236]]]}}, {"type": "Feature", "properties": {"id": 62, "roomCode": "L\u00c9-3-123-01-12", "roomNumber": "3.123", "roomName": "3.123-3.124 Sz\u00e1m\u00edt\u00f3g\u00e9pes Tanterem", "roomType": "educational", "floorId": 8, "level": 3, "fillSource": "mvt"}, "geometry": {"type": "Polygon", "coordinates": [[[19.062234101, 47.474845963], [19.062250101, 47.474899963], [19.062181101, 47.474910963], [19.062164101, 47.474854963], [19.062234101, 47.474845963]]]}}, {"type": "Feature", "properties": {"id": 748, "roomCode": "L\u00c9-3-125-01-14", "roomNumber": "3.125-126", "roomName": "3.125-126 Hallgat\u00f3i laborat\u00f3rium I.", "roomType": "educational", "floorId": 8, "level": 3, "fillSource": "mvt"}, "geometry": {"type": "Polygon", "coordinates": [[[19.062384116, 47.474711151], [19.062414116, 47.474800151], [19.062445116, 47.474906151], [19.062371116, 47.474917151], [19.062368116, 47.474908151], [19.062357116, 47.474909151], [19.062355116, 47.474897151], [19.062364116, 47.474895151], [19.062360116, 47.474882151], [19.062351116, 47.474884151], [19.062347116, 47.474874151], [19.062356116, 47.474869151], [19.062343116, 47.474826151], [19.062333116, 47.474828151], [19.062329116, 47.474814151], [19.062339116, 47.474813151], [19.062333116, 47.474795151], [19.062324116, 47.474797151], [19.062320116, 47.474784151], [19.062331116, 47.474782151], [19.062317116, 47.474739151], [19.062306116, 47.474741151], [19.062302116, 47.474728151], [19.062313116, 47.474726151], [19.062310116, 47.474721151], [19.062384116, 47.474711151]]]}}, {"type": "Feature", "properties": {"id": 749, "roomCode": "L\u00c9-3-127-01-14", "roomNumber": "3.127", "roomName": "3.127 El\u0151k\u00e9sz\u00edt\u0151 laborat\u00f3rium", "roomType": "educational", "floorId": 8, "level": 3, "fillSource": "mvt"}, "geometry": {"type": "Polygon", "coordinates": [[[19.062405682, 47.474693377], [19.062409682, 47.474697377], [19.062413682, 47.474719377], [19.062339682, 47.474730377], [19.062331682, 47.474702377], [19.062405682, 47.474693377]]]}}, {"type": "Feature", "properties": {"id": 750, "roomCode": "L\u00c9-3-128-01-14", "roomNumber": "3.128", "roomName": "3.128 M\u00e9rlegszoba", "roomType": "educational", "floorId": 8, "level": 3, "fillSource": "mvt"}, "geometry": {"type": "Polygon", "coordinates": [[[19.062433065, 47.47462868], [19.062437065, 47.47463268], [19.062450065, 47.47468268], [19.062376065, 47.47469368], [19.062375065, 47.47468768], [19.062364065, 47.47468868], [19.062360065, 47.47467668], [19.062371065, 47.47467468], [19.062359065, 47.47463868], [19.062433065, 47.47462868]]]}}, {"type": "Feature", "properties": {"id": 751, "roomCode": "L\u00c9-3-129-01-14", "roomNumber": "3.129", "roomName": "3.129 M\u0171szeres hallgat\u00f3i laborat\u00f3rium", "roomType": "educational", "floorId": 8, "level": 3, "fillSource": "mvt"}, "geometry": {"type": "Polygon", "coordinates": [[[19.062453621, 47.474585266], [19.062457621, 47.474589266], [19.062470621, 47.474640266], [19.062397621, 47.474650266], [19.062386621, 47.474614266], [19.062375621, 47.474615266], [19.062371621, 47.474602266], [19.062382621, 47.474601266], [19.062379621, 47.474595266], [19.062453621, 47.474585266]]]}}, {"type": "Feature", "properties": {"id": 752, "roomCode": "L\u00c9-3-130-01-14", "roomNumber": "3.130", "roomName": "3.130 Desztill\u00e1l\u00f3", "roomType": "educational", "floorId": 8, "level": 3, "fillSource": "mvt"}, "geometry": {"type": "Polygon", "coordinates": [[[19.06245568, 47.474546414], [19.06246268, 47.474574414], [19.06238868, 47.474584414], [19.06238068, 47.474557414], [19.06245568, 47.474546414]]]}}, {"type": "Feature", "properties": {"id": 753, "roomCode": "L\u00c9-3-131-03-43", "roomNumber": "3.131", "roomName": "3.131 K\u0151r\u00f6s k\u00f6nyvt\u00e1r", "roomType": "misc", "floorId": 8, "level": 3, "fillSource": "mvt"}, "geometry": {"type": "Polygon", "coordinates": [[[19.062464726, 47.47452169], [19.062472726, 47.47454669], [19.062396726, 47.47455669], [19.062388726, 47.47452769], [19.062437726, 47.47452169], [19.062464726, 47.47452169]]]}}, {"type": "Feature", "properties": {"id": 754, "roomCode": "L\u00c9-3-132-01-13", "roomNumber": "3.132", "roomName": "3.132 Doktorandusz", "roomType": "educational", "floorId": 8, "level": 3, "fillSource": "mvt"}, "geometry": {"type": "Polygon", "coordinates": [[[19.062492965, 47.474412485], [19.062509965, 47.474469485], [19.062462965, 47.474476485], [19.062444965, 47.474419485], [19.062492965, 47.474412485]]]}}, {"type": "Feature", "properties": {"id": 755, "roomCode": "L\u00c9-3-133-06-94", "roomNumber": "3.133", "roomName": "3.133 K\u00e1belrendez\u0151", "roomType": "technical", "floorId": 8, "level": 3, "fillSource": "catalog-bbox"}, "geometry": {"type": "Polygon", "coordinates": [[[19.062420616235823, 47.47440241714722], [19.062463985764182, 47.47440241714722], [19.062463985764182, 47.47446303685278], [19.062420616235823, 47.47446303685278], [19.062420616235823, 47.47440241714722]]]}}, {"type": "Feature", "properties": {"id": 756, "roomCode": "L\u00c9-3-134-01-14", "roomNumber": "3.134", "roomName": "3.134 Spektroszk\u00f3pia laborat\u00f3rium", "roomType": "educational", "floorId": 8, "level": 3, "fillSource": "mvt"}, "geometry": {"type": "Polygon", "coordinates": [[[19.062530292, 47.474353837], [19.062547292, 47.474409837], [19.062471292, 47.474419837], [19.062460292, 47.474383837], [19.062450292, 47.474384837], [19.062446292, 47.474371837], [19.062456292, 47.474370837], [19.062454292, 47.474364837], [19.062530292, 47.474353837]]]}}, {"type": "Feature", "properties": {"id": 757, "roomCode": "L\u00c9-3-135-01-14", "roomNumber": "3.135", "roomName": "3.135 Laser I. laborat\u00f3rium", "roomType": "educational", "floorId": 8, "level": 3, "fillSource": "mvt"}, "geometry": {"type": "Polygon", "coordinates": [[[19.062547657, 47.474297488], [19.062564657, 47.474353488], [19.062488657, 47.474363488], [19.062475657, 47.474327488], [19.062467657, 47.474328488], [19.062463657, 47.474316488], [19.062473657, 47.474314488], [19.062471657, 47.474308488], [19.062547657, 47.474297488]]]}}, {"type": "Feature", "properties": {"id": 758, "roomCode": "L\u00c9-3-136-01-14", "roomNumber": "3.136", "roomName": "3.136 Laser II. laborat\u00f3rium", "roomType": "educational", "floorId": 8, "level": 3, "fillSource": "mvt"}, "geometry": {"type": "Polygon", "coordinates": [[[19.062541265, 47.474265556], [19.062547265, 47.474292556], [19.062474265, 47.474302556], [19.062466265, 47.474276556], [19.062541265, 47.474265556]]]}}, {"type": "Feature", "properties": {"id": 759, "roomCode": "L\u00c9-3-137-01-14", "roomNumber": "3.137", "roomName": "3.137 K+F labor", "roomType": "educational", "floorId": 8, "level": 3, "fillSource": "mvt"}, "geometry": {"type": "Polygon", "coordinates": [[[19.062549846, 47.474238218], [19.062557846, 47.474264218], [19.062482846, 47.474274218], [19.062473846, 47.474248218], [19.062549846, 47.474238218]]]}}, {"type": "Feature", "properties": {"id": 760, "roomCode": "L\u00c9-3-138-01-14", "roomNumber": "3.138", "roomName": "3.138 Biofizika laborat\u00f3rium 1.", "roomType": "educational", "floorId": 8, "level": 3, "fillSource": "mvt"}, "geometry": {"type": "Polygon", "coordinates": [[[19.062577578, 47.474171067], [19.062594578, 47.474226067], [19.062518578, 47.474237067], [19.062516578, 47.474231067], [19.062506578, 47.474232067], [19.062503578, 47.474219067], [19.062513578, 47.474218067], [19.062502578, 47.474182067], [19.062577578, 47.474171067]]]}}, {"type": "Feature", "properties": {"id": 761, "roomCode": "L\u00c9-3-139-01-14", "roomNumber": "3.139", "roomName": "3.139 Atomfizikai Tansz\u00e9k M\u00e9dia szoba", "roomType": "educational", "floorId": 8, "level": 3, "fillSource": "mvt"}, "geometry": {"type": "Polygon", "coordinates": [[[19.062594461, 47.474115444], [19.062611461, 47.474169444], [19.062536461, 47.474180444], [19.062534461, 47.474174444], [19.062524461, 47.474175444], [19.062520461, 47.474163444], [19.062530461, 47.474161444], [19.062519461, 47.474125444], [19.062594461, 47.474115444]]]}}, {"type": "Feature", "properties": {"id": 762, "roomCode": "L\u00c9-3-140-01-14", "roomNumber": "3.140", "roomName": "3.140 LB-film laborat\u00f3rium", "roomType": "educational", "floorId": 8, "level": 3, "fillSource": "mvt"}, "geometry": {"type": "Polygon", "coordinates": [[[19.062593207, 47.474097115], [19.062599207, 47.474124115], [19.062526207, 47.474134115], [19.062517207, 47.474107115], [19.062593207, 47.474097115]]]}}, {"type": "Feature", "properties": {"id": 763, "roomCode": "L\u00c9-3-141-01-13", "roomNumber": "3.141", "roomName": "3.141 Oktat\u00f3", "roomType": "educational", "floorId": 8, "level": 3, "fillSource": "mvt"}, "geometry": {"type": "Polygon", "coordinates": [[[19.06259993, 47.474069174], [19.06260993, 47.474096174], [19.06253493, 47.474106174], [19.06252693, 47.474079174], [19.06259993, 47.474069174]]]}}, {"type": "Feature", "properties": {"id": 764, "roomCode": "L\u00c9-3-142-01-14", "roomNumber": "3.142", "roomName": "3.142 Sejt teny\u00e9szt\u0151 hidegszoba, El\u0151k\u00e9sz\u00edt\u0151, hidegszoba", "roomType": "educational", "floorId": 8, "level": 3, "fillSource": "mvt"}, "geometry": {"type": "Polygon", "coordinates": [[[19.062420118, 47.474167947], [19.062439118, 47.474164947], [19.062447118, 47.474191946], [19.062371118, 47.474201947], [19.062363118, 47.474175947], [19.062415118, 47.474168947], [19.062389118, 47.474171947], [19.062394118, 47.474188946], [19.062426118, 47.474183947], [19.062424118, 47.474180946], [19.062424118, 47.474183947], [19.062395118, 47.474187947], [19.062391118, 47.474172947], [19.062420118, 47.474168947], [19.062422118, 47.474170947], [19.062420118, 47.474167947]]]}}, {"type": "Feature", "properties": {"id": 765, "roomCode": "L\u00c9-3-143-06-84", "roomNumber": "3.143", "roomName": "3.143 El\u0151k\u00e9sz\u00edt\u0151", "roomType": "technical", "floorId": 8, "level": 3, "fillSource": "catalog-bbox"}, "geometry": {"type": "Polygon", "coordinates": [[[19.062359790253844, 47.474187668924], [19.062443435746154, 47.474187668924], [19.062443435746154, 47.474224907075985], [19.062359790253844, 47.474224907075985], [19.062359790253844, 47.474187668924]]]}}, {"type": "Feature", "properties": {"id": 766, "roomCode": "L\u00c9-3-144-01-14", "roomNumber": "3.144", "roomName": "3.144 ICP laborat\u00f3rium", "roomType": "educational", "floorId": 8, "level": 3, "fillSource": "mvt"}, "geometry": {"type": "Polygon", "coordinates": [[[19.062395102, 47.474214629], [19.062406102, 47.474251629], [19.062416102, 47.474249629], [19.062420102, 47.474262629], [19.062410102, 47.474263629], [19.062412102, 47.474269629], [19.062337102, 47.474280629], [19.062320102, 47.474225629], [19.062395102, 47.474214629]]]}}, {"type": "Feature", "properties": {"id": 767, "roomCode": "L\u00c9-3-145-01-14", "roomNumber": "3.145", "roomName": "3.145 ESR laborat\u00f3rium", "roomType": "educational", "floorId": 8, "level": 3, "fillSource": "mvt"}, "geometry": {"type": "Polygon", "coordinates": [[[19.062381714, 47.474273865], [19.062392714, 47.474309865], [19.062402714, 47.474308865], [19.062406714, 47.474321865], [19.062396714, 47.474322865], [19.062398714, 47.474328865], [19.062322714, 47.474338865], [19.062305714, 47.474284865], [19.062340714, 47.474279865], [19.062381714, 47.474273865]]]}}, {"type": "Feature", "properties": {"id": 768, "roomCode": "L\u00c9-3-146-01-14", "roomNumber": "3.146", "roomName": "3.146 AFM/STM laborat\u00f3rium", "roomType": "educational", "floorId": 8, "level": 3, "fillSource": "mvt"}, "geometry": {"type": "Polygon", "coordinates": [[[19.062361257, 47.474327251], [19.062372257, 47.474363251], [19.062382257, 47.474361251], [19.062386257, 47.474374251], [19.062375257, 47.474376251], [19.062377257, 47.474382251], [19.062302257, 47.474392251], [19.062286257, 47.474338251], [19.062361257, 47.474327251]]]}}, {"type": "Feature", "properties": {"id": 769, "roomCode": "L\u00c9-3-65-06-94", "roomNumber": "3.65", "roomName": "3.65 K\u00e1belrendez\u0151", "roomType": "technical", "floorId": 8, "level": 3, "fillSource": "catalog-bbox"}, "geometry": {"type": "Polygon", "coordinates": [[[19.06176557274347, 47.47442648065905], [19.06180897925653, 47.47442648065905], [19.06180897925653, 47.47448722134096], [19.06176557274347, 47.47448722134096], [19.06176557274347, 47.47442648065905]]]}}, {"type": "Feature", "properties": {"id": 770, "roomCode": "L\u00c9-3-66-01-13", "roomNumber": "3.66", "roomName": "3.66 Oktat\u00f3", "roomType": "educational", "floorId": 8, "level": 3, "fillSource": "mvt"}, "geometry": {"type": "Polygon", "coordinates": [[[19.061761114, 47.474425925], [19.061779114, 47.474482925], [19.061730114, 47.474489925], [19.061713114, 47.474431925], [19.061761114, 47.474425925]]]}}, {"type": "Feature", "properties": {"id": 1023, "roomCode": "L\u00c9-3-67-01-12", "roomNumber": "3.67", "roomName": "3.67 B\u00e9k\u00e9ssy Gy\u00f6rgy Terem", "roomType": "educational", "floorId": 8, "level": 3, "fillSource": "mvt"}, "geometry": {"type": "Polygon", "coordinates": [[[19.06181997, 47.474317111], [19.06183697, 47.474371111], [19.06176097, 47.474382111], [19.06174397, 47.474327111], [19.06181997, 47.474317111]]]}}, {"type": "Feature", "properties": {"id": 771, "roomCode": "L\u00c9-3-69-01-14", "roomNumber": "3.69", "roomName": "3.69 K\u00f6rnyezetoptika laborat\u00f3rium", "roomType": "educational", "floorId": 8, "level": 3, "fillSource": "mvt"}, "geometry": {"type": "Polygon", "coordinates": [[[19.061832126, 47.474204054], [19.061834126, 47.474211054], [19.061844126, 47.474210054], [19.061848126, 47.474223054], [19.061838126, 47.474224054], [19.061840126, 47.474230054], [19.061834126, 47.474232054], [19.061840126, 47.474231054], [19.061851126, 47.474268054], [19.061861126, 47.474266054], [19.061865126, 47.474279054], [19.061855126, 47.474280054], [19.061857126, 47.474286054], [19.061851126, 47.474288054], [19.061782126, 47.474297054], [19.061765126, 47.474242054], [19.061821126, 47.474233054], [19.061764126, 47.474240054], [19.061756126, 47.474214054], [19.061832126, 47.474204054]]]}}, {"type": "Feature", "properties": {"id": 772, "roomCode": "L\u00c9-3-70-01-14", "roomNumber": "3.70", "roomName": "3.70 Komplex rendszerek laborat\u00f3rium", "roomType": "educational", "floorId": 8, "level": 3, "fillSource": "mvt"}, "geometry": {"type": "Polygon", "coordinates": [[[19.061858183, 47.474153782], [19.061860183, 47.474159782], [19.061870183, 47.474158782], [19.061874183, 47.474171782], [19.061864183, 47.474172782], [19.061875183, 47.474208782], [19.061799183, 47.474219782], [19.061783183, 47.474164782], [19.061858183, 47.474153782]]]}}, {"type": "Feature", "properties": {"id": 773, "roomCode": "L\u00c9-3-71-01-13", "roomNumber": "3.71", "roomName": "3.71-72 Doktorandusz szoba", "roomType": "educational", "floorId": 8, "level": 3, "fillSource": "mvt"}, "geometry": {"type": "Polygon", "coordinates": [[[19.061871045, 47.474083633], [19.061883045, 47.474119633], [19.061893045, 47.474118633], [19.061897045, 47.474130633], [19.061887045, 47.474132633], [19.061888045, 47.474138633], [19.061813045, 47.474148633], [19.061796045, 47.474093633], [19.061871045, 47.474083633]]]}}, {"type": "Feature", "properties": {"id": 774, "roomCode": "L\u00c9-3-73-05-77", "roomNumber": "3.73", "roomName": "3.73 Teakonyha", "roomType": "social", "floorId": 8, "level": 3, "fillSource": "mvt"}, "geometry": {"type": "Polygon", "coordinates": [[[19.061921298, 47.474031428], [19.061929298, 47.474059428], [19.061854298, 47.474068428], [19.061848298, 47.474047428], [19.061848298, 47.474041428], [19.061921298, 47.474031428]]]}}, {"type": "Feature", "properties": {"id": 51, "roomCode": "L\u00c9-3-74-01-12", "roomNumber": "3.74", "roomName": "3.74 Tan\u00e1csterem", "roomType": "educational", "floorId": 8, "level": 3, "fillSource": "mvt"}, "geometry": {"type": "Polygon", "coordinates": [[[19.061905268, 47.473971146], [19.061917268, 47.474007146], [19.061927268, 47.474006146], [19.061931268, 47.474019146], [19.061921268, 47.474020146], [19.061922268, 47.474026146], [19.061847268, 47.474036146], [19.061830268, 47.473982146], [19.061905268, 47.473971146]]]}}, {"type": "Feature", "properties": {"id": 775, "roomCode": "L\u00c9-3-75-01-13", "roomNumber": "3.75", "roomName": "3.75 Tansz\u00e9kvezet\u0151", "roomType": "educational", "floorId": 8, "level": 3, "fillSource": "mvt"}, "geometry": {"type": "Polygon", "coordinates": [[[19.062022061, 47.473999791], [19.062038061, 47.474056791], [19.061995061, 47.474062791], [19.061978061, 47.474008791], [19.061986061, 47.474006791], [19.061985061, 47.474004791], [19.062022061, 47.473999791]]]}}, {"type": "Feature", "properties": {"id": 776, "roomCode": "L\u00c9-3-76-02-33", "roomNumber": "3.76", "roomName": "3.76 Titk\u00e1rs\u00e1g", "roomType": "administrative", "floorId": 8, "level": 3, "fillSource": "mvt"}, "geometry": {"type": "Polygon", "coordinates": [[[19.062057279, 47.474007094], [19.062064279, 47.474015094], [19.062077279, 47.474063094], [19.062038279, 47.474068094], [19.062021279, 47.474017094], [19.062035279, 47.474015094], [19.062033279, 47.474010094], [19.062057279, 47.474007094]]]}}, {"type": "Feature", "properties": {"id": 777, "roomCode": "L\u00c9-3-77-01-13", "roomNumber": "3.77", "roomName": "3.77 Oktat\u00f3", "roomType": "educational", "floorId": 8, "level": 3, "fillSource": "mvt"}, "geometry": {"type": "Polygon", "coordinates": [[[19.062102714, 47.474010084], [19.062119714, 47.474066084], [19.062079714, 47.474072084], [19.062063714, 47.474018084], [19.062065714, 47.474015084], [19.062102714, 47.474010084]]]}}, {"type": "Feature", "properties": {"id": 778, "roomCode": "L\u00c9-3-78-01-13", "roomNumber": "3.78", "roomName": "3.78 Oktat\u00f3", "roomType": "educational", "floorId": 8, "level": 3, "fillSource": "mvt"}, "geometry": {"type": "Polygon", "coordinates": [[[19.062138298, 47.47401201], [19.062141298, 47.47401401], [19.062158298, 47.47406801], [19.062119298, 47.47407301], [19.062116298, 47.47406701], [19.062101298, 47.47401701], [19.062138298, 47.47401201]]]}}, {"type": "Feature", "properties": {"id": 779, "roomCode": "L\u00c9-3-79-01-13", "roomNumber": "3.79", "roomName": "3.79 Oktat\u00f3", "roomType": "educational", "floorId": 8, "level": 3, "fillSource": "mvt"}, "geometry": {"type": "Polygon", "coordinates": [[[19.062185796, 47.474021721], [19.062202796, 47.474076721], [19.062162796, 47.474083721], [19.062146796, 47.474029721], [19.062148796, 47.474026721], [19.062185796, 47.474021721]]]}}, {"type": "Feature", "properties": {"id": 780, "roomCode": "L\u00c9-3-80-01-13", "roomNumber": "3.80", "roomName": "3.80 Oktat\u00f3", "roomType": "educational", "floorId": 8, "level": 3, "fillSource": "mvt"}, "geometry": {"type": "Polygon", "coordinates": [[[19.062218975, 47.474028835], [19.062222975, 47.474029835], [19.062238975, 47.474083835], [19.062199975, 47.474089835], [19.062181975, 47.474033835], [19.062218975, 47.474028835]]]}}, {"type": "Feature", "properties": {"id": 781, "roomCode": "L\u00c9-3-81-01-13", "roomNumber": "3.81", "roomName": "3.81 Oktat\u00f3", "roomType": "educational", "floorId": 8, "level": 3, "fillSource": "mvt"}, "geometry": {"type": "Polygon", "coordinates": [[[19.062268813, 47.474033303], [19.062285813, 47.474088303], [19.062246813, 47.474095303], [19.062229813, 47.474041303], [19.062231813, 47.474038303], [19.062268813, 47.474033303]]]}}, {"type": "Feature", "properties": {"id": 782, "roomCode": "L\u00c9-3-82-01-13", "roomNumber": "3.82", "roomName": "3.82 Oktat\u00f3", "roomType": "educational", "floorId": 8, "level": 3, "fillSource": "mvt"}, "geometry": {"type": "Polygon", "coordinates": [[[19.062302158, 47.474040084], [19.062306158, 47.474042084], [19.062322158, 47.474096084], [19.062283158, 47.474101084], [19.062265158, 47.474045084], [19.062302158, 47.474040084]]]}}, {"type": "Feature", "properties": {"id": 783, "roomCode": "L\u00c9-3-83-01-13", "roomNumber": "3.83", "roomName": "3.83 Oktat\u00f3", "roomType": "educational", "floorId": 8, "level": 3, "fillSource": "mvt"}, "geometry": {"type": "Polygon", "coordinates": [[[19.062352182, 47.474044388], [19.062369182, 47.474100388], [19.062329182, 47.474106388], [19.062313182, 47.474053388], [19.062315182, 47.474050388], [19.062352182, 47.474044388]]]}}, {"type": "Feature", "properties": {"id": 784, "roomCode": "L\u00c9-3-84-01-13", "roomNumber": "3.84", "roomName": "3.84 Oktat\u00f3", "roomType": "educational", "floorId": 8, "level": 3, "fillSource": "mvt"}, "geometry": {"type": "Polygon", "coordinates": [[[19.062384842, 47.474051502], [19.062388842, 47.474053502], [19.062405842, 47.474107502], [19.062366842, 47.474113502], [19.062348842, 47.474056502], [19.062384842, 47.474051502]]]}}, {"type": "Feature", "properties": {"id": 785, "roomCode": "L\u00c9-3-85-01-13", "roomNumber": "3.85", "roomName": "3.85 Oktat\u00f3", "roomType": "educational", "floorId": 8, "level": 3, "fillSource": "mvt"}, "geometry": {"type": "Polygon", "coordinates": [[[19.062420422, 47.474062033], [19.062422422, 47.474067033], [19.062436422, 47.474066033], [19.062438422, 47.474069033], [19.062451422, 47.474115033], [19.062412422, 47.474122033], [19.062395422, 47.474068033], [19.062397422, 47.474065033], [19.062420422, 47.474062033]]]}}, {"type": "Feature", "properties": {"id": 786, "roomCode": "L\u00c9-3-86-02-33", "roomNumber": "3.86", "roomName": "3.86 Oktat\u00f3", "roomType": "administrative", "floorId": 8, "level": 3, "fillSource": "mvt"}, "geometry": {"type": "Polygon", "coordinates": [[[19.062468784, 47.474066391], [19.062468784, 47.474068391], [19.062476784, 47.474067391], [19.062492784, 47.474121391], [19.062449784, 47.474127391], [19.062431784, 47.474071391], [19.062468784, 47.474066391]]]}}, {"type": "Feature", "properties": {"id": 787, "roomCode": "L\u00c9-3-87-01-13", "roomNumber": "3.87", "roomName": "3.87 Doktorandusz", "roomType": "educational", "floorId": 8, "level": 3, "fillSource": "mvt"}, "geometry": {"type": "Polygon", "coordinates": [[[19.062371621, 47.474109437], [19.062383621, 47.474146437], [19.062316621, 47.474156437], [19.062302621, 47.474157437], [19.062290621, 47.474120437], [19.062371621, 47.474109437]]]}}, {"type": "Feature", "properties": {"id": 788, "roomCode": "L\u00c9-3-88-01-13", "roomNumber": "3.88", "roomName": "3.88 Oktat\u00f3", "roomType": "educational", "floorId": 8, "level": 3, "fillSource": "mvt"}, "geometry": {"type": "Polygon", "coordinates": [[[19.062289504, 47.474097387], [19.062300504, 47.474134387], [19.062233504, 47.474145387], [19.062218504, 47.474146387], [19.062207504, 47.474109387], [19.062289504, 47.474097387]]]}}, {"type": "Feature", "properties": {"id": 789, "roomCode": "L\u00c9-3-89-01-13", "roomNumber": "3.89", "roomName": "3.89 Oktat\u00f3", "roomType": "educational", "floorId": 8, "level": 3, "fillSource": "mvt"}, "geometry": {"type": "Polygon", "coordinates": [[[19.062206488, 47.474086304], [19.062217488, 47.474123304], [19.062149488, 47.474133304], [19.062135488, 47.474134304], [19.062124488, 47.474097304], [19.062206488, 47.474086304]]]}}, {"type": "Feature", "properties": {"id": 790, "roomCode": "L\u00c9-3-90-01-13", "roomNumber": "3.90", "roomName": "3.90 MTA kutat\u00f3csoport", "roomType": "educational", "floorId": 8, "level": 3, "fillSource": "mvt"}, "geometry": {"type": "Polygon", "coordinates": [[[19.062128032, 47.474072769], [19.062139032, 47.474110769], [19.062071032, 47.474120769], [19.062069032, 47.474114769], [19.062056032, 47.474116769], [19.062046032, 47.474084769], [19.062128032, 47.474072769]]]}}, {"type": "Feature", "properties": {"id": 791, "roomCode": "L\u00c9-3-91-01-13", "roomNumber": "3.91", "roomName": "3.91 MTA kutat\u00f3csoport", "roomType": "educational", "floorId": 8, "level": 3, "fillSource": "mvt"}, "geometry": {"type": "Polygon", "coordinates": [[[19.062026319, 47.474106911], [19.062034319, 47.474132911], [19.061958319, 47.474141911], [19.061951319, 47.474116911], [19.062026319, 47.474106911]]]}}, {"type": "Feature", "properties": {"id": 792, "roomCode": "L\u00c9-3-92-01-13", "roomNumber": "3.92", "roomName": "3.92 MTA kutat\u00f3csoport", "roomType": "educational", "floorId": 8, "level": 3, "fillSource": "mvt"}, "geometry": {"type": "Polygon", "coordinates": [[[19.062017586, 47.474134282], [19.062024586, 47.474161282], [19.061951586, 47.474171282], [19.061942586, 47.474144282], [19.062017586, 47.474134282]]]}}, {"type": "Feature", "properties": {"id": 793, "roomCode": "L\u00c9-3-93-01-14", "roomNumber": "3.93", "roomName": "3.93 Oktat\u00f3", "roomType": "educational", "floorId": 8, "level": 3, "fillSource": "mvt"}, "geometry": {"type": "Polygon", "coordinates": [[[19.062023942, 47.474166288], [19.062039942, 47.474221288], [19.061964942, 47.474232288], [19.061953942, 47.474195288], [19.061943942, 47.474197288], [19.061939942, 47.474184288], [19.061949942, 47.474183288], [19.061947942, 47.474177288], [19.062023942, 47.474166288]]]}}, {"type": "Feature", "properties": {"id": 794, "roomCode": "L\u00c9-3-94-01-14", "roomNumber": "3.94", "roomName": "3.94 Biol\u00f3gia hidrodinamika laborat\u00f3rium", "roomType": "educational", "floorId": 8, "level": 3, "fillSource": "mvt"}, "geometry": {"type": "Polygon", "coordinates": [[[19.062002413, 47.474208279], [19.062019413, 47.474263279], [19.061943413, 47.474273279], [19.061942413, 47.474268279], [19.061932413, 47.474269279], [19.061928413, 47.474256279], [19.061938413, 47.474255279], [19.061927413, 47.474219279], [19.062002413, 47.474208279]]]}}, {"type": "Feature", "properties": {"id": 795, "roomCode": "L\u00c9-3-95-01-13", "roomNumber": "3.95", "roomName": "3.95 Oktat\u00f3", "roomType": "educational", "floorId": 8, "level": 3, "fillSource": "mvt"}, "geometry": {"type": "Polygon", "coordinates": [[[19.061973346, 47.474274638], [19.061984346, 47.474301638], [19.061908346, 47.474311638], [19.061900346, 47.474285638], [19.061973346, 47.474274638]]]}}, {"type": "Feature", "properties": {"id": 796, "roomCode": "L\u00c9-3-96-01-13", "roomNumber": "3.96", "roomName": "3.96 Oktat\u00f3", "roomType": "educational", "floorId": 8, "level": 3, "fillSource": "mvt"}, "geometry": {"type": "Polygon", "coordinates": [[[19.061966289, 47.474302583], [19.061974289, 47.474328583], [19.061899289, 47.474339583], [19.061891289, 47.474313583], [19.061966289, 47.474302583]]]}}, {"type": "Feature", "properties": {"id": 797, "roomCode": "L\u00c9-3-98/A-01-13", "roomNumber": "3.98/A", "roomName": "3.98/A Tansz\u00e9kvezet\u0151", "roomType": "educational", "floorId": 8, "level": 3, "fillSource": "mvt"}, "geometry": {"type": "Polygon", "coordinates": [[[19.061999139, 47.474343685], [19.062011139, 47.474380685], [19.061977139, 47.474386685], [19.061965139, 47.474348685], [19.061999139, 47.474343685]]]}}, {"type": "Feature", "properties": {"id": 798, "roomCode": "L\u00c9-3-98/B-02-33", "roomNumber": "3.98/B", "roomName": "3.98/B Titk\u00e1rs\u00e1g", "roomType": "administrative", "floorId": 8, "level": 3, "fillSource": "mvt"}, "geometry": {"type": "Polygon", "coordinates": [[[19.062041382, 47.474348526], [19.062053382, 47.474387526], [19.062010382, 47.474391526], [19.061998382, 47.474354526], [19.062041382, 47.474348526]]]}}, {"type": "Feature", "properties": {"id": 799, "roomCode": "L\u00c9-3-99/A-01-13", "roomNumber": "3.99/A", "roomName": "3.99/A Oktat\u00f3", "roomType": "educational", "floorId": 8, "level": 3, "fillSource": "mvt"}, "geometry": {"type": "Polygon", "coordinates": [[[19.062082338, 47.474354564], [19.062093338, 47.474392564], [19.062055338, 47.474398564], [19.062043338, 47.474359564], [19.062082338, 47.474354564]]]}}, {"type": "Feature", "properties": {"id": 800, "roomCode": "L\u00c9-3-99/B-01-13", "roomNumber": "3.99/B", "roomName": "3.99/B Oktat\u00f3", "roomType": "educational", "floorId": 8, "level": 3, "fillSource": "mvt"}, "geometry": {"type": "Polygon", "coordinates": [[[19.062124766, 47.474359909], [19.062136766, 47.474398909], [19.062092766, 47.474403909], [19.062081766, 47.474365909], [19.062124766, 47.474359909]]]}}, {"type": "Feature", "properties": {"id": 801, "roomCode": "L\u00c9-3-K11-04-63", "roomNumber": "3-K11", "roomName": "3.K11 K\u00f6zleked\u0151(k\u00f6z\u00e9p)", "roomType": "corridor", "floorId": 8, "level": 3, "fillSource": "mvt"}, "geometry": {"type": "Polygon", "coordinates": [[[19.062268084, 47.474391365], [19.062272084, 47.474407365], [19.061801084, 47.474472365], [19.061796084, 47.474457365], [19.062118084, 47.474411365], [19.062115084, 47.474406365], [19.062199084, 47.474394365], [19.062199084, 47.474401365], [19.062227084, 47.474394365], [19.062227084, 47.474397365], [19.062268084, 47.474391365]]]}}, {"type": "Feature", "properties": {"id": 802, "roomCode": "L\u00c9-3-K12-04-63", "roomNumber": "3-K12", "roomName": "3.K12 K\u00f6zleked\u0151 (K\u00f6z\u00e9p 2000 kg lift el\u0151\u00fatt", "roomType": "corridor", "floorId": 8, "level": 3, "fillSource": "mvt"}, "geometry": {"type": "Polygon", "coordinates": [[[19.062287179, 47.474450009], [19.062292179, 47.474465009], [19.062252179, 47.474471009], [19.062253179, 47.474474009], [19.062235179, 47.474476009], [19.062234179, 47.474474009], [19.062225179, 47.474475009], [19.062227179, 47.474482009], [19.062178179, 47.474489009], [19.062142179, 47.474494009], [19.062142179, 47.474487009], [19.061820179, 47.474532009], [19.061815179, 47.474516009], [19.061941179, 47.474498009], [19.061939179, 47.474493009], [19.061950179, 47.474491009], [19.061954179, 47.474496009], [19.061952179, 47.474490009], [19.061965179, 47.474488009], [19.061967179, 47.474494009], [19.062191179, 47.474464009], [19.062189179, 47.474458009], [19.062199179, 47.474457009], [19.062201179, 47.474462009], [19.062287179, 47.474450009]]]}}, {"type": "Feature", "properties": {"id": 803, "roomCode": "L\u00c9-3-K4-04-63", "roomNumber": "3-K4", "roomName": "3.K4 K\u00f6zleked\u0151 (Keleti liftt\u0151l \u00c9-i)", "roomType": "corridor", "floorId": 8, "level": 3, "fillSource": "mvt"}, "geometry": {"type": "Polygon", "coordinates": [[[19.062366609, 47.474867236], [19.062338609, 47.474871236], [19.062323609, 47.474870236], [19.062322609, 47.474865236], [19.062332609, 47.474864236], [19.062320609, 47.474862236], [19.062316609, 47.474851236], [19.062328609, 47.474850236], [19.062318609, 47.474850236], [19.062312609, 47.474835236], [19.062323609, 47.474832236], [19.062311609, 47.474834236], [19.062308609, 47.474823236], [19.062319609, 47.474822236], [19.062318609, 47.474819236], [19.062308609, 47.474820236], [19.062304609, 47.474809236], [19.062315609, 47.474807236], [19.062311609, 47.474794236], [19.062300609, 47.474794236], [19.062296609, 47.474779236], [19.062306609, 47.474776236], [19.062294609, 47.474778236], [19.062291609, 47.474767236], [19.062299609, 47.474763236], [19.062291609, 47.474763236], [19.062288609, 47.474752236], [19.062298609, 47.474752236], [19.062294609, 47.474736236], [19.062283609, 47.474738236], [19.062284609, 47.474707236], [19.062273609, 47.474707236], [19.062265609, 47.474683236], [19.062276609, 47.474680236], [19.062265609, 47.474682236], [19.062261609, 47.474666236], [19.062269609, 47.474665236], [19.062260609, 47.474665236], [19.062257609, 47.474655236], [19.062268609, 47.474654236], [19.062257609, 47.474651236], [19.062256609, 47.474646236], [19.062265609, 47.474645236], [19.062249609, 47.474622236], [19.062257609, 47.474620236], [19.062231609, 47.474533236], [19.062263609, 47.474529236], [19.062268609, 47.474549236], [19.062279609, 47.474547236], [19.062283609, 47.474560236], [19.062273609, 47.474565236], [19.062286609, 47.474563236], [19.062287609, 47.474577236], [19.062288609, 47.474577236], [19.062291609, 47.474588236], [19.062281609, 47.474590236], [19.062286609, 47.474605236], [19.062295609, 47.474603236], [19.062300609, 47.474618236], [19.062291609, 47.474622236], [19.062295609, 47.474634236], [19.062304609, 47.474633236], [19.062308609, 47.474644236], [19.062300609, 47.474646236], [19.062311609, 47.474647236], [19.062314609, 47.474658236], [19.062302609, 47.474659236], [19.062312609, 47.474659236], [19.062318609, 47.474675236], [19.062308609, 47.474678236], [19.062312609, 47.474691236], [19.062322609, 47.474689236], [19.062326609, 47.474701236], [19.062315609, 47.474703236], [19.062319609, 47.474717236], [19.062330609, 47.474715236], [19.062335609, 47.474731236], [19.062324609, 47.474733236], [19.062336609, 47.474732236], [19.062339609, 47.474745236], [19.062331609, 47.474746236], [19.062339609, 47.474746236], [19.062342609, 47.474757236], [19.062332609, 47.474759236], [19.062345609, 47.474759236], [19.062347609, 47.474771236], [19.062336609, 47.474772236], [19.062347609, 47.474772236], [19.062351609, 47.474787236], [19.062343609, 47.474792236], [19.062346609, 47.474802236], [19.062357609, 47.474802236], [19.062359609, 47.474813236], [19.062350609, 47.474814236], [19.062354609, 47.474830236], [19.062365609, 47.474828236], [19.062369609, 47.474843236], [19.062359609, 47.474846236], [19.062371609, 47.474844236], [19.062374609, 47.474855236], [19.062362609, 47.474856236], [19.062374609, 47.474861236], [19.062366609, 47.474867236]]]}}, {"type": "Feature", "properties": {"id": 804, "roomCode": "L\u00c9-3-K5-04-63", "roomNumber": "3-K5", "roomName": "3.K5 K\u00f6zleked\u0151 Keleti lift el\u0151tt", "roomType": "corridor", "floorId": 8, "level": 3, "fillSource": "mvt"}, "geometry": {"type": "Polygon", "coordinates": [[[19.062387693, 47.474409629], [19.062390693, 47.474409629], [19.062394693, 47.474423629], [19.062384693, 47.474425629], [19.062396693, 47.474423629], [19.062399693, 47.474434629], [19.062388693, 47.474436629], [19.062388693, 47.474438629], [19.062398693, 47.474436629], [19.062400693, 47.474445629], [19.062399693, 47.474442629], [19.062390693, 47.474443629], [19.062410693, 47.474509629], [19.062422693, 47.474508629], [19.062425693, 47.474519629], [19.062413693, 47.474520629], [19.062424693, 47.474520629], [19.062429693, 47.474535629], [19.062419693, 47.474538629], [19.062429693, 47.474536629], [19.062433693, 47.474549629], [19.062423693, 47.474551629], [19.062433693, 47.474550629], [19.062436693, 47.474561629], [19.062385693, 47.474568629], [19.062384693, 47.474564629], [19.062393693, 47.474562629], [19.062381693, 47.474520629], [19.062362693, 47.474523629], [19.062356693, 47.474500629], [19.062352693, 47.474501629], [19.062349693, 47.474492629], [19.062354693, 47.474491629], [19.062351693, 47.474484629], [19.062347693, 47.474484629], [19.062344693, 47.474475629], [19.062348693, 47.474475629], [19.062345693, 47.474466629], [19.062341693, 47.474467629], [19.062339693, 47.474458629], [19.062343693, 47.474457629], [19.062336693, 47.474436629], [19.062355693, 47.474434629], [19.062345693, 47.474434629], [19.062343693, 47.474427629], [19.062352693, 47.474426629], [19.062345693, 47.474409629], [19.062387693, 47.474409629]]]}}, {"type": "Feature", "properties": {"id": 805, "roomCode": "L\u00c9-3-K6-04-63", "roomNumber": "3-K6", "roomName": "3.K6 K\u00f6zleked\u0151 (Keleti liftt\u0151l D-i)", "roomType": "corridor", "floorId": 8, "level": 3, "fillSource": "mvt"}, "geometry": {"type": "Polygon", "coordinates": [[[19.062403586, 47.47413934], [19.062399586, 47.47412834], [19.062410586, 47.47412634], [19.062405586, 47.47411134], [19.062395586, 47.47411334], [19.062391586, 47.47409734], [19.062400586, 47.47409534], [19.062389586, 47.47409634], [19.062385586, 47.47408634], [19.062386586, 47.47408234], [19.062394586, 47.47408134], [19.062395586, 47.47408434], [19.062400586, 47.47408134], [19.062428586, 47.47407734], [19.062432586, 47.47409134], [19.062442586, 47.47409034], [19.062446586, 47.47410634], [19.062437586, 47.47410834], [19.062448586, 47.47410634], [19.062451586, 47.47412034], [19.062442586, 47.47412134], [19.062451586, 47.47412034], [19.062454586, 47.47413134], [19.062444586, 47.47413434], [19.062449586, 47.47414934], [19.062452586, 47.47415334], [19.062450586, 47.47414734], [19.062459586, 47.47414634], [19.062464586, 47.47416234], [19.062455586, 47.47416334], [19.062452586, 47.47415734], [19.062454586, 47.47416434], [19.062466586, 47.47416334], [19.062468586, 47.47417634], [19.062457586, 47.47417634], [19.062459586, 47.47417834], [19.062468586, 47.47417734], [19.062471586, 47.47418834], [19.062463586, 47.47418934], [19.062472586, 47.47418834], [19.062476586, 47.47420134], [19.062466586, 47.47420334], [19.062476586, 47.47420334], [19.062481586, 47.47421834], [19.062471586, 47.47422034], [19.062483586, 47.47421934], [19.062486586, 47.47423134], [19.062477586, 47.47423434], [19.062485586, 47.47423334], [19.062489586, 47.47424434], [19.062480586, 47.47424534], [19.062489586, 47.47424434], [19.062495586, 47.47425734], [19.062483586, 47.47425934], [19.062493586, 47.47425934], [19.062498586, 47.47427434], [19.062488586, 47.47427534], [19.062491586, 47.47428834], [19.062495586, 47.47429034], [19.062503586, 47.47428934], [19.062506586, 47.47430034], [19.062497586, 47.47430134], [19.062506586, 47.47430034], [19.062511586, 47.47431434], [19.062500586, 47.47431534], [19.062502586, 47.47432234], [19.062502586, 47.47431634], [19.062510586, 47.47431534], [19.062515586, 47.47433034], [19.062507586, 47.47433234], [19.062503586, 47.47432734], [19.062509586, 47.47434634], [19.062519586, 47.47434534], [19.062523586, 47.47435634], [19.062515586, 47.47435834], [19.062523586, 47.47435734], [19.062529586, 47.47437034], [19.062517586, 47.47437234], [19.062528586, 47.47437134], [19.062532586, 47.47438534], [19.062522586, 47.47438934], [19.062534586, 47.47438734], [19.062538586, 47.47439834], [19.062537586, 47.47440134], [19.062528586, 47.47440234], [19.062526586, 47.47440034], [19.062528586, 47.47440734], [19.062497586, 47.47441234], [19.062470586, 47.47432434], [19.062461586, 47.47432634], [19.062456586, 47.47431134], [19.062466586, 47.47431034], [19.062462586, 47.47430034], [19.062452586, 47.47430034], [19.062451586, 47.47429634], [19.062461586, 47.47429534], [19.062460586, 47.47429134], [19.062459586, 47.47429534], [19.062451586, 47.47429634], [19.062445586, 47.47428334], [19.062456586, 47.47428034], [19.062446586, 47.47428134], [19.062442586, 47.47426634], [19.062452586, 47.47426534], [19.062440586, 47.47426534], [19.062438586, 47.47425134], [19.062434586, 47.47424034], [19.062444586, 47.47423734], [19.062438586, 47.47421834], [19.062438586, 47.47422434], [19.062430586, 47.47422534], [19.062425586, 47.47421034], [19.062433586, 47.47420834], [19.062436586, 47.47421434], [19.062434586, 47.47420734], [19.062423586, 47.47420934], [19.062417586, 47.47418434], [19.062427586, 47.47418234], [19.062422586, 47.47416734], [19.062412586, 47.47416934], [19.062408586, 47.47415434], [19.062418586, 47.47415134], [19.062405586, 47.47415334], [19.062402586, 47.47414234], [19.062403586, 47.47413934]]]}}, {"type": "Feature", "properties": {"id": 806, "roomCode": "L\u00c9-3-K7-04-63", "roomNumber": "3-K7", "roomName": "3.K7 K\u00f6zleked\u0151 D-i", "roomType": "corridor", "floorId": 8, "level": 3, "fillSource": "mvt"}, "geometry": {"type": "Polygon", "coordinates": [[[19.062454733, 47.474042445], [19.062458733, 47.474057445], [19.062411733, 47.474064445], [19.062412733, 47.474069445], [19.062401733, 47.474071445], [19.062399733, 47.474066445], [19.062008733, 47.474120445], [19.062010733, 47.474125445], [19.061998733, 47.474127445], [19.061996733, 47.474122445], [19.061949733, 47.474128445], [19.061944733, 47.474113445], [19.062454733, 47.474042445]]]}}, {"type": "Feature", "properties": {"id": 807, "roomCode": "L\u00c9-3-K8-04-63", "roomNumber": "3-K8", "roomName": "3.K8 K\u00f6zleked\u0151 (Nyugati liftt\u0151l balra)", "roomType": "corridor", "floorId": 8, "level": 3, "fillSource": "mvt"}, "geometry": {"type": "Polygon", "coordinates": [[[19.061946506, 47.474180143], [19.061955506, 47.474179143], [19.061961506, 47.474193143], [19.061949506, 47.474194143], [19.061959506, 47.474194143], [19.061964506, 47.474209143], [19.061955506, 47.474212143], [19.061966506, 47.474210143], [19.061969506, 47.474221143], [19.061969506, 47.474224143], [19.061960506, 47.474225143], [19.061969506, 47.474224143], [19.061970506, 47.474228143], [19.061960506, 47.474231143], [19.061963506, 47.474241143], [19.061973506, 47.474240143], [19.061977506, 47.474254143], [19.061968506, 47.474256143], [19.061994506, 47.474343143], [19.061963506, 47.474347143], [19.061957506, 47.474328143], [19.061947506, 47.474329143], [19.061943506, 47.474315143], [19.061952506, 47.474311143], [19.061940506, 47.474313143], [19.061938506, 47.474299143], [19.061946506, 47.474297143], [19.061938506, 47.474299143], [19.061934506, 47.474288143], [19.061943506, 47.474286143], [19.061934506, 47.474287143], [19.061930506, 47.474274143], [19.061940506, 47.474272143], [19.061930506, 47.474273143], [19.061926506, 47.474259143], [19.061935506, 47.474255143], [19.061924506, 47.474257143], [19.061921506, 47.474243143], [19.061929506, 47.474242143], [19.061921506, 47.474242143], [19.061918506, 47.474232143], [19.061928506, 47.474230143], [19.061923506, 47.474215143], [19.061913506, 47.474217143], [19.061908506, 47.474201143], [19.061918506, 47.474200143], [19.061906506, 47.474200143], [19.061904506, 47.474187143], [19.061912506, 47.474185143], [19.061904506, 47.474186143], [19.061900506, 47.474175143], [19.061909506, 47.474174143], [19.061910506, 47.474171143], [19.061908506, 47.474174143], [19.061900506, 47.474175143], [19.061898506, 47.474172143], [19.061894506, 47.474162143], [19.061906506, 47.474160143], [19.061895506, 47.474160143], [19.061891506, 47.474145143], [19.061901506, 47.474144143], [19.061896506, 47.474129143], [19.061886506, 47.474130143], [19.061883506, 47.474119143], [19.061893506, 47.474118143], [19.061889506, 47.474103143], [19.061879506, 47.474104143], [19.061874506, 47.474089143], [19.061883506, 47.474086143], [19.061873506, 47.474088143], [19.061869506, 47.474076143], [19.061878506, 47.474073143], [19.061869506, 47.474074143], [19.061866506, 47.474063143], [19.061876506, 47.474062143], [19.061873506, 47.474050143], [19.061871506, 47.474047143], [19.061861506, 47.474048143], [19.061857506, 47.474033143], [19.061867506, 47.474030143], [19.061855506, 47.474032143], [19.061852506, 47.474018143], [19.061861506, 47.474017143], [19.061861506, 47.474019143], [19.061863506, 47.474017143], [19.061889506, 47.474013143], [19.061896506, 47.474015143], [19.061895506, 47.474012143], [19.061904506, 47.474011143], [19.061910506, 47.474024143], [19.061898506, 47.474026143], [19.061908506, 47.474025143], [19.061913506, 47.474041143], [19.061903506, 47.474043143], [19.061915506, 47.474042143], [19.061917506, 47.474055143], [19.061909506, 47.474057143], [19.061917506, 47.474056143], [19.061920506, 47.474067143], [19.061912506, 47.474068143], [19.061921506, 47.474067143], [19.061926506, 47.474080143], [19.061915506, 47.474082143], [19.061925506, 47.474082143], [19.061930506, 47.474097143], [19.061920506, 47.474098143], [19.061924506, 47.474113143], [19.061934506, 47.474112143], [19.061938506, 47.474123143], [19.061928506, 47.474124143], [19.061932506, 47.474138143], [19.061942506, 47.474138143], [19.061947506, 47.474153143], [19.061937506, 47.474156143], [19.061949506, 47.474154143], [19.061951506, 47.474168143], [19.061943506, 47.474169143], [19.061952506, 47.474168143], [19.061955506, 47.474179143], [19.061946506, 47.474180143]]]}}, {"type": "Feature", "properties": {"id": 808, "roomCode": "L\u00c9-3-K9-04-63", "roomNumber": "3-K9", "roomName": "3.K9 El\u0151t\u00e9r Ny-i lift el\u0151tt", "roomType": "corridor", "floorId": 8, "level": 3, "fillSource": "mvt"}, "geometry": {"type": "Polygon", "coordinates": [[[19.061835986, 47.474312571], [19.061850986, 47.474354571], [19.061869986, 47.474352571], [19.061876986, 47.474374571], [19.061880986, 47.474374571], [19.061883986, 47.474383571], [19.061878986, 47.474384571], [19.061881986, 47.474391571], [19.061885986, 47.474391571], [19.061888986, 47.474400571], [19.061884986, 47.474400571], [19.061886986, 47.474408571], [19.061890986, 47.474408571], [19.061893986, 47.474417571], [19.061889986, 47.474417571], [19.061896986, 47.474438571], [19.061876986, 47.474442571], [19.061886986, 47.474441571], [19.061888986, 47.474448571], [19.061878986, 47.474449571], [19.061889986, 47.474483571], [19.061899986, 47.474482571], [19.061901986, 47.474486571], [19.061849986, 47.474494571], [19.061846986, 47.474483571], [19.061856986, 47.474480571], [19.061846986, 47.474481571], [19.061842986, 47.474469571], [19.061852986, 47.474467571], [19.061842986, 47.474468571], [19.061837986, 47.474452571], [19.061846986, 47.474450571], [19.061836986, 47.474451571], [19.061832986, 47.474441571], [19.061843986, 47.474439571], [19.061842986, 47.474437571], [19.061833986, 47.474440571], [19.061830986, 47.474431571], [19.061831986, 47.474433571], [19.061841986, 47.474432571], [19.061824986, 47.474376571], [19.061823986, 47.474373571], [19.061814986, 47.474374571], [19.061813986, 47.474377571], [19.061811986, 47.474368571], [19.061821986, 47.474368571], [19.061821986, 47.474365571], [19.061809986, 47.474367571], [19.061806986, 47.474356571], [19.061817986, 47.474355571], [19.061807986, 47.474355571], [19.061802986, 47.474340571], [19.061811986, 47.474339571], [19.061802986, 47.474339571], [19.061798986, 47.474326571], [19.061806986, 47.474324571], [19.061798986, 47.474325571], [19.061796986, 47.474320571], [19.061835986, 47.474312571]]]}}, {"type": "Feature", "properties": {"id": 809, "roomCode": "L\u00c9-3-L3-04-64", "roomNumber": "3-L3", "roomName": "3.L3 L\u00e9pcs\u0151h\u00e1z \u00c9K", "roomType": "corridor", "floorId": 8, "level": 3, "fillSource": "mvt"}, "geometry": {"type": "Polygon", "coordinates": [[[19.062250834, 47.474785703], [19.062257834, 47.474808703], [19.062179834, 47.474818703], [19.062171834, 47.474796703], [19.062250834, 47.474785703]]]}}, {"type": "Feature", "properties": {"id": 810, "roomCode": "L\u00c9-3-L5-04-64", "roomNumber": "3-L5", "roomName": "3.L5 L\u00e9pcs\u0151h\u00e1z DK", "roomType": "corridor", "floorId": 8, "level": 3, "fillSource": "mvt"}, "geometry": {"type": "Polygon", "coordinates": [[[19.062447913, 47.474137751], [19.062454913, 47.474161751], [19.062376913, 47.474172751], [19.062369913, 47.474148751], [19.062447913, 47.474137751]]]}}, {"type": "Feature", "properties": {"id": 811, "roomCode": "L\u00c9-3-L6-04-64", "roomNumber": "3-L6", "roomName": "3.L6 L\u00e9pcs\u0151h\u00e1z DNY", "roomType": "corridor", "floorId": 8, "level": 3, "fillSource": "mvt"}, "geometry": {"type": "Polygon", "coordinates": [[[19.062034798, 47.474080596], [19.062040798, 47.474103596], [19.061963798, 47.474114596], [19.061956798, 47.474091596], [19.062034798, 47.474080596]]]}}, {"type": "Feature", "properties": {"id": 812, "roomCode": "L\u00c9-3-L7-04-64", "roomNumber": "3-L7", "roomName": "3.L7 L\u00e9pcs\u0151h\u00e1z h\u00e1romkar\u00fa", "roomType": "corridor", "floorId": 8, "level": 3, "fillSource": "mvt"}, "geometry": {"type": "Polygon", "coordinates": [[[19.062277555, 47.474443858], [19.062289555, 47.474481858], [19.062201555, 47.474493858], [19.062189555, 47.474455858], [19.062205555, 47.474453858], [19.062277555, 47.474443858]]]}}, {"type": "Feature", "properties": {"id": 131, "roomCode": "LK-0-030-06-84 (2)", "roomNumber": "", "roomName": "0.030 Rakt\u00e1r", "roomType": "technical", "floorId": 9, "level": 4, "fillSource": "catalog-bbox"}, "geometry": {"type": "Polygon", "coordinates": [[[19.061773102094765, 47.47472629586532], [19.061799507905235, 47.47472629586532], [19.061799507905235, 47.47474481813469], [19.061773102094765, 47.47474481813469], [19.061773102094765, 47.47472629586532]]]}}, {"type": "Feature", "properties": {"id": 366, "roomCode": "LK-4-400/3-04-63", "roomNumber": "400/3", "roomName": "4.400/3 K\u00f6zl. Hossz\u00fa laborfoly. Tan\u00e1ri WC", "roomType": "corridor", "floorId": 9, "level": 4, "fillSource": "mvt"}, "geometry": {"type": "Polygon", "coordinates": [[[19.061455809, 47.474917735], [19.061477809, 47.474927735], [19.061478809, 47.474933735], [19.061490809, 47.474932735], [19.061496809, 47.474951735], [19.061485809, 47.474953735], [19.061490809, 47.474970735], [19.061501809, 47.474969735], [19.061505809, 47.474979735], [19.061493809, 47.474981735], [19.061498809, 47.474998735], [19.061510809, 47.474997735], [19.061513809, 47.475008735], [19.061501809, 47.475009735], [19.061506809, 47.475027735], [19.061518809, 47.475025735], [19.061522809, 47.475036735], [19.061510809, 47.475037735], [19.061516809, 47.475055735], [19.061528809, 47.475053735], [19.061530809, 47.475064735], [19.061518809, 47.475066735], [19.061524809, 47.475083735], [19.061536809, 47.475081735], [19.061538809, 47.475092735], [19.061528809, 47.475094735], [19.061533809, 47.475111735], [19.061544809, 47.475109735], [19.061548809, 47.475120735], [19.061536809, 47.475122735], [19.061541809, 47.475139735], [19.061553809, 47.475137735], [19.061556809, 47.475148735], [19.061544809, 47.475150735], [19.061549809, 47.475167735], [19.061561809, 47.475165735], [19.061565809, 47.475176735], [19.061553809, 47.475178735], [19.061559809, 47.475195735], [19.061571809, 47.475193735], [19.061573809, 47.475204735], [19.061561809, 47.475206735], [19.061565809, 47.475217735], [19.061576809, 47.475215735], [19.061579809, 47.475223735], [19.061567809, 47.475225735], [19.061579809, 47.475261735], [19.061589809, 47.475260735], [19.061592809, 47.475269735], [19.061551809, 47.475274735], [19.061549809, 47.475266735], [19.061537809, 47.475268735], [19.061534809, 47.475258735], [19.061545809, 47.475256735], [19.061540809, 47.475238735], [19.061529809, 47.475240735], [19.061525809, 47.475230735], [19.061537809, 47.475228735], [19.061532809, 47.475210735], [19.061520809, 47.475211735], [19.061517809, 47.475201735], [19.061529809, 47.475200735], [19.061524809, 47.475182735], [19.061512809, 47.475183735], [19.061508809, 47.475172735], [19.061520809, 47.475172735], [19.061514809, 47.475153735], [19.061502809, 47.475155735], [19.061500809, 47.475144735], [19.061512809, 47.475143735], [19.061506809, 47.475125735], [19.061494809, 47.475127735], [19.061492809, 47.475116735], [19.061502809, 47.475115735], [19.061497809, 47.475097735], [19.061486809, 47.475099735], [19.061482809, 47.475088735], [19.061494809, 47.475087735], [19.061489809, 47.475069735], [19.061477809, 47.475071735], [19.061474809, 47.475060735], [19.061486809, 47.475059735], [19.061481809, 47.475041735], [19.061469809, 47.475043735], [19.061465809, 47.475032735], [19.061477809, 47.475031735], [19.061471809, 47.475013735], [19.061459809, 47.475015735], [19.061451809, 47.474986735], [19.061465809, 47.474984735], [19.061445809, 47.474930735], [19.061455809, 47.474917735]]]}}, {"type": "Feature", "properties": {"id": 367, "roomCode": "LK-4-400/4-04-64", "roomNumber": "400/4", "roomName": "4.400/4 Menek\u00fcl\u0151 l\u00e9pcs\u0151h\u00e1z L1", "roomType": "corridor", "floorId": 9, "level": 4, "fillSource": "mvt"}, "geometry": {"type": "Polygon", "coordinates": [[[19.061450181, 47.47521072], [19.061468181, 47.47526472], [19.061391181, 47.47527572], [19.061378181, 47.47527272], [19.061364181, 47.47522672], [19.061450181, 47.47521072]]]}}, {"type": "Feature", "properties": {"id": 368, "roomCode": "LK-4-401-01-14", "roomNumber": "401", "roomName": "4.401 Labor", "roomType": "educational", "floorId": 9, "level": 4, "fillSource": "mvt"}, "geometry": {"type": "Polygon", "coordinates": [[[19.061629029, 47.474586578], [19.061647029, 47.474642578], [19.061578029, 47.474648578], [19.061562029, 47.474595578], [19.061629029, 47.474586578]]]}}, {"type": "Feature", "properties": {"id": 369, "roomCode": "LK-4-402-06-84", "roomNumber": "402", "roomName": "4.402 Rakt\u00e1r", "roomType": "technical", "floorId": 9, "level": 4, "fillSource": "catalog-bbox"}, "geometry": {"type": "Polygon", "coordinates": [[[19.061558134440745, 47.4746367076521], [19.061633267559255, 47.4746367076521], [19.061633267559255, 47.474672108347896], [19.061558134440745, 47.474672108347896], [19.061558134440745, 47.4746367076521]]]}}, {"type": "Feature", "properties": {"id": 370, "roomCode": "LK-4-403-01-14", "roomNumber": "403", "roomName": "4.403 Labor", "roomType": "educational", "floorId": 9, "level": 4, "fillSource": "mvt"}, "geometry": {"type": "Polygon", "coordinates": [[[19.061603158, 47.474671387], [19.061619158, 47.474725387], [19.061552158, 47.474734387], [19.061536158, 47.474681387], [19.061603158, 47.474671387]]]}}, {"type": "Feature", "properties": {"id": 371, "roomCode": "LK-4-404-01-14", "roomNumber": "404", "roomName": "4.404 Labor", "roomType": "educational", "floorId": 9, "level": 4, "fillSource": "mvt"}, "geometry": {"type": "Polygon", "coordinates": [[[19.061585258, 47.474726655], [19.061603258, 47.474780655], [19.061536258, 47.474789655], [19.061518258, 47.474736655], [19.061585258, 47.474726655]]]}}, {"type": "Feature", "properties": {"id": 372, "roomCode": "LK-4-405-01-14", "roomNumber": "405", "roomName": "4.405 Labor", "roomType": "educational", "floorId": 9, "level": 4, "fillSource": "mvt"}, "geometry": {"type": "Polygon", "coordinates": [[[19.06156816, 47.474784712], [19.06158416, 47.474837712], [19.06151816, 47.474847712], [19.06150116, 47.474793712], [19.06156816, 47.474784712]]]}}, {"type": "Feature", "properties": {"id": 373, "roomCode": "LK-4-406-06-84", "roomNumber": "406", "roomName": "4.406 Rakt\u00e1r", "roomType": "technical", "floorId": 9, "level": 4, "fillSource": "catalog-bbox"}, "geometry": {"type": "Polygon", "coordinates": [[[19.06149772758593, 47.47483386437557], [19.06157243641407, 47.47483386437557], [19.06157243641407, 47.474869203624436], [19.06149772758593, 47.474869203624436], [19.06149772758593, 47.47483386437557]]]}}, {"type": "Feature", "properties": {"id": 374, "roomCode": "LK-4-407-01-14", "roomNumber": "407", "roomName": "4.407 Labor", "roomType": "educational", "floorId": 9, "level": 4, "fillSource": "mvt"}, "geometry": {"type": "Polygon", "coordinates": [[[19.061542348, 47.474868724], [19.061558348, 47.474923724], [19.061491348, 47.474932724], [19.061474348, 47.474878724], [19.061542348, 47.474868724]]]}}, {"type": "Feature", "properties": {"id": 375, "roomCode": "LK-4-409-01-14", "roomNumber": "409", "roomName": "4.409 HF Labor", "roomType": "educational", "floorId": 9, "level": 4, "fillSource": "mvt"}, "geometry": {"type": "Polygon", "coordinates": [[[19.061513187, 47.47498276], [19.061521187, 47.47500876], [19.061454187, 47.47501876], [19.061446187, 47.47499176], [19.061513187, 47.47498276]]]}}, {"type": "Feature", "properties": {"id": 376, "roomCode": "LK-4-410-01-14", "roomNumber": "410", "roomName": "4.410 Labor", "roomType": "educational", "floorId": 9, "level": 4, "fillSource": "mvt"}, "geometry": {"type": "Polygon", "coordinates": [[[19.061504254, 47.475010784], [19.061512254, 47.475036784], [19.061446254, 47.475046784], [19.061438254, 47.475019784], [19.061504254, 47.475010784]]]}}, {"type": "Feature", "properties": {"id": 377, "roomCode": "LK-4-411-01-14", "roomNumber": "411", "roomName": "4.411 HPLC labor", "roomType": "educational", "floorId": 9, "level": 4, "fillSource": "mvt"}, "geometry": {"type": "Polygon", "coordinates": [[[19.06149612, 47.475038609], [19.06150412, 47.475065609], [19.06143712, 47.475074609], [19.06142912, 47.475047609], [19.06149612, 47.475038609]]]}}, {"type": "Feature", "properties": {"id": 378, "roomCode": "LK-4-412-01-14", "roomNumber": "412", "roomName": "4.412 Old\u00f3szer desztill\u00e1l\u00f3 labor", "roomType": "educational", "floorId": 9, "level": 4, "fillSource": "mvt"}, "geometry": {"type": "Polygon", "coordinates": [[[19.061487587, 47.475067033], [19.061495587, 47.475093033], [19.061428587, 47.475102033], [19.061420587, 47.475076033], [19.061487587, 47.475067033]]]}}, {"type": "Feature", "properties": {"id": 379, "roomCode": "LK-4-413-01-14", "roomNumber": "413", "roomName": "4.413 El\u0151k\u00e9sz\u00edt\u0151", "roomType": "educational", "floorId": 9, "level": 4, "fillSource": "mvt"}, "geometry": {"type": "Polygon", "coordinates": [[[19.061471388, 47.475097867], [19.061488388, 47.475151867], [19.061420388, 47.475160867], [19.061404388, 47.475106867], [19.061471388, 47.475097867]]]}}, {"type": "Feature", "properties": {"id": 380, "roomCode": "LK-4-414-01-14", "roomNumber": "414", "roomName": "4.414 HPLC labor", "roomType": "educational", "floorId": 9, "level": 4, "fillSource": "mvt"}, "geometry": {"type": "Polygon", "coordinates": [[[19.061454189, 47.475153477], [19.061470189, 47.475207477], [19.061404189, 47.475216477], [19.061388189, 47.475164477], [19.061454189, 47.475153477]]]}}, {"type": "Feature", "properties": {"id": 71, "roomCode": "LK-4-415-01-12", "roomNumber": "415", "roomName": "415 Haj\u00f3orr IV.", "roomType": "educational", "floorId": 9, "level": 4, "fillSource": "mvt"}, "geometry": {"type": "Polygon", "coordinates": [[[19.061538768, 47.475260096], [19.061563768, 47.475342096], [19.061484768, 47.475353096], [19.061461768, 47.475339096], [19.061538768, 47.475260096]]]}}, {"type": "Feature", "properties": {"id": 381, "roomCode": "LK-4-416-01-14", "roomNumber": "416", "roomName": "416-os labor", "roomType": "educational", "floorId": 9, "level": 4, "fillSource": "mvt"}, "geometry": {"type": "Polygon", "coordinates": [[[19.061559694, 47.47515105], [19.061602694, 47.47529005], [19.061534694, 47.47529905], [19.061492694, 47.47516105], [19.061559694, 47.47515105]]]}}, {"type": "Feature", "properties": {"id": 382, "roomCode": "LK-4-417-01-14", "roomNumber": "417", "roomName": "4.417 El\u0151k\u00e9szit\u0151", "roomType": "educational", "floorId": 9, "level": 4, "fillSource": "mvt"}, "geometry": {"type": "Polygon", "coordinates": [[[19.061599119, 47.475112381], [19.061607119, 47.475138381], [19.061540119, 47.475147381], [19.061532119, 47.475121381], [19.061599119, 47.475112381]]]}}, {"type": "Feature", "properties": {"id": 383, "roomCode": "LK-4-418-01-14", "roomNumber": "418", "roomName": "4.418 Hallgat\u00f3i labor", "roomType": "educational", "floorId": 9, "level": 4, "fillSource": "mvt"}, "geometry": {"type": "Polygon", "coordinates": [[[19.061610074, 47.475008524], [19.061644074, 47.475118524], [19.061577074, 47.475128524], [19.061543074, 47.475017524], [19.061610074, 47.475008524]]]}}, {"type": "Feature", "properties": {"id": 384, "roomCode": "LK-4-419/A-05-71", "roomNumber": "419/A", "roomName": "4.419/A N\u0151i mosd\u00f3", "roomType": "social", "floorId": 9, "level": 4, "fillSource": "mvt"}, "geometry": {"type": "Polygon", "coordinates": [[[19.061614076, 47.474971729], [19.061622076, 47.474997729], [19.061586076, 47.475002729], [19.061578076, 47.474976729], [19.061614076, 47.474971729]]]}}, {"type": "Feature", "properties": {"id": 385, "roomCode": "LK-4-419/B-05-71", "roomNumber": "419/B", "roomName": "4.419/B n\u0151i \u00f6lt\u00f6z\u0151", "roomType": "social", "floorId": 9, "level": 4, "fillSource": "mvt"}, "geometry": {"type": "Polygon", "coordinates": [[[19.061645673, 47.474976207], [19.061653673, 47.475003207], [19.061622673, 47.475007207], [19.061614673, 47.474981207], [19.061645673, 47.474976207]]]}}, {"type": "Feature", "properties": {"id": 386, "roomCode": "LK-4-420/A-05-71", "roomNumber": "420/A", "roomName": "4.420/A Ffi mosd\u00f3", "roomType": "social", "floorId": 9, "level": 4, "fillSource": "mvt"}, "geometry": {"type": "Polygon", "coordinates": [[[19.061622618, 47.474943706], [19.061630618, 47.474969706], [19.061594618, 47.474974706], [19.061586618, 47.474948706], [19.061622618, 47.474943706]]]}}, {"type": "Feature", "properties": {"id": 387, "roomCode": "LK-4-420/B-05-73", "roomNumber": "420/B", "roomName": "4.420/B ffi \u00f6lt\u00f6z\u0151", "roomType": "social", "floorId": 9, "level": 4, "fillSource": "mvt"}, "geometry": {"type": "Polygon", "coordinates": [[[19.061654214, 47.474948184], [19.061662214, 47.474975184], [19.061631214, 47.474979184], [19.061623214, 47.474953184], [19.061654214, 47.474948184]]]}}, {"type": "Feature", "properties": {"id": 388, "roomCode": "LK-4-421-01-14", "roomNumber": "421", "roomName": "4.421 Preparat\u00edv labor", "roomType": "educational", "floorId": 9, "level": 4, "fillSource": "mvt"}, "geometry": {"type": "Polygon", "coordinates": [[[19.061662061, 47.474885914], [19.061678061, 47.474939914], [19.061612061, 47.474948914], [19.061595061, 47.474894914], [19.061662061, 47.474885914]]]}}, {"type": "Feature", "properties": {"id": 389, "roomCode": "LK-4-422-01-14", "roomNumber": "422", "roomName": "4.422 Preparat\u00edv labor", "roomType": "educational", "floorId": 9, "level": 4, "fillSource": "mvt"}, "geometry": {"type": "Polygon", "coordinates": [[[19.06167914, 47.474829152], [19.06169514, 47.474884152], [19.06163014, 47.474893152], [19.06161214, 47.474838152], [19.06167914, 47.474829152]]]}}, {"type": "Feature", "properties": {"id": 390, "roomCode": "LK-4-427-01-13", "roomNumber": "427", "roomName": "4.427-427A Tansz\u00e9kvezet\u0151 (Szerves)", "roomType": "educational", "floorId": 9, "level": 4, "fillSource": "mvt"}, "geometry": {"type": "Polygon", "coordinates": [[[19.061841685, 47.474674626], [19.061857685, 47.474729626], [19.061790685, 47.474739626], [19.061772685, 47.474683626], [19.061841685, 47.474674626]]]}}, {"type": "Feature", "properties": {"id": 391, "roomCode": "LK-4-428-01-14", "roomNumber": "428", "roomName": "4.428 M\u0171szeres labor", "roomType": "educational", "floorId": 9, "level": 4, "fillSource": "mvt"}, "geometry": {"type": "Polygon", "coordinates": [[[19.061858026, 47.474619455], [19.061875026, 47.474673455], [19.061808026, 47.474682455], [19.061791026, 47.474628455], [19.061858026, 47.474619455]]]}}, {"type": "Feature", "properties": {"id": 392, "roomCode": "LK-4-429-01-14", "roomNumber": "429", "roomName": "4.429 M\u0171szeres labor", "roomType": "educational", "floorId": 9, "level": 4, "fillSource": "mvt"}, "geometry": {"type": "Polygon", "coordinates": [[[19.06187517, 47.474562166], [19.06189317, 47.474617166], [19.06182517, 47.474627166], [19.06180817, 47.474572166], [19.06187517, 47.474562166]]]}}, {"type": "Feature", "properties": {"id": 393, "roomCode": "LK-4-430-01-14", "roomNumber": "430", "roomName": "4.430 Preparat\u00edv labor", "roomType": "educational", "floorId": 9, "level": 4, "fillSource": "mvt"}, "geometry": {"type": "Polygon", "coordinates": [[[19.061895034, 47.474512783], [19.061908034, 47.474552783], [19.061841034, 47.474562783], [19.061826034, 47.474512783], [19.061895034, 47.474512783]]]}}, {"type": "Feature", "properties": {"id": 394, "roomCode": "LK-4-431-01-14", "roomNumber": "431", "roomName": "4.431 Preparat\u00edv labor", "roomType": "educational", "floorId": 9, "level": 4, "fillSource": "mvt"}, "geometry": {"type": "Polygon", "coordinates": [[[19.061773156, 47.474489164], [19.061789156, 47.474542164], [19.061722156, 47.474552164], [19.061705156, 47.474498164], [19.061773156, 47.474489164]]]}}, {"type": "Feature", "properties": {"id": 395, "roomCode": "LK-4-432-01-14", "roomNumber": "432", "roomName": "4.432 Preparat\u00edv labor", "roomType": "educational", "floorId": 9, "level": 4, "fillSource": "mvt"}, "geometry": {"type": "Polygon", "coordinates": [[[19.061755544, 47.474545481], [19.061771544, 47.474599481], [19.061704544, 47.474609481], [19.061688544, 47.474554481], [19.061755544, 47.474545481]]]}}, {"type": "Feature", "properties": {"id": 396, "roomCode": "LK-4-433-06-84 (1)", "roomNumber": "433", "roomName": "4.433 Rakt\u00e1r", "roomType": "technical", "floorId": 9, "level": 4, "fillSource": "catalog-bbox"}, "geometry": {"type": "Polygon", "coordinates": [[[19.061683795219803, 47.474595971244526], [19.061759584780194, 47.474595971244526], [19.061759584780194, 47.474632098755485], [19.061683795219803, 47.474632098755485], [19.061683795219803, 47.474595971244526]]]}}, {"type": "Feature", "properties": {"id": 398, "roomCode": "LK-4-434-01-13", "roomNumber": "434", "roomName": "4.434 Oktat\u00f3", "roomType": "educational", "floorId": 9, "level": 4, "fillSource": "mvt"}, "geometry": {"type": "Polygon", "coordinates": [[[19.061837309, 47.4747999], [19.061853309, 47.4748519], [19.061819309, 47.4748569], [19.061803309, 47.4748039], [19.061837309, 47.4747999]]]}}, {"type": "Feature", "properties": {"id": 399, "roomCode": "LK-4-435-01-13", "roomNumber": "435", "roomName": "4.435 Oktat\u00f3", "roomType": "educational", "floorId": 9, "level": 4, "fillSource": "mvt"}, "geometry": {"type": "Polygon", "coordinates": [[[19.06187196, 47.474804339], [19.06188796, 47.474857339], [19.06185496, 47.474861339], [19.06183896, 47.474809339], [19.06187196, 47.474804339]]]}}, {"type": "Feature", "properties": {"id": 400, "roomCode": "LK-4-436-01-13", "roomNumber": "436", "roomName": "4.436 Oktat\u00f3", "roomType": "educational", "floorId": 9, "level": 4, "fillSource": "mvt"}, "geometry": {"type": "Polygon", "coordinates": [[[19.061906546, 47.474809346], [19.061924546, 47.474861346], [19.061889546, 47.474867346], [19.061873546, 47.474813346], [19.061906546, 47.474809346]]]}}, {"type": "Feature", "properties": {"id": 401, "roomCode": "LK-4-437-01-13", "roomNumber": "437", "roomName": "4.437 Oktat\u00f3", "roomType": "educational", "floorId": 9, "level": 4, "fillSource": "mvt"}, "geometry": {"type": "Polygon", "coordinates": [[[19.061941834, 47.474813988], [19.061958834, 47.474866988], [19.061924834, 47.474870988], [19.061908834, 47.474818988], [19.061941834, 47.474813988]]]}}, {"type": "Feature", "properties": {"id": 402, "roomCode": "LK-4-438-01-13", "roomNumber": "438", "roomName": "4.438 Oktat\u00f3", "roomType": "educational", "floorId": 9, "level": 4, "fillSource": "mvt"}, "geometry": {"type": "Polygon", "coordinates": [[[19.061977257, 47.474819451], [19.061993257, 47.474870451], [19.061960257, 47.474876451], [19.061944257, 47.474823451], [19.061977257, 47.474819451]]]}}, {"type": "Feature", "properties": {"id": 403, "roomCode": "LK-4-439-01-13", "roomNumber": "439", "roomName": "4.439 Oktat\u00f3", "roomType": "educational", "floorId": 9, "level": 4, "fillSource": "mvt"}, "geometry": {"type": "Polygon", "coordinates": [[[19.062012135, 47.474824061], [19.062028135, 47.474876061], [19.061995135, 47.474880061], [19.061979135, 47.474829061], [19.062012135, 47.474824061]]]}}, {"type": "Feature", "properties": {"id": 404, "roomCode": "LK-4-440-01-17", "roomNumber": "440", "roomName": "4.440 T\u00e1rgyal\u00f3", "roomType": "educational", "floorId": 9, "level": 4, "fillSource": "mvt"}, "geometry": {"type": "Polygon", "coordinates": [[[19.062047247, 47.474828882], [19.062063247, 47.474880882], [19.062030247, 47.474885882], [19.062014247, 47.474832882], [19.062047247, 47.474828882]]]}}, {"type": "Feature", "properties": {"id": 405, "roomCode": "LK-4-441-01-13", "roomNumber": "441", "roomName": "4.441 Oktat\u00f3", "roomType": "educational", "floorId": 9, "level": 4, "fillSource": "mvt"}, "geometry": {"type": "Polygon", "coordinates": [[[19.06209032, 47.474833908], [19.06210532, 47.474885908], [19.06206432, 47.474890908], [19.06204732, 47.474839908], [19.06209032, 47.474833908]]]}}, {"type": "Feature", "properties": {"id": 406, "roomCode": "LK-4-442-01-13", "roomNumber": "442", "roomName": "4.442 Oktat\u00f3", "roomType": "educational", "floorId": 9, "level": 4, "fillSource": "mvt"}, "geometry": {"type": "Polygon", "coordinates": [[[19.062111843, 47.474771921], [19.062120843, 47.474804921], [19.062081843, 47.474809921], [19.062071843, 47.474776921], [19.062111843, 47.474771921]]]}}, {"type": "Feature", "properties": {"id": 407, "roomCode": "LK-4-443-01-13", "roomNumber": "443", "roomName": "4.443 Oktat\u00f3", "roomType": "educational", "floorId": 9, "level": 4, "fillSource": "mvt"}, "geometry": {"type": "Polygon", "coordinates": [[[19.062070629, 47.474766659], [19.062080629, 47.474799659], [19.062046629, 47.474804659], [19.062037629, 47.474771659], [19.062070629, 47.474766659]]]}}, {"type": "Feature", "properties": {"id": 408, "roomCode": "LK-4-444-01-13", "roomNumber": "444", "roomName": "4.444 Oktat\u00f3", "roomType": "educational", "floorId": 9, "level": 4, "fillSource": "mvt"}, "geometry": {"type": "Polygon", "coordinates": [[[19.062035749, 47.474762258], [19.062045749, 47.474795258], [19.062011749, 47.474799258], [19.062002749, 47.474766258], [19.062035749, 47.474762258]]]}}, {"type": "Feature", "properties": {"id": 409, "roomCode": "LK-4-445-01-13", "roomNumber": "445", "roomName": "4.445 Oktat\u00f3", "roomType": "educational", "floorId": 9, "level": 4, "fillSource": "mvt"}, "geometry": {"type": "Polygon", "coordinates": [[[19.062000745, 47.474757517], [19.062010745, 47.474789517], [19.061978745, 47.474794517], [19.061968745, 47.474762517], [19.062000745, 47.474757517]]]}}, {"type": "Feature", "properties": {"id": 410, "roomCode": "LK-4-446-01-13", "roomNumber": "446", "roomName": "4.446 Oktat\u00f3", "roomType": "educational", "floorId": 9, "level": 4, "fillSource": "mvt"}, "geometry": {"type": "Polygon", "coordinates": [[[19.061965101, 47.474752812], [19.061976101, 47.474784812], [19.061942101, 47.474789812], [19.061933101, 47.474756812], [19.061965101, 47.474752812]]]}}, {"type": "Feature", "properties": {"id": 411, "roomCode": "LK-4-447-01-13", "roomNumber": "447", "roomName": "4.447 Oktat\u00f3", "roomType": "educational", "floorId": 9, "level": 4, "fillSource": "mvt"}, "geometry": {"type": "Polygon", "coordinates": [[[19.061931513, 47.474747452], [19.061940513, 47.474780452], [19.061907513, 47.474785452], [19.061897513, 47.474752452], [19.061931513, 47.474747452]]]}}, {"type": "Feature", "properties": {"id": 412, "roomCode": "LK-4-448-01-13", "roomNumber": "448", "roomName": "4.448 Oktat\u00f3", "roomType": "educational", "floorId": 9, "level": 4, "fillSource": "mvt"}, "geometry": {"type": "Polygon", "coordinates": [[[19.06189671, 47.474743462], [19.06190571, 47.474775462], [19.06187271, 47.474779462], [19.06186271, 47.474747462], [19.06189671, 47.474743462]]]}}, {"type": "Feature", "properties": {"id": 413, "roomCode": "LK-4-449-01-13", "roomNumber": "449", "roomName": "4.449 Oktat\u00f3", "roomType": "educational", "floorId": 9, "level": 4, "fillSource": "mvt"}, "geometry": {"type": "Polygon", "coordinates": [[[19.061860898, 47.474737989], [19.061869898, 47.474770989], [19.061837898, 47.474774989], [19.061827898, 47.474742989], [19.061860898, 47.474737989]]]}}, {"type": "Feature", "properties": {"id": 813, "roomCode": "L\u00c9-4-100-06-84", "roomNumber": "4.100", "roomName": "4.100 Anyagkiad\u00f3", "roomType": "technical", "floorId": 9, "level": 4, "fillSource": "catalog-bbox"}, "geometry": {"type": "Polygon", "coordinates": [[[19.062186101232115, 47.47475390215696], [19.062272336767887, 47.47475390215696], [19.062272336767887, 47.47479077784304], [19.062186101232115, 47.47479077784304], [19.062186101232115, 47.47475390215696]]]}}, {"type": "Feature", "properties": {"id": 814, "roomCode": "L\u00c9-4-101-01-13", "roomNumber": "4.101", "roomName": "4.101 Oktat\u00f3", "roomType": "educational", "floorId": 9, "level": 4, "fillSource": "mvt"}, "geometry": {"type": "Polygon", "coordinates": [[[19.062170521, 47.474778082], [19.062179521, 47.474817082], [19.062131521, 47.474826082], [19.062119521, 47.474785082], [19.062170521, 47.474778082]]]}}, {"type": "Feature", "properties": {"id": 815, "roomCode": "L\u00c9-4-102-01-13", "roomNumber": "4.102", "roomName": "4.102 Oktat\u00f3", "roomType": "educational", "floorId": 9, "level": 4, "fillSource": "mvt"}, "geometry": {"type": "Polygon", "coordinates": [[[19.062148459, 47.474836564], [19.062167459, 47.474890564], [19.062113459, 47.474897564], [19.062097459, 47.474842564], [19.062148459, 47.474836564]]]}}, {"type": "Feature", "properties": {"id": 816, "roomCode": "L\u00c9-4-103-01-13", "roomNumber": "4.103", "roomName": "4.103 Oktat\u00f3", "roomType": "educational", "floorId": 9, "level": 4, "fillSource": "mvt"}, "geometry": {"type": "Polygon", "coordinates": [[[19.062191516, 47.474843614], [19.062207516, 47.474896614], [19.062168516, 47.474904614], [19.062151516, 47.474849614], [19.062191516, 47.474843614]]]}}, {"type": "Feature", "properties": {"id": 817, "roomCode": "L\u00c9-4-104-01-13", "roomNumber": "4.104", "roomName": "4.104 Oktat\u00f3", "roomType": "educational", "floorId": 9, "level": 4, "fillSource": "mvt"}, "geometry": {"type": "Polygon", "coordinates": [[[19.062241053, 47.474851208], [19.062258053, 47.474906208], [19.062214053, 47.474913208], [19.062199053, 47.474863208], [19.062204053, 47.474855208], [19.062241053, 47.474851208]]]}}, {"type": "Feature", "properties": {"id": 818, "roomCode": "L\u00c9-4-105-01-14", "roomNumber": "4.105", "roomName": "4.105 Peptidszintetikus labor", "roomType": "educational", "floorId": 9, "level": 4, "fillSource": "mvt"}, "geometry": {"type": "Polygon", "coordinates": [[[19.062352944, 47.474889809], [19.062359944, 47.474916809], [19.062285944, 47.474926809], [19.062277944, 47.474900809], [19.062321944, 47.474893809], [19.062352944, 47.474889809]]]}}, {"type": "Feature", "properties": {"id": 819, "roomCode": "L\u00c9-4-106-01-14", "roomNumber": "4.106", "roomName": "4.106 Kutat\u00f3 laborat\u00f3rium", "roomType": "educational", "floorId": 9, "level": 4, "fillSource": "mvt"}, "geometry": {"type": "Polygon", "coordinates": [[[19.062359542, 47.474860355], [19.062368542, 47.474887355], [19.062294542, 47.474897355], [19.062286542, 47.474870355], [19.062359542, 47.474860355]]]}}, {"type": "Feature", "properties": {"id": 820, "roomCode": "L\u00c9-4-107-01-14", "roomNumber": "4.107", "roomName": "4.107 El\u0151k\u00e9sz\u00edt\u0151 laborat\u00f3rium", "roomType": "educational", "floorId": 9, "level": 4, "fillSource": "mvt"}, "geometry": {"type": "Polygon", "coordinates": [[[19.062368752, 47.474832229], [19.062376752, 47.474859229], [19.062302752, 47.474869229], [19.062294752, 47.474842229], [19.062368752, 47.474832229]]]}}, {"type": "Feature", "properties": {"id": 821, "roomCode": "L\u00c9-4-108-01-14", "roomNumber": "4.108", "roomName": "4.108-4.110 Hallgat\u00f3i Laborat\u00f3rium", "roomType": "educational", "floorId": 9, "level": 4, "fillSource": "mvt"}, "geometry": {"type": "Polygon", "coordinates": [[[19.06240244, 47.47474061], [19.06242844, 47.47482461], [19.06235444, 47.47483461], [19.06235244, 47.47482861], [19.06234344, 47.47482961], [19.06233944, 47.47481661], [19.06234844, 47.47481561], [19.06234044, 47.47478661], [19.06232244, 47.47476061], [19.06233144, 47.47475861], [19.06232844, 47.47475061], [19.06240244, 47.47474061]]]}}, {"type": "Feature", "properties": {"id": 822, "roomCode": "L\u00c9-4-111-01-14", "roomNumber": "4.111", "roomName": "4.111 Oldatkinetikai laborat\u00f3rium", "roomType": "educational", "floorId": 9, "level": 4, "fillSource": "mvt"}, "geometry": {"type": "Polygon", "coordinates": [[[19.062459216, 47.474583357], [19.062477216, 47.474638357], [19.062403216, 47.474648357], [19.062392216, 47.474612357], [19.062382216, 47.474614357], [19.062378216, 47.474601357], [19.062388216, 47.474599357], [19.062387216, 47.474593357], [19.062459216, 47.474583357]]]}}, {"type": "Feature", "properties": {"id": 823, "roomCode": "L\u00c9-4-112-01-14", "roomNumber": "4.112", "roomName": "4.112 HPLC laborat\u00f3rium", "roomType": "educational", "floorId": 9, "level": 4, "fillSource": "mvt"}, "geometry": {"type": "Polygon", "coordinates": [[[19.062460023, 47.474535544], [19.062468023, 47.474559544], [19.062394023, 47.474570544], [19.062383023, 47.474535544], [19.062460023, 47.474535544]]]}}, {"type": "Feature", "properties": {"id": 824, "roomCode": "L\u00c9-4-113-01-14", "roomNumber": "4.113", "roomName": "4.113 Fizika alapm\u00e9r\u00e9sek Laborat\u00f3rium", "roomType": "educational", "floorId": 9, "level": 4, "fillSource": "mvt"}, "geometry": {"type": "Polygon", "coordinates": [[[19.062491105, 47.474384381], [19.062517105, 47.474469381], [19.062444105, 47.474479381], [19.062418105, 47.474394381], [19.062491105, 47.474384381]]]}}, {"type": "Feature", "properties": {"id": 825, "roomCode": "L\u00c9-4-114-01-14", "roomNumber": "4.114", "roomName": "4.114 Fizikai tulajdons\u00e1gok laborat\u00f3rium", "roomType": "educational", "floorId": 9, "level": 4, "fillSource": "mvt"}, "geometry": {"type": "Polygon", "coordinates": [[[19.062528569, 47.474348978], [19.062536569, 47.474376978], [19.062462569, 47.474386978], [19.062456569, 47.474367978], [19.062461569, 47.474366978], [19.062458569, 47.474358978], [19.062528569, 47.474348978]]]}}, {"type": "Feature", "properties": {"id": 826, "roomCode": "L\u00c9-4-115-01-14", "roomNumber": "4.115", "roomName": "4.115 Fizikai tulajdons\u00e1gok laborat\u00f3rium", "roomType": "educational", "floorId": 9, "level": 4, "fillSource": "mvt"}, "geometry": {"type": "Polygon", "coordinates": [[[19.062547148, 47.47429785], [19.062564148, 47.47435385], [19.062491148, 47.47436385], [19.062479148, 47.47432785], [19.062469148, 47.47432885], [19.062465148, 47.47431585], [19.062475148, 47.47431485], [19.062473148, 47.47430885], [19.062547148, 47.47429785]]]}}, {"type": "Feature", "properties": {"id": 827, "roomCode": "L\u00c9-4-116-01-14", "roomNumber": "4.116", "roomName": "4.116 Optika laborat\u00f3rium", "roomType": "educational", "floorId": 9, "level": 4, "fillSource": "mvt"}, "geometry": {"type": "Polygon", "coordinates": [[[19.062541581, 47.474266032], [19.062549581, 47.474293032], [19.062476581, 47.474303032], [19.062468581, 47.474276032], [19.062541581, 47.474266032]]]}}, {"type": "Feature", "properties": {"id": 828, "roomCode": "L\u00c9-4-117-01-13", "roomNumber": "4.117", "roomName": "4.117 Oktat\u00f3i", "roomType": "educational", "floorId": 9, "level": 4, "fillSource": "mvt"}, "geometry": {"type": "Polygon", "coordinates": [[[19.062550181, 47.474237904], [19.062558181, 47.474264904], [19.062485181, 47.474274904], [19.062477181, 47.474247904], [19.062550181, 47.474237904]]]}}, {"type": "Feature", "properties": {"id": 829, "roomCode": "L\u00c9-4-118-01-14", "roomNumber": "4.118", "roomName": "4.118 Anyagtechnol\u00f3gia laborat\u00f3rium", "roomType": "educational", "floorId": 9, "level": 4, "fillSource": "mvt"}, "geometry": {"type": "Polygon", "coordinates": [[[19.062559333, 47.474184223], [19.062576333, 47.474239223], [19.062503333, 47.474250223], [19.062486333, 47.474194223], [19.062559333, 47.474184223]]]}}, {"type": "Feature", "properties": {"id": 830, "roomCode": "L\u00c9-4-119-01-14", "roomNumber": "4.119", "roomName": "4.119 Kalorim\u00e9ter laborat\u00f3rium", "roomType": "educational", "floorId": 9, "level": 4, "fillSource": "mvt"}, "geometry": {"type": "Polygon", "coordinates": [[[19.062598066, 47.474129453], [19.062615066, 47.474184453], [19.062543066, 47.474195453], [19.062531066, 47.474158453], [19.062521066, 47.474160453], [19.062517066, 47.474147453], [19.062527066, 47.474145453], [19.062525066, 47.474140453], [19.062598066, 47.474129453]]]}}, {"type": "Feature", "properties": {"id": 1202, "roomCode": "L\u00c9-4-120-01-12", "roomNumber": "4.120", "roomName": "4.120 Sz\u00e1m\u00edt\u00f3g\u00e9p szoba", "roomType": "educational", "floorId": 9, "level": 4, "fillSource": "mvt"}, "geometry": {"type": "Polygon", "coordinates": [[[19.062611833, 47.474059542], [19.062627833, 47.474114542], [19.062554833, 47.474124542], [19.062553833, 47.474118542], [19.062543833, 47.474119542], [19.062539833, 47.474106542], [19.062549833, 47.474105542], [19.062538833, 47.474069542], [19.062611833, 47.474059542]]]}}, {"type": "Feature", "properties": {"id": 831, "roomCode": "L\u00c9-4-121-01-14", "roomNumber": "4.121", "roomName": "4.121 Mechanikai anyagvizsg\u00e1l\u00f3 laborat\u00f3rium ", "roomType": "educational", "floorId": 9, "level": 4, "fillSource": "mvt"}, "geometry": {"type": "Polygon", "coordinates": [[[19.062418379, 47.474173641], [19.062420379, 47.474179641], [19.062430379, 47.474178641], [19.062434379, 47.474190641], [19.062424379, 47.474192641], [19.062435379, 47.474228641], [19.062360379, 47.474238641], [19.062343379, 47.474183641], [19.062418379, 47.474173641]]]}}, {"type": "Feature", "properties": {"id": 832, "roomCode": "L\u00c9-4-122-01-14", "roomNumber": "4.122", "roomName": "4.122 El\u0151k\u00e9sz\u00edt\u0151", "roomType": "educational", "floorId": 9, "level": 4, "fillSource": "mvt"}, "geometry": {"type": "Polygon", "coordinates": [[[19.062413239, 47.474217281], [19.062420239, 47.474240281], [19.062415239, 47.474240281], [19.062417239, 47.474245281], [19.062346239, 47.474255281], [19.062340239, 47.474227281], [19.062413239, 47.474217281]]]}}, {"type": "Feature", "properties": {"id": 833, "roomCode": "L\u00c9-4-123-01-14", "roomNumber": "4.123", "roomName": "4.123 R\u00f6ntgen laborat\u00f3rium", "roomType": "educational", "floorId": 9, "level": 4, "fillSource": "mvt"}, "geometry": {"type": "Polygon", "coordinates": [[[19.062386497, 47.474244227], [19.062396497, 47.474278227], [19.062406497, 47.474276227], [19.062407497, 47.474280227], [19.062410497, 47.474289227], [19.062400497, 47.474290227], [19.062403497, 47.474299227], [19.062329497, 47.474309227], [19.062311497, 47.474255227], [19.062386497, 47.474244227]]]}}, {"type": "Feature", "properties": {"id": 1203, "roomCode": "L\u00c9-4-124-01-12", "roomNumber": "4.124", "roomName": "4.124 El\u0151k\u00e9sz\u00edt\u0151 ", "roomType": "educational", "floorId": 9, "level": 4, "fillSource": "mvt"}, "geometry": {"type": "Polygon", "coordinates": [[[19.062396037, 47.474304426], [19.062404037, 47.474330426], [19.062331037, 47.474341426], [19.062321037, 47.474314426], [19.062396037, 47.474304426]]]}}, {"type": "Feature", "properties": {"id": 834, "roomCode": "L\u00c9-4-125-01-14", "roomNumber": "4.125", "roomName": "4.125 R\u00f6ntgen laborat\u00f3rium", "roomType": "educational", "floorId": 9, "level": 4, "fillSource": "mvt"}, "geometry": {"type": "Polygon", "coordinates": [[[19.062363507, 47.474327786], [19.062374507, 47.474363786], [19.062384507, 47.474361786], [19.062386507, 47.474374786], [19.062378507, 47.474375786], [19.062379507, 47.474381786], [19.062304507, 47.474392786], [19.062288507, 47.474338786], [19.062363507, 47.474327786]]]}}, {"type": "Feature", "properties": {"id": 80, "roomCode": "L\u00c9-4-51-01-12", "roomNumber": "4.51", "roomName": "4.51 Szemin\u00e1rium", "roomType": "educational", "floorId": 9, "level": 4, "fillSource": "mvt"}, "geometry": {"type": "Polygon", "coordinates": [[[19.061774218, 47.474433462], [19.061776218, 47.474439462], [19.061786218, 47.474438462], [19.061790218, 47.474451462], [19.061780218, 47.474452462], [19.061792218, 47.474490462], [19.061716218, 47.474501462], [19.061699218, 47.474444462], [19.061774218, 47.474433462]]]}}, {"type": "Feature", "properties": {"id": 61, "roomCode": "L\u00c9-4-52-01-12", "roomNumber": "4.52", "roomName": "4.52 El\u0151ad\u00f3 Sas Elem\u00e9r terem", "roomType": "educational", "floorId": 9, "level": 4, "fillSource": "mvt"}, "geometry": {"type": "Polygon", "coordinates": [[[19.061822185, 47.474290332], [19.061848185, 47.474375332], [19.061773185, 47.474385332], [19.061747185, 47.474301332], [19.061822185, 47.474290332]]]}}, {"type": "Feature", "properties": {"id": 836, "roomCode": "L\u00c9-4-53-01-14", "roomNumber": "4.53", "roomName": "4.53 El\u0151k\u00e9sz\u00edt\u0151", "roomType": "educational", "floorId": 9, "level": 4, "fillSource": "mvt"}, "geometry": {"type": "Polygon", "coordinates": [[[19.061844135, 47.474258377], [19.061852135, 47.474285377], [19.061776135, 47.474296377], [19.061768135, 47.474270377], [19.061836135, 47.474259377], [19.061844135, 47.474258377]]]}}, {"type": "Feature", "properties": {"id": 837, "roomCode": "L\u00c9-4-54-01-14", "roomNumber": "4.54", "roomName": "4.54 Szaklaborat\u00f3rium", "roomType": "educational", "floorId": 9, "level": 4, "fillSource": "mvt"}, "geometry": {"type": "Polygon", "coordinates": [[[19.061842318, 47.474209816], [19.061845318, 47.474215816], [19.061855318, 47.474214816], [19.061859318, 47.474227816], [19.061849318, 47.474228816], [19.061860318, 47.474264816], [19.061785318, 47.474275816], [19.061768318, 47.474220816], [19.061842318, 47.474209816]]]}}, {"type": "Feature", "properties": {"id": 838, "roomCode": "L\u00c9-4-55-01-14", "roomNumber": "4.55", "roomName": "4.55 El\u0151k\u00e9sz\u00edt\u0151", "roomType": "educational", "floorId": 9, "level": 4, "fillSource": "mvt"}, "geometry": {"type": "Polygon", "coordinates": [[[19.061871829, 47.474174547], [19.061879829, 47.474200547], [19.061804829, 47.474210547], [19.061796829, 47.474184547], [19.061850829, 47.474177547], [19.061871829, 47.474174547]]]}}, {"type": "Feature", "properties": {"id": 839, "roomCode": "L\u00c9-4-56-01-14", "roomNumber": "4.56", "roomName": "4.56 El\u0151k\u00e9sz\u00edt\u0151", "roomType": "educational", "floorId": 9, "level": 4, "fillSource": "mvt"}, "geometry": {"type": "Polygon", "coordinates": [[[19.06188914, 47.474144532], [19.06189714, 47.474170532], [19.06182214, 47.474181532], [19.06181514, 47.474157532], [19.06181514, 47.474154532], [19.06188914, 47.474144532]]]}}, {"type": "Feature", "properties": {"id": 840, "roomCode": "L\u00c9-4-57-01-14 (1)", "roomNumber": "4.57", "roomName": "4.57 Metallogr\u00e1fiai labor", "roomType": "educational", "floorId": 9, "level": 4, "fillSource": "mvt"}, "geometry": {"type": "Polygon", "coordinates": [[[19.061897886, 47.474088538], [19.061914886, 47.474143538], [19.061839886, 47.474153538], [19.061832886, 47.474127538], [19.061821886, 47.474098538], [19.061897886, 47.474088538]]]}}, {"type": "Feature", "properties": {"id": 841, "roomCode": "L\u00c9-4-57-01-14 (2)", "roomNumber": "4.57", "roomName": "4.57 Metallogr\u00e1fiai labor", "roomType": "educational", "floorId": 9, "level": 4, "fillSource": "mvt"}, "geometry": {"type": "Polygon", "coordinates": [[[19.062305129, 47.474040656], [19.062308129, 47.474042656], [19.062325129, 47.474095656], [19.062285129, 47.474100656], [19.062268129, 47.474045656], [19.062305129, 47.474040656]]]}}, {"type": "Feature", "properties": {"id": 842, "roomCode": "L\u00c9-4-58-01-14", "roomNumber": "4.58", "roomName": "4.58 Mikrokem\u00e9nys\u00e9g labor", "roomType": "educational", "floorId": 9, "level": 4, "fillSource": "mvt"}, "geometry": {"type": "Polygon", "coordinates": [[[19.061908199, 47.474034268], [19.061925199, 47.474089268], [19.061849199, 47.474100268], [19.061833199, 47.474044268], [19.061908199, 47.474034268]]]}}, {"type": "Feature", "properties": {"id": 843, "roomCode": "L\u00c9-4-59-01-14", "roomNumber": "4.59", "roomName": "4.59 Magash\u0151m. Mech.labor", "roomType": "educational", "floorId": 9, "level": 4, "fillSource": "mvt"}, "geometry": {"type": "Polygon", "coordinates": [[[19.06190803, 47.473971069], [19.06191903, 47.474007069], [19.06193003, 47.474006069], [19.06193403, 47.474019069], [19.06192303, 47.474021069], [19.06192503, 47.474026069], [19.06185003, 47.474036069], [19.06183303, 47.473982069], [19.06190803, 47.473971069]]]}}, {"type": "Feature", "properties": {"id": 844, "roomCode": "L\u00c9-4-60-01-13", "roomNumber": "4.60", "roomName": "4.60 Oktat\u00f3", "roomType": "educational", "floorId": 9, "level": 4, "fillSource": "mvt"}, "geometry": {"type": "Polygon", "coordinates": [[[19.062017197, 47.473995322], [19.062033197, 47.474051322], [19.061990197, 47.474057322], [19.061972197, 47.474001322], [19.062017197, 47.473995322]]]}}, {"type": "Feature", "properties": {"id": 845, "roomCode": "L\u00c9-4-61-01-13", "roomNumber": "4.61", "roomName": "4.61 Oktat\u00f3", "roomType": "educational", "floorId": 9, "level": 4, "fillSource": "mvt"}, "geometry": {"type": "Polygon", "coordinates": [[[19.062063971, 47.474005317], [19.062081971, 47.474061317], [19.062040971, 47.474066317], [19.062025971, 47.474016317], [19.062038971, 47.474014317], [19.062037971, 47.474009317], [19.062063971, 47.474005317]]]}}, {"type": "Feature", "properties": {"id": 846, "roomCode": "L\u00c9-4-62-01-13", "roomNumber": "4.62", "roomName": "4.62 Oktat\u00f3", "roomType": "educational", "floorId": 9, "level": 4, "fillSource": "mvt"}, "geometry": {"type": "Polygon", "coordinates": [[[19.062101178, 47.474007277], [19.062117178, 47.474063277], [19.062078178, 47.474069277], [19.062059178, 47.474013277], [19.062101178, 47.474007277]]]}}, {"type": "Feature", "properties": {"id": 847, "roomCode": "L\u00c9-4-63-01-13", "roomNumber": "4.63", "roomName": "4.63 Oktat\u00f3", "roomType": "educational", "floorId": 9, "level": 4, "fillSource": "mvt"}, "geometry": {"type": "Polygon", "coordinates": [[[19.062141677, 47.474013048], [19.062159677, 47.474070048], [19.062119677, 47.474074048], [19.062102677, 47.474019048], [19.062141677, 47.474013048]]]}}, {"type": "Feature", "properties": {"id": 848, "roomCode": "L\u00c9-4-64-01-13", "roomNumber": "4.64", "roomName": "4.64 Oktat\u00f3", "roomType": "educational", "floorId": 9, "level": 4, "fillSource": "mvt"}, "geometry": {"type": "Polygon", "coordinates": [[[19.062184371, 47.474019098], [19.062200371, 47.474075098], [19.062161371, 47.474081098], [19.062142371, 47.474024098], [19.062184371, 47.474019098]]]}}, {"type": "Feature", "properties": {"id": 849, "roomCode": "L\u00c9-4-65-01-13", "roomNumber": "4.65", "roomName": "4.65 Oktat\u00f3", "roomType": "educational", "floorId": 9, "level": 4, "fillSource": "mvt"}, "geometry": {"type": "Polygon", "coordinates": [[[19.0622219, 47.474029196], [19.0622249, 47.474030196], [19.0622419, 47.474084196], [19.0622019, 47.474089196], [19.0621849, 47.474034196], [19.0622219, 47.474029196]]]}}, {"type": "Feature", "properties": {"id": 850, "roomCode": "L\u00c9-4-66-01-13", "roomNumber": "4.66", "roomName": "4.66 Oktat\u00f3", "roomType": "educational", "floorId": 9, "level": 4, "fillSource": "mvt"}, "geometry": {"type": "Polygon", "coordinates": [[[19.062271782, 47.474033358], [19.062287782, 47.474089358], [19.062248782, 47.474095358], [19.062232782, 47.474041358], [19.062234782, 47.474038358], [19.062271782, 47.474033358]]]}}, {"type": "Feature", "properties": {"id": 851, "roomCode": "L\u00c9-4-68-01-13", "roomNumber": "4.68", "roomName": "4.68 Tansz\u00e9kvezet\u0151", "roomType": "educational", "floorId": 9, "level": 4, "fillSource": "mvt"}, "geometry": {"type": "Polygon", "coordinates": [[[19.062354864, 47.474044671], [19.062370864, 47.474101671], [19.062332864, 47.474106671], [19.062315864, 47.474053671], [19.062317864, 47.474049671], [19.062354864, 47.474044671]]]}}, {"type": "Feature", "properties": {"id": 852, "roomCode": "L\u00c9-4-69-02-33", "roomNumber": "4.69", "roomName": "4.69 Titk\u00e1rs\u00e1g", "roomType": "administrative", "floorId": 9, "level": 4, "fillSource": "mvt"}, "geometry": {"type": "Polygon", "coordinates": [[[19.062388155, 47.474052111], [19.062392155, 47.474054111], [19.062408155, 47.474108111], [19.062368155, 47.474112111], [19.062351155, 47.474057111], [19.062388155, 47.474052111]]]}}, {"type": "Feature", "properties": {"id": 56, "roomCode": "L\u00c9-4-70-01-12", "roomNumber": "4.70", "roomName": "4.70 Tan\u00e1csterem", "roomType": "educational", "floorId": 9, "level": 4, "fillSource": "mvt"}, "geometry": {"type": "Polygon", "coordinates": [[[19.062484337, 47.474056264], [19.062501337, 47.474113264], [19.062415337, 47.474125264], [19.062398337, 47.474071264], [19.062400337, 47.474068264], [19.062484337, 47.474056264]]]}}, {"type": "Feature", "properties": {"id": 853, "roomCode": "L\u00c9-4-71-01-13", "roomNumber": "4.71", "roomName": "4.71 Oktat\u00f3", "roomType": "educational", "floorId": 9, "level": 4, "fillSource": "mvt"}, "geometry": {"type": "Polygon", "coordinates": [[[19.06237009, 47.474114354], [19.06238109, 47.474151354], [19.06230009, 47.474162354], [19.06228909, 47.474125354], [19.06237009, 47.474114354]]]}}, {"type": "Feature", "properties": {"id": 854, "roomCode": "L\u00c9-4-72-01-13", "roomNumber": "4.72", "roomName": "4.72 Oktat\u00f3", "roomType": "educational", "floorId": 9, "level": 4, "fillSource": "mvt"}, "geometry": {"type": "Polygon", "coordinates": [[[19.062287526, 47.47410273], [19.062298526, 47.47413973], [19.062216526, 47.47415073], [19.062205526, 47.47411373], [19.062287526, 47.47410273]]]}}, {"type": "Feature", "properties": {"id": 855, "roomCode": "L\u00c9-4-73-01-13", "roomNumber": "4.73", "roomName": "4.73 Oktat\u00f3", "roomType": "educational", "floorId": 9, "level": 4, "fillSource": "mvt"}, "geometry": {"type": "Polygon", "coordinates": [[[19.062203908, 47.474091071], [19.062214908, 47.474128071], [19.062133908, 47.474139071], [19.062122908, 47.474102071], [19.062203908, 47.474091071]]]}}, {"type": "Feature", "properties": {"id": 856, "roomCode": "L\u00c9-4-74-01-13", "roomNumber": "4.74", "roomName": "4.74 Oktat\u00f3", "roomType": "educational", "floorId": 9, "level": 4, "fillSource": "mvt"}, "geometry": {"type": "Polygon", "coordinates": [[[19.062121158, 47.47407885], [19.062132158, 47.47411685], [19.062051158, 47.47412785], [19.062039158, 47.47409085], [19.062121158, 47.47407885]]]}}, {"type": "Feature", "properties": {"id": 857, "roomCode": "L\u00c9-4-75-01-14", "roomNumber": "4.75", "roomName": "4.75 Optikai laborat\u00f3rium", "roomType": "educational", "floorId": 9, "level": 4, "fillSource": "mvt"}, "geometry": {"type": "Polygon", "coordinates": [[[19.062039163, 47.474096322], [19.062056163, 47.474150322], [19.061980163, 47.474161322], [19.061979163, 47.474155322], [19.061969163, 47.474157322], [19.061965163, 47.474144322], [19.061975163, 47.474142322], [19.061963163, 47.474106322], [19.062039163, 47.474096322]]]}}, {"type": "Feature", "properties": {"id": 858, "roomCode": "L\u00c9-4-76-01-14", "roomNumber": "4.76", "roomName": "4.76-77 Demonstr\u00e1ci\u00f3s laborat\u00f3rium", "roomType": "educational", "floorId": 9, "level": 4, "fillSource": "mvt"}, "geometry": {"type": "Polygon", "coordinates": [[[19.062004083, 47.474164585], [19.062020083, 47.474219585], [19.061945083, 47.474230585], [19.061928083, 47.474175585], [19.062004083, 47.474164585]]]}}, {"type": "Feature", "properties": {"id": 859, "roomCode": "L\u00c9-4-79-01-13", "roomNumber": "4.79", "roomName": "4.79 Oktat\u00f3", "roomType": "educational", "floorId": 9, "level": 4, "fillSource": "mvt"}, "geometry": {"type": "Polygon", "coordinates": [[[19.062039727, 47.474344104], [19.062051727, 47.474382104], [19.061974727, 47.474393104], [19.061962727, 47.474355104], [19.062039727, 47.474344104]]]}}, {"type": "Feature", "properties": {"id": 860, "roomCode": "L\u00c9-4-80-01-13", "roomNumber": "4.80", "roomName": "4.80 Oktat\u00f3", "roomType": "educational", "floorId": 9, "level": 4, "fillSource": "mvt"}, "geometry": {"type": "Polygon", "coordinates": [[[19.06211538, 47.474343072], [19.06212738, 47.474382072], [19.06211938, 47.474383072], [19.06211938, 47.474386072], [19.06209538, 47.474389072], [19.06209438, 47.474387072], [19.06208738, 47.474386072], [19.06204538, 47.474393072], [19.06203338, 47.474354072], [19.06211538, 47.474343072]]]}}, {"type": "Feature", "properties": {"id": 861, "roomCode": "L\u00c9-4-81-01-13", "roomNumber": "4.81", "roomName": "4.81 Oktat\u00f3", "roomType": "educational", "floorId": 9, "level": 4, "fillSource": "mvt"}, "geometry": {"type": "Polygon", "coordinates": [[[19.062214524, 47.474351908], [19.062226524, 47.474390908], [19.062183524, 47.474395908], [19.062176524, 47.474397908], [19.062177524, 47.474400908], [19.062153524, 47.474403908], [19.062152524, 47.474401908], [19.062144524, 47.474402908], [19.062132524, 47.474363908], [19.062214524, 47.474351908]]]}}, {"type": "Feature", "properties": {"id": 862, "roomCode": "L\u00c9-4-82-01-13", "roomNumber": "4.82", "roomName": "4.82 Oktat\u00f3", "roomType": "educational", "floorId": 9, "level": 4, "fillSource": "mvt"}, "geometry": {"type": "Polygon", "coordinates": [[[19.062285338, 47.474378062], [19.062296338, 47.474417062], [19.062219338, 47.474428062], [19.062208338, 47.474389062], [19.062285338, 47.474378062]]]}}, {"type": "Feature", "properties": {"id": 863, "roomCode": "L\u00c9-4-84-05-77", "roomNumber": "4.84", "roomName": "4.84 Teakonyha", "roomType": "social", "floorId": 9, "level": 4, "fillSource": "mvt"}, "geometry": {"type": "Polygon", "coordinates": [[[19.062174385, 47.47442671], [19.062182385, 47.47445371], [19.062153385, 47.47445771], [19.062145385, 47.47443171], [19.062162385, 47.47442871], [19.062174385, 47.47442671]]]}}, {"type": "Feature", "properties": {"id": 864, "roomCode": "L\u00c9-4-85-06-84", "roomNumber": "4.85", "roomName": "4.85 Takar\u00edt\u00f3szer helyis\u00e9g", "roomType": "technical", "floorId": 9, "level": 4, "fillSource": "catalog-bbox"}, "geometry": {"type": "Polygon", "coordinates": [[[19.06212076743657, 47.47441884450587], [19.06215343456343, 47.47441884450587], [19.06215343456343, 47.47444831749413], [19.06212076743657, 47.47444831749413], [19.06212076743657, 47.47441884450587]]]}}, {"type": "Feature", "properties": {"id": 865, "roomCode": "L\u00c9-4-86/A-06-84", "roomNumber": "4.86/A", "roomName": "4.86/A Rakt\u00e1r", "roomType": "technical", "floorId": 9, "level": 4, "fillSource": "catalog-bbox"}, "geometry": {"type": "Polygon", "coordinates": [[[19.062036742091035, 47.47440685455268], [19.062062953908963, 47.47440685455268], [19.062062953908963, 47.47443531944732], [19.062036742091035, 47.47443531944732], [19.062036742091035, 47.47440685455268]]]}}, {"type": "Feature", "properties": {"id": 866, "roomCode": "L\u00c9-4-86/B-06-84", "roomNumber": "4.86/B", "roomName": "4.86/B Rakt\u00e1r", "roomType": "technical", "floorId": 9, "level": 4, "fillSource": "catalog-bbox"}, "geometry": {"type": "Polygon", "coordinates": [[[19.0620566497179, 47.47440986020405], [19.0621076962821, 47.47440986020405], [19.0621076962821, 47.474441931795944], [19.0620566497179, 47.474441931795944], [19.0620566497179, 47.47440986020405]]]}}, {"type": "Feature", "properties": {"id": 867, "roomCode": "L\u00c9-4-86/C-06-84", "roomNumber": "4.86/C", "roomName": "4.86/C Rakt\u00e1r", "roomType": "technical", "floorId": 9, "level": 4, "fillSource": "catalog-bbox"}, "geometry": {"type": "Polygon", "coordinates": [[[19.062100637429147, 47.47441873128202], [19.062125586570847, 47.47441873128202], [19.062125586570847, 47.47444321071798], [19.062100637429147, 47.47444321071798], [19.062100637429147, 47.47441873128202]]]}}, {"type": "Feature", "properties": {"id": 868, "roomCode": "L\u00c9-4-87-04-63", "roomNumber": "4.87", "roomName": "4.87 \u00f6lt\u00f6z\u0151 el\u0151t\u00e9r", "roomType": "corridor", "floorId": 9, "level": 4, "fillSource": "mvt"}, "geometry": {"type": "Polygon", "coordinates": [[[19.062026976, 47.474405804], [19.062028976, 47.474413804], [19.062019976, 47.474415804], [19.062031976, 47.474413804], [19.062035976, 47.474428804], [19.062033976, 47.474431804], [19.062015976, 47.474433804], [19.062007976, 47.474408804], [19.062026976, 47.474405804]]]}}, {"type": "Feature", "properties": {"id": 869, "roomCode": "L\u00c9-4-93-01-13", "roomNumber": "4.93", "roomName": "4.93 Oktat\u00f3", "roomType": "educational", "floorId": 9, "level": 4, "fillSource": "mvt"}, "geometry": {"type": "Polygon", "coordinates": [[[19.061998173, 47.474470629], [19.062003173, 47.474472629], [19.062014173, 47.474511629], [19.062001173, 47.474512629], [19.061999173, 47.474507629], [19.061985173, 47.474509629], [19.061986173, 47.474514629], [19.061973173, 47.474516629], [19.061961173, 47.474475629], [19.061998173, 47.474470629]]]}}, {"type": "Feature", "properties": {"id": 870, "roomCode": "L\u00c9-4-93/A-06-84", "roomNumber": "4.93/A", "roomName": "4.93/A Rakt\u00e1r", "roomType": "technical", "floorId": 9, "level": 4, "fillSource": "catalog-bbox"}, "geometry": {"type": "Polygon", "coordinates": [[[19.061928637058095, 47.474492921757864], [19.061967972941908, 47.474492921757864], [19.061967972941908, 47.474513126242144], [19.061928637058095, 47.474513126242144], [19.061928637058095, 47.474492921757864]]]}}, {"type": "Feature", "properties": {"id": 871, "roomCode": "L\u00c9-4-94-01-13", "roomNumber": "4.94", "roomName": "4.94 Oktat\u00f3", "roomType": "educational", "floorId": 9, "level": 4, "fillSource": "mvt"}, "geometry": {"type": "Polygon", "coordinates": [[[19.062086858, 47.474489562], [19.062090858, 47.474491562], [19.062101858, 47.474530562], [19.062020858, 47.474541562], [19.062011858, 47.474514562], [19.062010858, 47.474500562], [19.062046858, 47.474494562], [19.062047858, 47.474499562], [19.062051858, 47.474498562], [19.062049858, 47.474494562], [19.062086858, 47.474489562]]]}}, {"type": "Feature", "properties": {"id": 84, "roomCode": "L\u00c9-4-95-01-12", "roomNumber": "4.95", "roomName": "4.95-4.96 El\u0151ad\u00f3", "roomType": "educational", "floorId": 9, "level": 4, "fillSource": "mvt"}, "geometry": {"type": "Polygon", "coordinates": [[[19.062097266, 47.4745121], [19.062133266, 47.4745071], [19.062135266, 47.4745111], [19.062138266, 47.4745111], [19.062137266, 47.4745061], [19.062177266, 47.4745011], [19.062173266, 47.4745021], [19.062177266, 47.4745041], [19.062188266, 47.4745421], [19.062107266, 47.4745541], [19.062098266, 47.4745261], [19.062097266, 47.4745121]]]}}, {"type": "Feature", "properties": {"id": 872, "roomCode": "L\u00c9-4-97-01-14", "roomNumber": "4.97", "roomName": "4.97 Hallgat\u00f3i Laborat\u00f3rium", "roomType": "educational", "floorId": 9, "level": 4, "fillSource": "mvt"}, "geometry": {"type": "Polygon", "coordinates": [[[19.062259961, 47.474655526], [19.062252961, 47.474654526], [19.062249961, 47.474625526], [19.062244961, 47.474626526], [19.062236961, 47.474603526], [19.062241961, 47.474597526], [19.062235961, 47.474598526], [19.062228961, 47.474576526], [19.062233961, 47.474572526], [19.062306961, 47.474562526], [19.062308961, 47.474570526], [19.062319961, 47.474568526], [19.062323961, 47.474582526], [19.062312961, 47.474583526], [19.062316961, 47.474596526], [19.062327961, 47.474595526], [19.062331961, 47.474607526], [19.062320961, 47.474609526], [19.062331961, 47.474645526], [19.062259961, 47.474655526]]]}}, {"type": "Feature", "properties": {"id": 873, "roomCode": "L\u00c9-4-K11-04-63", "roomNumber": "4-K11", "roomName": "4.K11 K\u00f6zleked\u0151(k\u00f6z\u00e9p)", "roomType": "corridor", "floorId": 9, "level": 4, "fillSource": "mvt"}, "geometry": {"type": "Polygon", "coordinates": [[[19.062361324, 47.474371204], [19.062365324, 47.474387204], [19.061893324, 47.474453204], [19.061888324, 47.474437204], [19.061899324, 47.474436204], [19.062361324, 47.474371204]]]}}, {"type": "Feature", "properties": {"id": 875, "roomCode": "L\u00c9-4-K3-04-63", "roomNumber": "4-K3", "roomName": "4.K3 K\u00f6zleked\u0151 (\u00e1tj\u00e1r\u00f3 KTCS dolgoz\u00f3 szob\u00e1k fel\u00e9)", "roomType": "corridor", "floorId": 9, "level": 4, "fillSource": "mvt"}, "geometry": {"type": "Polygon", "coordinates": [[[19.062244263, 47.474817308], [19.062248263, 47.474830308], [19.062103263, 47.474851308], [19.062099263, 47.474838308], [19.062244263, 47.474817308]]]}}, {"type": "Feature", "properties": {"id": 876, "roomCode": "L\u00c9-4-K4-04-63", "roomNumber": "4-K4", "roomName": "4.K4 K\u00f6zleked\u0151 (Keleti liftt\u0151l balra)", "roomType": "corridor", "floorId": 9, "level": 4, "fillSource": "mvt"}, "geometry": {"type": "Polygon", "coordinates": [[[19.062269844, 47.474573811], [19.062270844, 47.474581811], [19.062281844, 47.474580811], [19.062284844, 47.474590811], [19.062274844, 47.474592811], [19.062280844, 47.474609811], [19.062289844, 47.474608811], [19.062293844, 47.474618811], [19.062282844, 47.474620811], [19.062288844, 47.474637811], [19.062299844, 47.474636811], [19.062301844, 47.474646811], [19.062292844, 47.474648811], [19.062305844, 47.474693811], [19.062316844, 47.474692811], [19.062319844, 47.474702811], [19.062309844, 47.474704811], [19.062313844, 47.474720811], [19.062323844, 47.474749811], [19.062332844, 47.474749811], [19.062336844, 47.474759811], [19.062325844, 47.474760811], [19.062340844, 47.474806811], [19.062350844, 47.474805811], [19.062354844, 47.474815811], [19.062343844, 47.474817811], [19.062366844, 47.474890811], [19.062376844, 47.474889811], [19.062379844, 47.474899811], [19.062370844, 47.474901811], [19.062374844, 47.474912811], [19.062340844, 47.474916811], [19.062337844, 47.474905811], [19.062328844, 47.474906811], [19.062324844, 47.474896811], [19.062335844, 47.474894811], [19.062312844, 47.474821811], [19.062301844, 47.474822811], [19.062299844, 47.474812811], [19.062309844, 47.474810811], [19.062286844, 47.474737811], [19.062276844, 47.474738811], [19.062273844, 47.474728811], [19.062282844, 47.474726811], [19.062277844, 47.474709811], [19.062268844, 47.474710811], [19.062264844, 47.474700811], [19.062274844, 47.474698811], [19.062237844, 47.474577811], [19.062269844, 47.474573811]]]}}, {"type": "Feature", "properties": {"id": 877, "roomCode": "L\u00c9-4-K5-04-63", "roomNumber": "4-K5", "roomName": "4.K5 K\u00f6zleked\u0151 Keleti lift el\u0151tt", "roomType": "corridor", "floorId": 9, "level": 4, "fillSource": "mvt"}, "geometry": {"type": "Polygon", "coordinates": [[[19.062374837, 47.474406708], [19.062378837, 47.474422708], [19.062388837, 47.474420708], [19.062391837, 47.474431708], [19.062381837, 47.474432708], [19.062404837, 47.474506708], [19.062414837, 47.474505708], [19.062417837, 47.474515708], [19.062407837, 47.474517708], [19.062420837, 47.474559708], [19.062389837, 47.474564708], [19.062387837, 47.474559708], [19.062388837, 47.474564708], [19.062375837, 47.474517708], [19.062356837, 47.474520708], [19.062330837, 47.474433708], [19.062348837, 47.474430708], [19.062340837, 47.474406708], [19.062374837, 47.474406708]]]}}, {"type": "Feature", "properties": {"id": 878, "roomCode": "L\u00c9-4-K6-04-63", "roomNumber": "4-K6", "roomName": "4.K6 K\u00f6zleked\u0151 (Keleti liftt\u0151l jobbra)", "roomType": "corridor", "floorId": 9, "level": 4, "fillSource": "mvt"}, "geometry": {"type": "Polygon", "coordinates": [[[19.062435578, 47.474091613], [19.062444578, 47.474121613], [19.062454578, 47.474120613], [19.062457578, 47.474131613], [19.062447578, 47.474132613], [19.062461578, 47.474178613], [19.062472578, 47.474176613], [19.062474578, 47.474187613], [19.062464578, 47.474188613], [19.062470578, 47.474206613], [19.062480578, 47.474204613], [19.062483578, 47.474214613], [19.062473578, 47.474217613], [19.062478578, 47.474234613], [19.062488578, 47.474233613], [19.062492578, 47.474243613], [19.062482578, 47.474245613], [19.062487578, 47.474262613], [19.062497578, 47.474261613], [19.062500578, 47.474271613], [19.062490578, 47.474273613], [19.062513578, 47.474347613], [19.062523578, 47.474345613], [19.062527578, 47.474356613], [19.062516578, 47.474357613], [19.062522578, 47.474375613], [19.062532578, 47.474373613], [19.062535578, 47.474384613], [19.062524578, 47.474385613], [19.062536578, 47.474421613], [19.062504578, 47.474425613], [19.062467578, 47.474305613], [19.062457578, 47.474307613], [19.062454578, 47.474296613], [19.062464578, 47.474294613], [19.062451578, 47.474249613], [19.062441578, 47.474251613], [19.062437578, 47.474240613], [19.062447578, 47.474238613], [19.062433578, 47.474192613], [19.062423578, 47.474194613], [19.062420578, 47.474183613], [19.062430578, 47.474182613], [19.062425578, 47.474164613], [19.062415578, 47.474166613], [19.062411578, 47.474155613], [19.062421578, 47.474154613], [19.062417578, 47.474138613], [19.062407578, 47.474108613], [19.062397578, 47.474110613], [19.062394578, 47.474099613], [19.062407578, 47.474095613], [19.062435578, 47.474091613]]]}}, {"type": "Feature", "properties": {"id": 879, "roomCode": "L\u00c9-4-K7-04-63", "roomNumber": "4-K7", "roomName": "4.K7 K\u00f6zleked\u0151 D-i", "roomType": "corridor", "floorId": 9, "level": 4, "fillSource": "mvt"}, "geometry": {"type": "Polygon", "coordinates": [[[19.062421262, 47.474056174], [19.062426262, 47.474071174], [19.061917262, 47.474143174], [19.061912262, 47.474128174], [19.062257262, 47.474079174], [19.062421262, 47.474056174]]]}}, {"type": "Feature", "properties": {"id": 880, "roomCode": "L\u00c9-4-K8-04-63", "roomNumber": "4-K8", "roomName": "4.K8 K\u00f6zleked\u0151 (Nyugati liftt\u0151l balra)", "roomType": "corridor", "floorId": 9, "level": 4, "fillSource": "mvt"}, "geometry": {"type": "Polygon", "coordinates": [[[19.061910901, 47.474000158], [19.061914901, 47.474010158], [19.061904901, 47.474012158], [19.061944901, 47.474142158], [19.061954901, 47.474141158], [19.061957901, 47.474151158], [19.061947901, 47.474152158], [19.061952901, 47.474170158], [19.061963901, 47.474169158], [19.061965901, 47.474179158], [19.061955901, 47.474180158], [19.062000901, 47.474329158], [19.061970901, 47.474333158], [19.061959901, 47.474297158], [19.061948901, 47.474299158], [19.061945901, 47.474288158], [19.061955901, 47.474287158], [19.061950901, 47.474269158], [19.061940901, 47.474271158], [19.061937901, 47.474261158], [19.061947901, 47.474259158], [19.061924901, 47.474185158], [19.061914901, 47.474186158], [19.061911901, 47.474176158], [19.061921901, 47.474175158], [19.061916901, 47.474157158], [19.061906901, 47.474158158], [19.061902901, 47.474148158], [19.061912901, 47.474146158], [19.061907901, 47.474129158], [19.061897901, 47.474130158], [19.061894901, 47.474120158], [19.061904901, 47.474118158], [19.061898901, 47.474101158], [19.061888901, 47.474101158], [19.061885901, 47.474091158], [19.061895901, 47.474090158], [19.061881901, 47.474044158], [19.061871901, 47.474046158], [19.061868901, 47.474035158], [19.061878901, 47.474034158], [19.061869901, 47.474003158], [19.061910901, 47.474000158]]]}}, {"type": "Feature", "properties": {"id": 881, "roomCode": "L\u00c9-4-K9-04-63", "roomNumber": "4-K9", "roomName": "4.K9 K\u00f6zleked\u0151 (Ny-i lift el\u0151tt)", "roomType": "corridor", "floorId": 9, "level": 4, "fillSource": "mvt"}, "geometry": {"type": "Polygon", "coordinates": [[[19.061841001, 47.474313148], [19.061854001, 47.474355148], [19.061873001, 47.474352148], [19.061899001, 47.474439148], [19.061880001, 47.474442148], [19.061896001, 47.474488148], [19.061893001, 47.474483148], [19.061894001, 47.474488148], [19.061863001, 47.474492148], [19.061850001, 47.474450148], [19.061840001, 47.474451148], [19.061837001, 47.474441148], [19.061847001, 47.474439148], [19.061824001, 47.474365148], [19.061814001, 47.474367148], [19.061811001, 47.474356148], [19.061821001, 47.474355148], [19.061810001, 47.474318148], [19.061841001, 47.474313148]]]}}, {"type": "Feature", "properties": {"id": 882, "roomCode": "L\u00c9-4-L3-04-64", "roomNumber": "4-L3", "roomName": "4.L3 L\u00e9pcs\u0151h\u00e1z \u00c9K", "roomType": "corridor", "floorId": 9, "level": 4, "fillSource": "mvt"}, "geometry": {"type": "Polygon", "coordinates": [[[19.06225839, 47.474785675], [19.06225839, 47.474810675], [19.06218139, 47.474820675], [19.06217339, 47.474797675], [19.06225839, 47.474785675]]]}}, {"type": "Feature", "properties": {"id": 883, "roomCode": "L\u00c9-4-L5-04-64", "roomNumber": "4-L5", "roomName": "4.L5 L\u00e9pcs\u0151h\u00e1z DK", "roomType": "corridor", "floorId": 9, "level": 4, "fillSource": "mvt"}, "geometry": {"type": "Polygon", "coordinates": [[[19.062455751, 47.47413861], [19.062464751, 47.47416161], [19.062378751, 47.47417261], [19.062372751, 47.47415061], [19.062455751, 47.47413861]]]}}, {"type": "Feature", "properties": {"id": 884, "roomCode": "L\u00c9-4-L6-04-64", "roomNumber": "4-L6", "roomName": "4.L6 L\u00e9pcs\u0151h\u00e1z DNY", "roomType": "corridor", "floorId": 9, "level": 4, "fillSource": "mvt"}, "geometry": {"type": "Polygon", "coordinates": [[[19.062036289, 47.474079528], [19.062043289, 47.474102528], [19.061957289, 47.474114528], [19.061953289, 47.474091528], [19.062036289, 47.474079528]]]}}, {"type": "Feature", "properties": {"id": 885, "roomCode": "L\u00c9-4-L7-04-64", "roomNumber": "4-L7", "roomName": "4.L7 L\u00e9pcs\u0151h\u00e1z H\u00e1romkar\u00fa", "roomType": "corridor", "floorId": 9, "level": 4, "fillSource": "mvt"}, "geometry": {"type": "Polygon", "coordinates": [[[19.062272557, 47.474442154], [19.062285557, 47.474481154], [19.062197557, 47.474493154], [19.062186557, 47.474454154], [19.062272557, 47.474442154]]]}}, {"type": "Feature", "properties": {"id": 414, "roomCode": "LK-5-500/3-04-63", "roomNumber": "500/3", "roomName": "5.500/3 K\u00f6zl. Hossz\u00fa laborfolyos\u00f3Tan\u00e1ri WC", "roomType": "corridor", "floorId": 10, "level": 5, "fillSource": "mvt"}, "geometry": {"type": "Polygon", "coordinates": [[[19.061455809, 47.474917735], [19.061477809, 47.474927735], [19.061478809, 47.474933735], [19.061490809, 47.474932735], [19.061496809, 47.474951735], [19.061485809, 47.474953735], [19.061490809, 47.474970735], [19.061501809, 47.474969735], [19.061505809, 47.474979735], [19.061493809, 47.474981735], [19.061498809, 47.474998735], [19.061510809, 47.474997735], [19.061513809, 47.475008735], [19.061501809, 47.475009735], [19.061506809, 47.475027735], [19.061518809, 47.475025735], [19.061522809, 47.475036735], [19.061510809, 47.475037735], [19.061516809, 47.475055735], [19.061528809, 47.475053735], [19.061530809, 47.475064735], [19.061518809, 47.475066735], [19.061524809, 47.475083735], [19.061536809, 47.475081735], [19.061538809, 47.475092735], [19.061528809, 47.475094735], [19.061533809, 47.475111735], [19.061544809, 47.475109735], [19.061548809, 47.475120735], [19.061536809, 47.475122735], [19.061541809, 47.475139735], [19.061553809, 47.475137735], [19.061556809, 47.475148735], [19.061544809, 47.475150735], [19.061549809, 47.475167735], [19.061561809, 47.475165735], [19.061565809, 47.475176735], [19.061553809, 47.475178735], [19.061559809, 47.475195735], [19.061571809, 47.475193735], [19.061573809, 47.475204735], [19.061561809, 47.475206735], [19.061565809, 47.475217735], [19.061576809, 47.475215735], [19.061579809, 47.475223735], [19.061567809, 47.475225735], [19.061579809, 47.475261735], [19.061589809, 47.475260735], [19.061592809, 47.475269735], [19.061551809, 47.475274735], [19.061549809, 47.475266735], [19.061537809, 47.475268735], [19.061534809, 47.475258735], [19.061545809, 47.475256735], [19.061540809, 47.475238735], [19.061529809, 47.475240735], [19.061525809, 47.475230735], [19.061537809, 47.475228735], [19.061532809, 47.475210735], [19.061520809, 47.475211735], [19.061517809, 47.475201735], [19.061529809, 47.475200735], [19.061524809, 47.475182735], [19.061512809, 47.475183735], [19.061508809, 47.475172735], [19.061520809, 47.475172735], [19.061514809, 47.475153735], [19.061502809, 47.475155735], [19.061500809, 47.475144735], [19.061512809, 47.475143735], [19.061506809, 47.475125735], [19.061494809, 47.475127735], [19.061492809, 47.475116735], [19.061502809, 47.475115735], [19.061497809, 47.475097735], [19.061486809, 47.475099735], [19.061482809, 47.475088735], [19.061494809, 47.475087735], [19.061489809, 47.475069735], [19.061477809, 47.475071735], [19.061474809, 47.475060735], [19.061486809, 47.475059735], [19.061481809, 47.475041735], [19.061469809, 47.475043735], [19.061465809, 47.475032735], [19.061477809, 47.475031735], [19.061471809, 47.475013735], [19.061459809, 47.475015735], [19.061451809, 47.474986735], [19.061465809, 47.474984735], [19.061445809, 47.474930735], [19.061455809, 47.474917735]]]}}, {"type": "Feature", "properties": {"id": 415, "roomCode": "LK-5-500/4-04-64", "roomNumber": "500/4", "roomName": "5.500/4 Menek\u00fcl\u0151 l\u00e9pcs\u0151h\u00e1z L1", "roomType": "corridor", "floorId": 10, "level": 5, "fillSource": "mvt"}, "geometry": {"type": "Polygon", "coordinates": [[[19.061450181, 47.47521072], [19.061468181, 47.47526472], [19.061391181, 47.47527572], [19.061378181, 47.47527272], [19.061364181, 47.47522672], [19.061450181, 47.47521072]]]}}, {"type": "Feature", "properties": {"id": 416, "roomCode": "LK-5-501-01-14", "roomNumber": "501", "roomName": "5.501 Labor", "roomType": "educational", "floorId": 10, "level": 5, "fillSource": "mvt"}, "geometry": {"type": "Polygon", "coordinates": [[[19.061637599, 47.474583263], [19.061645599, 47.474612263], [19.061576599, 47.474618263], [19.061570599, 47.474593263], [19.061637599, 47.474583263]]]}}, {"type": "Feature", "properties": {"id": 417, "roomCode": "LK-5-502-01-14", "roomNumber": "502", "roomName": "5.502 Labor", "roomType": "educational", "floorId": 10, "level": 5, "fillSource": "mvt"}, "geometry": {"type": "Polygon", "coordinates": [[[19.061620331, 47.474615098], [19.061636331, 47.474669098], [19.061569331, 47.474679098], [19.061553331, 47.474625098], [19.061620331, 47.474615098]]]}}, {"type": "Feature", "properties": {"id": 418, "roomCode": "LK-5-503-01-14", "roomNumber": "503", "roomName": "5.503 Labor", "roomType": "educational", "floorId": 10, "level": 5, "fillSource": "mvt"}, "geometry": {"type": "Polygon", "coordinates": [[[19.061611158, 47.474668542], [19.061618158, 47.474694542], [19.061551158, 47.474703542], [19.061543158, 47.474678542], [19.061611158, 47.474668542]]]}}, {"type": "Feature", "properties": {"id": 419, "roomCode": "LK-5-504-01-14", "roomNumber": "504", "roomName": "5.504 Labor", "roomType": "educational", "floorId": 10, "level": 5, "fillSource": "mvt"}, "geometry": {"type": "Polygon", "coordinates": [[[19.061586142, 47.474702196], [19.061612142, 47.474784196], [19.061545142, 47.474793196], [19.061519142, 47.474712196], [19.061586142, 47.474702196]]]}}, {"type": "Feature", "properties": {"id": 420, "roomCode": "LK-5-505-01-14", "roomNumber": "505", "roomName": "5.505 Labor", "roomType": "educational", "floorId": 10, "level": 5, "fillSource": "mvt"}, "geometry": {"type": "Polygon", "coordinates": [[[19.061576002, 47.474781801], [19.061584002, 47.474806801], [19.061517002, 47.474816801], [19.061509002, 47.474790801], [19.061576002, 47.474781801]]]}}, {"type": "Feature", "properties": {"id": 421, "roomCode": "LK-5-507-01-14", "roomNumber": "507", "roomName": "5.507 Labor", "roomType": "educational", "floorId": 10, "level": 5, "fillSource": "mvt"}, "geometry": {"type": "Polygon", "coordinates": [[[19.061542223, 47.474868738], [19.061558223, 47.474923738], [19.061491223, 47.474932738], [19.061474223, 47.474878738], [19.061542223, 47.474868738]]]}}, {"type": "Feature", "properties": {"id": 424, "roomCode": "LK-5-509-01-14", "roomNumber": "509", "roomName": "5.509 Labor", "roomType": "educational", "floorId": 10, "level": 5, "fillSource": "mvt"}, "geometry": {"type": "Polygon", "coordinates": [[[19.06152172, 47.474955136], [19.06152972, 47.474980136], [19.06146272, 47.474990136], [19.06145472, 47.474964136], [19.06152172, 47.474955136]]]}}, {"type": "Feature", "properties": {"id": 425, "roomCode": "LK-5-510-01-14", "roomNumber": "510", "roomName": "5.510 HPLC Labor", "roomType": "educational", "floorId": 10, "level": 5, "fillSource": "mvt"}, "geometry": {"type": "Polygon", "coordinates": [[[19.061505121, 47.474985571], [19.061522121, 47.475039571], [19.061455121, 47.475049571], [19.061439121, 47.474994571], [19.061505121, 47.474985571]]]}}, {"type": "Feature", "properties": {"id": 426, "roomCode": "LK-5-511-01-14", "roomNumber": "511", "roomName": "5.511 HPLC labor", "roomType": "educational", "floorId": 10, "level": 5, "fillSource": "mvt"}, "geometry": {"type": "Polygon", "coordinates": [[[19.061488654, 47.475041419], [19.061504654, 47.475096419], [19.061437654, 47.475105419], [19.061421654, 47.475050419], [19.061488654, 47.475041419]]]}}, {"type": "Feature", "properties": {"id": 427, "roomCode": "LK-5-512-01-14", "roomNumber": "512", "roomName": "5.512 Hallgat\u00f3i labor", "roomType": "educational", "floorId": 10, "level": 5, "fillSource": "mvt"}, "geometry": {"type": "Polygon", "coordinates": [[[19.061463922, 47.475100676], [19.061488922, 47.475182676], [19.061420922, 47.475191676], [19.061396922, 47.475109676], [19.061463922, 47.475100676]]]}}, {"type": "Feature", "properties": {"id": 428, "roomCode": "LK-5-513-01-14", "roomNumber": "513", "roomName": "5.513 Labor el\u0151k\u00e9sz\u00edt\u0151", "roomType": "educational", "floorId": 10, "level": 5, "fillSource": "mvt"}, "geometry": {"type": "Polygon", "coordinates": [[[19.061453381, 47.4751787], [19.061461381, 47.4752047], [19.061394381, 47.4752137], [19.061387381, 47.4751897], [19.061453381, 47.4751787]]]}}, {"type": "Feature", "properties": {"id": 429, "roomCode": "LK-5-514-01-17", "roomNumber": "514", "roomName": "5.514 T\u00e1rgyal\u00f3", "roomType": "educational", "floorId": 10, "level": 5, "fillSource": "mvt"}, "geometry": {"type": "Polygon", "coordinates": [[[19.061538768, 47.475260096], [19.061563768, 47.475342096], [19.061484768, 47.475353096], [19.061461768, 47.475339096], [19.061538768, 47.475260096]]]}}, {"type": "Feature", "properties": {"id": 430, "roomCode": "LK-5-515-01-14", "roomNumber": "515", "roomName": "5.515 Hallgat\u00f3i labor", "roomType": "educational", "floorId": 10, "level": 5, "fillSource": "mvt"}, "geometry": {"type": "Polygon", "coordinates": [[[19.061559029, 47.475176291], [19.061593029, 47.475287291], [19.061526029, 47.475296291], [19.061492029, 47.475186291], [19.061559029, 47.475176291]]]}}, {"type": "Feature", "properties": {"id": 431, "roomCode": "LK-5-517-01-13", "roomNumber": "517", "roomName": "5.517 Doktorandusz", "roomType": "educational", "floorId": 10, "level": 5, "fillSource": "mvt"}, "geometry": {"type": "Polygon", "coordinates": [[[19.061624944, 47.47502854], [19.061632944, 47.47505354], [19.061565944, 47.47506354], [19.061557944, 47.47503754], [19.061624944, 47.47502854]]]}}, {"type": "Feature", "properties": {"id": 432, "roomCode": "LK-5-518-01-13", "roomNumber": "518", "roomName": "5.518 Doktorandusz", "roomType": "educational", "floorId": 10, "level": 5, "fillSource": "mvt"}, "geometry": {"type": "Polygon", "coordinates": [[[19.061633885, 47.474999517], [19.061641885, 47.475026517], [19.061573885, 47.475036517], [19.061565885, 47.475009517], [19.061633885, 47.474999517]]]}}, {"type": "Feature", "properties": {"id": 433, "roomCode": "LK-5-519/A-05-71", "roomNumber": "519/A", "roomName": "5.519/A N\u0151i mosd\u00f3", "roomType": "social", "floorId": 10, "level": 5, "fillSource": "mvt"}, "geometry": {"type": "Polygon", "coordinates": [[[19.061614076, 47.474971729], [19.061622076, 47.474997729], [19.061586076, 47.475002729], [19.061578076, 47.474976729], [19.061614076, 47.474971729]]]}}, {"type": "Feature", "properties": {"id": 434, "roomCode": "LK-5-519/B-05-73", "roomNumber": "519/B", "roomName": "5.519/B N\u0151i \u00f6lt\u00f6z\u0151", "roomType": "social", "floorId": 10, "level": 5, "fillSource": "mvt"}, "geometry": {"type": "Polygon", "coordinates": [[[19.06164587, 47.474976235], [19.06165387, 47.475003235], [19.06162287, 47.475007235], [19.06161487, 47.474981235], [19.06164587, 47.474976235]]]}}, {"type": "Feature", "properties": {"id": 435, "roomCode": "LK-5-519/c-05-71", "roomNumber": "519/C", "roomName": "5.519/c N\u0151i WC tan\u00e1ri", "roomType": "social", "floorId": 10, "level": 5, "fillSource": "mvt"}, "geometry": {"type": "Polygon", "coordinates": [[[19.061654411, 47.474948212], [19.061662411, 47.474975212], [19.061631411, 47.474979212], [19.061623411, 47.474953212], [19.061654411, 47.474948212]]]}}, {"type": "Feature", "properties": {"id": 436, "roomCode": "LK-5-520/A-05-71", "roomNumber": "520/A", "roomName": "5.520/A FFI mosd\u00f3 tan\u00e1ri", "roomType": "social", "floorId": 10, "level": 5, "fillSource": "mvt"}, "geometry": {"type": "Polygon", "coordinates": [[[19.061622618, 47.474943706], [19.061630618, 47.474969706], [19.061594618, 47.474974706], [19.061586618, 47.474948706], [19.061622618, 47.474943706]]]}}, {"type": "Feature", "properties": {"id": 437, "roomCode": "LK-5-521-01-14", "roomNumber": "521", "roomName": "5.521 KKKK Labor", "roomType": "educational", "floorId": 10, "level": 5, "fillSource": "mvt"}, "geometry": {"type": "Polygon", "coordinates": [[[19.061662054, 47.474885914], [19.061678054, 47.474939914], [19.061612054, 47.474948914], [19.061595054, 47.474894914], [19.061662054, 47.474885914]]]}}, {"type": "Feature", "properties": {"id": 438, "roomCode": "LK-5-522-02-35", "roomNumber": "522", "roomName": "5.522 F\u00e9nym\u00e1sol\u00f3, fax szoba", "roomType": "administrative", "floorId": 10, "level": 5, "fillSource": "mvt"}, "geometry": {"type": "Polygon", "coordinates": [[[19.06167832, 47.474854969], [19.06168632, 47.474880969], [19.06161932, 47.474890969], [19.06161132, 47.474863969], [19.06167832, 47.474854969]]]}}, {"type": "Feature", "properties": {"id": 439, "roomCode": "LK-5-523-06-84", "roomNumber": "523", "roomName": "5.523 Rakt\u00e1r", "roomType": "technical", "floorId": 10, "level": 5, "fillSource": "catalog-bbox"}, "geometry": {"type": "Polygon", "coordinates": [[[19.06162642967808, 47.4748226763357], [19.061700700321918, 47.4748226763357], [19.061700700321918, 47.474857953664305], [19.06162642967808, 47.474857953664305], [19.06162642967808, 47.4748226763357]]]}}, {"type": "Feature", "properties": {"id": 440, "roomCode": "LK-5-527-06-88", "roomNumber": "527", "roomName": "5.527 Szerver szoba", "roomType": "technical", "floorId": 10, "level": 5, "fillSource": "catalog-bbox"}, "geometry": {"type": "Polygon", "coordinates": [[[19.06177875612298, 47.4746682202158], [19.061863013877023, 47.4746682202158], [19.061863013877023, 47.47473263178419], [19.06177875612298, 47.47473263178419], [19.06177875612298, 47.4746682202158]]]}}, {"type": "Feature", "properties": {"id": 441, "roomCode": "LK-5-528-02-33", "roomNumber": "528", "roomName": "5.528 Rendszergazda", "roomType": "administrative", "floorId": 10, "level": 5, "fillSource": "mvt"}, "geometry": {"type": "Polygon", "coordinates": [[[19.061857293, 47.474644576], [19.061865293, 47.474670576], [19.061798293, 47.474679576], [19.061790293, 47.474653576], [19.061857293, 47.474644576]]]}}, {"type": "Feature", "properties": {"id": 1192, "roomCode": "LK-5-529-01-12", "roomNumber": "529", "roomName": "5.529 Hallgat\u00f3i sz\u00e1m\u00edt\u00f3g\u00e9p szoba 8 f\u0151", "roomType": "educational", "floorId": 10, "level": 5, "fillSource": "mvt"}, "geometry": {"type": "Polygon", "coordinates": [[[19.061865917, 47.474616133], [19.061873917, 47.474643133], [19.061806917, 47.474652133], [19.061798917, 47.474626133], [19.061865917, 47.474616133]]]}}, {"type": "Feature", "properties": {"id": 442, "roomCode": "LK-5-530-01-14", "roomNumber": "530", "roomName": "5.530 Kutat\u00f3 labor", "roomType": "educational", "floorId": 10, "level": 5, "fillSource": "mvt"}, "geometry": {"type": "Polygon", "coordinates": [[[19.061875176, 47.474562166], [19.061893176, 47.474617166], [19.061825176, 47.474627166], [19.061808176, 47.474572166], [19.061875176, 47.474562166]]]}}, {"type": "Feature", "properties": {"id": 443, "roomCode": "LK-5-531-01-14", "roomNumber": "531", "roomName": "5.531 Kutat\u00f3 labor", "roomType": "educational", "floorId": 10, "level": 5, "fillSource": "mvt"}, "geometry": {"type": "Polygon", "coordinates": [[[19.061895034, 47.474512782], [19.061908034, 47.474552782], [19.061841034, 47.474562782], [19.061826034, 47.474512782], [19.061895034, 47.474512782]]]}}, {"type": "Feature", "properties": {"id": 444, "roomCode": "LK-5-532-01-14", "roomNumber": "532", "roomName": "5.532 Kutat\u00f3 labor", "roomType": "educational", "floorId": 10, "level": 5, "fillSource": "mvt"}, "geometry": {"type": "Polygon", "coordinates": [[[19.061780406, 47.474486215], [19.061788406, 47.474512215], [19.061721406, 47.474522215], [19.061713406, 47.474495215], [19.061780406, 47.474486215]]]}}, {"type": "Feature", "properties": {"id": 445, "roomCode": "LK-5-533-01-14", "roomNumber": "533", "roomName": "5.533 Kutat\u00f3 labor", "roomType": "educational", "floorId": 10, "level": 5, "fillSource": "mvt"}, "geometry": {"type": "Polygon", "coordinates": [[[19.061772104, 47.474513902], [19.061780104, 47.474539902], [19.061713104, 47.474548902], [19.061704104, 47.474522902], [19.061772104, 47.474513902]]]}}, {"type": "Feature", "properties": {"id": 1193, "roomCode": "LK-5-534-01-12", "roomNumber": "534", "roomName": "534", "roomType": "educational", "floorId": 10, "level": 5, "fillSource": "mvt"}, "geometry": {"type": "Polygon", "coordinates": [[[19.061746944, 47.474548401], [19.061772944, 47.474631401], [19.061705944, 47.474641401], [19.061679944, 47.474557401], [19.061746944, 47.474548401]]]}}, {"type": "Feature", "properties": {"id": 449, "roomCode": "LK-5-539-01-13", "roomNumber": "540", "roomName": "5.539 Oktat\u00f3", "roomType": "educational", "floorId": 10, "level": 5, "fillSource": "mvt"}, "geometry": {"type": "Polygon", "coordinates": [[[19.061906701, 47.474809311], [19.061922701, 47.474861311], [19.061889701, 47.474867311], [19.061873701, 47.474813311], [19.061906701, 47.474809311]]]}}, {"type": "Feature", "properties": {"id": 451, "roomCode": "LK-5-540-01-13", "roomNumber": "540", "roomName": "5.540 Oktat\u00f3", "roomType": "educational", "floorId": 10, "level": 5, "fillSource": "mvt"}, "geometry": {"type": "Polygon", "coordinates": [[[19.061941841, 47.474813987], [19.061958841, 47.474866987], [19.061924841, 47.474870987], [19.061908841, 47.474818987], [19.061941841, 47.474813987]]]}}, {"type": "Feature", "properties": {"id": 452, "roomCode": "LK-5-542-02-33", "roomNumber": "542", "roomName": "5.542 Oktat\u00f3", "roomType": "administrative", "floorId": 10, "level": 5, "fillSource": "mvt"}, "geometry": {"type": "Polygon", "coordinates": [[[19.062012135, 47.474824061], [19.062028135, 47.474876061], [19.061995135, 47.474880061], [19.061979135, 47.474829061], [19.062012135, 47.474824061]]]}}, {"type": "Feature", "properties": {"id": 453, "roomCode": "LK-5-543-02-33", "roomNumber": "543", "roomName": "5.543 K\u00e9miai Int\u00e9zet adminisztr\u00e1ci\u00f3", "roomType": "administrative", "floorId": 10, "level": 5, "fillSource": "mvt"}, "geometry": {"type": "Polygon", "coordinates": [[[19.062086653, 47.474829282], [19.062101653, 47.474881282], [19.062025653, 47.474892282], [19.062009653, 47.474840282], [19.062086653, 47.474829282]]]}}, {"type": "Feature", "properties": {"id": 454, "roomCode": "LK-5-544-01-13", "roomNumber": "544", "roomName": "5.544 Oktat\u00f3", "roomType": "educational", "floorId": 10, "level": 5, "fillSource": "mvt"}, "geometry": {"type": "Polygon", "coordinates": [[[19.062111846, 47.474771919], [19.062120846, 47.474804919], [19.062081846, 47.474809919], [19.062071846, 47.474776919], [19.062111846, 47.474771919]]]}}, {"type": "Feature", "properties": {"id": 455, "roomCode": "LK-5-547-01-13", "roomNumber": "547", "roomName": "5.547 El\u0151ad\u00f3k (gazdas\u00e1gi)", "roomType": "educational", "floorId": 10, "level": 5, "fillSource": "mvt"}, "geometry": {"type": "Polygon", "coordinates": [[[19.062000747, 47.47475751], [19.062010747, 47.47478951], [19.061978747, 47.47479451], [19.061968747, 47.47476251], [19.062000747, 47.47475751]]]}}, {"type": "Feature", "properties": {"id": 456, "roomCode": "LK-5-548-01-13", "roomNumber": "548", "roomName": "5.548 El\u0151ad\u00f3k (gazdas\u00e1gi)", "roomType": "educational", "floorId": 10, "level": 5, "fillSource": "mvt"}, "geometry": {"type": "Polygon", "coordinates": [[[19.061965103, 47.474752799], [19.061976103, 47.474784799], [19.061942103, 47.474789799], [19.061933103, 47.474756799], [19.061965103, 47.474752799]]]}}, {"type": "Feature", "properties": {"id": 457, "roomCode": "LK-5-549-01-13", "roomNumber": "549", "roomName": "5.549 El\u0151ad\u00f3k (gazdas\u00e1gi)", "roomType": "educational", "floorId": 10, "level": 5, "fillSource": "mvt"}, "geometry": {"type": "Polygon", "coordinates": [[[19.061931519, 47.474747435], [19.061940519, 47.474780435], [19.061907519, 47.474785435], [19.061897519, 47.474752435], [19.061931519, 47.474747435]]]}}, {"type": "Feature", "properties": {"id": 458, "roomCode": "LK-5-550-01-13", "roomNumber": "550", "roomName": "5.550 Oktat\u00f3", "roomType": "educational", "floorId": 10, "level": 5, "fillSource": "mvt"}, "geometry": {"type": "Polygon", "coordinates": [[[19.061896716, 47.474743442], [19.061905716, 47.474775442], [19.061872716, 47.474779442], [19.061862716, 47.474747442], [19.061896716, 47.474743442]]]}}, {"type": "Feature", "properties": {"id": 886, "roomCode": "L\u00c9-5-100-05-77", "roomNumber": "5.100", "roomName": "5.100 Teakonyha", "roomType": "social", "floorId": 10, "level": 5, "fillSource": "mvt"}, "geometry": {"type": "Polygon", "coordinates": [[[19.06216363, 47.474452841], [19.06217063, 47.474478841], [19.06214263, 47.474482841], [19.06213463, 47.474455841], [19.06216363, 47.474452841]]]}}, {"type": "Feature", "properties": {"id": 887, "roomCode": "L\u00c9-5-102-01-13", "roomNumber": "5.102", "roomName": "5.102 Oktat\u00f3", "roomType": "educational", "floorId": 10, "level": 5, "fillSource": "mvt"}, "geometry": {"type": "Polygon", "coordinates": [[[19.062002151, 47.474475101], [19.062012151, 47.474511101], [19.061983151, 47.474515101], [19.061985151, 47.474521101], [19.061973151, 47.474522101], [19.061960151, 47.474481101], [19.061997151, 47.474476101], [19.062002151, 47.474475101]]]}}, {"type": "Feature", "properties": {"id": 888, "roomCode": "L\u00c9-5-102/A-06-84", "roomNumber": "5.102/A", "roomName": "5.102/A Rakt\u00e1r", "roomType": "technical", "floorId": 10, "level": 5, "fillSource": "catalog-bbox"}, "geometry": {"type": "Polygon", "coordinates": [[[19.061926585082123, 47.474492980625655], [19.061967184917883, 47.474492980625655], [19.061967184917883, 47.47451315537434], [19.061926585082123, 47.47451315537434], [19.061926585082123, 47.474492980625655]]]}}, {"type": "Feature", "properties": {"id": 889, "roomCode": "L\u00c9-5-103-01-13", "roomNumber": "5.103", "roomName": "5.103 Oktat\u00f3", "roomType": "educational", "floorId": 10, "level": 5, "fillSource": "mvt"}, "geometry": {"type": "Polygon", "coordinates": [[[19.062087497, 47.4744889], [19.062098497, 47.4745299], [19.062017497, 47.4745419], [19.062004497, 47.4744999], [19.062043497, 47.4744949], [19.062044497, 47.4744989], [19.062048497, 47.4744989], [19.062047497, 47.4744939], [19.062087497, 47.4744889]]]}}, {"type": "Feature", "properties": {"id": 890, "roomCode": "L\u00c9-5-104-01-13", "roomNumber": "5.104", "roomName": "5.104 Oktat\u00f3", "roomType": "educational", "floorId": 10, "level": 5, "fillSource": "mvt"}, "geometry": {"type": "Polygon", "coordinates": [[[19.062122372, 47.474496975], [19.062127372, 47.474499975], [19.062138372, 47.474536975], [19.062098372, 47.474542975], [19.062085372, 47.474501975], [19.062122372, 47.474496975]]]}}, {"type": "Feature", "properties": {"id": 891, "roomCode": "L\u00c9-5-105-01-13", "roomNumber": "5.105", "roomName": "5.105 Oktat\u00f3", "roomType": "educational", "floorId": 10, "level": 5, "fillSource": "mvt"}, "geometry": {"type": "Polygon", "coordinates": [[[19.062168656, 47.474499665], [19.062180656, 47.474540665], [19.062140656, 47.474546665], [19.062128656, 47.474505665], [19.062168656, 47.474499665]]]}}, {"type": "Feature", "properties": {"id": 892, "roomCode": "L\u00c9-5-106-02-33", "roomNumber": "5.106", "roomName": "5,106", "roomType": "administrative", "floorId": 10, "level": 5, "fillSource": "mvt"}, "geometry": {"type": "Polygon", "coordinates": [[[19.062245154, 47.474508802], [19.062256154, 47.474544802], [19.062243154, 47.474546802], [19.062242154, 47.474540802], [19.062228154, 47.474542802], [19.062230154, 47.474548802], [19.062175154, 47.474555802], [19.062162154, 47.474514802], [19.062201154, 47.474508802], [19.062203154, 47.474513802], [19.062207154, 47.474512802], [19.062205154, 47.474508802], [19.062245154, 47.474508802]]]}}, {"type": "Feature", "properties": {"id": 893, "roomCode": "L\u00c9-5-108-01-14", "roomNumber": "5.108", "roomName": "5.108 UV spektroszk\u00f3p labor", "roomType": "educational", "floorId": 10, "level": 5, "fillSource": "mvt"}, "geometry": {"type": "Polygon", "coordinates": [[[19.062315083, 47.474560516], [19.062323083, 47.474587516], [19.062244083, 47.474596516], [19.062242083, 47.474571516], [19.062315083, 47.474560516]]]}}, {"type": "Feature", "properties": {"id": 894, "roomCode": "L\u00c9-5-109-01-14", "roomNumber": "5.109", "roomName": "5.109 Preparat\u00edv labor", "roomType": "educational", "floorId": 10, "level": 5, "fillSource": "mvt"}, "geometry": {"type": "Polygon", "coordinates": [[[19.062306698, 47.474588683], [19.062314698, 47.474615683], [19.062235698, 47.474624683], [19.062232698, 47.474599683], [19.062306698, 47.474588683]]]}}, {"type": "Feature", "properties": {"id": 895, "roomCode": "L\u00c9-5-110-06-84", "roomNumber": "5.110", "roomName": "5.110 Szil\u00e1rd m\u00e9rgez\u0151 anyagok rakt\u00e1r", "roomType": "technical", "floorId": 10, "level": 5, "fillSource": "catalog-bbox"}, "geometry": {"type": "Polygon", "coordinates": [[[19.06222764245533, 47.47461303464916], [19.06231381754467, 47.47461303464916], [19.06231381754467, 47.474650173350845], [19.06222764245533, 47.474650173350845], [19.06222764245533, 47.47461303464916]]]}}, {"type": "Feature", "properties": {"id": 896, "roomCode": "L\u00c9-5-111-06-84", "roomNumber": "5.111", "roomName": "5.111 Vegyszer \u00e9s \u00fcvegrakt\u00e1r", "roomType": "technical", "floorId": 10, "level": 5, "fillSource": "catalog-bbox"}, "geometry": {"type": "Polygon", "coordinates": [[[19.06221913347412, 47.474641150621565], [19.062305292525878, 47.474641150621565], [19.062305292525878, 47.47467828937844], [19.06221913347412, 47.47467828937844], [19.06221913347412, 47.474641150621565]]]}}, {"type": "Feature", "properties": {"id": 897, "roomCode": "L\u00c9-5-112-01-14", "roomNumber": "5.112", "roomName": "5.112 IAS Spektr.labor", "roomType": "educational", "floorId": 10, "level": 5, "fillSource": "mvt"}, "geometry": {"type": "Polygon", "coordinates": [[[19.062280609, 47.474673235], [19.062289609, 47.474700235], [19.062209609, 47.474709235], [19.062207609, 47.474683235], [19.062280609, 47.474673235]]]}}, {"type": "Feature", "properties": {"id": 898, "roomCode": "L\u00c9-5-113-06-84", "roomNumber": "5.113", "roomName": "5.113 Vegyszer rakt\u00e1r", "roomType": "technical", "floorId": 10, "level": 5, "fillSource": "catalog-bbox"}, "geometry": {"type": "Polygon", "coordinates": [[[19.06220198177911, 47.47469736537097], [19.06228811622089, 47.47469736537097], [19.06228811622089, 47.47473452862903], [19.06220198177911, 47.47473452862903], [19.06220198177911, 47.47469736537097]]]}}, {"type": "Feature", "properties": {"id": 899, "roomCode": "L\u00c9-5-114-06-84", "roomNumber": "5.114", "roomName": "5.114 Vegyszer rakt\u00e1r", "roomType": "technical", "floorId": 10, "level": 5, "fillSource": "catalog-bbox"}, "geometry": {"type": "Polygon", "coordinates": [[[19.0621934285375, 47.47472549765138], [19.0622795394625, 47.47472549765138], [19.0622795394625, 47.474762636348636], [19.0621934285375, 47.474762636348636], [19.0621934285375, 47.47472549765138]]]}}, {"type": "Feature", "properties": {"id": 900, "roomCode": "L\u00c9-5-115-06-84", "roomNumber": "5.115", "roomName": "5.115 Szil\u00e1rd vegyszer t\u00e1rol\u00f3", "roomType": "technical", "floorId": 10, "level": 5, "fillSource": "catalog-bbox"}, "geometry": {"type": "Polygon", "coordinates": [[[19.06218513395944, 47.47475359851479], [19.06227095204056, 47.47475359851479], [19.06227095204056, 47.474790417485224], [19.06218513395944, 47.474790417485224], [19.06218513395944, 47.47475359851479]]]}}, {"type": "Feature", "properties": {"id": 901, "roomCode": "L\u00c9-5-116-01-13", "roomNumber": "5.116", "roomName": "5.116 Doktorandusz", "roomType": "educational", "floorId": 10, "level": 5, "fillSource": "mvt"}, "geometry": {"type": "Polygon", "coordinates": [[[19.062168631, 47.474777229], [19.062178631, 47.474818229], [19.062130631, 47.474825229], [19.062118631, 47.474785229], [19.062168631, 47.474777229]]]}}, {"type": "Feature", "properties": {"id": 902, "roomCode": "L\u00c9-5-117-02-33", "roomNumber": "5.117", "roomName": "5.117 K\u00e9miai Int\u00e9zet-igazgat\u00f3", "roomType": "administrative", "floorId": 10, "level": 5, "fillSource": "mvt"}, "geometry": {"type": "Polygon", "coordinates": [[[19.062150462, 47.474839347], [19.062169462, 47.474894347], [19.062115462, 47.474901347], [19.062099462, 47.474846347], [19.062118462, 47.474841347], [19.062150462, 47.474839347]]]}}, {"type": "Feature", "properties": {"id": 903, "roomCode": "L\u00c9-5-118-02-33", "roomNumber": "5.118", "roomName": "5.118 Titk\u00e1rs\u00e1g", "roomType": "administrative", "floorId": 10, "level": 5, "fillSource": "mvt"}, "geometry": {"type": "Polygon", "coordinates": [[[19.062188365, 47.474836738], [19.062204365, 47.474890738], [19.062192365, 47.474895738], [19.062165365, 47.474898738], [19.062147365, 47.474843738], [19.062188365, 47.474836738]]]}}, {"type": "Feature", "properties": {"id": 904, "roomCode": "L\u00c9-5-119-01-13", "roomNumber": "5.119", "roomName": "5.119 Oktat\u00f3", "roomType": "educational", "floorId": 10, "level": 5, "fillSource": "mvt"}, "geometry": {"type": "Polygon", "coordinates": [[[19.062236873, 47.474848223], [19.062252873, 47.474903223], [19.062207873, 47.474910223], [19.062190873, 47.474854223], [19.062236873, 47.474848223]]]}}, {"type": "Feature", "properties": {"id": 907, "roomCode": "L\u00c9-5-122-01-14", "roomNumber": "5.122", "roomName": "5.122 Szintetikus kutat\u00f3 laborat\u00f3rium", "roomType": "educational", "floorId": 10, "level": 5, "fillSource": "mvt"}, "geometry": {"type": "Polygon", "coordinates": [[[19.062403558, 47.474737449], [19.062421558, 47.474792449], [19.062345558, 47.474802449], [19.062344558, 47.474796449], [19.062335558, 47.474798449], [19.062331558, 47.474785449], [19.062340558, 47.474783449], [19.062329558, 47.474747449], [19.062403558, 47.474737449]]]}}, {"type": "Feature", "properties": {"id": 908, "roomCode": "L\u00c9-5-123-01-14", "roomNumber": "5.123", "roomName": "5.123 R\u00f6ntgen laborat\u00f3rium/ termin\u00e1lszoba", "roomType": "educational", "floorId": 10, "level": 5, "fillSource": "mvt"}, "geometry": {"type": "Polygon", "coordinates": [[[19.062413859, 47.474678393], [19.062439859, 47.474758393], [19.062394859, 47.474764393], [19.062378859, 47.474711393], [19.062349859, 47.474716393], [19.062341859, 47.474688393], [19.062413859, 47.474678393]]]}}, {"type": "Feature", "properties": {"id": 909, "roomCode": "L\u00c9-5-123/A-01-14", "roomNumber": "5.123/A", "roomName": "5.123/A Hidegszoba", "roomType": "educational", "floorId": 10, "level": 5, "fillSource": "mvt"}, "geometry": {"type": "Polygon", "coordinates": [[[19.062375653, 47.474665018], [19.062383653, 47.474685018], [19.062361653, 47.474687018], [19.062354653, 47.474669018], [19.062375653, 47.474665018]]]}}, {"type": "Feature", "properties": {"id": 910, "roomCode": "L\u00c9-5-123/B-06-84", "roomNumber": "5.123/B", "roomName": "5.123/B Rakt\u00e1r", "roomType": "technical", "floorId": 10, "level": 5, "fillSource": "catalog-bbox"}, "geometry": {"type": "Polygon", "coordinates": [[[19.062333763090656, 47.47467431957431], [19.062385746909346, 47.47467431957431], [19.062385746909346, 47.47472607842568], [19.062333763090656, 47.47472607842568], [19.062333763090656, 47.47467431957431]]]}}, {"type": "Feature", "properties": {"id": 911, "roomCode": "L\u00c9-5-124-01-14", "roomNumber": "5.124", "roomName": "5.124 R\u00f6ntgen laborat\u00f3rium", "roomType": "educational", "floorId": 10, "level": 5, "fillSource": "mvt"}, "geometry": {"type": "Polygon", "coordinates": [[[19.062430222, 47.47463704], [19.062439222, 47.47466704], [19.062365222, 47.47467804], [19.062356222, 47.47464704], [19.062384222, 47.47464304], [19.062430222, 47.47463704]]]}}, {"type": "Feature", "properties": {"id": 912, "roomCode": "L\u00c9-5-125-01-14", "roomNumber": "5.125", "roomName": "5.125 Kutat\u00f3 laborat\u00f3rium", "roomType": "educational", "floorId": 10, "level": 5, "fillSource": "mvt"}, "geometry": {"type": "Polygon", "coordinates": [[[19.062435855, 47.474607102], [19.062444855, 47.474633102], [19.062370855, 47.474644102], [19.062362855, 47.474617102], [19.062435855, 47.474607102]]]}}, {"type": "Feature", "properties": {"id": 913, "roomCode": "L\u00c9-5-126-01-14", "roomNumber": "5.126", "roomName": "5.126 Kutat\u00f3 laborat\u00f3rium", "roomType": "educational", "floorId": 10, "level": 5, "fillSource": "mvt"}, "geometry": {"type": "Polygon", "coordinates": [[[19.062444041, 47.47457872], [19.062453041, 47.47460572], [19.062380041, 47.47461572], [19.062372041, 47.47458872], [19.062444041, 47.47457872]]]}}, {"type": "Feature", "properties": {"id": 53, "roomCode": "L\u00c9-5-128-01-12", "roomNumber": "5.128", "roomName": "5.128 M\u00e9dia szoba", "roomType": "educational", "floorId": 10, "level": 5, "fillSource": "mvt"}, "geometry": {"type": "Polygon", "coordinates": [[[19.062482654, 47.474511056], [19.062492654, 47.474536056], [19.062416654, 47.474546056], [19.062414654, 47.474544056], [19.062414654, 47.474547056], [19.062406654, 47.474548056], [19.062404654, 47.474539056], [19.062414654, 47.474537056], [19.062408654, 47.474518056], [19.062458654, 47.474511056], [19.062482654, 47.474511056]]]}}, {"type": "Feature", "properties": {"id": 915, "roomCode": "L\u00c9-5-129-01-14", "roomNumber": "5.129", "roomName": "5.129 Hallgat\u00f3i Laborat\u00f3rium III. \u00c9ves", "roomType": "educational", "floorId": 10, "level": 5, "fillSource": "mvt"}, "geometry": {"type": "Polygon", "coordinates": [[[19.062516959, 47.474414986], [19.062533959, 47.474471986], [19.062458959, 47.474482986], [19.062443959, 47.474434986], [19.062433959, 47.474435986], [19.062431959, 47.474427986], [19.062439959, 47.474425986], [19.062440959, 47.474428986], [19.062441959, 47.474425986], [19.062516959, 47.474414986]]]}}, {"type": "Feature", "properties": {"id": 916, "roomCode": "L\u00c9-5-130-01-14", "roomNumber": "5.130", "roomName": "5.130 Sarf r\u00f6ntgen el\u0151k\u00e9sz\u00edt\u0151", "roomType": "educational", "floorId": 10, "level": 5, "fillSource": "mvt"}, "geometry": {"type": "Polygon", "coordinates": [[[19.062506761, 47.474378117], [19.062513761, 47.474405117], [19.062440761, 47.474415117], [19.062431761, 47.474388117], [19.062506761, 47.474378117]]]}}, {"type": "Feature", "properties": {"id": 917, "roomCode": "L\u00c9-5-131-01-14", "roomNumber": "5.131", "roomName": "5.131 Sarf r\u00f6ntgen dolgoz\u00f3", "roomType": "educational", "floorId": 10, "level": 5, "fillSource": "mvt"}, "geometry": {"type": "Polygon", "coordinates": [[[19.062538672, 47.474292057], [19.062556672, 47.474346057], [19.062505672, 47.474355057], [19.062556672, 47.474348057], [19.062565672, 47.474375057], [19.062489672, 47.474385057], [19.062481672, 47.474358057], [19.062489672, 47.474356057], [19.062480672, 47.474357057], [19.062478672, 47.474349057], [19.062468672, 47.474350057], [19.062464672, 47.474338057], [19.062474672, 47.474335057], [19.062470672, 47.474323057], [19.062460672, 47.474324057], [19.062456672, 47.474312057], [19.062466672, 47.474310057], [19.062464672, 47.474302057], [19.062538672, 47.474292057]]]}}, {"type": "Feature", "properties": {"id": 918, "roomCode": "L\u00c9-5-132-01-14", "roomNumber": "5.132", "roomName": "5.132 Bels\u0151 s\u00farl\u00f3d\u00e1sm\u00e9r\u0151 laborat\u00f3rium", "roomType": "educational", "floorId": 10, "level": 5, "fillSource": "mvt"}, "geometry": {"type": "Polygon", "coordinates": [[[19.062540847, 47.474265476], [19.062547847, 47.474292476], [19.062474847, 47.474302476], [19.062466847, 47.474276476], [19.062540847, 47.474265476]]]}}, {"type": "Feature", "properties": {"id": 919, "roomCode": "L\u00c9-5-133-01-14", "roomNumber": "5.133", "roomName": "5.133 F\u00e9m\u00fcveg laborat\u00f3rium", "roomType": "educational", "floorId": 10, "level": 5, "fillSource": "mvt"}, "geometry": {"type": "Polygon", "coordinates": [[[19.062548154, 47.474237454], [19.062559154, 47.474264454], [19.062484154, 47.474274454], [19.062475154, 47.474248454], [19.062548154, 47.474237454]]]}}, {"type": "Feature", "properties": {"id": 921, "roomCode": "L\u00c9-5-134 A-01-13", "roomNumber": "5.134/A", "roomName": "A 5.134 A Oktat\u00f3", "roomType": "educational", "floorId": 10, "level": 5, "fillSource": "mvt"}, "geometry": {"type": "Polygon", "coordinates": [[[19.062560762, 47.474183379], [19.062563762, 47.474184379], [19.062571762, 47.474210379], [19.062495762, 47.474221379], [19.062487762, 47.474194379], [19.062560762, 47.474183379]]]}}, {"type": "Feature", "properties": {"id": 920, "roomCode": "L\u00c9-5-134-01-13", "roomNumber": "5.134", "roomName": "5.134 Oktat\u00f3", "roomType": "educational", "floorId": 10, "level": 5, "fillSource": "mvt"}, "geometry": {"type": "Polygon", "coordinates": [[[19.062558585, 47.474208831], [19.062564585, 47.474236831], [19.062491585, 47.474246831], [19.062483585, 47.474219831], [19.062558585, 47.474208831]]]}}, {"type": "Feature", "properties": {"id": 922, "roomCode": "L\u00c9-5-135-01-14", "roomNumber": "5.135", "roomName": "5.135 Difrakci\u00f3s r\u00f6ntgen laborat\u00f3rium", "roomType": "educational", "floorId": 10, "level": 5, "fillSource": "mvt"}, "geometry": {"type": "Polygon", "coordinates": [[[19.062604574, 47.474081477], [19.062612574, 47.474108477], [19.062561574, 47.474116477], [19.062613574, 47.474109477], [19.062638574, 47.474192477], [19.062563574, 47.474202477], [19.062552574, 47.474166477], [19.062542574, 47.474167477], [19.062538574, 47.474154477], [19.062548574, 47.474153477], [19.062537574, 47.474119477], [19.062545574, 47.474117477], [19.062537574, 47.474118477], [19.062534574, 47.474110477], [19.062524574, 47.474111477], [19.062520574, 47.474098477], [19.062530574, 47.474097477], [19.062529574, 47.474091477], [19.062604574, 47.474081477]]]}}, {"type": "Feature", "properties": {"id": 923, "roomCode": "L\u00c9-5-136-01-14", "roomNumber": "5.136", "roomName": "5.136 El\u0151k\u00e9sz\u00edt\u0151", "roomType": "educational", "floorId": 10, "level": 5, "fillSource": "mvt"}, "geometry": {"type": "Polygon", "coordinates": [[[19.062444872, 47.474163139], [19.062452872, 47.474190139], [19.062376872, 47.474201139], [19.062370872, 47.474178139], [19.062370872, 47.474174139], [19.062444872, 47.474163139]]]}}, {"type": "Feature", "properties": {"id": 924, "roomCode": "L\u00c9-5-137-01-14", "roomNumber": "5.137", "roomName": "5.137-5.138 Klasszikus fizikai labor", "roomType": "educational", "floorId": 10, "level": 5, "fillSource": "mvt"}, "geometry": {"type": "Polygon", "coordinates": [[[19.062404343, 47.47420216], [19.062406343, 47.47420816], [19.062416343, 47.47420716], [19.062420343, 47.47422016], [19.062410343, 47.47422116], [19.062429343, 47.47428516], [19.062362343, 47.47429616], [19.062354343, 47.47429516], [19.062329343, 47.47421216], [19.062404343, 47.47420216]]]}}, {"type": "Feature", "properties": {"id": 925, "roomCode": "L\u00c9-5-139-01-14", "roomNumber": "5.139", "roomName": "5.139 Hallgat\u00f3i laborat\u00f3rium II.\u00e9ves", "roomType": "educational", "floorId": 10, "level": 5, "fillSource": "mvt"}, "geometry": {"type": "Polygon", "coordinates": [[[19.062361218, 47.474327223], [19.062372218, 47.474363223], [19.062382218, 47.474361223], [19.062386218, 47.474374223], [19.062375218, 47.474376223], [19.062377218, 47.474382223], [19.062302218, 47.474392223], [19.062286218, 47.474338223], [19.062361218, 47.474327223]]]}}, {"type": "Feature", "properties": {"id": 926, "roomCode": "L\u00c9-5-53-01-13", "roomNumber": "5.53", "roomName": "5.53 Oktat\u00f3", "roomType": "educational", "floorId": 10, "level": 5, "fillSource": "mvt"}, "geometry": {"type": "Polygon", "coordinates": [[[19.061785216, 47.474453613], [19.061793216, 47.474480613], [19.061717216, 47.474490613], [19.061709216, 47.474463613], [19.061785216, 47.474453613]]]}}, {"type": "Feature", "properties": {"id": 255, "roomCode": "L\u00c9-5-55-01-12", "roomNumber": "5.55", "roomName": "5.55 Szemin\u00e1rium", "roomType": "educational", "floorId": 10, "level": 5, "fillSource": "mvt"}, "geometry": {"type": "Polygon", "coordinates": [[[19.061819325, 47.474315978], [19.061837325, 47.474372978], [19.061761325, 47.474382978], [19.061744325, 47.474325978], [19.061819325, 47.474315978]]]}}, {"type": "Feature", "properties": {"id": 929, "roomCode": "L\u00c9-5-56-01-14", "roomNumber": "5.56", "roomName": "5.56 Hallgat\u00f3i Laborat\u00f3rium \"A\"", "roomType": "educational", "floorId": 10, "level": 5, "fillSource": "mvt"}, "geometry": {"type": "Polygon", "coordinates": [[[19.06181649, 47.47421531], [19.06181849, 47.47422131], [19.06182849, 47.47422031], [19.06183249, 47.47423231], [19.06182249, 47.47423431], [19.06182749, 47.47425131], [19.06183749, 47.47425031], [19.06184149, 47.47426331], [19.06183149, 47.47426431], [19.06183549, 47.47427731], [19.06184549, 47.47427631], [19.06184949, 47.47428831], [19.06183949, 47.47429031], [19.06185049, 47.47432731], [19.06177549, 47.47433731], [19.06174049, 47.47422631], [19.06181649, 47.47421531]]]}}, {"type": "Feature", "properties": {"id": 930, "roomCode": "L\u00c9-5-57-01-14", "roomNumber": "5.57", "roomName": "5.57 El\u0151k\u00e9sz\u00edt\u0151 \"A\" labor", "roomType": "educational", "floorId": 10, "level": 5, "fillSource": "mvt"}, "geometry": {"type": "Polygon", "coordinates": [[[19.061870538, 47.474172211], [19.061878538, 47.474199211], [19.061803538, 47.474209211], [19.061795538, 47.474183211], [19.061870538, 47.474172211]]]}}, {"type": "Feature", "properties": {"id": 931, "roomCode": "L\u00c9-5-58-01-14", "roomNumber": "5.58", "roomName": "5.58 Vegyi m\u0171hely", "roomType": "educational", "floorId": 10, "level": 5, "fillSource": "mvt"}, "geometry": {"type": "Polygon", "coordinates": [[[19.061879098, 47.474144475], [19.061887098, 47.474170475], [19.061811098, 47.474181475], [19.061805098, 47.474154475], [19.061879098, 47.474144475]]]}}, {"type": "Feature", "properties": {"id": 932, "roomCode": "L\u00c9-5-59-01-14", "roomNumber": "5.59", "roomName": "5.59 Mechanikai m\u0171hely", "roomType": "educational", "floorId": 10, "level": 5, "fillSource": "mvt"}, "geometry": {"type": "Polygon", "coordinates": [[[19.061887512, 47.474116579], [19.061896512, 47.474142579], [19.061820512, 47.474152579], [19.061812512, 47.474126579], [19.061887512, 47.474116579]]]}}, {"type": "Feature", "properties": {"id": 935, "roomCode": "L\u00c9-5-61-01-13", "roomNumber": "5.61", "roomName": "5.61 Oktat\u00f3", "roomType": "educational", "floorId": 10, "level": 5, "fillSource": "mvt"}, "geometry": {"type": "Polygon", "coordinates": [[[19.061905391, 47.474059868], [19.061913391, 47.474086868], [19.061837391, 47.474096868], [19.061829391, 47.474069868], [19.061905391, 47.474059868]]]}}, {"type": "Feature", "properties": {"id": 936, "roomCode": "L\u00c9-5-61/A-01-13", "roomNumber": "5.61/A", "roomName": "5.61/A", "roomType": "educational", "floorId": 10, "level": 5, "fillSource": "mvt"}, "geometry": {"type": "Polygon", "coordinates": [[[19.061913156, 47.474031565], [19.061921156, 47.474059565], [19.061846156, 47.474068565], [19.061840156, 47.474041565], [19.061913156, 47.474031565]]]}}, {"type": "Feature", "properties": {"id": 937, "roomCode": "L\u00c9-5-63-01-13", "roomNumber": "5.63", "roomName": "5.63 Oktat\u00f3", "roomType": "educational", "floorId": 10, "level": 5, "fillSource": "mvt"}, "geometry": {"type": "Polygon", "coordinates": [[[19.06201911, 47.473998181], [19.06203511, 47.474055181], [19.06199211, 47.474061181], [19.06197411, 47.474004181], [19.06198111, 47.474003181], [19.06201911, 47.473998181]]]}}, {"type": "Feature", "properties": {"id": 938, "roomCode": "L\u00c9-5-64-02-33", "roomNumber": "5.64", "roomName": "5.64 Titk\u00e1rs\u00e1g", "roomType": "administrative", "floorId": 10, "level": 5, "fillSource": "mvt"}, "geometry": {"type": "Polygon", "coordinates": [[[19.062060962, 47.474004892], [19.062078962, 47.474061892], [19.062039962, 47.474066892], [19.062022962, 47.474015892], [19.062036962, 47.474013892], [19.062034962, 47.474008892], [19.062060962, 47.474004892]]]}}, {"type": "Feature", "properties": {"id": 939, "roomCode": "L\u00c9-5-65-02-33", "roomNumber": "5.65", "roomName": "5.65 Tansz\u00e9kvezet\u0151", "roomType": "administrative", "floorId": 10, "level": 5, "fillSource": "mvt"}, "geometry": {"type": "Polygon", "coordinates": [[[19.062103108, 47.474010252], [19.062119108, 47.474067252], [19.062080108, 47.474072252], [19.062061108, 47.474016252], [19.062066108, 47.474015252], [19.062103108, 47.474010252]]]}}, {"type": "Feature", "properties": {"id": 940, "roomCode": "L\u00c9-5-66-01-13", "roomNumber": "5.66", "roomName": "5.66 Oktat\u00f3", "roomType": "educational", "floorId": 10, "level": 5, "fillSource": "mvt"}, "geometry": {"type": "Polygon", "coordinates": [[[19.062138271, 47.474012671], [19.062157271, 47.474069671], [19.062118271, 47.474074671], [19.062100271, 47.474018671], [19.062138271, 47.474012671]]]}}, {"type": "Feature", "properties": {"id": 941, "roomCode": "L\u00c9-5-67-01-13", "roomNumber": "5.67", "roomName": "5.67 Doktorandusz", "roomType": "educational", "floorId": 10, "level": 5, "fillSource": "mvt"}, "geometry": {"type": "Polygon", "coordinates": [[[19.062186299, 47.474022002], [19.062202299, 47.474079002], [19.062163299, 47.474084002], [19.062145299, 47.474027002], [19.062148299, 47.474027002], [19.062186299, 47.474022002]]]}}, {"type": "Feature", "properties": {"id": 942, "roomCode": "L\u00c9-5-68-01-13", "roomNumber": "5.68", "roomName": "5.68 Oktat\u00f3", "roomType": "educational", "floorId": 10, "level": 5, "fillSource": "mvt"}, "geometry": {"type": "Polygon", "coordinates": [[[19.062222061, 47.474024455], [19.062240061, 47.474080455], [19.062201061, 47.474086455], [19.062183061, 47.474030455], [19.062222061, 47.474024455]]]}}, {"type": "Feature", "properties": {"id": 943, "roomCode": "L\u00c9-5-69-01-13", "roomNumber": "5.69", "roomName": "5.69 Oktat\u00f3", "roomType": "educational", "floorId": 10, "level": 5, "fillSource": "mvt"}, "geometry": {"type": "Polygon", "coordinates": [[[19.062264573, 47.474030089], [19.062280573, 47.474087089], [19.062242573, 47.474092089], [19.062223573, 47.474036089], [19.062264573, 47.474030089]]]}}, {"type": "Feature", "properties": {"id": 944, "roomCode": "L\u00c9-5-70-01-13", "roomNumber": "5.70", "roomName": "5.70 Oktat\u00f3", "roomType": "educational", "floorId": 10, "level": 5, "fillSource": "mvt"}, "geometry": {"type": "Polygon", "coordinates": [[[19.062306051, 47.474036038], [19.062323051, 47.474093038], [19.062283051, 47.474097038], [19.062266051, 47.474042038], [19.062306051, 47.474036038]]]}}, {"type": "Feature", "properties": {"id": 945, "roomCode": "L\u00c9-5-71-01-13", "roomNumber": "5.71", "roomName": "5.71 Oktat\u00f3", "roomType": "educational", "floorId": 10, "level": 5, "fillSource": "mvt"}, "geometry": {"type": "Polygon", "coordinates": [[[19.062347546, 47.474042269], [19.062364546, 47.474098269], [19.062325546, 47.474103269], [19.062306546, 47.474047269], [19.062347546, 47.474042269]]]}}, {"type": "Feature", "properties": {"id": 946, "roomCode": "L\u00c9-5-72-01-13", "roomNumber": "5.72", "roomName": "5.72 Oktat\u00f3", "roomType": "educational", "floorId": 10, "level": 5, "fillSource": "mvt"}, "geometry": {"type": "Polygon", "coordinates": [[[19.062388841, 47.474048022], [19.062406841, 47.474104022], [19.062365841, 47.474109022], [19.062349841, 47.474053022], [19.062388841, 47.474048022]]]}}, {"type": "Feature", "properties": {"id": 947, "roomCode": "L\u00c9-5-73-02-33", "roomNumber": "5.73", "roomName": "5.73 Titk\u00e1rs\u00e1g", "roomType": "administrative", "floorId": 10, "level": 5, "fillSource": "mvt"}, "geometry": {"type": "Polygon", "coordinates": [[[19.062419733, 47.474058596], [19.062421733, 47.474064596], [19.062435733, 47.474063596], [19.062449733, 47.474114596], [19.062411733, 47.474119596], [19.062391733, 47.474063596], [19.062419733, 47.474058596]]]}}, {"type": "Feature", "properties": {"id": 948, "roomCode": "L\u00c9-5-74-02-33", "roomNumber": "5.74", "roomName": "5.74 Tansz\u00e9kvezet\u0151", "roomType": "administrative", "floorId": 10, "level": 5, "fillSource": "mvt"}, "geometry": {"type": "Polygon", "coordinates": [[[19.062476423, 47.47405913], [19.062493423, 47.47411613], [19.062448423, 47.47412113], [19.062432423, 47.47406613], [19.062476423, 47.47405913]]]}}, {"type": "Feature", "properties": {"id": 949, "roomCode": "L\u00c9-5-75-01-13", "roomNumber": "5.75", "roomName": "5,75", "roomType": "educational", "floorId": 10, "level": 5, "fillSource": "mvt"}, "geometry": {"type": "Polygon", "coordinates": [[[19.062363278, 47.474117244], [19.062375278, 47.474154244], [19.062294278, 47.474165244], [19.062282278, 47.474128244], [19.062358278, 47.474117244], [19.062363278, 47.474117244]]]}}, {"type": "Feature", "properties": {"id": 950, "roomCode": "L\u00c9-5-76-01-13", "roomNumber": "5.76", "roomName": "5.76 Oktat\u00f3", "roomType": "educational", "floorId": 10, "level": 5, "fillSource": "mvt"}, "geometry": {"type": "Polygon", "coordinates": [[[19.062287641, 47.47410713], [19.062300641, 47.47414513], [19.062260641, 47.47415013], [19.062250641, 47.47411313], [19.062287641, 47.47410713]]]}}, {"type": "Feature", "properties": {"id": 951, "roomCode": "L\u00c9-5-77-01-13", "roomNumber": "5.77", "roomName": "5.77 Oktat\u00f3", "roomType": "educational", "floorId": 10, "level": 5, "fillSource": "mvt"}, "geometry": {"type": "Polygon", "coordinates": [[[19.06224665, 47.474104901], [19.06225865, 47.474140901], [19.06221765, 47.474146901], [19.06220665, 47.474109901], [19.06223865, 47.474104901], [19.06224665, 47.474104901]]]}}, {"type": "Feature", "properties": {"id": 952, "roomCode": "L\u00c9-5-78-01-13", "roomNumber": "5.78", "roomName": "5.78 Oktat\u00f3", "roomType": "educational", "floorId": 10, "level": 5, "fillSource": "mvt"}, "geometry": {"type": "Polygon", "coordinates": [[[19.062205251, 47.474098613], [19.062216251, 47.474135613], [19.062176251, 47.474140613], [19.062165251, 47.474104613], [19.062197251, 47.474099613], [19.062205251, 47.474098613]]]}}, {"type": "Feature", "properties": {"id": 953, "roomCode": "L\u00c9-5-79-01-13", "roomNumber": "5.79", "roomName": "5.79 Oktat\u00f3", "roomType": "educational", "floorId": 10, "level": 5, "fillSource": "mvt"}, "geometry": {"type": "Polygon", "coordinates": [[[19.062156776, 47.474092982], [19.062164776, 47.474093982], [19.062176776, 47.474129982], [19.062135776, 47.474134982], [19.062124776, 47.474097982], [19.062156776, 47.474092982]]]}}, {"type": "Feature", "properties": {"id": 954, "roomCode": "L\u00c9-5-80-01-13", "roomNumber": "5.80", "roomName": "5.80 Doktorandusz", "roomType": "educational", "floorId": 10, "level": 5, "fillSource": "mvt"}, "geometry": {"type": "Polygon", "coordinates": [[[19.062115364, 47.474081896], [19.062126364, 47.474119896], [19.062045364, 47.474130896], [19.062033364, 47.474093896], [19.062106364, 47.474082896], [19.062115364, 47.474081896]]]}}, {"type": "Feature", "properties": {"id": 955, "roomCode": "L\u00c9-5-81-01-14", "roomNumber": "5.81", "roomName": "5.81 Hallgat\u00f3i laborat\u00f3rium \"C\".", "roomType": "educational", "floorId": 10, "level": 5, "fillSource": "mvt"}, "geometry": {"type": "Polygon", "coordinates": [[[19.062036279, 47.474093501], [19.062061279, 47.474175501], [19.061986279, 47.474186501], [19.061984279, 47.474180501], [19.061974279, 47.474181501], [19.061970279, 47.474169501], [19.061980279, 47.474167501], [19.061974279, 47.474150501], [19.061964279, 47.474151501], [19.061960279, 47.474138501], [19.061971279, 47.474137501], [19.061960279, 47.474103501], [19.062036279, 47.474093501]]]}}, {"type": "Feature", "properties": {"id": 956, "roomCode": "L\u00c9-5-82-01-14", "roomNumber": "5.82", "roomName": "5.82 El\u0151k\u00e9sz\u00edt\u0151 \"C\" labor", "roomType": "educational", "floorId": 10, "level": 5, "fillSource": "mvt"}, "geometry": {"type": "Polygon", "coordinates": [[[19.06199987, 47.474189568], [19.06200787, 47.474217568], [19.06193387, 47.474228568], [19.06192587, 47.474200568], [19.06199987, 47.474189568]]]}}, {"type": "Feature", "properties": {"id": 957, "roomCode": "L\u00c9-5-83-01-14", "roomNumber": "5.83", "roomName": "5.83 El\u0151k\u00e9sz\u00edt\u0151 \"D\" labor", "roomType": "educational", "floorId": 10, "level": 5, "fillSource": "mvt"}, "geometry": {"type": "Polygon", "coordinates": [[[19.061990702, 47.474217867], [19.062000702, 47.474244867], [19.061925702, 47.474256867], [19.061916702, 47.474228867], [19.061990702, 47.474217867]]]}}, {"type": "Feature", "properties": {"id": 958, "roomCode": "L\u00c9-5-84-01-14", "roomNumber": "5.84", "roomName": "5.84 Hallgat\u00f3i laborat\u00f3rium \"D\".", "roomType": "educational", "floorId": 10, "level": 5, "fillSource": "mvt"}, "geometry": {"type": "Polygon", "coordinates": [[[19.061998066, 47.474251331], [19.062023066, 47.474333331], [19.061948066, 47.474346331], [19.061937066, 47.474310331], [19.061927066, 47.474312331], [19.061924066, 47.474299331], [19.061934066, 47.474298331], [19.061929066, 47.474280331], [19.061919066, 47.474281331], [19.061914066, 47.474269331], [19.061925066, 47.474267331], [19.061923066, 47.474262331], [19.061998066, 47.474251331]]]}}, {"type": "Feature", "properties": {"id": 73, "roomCode": "L\u00c9-5-86-01-12", "roomNumber": "5.86", "roomName": "5.86 Szemin\u00e1rium", "roomType": "educational", "floorId": 10, "level": 5, "fillSource": "mvt"}, "geometry": {"type": "Polygon", "coordinates": [[[19.0620377, 47.474343885], [19.0620497, 47.474382885], [19.0619727, 47.474392885], [19.0619607, 47.474354885], [19.0620377, 47.474343885]]]}}, {"type": "Feature", "properties": {"id": 959, "roomCode": "L\u00c9-5-87-01-13", "roomNumber": "5.87", "roomName": "5.87 Oktat\u00f3i szoba", "roomType": "educational", "floorId": 10, "level": 5, "fillSource": "mvt"}, "geometry": {"type": "Polygon", "coordinates": [[[19.062083277, 47.474354449], [19.062094277, 47.474393449], [19.062055277, 47.474398449], [19.062043277, 47.474359449], [19.062083277, 47.474354449]]]}}, {"type": "Feature", "properties": {"id": 960, "roomCode": "L\u00c9-5-88-01-13", "roomNumber": "5.88", "roomName": "5.88 Oktat\u00f3", "roomType": "educational", "floorId": 10, "level": 5, "fillSource": "mvt"}, "geometry": {"type": "Polygon", "coordinates": [[[19.062123519, 47.474360647], [19.062137519, 47.474398647], [19.062098519, 47.474403647], [19.062084519, 47.474365647], [19.062123519, 47.474360647]]]}}, {"type": "Feature", "properties": {"id": 79, "roomCode": "L\u00c9-5-89-01-12", "roomNumber": "5.89", "roomName": "5.89 Szemin\u00e1rium", "roomType": "educational", "floorId": 10, "level": 5, "fillSource": "mvt"}, "geometry": {"type": "Polygon", "coordinates": [[[19.062202694, 47.474366745], [19.062216694, 47.474404745], [19.062134694, 47.474416745], [19.062122694, 47.474377745], [19.062202694, 47.474366745]]]}}, {"type": "Feature", "properties": {"id": 961, "roomCode": "L\u00c9-5-90-01-13", "roomNumber": "5.90", "roomName": "5.90 Oktat\u00f3", "roomType": "educational", "floorId": 10, "level": 5, "fillSource": "mvt"}, "geometry": {"type": "Polygon", "coordinates": [[[19.062249658, 47.474377616], [19.062260658, 47.474416616], [19.062221658, 47.474421616], [19.062209658, 47.474382616], [19.062249658, 47.474377616]]]}}, {"type": "Feature", "properties": {"id": 962, "roomCode": "L\u00c9-5-91-01-13", "roomNumber": "5.91", "roomName": "5.91 Oktat\u00f3", "roomType": "educational", "floorId": 10, "level": 5, "fillSource": "mvt"}, "geometry": {"type": "Polygon", "coordinates": [[[19.062286715, 47.474383712], [19.062298715, 47.474421712], [19.062264715, 47.474426712], [19.062251715, 47.474387712], [19.062286715, 47.474383712]]]}}, {"type": "Feature", "properties": {"id": 963, "roomCode": "L\u00c9-5-92-04-63", "roomNumber": "5.92", "roomName": "5.92 Lift el\u0151t\u00e9r", "roomType": "corridor", "floorId": 10, "level": 5, "fillSource": "mvt"}, "geometry": {"type": "Polygon", "coordinates": [[[19.062315829, 47.474443947], [19.062321829, 47.474471947], [19.062297829, 47.474472947], [19.062294829, 47.474463947], [19.062305829, 47.474461947], [19.062293829, 47.474461947], [19.062289829, 47.474447947], [19.062304829, 47.474445947], [19.062315829, 47.474443947]]]}}, {"type": "Feature", "properties": {"id": 964, "roomCode": "L\u00c9-5-93-05-77", "roomNumber": "5.93", "roomName": "5.93 Teakonyha", "roomType": "social", "floorId": 10, "level": 5, "fillSource": "mvt"}, "geometry": {"type": "Polygon", "coordinates": [[[19.062170968, 47.474424893], [19.062179968, 47.474450893], [19.062151968, 47.474455893], [19.062142968, 47.474428893], [19.062170968, 47.474424893]]]}}, {"type": "Feature", "properties": {"id": 965, "roomCode": "L\u00c9-5-94-06-84", "roomNumber": "5.94", "roomName": "5.94 Takar\u00edt\u00f3szer helyis\u00e9g", "roomType": "technical", "floorId": 10, "level": 5, "fillSource": "catalog-bbox"}, "geometry": {"type": "Polygon", "coordinates": [[[19.062118919589018, 47.47441842793173], [19.062151890410977, 47.47441842793173], [19.062151890410977, 47.474447886068276], [19.062118919589018, 47.474447886068276], [19.062118919589018, 47.47441842793173]]]}}, {"type": "Feature", "properties": {"id": 966, "roomCode": "L\u00c9-5-95-04-63", "roomNumber": "5.95", "roomName": "5.95 \u00f6lt\u00f6z\u0151 el\u0151t\u00e9r", "roomType": "corridor", "floorId": 10, "level": 5, "fillSource": "mvt"}, "geometry": {"type": "Polygon", "coordinates": [[[19.062054497, 47.474409579], [19.062060497, 47.474427579], [19.062038497, 47.474430579], [19.062034497, 47.474412579], [19.062045497, 47.474410579], [19.062054497, 47.474409579]]]}}, {"type": "Feature", "properties": {"id": 967, "roomCode": "L\u00c9-5-95/A-05-71", "roomNumber": "5.95/A", "roomName": "5.95/A WC", "roomType": "social", "floorId": 10, "level": 5, "fillSource": "mvt"}, "geometry": {"type": "Polygon", "coordinates": [[[19.062051586, 47.474426427], [19.062053586, 47.474434427], [19.062035586, 47.474436427], [19.062033586, 47.474428427], [19.062051586, 47.474426427]]]}}, {"type": "Feature", "properties": {"id": 968, "roomCode": "L\u00c9-5-95/B-05-73", "roomNumber": "5.95/B", "roomName": "5.95/B N\u0151i \u00d6lt\u00f6z\u0151", "roomType": "social", "floorId": 10, "level": 5, "fillSource": "mvt"}, "geometry": {"type": "Polygon", "coordinates": [[[19.062089344, 47.474413703], [19.062096344, 47.474422703], [19.062099344, 47.474439703], [19.062057344, 47.474445703], [19.062048344, 47.474418703], [19.062089344, 47.474413703]]]}}, {"type": "Feature", "properties": {"id": 969, "roomCode": "L\u00c9-5-95/C-05-71", "roomNumber": "5.95/C", "roomName": "5.95/C Zuhanyoz\u00f3", "roomType": "social", "floorId": 10, "level": 5, "fillSource": "mvt"}, "geometry": {"type": "Polygon", "coordinates": [[[19.062110191, 47.474422124], [19.062113191, 47.474430124], [19.062118191, 47.474429124], [19.062123191, 47.474443124], [19.062105191, 47.474446124], [19.062098191, 47.474423124], [19.062110191, 47.474422124]]]}}, {"type": "Feature", "properties": {"id": 970, "roomCode": "L\u00c9-5-96-04-63", "roomNumber": "5.96", "roomName": "5.96 \u00f6lt\u00f6z\u0151 el\u0151t\u00e9r", "roomType": "corridor", "floorId": 10, "level": 5, "fillSource": "mvt"}, "geometry": {"type": "Polygon", "coordinates": [[[19.062032195, 47.474406176], [19.062037195, 47.474423176], [19.062016195, 47.474425176], [19.062011195, 47.474408176], [19.062032195, 47.474406176]]]}}, {"type": "Feature", "properties": {"id": 971, "roomCode": "L\u00c9-5-96/A-05-71", "roomNumber": "5.96/A", "roomName": "5.96/A WC", "roomType": "social", "floorId": 10, "level": 5, "fillSource": "mvt"}, "geometry": {"type": "Polygon", "coordinates": [[[19.06202704, 47.474421827], [19.06202904, 47.474429827], [19.06202104, 47.474430827], [19.06201104, 47.474432827], [19.06200904, 47.474424827], [19.06202704, 47.474421827]]]}}, {"type": "Feature", "properties": {"id": 972, "roomCode": "L\u00c9-5-96/B-05-73", "roomNumber": "5.96/B", "roomName": "5.96/B F\u00e9rfi \u00d6lt\u00f6z\u0151", "roomType": "social", "floorId": 10, "level": 5, "fillSource": "mvt"}, "geometry": {"type": "Polygon", "coordinates": [[[19.062016771, 47.474392703], [19.062024771, 47.474418703], [19.061951771, 47.474428703], [19.061949771, 47.474426703], [19.061967771, 47.474423703], [19.061960771, 47.474400703], [19.062016771, 47.474392703]]]}}, {"type": "Feature", "properties": {"id": 973, "roomCode": "L\u00c9-5-96/C-05-71", "roomNumber": "5.96/C", "roomName": "5.96/C Zuhanyoz\u00f3", "roomType": "social", "floorId": 10, "level": 5, "fillSource": "mvt"}, "geometry": {"type": "Polygon", "coordinates": [[[19.061950078, 47.474398573], [19.061958078, 47.474420573], [19.061942078, 47.474423573], [19.061939078, 47.474400573], [19.061950078, 47.474398573]]]}}, {"type": "Feature", "properties": {"id": 974, "roomCode": "L\u00c9-5-97-04-63", "roomNumber": "5.97", "roomName": "5.97 \u00f6lt\u00f6z\u0151 el\u0151t\u00e9r hallgat\u00f3i", "roomType": "corridor", "floorId": 10, "level": 5, "fillSource": "mvt"}, "geometry": {"type": "Polygon", "coordinates": [[[19.06202096, 47.474438766], [19.06202596, 47.474456766], [19.06201596, 47.474458766], [19.06200596, 47.474460766], [19.06199996, 47.474441766], [19.06202096, 47.474438766]]]}}, {"type": "Feature", "properties": {"id": 975, "roomCode": "L\u00c9-5-97/A-05-71", "roomNumber": "5.97/A", "roomName": "5.97/A WC", "roomType": "social", "floorId": 10, "level": 5, "fillSource": "mvt"}, "geometry": {"type": "Polygon", "coordinates": [[[19.062024432, 47.474432035], [19.062026432, 47.474439035], [19.062008432, 47.474442035], [19.062006432, 47.474434035], [19.062024432, 47.474432035]]]}}, {"type": "Feature", "properties": {"id": 976, "roomCode": "L\u00c9-5-97/B-05-73", "roomNumber": "5.97/B", "roomName": "5.97/B \u00d6lt\u00f6z\u0151 hallgat\u00f3i", "roomType": "social", "floorId": 10, "level": 5, "fillSource": "mvt"}, "geometry": {"type": "Polygon", "coordinates": [[[19.062010277, 47.474426868], [19.062018277, 47.474452868], [19.061962277, 47.474459868], [19.061954277, 47.474436868], [19.061937277, 47.474438868], [19.061936277, 47.474436868], [19.062010277, 47.474426868]]]}}, {"type": "Feature", "properties": {"id": 977, "roomCode": "L\u00c9-5-97/C-05-71", "roomNumber": "5.97/C", "roomName": "5.97/C Zuhanyoz\u00f3", "roomType": "social", "floorId": 10, "level": 5, "fillSource": "mvt"}, "geometry": {"type": "Polygon", "coordinates": [[[19.061942614, 47.474423526], [19.061950614, 47.474446526], [19.061937614, 47.474448526], [19.061927614, 47.474425526], [19.061942614, 47.474423526]]]}}, {"type": "Feature", "properties": {"id": 978, "roomCode": "L\u00c9-5-98-04-63", "roomNumber": "5.98", "roomName": "5.98 \u00f6lt\u00f6z\u0151 el\u0151t\u00e9r hallgat\u00f3i", "roomType": "corridor", "floorId": 10, "level": 5, "fillSource": "mvt"}, "geometry": {"type": "Polygon", "coordinates": [[[19.062042898, 47.474444746], [19.062048898, 47.474462746], [19.062028898, 47.474464746], [19.062021898, 47.474446746], [19.062042898, 47.474444746]]]}}, {"type": "Feature", "properties": {"id": 979, "roomCode": "L\u00c9-5-98/A-05-71", "roomNumber": "5.98/A", "roomName": "5.98/A WC", "roomType": "social", "floorId": 10, "level": 5, "fillSource": "mvt"}, "geometry": {"type": "Polygon", "coordinates": [[[19.0620495, 47.474435767], [19.0620515, 47.474442767], [19.0620335, 47.474445767], [19.0620315, 47.474438767], [19.0620395, 47.474436767], [19.0620495, 47.474435767]]]}}, {"type": "Feature", "properties": {"id": 980, "roomCode": "L\u00c9-5-98/B-05-73", "roomNumber": "5.98/B", "roomName": "5.98/B \u00d6lt\u00f6z\u0151 hallgat\u00f3i", "roomType": "social", "floorId": 10, "level": 5, "fillSource": "mvt"}, "geometry": {"type": "Polygon", "coordinates": [[[19.062085788, 47.474439925], [19.062093788, 47.474465925], [19.062050788, 47.474471925], [19.062042788, 47.474446925], [19.062085788, 47.474439925]]]}}, {"type": "Feature", "properties": {"id": 981, "roomCode": "L\u00c9-5-98/C-05-71", "roomNumber": "5.98/C", "roomName": "5.98/C Zuhanyoz\u00f3", "roomType": "social", "floorId": 10, "level": 5, "fillSource": "mvt"}, "geometry": {"type": "Polygon", "coordinates": [[[19.062105501, 47.474445253], [19.062111501, 47.474459253], [19.062106501, 47.474460253], [19.062108501, 47.474468253], [19.062096501, 47.474470253], [19.062089501, 47.474447253], [19.062105501, 47.474445253]]]}}, {"type": "Feature", "properties": {"id": 982, "roomCode": "L\u00c9-5-99-05-71", "roomNumber": "5.99", "roomName": "5.99 Mozg\u00e1skorl\u00e1tozott WC", "roomType": "social", "floorId": 10, "level": 5, "fillSource": "mvt"}, "geometry": {"type": "Polygon", "coordinates": [[[19.062133357, 47.474448677], [19.062141357, 47.474475677], [19.062117357, 47.474478677], [19.062109357, 47.474452677], [19.062133357, 47.474448677]]]}}, {"type": "Feature", "properties": {"id": 983, "roomCode": "L\u00c9-5-K11-04-63", "roomNumber": "5/K11", "roomName": "5.K11 K\u00f6zleked\u0151 (k\u00f6z\u00e9p)", "roomType": "corridor", "floorId": 10, "level": 5, "fillSource": "mvt"}, "geometry": {"type": "Polygon", "coordinates": [[[19.062279551, 47.474389509], [19.062283551, 47.474405509], [19.061811551, 47.474471509], [19.061806551, 47.474455509], [19.062129551, 47.474410509], [19.062126551, 47.474404509], [19.062206551, 47.474392509], [19.062210551, 47.474392509], [19.062210551, 47.474399509], [19.062279551, 47.474389509]]]}}, {"type": "Feature", "properties": {"id": 984, "roomCode": "L\u00c9-5-K12-04-63", "roomNumber": "5/K12", "roomName": "5.K12 K\u00f6zleked\u0151 (K\u00f6z\u00e9p 2000 kg lift el\u0151\u00fatt", "roomType": "corridor", "floorId": 10, "level": 5, "fillSource": "mvt"}, "geometry": {"type": "Polygon", "coordinates": [[[19.062315584, 47.474448842], [19.062320584, 47.474463842], [19.062251584, 47.474473842], [19.062255584, 47.474480842], [19.062170584, 47.474492842], [19.062170584, 47.474485842], [19.061848584, 47.474530842], [19.061843584, 47.474514842], [19.061968584, 47.474497842], [19.061966584, 47.474491842], [19.061978584, 47.474489842], [19.061982584, 47.474494842], [19.061980584, 47.474488842], [19.061993584, 47.474486842], [19.061995584, 47.474492842], [19.062219584, 47.474462842], [19.062217584, 47.474456842], [19.062227584, 47.474455842], [19.062229584, 47.474460842], [19.062315584, 47.474448842]]]}}, {"type": "Feature", "properties": {"id": 985, "roomCode": "L\u00c9-5-K3-04-63", "roomNumber": "5-K3", "roomName": "5.K3 K\u00f6zleked\u0151 (\u00e1tj\u00e1r\u00f3 KTCS dolgoz\u00f3 szob\u00e1k fel\u00e9)", "roomType": "corridor", "floorId": 10, "level": 5, "fillSource": "mvt"}, "geometry": {"type": "Polygon", "coordinates": [[[19.062253429, 47.47481649], [19.062257429, 47.47483049], [19.062114429, 47.47485049], [19.062110429, 47.47483649], [19.062137429, 47.47483349], [19.062253429, 47.47481649]]]}}, {"type": "Feature", "properties": {"id": 986, "roomCode": "L\u00c9-5-K4-04-63", "roomNumber": "5/K4", "roomName": "5.K4 K\u00f6zleked\u0151 (Keleti liftt\u0151l balra)", "roomType": "corridor", "floorId": 10, "level": 5, "fillSource": "mvt"}, "geometry": {"type": "Polygon", "coordinates": [[[19.062258744, 47.474636187], [19.062256744, 47.474636187], [19.062252744, 47.474622187], [19.062260744, 47.474620187], [19.062234744, 47.474533187], [19.062266744, 47.474529187], [19.062268744, 47.474537187], [19.062279744, 47.474535187], [19.062283744, 47.474546187], [19.062271744, 47.474547187], [19.062282744, 47.474547187], [19.062286744, 47.474560187], [19.062276744, 47.474563187], [19.062278744, 47.474569187], [19.062280744, 47.474578187], [19.062291744, 47.474577187], [19.062294744, 47.474588187], [19.062284744, 47.474590187], [19.062286744, 47.474597187], [19.062289744, 47.474605187], [19.062298744, 47.474603187], [19.062303744, 47.474618187], [19.062294744, 47.474621187], [19.062305744, 47.474619187], [19.062317744, 47.474658187], [19.062305744, 47.474659187], [19.062317744, 47.474662187], [19.062315744, 47.474691187], [19.062325744, 47.474690187], [19.062334744, 47.474714187], [19.062322744, 47.474716187], [19.062333744, 47.474715187], [19.062338744, 47.474731187], [19.062327744, 47.474733187], [19.062331744, 47.474745187], [19.062342744, 47.474746187], [19.062345744, 47.474757187], [19.062335744, 47.474759187], [19.062346744, 47.474758187], [19.062350744, 47.474771187], [19.062339744, 47.474773187], [19.062350744, 47.474772187], [19.062354744, 47.474787187], [19.062345744, 47.474790187], [19.062357744, 47.474788187], [19.062364744, 47.474808187], [19.062354744, 47.474814187], [19.062362744, 47.474813187], [19.062369744, 47.474827187], [19.062357744, 47.474828187], [19.062368744, 47.474828187], [19.062372744, 47.474843187], [19.062362744, 47.474846187], [19.062374744, 47.474844187], [19.062377744, 47.474855187], [19.062365744, 47.474856187], [19.062376744, 47.474859187], [19.062369744, 47.474867187], [19.062456744, 47.474855187], [19.062247744, 47.474885187], [19.062337744, 47.474871187], [19.062325744, 47.474867187], [19.062335744, 47.474864187], [19.062334744, 47.474860187], [19.062322744, 47.474862187], [19.062319744, 47.474851187], [19.062331744, 47.474850187], [19.062321744, 47.474850187], [19.062315744, 47.474835187], [19.062326744, 47.474832187], [19.062314744, 47.474834187], [19.062310744, 47.474823187], [19.062322744, 47.474822187], [19.062321744, 47.474819187], [19.062311744, 47.474820187], [19.062302744, 47.474795187], [19.062314744, 47.474794187], [19.062303744, 47.474794187], [19.062299744, 47.474779187], [19.062309744, 47.474776187], [19.062297744, 47.474778187], [19.062294744, 47.474767187], [19.062302744, 47.474763187], [19.062294744, 47.474763187], [19.062291744, 47.474752187], [19.062284744, 47.474739187], [19.062297744, 47.474738187], [19.062286744, 47.474738187], [19.062282744, 47.474724187], [19.062291744, 47.474721187], [19.062279744, 47.474722187], [19.062267744, 47.474683187], [19.062279744, 47.474682187], [19.062268744, 47.474682187], [19.062264744, 47.474666187], [19.062274744, 47.474664187], [19.062263744, 47.474665187], [19.062259744, 47.474655187], [19.062259744, 47.474646187], [19.062268744, 47.474645187], [19.062260744, 47.474645187], [19.062258744, 47.474636187]]]}}, {"type": "Feature", "properties": {"id": 987, "roomCode": "L\u00c9-5-K5-04-63", "roomNumber": "5/K5", "roomName": "5.K5 K\u00f6zleked\u0151 Keleti lift el\u0151tt", "roomType": "corridor", "floorId": 10, "level": 5, "fillSource": "mvt"}, "geometry": {"type": "Polygon", "coordinates": [[[19.062376793, 47.474403796], [19.062381793, 47.474417796], [19.062371793, 47.474419796], [19.062383793, 47.474418796], [19.062386793, 47.474428796], [19.062375793, 47.474430796], [19.062397793, 47.474503796], [19.062409793, 47.474502796], [19.062412793, 47.474513796], [19.062400793, 47.474514796], [19.062411793, 47.474514796], [19.062415793, 47.474529796], [19.062406793, 47.474531796], [19.062416793, 47.474530796], [19.062420793, 47.474543796], [19.062410793, 47.474544796], [19.062410793, 47.474546796], [19.062420793, 47.474544796], [19.062424793, 47.474556796], [19.062382793, 47.474561796], [19.062368793, 47.474514796], [19.062349793, 47.474517796], [19.062323793, 47.474430796], [19.062342793, 47.474428796], [19.062332793, 47.474428796], [19.062330793, 47.474421796], [19.062339793, 47.474420796], [19.062333793, 47.474403796], [19.062376793, 47.474403796]]]}}, {"type": "Feature", "properties": {"id": 988, "roomCode": "L\u00c9-5-K6-04-63", "roomNumber": "5/K6", "roomName": "5.K6 K\u00f6zleked\u0151 (Keleti liftt\u0151l jobbra)", "roomType": "corridor", "floorId": 10, "level": 5, "fillSource": "mvt"}, "geometry": {"type": "Polygon", "coordinates": [[[19.062407814, 47.474147424], [19.062403814, 47.474136424], [19.062414814, 47.474134424], [19.062409814, 47.474119424], [19.062399814, 47.474121424], [19.062395814, 47.474105424], [19.062404814, 47.474103424], [19.062393814, 47.474104424], [19.062390814, 47.474090424], [19.062398814, 47.474089424], [19.062401814, 47.474092424], [19.062404814, 47.474088424], [19.062427814, 47.474085424], [19.062434814, 47.474088424], [19.062433814, 47.474085424], [19.062442814, 47.474084424], [19.062447814, 47.474097424], [19.062436814, 47.474099424], [19.062446814, 47.474098424], [19.062450814, 47.474114424], [19.062440814, 47.474115424], [19.062445814, 47.474130424], [19.062455814, 47.474128424], [19.062458814, 47.474139424], [19.062448814, 47.474141424], [19.062454814, 47.474162424], [19.062456814, 47.474161424], [19.062454814, 47.474156424], [19.062463814, 47.474154424], [19.062468814, 47.474170424], [19.062459814, 47.474171424], [19.062456814, 47.474165424], [19.062458814, 47.474172424], [19.062470814, 47.474171424], [19.062475814, 47.474196424], [19.062467814, 47.474197424], [19.062476814, 47.474196424], [19.062481814, 47.474209424], [19.062470814, 47.474211424], [19.062480814, 47.474211424], [19.062485814, 47.474226424], [19.062475814, 47.474228424], [19.062487814, 47.474227424], [19.062489814, 47.474240424], [19.062481814, 47.474242424], [19.062489814, 47.474241424], [19.062493814, 47.474252424], [19.062484814, 47.474253424], [19.062493814, 47.474252424], [19.062495814, 47.474255424], [19.062499814, 47.474265424], [19.062487814, 47.474267424], [19.062497814, 47.474267424], [19.062502814, 47.474282424], [19.062492814, 47.474284424], [19.062504814, 47.474283424], [19.062506814, 47.474297424], [19.062498814, 47.474298424], [19.062507814, 47.474297424], [19.062509814, 47.474302424], [19.062510814, 47.474308424], [19.062500814, 47.474309424], [19.062506814, 47.474330424], [19.062506814, 47.474324424], [19.062515814, 47.474323424], [19.062519814, 47.474338424], [19.062511814, 47.474340424], [19.062507814, 47.474334424], [19.062509814, 47.474341424], [19.062521814, 47.474339424], [19.062524814, 47.474350424], [19.062527814, 47.474364424], [19.062517814, 47.474366424], [19.062521814, 47.474380424], [19.062532814, 47.474379424], [19.062536814, 47.474395424], [19.062526814, 47.474396424], [19.062536814, 47.474396424], [19.062540814, 47.474409424], [19.062530814, 47.474410424], [19.062532814, 47.474415424], [19.062501814, 47.474420424], [19.062474814, 47.474332424], [19.062465814, 47.474334424], [19.062460814, 47.474319424], [19.062470814, 47.474318424], [19.062466814, 47.474308424], [19.062456814, 47.474309424], [19.062455814, 47.474304424], [19.062465814, 47.474303424], [19.062464814, 47.474299424], [19.062463814, 47.474303424], [19.062455814, 47.474304424], [19.062450814, 47.474291424], [19.062461814, 47.474289424], [19.062450814, 47.474289424], [19.062446814, 47.474274424], [19.062456814, 47.474271424], [19.062444814, 47.474273424], [19.062442814, 47.474259424], [19.062450814, 47.474258424], [19.062441814, 47.474259424], [19.062438814, 47.474248424], [19.062448814, 47.474246424], [19.062447814, 47.474243424], [19.062437814, 47.474245424], [19.062434814, 47.474234424], [19.062444814, 47.474233424], [19.062442814, 47.474226424], [19.062442814, 47.474232424], [19.062434814, 47.474233424], [19.062429814, 47.474218424], [19.062437814, 47.474216424], [19.062440814, 47.474222424], [19.062434814, 47.474201424], [19.062424814, 47.474203424], [19.062421814, 47.474192424], [19.062431814, 47.474191424], [19.062425814, 47.474172424], [19.062423814, 47.474170424], [19.062425814, 47.474176424], [19.062416814, 47.474177424], [19.062412814, 47.474162424], [19.062420814, 47.474160424], [19.062424814, 47.474166424], [19.062422814, 47.474159424], [19.062409814, 47.474161424], [19.062406814, 47.474150424], [19.062407814, 47.474147424]]]}}, {"type": "Feature", "properties": {"id": 989, "roomCode": "L\u00c9-5-K7-04-63", "roomNumber": "5-K7", "roomName": "5.K7 K\u00f6zleked\u0151 D-i", "roomType": "corridor", "floorId": 10, "level": 5, "fillSource": "mvt"}, "geometry": {"type": "Polygon", "coordinates": [[[19.062469675, 47.474039995], [19.062473675, 47.474054995], [19.062426675, 47.474061995], [19.062427675, 47.474066995], [19.062416675, 47.474068995], [19.062414675, 47.474063995], [19.062025675, 47.474118995], [19.062023675, 47.474118995], [19.062025675, 47.474122995], [19.062013675, 47.474124995], [19.062011675, 47.474119995], [19.061964675, 47.474125995], [19.061959675, 47.474110995], [19.062469675, 47.474039995]]]}}, {"type": "Feature", "properties": {"id": 990, "roomCode": "L\u00c9-5-K8-04-63", "roomNumber": "5/K8", "roomName": "5.K8 K\u00f6zleked\u0151 (Nyugati liftt\u0151l balra)", "roomType": "corridor", "floorId": 10, "level": 5, "fillSource": "mvt"}, "geometry": {"type": "Polygon", "coordinates": [[[19.061925053, 47.474095287], [19.061933053, 47.474094287], [19.061937053, 47.474105287], [19.061929053, 47.474106287], [19.061937053, 47.474105287], [19.061939053, 47.474108287], [19.061943053, 47.474118287], [19.061931053, 47.474120287], [19.061941053, 47.474120287], [19.061946053, 47.474135287], [19.061936053, 47.474138287], [19.061948053, 47.474136287], [19.061951053, 47.474146287], [19.061950053, 47.474150287], [19.061942053, 47.474151287], [19.061951053, 47.474150287], [19.061954053, 47.474161287], [19.061944053, 47.474163287], [19.061948053, 47.474177287], [19.061958053, 47.474176287], [19.061963053, 47.474191287], [19.061953053, 47.474193287], [19.061958053, 47.474208287], [19.061968053, 47.474206287], [19.061969053, 47.474211287], [19.061959053, 47.474213287], [19.061962053, 47.474223287], [19.061972053, 47.474222287], [19.061976053, 47.474236287], [19.061967053, 47.474238287], [19.061993053, 47.474325287], [19.061962053, 47.474329287], [19.061960053, 47.474324287], [19.061950053, 47.474325287], [19.061946053, 47.474312287], [19.061956053, 47.474311287], [19.061946053, 47.474311287], [19.061941053, 47.474296287], [19.061951053, 47.474293287], [19.061939053, 47.474295287], [19.061937053, 47.474281287], [19.061945053, 47.474280287], [19.061937053, 47.474281287], [19.061933053, 47.474270287], [19.061942053, 47.474268287], [19.061933053, 47.474269287], [19.061931053, 47.474267287], [19.061927053, 47.474256287], [19.061939053, 47.474254287], [19.061929053, 47.474255287], [19.061924053, 47.474239287], [19.061934053, 47.474237287], [19.061922053, 47.474239287], [19.061920053, 47.474225287], [19.061928053, 47.474224287], [19.061920053, 47.474224287], [19.061917053, 47.474214287], [19.061923053, 47.474213287], [19.061916053, 47.474213287], [19.061911053, 47.474200287], [19.061922053, 47.474198287], [19.061912053, 47.474199287], [19.061907053, 47.474183287], [19.061917053, 47.474180287], [19.061905053, 47.474182287], [19.061903053, 47.474169287], [19.061911053, 47.474167287], [19.061903053, 47.474168287], [19.061899053, 47.474157287], [19.061909053, 47.474156287], [19.061909053, 47.474152287], [19.061907053, 47.474156287], [19.061899053, 47.474157287], [19.061897053, 47.474154287], [19.061893053, 47.474144287], [19.061905053, 47.474142287], [19.061894053, 47.474141287], [19.061890053, 47.474127287], [19.061900053, 47.474124287], [19.061888053, 47.474126287], [19.061886053, 47.474113287], [19.061894053, 47.474111287], [19.061885053, 47.474112287], [19.061882053, 47.474101287], [19.061892053, 47.474100287], [19.061891053, 47.474096287], [19.061890053, 47.474099287], [19.061882053, 47.474101287], [19.061880053, 47.474098287], [19.061876053, 47.474088287], [19.061888053, 47.474086287], [19.061878053, 47.474086287], [19.061873053, 47.474071287], [19.061883053, 47.474069287], [19.061878053, 47.474054287], [19.061868053, 47.474056287], [19.061865053, 47.474045287], [19.061875053, 47.474043287], [19.061870053, 47.474029287], [19.061860053, 47.474030287], [19.061856053, 47.474015287], [19.061866053, 47.474013287], [19.061862053, 47.473999287], [19.061892053, 47.473995287], [19.061897053, 47.474009287], [19.061907053, 47.474007287], [19.061912053, 47.474023287], [19.061902053, 47.474024287], [19.061906053, 47.474038287], [19.061916053, 47.474038287], [19.061919053, 47.474049287], [19.061911053, 47.474050287], [19.061920053, 47.474049287], [19.061925053, 47.474062287], [19.061914053, 47.474064287], [19.061924053, 47.474064287], [19.061929053, 47.474078287], [19.061919053, 47.474081287], [19.061931053, 47.474080287], [19.061933053, 47.474093287], [19.061925053, 47.474095287]]]}}, {"type": "Feature", "properties": {"id": 991, "roomCode": "L\u00c9-5-K9-04-63", "roomNumber": "5/K9", "roomName": "5.K9 K\u00f6zleked\u0151 Ny-i lift el\u0151tt", "roomType": "corridor", "floorId": 10, "level": 5, "fillSource": "mvt"}, "geometry": {"type": "Polygon", "coordinates": [[[19.061844339, 47.474324118], [19.061856339, 47.474365118], [19.061875339, 47.474363118], [19.061882339, 47.474385118], [19.061886339, 47.474385118], [19.061889339, 47.474394118], [19.061884339, 47.474395118], [19.061894339, 47.474411118], [19.061890339, 47.474411118], [19.061892339, 47.474419118], [19.061896339, 47.474419118], [19.061899339, 47.474428118], [19.061895339, 47.474428118], [19.061901339, 47.474450118], [19.061882339, 47.474453118], [19.061895339, 47.474494118], [19.061892339, 47.474500118], [19.061855339, 47.474505118], [19.061852339, 47.474494118], [19.061862339, 47.474491118], [19.061852339, 47.474492118], [19.061848339, 47.474480118], [19.061858339, 47.474478118], [19.061848339, 47.474479118], [19.061843339, 47.474463118], [19.061852339, 47.474461118], [19.061841339, 47.474462118], [19.061837339, 47.474452118], [19.061849339, 47.474450118], [19.061839339, 47.474451118], [19.061836339, 47.474442118], [19.061845339, 47.474440118], [19.061829339, 47.474384118], [19.061828339, 47.474387118], [19.061819339, 47.474388118], [19.061817339, 47.474379118], [19.061827339, 47.474379118], [19.061827339, 47.474376118], [19.061815339, 47.474378118], [19.061811339, 47.474367118], [19.061823339, 47.474366118], [19.061813339, 47.474366118], [19.061808339, 47.474351118], [19.061818339, 47.474348118], [19.061808339, 47.474350118], [19.061805339, 47.474339118], [19.061815339, 47.474336118], [19.061805339, 47.474338118], [19.061802339, 47.474331118], [19.061811339, 47.474330118], [19.061813339, 47.474332118], [19.061816339, 47.474327118], [19.061839339, 47.474324118], [19.061844339, 47.474324118]]]}}, {"type": "Feature", "properties": {"id": 992, "roomCode": "L\u00c9-5-L3-04-64", "roomNumber": "5-L3", "roomName": "5.L3 L\u00e9pcs\u0151h\u00e1z \u00c9K", "roomType": "corridor", "floorId": 10, "level": 5, "fillSource": "mvt"}, "geometry": {"type": "Polygon", "coordinates": [[[19.062250838, 47.474785697], [19.062257838, 47.474808697], [19.062179838, 47.474818697], [19.062171838, 47.474796697], [19.062250838, 47.474785697]]]}}, {"type": "Feature", "properties": {"id": 993, "roomCode": "L\u00c9-5-L5-04-64", "roomNumber": "5-L5", "roomName": "5.L5 L\u00e9pcs\u0151h\u00e1z DK", "roomType": "corridor", "floorId": 10, "level": 5, "fillSource": "mvt"}, "geometry": {"type": "Polygon", "coordinates": [[[19.06244793, 47.474137736], [19.06245493, 47.474161736], [19.06237693, 47.474172736], [19.06236993, 47.474148736], [19.06244793, 47.474137736]]]}}, {"type": "Feature", "properties": {"id": 994, "roomCode": "L\u00c9-5-L6-04-64", "roomNumber": "5-L6", "roomName": "5.L6 L\u00e9pcs\u0151h\u00e1z DNY", "roomType": "corridor", "floorId": 10, "level": 5, "fillSource": "mvt"}, "geometry": {"type": "Polygon", "coordinates": [[[19.06203068, 47.474082849], [19.06203668, 47.474105849], [19.06195968, 47.474116849], [19.06195268, 47.474093849], [19.06202668, 47.474082849], [19.06203068, 47.474082849]]]}}, {"type": "Feature", "properties": {"id": 995, "roomCode": "L\u00c9-5-L7-04-64", "roomNumber": "5-L7", "roomName": "5.L7 L\u00e9pcs\u0151h\u00e1z 3 kar\u00fa L7", "roomType": "corridor", "floorId": 10, "level": 5, "fillSource": "mvt"}, "geometry": {"type": "Polygon", "coordinates": [[[19.062277743, 47.474443857], [19.062289743, 47.474481857], [19.062201743, 47.474493857], [19.062189743, 47.474455857], [19.062204743, 47.474453857], [19.062277743, 47.474443857]]]}}, {"type": "Feature", "properties": {"id": 462, "roomCode": "LK-6-601-01-14", "roomNumber": "601", "roomName": "601", "roomType": "educational", "floorId": 11, "level": 6, "fillSource": "mvt"}, "geometry": {"type": "Polygon", "coordinates": [[[19.061635206, 47.474575767], [19.061653206, 47.474631767], [19.061594206, 47.474640767], [19.061592206, 47.474636767], [19.061584206, 47.474637767], [19.061568206, 47.474584767], [19.061635206, 47.474575767]]]}}, {"type": "Feature", "properties": {"id": 463, "roomCode": "LK-6-602-01-14", "roomNumber": "602", "roomName": "602", "roomType": "educational", "floorId": 11, "level": 6, "fillSource": "mvt"}, "geometry": {"type": "Polygon", "coordinates": [[[19.061603794, 47.474645805], [19.061628794, 47.474727805], [19.061561794, 47.474737805], [19.061536794, 47.474655805], [19.061603794, 47.474645805]]]}}, {"type": "Feature", "properties": {"id": 464, "roomCode": "LK-6-603-01-14", "roomNumber": "603", "roomName": "603-as labor", "roomType": "educational", "floorId": 11, "level": 6, "fillSource": "mvt"}, "geometry": {"type": "Polygon", "coordinates": [[[19.061569708, 47.47473239], [19.061604708, 47.47484339], [19.061537708, 47.47485239], [19.061502708, 47.47474239], [19.061569708, 47.47473239]]]}}, {"type": "Feature", "properties": {"id": 465, "roomCode": "LK-6-606-01-14", "roomNumber": "606", "roomName": "6.606 Preparat\u00edv labor", "roomType": "educational", "floorId": 11, "level": 6, "fillSource": "mvt"}, "geometry": {"type": "Polygon", "coordinates": [[[19.061522387, 47.474930122], [19.061538387, 47.474983122], [19.061473387, 47.474992122], [19.061455387, 47.474939122], [19.061522387, 47.474930122]]]}}, {"type": "Feature", "properties": {"id": 466, "roomCode": "LK-6-607-01-14", "roomNumber": "607", "roomName": "6.607 Hallgat\u00f3i labor", "roomType": "educational", "floorId": 11, "level": 6, "fillSource": "mvt"}, "geometry": {"type": "Polygon", "coordinates": [[[19.061497855, 47.47498838], [19.061522855, 47.47507038], [19.061455855, 47.47508038], [19.061430855, 47.47499738], [19.061497855, 47.47498838]]]}}, {"type": "Feature", "properties": {"id": 467, "roomCode": "LK-6-608-01-13", "roomNumber": "608", "roomName": "6.608 oktat\u00f3i", "roomType": "educational", "floorId": 11, "level": 6, "fillSource": "mvt"}, "geometry": {"type": "Polygon", "coordinates": [[[19.061487587, 47.475067033], [19.061495587, 47.475093033], [19.061428587, 47.475102033], [19.061420587, 47.475076033], [19.061487587, 47.475067033]]]}}, {"type": "Feature", "properties": {"id": 468, "roomCode": "LK-6-609-01-14", "roomNumber": "609", "roomName": "609-es labor", "roomType": "educational", "floorId": 11, "level": 6, "fillSource": "mvt"}, "geometry": {"type": "Polygon", "coordinates": [[[19.061455897, 47.475103041], [19.061489897, 47.475213041], [19.061421897, 47.475222041], [19.061389897, 47.475114041], [19.061455897, 47.475103041]]]}}, {"type": "Feature", "properties": {"id": 469, "roomCode": "LK-6-610-01-13", "roomNumber": "610", "roomName": "6.610 terem", "roomType": "educational", "floorId": 11, "level": 6, "fillSource": "mvt"}, "geometry": {"type": "Polygon", "coordinates": [[[19.061538768, 47.475260096], [19.061563768, 47.475342096], [19.061484768, 47.475353096], [19.061461768, 47.475339096], [19.061538768, 47.475260096]]]}}, {"type": "Feature", "properties": {"id": 470, "roomCode": "LK-6-611-01-14", "roomNumber": "611", "roomName": "611-es labor", "roomType": "educational", "floorId": 11, "level": 6, "fillSource": "mvt"}, "geometry": {"type": "Polygon", "coordinates": [[[19.061560565, 47.475125838], [19.061611565, 47.475292838], [19.061544565, 47.475301838], [19.061493565, 47.475135838], [19.061560565, 47.475125838]]]}}, {"type": "Feature", "properties": {"id": 471, "roomCode": "LK-6-612-01-13", "roomNumber": "612", "roomName": "6.612 oktat\u00f3i", "roomType": "educational", "floorId": 11, "level": 6, "fillSource": "mvt"}, "geometry": {"type": "Polygon", "coordinates": [[[19.061607661, 47.475084558], [19.061615661, 47.475109558], [19.061548661, 47.475119558], [19.061540661, 47.475093558], [19.061607661, 47.475084558]]]}}, {"type": "Feature", "properties": {"id": 472, "roomCode": "LK-6-613-01-14", "roomNumber": "613", "roomName": "6.613 m\u00e9rlegszoba", "roomType": "educational", "floorId": 11, "level": 6, "fillSource": "mvt"}, "geometry": {"type": "Polygon", "coordinates": [[[19.061616203, 47.475056535], [19.061624203, 47.475081535], [19.061557203, 47.475091535], [19.061549203, 47.475065535], [19.061616203, 47.475056535]]]}}, {"type": "Feature", "properties": {"id": 473, "roomCode": "LK-6-614-01-14", "roomNumber": "614", "roomName": "6.614 Labor", "roomType": "educational", "floorId": 11, "level": 6, "fillSource": "mvt"}, "geometry": {"type": "Polygon", "coordinates": [[[19.061625815, 47.475002901], [19.061641815, 47.475056901], [19.061574815, 47.475066901], [19.061558815, 47.475011901], [19.061625815, 47.475002901]]]}}, {"type": "Feature", "properties": {"id": 474, "roomCode": "LK-6-617-01-14", "roomNumber": "617", "roomName": "6.617 terem", "roomType": "educational", "floorId": 11, "level": 6, "fillSource": "mvt"}, "geometry": {"type": "Polygon", "coordinates": [[[19.061662071, 47.474885921], [19.061678071, 47.474939921], [19.061612071, 47.474948921], [19.061595071, 47.474894921], [19.061662071, 47.474885921]]]}}, {"type": "Feature", "properties": {"id": 475, "roomCode": "LK-6-618-01-14", "roomNumber": "618", "roomName": "6.618 el\u0151k\u00e9sz\u00edt\u0151", "roomType": "educational", "floorId": 11, "level": 6, "fillSource": "mvt"}, "geometry": {"type": "Polygon", "coordinates": [[[19.061678316, 47.474854968], [19.061686316, 47.474880968], [19.061619316, 47.474890968], [19.061611316, 47.474863968], [19.061678316, 47.474854968]]]}}, {"type": "Feature", "properties": {"id": 476, "roomCode": "LK-6-619-01-14", "roomNumber": "619", "roomName": "6.619 El\u0151k\u00e9sz\u00edt\u0151", "roomType": "educational", "floorId": 11, "level": 6, "fillSource": "mvt"}, "geometry": {"type": "Polygon", "coordinates": [[[19.061686365, 47.474825715], [19.061694365, 47.474852715], [19.061629365, 47.474861715], [19.061621365, 47.474835715], [19.061686365, 47.474825715]]]}}, {"type": "Feature", "properties": {"id": 477, "roomCode": "LK-6-622-01-17", "roomNumber": "622", "roomName": "6,622", "roomType": "educational", "floorId": 11, "level": 6, "fillSource": "mvt"}, "geometry": {"type": "Polygon", "coordinates": [[[19.061799285, 47.474791098], [19.061815285, 47.474845098], [19.061756285, 47.474853098], [19.061738285, 47.474799098], [19.061799285, 47.474791098]]]}}, {"type": "Feature", "properties": {"id": 478, "roomCode": "LK-6-624-01-14", "roomNumber": "624", "roomName": "6.624 LC-Minta el\u0151k\u00e9sz\u00edt\u0151", "roomType": "educational", "floorId": 11, "level": 6, "fillSource": "mvt"}, "geometry": {"type": "Polygon", "coordinates": [[[19.061840502, 47.474699967], [19.061848502, 47.474726967], [19.061781502, 47.474736967], [19.061771502, 47.474708967], [19.061840502, 47.474699967]]]}}, {"type": "Feature", "properties": {"id": 479, "roomCode": "LK-6-625-01-13", "roomNumber": "625", "roomName": "6.625 Elm\u00e9leti k\u00e9miai laborat\u00f3rium", "roomType": "educational", "floorId": 11, "level": 6, "fillSource": "mvt"}, "geometry": {"type": "Polygon", "coordinates": [[[19.061848868, 47.474671485], [19.061856868, 47.474698485], [19.061789868, 47.474708485], [19.061781868, 47.474681485], [19.061848868, 47.474671485]]]}}, {"type": "Feature", "properties": {"id": 480, "roomCode": "LK-6-626-01-13", "roomNumber": "626", "roomName": "6.626 Oktat\u00f3i", "roomType": "educational", "floorId": 11, "level": 6, "fillSource": "mvt"}, "geometry": {"type": "Polygon", "coordinates": [[[19.061858029, 47.474618858], [19.061875029, 47.474673858], [19.061808029, 47.474682858], [19.061791029, 47.474628858], [19.061858029, 47.474618858]]]}}, {"type": "Feature", "properties": {"id": 481, "roomCode": "LK-6-627 -01-13", "roomNumber": "627", "roomName": " 6.627  Oktat\u00f3i", "roomType": "educational", "floorId": 11, "level": 6, "fillSource": "mvt"}, "geometry": {"type": "Polygon", "coordinates": [[[19.06187504, 47.474562556], [19.06189304, 47.474615556], [19.06182504, 47.474625556], [19.06180904, 47.474571556], [19.06187504, 47.474562556]]]}}, {"type": "Feature", "properties": {"id": 482, "roomCode": "LK-6-628-01-13", "roomNumber": "628", "roomName": "6.628 Oktat\u00f3i", "roomType": "educational", "floorId": 11, "level": 6, "fillSource": "mvt"}, "geometry": {"type": "Polygon", "coordinates": [[[19.061895029, 47.47451278], [19.061908029, 47.47455278], [19.061841029, 47.47456278], [19.061826029, 47.47451278], [19.061895029, 47.47451278]]]}}, {"type": "Feature", "properties": {"id": 483, "roomCode": "LK-6-629-01-14", "roomNumber": "629", "roomName": "6.629 Labor", "roomType": "educational", "floorId": 11, "level": 6, "fillSource": "mvt"}, "geometry": {"type": "Polygon", "coordinates": [[[19.061780408, 47.474486215], [19.061788408, 47.474512215], [19.061721408, 47.474522215], [19.061713408, 47.474495215], [19.061780408, 47.474486215]]]}}, {"type": "Feature", "properties": {"id": 484, "roomCode": "LK-6-630-01-14", "roomNumber": "630", "roomName": "6.630 labor", "roomType": "educational", "floorId": 11, "level": 6, "fillSource": "mvt"}, "geometry": {"type": "Polygon", "coordinates": [[[19.061772109, 47.474513892], [19.061780109, 47.474539892], [19.061713109, 47.474548892], [19.061704109, 47.474522892], [19.061772109, 47.474513892]]]}}, {"type": "Feature", "properties": {"id": 485, "roomCode": "LK-6-631-06-84", "roomNumber": "631", "roomName": "6.631 rakt\u00e1r", "roomType": "technical", "floorId": 11, "level": 6, "fillSource": "catalog-bbox"}, "geometry": {"type": "Polygon", "coordinates": [[[19.061701716253413, 47.47453868200953], [19.061777205746584, 47.47453868200953], [19.061777205746584, 47.47457481199047], [19.061701716253413, 47.47457481199047], [19.061701716253413, 47.47453868200953]]]}}, {"type": "Feature", "properties": {"id": 486, "roomCode": "LK-6-632-01-14", "roomNumber": "632", "roomName": "6.632 labor", "roomType": "educational", "floorId": 11, "level": 6, "fillSource": "mvt"}, "geometry": {"type": "Polygon", "coordinates": [[[19.061753541, 47.474570815], [19.061763541, 47.474596815], [19.061696541, 47.474606815], [19.061686541, 47.474579815], [19.061753541, 47.474570815]]]}}, {"type": "Feature", "properties": {"id": 487, "roomCode": "LK-6-633-06-84", "roomNumber": "633", "roomName": "6.633 rakt\u00e1r", "roomType": "technical", "floorId": 11, "level": 6, "fillSource": "catalog-bbox"}, "geometry": {"type": "Polygon", "coordinates": [[[19.061683807219804, 47.47459604008339], [19.061759596780195, 47.47459604008339], [19.061759596780195, 47.4746320799166], [19.061683807219804, 47.4746320799166], [19.061683807219804, 47.47459604008339]]]}}, {"type": "Feature", "properties": {"id": 488, "roomCode": "LK-6-635-01-13", "roomNumber": "635", "roomName": "6.635 oktat\u00f3", "roomType": "educational", "floorId": 11, "level": 6, "fillSource": "mvt"}, "geometry": {"type": "Polygon", "coordinates": [[[19.061837308, 47.4747999], [19.061853308, 47.4748519], [19.061819308, 47.4748569], [19.061803308, 47.4748039], [19.061837308, 47.4747999]]]}}, {"type": "Feature", "properties": {"id": 489, "roomCode": "LK-6-636-01-13", "roomNumber": "636", "roomName": "6.636 oktat\u00f3", "roomType": "educational", "floorId": 11, "level": 6, "fillSource": "mvt"}, "geometry": {"type": "Polygon", "coordinates": [[[19.061871959, 47.474804339], [19.061887959, 47.474857339], [19.061854959, 47.474861339], [19.061838959, 47.474809339], [19.061871959, 47.474804339]]]}}, {"type": "Feature", "properties": {"id": 490, "roomCode": "LK-6-637-01-13", "roomNumber": "637", "roomName": "6.637 oktat\u00f3", "roomType": "educational", "floorId": 11, "level": 6, "fillSource": "mvt"}, "geometry": {"type": "Polygon", "coordinates": [[[19.061906543, 47.474809347], [19.061924543, 47.474861347], [19.061889543, 47.474867347], [19.061873543, 47.474813347], [19.061906543, 47.474809347]]]}}, {"type": "Feature", "properties": {"id": 491, "roomCode": "LK-6-638-01-13", "roomNumber": "638", "roomName": "6.638 oktat\u00f3", "roomType": "educational", "floorId": 11, "level": 6, "fillSource": "mvt"}, "geometry": {"type": "Polygon", "coordinates": [[[19.061941839, 47.474813992], [19.061958839, 47.474866992], [19.061924839, 47.474870992], [19.061908839, 47.474818992], [19.061941839, 47.474813992]]]}}, {"type": "Feature", "properties": {"id": 492, "roomCode": "LK-6-639-01-13", "roomNumber": "639", "roomName": "6.639 oktat\u00f3", "roomType": "educational", "floorId": 11, "level": 6, "fillSource": "mvt"}, "geometry": {"type": "Polygon", "coordinates": [[[19.061977257, 47.474819451], [19.061993257, 47.474870451], [19.061960257, 47.474876451], [19.061944257, 47.474823451], [19.061977257, 47.474819451]]]}}, {"type": "Feature", "properties": {"id": 493, "roomCode": "LK-6-640-01-13", "roomNumber": "640", "roomName": "6.640 oktat\u00f3", "roomType": "educational", "floorId": 11, "level": 6, "fillSource": "mvt"}, "geometry": {"type": "Polygon", "coordinates": [[[19.062012135, 47.474824061], [19.062028135, 47.474876061], [19.061995135, 47.474880061], [19.061979135, 47.474829061], [19.062012135, 47.474824061]]]}}, {"type": "Feature", "properties": {"id": 494, "roomCode": "LK-6-641-01-13", "roomNumber": "641", "roomName": "6.641 oktat\u00f3", "roomType": "educational", "floorId": 11, "level": 6, "fillSource": "mvt"}, "geometry": {"type": "Polygon", "coordinates": [[[19.06204722, 47.474828678], [19.06206322, 47.474880678], [19.06203022, 47.474885678], [19.06201422, 47.474833678], [19.06204722, 47.474828678]]]}}, {"type": "Feature", "properties": {"id": 495, "roomCode": "LK-6-642-01-13", "roomNumber": "642", "roomName": "6.642 oktat\u00f3", "roomType": "educational", "floorId": 11, "level": 6, "fillSource": "mvt"}, "geometry": {"type": "Polygon", "coordinates": [[[19.062090323, 47.4748339], [19.062105323, 47.4748859], [19.062064323, 47.4748909], [19.062047323, 47.4748399], [19.062090323, 47.4748339]]]}}, {"type": "Feature", "properties": {"id": 496, "roomCode": "LK-6-643-01-13", "roomNumber": "643", "roomName": "6.643 oktat\u00f3", "roomType": "educational", "floorId": 11, "level": 6, "fillSource": "mvt"}, "geometry": {"type": "Polygon", "coordinates": [[[19.062111853, 47.474771849], [19.062120853, 47.474804849], [19.062081853, 47.474809849], [19.062071853, 47.474776849], [19.062111853, 47.474771849]]]}}, {"type": "Feature", "properties": {"id": 497, "roomCode": "LK-6-644-01-13", "roomNumber": "644", "roomName": "6.644 oktat\u00f3", "roomType": "educational", "floorId": 11, "level": 6, "fillSource": "mvt"}, "geometry": {"type": "Polygon", "coordinates": [[[19.062070652, 47.474766601], [19.062080652, 47.474799601], [19.062046652, 47.474804601], [19.062037652, 47.474771601], [19.062070652, 47.474766601]]]}}, {"type": "Feature", "properties": {"id": 498, "roomCode": "LK-6-645-02-33", "roomNumber": "645", "roomName": "6.645 tansz\u00e9ki", "roomType": "administrative", "floorId": 11, "level": 6, "fillSource": "mvt"}, "geometry": {"type": "Polygon", "coordinates": [[[19.062035782, 47.474762166], [19.062045782, 47.474795166], [19.062011782, 47.474799166], [19.062002782, 47.474766166], [19.062035782, 47.474762166]]]}}, {"type": "Feature", "properties": {"id": 499, "roomCode": "LK-6-646-01-13", "roomNumber": "646", "roomName": "6.646 oktat\u00f3", "roomType": "educational", "floorId": 11, "level": 6, "fillSource": "mvt"}, "geometry": {"type": "Polygon", "coordinates": [[[19.062000785, 47.474757396], [19.062010785, 47.474789396], [19.061978785, 47.474794396], [19.061968785, 47.474762396], [19.062000785, 47.474757396]]]}}, {"type": "Feature", "properties": {"id": 500, "roomCode": "LK-6-647-01-13", "roomNumber": "647", "roomName": "6.647 oktat\u00f3", "roomType": "educational", "floorId": 11, "level": 6, "fillSource": "mvt"}, "geometry": {"type": "Polygon", "coordinates": [[[19.061965152, 47.474752655], [19.061976152, 47.474784655], [19.061942152, 47.474789655], [19.061933152, 47.474756655], [19.061965152, 47.474752655]]]}}, {"type": "Feature", "properties": {"id": 501, "roomCode": "LK-6-648-01-13", "roomNumber": "648", "roomName": "6.648 Doktoranduszok", "roomType": "educational", "floorId": 11, "level": 6, "fillSource": "mvt"}, "geometry": {"type": "Polygon", "coordinates": [[[19.061931575, 47.474747662], [19.061940575, 47.474779662], [19.061907575, 47.474784662], [19.061897575, 47.474752662], [19.061931575, 47.474747662]]]}}, {"type": "Feature", "properties": {"id": 502, "roomCode": "LK-6-649-01-13", "roomNumber": "649", "roomName": "6.649 oktat\u00f3", "roomType": "educational", "floorId": 11, "level": 6, "fillSource": "mvt"}, "geometry": {"type": "Polygon", "coordinates": [[[19.061896781, 47.474743239], [19.061905781, 47.474775239], [19.061872781, 47.474779239], [19.061862781, 47.474747239], [19.061896781, 47.474743239]]]}}, {"type": "Feature", "properties": {"id": 503, "roomCode": "LK-6-650-01-13", "roomNumber": "650", "roomName": "6.650 oktat\u00f3", "roomType": "educational", "floorId": 11, "level": 6, "fillSource": "mvt"}, "geometry": {"type": "Polygon", "coordinates": [[[19.06186098, 47.474738131], [19.06186998, 47.474770131], [19.06183798, 47.474774131], [19.06182798, 47.474743131], [19.06186098, 47.474738131]]]}}, {"type": "Feature", "properties": {"id": 515, "roomCode": "L\u00c9-6-100-01-12", "roomNumber": "6.100", "roomName": "6.100 Szebehely Gy\u0151z\u0151 Terem", "roomType": "educational", "floorId": 11, "level": 6, "fillSource": "mvt"}, "geometry": {"type": "Polygon", "coordinates": [[[19.062089628, 47.474491056], [19.062085628, 47.474491056], [19.062089628, 47.474494056], [19.062101628, 47.474532056], [19.062019628, 47.474544056], [19.062007628, 47.474505056], [19.062010628, 47.474505056], [19.062006628, 47.474502056], [19.062045628, 47.474497056], [19.062046628, 47.474501056], [19.062050628, 47.474501056], [19.062049628, 47.474496056], [19.062089628, 47.474491056]]]}}, {"type": "Feature", "properties": {"id": 83, "roomCode": "L\u00c9-6-101-01-12", "roomNumber": "6.101", "roomName": "6.101 F4 Szemin\u00e1rium", "roomType": "educational", "floorId": 11, "level": 6, "fillSource": "mvt"}, "geometry": {"type": "Polygon", "coordinates": [[[19.062172014, 47.474502237], [19.062176014, 47.474504237], [19.062188014, 47.474542237], [19.062106014, 47.474554237], [19.062094014, 47.474515237], [19.062097014, 47.474515237], [19.062093014, 47.474513237], [19.062132014, 47.474507237], [19.062134014, 47.474511237], [19.062138014, 47.474511237], [19.062136014, 47.474507237], [19.062172014, 47.474502237]]]}}, {"type": "Feature", "properties": {"id": 747, "roomCode": "L\u00c9-6-102-01-12", "roomNumber": "6.102", "roomName": "6.102 F4 Szemin\u00e1rium", "roomType": "educational", "floorId": 11, "level": 6, "fillSource": "mvt"}, "geometry": {"type": "Polygon", "coordinates": [[[19.062175704, 47.474515028], [19.062210704, 47.474509028], [19.062212704, 47.474514028], [19.062216704, 47.474513028], [19.062214704, 47.474509028], [19.062251704, 47.474509028], [19.062265704, 47.474545028], [19.062252704, 47.474547028], [19.062251704, 47.474541028], [19.062238704, 47.474543028], [19.062239704, 47.474549028], [19.062184704, 47.474556028], [19.062173704, 47.474518028], [19.062175704, 47.474515028]]]}}, {"type": "Feature", "properties": {"id": 997, "roomCode": "L\u00c9-6-105-01-14", "roomNumber": "6.105", "roomName": "6.105 Hallgat\u00f3i Labor", "roomType": "educational", "floorId": 11, "level": 6, "fillSource": "mvt"}, "geometry": {"type": "Polygon", "coordinates": [[[19.062305773, 47.474566104], [19.062306773, 47.474572104], [19.062315773, 47.474571104], [19.062319773, 47.474583104], [19.062310773, 47.474585104], [19.062321773, 47.474621104], [19.062242773, 47.474630104], [19.062235773, 47.474608104], [19.062240773, 47.474607104], [19.062226773, 47.474580104], [19.062305773, 47.474566104]]]}}, {"type": "Feature", "properties": {"id": 998, "roomCode": "L\u00c9-6-106-01-14", "roomNumber": "6.106", "roomName": "6.106 A2 El\u0151k\u00e9sz\u00edt\u0151", "roomType": "educational", "floorId": 11, "level": 6, "fillSource": "mvt"}, "geometry": {"type": "Polygon", "coordinates": [[[19.062284915, 47.474610604], [19.062295915, 47.474646604], [19.062306915, 47.474645604], [19.062308915, 47.474658604], [19.062299915, 47.474659604], [19.062300915, 47.474665604], [19.062221915, 47.474674604], [19.062214915, 47.474652604], [19.062220915, 47.474651604], [19.062206915, 47.474623604], [19.062284915, 47.474610604]]]}}, {"type": "Feature", "properties": {"id": 999, "roomCode": "L\u00c9-6-107-01-14", "roomNumber": "6.107", "roomName": "6.107 Hallgat\u00f3i Labor", "roomType": "educational", "floorId": 11, "level": 6, "fillSource": "mvt"}, "geometry": {"type": "Polygon", "coordinates": [[[19.062280639, 47.474673246], [19.062289639, 47.474700246], [19.062209639, 47.474709246], [19.062207639, 47.474683246], [19.062280639, 47.474673246]]]}}, {"type": "Feature", "properties": {"id": 1000, "roomCode": "L\u00c9-6-109-01-13", "roomNumber": "6.109", "roomName": "6.109 Met dolgoz\u00f3", "roomType": "educational", "floorId": 11, "level": 6, "fillSource": "mvt"}, "geometry": {"type": "Polygon", "coordinates": [[[19.062168641, 47.474777242], [19.062178641, 47.474818242], [19.062130641, 47.474825242], [19.062118641, 47.474785242], [19.062168641, 47.474777242]]]}}, {"type": "Feature", "properties": {"id": 1001, "roomCode": "L\u00c9-6-110-01-13", "roomNumber": "6.110", "roomName": "6.110 Met oktat\u00f3", "roomType": "educational", "floorId": 11, "level": 6, "fillSource": "mvt"}, "geometry": {"type": "Polygon", "coordinates": [[[19.062147613, 47.474836778], [19.062160613, 47.474891778], [19.062112613, 47.474898778], [19.062099613, 47.474840778], [19.062147613, 47.474836778]]]}}, {"type": "Feature", "properties": {"id": 1002, "roomCode": "L\u00c9-6-111-02-33", "roomNumber": "6.111", "roomName": "6.111 Met titk\u00e1rs\u00e1g", "roomType": "administrative", "floorId": 11, "level": 6, "fillSource": "mvt"}, "geometry": {"type": "Polygon", "coordinates": [[[19.062194906, 47.474847072], [19.062210906, 47.474901072], [19.062169906, 47.474906072], [19.062153906, 47.474854072], [19.062161906, 47.474850072], [19.062194906, 47.474847072]]]}}, {"type": "Feature", "properties": {"id": 1003, "roomCode": "L\u00c9-6-112-02-33", "roomNumber": "6.112", "roomName": "6.112 Met tansz\u00e9kvezet\u0151", "roomType": "administrative", "floorId": 11, "level": 6, "fillSource": "mvt"}, "geometry": {"type": "Polygon", "coordinates": [[[19.062237318, 47.474847401], [19.062253318, 47.474901401], [19.062246318, 47.474903401], [19.062208318, 47.474909401], [19.062191318, 47.474853401], [19.062199318, 47.474851401], [19.062237318, 47.474847401]]]}}, {"type": "Feature", "properties": {"id": 1004, "roomCode": "L\u00c9-6-113-01-13", "roomNumber": "6.113", "roomName": "6.113 Met tan\u00e1csterem", "roomType": "educational", "floorId": 11, "level": 6, "fillSource": "mvt"}, "geometry": {"type": "Polygon", "coordinates": [[[19.062372813, 47.474864785], [19.062390813, 47.474918785], [19.062316813, 47.474929785], [19.062305813, 47.474892785], [19.062294813, 47.474892785], [19.062290813, 47.474881785], [19.062301813, 47.474879785], [19.062298813, 47.474874785], [19.062372813, 47.474864785]]]}}, {"type": "Feature", "properties": {"id": 1005, "roomCode": "L\u00c9-6-114-01-13", "roomNumber": "6.114", "roomName": "6.114 Met dolgoz\u00f3", "roomType": "educational", "floorId": 11, "level": 6, "fillSource": "mvt"}, "geometry": {"type": "Polygon", "coordinates": [[[19.062366717, 47.47483203], [19.062376717, 47.47485803], [19.062302717, 47.47486903], [19.062294717, 47.47484203], [19.062366717, 47.47483203]]]}}, {"type": "Feature", "properties": {"id": 1006, "roomCode": "L\u00c9-6-115-01-13", "roomNumber": "6.115", "roomName": "6.115 Met dolgoz\u00f3", "roomType": "educational", "floorId": 11, "level": 6, "fillSource": "mvt"}, "geometry": {"type": "Polygon", "coordinates": [[[19.062376086, 47.474803914], [19.062384086, 47.474829914], [19.062311086, 47.474840914], [19.062303086, 47.474813914], [19.062376086, 47.474803914]]]}}, {"type": "Feature", "properties": {"id": 1007, "roomCode": "L\u00c9-6-116-01-13", "roomNumber": "6.116", "roomName": "6.116 Agromet m\u0171szer szoba ", "roomType": "educational", "floorId": 11, "level": 6, "fillSource": "mvt"}, "geometry": {"type": "Polygon", "coordinates": [[[19.062385057, 47.474775798], [19.062393057, 47.474801798], [19.062319057, 47.474812798], [19.062311057, 47.474785798], [19.062385057, 47.474775798]]]}}, {"type": "Feature", "properties": {"id": 1008, "roomCode": "L\u00c9-6-117-01-13", "roomNumber": "6.117", "roomName": "6.117 Napfizika labor", "roomType": "educational", "floorId": 11, "level": 6, "fillSource": "mvt"}, "geometry": {"type": "Polygon", "coordinates": [[[19.062393626, 47.474747483], [19.062401626, 47.474774483], [19.062327626, 47.474784483], [19.062319626, 47.474757483], [19.062393626, 47.474747483]]]}}, {"type": "Feature", "properties": {"id": 1009, "roomCode": "L\u00c9-6-118-01-13", "roomNumber": "6.118", "roomName": "6.118 D12 labor", "roomType": "educational", "floorId": 11, "level": 6, "fillSource": "mvt"}, "geometry": {"type": "Polygon", "coordinates": [[[19.06240063, 47.474721167], [19.06241063, 47.474748167], [19.06233663, 47.474759167], [19.06232863, 47.474731167], [19.06237763, 47.474724167], [19.06240063, 47.474721167]]]}}, {"type": "Feature", "properties": {"id": 1010, "roomCode": "L\u00c9-6-119-01-13", "roomNumber": "6.119", "roomName": "6.119 D12 dolgoz\u00f3", "roomType": "educational", "floorId": 11, "level": 6, "fillSource": "mvt"}, "geometry": {"type": "Polygon", "coordinates": [[[19.062416555, 47.474689096], [19.062424555, 47.474715096], [19.062357555, 47.474726096], [19.062347555, 47.474718096], [19.062342555, 47.474698096], [19.062416555, 47.474689096]]]}}, {"type": "Feature", "properties": {"id": 1011, "roomCode": "L\u00c9-6-120-01-13", "roomNumber": "6.120", "roomName": "6.120 D12 labor", "roomType": "educational", "floorId": 11, "level": 6, "fillSource": "mvt"}, "geometry": {"type": "Polygon", "coordinates": [[[19.062419136, 47.474663335], [19.062427136, 47.474689335], [19.062354136, 47.474700335], [19.062345136, 47.474673335], [19.062419136, 47.474663335]]]}}, {"type": "Feature", "properties": {"id": 1012, "roomCode": "L\u00c9-6-121-01-13", "roomNumber": "6.121", "roomName": "6.121 D12 labor", "roomType": "educational", "floorId": 11, "level": 6, "fillSource": "mvt"}, "geometry": {"type": "Polygon", "coordinates": [[[19.062427306, 47.47463522], [19.062436306, 47.47466122], [19.062362306, 47.47467222], [19.062354306, 47.47464522], [19.062427306, 47.47463522]]]}}, {"type": "Feature", "properties": {"id": 1013, "roomCode": "L\u00c9-6-122-01-14", "roomNumber": "6.122", "roomName": "6.122 D12 labor", "roomType": "educational", "floorId": 11, "level": 6, "fillSource": "mvt"}, "geometry": {"type": "Polygon", "coordinates": [[[19.062474115, 47.474542398], [19.062482115, 47.474568398], [19.062414115, 47.474580398], [19.062404115, 47.474572398], [19.062395115, 47.474573398], [19.062391115, 47.474560398], [19.062400115, 47.474559398], [19.062399115, 47.474553398], [19.062474115, 47.474542398]]]}}, {"type": "Feature", "properties": {"id": 1014, "roomCode": "L\u00c9-6-123-01-13", "roomNumber": "6.123", "roomName": "6.123 Met dolgoz\u00f3", "roomType": "educational", "floorId": 11, "level": 6, "fillSource": "mvt"}, "geometry": {"type": "Polygon", "coordinates": [[[19.062484973, 47.474511001], [19.062494973, 47.474536001], [19.062418973, 47.474546001], [19.062418973, 47.474543001], [19.062416973, 47.474547001], [19.062415973, 47.474544001], [19.062408973, 47.474545001], [19.062406973, 47.474539001], [19.062416973, 47.474537001], [19.062410973, 47.474517001], [19.062456973, 47.474511001], [19.062484973, 47.474511001]]]}}, {"type": "Feature", "properties": {"id": 1015, "roomCode": "L\u00c9-6-124-06-94", "roomNumber": "6.124", "roomName": "6.124 K\u00e1belrendez\u0151 kommunik\u00e1ci\u00f3s szoba", "roomType": "technical", "floorId": 11, "level": 6, "fillSource": "catalog-bbox"}, "geometry": {"type": "Polygon", "coordinates": [[[19.0624206966349, 47.474373636507515], [19.0625217713651, 47.474373636507515], [19.0625217713651, 47.47447034149249], [19.0624206966349, 47.47447034149249], [19.0624206966349, 47.474373636507515]]]}}, {"type": "Feature", "properties": {"id": 1016, "roomCode": "L\u00c9-6-125-06-88", "roomNumber": "6.125", "roomName": "6.125 G\u00e9pterem Sz\u00e1m\u00edt\u00e1stechnika", "roomType": "technical", "floorId": 11, "level": 6, "fillSource": "catalog-bbox"}, "geometry": {"type": "Polygon", "coordinates": [[[19.062446879966224, 47.47423377635928], [19.062564762033773, 47.47423377635928], [19.062564762033773, 47.47438352764071], [19.062446879966224, 47.47438352764071], [19.062446879966224, 47.47423377635928]]]}}, {"type": "Feature", "properties": {"id": 1017, "roomCode": "L\u00c9-6-126-02-33", "roomNumber": "6.126", "roomName": "6.126 \u00dcgyf\u00e9lt\u00e1mogat\u00f3 iroda", "roomType": "administrative", "floorId": 11, "level": 6, "fillSource": "mvt"}, "geometry": {"type": "Polygon", "coordinates": [[[19.062593223, 47.474129351], [19.062600223, 47.474158351], [19.062610223, 47.474183351], [19.062535223, 47.474194351], [19.062523223, 47.474158351], [19.062513223, 47.474159351], [19.062509223, 47.474146351], [19.062519223, 47.474145351], [19.062518223, 47.474139351], [19.062593223, 47.474129351]]]}}, {"type": "Feature", "properties": {"id": 1018, "roomCode": "L\u00c9-6-127-02-33", "roomNumber": "6.127", "roomName": "6.127 Rendszergazd\u00e1k", "roomType": "administrative", "floorId": 11, "level": 6, "fillSource": "mvt"}, "geometry": {"type": "Polygon", "coordinates": [[[19.062593843, 47.474072041], [19.062609843, 47.474127041], [19.062534843, 47.474137041], [19.062517843, 47.474082041], [19.062593843, 47.474072041]]]}}, {"type": "Feature", "properties": {"id": 1019, "roomCode": "L\u00c9-6-129-01-14", "roomNumber": "6.129", "roomName": "6.129 Szinoptikus meteorol\u00f3gia labor", "roomType": "educational", "floorId": 11, "level": 6, "fillSource": "mvt"}, "geometry": {"type": "Polygon", "coordinates": [[[19.062435734, 47.474165318], [19.062443734, 47.474192318], [19.062367734, 47.474202318], [19.062359734, 47.474176318], [19.062418734, 47.474168318], [19.062435734, 47.474165318]]]}}, {"type": "Feature", "properties": {"id": 1020, "roomCode": "L\u00c9-6-130-01-13", "roomNumber": "6.130", "roomName": "6.130 Met labor", "roomType": "educational", "floorId": 11, "level": 6, "fillSource": "mvt"}, "geometry": {"type": "Polygon", "coordinates": [[[19.062428103, 47.474191299], [19.062436103, 47.474218299], [19.062363103, 47.474228299], [19.062353103, 47.474202299], [19.062428103, 47.474191299]]]}}, {"type": "Feature", "properties": {"id": 1021, "roomCode": "L\u00c9-6-131-01-13", "roomNumber": "6.131", "roomName": "6.131 Met labor", "roomType": "educational", "floorId": 11, "level": 6, "fillSource": "mvt"}, "geometry": {"type": "Polygon", "coordinates": [[[19.062419743, 47.474219384], [19.062427743, 47.474246384], [19.062352743, 47.474257384], [19.062345743, 47.474229384], [19.062419743, 47.474219384]]]}}, {"type": "Feature", "properties": {"id": 1022, "roomCode": "L\u00c9-6-132-01-14", "roomNumber": "6.132", "roomName": "6.132 Met labor", "roomType": "educational", "floorId": 11, "level": 6, "fillSource": "mvt"}, "geometry": {"type": "Polygon", "coordinates": [[[19.062410768, 47.474247519], [19.062419768, 47.474274519], [19.062345768, 47.474284519], [19.062335768, 47.474258519], [19.062410768, 47.474247519]]]}}, {"type": "Feature", "properties": {"id": 57, "roomCode": "L\u00c9-6-133-01-12", "roomNumber": "6.133", "roomName": "6.133 F2 labor", "roomType": "educational", "floorId": 11, "level": 6, "fillSource": "mvt"}, "geometry": {"type": "Polygon", "coordinates": [[[19.06236419, 47.4742781], [19.06236619, 47.4742831], [19.06237619, 47.4742821], [19.06238019, 47.4742951], [19.06237019, 47.4742961], [19.06238019, 47.4743331], [19.06237019, 47.4743341], [19.06238119, 47.4743341], [19.06239219, 47.4743701], [19.06240219, 47.4743691], [19.06240619, 47.4743821], [19.06239619, 47.4743831], [19.06239819, 47.4743891], [19.06232219, 47.4743991], [19.06230519, 47.4743441], [19.06235719, 47.4743371], [19.06230519, 47.4743431], [19.06228919, 47.4742891], [19.06236419, 47.4742781]]]}}, {"type": "Feature", "properties": {"id": 1024, "roomCode": "L\u00c9-6-52-06-94", "roomNumber": "6.52", "roomName": "6.52 K\u00e1belrendez\u0151 ", "roomType": "technical", "floorId": 11, "level": 6, "fillSource": "catalog-bbox"}, "geometry": {"type": "Polygon", "coordinates": [[[19.061765588363027, 47.474426477030626], [19.061808995636977, 47.474426477030626], [19.061808995636977, 47.47448720696938], [19.061765588363027, 47.47448720696938], [19.061765588363027, 47.474426477030626]]]}}, {"type": "Feature", "properties": {"id": 76, "roomCode": "L\u00c9-6-53-01-12", "roomNumber": "6.53", "roomName": "6.53 F5 Szemin\u00e1rium", "roomType": "educational", "floorId": 11, "level": 6, "fillSource": "mvt"}, "geometry": {"type": "Polygon", "coordinates": [[[19.061761119, 47.474425919], [19.061779119, 47.474482919], [19.061730119, 47.474489919], [19.061713119, 47.474431919], [19.061761119, 47.474425919]]]}}, {"type": "Feature", "properties": {"id": 1025, "roomCode": "L\u00c9-6-54/A-02-33", "roomNumber": "6.54/A", "roomName": "6.54/A ", "roomType": "administrative", "floorId": 11, "level": 6, "fillSource": "mvt"}, "geometry": {"type": "Polygon", "coordinates": [[[19.061816288, 47.474343131], [19.061824288, 47.474370131], [19.061749288, 47.474381131], [19.061741288, 47.474354131], [19.061806288, 47.474345131], [19.061816288, 47.474343131]]]}}, {"type": "Feature", "properties": {"id": 1026, "roomCode": "L\u00c9-6-54/B-02-33", "roomNumber": "6.54/B", "roomName": "6.54/B ", "roomType": "administrative", "floorId": 11, "level": 6, "fillSource": "mvt"}, "geometry": {"type": "Polygon", "coordinates": [[[19.061827721, 47.474313422], [19.061835721, 47.474340422], [19.061761721, 47.474350422], [19.061751721, 47.474324422], [19.061827721, 47.474313422]]]}}, {"type": "Feature", "properties": {"id": 1027, "roomCode": "L\u00c9-6-55-02-33", "roomNumber": "6.55", "roomName": "6.55 F6 titk\u00e1rs\u00e1g", "roomType": "administrative", "floorId": 11, "level": 6, "fillSource": "mvt"}, "geometry": {"type": "Polygon", "coordinates": [[[19.061842654, 47.474259106], [19.061850654, 47.474285106], [19.061774654, 47.474295106], [19.061766654, 47.474269106], [19.061831654, 47.474260106], [19.061842654, 47.474259106]]]}}, {"type": "Feature", "properties": {"id": 1028, "roomCode": "L\u00c9-6-56-02-33", "roomNumber": "6.56", "roomName": "6.56 F6 vezet\u0151", "roomType": "administrative", "floorId": 11, "level": 6, "fillSource": "mvt"}, "geometry": {"type": "Polygon", "coordinates": [[[19.061852987, 47.474228564], [19.061861987, 47.474255564], [19.061787987, 47.474265564], [19.061777987, 47.474239564], [19.061852987, 47.474228564]]]}}, {"type": "Feature", "properties": {"id": 1029, "roomCode": "L\u00c9-6-57-01-13", "roomNumber": "6.57", "roomName": "6.57 F6 Oktat\u00f3", "roomType": "educational", "floorId": 11, "level": 6, "fillSource": "mvt"}, "geometry": {"type": "Polygon", "coordinates": [[[19.06186203, 47.47420011], [19.06187003, 47.47422711], [19.06179503, 47.47423811], [19.06178703, 47.47421111], [19.06186203, 47.47420011]]]}}, {"type": "Feature", "properties": {"id": 1030, "roomCode": "L\u00c9-6-58-01-13", "roomNumber": "6.58", "roomName": "6.58 F6 Oktat\u00f3", "roomType": "educational", "floorId": 11, "level": 6, "fillSource": "mvt"}, "geometry": {"type": "Polygon", "coordinates": [[[19.061870195, 47.474172013], [19.061878195, 47.474199013], [19.061805195, 47.474210013], [19.061795195, 47.474183013], [19.061870195, 47.474172013]]]}}, {"type": "Feature", "properties": {"id": 1031, "roomCode": "L\u00c9-6-59-01-13", "roomNumber": "6.59", "roomName": "6.59 F6 Oktat\u00f3", "roomType": "educational", "floorId": 11, "level": 6, "fillSource": "mvt"}, "geometry": {"type": "Polygon", "coordinates": [[[19.06187917, 47.474144478], [19.06188717, 47.474170478], [19.06181117, 47.474181478], [19.06180517, 47.474154478], [19.06187917, 47.474144478]]]}}, {"type": "Feature", "properties": {"id": 1032, "roomCode": "L\u00c9-6-60-01-13", "roomNumber": "6.60", "roomName": "6.60 F6 Oktat\u00f3", "roomType": "educational", "floorId": 11, "level": 6, "fillSource": "mvt"}, "geometry": {"type": "Polygon", "coordinates": [[[19.061887083, 47.474116586], [19.061896083, 47.474142586], [19.061822083, 47.474152586], [19.061812083, 47.474126586], [19.061887083, 47.474116586]]]}}, {"type": "Feature", "properties": {"id": 1033, "roomCode": "L\u00c9-6-61-01-13", "roomNumber": "6.61", "roomName": "6.61 F6 Tansz\u00e9kvezet\u0151", "roomType": "educational", "floorId": 11, "level": 6, "fillSource": "mvt"}, "geometry": {"type": "Polygon", "coordinates": [[[19.061895862, 47.474088039], [19.061903862, 47.474115039], [19.061828862, 47.474125039], [19.061822862, 47.474098039], [19.061895862, 47.474088039]]]}}, {"type": "Feature", "properties": {"id": 1034, "roomCode": "L\u00c9-6-62-06-83", "roomNumber": "6.62", "roomName": "6.62 Mechanikai m\u0171hely", "roomType": "technical", "floorId": 11, "level": 6, "fillSource": "catalog-bbox"}, "geometry": {"type": "Polygon", "coordinates": [[[19.061837346660393, 47.474028439141726], [19.061929803339606, 47.474028439141726], [19.061929803339606, 47.47409408085828], [19.061837346660393, 47.47409408085828], [19.061837346660393, 47.474028439141726]]]}}, {"type": "Feature", "properties": {"id": 1035, "roomCode": "L\u00c9-6-63-01-17", "roomNumber": "6.63", "roomName": "6.63 T\u00e1rgyal\u00f3", "roomType": "educational", "floorId": 11, "level": 6, "fillSource": "mvt"}, "geometry": {"type": "Polygon", "coordinates": [[[19.061915805, 47.473970737], [19.061927805, 47.474006737], [19.061937805, 47.474005737], [19.061940805, 47.474017737], [19.061931805, 47.474019737], [19.061932805, 47.474025737], [19.061857805, 47.474035737], [19.061849805, 47.474010737], [19.061911805, 47.473999737], [19.061848805, 47.474007737], [19.061840805, 47.473981737], [19.061915805, 47.473970737]]]}}, {"type": "Feature", "properties": {"id": 1036, "roomCode": "L\u00c9-6-64-02-33", "roomNumber": "6.64", "roomName": "6.64 Dolgoz\u00f3", "roomType": "administrative", "floorId": 11, "level": 6, "fillSource": "mvt"}, "geometry": {"type": "Polygon", "coordinates": [[[19.062022086, 47.473999766], [19.062038086, 47.474056766], [19.061995086, 47.474062766], [19.061978086, 47.474008766], [19.061986086, 47.474006766], [19.061985086, 47.474004766], [19.062022086, 47.473999766]]]}}, {"type": "Feature", "properties": {"id": 1037, "roomCode": "L\u00c9-6-65-01-13", "roomNumber": "6.65", "roomName": "6.65 Dolgoz\u00f3", "roomType": "educational", "floorId": 11, "level": 6, "fillSource": "mvt"}, "geometry": {"type": "Polygon", "coordinates": [[[19.062056492, 47.474009704], [19.062056492, 47.474011704], [19.062061492, 47.474010704], [19.062076492, 47.474065704], [19.062037492, 47.474070704], [19.062020492, 47.474019704], [19.062034492, 47.474017704], [19.062032492, 47.474012704], [19.062056492, 47.474009704]]]}}, {"type": "Feature", "properties": {"id": 1038, "roomCode": "L\u00c9-6-66-01-13", "roomNumber": "6.66", "roomName": "6.66 Dolgoz\u00f3", "roomType": "educational", "floorId": 11, "level": 6, "fillSource": "mvt"}, "geometry": {"type": "Polygon", "coordinates": [[[19.062102784, 47.474009621], [19.062118784, 47.474066621], [19.062079784, 47.474071621], [19.062063784, 47.474017621], [19.062065784, 47.474015621], [19.062102784, 47.474009621]]]}}, {"type": "Feature", "properties": {"id": 1039, "roomCode": "L\u00c9-6-67-01-13", "roomNumber": "6.67", "roomName": "6.67 Dolgoz\u00f3", "roomType": "educational", "floorId": 11, "level": 6, "fillSource": "mvt"}, "geometry": {"type": "Polygon", "coordinates": [[[19.062135968, 47.474016903], [19.062138968, 47.474018903], [19.062155968, 47.474072903], [19.062116968, 47.474077903], [19.062098968, 47.474021903], [19.062135968, 47.474016903]]]}}, {"type": "Feature", "properties": {"id": 1040, "roomCode": "L\u00c9-6-68-01-13", "roomNumber": "6.68", "roomName": "6.68 Dolgoz\u00f3", "roomType": "educational", "floorId": 11, "level": 6, "fillSource": "mvt"}, "geometry": {"type": "Polygon", "coordinates": [[[19.062220327, 47.474025422], [19.062224327, 47.474026422], [19.062240327, 47.474080422], [19.062158327, 47.474092422], [19.062142327, 47.474038422], [19.062144327, 47.474035422], [19.062220327, 47.474025422]]]}}, {"type": "Feature", "properties": {"id": 1041, "roomCode": "L\u00c9-6-69-01-13", "roomNumber": "6.69", "roomName": "6.69 D12 Oktat\u00f3", "roomType": "educational", "floorId": 11, "level": 6, "fillSource": "mvt"}, "geometry": {"type": "Polygon", "coordinates": [[[19.062269004, 47.474032959], [19.062285004, 47.474089959], [19.062247004, 47.474094959], [19.062230004, 47.474040959], [19.062232004, 47.474037959], [19.062269004, 47.474032959]]]}}, {"type": "Feature", "properties": {"id": 1042, "roomCode": "L\u00c9-6-70-01-13", "roomNumber": "6.70", "roomName": "6.70 Csill oktat\u00f3", "roomType": "educational", "floorId": 11, "level": 6, "fillSource": "mvt"}, "geometry": {"type": "Polygon", "coordinates": [[[19.062302187, 47.474040073], [19.062306187, 47.474042073], [19.062322187, 47.474096073], [19.062283187, 47.474101073], [19.062265187, 47.474045073], [19.062302187, 47.474040073]]]}}, {"type": "Feature", "properties": {"id": 1043, "roomCode": "L\u00c9-6-71-01-13", "roomNumber": "6.71", "roomName": "6.71 D12 Oktat\u00f3", "roomType": "educational", "floorId": 11, "level": 6, "fillSource": "mvt"}, "geometry": {"type": "Polygon", "coordinates": [[[19.062352363, 47.474044877], [19.062368363, 47.474100877], [19.062329363, 47.474105877], [19.062313363, 47.474052877], [19.062315363, 47.474049877], [19.062352363, 47.474044877]]]}}, {"type": "Feature", "properties": {"id": 1047, "roomCode": "L\u00c9-6-75-01-17", "roomNumber": "6.75", "roomName": "6.75 D12 t\u00e1rgyal\u00f3", "roomType": "educational", "floorId": 11, "level": 6, "fillSource": "mvt"}, "geometry": {"type": "Polygon", "coordinates": [[[19.062367074, 47.474114064], [19.062379074, 47.474151064], [19.062298074, 47.474162064], [19.062286074, 47.474125064], [19.062367074, 47.474114064]]]}}, {"type": "Feature", "properties": {"id": 1049, "roomCode": "L\u00c9-6-77-01-13", "roomNumber": "6.77", "roomName": "6.77 Oktat\u00f3i szoba", "roomType": "educational", "floorId": 11, "level": 6, "fillSource": "mvt"}, "geometry": {"type": "Polygon", "coordinates": [[[19.062205333, 47.474093129], [19.062216333, 47.474130129], [19.062134333, 47.474141129], [19.062123333, 47.474104129], [19.062155333, 47.474099129], [19.062205333, 47.474093129]]]}}, {"type": "Feature", "properties": {"id": 1050, "roomCode": "L\u00c9-6-78/A-02-33", "roomNumber": "6.78/A", "roomName": "6.78/A Titk\u00e1rs\u00e1g", "roomType": "administrative", "floorId": 11, "level": 6, "fillSource": "mvt"}, "geometry": {"type": "Polygon", "coordinates": [[[19.062080141, 47.474078145], [19.062091141, 47.474116145], [19.062053141, 47.474121145], [19.062041141, 47.474084145], [19.062080141, 47.474078145]]]}}, {"type": "Feature", "properties": {"id": 1051, "roomCode": "L\u00c9-6-78/B-02-33", "roomNumber": "6.78/B", "roomName": "6.78/B Titk\u00e1rs\u00e1g", "roomType": "administrative", "floorId": 11, "level": 6, "fillSource": "mvt"}, "geometry": {"type": "Polygon", "coordinates": [[[19.06212277, 47.474084055], [19.06213377, 47.474122055], [19.06209477, 47.474127055], [19.06208377, 47.474091055], [19.06212277, 47.474084055]]]}}, {"type": "Feature", "properties": {"id": 66, "roomCode": "L\u00c9-6-79-01-12", "roomNumber": "6.79", "roomName": "6.79 Sz\u00e1m\u00edt\u00f3g\u00e9p Terem", "roomType": "educational", "floorId": 11, "level": 6, "fillSource": "mvt"}, "geometry": {"type": "Polygon", "coordinates": [[[19.062036309, 47.474096523], [19.062053309, 47.474150523], [19.061978309, 47.474161523], [19.061976309, 47.474155523], [19.061966309, 47.474156523], [19.061962309, 47.474144523], [19.061972309, 47.474142523], [19.061963309, 47.474106523], [19.062036309, 47.474096523]]]}}, {"type": "Feature", "properties": {"id": 67, "roomCode": "L\u00c9-6-80-01-12", "roomNumber": "6.80", "roomName": "6.80 Sz\u00e1m\u00edt\u00f3g\u00e9p Terem", "roomType": "educational", "floorId": 11, "level": 6, "fillSource": "mvt"}, "geometry": {"type": "Polygon", "coordinates": [[[19.062024374, 47.474167932], [19.062040374, 47.474222932], [19.061965374, 47.474233932], [19.061954374, 47.474196932], [19.061944374, 47.474198932], [19.061940374, 47.474185932], [19.061950374, 47.474184932], [19.061948374, 47.474178932], [19.061971374, 47.474175932], [19.062024374, 47.474167932]]]}}, {"type": "Feature", "properties": {"id": 1052, "roomCode": "L\u00c9-6-81/A-01-13", "roomNumber": "6.81/A", "roomName": "6.81/A Dolgoz\u00f3", "roomType": "educational", "floorId": 11, "level": 6, "fillSource": "mvt"}, "geometry": {"type": "Polygon", "coordinates": [[[19.061990504, 47.474218585], [19.062000504, 47.474244585], [19.061925504, 47.474254585], [19.061917504, 47.474228585], [19.061990504, 47.474218585]]]}}, {"type": "Feature", "properties": {"id": 1053, "roomCode": "L\u00c9-6-81/B-01-13", "roomNumber": "6.81/B", "roomName": "6.81/B ", "roomType": "educational", "floorId": 11, "level": 6, "fillSource": "mvt"}, "geometry": {"type": "Polygon", "coordinates": [[[19.062002897, 47.474242812], [19.062010897, 47.474268812], [19.061935897, 47.474279812], [19.061932897, 47.474271812], [19.061922897, 47.474273812], [19.061918897, 47.474260812], [19.061928897, 47.474259812], [19.061927897, 47.474253812], [19.062002897, 47.474242812]]]}}, {"type": "Feature", "properties": {"id": 1054, "roomCode": "L\u00c9-6-82-01-13", "roomNumber": "6.82", "roomName": "6.82 F6 Tansz\u00e9kvezet\u0151", "roomType": "educational", "floorId": 11, "level": 6, "fillSource": "mvt"}, "geometry": {"type": "Polygon", "coordinates": [[[19.061973764, 47.474274817], [19.061983764, 47.474300817], [19.061907764, 47.474310817], [19.061899764, 47.474284817], [19.061973764, 47.474274817]]]}}, {"type": "Feature", "properties": {"id": 1055, "roomCode": "L\u00c9-6-83-06-84", "roomNumber": "6.83", "roomName": "6,83", "roomType": "technical", "floorId": 11, "level": 6, "fillSource": "catalog-bbox"}, "geometry": {"type": "Polygon", "coordinates": [[[19.06189782426384, 47.474299768987954], [19.06198099173616, 47.474299768987954], [19.06198099173616, 47.474335741012055], [19.06189782426384, 47.474335741012055], [19.06189782426384, 47.474299768987954]]]}}, {"type": "Feature", "properties": {"id": 1056, "roomCode": "L\u00c9-6-84/B-05-71", "roomNumber": "6.84/B", "roomName": "6.84/B N\u0151i wc", "roomType": "social", "floorId": 11, "level": 6, "fillSource": "mvt"}, "geometry": {"type": "Polygon", "coordinates": [[[19.061971066, 47.474336708], [19.061977066, 47.474359708], [19.061930066, 47.474366708], [19.061922066, 47.474342708], [19.061933066, 47.474341708], [19.061934066, 47.474351708], [19.061939066, 47.474351708], [19.061934066, 47.474341708], [19.061946066, 47.474339708], [19.061947066, 47.474350708], [19.061951066, 47.474349708], [19.061946066, 47.474339708], [19.061958066, 47.474337708], [19.061959066, 47.474348708], [19.061964066, 47.474347708], [19.061959066, 47.474337708], [19.061971066, 47.474336708]]]}}, {"type": "Feature", "properties": {"id": 63, "roomCode": "L\u00c9-6-85-01-12", "roomNumber": "6.85", "roomName": "6.85 F6 Szemin\u00e1rium", "roomType": "educational", "floorId": 11, "level": 6, "fillSource": "mvt"}, "geometry": {"type": "Polygon", "coordinates": [[[19.062037714, 47.474343894], [19.062049714, 47.474382894], [19.061972714, 47.474392894], [19.061960714, 47.474354894], [19.062037714, 47.474343894]]]}}, {"type": "Feature", "properties": {"id": 64, "roomCode": "L\u00c9-6-86-01-12", "roomNumber": "6.86", "roomName": "6.86 F6 Szemin\u00e1rium", "roomType": "educational", "floorId": 11, "level": 6, "fillSource": "mvt"}, "geometry": {"type": "Polygon", "coordinates": [[[19.06212071, 47.474354971], [19.06213271, 47.474393971], [19.06205071, 47.474404971], [19.06203871, 47.474365971], [19.06212071, 47.474354971]]]}}, {"type": "Feature", "properties": {"id": 70, "roomCode": "L\u00c9-6-87-01-12", "roomNumber": "6.87", "roomName": "6.87 F6 Szemin\u00e1rium", "roomType": "educational", "floorId": 11, "level": 6, "fillSource": "mvt"}, "geometry": {"type": "Polygon", "coordinates": [[[19.062203903, 47.474366756], [19.062215903, 47.474404756], [19.062133903, 47.474416756], [19.062121903, 47.474377756], [19.062203903, 47.474366756]]]}}, {"type": "Feature", "properties": {"id": 548, "roomCode": "L\u00c9-6-88-01-12", "roomNumber": "6.88", "roomName": "6.88 Detre L\u00e1szl\u00f3 Terem", "roomType": "educational", "floorId": 11, "level": 6, "fillSource": "mvt"}, "geometry": {"type": "Polygon", "coordinates": [[[19.062280566, 47.474380837], [19.062291566, 47.474419837], [19.062214566, 47.474430837], [19.062203566, 47.474391837], [19.062270566, 47.474382837], [19.062280566, 47.474380837]]]}}, {"type": "Feature", "properties": {"id": 1058, "roomCode": "L\u00c9-6-90-05-77", "roomNumber": "6.90", "roomName": "6.90 Teakonyha", "roomType": "social", "floorId": 11, "level": 6, "fillSource": "mvt"}, "geometry": {"type": "Polygon", "coordinates": [[[19.062171849, 47.474425377], [19.062179849, 47.474451377], [19.062150849, 47.474455377], [19.062142849, 47.474429377], [19.062171849, 47.474425377]]]}}, {"type": "Feature", "properties": {"id": 1059, "roomCode": "L\u00c9-6-91-05-71", "roomNumber": "6.91", "roomName": "6.91 F\u00e9rfi mosd\u00f3", "roomType": "social", "floorId": 11, "level": 6, "fillSource": "mvt"}, "geometry": {"type": "Polygon", "coordinates": [[[19.062141586, 47.474421641], [19.062149586, 47.474447641], [19.062126586, 47.474450641], [19.062116586, 47.474425641], [19.062141586, 47.474421641]]]}}, {"type": "Feature", "properties": {"id": 1060, "roomCode": "L\u00c9-6-92/A-06-84", "roomNumber": "6.92/A", "roomName": "6.92/A El\u0151t\u00e9r", "roomType": "technical", "floorId": 11, "level": 6, "fillSource": "catalog-bbox"}, "geometry": {"type": "Polygon", "coordinates": [[[19.06205463559258, 47.47440975382558], [19.06210561840742, 47.47440975382558], [19.06210561840742, 47.47444176617442], [19.06205463559258, 47.47444176617442], [19.06205463559258, 47.47440975382558]]]}}, {"type": "Feature", "properties": {"id": 1061, "roomCode": "L\u00c9-6-92/B-06-84", "roomNumber": "6.92/B", "roomName": "6.92/B Wc", "roomType": "technical", "floorId": 11, "level": 6, "fillSource": "catalog-bbox"}, "geometry": {"type": "Polygon", "coordinates": [[[19.062034551636625, 47.47440658390971], [19.062060692363374, 47.47440658390971], [19.062060692363374, 47.47443515209029], [19.062034551636625, 47.47443515209029], [19.062034551636625, 47.47440658390971]]]}}, {"type": "Feature", "properties": {"id": 1062, "roomCode": "L\u00c9-6-92/C-06-84", "roomNumber": "6.92/C", "roomName": "6.92/C zuhanyz\u00f3", "roomType": "technical", "floorId": 11, "level": 6, "fillSource": "catalog-bbox"}, "geometry": {"type": "Polygon", "coordinates": [[[19.06209862430812, 47.474418590824406], [19.06212354969188, 47.474418590824406], [19.06212354969188, 47.47444303117558], [19.06209862430812, 47.47444303117558], [19.06209862430812, 47.474418590824406]]]}}, {"type": "Feature", "properties": {"id": 1063, "roomCode": "L\u00c9-6-93/A-06-84", "roomNumber": "6.93/A", "roomName": "6.93A El\u0151t\u00e9r", "roomType": "technical", "floorId": 11, "level": 6, "fillSource": "catalog-bbox"}, "geometry": {"type": "Polygon", "coordinates": [[[19.06201038021557, 47.474403348384214], [19.06203795178443, 47.474403348384214], [19.06203795178443, 47.474431877615785], [19.06201038021557, 47.474431877615785], [19.06201038021557, 47.474403348384214]]]}}, {"type": "Feature", "properties": {"id": 1064, "roomCode": "L\u00c9-6-93/B-06-84", "roomNumber": "6.93/B", "roomName": "6.93B WC", "roomType": "technical", "floorId": 11, "level": 6, "fillSource": "catalog-bbox"}, "geometry": {"type": "Polygon", "coordinates": [[[19.06195285794776, 47.474395531962884], [19.06201681605224, 47.474395531962884], [19.06201681605224, 47.47442939203711], [19.06195285794776, 47.47442939203711], [19.06195285794776, 47.474395531962884]]]}}, {"type": "Feature", "properties": {"id": 1065, "roomCode": "L\u00c9-6-94/A-06-84", "roomNumber": "6.94/A", "roomName": "6.94/A El\u0151t\u00e9r", "roomType": "technical", "floorId": 11, "level": 6, "fillSource": "catalog-bbox"}, "geometry": {"type": "Polygon", "coordinates": [[[19.062002600406117, 47.47443106275327], [19.062028755593886, 47.47443106275327], [19.062028755593886, 47.474459939246735], [19.062002600406117, 47.474459939246735], [19.062002600406117, 47.47443106275327]]]}}, {"type": "Feature", "properties": {"id": 1066, "roomCode": "L\u00c9-6-94/B-06-84", "roomNumber": "6.94/B", "roomName": "6.94/B WC", "roomType": "technical", "floorId": 11, "level": 6, "fillSource": "catalog-bbox"}, "geometry": {"type": "Polygon", "coordinates": [[[19.061944335025746, 47.47442270515979], [19.062008770974256, 47.47442270515979], [19.062008770974256, 47.47445657284021], [19.061944335025746, 47.47445657284021], [19.061944335025746, 47.47442270515979]]]}}, {"type": "Feature", "properties": {"id": 1067, "roomCode": "L\u00c9-6-95/A-04-63", "roomNumber": "6.95/A", "roomName": "6.95/A El\u0151t\u00e9r", "roomType": "corridor", "floorId": 11, "level": 6, "fillSource": "mvt"}, "geometry": {"type": "Polygon", "coordinates": [[[19.062085849, 47.474439918], [19.062093849, 47.474465918], [19.062050849, 47.474471918], [19.062042849, 47.474446918], [19.062085849, 47.474439918]]]}}, {"type": "Feature", "properties": {"id": 1068, "roomCode": "L\u00c9-6-95/B-05-71", "roomNumber": "6.95/B", "roomName": "6.95/B WC", "roomType": "social", "floorId": 11, "level": 6, "fillSource": "mvt"}, "geometry": {"type": "Polygon", "coordinates": [[[19.062046531, 47.474435474], [19.062054531, 47.474460474], [19.062036531, 47.474463474], [19.062035531, 47.474457474], [19.062042531, 47.474454474], [19.062032531, 47.474455474], [19.062027531, 47.474440474], [19.062029531, 47.474436474], [19.062046531, 47.474435474]]]}}, {"type": "Feature", "properties": {"id": 1069, "roomCode": "L\u00c9-6-95/C-05-71", "roomNumber": "6.95/C", "roomName": "6.95/C zuhanyz\u00f3", "roomType": "social", "floorId": 11, "level": 6, "fillSource": "mvt"}, "geometry": {"type": "Polygon", "coordinates": [[[19.06210681, 47.474445265], [19.06211081, 47.474459265], [19.06210581, 47.474460265], [19.06210781, 47.474468265], [19.06209581, 47.474470265], [19.06208881, 47.474447265], [19.06210681, 47.474445265]]]}}, {"type": "Feature", "properties": {"id": 1070, "roomCode": "L\u00c9-6-96-05-71", "roomNumber": "6.96", "roomName": "6.96 mosd\u00f3", "roomType": "social", "floorId": 11, "level": 6, "fillSource": "mvt"}, "geometry": {"type": "Polygon", "coordinates": [[[19.062133919, 47.474448961], [19.062140919, 47.474474961], [19.062116919, 47.474477961], [19.062108919, 47.474451961], [19.062133919, 47.474448961]]]}}, {"type": "Feature", "properties": {"id": 1071, "roomCode": "L\u00c9-6-97-05-77", "roomNumber": "6.97", "roomName": "6.97 Teakonyha", "roomType": "social", "floorId": 11, "level": 6, "fillSource": "mvt"}, "geometry": {"type": "Polygon", "coordinates": [[[19.062163783, 47.474452497], [19.062170783, 47.474478497], [19.062142783, 47.474482497], [19.062134783, 47.474456497], [19.062163783, 47.474452497]]]}}, {"type": "Feature", "properties": {"id": 1072, "roomCode": "L\u00c9-6-99-02-33", "roomNumber": "6.99", "roomName": "6,99", "roomType": "administrative", "floorId": 11, "level": 6, "fillSource": "mvt"}, "geometry": {"type": "Polygon", "coordinates": [[[19.061996143, 47.474470594], [19.062001143, 47.474472594], [19.062012143, 47.474511594], [19.061999143, 47.474512594], [19.061998143, 47.474507594], [19.061982143, 47.474509594], [19.061984143, 47.474515594], [19.061972143, 47.474516594], [19.061959143, 47.474475594], [19.061996143, 47.474470594]]]}}, {"type": "Feature", "properties": {"id": 1073, "roomCode": "L\u00c9-7-100/A-01-13", "roomNumber": "7.100/A", "roomName": "7.100/A Oktat\u00f3", "roomType": "educational", "floorId": 12, "level": 7, "fillSource": "mvt"}, "geometry": {"type": "Polygon", "coordinates": [[[19.062423131, 47.474165464], [19.062425131, 47.474173464], [19.062435131, 47.474172464], [19.062439131, 47.474185464], [19.062429131, 47.474186464], [19.062431131, 47.474192464], [19.062355131, 47.474202464], [19.062349131, 47.474176464], [19.062417131, 47.474166464], [19.062423131, 47.474165464]]]}}, {"type": "Feature", "properties": {"id": 1074, "roomCode": "L\u00c9-7-100/B-02-33", "roomNumber": "7.100/B", "roomName": "7.100/B Dolgoz\u00f3", "roomType": "administrative", "floorId": 12, "level": 7, "fillSource": "mvt"}, "geometry": {"type": "Polygon", "coordinates": [[[19.062428225, 47.474191484], [19.062436225, 47.474218484], [19.062363225, 47.474228484], [19.062353225, 47.474201484], [19.062428225, 47.474191484]]]}}, {"type": "Feature", "properties": {"id": 1075, "roomCode": "L\u00c9-7-102-01-13", "roomNumber": "7.102", "roomName": "7.102 Oktat\u00f3", "roomType": "educational", "floorId": 12, "level": 7, "fillSource": "mvt"}, "geometry": {"type": "Polygon", "coordinates": [[[19.062377406, 47.474271144], [19.062389406, 47.474307144], [19.062399406, 47.474306144], [19.062403406, 47.474319144], [19.062393406, 47.474320144], [19.062395406, 47.474326144], [19.062319406, 47.474336144], [19.062302406, 47.474282144], [19.062377406, 47.474271144]]]}}, {"type": "Feature", "properties": {"id": 1076, "roomCode": "L\u00c9-7-103-01-13", "roomNumber": "7.103", "roomName": "7.103 Oktat\u00f3", "roomType": "educational", "floorId": 12, "level": 7, "fillSource": "mvt"}, "geometry": {"type": "Polygon", "coordinates": [[[19.062364871, 47.474341773], [19.062366871, 47.474346773], [19.062376871, 47.474345773], [19.062380871, 47.474358773], [19.062370871, 47.474359773], [19.062380871, 47.474396773], [19.062305871, 47.474406773], [19.062289871, 47.474352773], [19.062364871, 47.474341773]]]}}, {"type": "Feature", "properties": {"id": 1078, "roomCode": "L\u00c9-7-13-01-14 (1)", "roomNumber": "7.13", "roomName": "7.13 Mac labor", "roomType": "educational", "floorId": 12, "level": 7, "fillSource": "mvt"}, "geometry": {"type": "Polygon", "coordinates": [[[19.061773069, 47.474434166], [19.061775069, 47.474440166], [19.061785069, 47.474439166], [19.061789069, 47.474451166], [19.061779069, 47.474453166], [19.061790069, 47.474491166], [19.061714069, 47.474501166], [19.061697069, 47.474444166], [19.061773069, 47.474434166]]]}}, {"type": "Feature", "properties": {"id": 1077, "roomCode": "L\u00c9-7-13-01-14 (2)", "roomNumber": "7.13", "roomName": "7.13 Mac labor", "roomType": "educational", "floorId": 12, "level": 7, "fillSource": "mvt"}, "geometry": {"type": "Polygon", "coordinates": [[[19.061918476, 47.473984086], [19.061920476, 47.473990086], [19.061930476, 47.473988086], [19.061934476, 47.474001086], [19.061924476, 47.474003086], [19.061930476, 47.474020086], [19.061940476, 47.474019086], [19.061944476, 47.474032086], [19.061933476, 47.474033086], [19.061935476, 47.474039086], [19.061900476, 47.474042086], [19.061884476, 47.473989086], [19.061897476, 47.473987086], [19.061918476, 47.473984086]]]}}, {"type": "Feature", "properties": {"id": 256, "roomCode": "L\u00c9-7-14-01-12", "roomNumber": "7.14", "roomName": "7.14 El\u0151ad\u00f3terem", "roomType": "educational", "floorId": 12, "level": 7, "fillSource": "mvt"}, "geometry": {"type": "Polygon", "coordinates": [[[19.061806967, 47.474269264], [19.061817967, 47.474306264], [19.061827967, 47.474304264], [19.061831967, 47.474317264], [19.061821967, 47.474318264], [19.061839967, 47.474380264], [19.061764967, 47.474390264], [19.061730967, 47.474279264], [19.061806967, 47.474269264]]]}}, {"type": "Feature", "properties": {"id": 50, "roomCode": "L\u00c9-7-16-01-12", "roomNumber": "7.16", "roomName": "7.16 M\u00e9diat\u00e1r", "roomType": "educational", "floorId": 12, "level": 7, "fillSource": "mvt"}, "geometry": {"type": "Polygon", "coordinates": [[[19.061828469, 47.474045651], [19.061830469, 47.474051651], [19.061840469, 47.474049651], [19.061844469, 47.474062651], [19.061834469, 47.474063651], [19.061839469, 47.474081651], [19.061849469, 47.474080651], [19.061853469, 47.474092651], [19.061843469, 47.474094651], [19.061847469, 47.474107651], [19.061857469, 47.474106651], [19.061861469, 47.474118651], [19.061851469, 47.474120651], [19.061856469, 47.474137651], [19.061866469, 47.474136651], [19.061870469, 47.474149651], [19.061860469, 47.474150651], [19.061864469, 47.474163651], [19.061874469, 47.474162651], [19.061878469, 47.474174651], [19.061868469, 47.474176651], [19.061874469, 47.474194651], [19.061884469, 47.474192651], [19.061887469, 47.474205651], [19.061877469, 47.474207651], [19.061890469, 47.474250651], [19.061900469, 47.474248651], [19.061904469, 47.474262651], [19.061894469, 47.474263651], [19.061896469, 47.474269651], [19.061821469, 47.474279651], [19.061753469, 47.474056651], [19.061828469, 47.474045651]]]}}, {"type": "Feature", "properties": {"id": 1079, "roomCode": "L\u00c9-7-17-02-33", "roomNumber": "7.17", "roomName": "7.17 Dolgoz\u00f3", "roomType": "administrative", "floorId": 12, "level": 7, "fillSource": "mvt"}, "geometry": {"type": "Polygon", "coordinates": [[[19.062014967, 47.47399875], [19.062033967, 47.47405475], [19.061987967, 47.47406075], [19.061970967, 47.47400675], [19.061998967, 47.47400075], [19.062014967, 47.47399875]]]}}, {"type": "Feature", "properties": {"id": 1080, "roomCode": "L\u00c9-7-18-01-17", "roomNumber": "7.18", "roomName": "7.18-21 Kari Tan\u00e1csterem", "roomType": "educational", "floorId": 12, "level": 7, "fillSource": "mvt"}, "geometry": {"type": "Polygon", "coordinates": [[[19.06213869, 47.474007562], [19.06214169, 47.474009562], [19.06215769, 47.474059562], [19.06215369, 47.474059562], [19.06215569, 47.474064562], [19.06203669, 47.474080562], [19.06201969, 47.474029562], [19.06203369, 47.474027562], [19.06203169, 47.474022562], [19.06205469, 47.474019562], [19.06205569, 47.474021562], [19.06206369, 47.474020562], [19.06206769, 47.474015562], [19.06213869, 47.474007562]]]}}, {"type": "Feature", "properties": {"id": 1081, "roomCode": "L\u00c9-7-19-06-89", "roomNumber": "7.19", "roomName": "7.19-20 Radiol\u00f3giai Szel\u0151z\u0151 g\u00e9ph\u00e1z", "roomType": "technical", "floorId": 12, "level": 7, "fillSource": "catalog-bbox"}, "geometry": {"type": "Polygon", "coordinates": [[[19.062142151132335, 47.47401307372068], [19.062242454867665, 47.47401307372068], [19.062242454867665, 47.47408002227932], [19.062142151132335, 47.47408002227932], [19.062142151132335, 47.47401307372068]]]}}, {"type": "Feature", "properties": {"id": 1082, "roomCode": "L\u00c9-7-22-05-77", "roomNumber": "7.22", "roomName": "7.22 Teakonyha", "roomType": "social", "floorId": 12, "level": 7, "fillSource": "mvt"}, "geometry": {"type": "Polygon", "coordinates": [[[19.06247799, 47.474064278], [19.06249399, 47.474118278], [19.06244799, 47.474125278], [19.06243299, 47.474068278], [19.06246099, 47.474064278], [19.06247799, 47.474064278]]]}}, {"type": "Feature", "properties": {"id": 1083, "roomCode": "L\u00c9-7-23-01-13", "roomNumber": "7.23", "roomName": "7.23 Oktat\u00f3i szoba", "roomType": "educational", "floorId": 12, "level": 7, "fillSource": "mvt"}, "geometry": {"type": "Polygon", "coordinates": [[[19.062363605, 47.474117343], [19.062375605, 47.474154343], [19.062294605, 47.474165343], [19.062282605, 47.474128343], [19.062356605, 47.474117343], [19.062363605, 47.474117343]]]}}, {"type": "Feature", "properties": {"id": 1084, "roomCode": "L\u00c9-7-24-06-89", "roomNumber": "7.24", "roomName": "7.24 G\u00e9p\u00e9szeti t\u00e9r", "roomType": "technical", "floorId": 12, "level": 7, "fillSource": "catalog-bbox"}, "geometry": {"type": "Polygon", "coordinates": [[[19.062210025264026, 47.474097588704645], [19.062302912735976, 47.474097588704645], [19.062302912735976, 47.47414603929536], [19.062210025264026, 47.47414603929536], [19.062210025264026, 47.474097588704645]]]}}, {"type": "Feature", "properties": {"id": 1085, "roomCode": "L\u00c9-7-25-01-13", "roomNumber": "7.25", "roomName": "7.25 Oktat\u00f3", "roomType": "educational", "floorId": 12, "level": 7, "fillSource": "mvt"}, "geometry": {"type": "Polygon", "coordinates": [[[19.06219825, 47.474094082], [19.06220925, 47.474131082], [19.06212725, 47.474142082], [19.06211625, 47.474105082], [19.06219025, 47.474095082], [19.06219825, 47.474094082]]]}}, {"type": "Feature", "properties": {"id": 1086, "roomCode": "L\u00c9-7-26-02-33", "roomNumber": "7.26", "roomName": "7.26 Dolgoz\u00f3", "roomType": "administrative", "floorId": 12, "level": 7, "fillSource": "mvt"}, "geometry": {"type": "Polygon", "coordinates": [[[19.062115951, 47.474082388], [19.062125951, 47.474119388], [19.062044951, 47.474131388], [19.062033951, 47.474093388], [19.062106951, 47.474083388], [19.062115951, 47.474082388]]]}}, {"type": "Feature", "properties": {"id": 1087, "roomCode": "L\u00c9-7-27-02-33", "roomNumber": "7.27", "roomName": "7.27 Dolgoz\u00f3", "roomType": "administrative", "floorId": 12, "level": 7, "fillSource": "mvt"}, "geometry": {"type": "Polygon", "coordinates": [[[19.062025212, 47.474106878], [19.062035212, 47.474132878], [19.061959212, 47.474142878], [19.061951212, 47.474116878], [19.062025212, 47.474106878]]]}}, {"type": "Feature", "properties": {"id": 55, "roomCode": "L\u00c9-7-28-01-12", "roomNumber": "7.28", "roomName": "7.28 M\u0171terem", "roomType": "educational", "floorId": 12, "level": 7, "fillSource": "mvt"}, "geometry": {"type": "Polygon", "coordinates": [[[19.062031471, 47.474133788], [19.062053471, 47.474216788], [19.061980471, 47.474227788], [19.061978471, 47.474219788], [19.061967471, 47.474220788], [19.061963471, 47.474207788], [19.061974471, 47.474206788], [19.061966471, 47.474180788], [19.061961471, 47.474162788], [19.061951471, 47.474164788], [19.061947471, 47.474151788], [19.061957471, 47.474150788], [19.061955471, 47.474143788], [19.061984471, 47.474138788], [19.062031471, 47.474133788]]]}}, {"type": "Feature", "properties": {"id": 1089, "roomCode": "L\u00c9-7-29-01-14", "roomNumber": "7.29", "roomName": "7.29 Edit\u00e1l\u00f3", "roomType": "educational", "floorId": 12, "level": 7, "fillSource": "mvt"}, "geometry": {"type": "Polygon", "coordinates": [[[19.062005798, 47.474225347], [19.062022798, 47.474280347], [19.061947798, 47.474290347], [19.061935798, 47.474254347], [19.061931798, 47.474255347], [19.061927798, 47.474242347], [19.061931798, 47.474241347], [19.061930798, 47.474235347], [19.061958798, 47.474230347], [19.062005798, 47.474225347]]]}}, {"type": "Feature", "properties": {"id": 1090, "roomCode": "L\u00c9-7-3-06-89", "roomNumber": "7.3", "roomName": "7.3 Szell\u0151z\u0151 g\u00e9ph\u00e1z", "roomType": "technical", "floorId": 12, "level": 7, "fillSource": "catalog-bbox"}, "geometry": {"type": "Polygon", "coordinates": [[[19.061539584768866, 47.474693062191974], [19.061594591231135, 47.474693062191974], [19.061594591231135, 47.47472623580801], [19.061539584768866, 47.47472623580801], [19.061539584768866, 47.474693062191974]]]}}, {"type": "Feature", "properties": {"id": 1091, "roomCode": "L\u00c9-7-30-01-14", "roomNumber": "7.30", "roomName": "7.30 Hangst\u00fadi\u00f3", "roomType": "educational", "floorId": 12, "level": 7, "fillSource": "mvt"}, "geometry": {"type": "Polygon", "coordinates": [[[19.06195194, 47.474275083], [19.06195794, 47.474301083], [19.06190994, 47.474308083], [19.06190194, 47.474281083], [19.06195194, 47.474275083]]]}}, {"type": "Feature", "properties": {"id": 1092, "roomCode": "L\u00c9-7-30/B-01-14", "roomNumber": "7.30/B", "roomName": "7.30/B Bemond\u00f3 f\u00fclke", "roomType": "educational", "floorId": 12, "level": 7, "fillSource": "mvt"}, "geometry": {"type": "Polygon", "coordinates": [[[19.061979859, 47.474281864], [19.061987859, 47.474307864], [19.061961859, 47.474310864], [19.061953859, 47.474283864], [19.061979859, 47.474281864]]]}}, {"type": "Feature", "properties": {"id": 1093, "roomCode": "L\u00c9-7-31-01-14", "roomNumber": "7.31", "roomName": "7.31 Hallgat\u00f3i vide\u00f3 labor", "roomType": "educational", "floorId": 12, "level": 7, "fillSource": "mvt"}, "geometry": {"type": "Polygon", "coordinates": [[[19.061966291, 47.474302814], [19.061974291, 47.474328814], [19.061899291, 47.474339814], [19.061891291, 47.474313814], [19.061966291, 47.474302814]]]}}, {"type": "Feature", "properties": {"id": 1094, "roomCode": "L\u00c9-7-32-05-71", "roomNumber": "7.32/A", "roomName": "7.32 N\u0151i mosd\u00f3", "roomType": "social", "floorId": 12, "level": 7, "fillSource": "mvt"}, "geometry": {"type": "Polygon", "coordinates": [[[19.061917451, 47.474328249], [19.061924451, 47.474352249], [19.061884451, 47.474357249], [19.061877451, 47.474334249], [19.061917451, 47.474328249]]]}}, {"type": "Feature", "properties": {"id": 1095, "roomCode": "L\u00c9-7-32/B-05-71", "roomNumber": "7.32/B", "roomName": "7.32/B N\u0151i mosd\u00f3", "roomType": "social", "floorId": 12, "level": 7, "fillSource": "mvt"}, "geometry": {"type": "Polygon", "coordinates": [[[19.061933051, 47.47433984], [19.061945051, 47.47433784], [19.061946051, 47.47434784], [19.061950051, 47.47434784], [19.061945051, 47.47433784], [19.061957051, 47.47433584], [19.061958051, 47.47434684], [19.061966051, 47.47435884], [19.061928051, 47.47436484], [19.061921051, 47.47434084], [19.061933051, 47.47433984]]]}}, {"type": "Feature", "properties": {"id": 1096, "roomCode": "L\u00c9-7-33-01-14", "roomNumber": "7.33", "roomName": "7.33-34 Oktat\u00e1s Technika", "roomType": "educational", "floorId": 12, "level": 7, "fillSource": "mvt"}, "geometry": {"type": "Polygon", "coordinates": [[[19.062037724, 47.474343896], [19.062049724, 47.474382896], [19.061972724, 47.474393896], [19.061960724, 47.474354896], [19.062037724, 47.474343896]]]}}, {"type": "Feature", "properties": {"id": 1097, "roomCode": "L\u00c9-7-35-02-33", "roomNumber": "7.35", "roomName": "7.35 Dolgoz\u00f3", "roomType": "administrative", "floorId": 12, "level": 7, "fillSource": "mvt"}, "geometry": {"type": "Polygon", "coordinates": [[[19.062166502, 47.474368659], [19.062178502, 47.474406659], [19.062138502, 47.474413659], [19.062127502, 47.474374659], [19.062153502, 47.474370659], [19.062166502, 47.474368659]]]}}, {"type": "Feature", "properties": {"id": 1098, "roomCode": "L\u00c9-7-36-01-13", "roomNumber": "7.36", "roomName": "7.36 Oktat\u00f3", "roomType": "educational", "floorId": 12, "level": 7, "fillSource": "mvt"}, "geometry": {"type": "Polygon", "coordinates": [[[19.062208316, 47.47437428], [19.062220316, 47.47441328], [19.062181316, 47.47441928], [19.062168316, 47.47438028], [19.062194316, 47.47437628], [19.062208316, 47.47437428]]]}}, {"type": "Feature", "properties": {"id": 1099, "roomCode": "L\u00c9-7-37-01-13", "roomNumber": "7.37", "roomName": "7.37 Oktat\u00f3", "roomType": "educational", "floorId": 12, "level": 7, "fillSource": "mvt"}, "geometry": {"type": "Polygon", "coordinates": [[[19.062249722, 47.474380724], [19.062261722, 47.474417724], [19.062221722, 47.474424724], [19.062210722, 47.474385724], [19.062236722, 47.474382724], [19.062249722, 47.474380724]]]}}, {"type": "Feature", "properties": {"id": 1100, "roomCode": "L\u00c9-7-38-01-13", "roomNumber": "7.38", "roomName": "7.38 Oktat\u00f3", "roomType": "educational", "floorId": 12, "level": 7, "fillSource": "mvt"}, "geometry": {"type": "Polygon", "coordinates": [[[19.062287506, 47.474385875], [19.062298506, 47.474424875], [19.062264506, 47.474429875], [19.062251506, 47.474390875], [19.062277506, 47.474387875], [19.062287506, 47.474385875]]]}}, {"type": "Feature", "properties": {"id": 1101, "roomCode": "L\u00c9-7-4/B-06-89", "roomNumber": "7.4/B", "roomName": "7.4/B Liftg\u00e9ph\u00e1z", "roomType": "technical", "floorId": 12, "level": 7, "fillSource": "catalog-bbox"}, "geometry": {"type": "Polygon", "coordinates": [[[19.061549790326524, 47.47477147402403], [19.061572541673474, 47.47477147402403], [19.061572541673474, 47.47478284797597], [19.061549790326524, 47.47478284797597], [19.061549790326524, 47.47477147402403]]]}}, {"type": "Feature", "properties": {"id": 1102, "roomCode": "L\u00c9-7-40-05-77", "roomNumber": "7.40", "roomName": "7.40 Teakonyha", "roomType": "social", "floorId": 12, "level": 7, "fillSource": "mvt"}, "geometry": {"type": "Polygon", "coordinates": [[[19.062171679, 47.474424497], [19.062179679, 47.474451497], [19.062151679, 47.474456497], [19.062142679, 47.474429497], [19.062171679, 47.474424497]]]}}, {"type": "Feature", "properties": {"id": 1103, "roomCode": "L\u00c9-7-41-06-84", "roomNumber": "7.41", "roomName": "7.41 Tak. szer rakt\u00e1r", "roomType": "technical", "floorId": 12, "level": 7, "fillSource": "catalog-bbox"}, "geometry": {"type": "Polygon", "coordinates": [[[19.062119032701034, 47.47441862459475], [19.062151969298963, 47.47441862459475], [19.062151969298963, 47.474448109405266], [19.062119032701034, 47.474448109405266], [19.062119032701034, 47.47441862459475]]]}}, {"type": "Feature", "properties": {"id": 1104, "roomCode": "L\u00c9-7-42-01-14", "roomNumber": "7.42", "roomName": "7.42 Fotolabor", "roomType": "educational", "floorId": 12, "level": 7, "fillSource": "mvt"}, "geometry": {"type": "Polygon", "coordinates": [[[19.062090859, 47.474416727], [19.062090859, 47.474419727], [19.062097859, 47.474418727], [19.062102859, 47.474433727], [19.062096859, 47.474434727], [19.062101859, 47.474452727], [19.062107859, 47.474451727], [19.062112859, 47.474466727], [19.062105859, 47.474467727], [19.062106859, 47.474469727], [19.062070859, 47.474474727], [19.062054859, 47.474421727], [19.062090859, 47.474416727]]]}}, {"type": "Feature", "properties": {"id": 1105, "roomCode": "L\u00c9-7-43-01-14", "roomNumber": "7.43", "roomName": "7.43 Fotolabor", "roomType": "educational", "floorId": 12, "level": 7, "fillSource": "mvt"}, "geometry": {"type": "Polygon", "coordinates": [[[19.062070439, 47.474407049], [19.062081439, 47.474442049], [19.062060439, 47.474446049], [19.062044439, 47.474447049], [19.062040439, 47.474445049], [19.062032439, 47.474412049], [19.062049439, 47.474409049], [19.062070439, 47.474407049]]]}}, {"type": "Feature", "properties": {"id": 1106, "roomCode": "L\u00c9-7-44-06-84", "roomNumber": "7.44", "roomName": "7.44 Rakt\u00e1r", "roomType": "technical", "floorId": 12, "level": 7, "fillSource": "catalog-bbox"}, "geometry": {"type": "Polygon", "coordinates": [[[19.061953224738648, 47.47439579557272], [19.06201726526135, 47.47439579557272], [19.06201726526135, 47.47442965242728], [19.061953224738648, 47.47442965242728], [19.061953224738648, 47.47439579557272]]]}}, {"type": "Feature", "properties": {"id": 1107, "roomCode": "L\u00c9-7-44/A-06-84", "roomNumber": "7.44/A", "roomName": "7.44/A Rakt\u00e1r", "roomType": "technical", "floorId": 12, "level": 7, "fillSource": "catalog-bbox"}, "geometry": {"type": "Polygon", "coordinates": [[[19.062010710619337, 47.474403060525695], [19.062038271380665, 47.474403060525695], [19.062038271380665, 47.47443209547431], [19.062010710619337, 47.47443209547431], [19.062010710619337, 47.474403060525695]]]}}, {"type": "Feature", "properties": {"id": 1108, "roomCode": "L\u00c9-7-45-05-77", "roomNumber": "7.45", "roomName": "7.45 Teakonyha", "roomType": "social", "floorId": 12, "level": 7, "fillSource": "mvt"}, "geometry": {"type": "Polygon", "coordinates": [[[19.062163469, 47.474452745], [19.062171469, 47.474479745], [19.062142469, 47.474483745], [19.062134469, 47.474455745], [19.062163469, 47.474452745]]]}}, {"type": "Feature", "properties": {"id": 1109, "roomCode": "L\u00c9-7-46-05-71", "roomNumber": "7.46", "roomName": "7.46 mosd\u00f3", "roomType": "social", "floorId": 12, "level": 7, "fillSource": "mvt"}, "geometry": {"type": "Polygon", "coordinates": [[[19.0621344, 47.474450095], [19.0621434, 47.474478095], [19.0621184, 47.474481095], [19.0621104, 47.474455095], [19.0621214, 47.474452095], [19.0621344, 47.474450095]]]}}, {"type": "Feature", "properties": {"id": 1110, "roomCode": "L\u00c9-7-47-06-84", "roomNumber": "7.47", "roomName": "7.47 Rakt\u00e1r", "roomType": "technical", "floorId": 12, "level": 7, "fillSource": "catalog-bbox"}, "geometry": {"type": "Polygon", "coordinates": [[[19.062002798989603, 47.47443116570294], [19.062028925010395, 47.47443116570294], [19.062028925010395, 47.47446074429706], [19.062002798989603, 47.47446074429706], [19.062002798989603, 47.47443116570294]]]}}, {"type": "Feature", "properties": {"id": 1111, "roomCode": "L\u00c9-7-47/A-06-84", "roomNumber": "7.47/A", "roomName": "7.47/A Rakt\u00e1r", "roomType": "technical", "floorId": 12, "level": 7, "fillSource": "catalog-bbox"}, "geometry": {"type": "Polygon", "coordinates": [[[19.061944752061844, 47.47442301309451], [19.062009173938154, 47.47442301309451], [19.062009173938154, 47.47445688290549], [19.061944752061844, 47.47445688290549], [19.061944752061844, 47.47442301309451]]]}}, {"type": "Feature", "properties": {"id": 1112, "roomCode": "L\u00c9-7-48/A-05-71", "roomNumber": "7.48/A", "roomName": "7.48/A F\u00e9rfi mosd\u00f3", "roomType": "social", "floorId": 12, "level": 7, "fillSource": "mvt"}, "geometry": {"type": "Polygon", "coordinates": [[[19.061862358, 47.474473401], [19.061869358, 47.474496401], [19.061841358, 47.474500401], [19.061834358, 47.474477401], [19.061862358, 47.474473401]]]}}, {"type": "Feature", "properties": {"id": 1113, "roomCode": "L\u00c9-7-48/B-05-71", "roomNumber": "7.48/B", "roomName": "7.48/B F\u00e9rfi mosd\u00f3", "roomType": "social", "floorId": 12, "level": 7, "fillSource": "mvt"}, "geometry": {"type": "Polygon", "coordinates": [[[19.061898309, 47.474477575], [19.061905309, 47.474500575], [19.061870309, 47.474505575], [19.061863309, 47.474482575], [19.061898309, 47.474477575]]]}}, {"type": "Feature", "properties": {"id": 1114, "roomCode": "L\u00c9-7-49-02-33", "roomNumber": "7.49", "roomName": "7.49 Dolgoz\u00f3", "roomType": "administrative", "floorId": 12, "level": 7, "fillSource": "mvt"}, "geometry": {"type": "Polygon", "coordinates": [[[19.062006482, 47.474469889], [19.062018482, 47.474511889], [19.062005482, 47.474513889], [19.062003482, 47.474507889], [19.061988482, 47.474509889], [19.061989482, 47.474514889], [19.061977482, 47.474516889], [19.061967482, 47.474484889], [19.061963482, 47.474485889], [19.061964482, 47.474475889], [19.062006482, 47.474469889]]]}}, {"type": "Feature", "properties": {"id": 1115, "roomCode": "L\u00c9-7-50-02-33", "roomNumber": "7.50", "roomName": "7.50 Dolgoz\u00f3", "roomType": "administrative", "floorId": 12, "level": 7, "fillSource": "mvt"}, "geometry": {"type": "Polygon", "coordinates": [[[19.062087848, 47.474486593], [19.062098848, 47.474524593], [19.062044848, 47.474535593], [19.062017848, 47.474538593], [19.062004848, 47.474497593], [19.062043848, 47.474491593], [19.062044848, 47.474496593], [19.062048848, 47.474495593], [19.062047848, 47.474491593], [19.062087848, 47.474486593]]]}}, {"type": "Feature", "properties": {"id": 1116, "roomCode": "L\u00c9-7-54-01-13", "roomNumber": "7.54", "roomName": "7.54 Oktat\u00f3i", "roomType": "educational", "floorId": 12, "level": 7, "fillSource": "mvt"}, "geometry": {"type": "Polygon", "coordinates": [[[19.062249716, 47.474582134], [19.062327716, 47.474568134], [19.062328716, 47.474574134], [19.062339716, 47.474573134], [19.062343716, 47.474585134], [19.062332716, 47.474587134], [19.062343716, 47.474623134], [19.062264716, 47.474632134], [19.062257716, 47.474610134], [19.062262716, 47.474609134], [19.062256716, 47.474603134], [19.062249716, 47.474582134]]]}}, {"type": "Feature", "properties": {"id": 1117, "roomCode": "L\u00c9-7-55-01-14", "roomNumber": "7.55", "roomName": "7.55 Labor", "roomType": "educational", "floorId": 12, "level": 7, "fillSource": "mvt"}, "geometry": {"type": "Polygon", "coordinates": [[[19.062230167, 47.474629294], [19.062308167, 47.474616294], [19.062319167, 47.474652294], [19.062330167, 47.474651294], [19.062334167, 47.474664294], [19.062323167, 47.474665294], [19.062324167, 47.474671294], [19.062245167, 47.474679294], [19.062238167, 47.474658294], [19.062245167, 47.474657294], [19.062237167, 47.474651294], [19.062230167, 47.474629294]]]}}, {"type": "Feature", "properties": {"id": 1118, "roomCode": "L\u00c9-7-57-01-14", "roomNumber": "7.57", "roomName": "7.57 GIS Labor", "roomType": "educational", "floorId": 12, "level": 7, "fillSource": "mvt"}, "geometry": {"type": "Polygon", "coordinates": [[[19.062257033, 47.474730234], [19.062259033, 47.474739234], [19.062269033, 47.474738234], [19.062273033, 47.474750234], [19.062263033, 47.474751234], [19.062265033, 47.474758234], [19.062186033, 47.474766234], [19.062179033, 47.474744234], [19.062183033, 47.474740234], [19.062257033, 47.474730234]]]}}, {"type": "Feature", "properties": {"id": 657, "roomCode": "L\u00c9-7-59-01-12", "roomNumber": "7.59", "roomName": "7.59 Terem", "roomType": "educational", "floorId": 12, "level": 7, "fillSource": "mvt"}, "geometry": {"type": "Polygon", "coordinates": [[[19.062097326, 47.474761918], [19.062109326, 47.474798918], [19.062100326, 47.474799918], [19.062102326, 47.474802918], [19.062042326, 47.474811918], [19.062025326, 47.474771918], [19.062097326, 47.474761918]]]}}, {"type": "Feature", "properties": {"id": 1121, "roomCode": "L\u00c9-7-61-03-43", "roomNumber": "7.61", "roomName": "7.61 K\u00f6nyvt\u00e1r", "roomType": "misc", "floorId": 12, "level": 7, "fillSource": "mvt"}, "geometry": {"type": "Polygon", "coordinates": [[[19.061961443, 47.474747377], [19.061971443, 47.474788377], [19.061910443, 47.474796377], [19.061893443, 47.474756377], [19.061961443, 47.474747377]]]}}, {"type": "Feature", "properties": {"id": 1122, "roomCode": "L\u00c9-7-62-03-43", "roomNumber": "7.62", "roomName": "7.62 t\u00e9rk\u00e9pt\u00e1r", "roomType": "misc", "floorId": 12, "level": 7, "fillSource": "mvt"}, "geometry": {"type": "Polygon", "coordinates": [[[19.061892907, 47.474737449], [19.061901907, 47.474779449], [19.061841907, 47.474787449], [19.061829907, 47.474746449], [19.061892907, 47.474737449]]]}}, {"type": "Feature", "properties": {"id": 1123, "roomCode": "L\u00c9-7-63-05-77", "roomNumber": "7.63", "roomName": "7.63 Teakonyha", "roomType": "social", "floorId": 12, "level": 7, "fillSource": "mvt"}, "geometry": {"type": "Polygon", "coordinates": [[[19.061829501, 47.474732909], [19.061841501, 47.474771909], [19.061797501, 47.474777909], [19.061785501, 47.474737909], [19.061829501, 47.474732909]]]}}, {"type": "Feature", "properties": {"id": 1124, "roomCode": "L\u00c9-7-70-02-33", "roomNumber": "7.70", "roomName": "7.70 Dolgoz\u00f3i", "roomType": "administrative", "floorId": 12, "level": 7, "fillSource": "mvt"}, "geometry": {"type": "Polygon", "coordinates": [[[19.061769141, 47.474785361], [19.061787141, 47.474844361], [19.061757141, 47.474847361], [19.061738141, 47.474789361], [19.061769141, 47.474785361]]]}}, {"type": "Feature", "properties": {"id": 1125, "roomCode": "L\u00c9-7-71-02-33", "roomNumber": "7.71", "roomName": "7.71 Dolgoz\u00f3i", "roomType": "administrative", "floorId": 12, "level": 7, "fillSource": "mvt"}, "geometry": {"type": "Polygon", "coordinates": [[[19.061802011, 47.474791639], [19.061818011, 47.474846639], [19.061787011, 47.474851639], [19.061769011, 47.474792639], [19.061802011, 47.474791639]]]}}, {"type": "Feature", "properties": {"id": 1126, "roomCode": "L\u00c9-7-72-02-33", "roomNumber": "7.72", "roomName": "7.72 Dolgoz\u00f3i", "roomType": "administrative", "floorId": 12, "level": 7, "fillSource": "mvt"}, "geometry": {"type": "Polygon", "coordinates": [[[19.06183837, 47.474795231], [19.06185737, 47.474853231], [19.06182437, 47.474857231], [19.06181037, 47.474798231], [19.06183837, 47.474795231]]]}}, {"type": "Feature", "properties": {"id": 1127, "roomCode": "L\u00c9-7-73-03-43 (1)", "roomNumber": "7.73", "roomName": "7.73 K\u00f6nyvt\u00e1r", "roomType": "misc", "floorId": 12, "level": 7, "fillSource": "mvt"}, "geometry": {"type": "Polygon", "coordinates": [[[19.061874822, 47.47480148], [19.061887822, 47.47485648], [19.061858822, 47.47486148], [19.061839822, 47.47480248], [19.061874822, 47.47480148]]]}}, {"type": "Feature", "properties": {"id": 1128, "roomCode": "L\u00c9-7-73-03-43 (2)", "roomNumber": "7.73", "roomName": "7.73 K\u00f6nyvt\u00e1r", "roomType": "misc", "floorId": 12, "level": 7, "fillSource": "mvt"}, "geometry": {"type": "Polygon", "coordinates": [[[19.06187978839933, 47.47485360268364], [19.061880458951585, 47.474855642233265], [19.061872747600667, 47.47485677531635], [19.061872077048413, 47.47485473576677], [19.06187978839933, 47.47485360268364]]]}}, {"type": "Feature", "properties": {"id": 1129, "roomCode": "L\u00c9-7-74-01-13", "roomNumber": "7.74", "roomName": "7.74 Oktat\u00f3i", "roomType": "educational", "floorId": 12, "level": 7, "fillSource": "mvt"}, "geometry": {"type": "Polygon", "coordinates": [[[19.061904691, 47.474798896], [19.061919691, 47.474847896], [19.061908691, 47.474849896], [19.061911691, 47.474857896], [19.061887691, 47.474857896], [19.061874691, 47.474802896], [19.061904691, 47.474798896]]]}}, {"type": "Feature", "properties": {"id": 1130, "roomCode": "L\u00c9-7-75-01-13", "roomNumber": "7.75", "roomName": "7.75 Oktat\u00f3i", "roomType": "educational", "floorId": 12, "level": 7, "fillSource": "mvt"}, "geometry": {"type": "Polygon", "coordinates": [[[19.061944332, 47.474810907], [19.061959332, 47.474865907], [19.061928332, 47.474870907], [19.061910332, 47.474812907], [19.061944332, 47.474810907]]]}}, {"type": "Feature", "properties": {"id": 1135, "roomCode": "L\u00c9-7-78-01-13", "roomNumber": "7.78", "roomName": "7.78 Oktat\u00f3i", "roomType": "educational", "floorId": 12, "level": 7, "fillSource": "mvt"}, "geometry": {"type": "Polygon", "coordinates": [[[19.062048215, 47.47482534], [19.062066215, 47.47488334], [19.062032215, 47.47488434], [19.062020215, 47.47482934], [19.062048215, 47.47482534]]]}}, {"type": "Feature", "properties": {"id": 1137, "roomCode": "L\u00c9-7-79-06-88 (1)", "roomNumber": "7.79", "roomName": "7.79 Szerverszoba", "roomType": "technical", "floorId": 12, "level": 7, "fillSource": "catalog-bbox"}, "geometry": {"type": "Polygon", "coordinates": [[[19.06208290531196, 47.47488282498188], [19.06209115668804, 47.47488282498188], [19.06209115668804, 47.47488534301812], [19.06208290531196, 47.47488534301812], [19.06208290531196, 47.47488282498188]]]}}, {"type": "Feature", "properties": {"id": 1136, "roomCode": "L\u00c9-7-79-06-88 (2)", "roomNumber": "7.79", "roomName": "7.79 Szerverszoba", "roomType": "technical", "floorId": 12, "level": 7, "fillSource": "catalog-bbox"}, "geometry": {"type": "Polygon", "coordinates": [[[19.062052749044376, 47.474823001447724], [19.062106998955617, 47.474823001447724], [19.062106998955617, 47.474884468552276], [19.062052749044376, 47.474884468552276], [19.062052749044376, 47.474823001447724]]]}}, {"type": "Feature", "properties": {"id": 1138, "roomCode": "L\u00c9-7-80-01-13", "roomNumber": "7.80", "roomName": "7.80 Oktat\u00f3i", "roomType": "educational", "floorId": 12, "level": 7, "fillSource": "mvt"}, "geometry": {"type": "Polygon", "coordinates": [[[19.062151764, 47.474840357], [19.062165764, 47.474895357], [19.062116764, 47.474901357], [19.062099764, 47.474845357], [19.062118764, 47.474842357], [19.062151764, 47.474840357]]]}}, {"type": "Feature", "properties": {"id": 1139, "roomCode": "L\u00c9-7-81-01-13", "roomNumber": "7.81", "roomName": "7.81 Oktat\u00f3i", "roomType": "educational", "floorId": 12, "level": 7, "fillSource": "mvt"}, "geometry": {"type": "Polygon", "coordinates": [[[19.062192875, 47.474841676], [19.062208875, 47.474895676], [19.062195875, 47.474899676], [19.062168875, 47.474899676], [19.062152875, 47.474847676], [19.062158875, 47.474845676], [19.062192875, 47.474841676]]]}}, {"type": "Feature", "properties": {"id": 1142, "roomCode": "L\u00c9-7-83-02-33", "roomNumber": "7.83", "roomName": "7.83 Titk\u00e1rs\u00e1g-t\u00e1rgyal\u00f3", "roomType": "administrative", "floorId": 12, "level": 7, "fillSource": "mvt"}, "geometry": {"type": "Polygon", "coordinates": [[[19.06237116, 47.474779571], [19.06239716, 47.474862571], [19.06232316, 47.474872571], [19.06229816, 47.474790571], [19.06237116, 47.474779571]]]}}, {"type": "Feature", "properties": {"id": 1143, "roomCode": "L\u00c9-7-84-01-13", "roomNumber": "7.84", "roomName": "7.84 Oktat\u00f3i", "roomType": "educational", "floorId": 12, "level": 7, "fillSource": "mvt"}, "geometry": {"type": "Polygon", "coordinates": [[[19.062395245, 47.474745874], [19.062403245, 47.474772874], [19.062330245, 47.474782874], [19.062322245, 47.474755874], [19.062395245, 47.474745874]]]}}, {"type": "Feature", "properties": {"id": 662, "roomCode": "L\u00c9-7-85-01-12 (1)", "roomNumber": "7.85", "roomName": "7.85 Terem", "roomType": "educational", "floorId": 12, "level": 7, "fillSource": "mvt"}, "geometry": {"type": "Polygon", "coordinates": [[[19.062425867, 47.474694108], [19.062442867, 47.474749108], [19.062369867, 47.474759108], [19.062358867, 47.474723108], [19.062348867, 47.474725108], [19.062344867, 47.474712108], [19.062354867, 47.474711108], [19.062352867, 47.474705108], [19.062425867, 47.474694108]]]}}, {"type": "Feature", "properties": {"id": 663, "roomCode": "L\u00c9-7-85-01-12 (2)", "roomNumber": "7.85", "roomName": "7.85 Terem", "roomType": "educational", "floorId": 12, "level": 7, "fillSource": "mvt"}, "geometry": {"type": "Polygon", "coordinates": [[[19.062408503339118, 47.47468385975675], [19.06235385333044, 47.47469224454548], [19.06235385333044, 47.474691564697785], [19.062408503339118, 47.47468385975675]]]}}, {"type": "Feature", "properties": {"id": 1088, "roomCode": "L\u00c9-7-86-01-12", "roomNumber": "7.86", "roomName": "7.86 Terem", "roomType": "educational", "floorId": 12, "level": 7, "fillSource": "mvt"}, "geometry": {"type": "Polygon", "coordinates": [[[19.062439006, 47.474624211], [19.062455006, 47.474678211], [19.062383006, 47.474689211], [19.062382006, 47.474683211], [19.062372006, 47.474684211], [19.062367006, 47.474672211], [19.062378006, 47.474670211], [19.062366006, 47.474634211], [19.062439006, 47.474624211]]]}}, {"type": "Feature", "properties": {"id": 59, "roomCode": "L\u00c9-7-87-01-12", "roomNumber": "7.87", "roomName": "7.87 Rajzterem", "roomType": "educational", "floorId": 12, "level": 7, "fillSource": "mvt"}, "geometry": {"type": "Polygon", "coordinates": [[[19.062461289, 47.474581969], [19.062477289, 47.474636969], [19.062404289, 47.474646969], [19.062392289, 47.474610969], [19.062383289, 47.474611969], [19.062379289, 47.474598969], [19.062388289, 47.474597969], [19.062387289, 47.474591969], [19.062461289, 47.474581969]]]}}, {"type": "Feature", "properties": {"id": 1144, "roomCode": "L\u00c9-7-88/B-02-33", "roomNumber": "7.88/B", "roomName": "7.88/B Dolgoz\u00f3", "roomType": "administrative", "floorId": 12, "level": 7, "fillSource": "mvt"}, "geometry": {"type": "Polygon", "coordinates": [[[19.062475995, 47.474538911], [19.062485995, 47.474570911], [19.062409995, 47.474581911], [19.062405995, 47.474568911], [19.062396995, 47.474569911], [19.062392995, 47.474556911], [19.062401995, 47.474555911], [19.062400995, 47.474549911], [19.062475995, 47.474538911]]]}}, {"type": "Feature", "properties": {"id": 1145, "roomCode": "L\u00c9-7-92-02-33", "roomNumber": "7.92", "roomName": "7.92 Dolgoz\u00f3", "roomType": "administrative", "floorId": 12, "level": 7, "fillSource": "mvt"}, "geometry": {"type": "Polygon", "coordinates": [[[19.062541258, 47.474265856], [19.062549258, 47.474292856], [19.062474258, 47.474302856], [19.062466258, 47.474275856], [19.062541258, 47.474265856]]]}}, {"type": "Feature", "properties": {"id": 1146, "roomCode": "L\u00c9-7-93-02-33", "roomNumber": "7.93", "roomName": "7.93 Dolgoz\u00f3", "roomType": "administrative", "floorId": 12, "level": 7, "fillSource": "mvt"}, "geometry": {"type": "Polygon", "coordinates": [[[19.062550021, 47.474237732], [19.062558021, 47.474264732], [19.062483021, 47.474274732], [19.062474021, 47.474247732], [19.062550021, 47.474237732]]]}}, {"type": "Feature", "properties": {"id": 1148, "roomCode": "L\u00c9-7-95-02-33", "roomNumber": "7.95", "roomName": "7.95 Dolgoz\u00f3", "roomType": "administrative", "floorId": 12, "level": 7, "fillSource": "mvt"}, "geometry": {"type": "Polygon", "coordinates": [[[19.062566748, 47.474181084], [19.062575748, 47.474208084], [19.062499748, 47.474219084], [19.062491748, 47.474192084], [19.062566748, 47.474181084]]]}}, {"type": "Feature", "properties": {"id": 1149, "roomCode": "L\u00c9-7-96-02-33", "roomNumber": "7.96", "roomName": "7.96 Dolgoz\u00f3", "roomType": "administrative", "floorId": 12, "level": 7, "fillSource": "mvt"}, "geometry": {"type": "Polygon", "coordinates": [[[19.062575512, 47.474153559], [19.062583512, 47.474179559], [19.062508512, 47.474190559], [19.062500512, 47.474163559], [19.062575512, 47.474153559]]]}}, {"type": "Feature", "properties": {"id": 1150, "roomCode": "L\u00c9-7-97-02-33", "roomNumber": "7.97", "roomName": "7.97 Dolgoz\u00f3", "roomType": "administrative", "floorId": 12, "level": 7, "fillSource": "mvt"}, "geometry": {"type": "Polygon", "coordinates": [[[19.062583883, 47.47412551], [19.062591883, 47.47415151], [19.062516883, 47.47416251], [19.062508883, 47.47413551], [19.062583883, 47.47412551]]]}}, {"type": "Feature", "properties": {"id": 1151, "roomCode": "L\u00c9-7-98-02-33", "roomNumber": "7.98", "roomName": "7.98 Oktat\u00f3", "roomType": "administrative", "floorId": 12, "level": 7, "fillSource": "mvt"}, "geometry": {"type": "Polygon", "coordinates": [[[19.062592831, 47.474097136], [19.062600831, 47.474124136], [19.062525831, 47.474134136], [19.062516831, 47.474107136], [19.062592831, 47.474097136]]]}}, {"type": "Feature", "properties": {"id": 1154, "roomCode": "L\u00c9-7-K1/D-06-89", "roomNumber": "7-K1/D", "roomName": "7.K1/D G\u00e9p\u00e9szeti t\u00e9r", "roomType": "technical", "floorId": 12, "level": 7, "fillSource": "catalog-bbox"}, "geometry": {"type": "Polygon", "coordinates": [[[19.061450142965075, 47.4750993911024], [19.061543627034926, 47.4750993911024], [19.061543627034926, 47.475261110897605], [19.061450142965075, 47.475261110897605], [19.061450142965075, 47.4750993911024]]]}}, {"type": "Feature", "properties": {"id": 1155, "roomCode": "L\u00c9-7-K10/B-06-89", "roomNumber": "7-K10/B", "roomName": "7.K10/B Radiol\u00f3giai Szel\u0151z\u0151 g\u00e9ph\u00e1z", "roomType": "technical", "floorId": 12, "level": 7, "fillSource": "catalog-bbox"}, "geometry": {"type": "Polygon", "coordinates": [[[19.061694055154597, 47.47477533792351], [19.061756916845408, 47.47477533792351], [19.061756916845408, 47.47483772807649], [19.061694055154597, 47.47483772807649], [19.061694055154597, 47.47477533792351]]]}}]}