{"type":"FeatureCollection","features":[{"type":"Feature","id":36914,"properties":{"buildingId":2,"floorId":6,"roomNumber":"164/A","roomName":"Női WC","scope":"budapest/lagymanyos/eszaki/1/LK-1-164-A-05-71","roomCode":"LK-1-164/A-05-71","roomType":"social","__tile":"16/36237/22923","__layer":"rooms","__zoom":16,"__mvtId":36914,"__building":"eszaki","__ringVerts":5,"id":36914,"catalogFloorId":6},"geometry":{"type":"Polygon","coordinates":[[[19.061295188,47.474636469],[19.061301893,47.474658224],[19.061256296,47.47466457],[19.06124959,47.474642814],[19.061295188,47.474636469]]]}},{"type":"Feature","id":36916,"properties":{"buildingId":2,"floorId":6,"roomNumber":"1-163A","roomName":"Férfi WC","scope":"budapest/lagymanyos/eszaki/1/LK-1-163-A-05-71","roomCode":"LK-1-163/A-05-71","roomType":"social","__tile":"16/36237/22923","__layer":"rooms","__zoom":16,"__mvtId":36916,"__building":"eszaki","__ringVerts":5,"id":36916,"catalogFloorId":6},"geometry":{"type":"Polygon","coordinates":[[[19.061309437,47.474604995],[19.061316142,47.474628563],[19.06126518,47.474635815],[19.061258475,47.474612247],[19.061309437,47.474604995]]]}},{"type":"Feature","id":36918,"properties":{"buildingId":2,"floorId":6,"roomNumber":"-","roomName":"Folyosó","scope":"budapest/lagymanyos/eszaki/1/LK-1-100-8-04-63","roomCode":"LK-1-100/8-04-63","roomType":"corridor","__tile":"16/36237/22923","__layer":"rooms","__zoom":16,"__mvtId":36918,"__building":"eszaki","__ringVerts":6,"id":36918,"catalogFloorId":6},"geometry":{"type":"Polygon","coordinates":[[[19.061366788,47.474658549],[19.061366788,47.474715657],[19.061361424,47.474716564],[19.061184398,47.474740132],[19.061168305,47.474688463],[19.061366788,47.474658549]]]}},{"type":"Feature","id":36862,"properties":{"buildingId":2,"floorId":5,"roomNumber":"071","roomName":"Büfé","scope":"budapest/lagymanyos/eszaki/0/LK-0-071-05-75","roomCode":"LK-0-071-05-75","roomType":"social","__tile":"17/72475/45847","__layer":"rooms","__zoom":17,"__mvtId":36862,"__building":"eszaki","__ringVerts":12,"id":36862,"catalogFloorId":5},"geometry":{"type":"Polygon","coordinates":[[[19.061293912,47.474310689],[19.061299277,47.474329725],[19.061289889,47.474339244],[19.061304641,47.474346043],[19.061310006,47.474365079],[19.061283183,47.474367799],[19.061280501,47.47435964],[19.061261726,47.474351028],[19.061257032,47.474336071],[19.061269772,47.47432338],[19.061267761,47.474315221],[19.061293912,47.474310689]]]}},{"type":"Feature","id":36615,"properties":{"buildingId":2,"floorId":4,"roomNumber":"-100/8","roomName":"Folyosó","scope":"budapest/lagymanyos/eszaki/-1/LK--1-100-8-04-63","roomCode":"LK--1-100/8-04-63","roomType":"corridor","__tile":"16/36237/22923","__layer":"rooms","__zoom":16,"__mvtId":36615,"__building":"eszaki","__ringVerts":11,"id":36615,"catalogFloorId":4},"geometry":{"type":"Polygon","coordinates":[[[19.061468613,47.474643366],[19.061468613,47.474671467],[19.061437768,47.474675999],[19.061435086,47.474669654],[19.061280859,47.474690503],[19.061283541,47.474696848],[19.061225874,47.474705006],[19.061224532,47.474697754],[19.061146748,47.474711352],[19.061140043,47.47468869],[19.061468613,47.474643366]]]}},{"type":"Feature","id":36789,"properties":{"buildingId":2,"floorId":5,"roomNumber":"000/8","roomName":"Előcsarnok","scope":"budapest/lagymanyos/eszaki/0/LK-0-000-8-04-61","roomCode":"LK-0-000/8-04-61","roomType":"corridor","__tile":"16/36237/22923","__layer":"rooms","__zoom":16,"__mvtId":36789,"__building":"eszaki","__ringVerts":14,"id":36789,"catalogFloorId":5},"geometry":{"type":"Polygon","coordinates":[[[19.061218923,47.474577011],[19.061257815,47.474725674],[19.061279272,47.474777343],[19.061273908,47.474781876],[19.061280613,47.474780969],[19.061295365,47.474832638],[19.061265861,47.474821761],[19.061241721,47.47482448],[19.061226969,47.474841703],[19.061075424,47.474862552],[19.061044579,47.474752868],[19.061112975,47.474740177],[19.061100905,47.474691227],[19.061218923,47.474577011]],[[19.061067378,47.47480635],[19.061062013,47.474807257],[19.061062013,47.474809976],[19.061067378,47.474809976],[19.061067378,47.47480635]],[[19.061137115,47.474797286],[19.061131751,47.474797286],[19.061133092,47.474800912],[19.061138456,47.474800005],[19.061137115,47.474797286]],[[19.061126386,47.474740177],[19.061115657,47.474741084],[19.061116999,47.47474471],[19.061127727,47.474742897],[19.061126386,47.474740177]]]}},{"type":"Feature","id":36790,"properties":{"buildingId":2,"floorId":5,"roomNumber":"000/9","roomName":"Szélfogó","scope":"budapest/lagymanyos/eszaki/0/LK-0-000-9-04-62","roomCode":"LK-0-000/9-04-62","roomType":"corridor","__tile":"16/36237/22923","__layer":"rooms","__zoom":16,"__mvtId":36790,"__building":"eszaki","__ringVerts":6,"id":36790,"catalogFloorId":5},"geometry":{"type":"Polygon","coordinates":[[[19.061131579,47.474764099],[19.061143649,47.474803078],[19.061084641,47.474811236],[19.061072571,47.474772258],[19.061095369,47.474768632],[19.061131579,47.474764099]]]}},{"type":"Feature","id":36811,"properties":{"buildingId":2,"floorId":5,"roomNumber":"000/10","roomName":"Lépcsőház","scope":"budapest/lagymanyos/eszaki/0/LK-0-000-10-04-64","roomCode":"LK-0-000/10-04-64","roomType":"corridor","__tile":"16/36237/22923","__layer":"rooms","__zoom":16,"__mvtId":36811,"__building":"eszaki","__ringVerts":5,"id":36811,"catalogFloorId":5},"geometry":{"type":"Polygon","coordinates":[[[19.061244063,47.474600519],[19.061261497,47.474658533],[19.061205171,47.474666692],[19.061186396,47.474608677],[19.061244063,47.474600519]]]}},{"type":"Feature","id":36854,"properties":{"buildingId":2,"floorId":5,"roomNumber":"000/12","roomName":"Folyosó","scope":"budapest/lagymanyos/eszaki/0/LK-0-000-12-04-63","roomCode":"LK-0-000/12-04-63","roomType":"corridor","__tile":"17/72475/45847","__layer":"rooms","__zoom":17,"__mvtId":36854,"__building":"eszaki","__ringVerts":10,"id":36854,"catalogFloorId":5},"geometry":{"type":"Polygon","coordinates":[[[19.061184828,47.474549018],[19.061093633,47.474243978],[19.061167393,47.474243978],[19.061225731,47.474437518],[19.061212991,47.474449756],[19.061217685,47.47446562],[19.06123646,47.474474231],[19.061255906,47.474537687],[19.061253895,47.474540406],[19.061184828,47.474549018]],[[19.061176111,47.474491002],[19.061170076,47.474491455],[19.061171417,47.474495081],[19.061176781,47.474494628],[19.061176111,47.474491002]],[[19.061159347,47.474434798],[19.061153982,47.474435705],[19.061155323,47.474438878],[19.061160688,47.474438424],[19.061159347,47.474434798]],[[19.061141242,47.474374969],[19.061135877,47.474375422],[19.061137889,47.474382674],[19.061143254,47.474382221],[19.061141242,47.474374969]],[[19.061125149,47.474318765],[19.061119114,47.474319672],[19.061120455,47.474322845],[19.061125819,47.474322391],[19.061125149,47.474318765]],[[19.061107714,47.474262562],[19.06110235,47.474263015],[19.061103691,47.474266641],[19.061109055,47.474266188],[19.061107714,47.474262562]]]}},{"type":"Feature","id":36856,"properties":{"buildingId":2,"floorId":5,"roomNumber":"063","roomName":"Bruckner terem","scope":"budapest/lagymanyos/eszaki/0/LK-0-063-01-11","roomCode":"LK-0-063-01-11","roomType":"educational","__tile":"17/72475/45847","__layer":"rooms","__zoom":17,"__mvtId":36856,"__building":"eszaki","__ringVerts":5,"id":36856,"catalogFloorId":5},"geometry":{"type":"Polygon","coordinates":[[[19.061358809,47.474351984],[19.061358809,47.474438102],[19.061317906,47.474443541],[19.061293766,47.474361049],[19.061358809,47.474351984]]]}},{"type":"Feature","id":37064,"properties":{"buildingId":2,"floorId":6,"roomNumber":"-","roomName":"Folyosó","scope":"budapest/lagymanyos/eszaki/1/LK-1-100-11-04-63","roomCode":"LK-1-100/11-04-63","roomType":"corridor","__tile":"17/72475/45847","__layer":"rooms","__zoom":17,"__mvtId":37064,"__building":"eszaki","__ringVerts":7,"id":37064,"catalogFloorId":6},"geometry":{"type":"Polygon","coordinates":[[[19.06119197,47.474565503],[19.061099433,47.474259104],[19.061175206,47.474259104],[19.061262378,47.474553265],[19.061260366,47.474555532],[19.061193311,47.474563237],[19.06119197,47.474565503]],[[19.061182582,47.474507487],[19.061177217,47.47450794],[19.061177888,47.474511566],[19.061183252,47.47451066],[19.061182582,47.474507487]],[[19.061165818,47.474451284],[19.061160454,47.474451737],[19.061161124,47.474455363],[19.061167159,47.47445491],[19.061165818,47.474451284]],[[19.061147713,47.474391454],[19.061142349,47.474391907],[19.06114436,47.474399159],[19.061149725,47.474398706],[19.061147713,47.474391454]],[[19.061130949,47.474335251],[19.061125585,47.474336157],[19.061126255,47.474339783],[19.06113162,47.474338877],[19.061130949,47.474335251]],[[19.061113515,47.474279047],[19.06110815,47.474279954],[19.061109492,47.474283126],[19.061114856,47.474282673],[19.061113515,47.474279047]]]}},{"type":"Feature","id":37065,"properties":{"buildingId":2,"floorId":6,"roomNumber":"-","roomName":"Térgeometriai gyűjtemény","scope":"budapest/lagymanyos/eszaki/1/LK-1-100-12-01-20","roomCode":"LK-1-100/12-01-20","roomType":"educational","__tile":"16/36237/22923","__layer":"rooms","__zoom":16,"__mvtId":37065,"__building":"eszaki","__ringVerts":10,"id":37065,"catalogFloorId":6},"geometry":{"type":"Polygon","coordinates":[[[19.061141248,47.474706352],[19.061150636,47.474709978],[19.061178799,47.474810597],[19.061103697,47.474823288],[19.061086263,47.474767992],[19.061094309,47.474767992],[19.061092968,47.474762554],[19.061086263,47.474766179],[19.061070169,47.474715417],[19.061141248,47.474706352]]]}},{"type":"Feature","id":36810,"properties":{"buildingId":2,"floorId":5,"roomNumber":"067A","roomName":"Női WC","scope":"budapest/lagymanyos/eszaki/0/LK-0-067A-05-71","roomCode":"LK-0-067A-05-71","roomType":"social","__tile":"16/36237/22923","__layer":"rooms","__zoom":16,"__mvtId":36810,"__building":"eszaki","__ringVerts":5,"id":36810,"catalogFloorId":5},"geometry":{"type":"Polygon","coordinates":[[[19.061295142,47.474637409],[19.061301848,47.474659164],[19.061254909,47.47466551],[19.061249544,47.474643754],[19.061295142,47.474637409]]]}},{"type":"Feature","id":36431,"properties":{"buildingId":2,"floorId":4,"roomNumber":"xyz","roomName":"Vészkijárat","scope":"budapest/lagymanyos/eszaki/-1/LK--1-018-04-64","roomCode":"LK--1-018-04-64","roomType":"corridor","__tile":"16/36237/22923","__layer":"rooms","__zoom":16,"__mvtId":36431,"__building":"eszaki","__ringVerts":5,"id":36431,"catalogFloorId":4},"geometry":{"type":"Polygon","coordinates":[[[19.061244047,47.47460074],[19.061261481,47.474658755],[19.061205155,47.474666913],[19.06118772,47.474607992],[19.061244047,47.47460074]]]}},{"type":"Feature","id":36484,"properties":{"buildingId":2,"floorId":4,"roomNumber":"P.K17","roomName":"Folyosó","scope":"budapest/lagymanyos/eszaki/-1/LÉ--1-K17-04-63","roomCode":"LÉ--1-K17-04-63","roomType":"corridor","__tile":"17/72475/45847","__layer":"rooms","__zoom":17,"__mvtId":36484,"__building":"eszaki","__ringVerts":11,"id":36484,"catalogFloorId":4},"geometry":{"type":"Polygon","coordinates":[[[19.06157356,47.474238494],[19.06157356,47.474257077],[19.061556126,47.474259797],[19.061562832,47.474281553],[19.06153668,47.474285179],[19.061529975,47.47426297],[19.06143945,47.474274754],[19.061431403,47.474248012],[19.061470966,47.47424212],[19.061474989,47.474252092],[19.06157356,47.474238494]]]}},{"type":"Feature","id":36622,"properties":{"buildingId":2,"floorId":4,"roomNumber":"*P-Lxx","roomName":"Lépcsőház","scope":"budapest/lagymanyos/eszaki/-1/LÉ--1-L10-04-64","roomCode":"LÉ--1-L10-04-64","roomType":"corridor","__tile":"17/72475/45847","__layer":"rooms","__zoom":17,"__mvtId":36622,"__building":"eszaki","__ringVerts":19,"id":36622,"catalogFloorId":4},"geometry":{"type":"Polygon","coordinates":[[[19.061111966,47.474196532],[19.061130071,47.474198798],[19.061142141,47.474204237],[19.061150858,47.474212396],[19.061155552,47.47422418],[19.061174998,47.474221007],[19.061183044,47.474247749],[19.061146834,47.474252735],[19.061145493,47.474248656],[19.061150858,47.474244123],[19.061146834,47.474241857],[19.061126718,47.474252282],[19.061101237,47.474252735],[19.061079779,47.474243217],[19.061070391,47.474225087],[19.061072403,47.474215115],[19.061082461,47.474205144],[19.061094531,47.474199251],[19.061111966,47.474196532]]]}},{"type":"Feature","id":36849,"properties":{"buildingId":2,"floorId":5,"roomNumber":"F-K.19","roomName":"Közlekedőtér","scope":"budapest/lagymanyos/eszaki/0/LÉ-0-K19-04-61","roomCode":"LÉ-0-K19-04-61","roomType":"corridor","__tile":"17/72475/45847","__layer":"rooms","__zoom":17,"__mvtId":36849,"__building":"eszaki","__ringVerts":16,"id":36849,"catalogFloorId":5},"geometry":{"type":"Polygon","coordinates":[[[19.061378217,47.474035209],[19.061392969,47.474087333],[19.061389616,47.474087786],[19.061401016,47.474125859],[19.061401016,47.474299001],[19.061219296,47.474090959],[19.061235389,47.474080987],[19.061228684,47.474077361],[19.061237401,47.474058325],[19.061246118,47.474058325],[19.061246789,47.474053339],[19.061304456,47.474045633],[19.061307809,47.474048353],[19.061317867,47.474046993],[19.061319879,47.474042914],[19.061378217,47.474035209]],[[19.061362124,47.47420971],[19.061358771,47.474212883],[19.061363465,47.474214696],[19.061366147,47.474211523],[19.061362124,47.47420971]],[[19.06134536,47.474153961],[19.061342677,47.47415668],[19.061346701,47.474158493],[19.061349383,47.474155774],[19.06134536,47.474153961]],[[19.061328596,47.474097757],[19.061325914,47.474100477],[19.061329937,47.47410229],[19.061332619,47.47409957],[19.061328596,47.474097757]]]}},{"type":"Feature","id":36857,"properties":{"buildingId":2,"floorId":5,"roomNumber":"065","roomName":"Than Károly terem","scope":"budapest/lagymanyos/eszaki/0/LK-0-065-01-11","roomCode":"LK-0-065-01-11","roomType":"educational","__tile":"17/72475/45847","__layer":"rooms","__zoom":17,"__mvtId":36857,"__building":"eszaki","__ringVerts":5,"id":36857,"catalogFloorId":5},"geometry":{"type":"Polygon","coordinates":[[[19.061261194,47.474575324],[19.061241748,47.474510055],[19.061344342,47.474510055],[19.061344342,47.474563086],[19.061261194,47.474575324]]]}},{"type":"Feature","id":36807,"properties":{"buildingId":2,"floorId":5,"roomNumber":"066/A","roomName":"Férfi WC","scope":"budapest/lagymanyos/eszaki/0/LK-0-066-A-05-71","roomCode":"LK-0-066/A-05-71","roomType":"social","__tile":"16/36237/22923","__layer":"rooms","__zoom":16,"__mvtId":36807,"__building":"eszaki","__ringVerts":5,"id":36807,"catalogFloorId":5},"geometry":{"type":"Polygon","coordinates":[[[19.06130972,47.474605676],[19.061316426,47.474628338],[19.061264122,47.474637403],[19.061257417,47.474612928],[19.06130972,47.474605676]]]}},{"type":"Feature","id":36435,"properties":{"buildingId":2,"floorId":4,"roomNumber":"P.92 B1 (-1.30)","roomName":"Tanműhely","scope":"budapest/lagymanyos/eszaki/-1/LÉ--1-130-01-18","roomCode":"LÉ--1-130-01-18","roomType":"educational","__tile":"17/72475/45847","__layer":"rooms","__zoom":17,"__mvtId":36435,"__building":"eszaki","__ringVerts":6,"id":36435,"catalogFloorId":4},"geometry":{"type":"Polygon","coordinates":[[[19.061296,47.474081731],[19.061312094,47.474136574],[19.061251073,47.474144733],[19.061206146,47.474093516],[19.06125979,47.474086717],[19.061296,47.474081731]]]}},{"type":"Feature","id":36907,"properties":{"buildingId":2,"floorId":6,"roomNumber":"-","roomName":"Közlekedőtér","scope":"budapest/lagymanyos/eszaki/1/LÉ-1-K19-04-63","roomCode":"LÉ-1-K19-04-63","roomType":"corridor","__tile":"17/72475/45847","__layer":"rooms","__zoom":17,"__mvtId":36907,"__building":"eszaki","__ringVerts":22,"id":36907,"catalogFloorId":6},"geometry":{"type":"Polygon","coordinates":[[[19.061373953,47.474008793],[19.061389375,47.474059104],[19.061381999,47.47406001],[19.061384011,47.474067715],[19.061396081,47.474065902],[19.061396081,47.474083126],[19.061391387,47.474084032],[19.061396081,47.474099443],[19.061396081,47.474226806],[19.061355177,47.474192813],[19.061341096,47.474171057],[19.061327685,47.474130717],[19.061311591,47.474110321],[19.061289463,47.474092191],[19.061229784,47.474055478],[19.061239172,47.47404324],[19.061241854,47.474026923],[19.061302204,47.474018764],[19.061302874,47.474021484],[19.061313603,47.474020124],[19.061312262,47.474016498],[19.061373953,47.474008793]],[[19.06135786,47.474182841],[19.061355177,47.474185561],[19.061359201,47.474187827],[19.061361883,47.474184654],[19.06135786,47.474182841]],[[19.061341096,47.474126638],[19.061337743,47.474129811],[19.061342437,47.474131624],[19.061345119,47.474128904],[19.061341096,47.474126638]],[[19.061324332,47.474070435],[19.061320979,47.474073608],[19.061325673,47.474075421],[19.061328355,47.474072701],[19.061324332,47.474070435]]]}},{"type":"Feature","id":37063,"properties":{"buildingId":2,"floorId":6,"roomNumber":"100/9","roomName":"Lépcsőház","scope":"budapest/lagymanyos/eszaki/1/LÉ-1-100-9-04-64","roomCode":"LÉ-1-100/9-04-64","roomType":"corridor","__tile":"16/36237/22923","__layer":"rooms","__zoom":16,"__mvtId":37063,"__building":"eszaki","__ringVerts":6,"id":37063,"catalogFloorId":6},"geometry":{"type":"Polygon","coordinates":[[[19.061208073,47.474624174],[19.061201368,47.474603325],[19.061259035,47.474596073],[19.06127647,47.474654088],[19.061218802,47.474662246],[19.061208073,47.474624174]],[[19.061244283,47.474619642],[19.061229531,47.474621455],[19.061237578,47.474645023],[19.061250989,47.474642304],[19.061244283,47.474619642]]]}},{"type":"Feature","id":37067,"properties":{"buildingId":2,"floorId":6,"roomNumber":"-","roomName":"Csigalépcső","scope":"budapest/lagymanyos/eszaki/1/LÉ-1-L10-04-64","roomCode":"LÉ-1-L10-04-64","roomType":"corridor","__tile":"17/72475/45847","__layer":"rooms","__zoom":17,"__mvtId":37067,"__building":"eszaki","__ringVerts":18,"id":37067,"catalogFloorId":6},"geometry":{"type":"Polygon","coordinates":[[[19.061110947,47.4741996],[19.061125029,47.47420096],[19.061140452,47.474206399],[19.061151851,47.474215464],[19.061155874,47.474227248],[19.061163921,47.474226795],[19.061161909,47.474239033],[19.061153863,47.474249458],[19.061147157,47.474245832],[19.061133076,47.474253537],[19.061112959,47.47425671],[19.061086137,47.474250364],[19.061074738,47.474240846],[19.061070714,47.474231328],[19.061072726,47.47421909],[19.061081443,47.474209118],[19.061093513,47.474203226],[19.061110947,47.4741996]],[[19.061116312,47.474215011],[19.061104242,47.47421637],[19.061093513,47.474226342],[19.061095525,47.4742345],[19.061110277,47.474241752],[19.061122347,47.474240393],[19.061133076,47.474230421],[19.061127711,47.47421909],[19.061116312,47.474215011]],[[19.061142463,47.474219996],[19.061141793,47.47422045],[19.061142463,47.474221356],[19.061143134,47.474220903],[19.061142463,47.474219996]]]}},{"type":"Feature","id":36434,"properties":{"buildingId":2,"floorId":4,"roomNumber":"P.90 B1 -(-1.29)","roomName":"Tanműhely","scope":"budapest/lagymanyos/eszaki/-1/LÉ--1-129-01-18","roomCode":"LÉ--1-129-01-18","roomType":"educational","__tile":"17/72475/45847","__layer":"rooms","__zoom":17,"__mvtId":36434,"__building":"eszaki","__ringVerts":9,"id":36434,"catalogFloorId":4},"geometry":{"type":"Polygon","coordinates":[[[19.061273332,47.474138706],[19.061290095,47.474194456],[19.0611989,47.474206694],[19.061153973,47.474155477],[19.061231087,47.474145052],[19.061233099,47.474150491],[19.061249862,47.474148225],[19.061247851,47.474141879],[19.061273332,47.474138706]]]}},{"type":"Feature","id":705,"properties":{"buildingId":2,"floorId":7,"roomNumber":"2-K7","roomName":"2.K7 Közlekedő Déli oldal","scope":"budapest/lagymanyos/eszaki/2/LÉ-2-K7-04-63","roomCode":"LÉ-2-K7-04-63","roomType":"corridor","__tile":"17/72476/45847","__layer":"rooms","__zoom":17,"__mvtId":705,"__building":"eszaki","__ringVerts":14,"id":705,"catalogFloorId":7},"geometry":{"type":"Polygon","coordinates":[[[19.062466273,47.474041214],[19.062470967,47.474056171],[19.062423358,47.47406297],[19.062424699,47.474067955],[19.062413299,47.474069768],[19.062411288,47.474064329],[19.062077353,47.474111921],[19.062021026,47.47411872],[19.062022367,47.474124159],[19.062010968,47.474125518],[19.062008956,47.474120533],[19.061962018,47.474126878],[19.061957324,47.474111921],[19.062466273,47.474041214]]]}},{"type":"Feature","id":806,"properties":{"buildingId":2,"floorId":8,"roomNumber":"3-K7","roomName":"3.K7 Közlekedő D-i","scope":"budapest/lagymanyos/eszaki/3/LÉ-3-K7-04-63","roomCode":"LÉ-3-K7-04-63","roomType":"corridor","__tile":"17/72476/45847","__layer":"rooms","__zoom":17,"__mvtId":806,"__building":"eszaki","__ringVerts":14,"id":806,"catalogFloorId":8},"geometry":{"type":"Polygon","coordinates":[[[19.062455503,47.474042529],[19.062460197,47.474057487],[19.062412587,47.474064285],[19.062413929,47.474069271],[19.0624032,47.474070631],[19.062400517,47.474065645],[19.06220874,47.474092387],[19.062010256,47.474120035],[19.062011597,47.474125474],[19.062000198,47.474126834],[19.061998186,47.474121848],[19.061950577,47.474128194],[19.061945883,47.474113236],[19.062455503,47.474042529]]]}},{"type":"Feature","id":673,"properties":{"buildingId":2,"floorId":7,"roomNumber":"2.63","roomName":"2.63 PC-8 Laboratórium","scope":"budapest/lagymanyos/eszaki/2/LÉ-2-63-01-14","roomCode":"LÉ-2-63-01-14","roomType":"educational","__tile":"17/72476/45847","__layer":"rooms","__zoom":17,"__mvtId":673,"__building":"eszaki","__ringVerts":5,"id":673,"catalogFloorId":7},"geometry":{"type":"Polygon","coordinates":[[[19.061915322,47.473981172],[19.061940132,47.474063664],[19.06186503,47.474074089],[19.06184022,47.473991597],[19.061915322,47.473981172]]]}},{"type":"Feature","id":989,"properties":{"buildingId":2,"floorId":10,"roomNumber":"5-K7","roomName":"5.K7 Közlekedő D-i","scope":"budapest/lagymanyos/eszaki/5/LÉ-5-K7-04-63","roomCode":"LÉ-5-K7-04-63","roomType":"corridor","__tile":"17/72476/45847","__layer":"rooms","__zoom":17,"__mvtId":989,"__building":"eszaki","__ringVerts":14,"id":989,"catalogFloorId":10},"geometry":{"type":"Polygon","coordinates":[[[19.06246934,47.474040327],[19.062474034,47.474055284],[19.062426425,47.474062083],[19.062427766,47.474067069],[19.062416367,47.474068882],[19.062414355,47.474063443],[19.062026105,47.47411874],[19.062024094,47.474119193],[19.062025435,47.474123272],[19.062014035,47.474124632],[19.062012024,47.474119646],[19.061964415,47.474125992],[19.061959721,47.474111034],[19.06246934,47.474040327]],[[19.062024094,47.47411874],[19.062026105,47.47411874],[19.062025435,47.474117833],[19.062024094,47.474117833],[19.062024094,47.47411874]]]}},{"type":"Feature","id":1079,"properties":{"buildingId":2,"floorId":12,"roomNumber":"7.17","roomName":"7.17 Dolgozó","scope":"budapest/lagymanyos/eszaki/7/LÉ-7-17-02-33","roomCode":"LÉ-7-17-02-33","roomType":"administrative","__tile":"17/72476/45847","__layer":"rooms","__zoom":17,"__mvtId":1079,"__building":"eszaki","__ringVerts":6,"id":1079,"catalogFloorId":12},"geometry":{"type":"Polygon","coordinates":[[[19.062014698,47.473998478],[19.062034144,47.474054681],[19.061987876,47.474061027],[19.061971112,47.47400709],[19.061999275,47.474000744],[19.062014698,47.473998478]]]}},{"type":"Feature","id":37070,"properties":{"buildingId":2,"floorId":6,"roomNumber":"-","roomName":"Galéria","scope":"budapest/lagymanyos/eszaki/1/LÉ-1-100-D-04-66","roomCode":"LÉ-1-100/D-04-66","roomType":"corridor","__tile":"17/72476/45847","__layer":"rooms","__zoom":17,"__mvtId":37070,"__building":"eszaki","__ringVerts":7,"id":37070,"catalogFloorId":6},"geometry":{"type":"Polygon","coordinates":[[[19.061857624,47.4739662],[19.061885117,47.47405957],[19.062065495,47.474035548],[19.062068848,47.474054584],[19.061861648,47.474081779],[19.061829461,47.47397028],[19.061857624,47.4739662]]]}},{"type":"Feature","id":936,"properties":{"buildingId":2,"floorId":10,"roomNumber":"5.61/A","roomName":"5.61/A","scope":"budapest/lagymanyos/eszaki/5/LÉ-5-61-A-01-13","roomCode":"LÉ-5-61/A-01-13","roomType":"educational","__tile":"17/72476/45847","__layer":"rooms","__zoom":17,"__mvtId":936,"__building":"eszaki","__ringVerts":5,"id":936,"catalogFloorId":10},"geometry":{"type":"Polygon","coordinates":[[[19.06191331,47.474031608],[19.061921356,47.474059256],[19.061846255,47.474068774],[19.061839549,47.474041579],[19.06191331,47.474031608]]]}},{"type":"Feature","id":51,"properties":{"buildingId":2,"floorId":8,"roomNumber":"3.74","roomName":"3.74 Tanácsterem","scope":"budapest/lagymanyos/eszaki/3/LÉ-3-74-01-12","roomCode":"LÉ-3-74-01-12","roomType":"educational","__tile":"17/72476/45847","__layer":"rooms","__zoom":17,"__mvtId":51,"__building":"eszaki","__ringVerts":9,"id":51,"catalogFloorId":8},"geometry":{"type":"Polygon","coordinates":[[[19.061905592,47.47397123],[19.061916992,47.47400749],[19.06192705,47.474006131],[19.061931073,47.474018822],[19.061921015,47.474020181],[19.061922356,47.474026074],[19.061847254,47.474036498],[19.061830491,47.473981655],[19.061905592,47.47397123]]]}},{"type":"Feature","id":785,"properties":{"buildingId":2,"floorId":8,"roomNumber":"3.85","roomName":"3.85 Oktató","scope":"budapest/lagymanyos/eszaki/3/LÉ-3-85-01-13","roomCode":"LÉ-3-85-01-13","roomType":"educational","__tile":"17/72476/45847","__layer":"rooms","__zoom":17,"__mvtId":785,"__building":"eszaki","__ringVerts":10,"id":785,"catalogFloorId":8},"geometry":{"type":"Polygon","coordinates":[[[19.062421778,47.474058058],[19.06242379,47.474063497],[19.062437201,47.474061684],[19.062439883,47.474064856],[19.062452624,47.474111541],[19.062413061,47.47411834],[19.062411049,47.474111994],[19.062396297,47.474064403],[19.062398979,47.47406123],[19.062421778,47.474058058]]]}},{"type":"Feature","id":1082,"properties":{"buildingId":2,"floorId":12,"roomNumber":"7.22","roomName":"7.22 Teakonyha","scope":"budapest/lagymanyos/eszaki/7/LÉ-7-22-05-77","roomCode":"LÉ-7-22-05-77","roomType":"social","__tile":"17/72476/45847","__layer":"rooms","__zoom":17,"__mvtId":1082,"__building":"eszaki","__ringVerts":6,"id":1082,"catalogFloorId":12},"geometry":{"type":"Polygon","coordinates":[[[19.062477728,47.474064395],[19.062494492,47.474118331],[19.062448224,47.47412513],[19.062432801,47.474068021],[19.062460964,47.474064395],[19.062477728,47.474064395]]]}},{"type":"Feature","id":841,"properties":{"buildingId":2,"floorId":9,"roomNumber":"4.57","roomName":"4.57 Metallográfiai labor","scope":"budapest/lagymanyos/eszaki/4/LÉ-4-57-01-14 (2)","roomCode":"LÉ-4-57-01-14 (2)","roomType":"educational","__tile":"17/72476/45847","__layer":"rooms","__zoom":17,"__mvtId":841,"__building":"eszaki","__ringVerts":6,"id":841,"catalogFloorId":9},"geometry":{"type":"Polygon","coordinates":[[[19.06230505,47.474040517],[19.062308403,47.47404233],[19.062325167,47.474096267],[19.062284933,47.474100799],[19.06226817,47.474045503],[19.06230505,47.474040517]]]}},{"type":"Feature","id":674,"properties":{"buildingId":2,"floorId":7,"roomNumber":"2.64","roomName":"2.64 Oktató","scope":"budapest/lagymanyos/eszaki/2/LÉ-2-64-01-13","roomCode":"LÉ-2-64-01-13","roomType":"educational","__tile":"17/72476/45847","__layer":"rooms","__zoom":17,"__mvtId":674,"__building":"eszaki","__ringVerts":6,"id":674,"catalogFloorId":7},"geometry":{"type":"Polygon","coordinates":[[[19.062016655,47.473998371],[19.062036101,47.474054574],[19.061989833,47.47406092],[19.061973069,47.474006983],[19.061989833,47.474000637],[19.062016655,47.473998371]]]}},{"type":"Feature","id":675,"properties":{"buildingId":2,"floorId":7,"roomNumber":"2.65","roomName":"2.65 Oktató","scope":"budapest/lagymanyos/eszaki/2/LÉ-2-65-01-13","roomCode":"LÉ-2-65-01-13","roomType":"educational","__tile":"17/72476/45847","__layer":"rooms","__zoom":17,"__mvtId":675,"__building":"eszaki","__ringVerts":8,"id":675,"catalogFloorId":7},"geometry":{"type":"Polygon","coordinates":[[[19.062057724,47.474007957],[19.062061077,47.47400977],[19.06207784,47.47406416],[19.062037607,47.474068239],[19.062022185,47.474018382],[19.062035596,47.474016569],[19.062033584,47.474010223],[19.062057724,47.474007957]]]}},{"type":"Feature","id":677,"properties":{"buildingId":2,"floorId":7,"roomNumber":"2.67","roomName":"2.67 Titkárság","scope":"budapest/lagymanyos/eszaki/2/LÉ-2-67-02-33","roomCode":"LÉ-2-67-02-33","roomType":"administrative","__tile":"17/72476/45847","__layer":"rooms","__zoom":17,"__mvtId":677,"__building":"eszaki","__ringVerts":7,"id":677,"catalogFloorId":7},"geometry":{"type":"Polygon","coordinates":[[[19.062138792,47.474019393],[19.062142145,47.474021659],[19.062158908,47.474075596],[19.062116664,47.474081488],[19.062101911,47.474024832],[19.062115322,47.474021659],[19.062138792,47.474019393]]]}},{"type":"Feature","id":679,"properties":{"buildingId":2,"floorId":7,"roomNumber":"2.69","roomName":"2.69 Oktató","scope":"budapest/lagymanyos/eszaki/2/LÉ-2-69-01-13","roomCode":"LÉ-2-69-01-13","roomType":"educational","__tile":"17/72476/45847","__layer":"rooms","__zoom":17,"__mvtId":679,"__building":"eszaki","__ringVerts":7,"id":679,"catalogFloorId":7},"geometry":{"type":"Polygon","coordinates":[[[19.062221641,47.474031463],[19.062225664,47.474033276],[19.062241757,47.474087213],[19.062201524,47.474091745],[19.06218476,47.474036449],[19.062198171,47.474033729],[19.062221641,47.474031463]]]}},{"type":"Feature","id":678,"properties":{"buildingId":2,"floorId":7,"roomNumber":"2.68","roomName":"2.68 Oktató","scope":"budapest/lagymanyos/eszaki/2/LÉ-2-68-01-13","roomCode":"LÉ-2-68-01-13","roomType":"educational","__tile":"17/72476/45847","__layer":"rooms","__zoom":17,"__mvtId":678,"__building":"eszaki","__ringVerts":6,"id":678,"catalogFloorId":7},"geometry":{"type":"Polygon","coordinates":[[[19.062185878,47.474021548],[19.062201972,47.474078205],[19.06216308,47.47408319],[19.062146986,47.474029254],[19.062148998,47.474026534],[19.062185878,47.474021548]]]}},{"type":"Feature","id":681,"properties":{"buildingId":2,"floorId":7,"roomNumber":"2.71","roomName":"2.71 Oktató","scope":"budapest/lagymanyos/eszaki/2/LÉ-2-71-01-13","roomCode":"LÉ-2-71-01-13","roomType":"educational","__tile":"17/72476/45847","__layer":"rooms","__zoom":17,"__mvtId":681,"__building":"eszaki","__ringVerts":7,"id":681,"catalogFloorId":7},"geometry":{"type":"Polygon","coordinates":[[[19.062304854,47.474042573],[19.062308877,47.474044839],[19.06232497,47.474098776],[19.062284737,47.474102856],[19.062267973,47.474048012],[19.062281384,47.474045746],[19.062304854,47.474042573]]]}},{"type":"Feature","id":682,"properties":{"buildingId":2,"floorId":7,"roomNumber":"2.72","roomName":"2.72 Tanszékvezető","scope":"budapest/lagymanyos/eszaki/2/LÉ-2-72-01-13","roomCode":"LÉ-2-72-01-13","roomType":"educational","__tile":"17/72476/45847","__layer":"rooms","__zoom":17,"__mvtId":682,"__building":"eszaki","__ringVerts":7,"id":682,"catalogFloorId":7},"geometry":{"type":"Polygon","coordinates":[[[19.062353926,47.474047458],[19.062370019,47.474103661],[19.062331797,47.4741091],[19.062315034,47.474055163],[19.062317045,47.474052443],[19.062327774,47.47405063],[19.062353926,47.474047458]]]}},{"type":"Feature","id":777,"properties":{"buildingId":2,"floorId":8,"roomNumber":"3.77","roomName":"3.77 Oktató","scope":"budapest/lagymanyos/eszaki/3/LÉ-3-77-01-13","roomCode":"LÉ-3-77-01-13","roomType":"educational","__tile":"17/72476/45847","__layer":"rooms","__zoom":17,"__mvtId":777,"__building":"eszaki","__ringVerts":7,"id":777,"catalogFloorId":8},"geometry":{"type":"Polygon","coordinates":[[[19.062104182,47.474005305],[19.062120946,47.474060601],[19.062081384,47.4740674],[19.062080042,47.474061055],[19.06206529,47.474013463],[19.062067302,47.47401029],[19.062104182,47.474005305]]]}},{"type":"Feature","id":775,"properties":{"buildingId":2,"floorId":8,"roomNumber":"3.75","roomName":"3.75 Tanszékvezető","scope":"budapest/lagymanyos/eszaki/3/LÉ-3-75-01-13","roomCode":"LÉ-3-75-01-13","roomType":"educational","__tile":"17/72476/45847","__layer":"rooms","__zoom":17,"__mvtId":775,"__building":"eszaki","__ringVerts":8,"id":775,"catalogFloorId":8},"geometry":{"type":"Polygon","coordinates":[[[19.062023305,47.473995345],[19.062039398,47.474052001],[19.061996483,47.474057894],[19.061994471,47.474052001],[19.061979719,47.474003957],[19.061987095,47.474002597],[19.061986424,47.474000331],[19.062023305,47.473995345]]]}},{"type":"Feature","id":37026,"properties":{"buildingId":2,"floorId":6,"roomNumber":"1.92","roomName":"Irattár","scope":"budapest/lagymanyos/eszaki/1/LÉ-1-92-02-34","roomCode":"LÉ-1-92-02-34","roomType":"administrative","__tile":"17/72476/45847","__layer":"rooms","__zoom":17,"__mvtId":37026,"__building":"eszaki","__ringVerts":11,"id":37026,"catalogFloorId":6},"geometry":{"type":"Polygon","coordinates":[[[19.062040921,47.474021612],[19.062042262,47.474026145],[19.062050979,47.474025238],[19.062060367,47.474057872],[19.061940338,47.474073736],[19.061928939,47.474036569],[19.061961125,47.474032037],[19.061962466,47.474034756],[19.061971183,47.47403385],[19.061969842,47.47403113],[19.062040921,47.474021612]]]}},{"type":"Feature","id":781,"properties":{"buildingId":2,"floorId":8,"roomNumber":"3.81","roomName":"3.81 Oktató","scope":"budapest/lagymanyos/eszaki/3/LÉ-3-81-01-13","roomCode":"LÉ-3-81-01-13","roomType":"educational","__tile":"17/72476/45847","__layer":"rooms","__zoom":17,"__mvtId":781,"__building":"eszaki","__ringVerts":7,"id":781,"catalogFloorId":8},"geometry":{"type":"Polygon","coordinates":[[[19.062270448,47.474028358],[19.062287212,47.474083654],[19.06224765,47.474090453],[19.062246308,47.474084108],[19.062231556,47.474036516],[19.062233568,47.474033343],[19.062270448,47.474028358]]]}},{"type":"Feature","id":856,"properties":{"buildingId":2,"floorId":9,"roomNumber":"4.74","roomName":"4.74 Oktató","scope":"budapest/lagymanyos/eszaki/4/LÉ-4-74-01-13","roomCode":"LÉ-4-74-01-13","roomType":"educational","__tile":"17/72476/45847","__layer":"rooms","__zoom":17,"__mvtId":856,"__building":"eszaki","__ringVerts":6,"id":856,"catalogFloorId":9},"geometry":{"type":"Polygon","coordinates":[[[19.06212805,47.474075459],[19.06213945,47.474112625],[19.062058313,47.474123956],[19.062056972,47.474117611],[19.062046913,47.47408679],[19.06212805,47.474075459]]]}},{"type":"Feature","id":847,"properties":{"buildingId":2,"floorId":9,"roomNumber":"4.63","roomName":"4.63 Oktató","scope":"budapest/lagymanyos/eszaki/4/LÉ-4-63-01-13","roomCode":"LÉ-4-63-01-13","roomType":"educational","__tile":"17/72476/45847","__layer":"rooms","__zoom":17,"__mvtId":847,"__building":"eszaki","__ringVerts":5,"id":847,"catalogFloorId":9},"geometry":{"type":"Polygon","coordinates":[[[19.062142062,47.474013282],[19.062159497,47.474069485],[19.062119264,47.474074017],[19.0621025,47.474019174],[19.062142062,47.474013282]]]}},{"type":"Feature","id":845,"properties":{"buildingId":2,"floorId":9,"roomNumber":"4.61","roomName":"4.61 Oktató","scope":"budapest/lagymanyos/eszaki/4/LÉ-4-61-01-13","roomCode":"LÉ-4-61-01-13","roomType":"educational","__tile":"17/72476/45847","__layer":"rooms","__zoom":17,"__mvtId":845,"__building":"eszaki","__ringVerts":7,"id":845,"catalogFloorId":9},"geometry":{"type":"Polygon","coordinates":[[[19.062064049,47.474005387],[19.062081483,47.474061591],[19.06204125,47.474066123],[19.062025827,47.474016266],[19.062039238,47.474014452],[19.062037897,47.474009013],[19.062064049,47.474005387]]]}},{"type":"Feature","id":850,"properties":{"buildingId":2,"floorId":9,"roomNumber":"4.66","roomName":"4.66 Oktató","scope":"budapest/lagymanyos/eszaki/4/LÉ-4-66-01-13","roomCode":"LÉ-4-66-01-13","roomType":"educational","__tile":"17/72476/45847","__layer":"rooms","__zoom":17,"__mvtId":850,"__building":"eszaki","__ringVerts":6,"id":850,"catalogFloorId":9},"geometry":{"type":"Polygon","coordinates":[[[19.062271695,47.474033435],[19.062287789,47.474089638],[19.062248897,47.474095077],[19.062232803,47.47404114],[19.062234815,47.474038421],[19.062271695,47.474033435]]]}},{"type":"Feature","id":852,"properties":{"buildingId":2,"floorId":9,"roomNumber":"4.69","roomName":"4.69 Titkárság","scope":"budapest/lagymanyos/eszaki/4/LÉ-4-69-02-33","roomCode":"LÉ-4-69-02-33","roomType":"administrative","__tile":"17/72476/45847","__layer":"rooms","__zoom":17,"__mvtId":852,"__building":"eszaki","__ringVerts":6,"id":852,"catalogFloorId":9},"geometry":{"type":"Polygon","coordinates":[[[19.062388131,47.474051988],[19.062392154,47.474054254],[19.062408248,47.474107738],[19.062368015,47.47411227],[19.062351251,47.474057427],[19.062388131,47.474051988]]]}},{"type":"Feature","id":953,"properties":{"buildingId":2,"floorId":10,"roomNumber":"5.79","roomName":"5.79 Oktató","scope":"budapest/lagymanyos/eszaki/5/LÉ-5-79-01-13","roomCode":"LÉ-5-79-01-13","roomType":"educational","__tile":"17/72476/45847","__layer":"rooms","__zoom":17,"__mvtId":953,"__building":"eszaki","__ringVerts":6,"id":953,"catalogFloorId":10},"geometry":{"type":"Polygon","coordinates":[[[19.062156856,47.474093325],[19.062164902,47.474093778],[19.062176302,47.474129585],[19.062136069,47.474135024],[19.062124669,47.474097857],[19.062156856,47.474093325]]]}},{"type":"Feature","id":1037,"properties":{"buildingId":2,"floorId":11,"roomNumber":"6.65","roomName":"6.65 Dolgozó","scope":"budapest/lagymanyos/eszaki/6/LÉ-6-65-01-13","roomCode":"LÉ-6-65-01-13","roomType":"educational","__tile":"17/72476/45847","__layer":"rooms","__zoom":17,"__mvtId":1037,"__building":"eszaki","__ringVerts":10,"id":1037,"catalogFloorId":11},"geometry":{"type":"Polygon","coordinates":[[[19.062058509,47.474008419],[19.062059179,47.474010686],[19.062063873,47.474010232],[19.062078625,47.474064622],[19.062039733,47.474069608],[19.062027663,47.474034255],[19.062022969,47.474018844],[19.06203638,47.474017031],[19.062035039,47.474011592],[19.062058509,47.474008419]]]}},{"type":"Feature","id":940,"properties":{"buildingId":2,"floorId":10,"roomNumber":"5.66","roomName":"5.66 Oktató","scope":"budapest/lagymanyos/eszaki/5/LÉ-5-66-01-13","roomCode":"LÉ-5-66-01-13","roomType":"educational","__tile":"17/72476/45847","__layer":"rooms","__zoom":17,"__mvtId":940,"__building":"eszaki","__ringVerts":5,"id":940,"catalogFloorId":10},"geometry":{"type":"Polygon","coordinates":[[[19.062138384,47.474012742],[19.062157159,47.474069399],[19.062118267,47.474074838],[19.062100162,47.474018634],[19.062138384,47.474012742]]]}},{"type":"Feature","id":941,"properties":{"buildingId":2,"floorId":10,"roomNumber":"5.67","roomName":"5.67 Doktorandusz","scope":"budapest/lagymanyos/eszaki/5/LÉ-5-67-01-13","roomCode":"LÉ-5-67-01-13","roomType":"educational","__tile":"17/72476/45847","__layer":"rooms","__zoom":17,"__mvtId":941,"__building":"eszaki","__ringVerts":6,"id":941,"catalogFloorId":10},"geometry":{"type":"Polygon","coordinates":[[[19.062186383,47.474022048],[19.062202476,47.474078704],[19.062163584,47.47408369],[19.062144809,47.474027487],[19.062148161,47.474027034],[19.062186383,47.474022048]]]}},{"type":"Feature","id":942,"properties":{"buildingId":2,"floorId":10,"roomNumber":"5.68","roomName":"5.68 Oktató","scope":"budapest/lagymanyos/eszaki/5/LÉ-5-68-01-13","roomCode":"LÉ-5-68-01-13","roomType":"educational","__tile":"17/72476/45847","__layer":"rooms","__zoom":17,"__mvtId":942,"__building":"eszaki","__ringVerts":5,"id":942,"catalogFloorId":10},"geometry":{"type":"Polygon","coordinates":[[[19.062221976,47.474024598],[19.062240081,47.474080801],[19.062201189,47.47408624],[19.062183084,47.474030037],[19.062221976,47.474024598]]]}},{"type":"Feature","id":944,"properties":{"buildingId":2,"floorId":10,"roomNumber":"5.70","roomName":"5.70 Oktató","scope":"budapest/lagymanyos/eszaki/5/LÉ-5-70-01-13","roomCode":"LÉ-5-70-01-13","roomType":"educational","__tile":"17/72476/45847","__layer":"rooms","__zoom":17,"__mvtId":944,"__building":"eszaki","__ringVerts":5,"id":944,"catalogFloorId":10},"geometry":{"type":"Polygon","coordinates":[[[19.062305836,47.474036181],[19.062323271,47.474092837],[19.062283038,47.474096917],[19.062266274,47.474042073],[19.062305836,47.474036181]]]}},{"type":"Feature","id":948,"properties":{"buildingId":2,"floorId":10,"roomNumber":"5.74","roomName":"5.74 Tanszékvezető","scope":"budapest/lagymanyos/eszaki/5/LÉ-5-74-02-33","roomCode":"LÉ-5-74-02-33","roomType":"administrative","__tile":"17/72476/45847","__layer":"rooms","__zoom":17,"__mvtId":948,"__building":"eszaki","__ringVerts":5,"id":948,"catalogFloorId":10},"geometry":{"type":"Polygon","coordinates":[[[19.062476286,47.474059401],[19.06249372,47.474116058],[19.062448793,47.474121043],[19.062432029,47.474065747],[19.062476286,47.474059401]]]}},{"type":"Feature","id":1051,"properties":{"buildingId":2,"floorId":11,"roomNumber":"6.78/B","roomName":"6.78/B Titkárság","scope":"budapest/lagymanyos/eszaki/6/LÉ-6-78-B-02-33","roomCode":"LÉ-6-78/B-02-33","roomType":"administrative","__tile":"17/72476/45847","__layer":"rooms","__zoom":17,"__mvtId":1051,"__building":"eszaki","__ringVerts":5,"id":1051,"catalogFloorId":11},"geometry":{"type":"Polygon","coordinates":[[[19.062122567,47.474084341],[19.062133966,47.474121507],[19.062095074,47.474126946],[19.062083675,47.47409114],[19.062122567,47.474084341]]]}},{"type":"Feature","id":1033,"properties":{"buildingId":2,"floorId":11,"roomNumber":"6.61","roomName":"6.61 F6 Tanszékvezető","scope":"budapest/lagymanyos/eszaki/6/LÉ-6-61-01-13","roomCode":"LÉ-6-61-01-13","roomType":"educational","__tile":"17/72476/45847","__layer":"rooms","__zoom":17,"__mvtId":1033,"__building":"eszaki","__ringVerts":6,"id":1033,"catalogFloorId":11},"geometry":{"type":"Polygon","coordinates":[[[19.061891255,47.474089921],[19.061892596,47.474093547],[19.061899302,47.474116663],[19.0618242,47.474127088],[19.061818165,47.474099893],[19.061891255,47.474089921]]]}},{"type":"Feature","id":1043,"properties":{"buildingId":2,"floorId":11,"roomNumber":"6.71","roomName":"6.71 D12 Oktató","scope":"budapest/lagymanyos/eszaki/6/LÉ-6-71-01-13","roomCode":"LÉ-6-71-01-13","roomType":"educational","__tile":"17/72476/45847","__layer":"rooms","__zoom":17,"__mvtId":1043,"__building":"eszaki","__ringVerts":7,"id":1043,"catalogFloorId":11},"geometry":{"type":"Polygon","coordinates":[[[19.062355294,47.474043946],[19.062370717,47.474100149],[19.062332495,47.474105588],[19.062321766,47.474071595],[19.062315731,47.474051651],[19.062318413,47.474048932],[19.062355294,47.474043946]]]}},{"type":"Feature","id":1039,"properties":{"buildingId":2,"floorId":11,"roomNumber":"6.67","roomName":"6.67 Dolgozó","scope":"budapest/lagymanyos/eszaki/6/LÉ-6-67-01-13","roomCode":"LÉ-6-67-01-13","roomType":"educational","__tile":"17/72476/45847","__layer":"rooms","__zoom":17,"__mvtId":1039,"__building":"eszaki","__ringVerts":7,"id":1039,"catalogFloorId":11},"geometry":{"type":"Polygon","coordinates":[[[19.062139473,47.474015814],[19.062142825,47.47401808],[19.062159589,47.474072017],[19.062120697,47.474077456],[19.062108627,47.474042556],[19.062102592,47.474021253],[19.062139473,47.474015814]]]}},{"type":"Feature","id":1041,"properties":{"buildingId":2,"floorId":11,"roomNumber":"6.69","roomName":"6.69 D12 Oktató","scope":"budapest/lagymanyos/eszaki/6/LÉ-6-69-01-13","roomCode":"LÉ-6-69-01-13","roomType":"educational","__tile":"17/72476/45847","__layer":"rooms","__zoom":17,"__mvtId":1041,"__building":"eszaki","__ringVerts":7,"id":1041,"catalogFloorId":11},"geometry":{"type":"Polygon","coordinates":[[[19.062271813,47.474032361],[19.062287907,47.474089018],[19.062249685,47.474094457],[19.062238286,47.47405865],[19.062232921,47.47404052],[19.062234933,47.474037347],[19.062271813,47.474032361]]]}},{"type":"Feature","id":36451,"properties":{"buildingId":2,"floorId":4,"roomNumber":"P.75/C (-1.64)","roomName":"Rybár István terem","scope":"budapest/lagymanyos/eszaki/-1/LÉ--1-164-01-11","roomCode":"LÉ--1-164-01-11","roomType":"educational","__tile":"17/72476/45847","__layer":"rooms","__zoom":17,"__mvtId":36451,"__building":"eszaki","__ringVerts":9,"id":36451,"catalogFloorId":4},"geometry":{"type":"Polygon","coordinates":[[[19.062060529,47.47394346],[19.062096739,47.4740536],[19.062016943,47.474064025],[19.062001521,47.474011448],[19.062005544,47.474010541],[19.062003532,47.474004196],[19.061997497,47.474004649],[19.061983416,47.473953885],[19.062060529,47.47394346]]]}},{"type":"Feature","id":37033,"properties":{"buildingId":2,"floorId":6,"roomNumber":"1.90","roomName":"Iroda","scope":"budapest/lagymanyos/eszaki/1/LÉ-1-90-02-33","roomCode":"LÉ-1-90-02-33","roomType":"administrative","__tile":"17/72476/45847","__layer":"rooms","__zoom":17,"__mvtId":37033,"__building":"eszaki","__ringVerts":5,"id":37033,"catalogFloorId":6},"geometry":{"type":"Polygon","coordinates":[[[19.061888539,47.474094986],[19.061896586,47.474121274],[19.061822155,47.474131246],[19.06181679,47.474105864],[19.061888539,47.474094986]]]}},{"type":"Feature","id":36473,"properties":{"buildingId":2,"floorId":4,"roomNumber":"P.47/D","roomName":"Belső udvar","scope":"budapest/lagymanyos/eszaki/-1/LÉ--1-P47-D-07-108","roomCode":"LÉ--1-P47/D-07-108","roomType":"outdoor","__tile":"17/72476/45847","__layer":"rooms","__zoom":17,"__mvtId":36473,"__building":"eszaki","__ringVerts":5,"id":36473,"catalogFloorId":4},"geometry":{"type":"Polygon","coordinates":[[[19.062392868,47.473995818],[19.062406279,47.474040236],[19.062337212,47.474049301],[19.062319778,47.474005336],[19.062392868,47.473995818]]]}},{"type":"Feature","id":36499,"properties":{"buildingId":2,"floorId":4,"roomNumber":"P.50 B6","roomName":"Előadóterem","scope":"budapest/lagymanyos/eszaki/-1/LÉ--1-162-01-11","roomCode":"LÉ--1-162-01-11","roomType":"educational","__tile":"17/72476/45847","__layer":"rooms","__zoom":17,"__mvtId":36499,"__building":"eszaki","__ringVerts":7,"id":36499,"catalogFloorId":4},"geometry":{"type":"Polygon","coordinates":[[[19.061828915,47.473922194],[19.061843668,47.473972958],[19.061839644,47.473973412],[19.06185909,47.474032334],[19.061780636,47.474042305],[19.061748449,47.473933072],[19.061828915,47.473922194]]]}},{"type":"Feature","id":36503,"properties":{"buildingId":2,"floorId":4,"roomNumber":"P.52/A B5 (-1,61)","roomName":"Röntgen laboratórium","scope":"budapest/lagymanyos/eszaki/-1/LÉ--1-161-B-01-14","roomCode":"LÉ--1-161/B-01-14","roomType":"educational","__tile":"17/72476/45847","__layer":"rooms","__zoom":17,"__mvtId":36503,"__building":"eszaki","__ringVerts":11,"id":36503,"catalogFloorId":4},"geometry":{"type":"Polygon","coordinates":[[[19.061882579,47.474059139],[19.061884591,47.474065485],[19.061893979,47.474064125],[19.061898002,47.474077269],[19.061888614,47.474078629],[19.061891967,47.474089054],[19.061865145,47.47409268],[19.061867157,47.474098572],[19.061819548,47.474104918],[19.061809489,47.474069111],[19.061882579,47.474059139]]]}},{"type":"Feature","id":36628,"properties":{"buildingId":2,"floorId":4,"roomNumber":"*P.47/B","roomName":"Előtér","scope":"budapest/lagymanyos/eszaki/-1/LÉ--1-166-A-04-62","roomCode":"LÉ--1-166/A-04-62","roomType":"corridor","__tile":"17/72476/45847","__layer":"rooms","__zoom":17,"__mvtId":36628,"__building":"eszaki","__ringVerts":5,"id":36628,"catalogFloorId":4},"geometry":{"type":"Polygon","coordinates":[[[19.062304737,47.473980837],[19.062312113,47.474006672],[19.062300714,47.474008032],[19.062293338,47.473982197],[19.062304737,47.473980837]]]}},{"type":"Feature","id":36678,"properties":{"buildingId":2,"floorId":5,"roomNumber":"F.68/B","roomName":"Előtér","scope":"budapest/lagymanyos/eszaki/0/LÉ-0-098-A-04-62","roomCode":"LÉ-0-098/A-04-62","roomType":"corridor","__tile":"17/72476/45847","__layer":"rooms","__zoom":17,"__mvtId":36678,"__building":"eszaki","__ringVerts":5,"id":36678,"catalogFloorId":5},"geometry":{"type":"Polygon","coordinates":[[[19.061895901,47.474107512],[19.061898584,47.47411839],[19.061879808,47.474120656],[19.061876455,47.474110231],[19.061895901,47.474107512]]]}},{"type":"Feature","id":36627,"properties":{"buildingId":2,"floorId":4,"roomNumber":"*P.47/B (-1.66)","roomName":"IK HÖK","scope":"budapest/lagymanyos/eszaki/-1/LÉ--1-166-03-58","roomCode":"LÉ--1-166-03-58","roomType":"misc","__tile":"17/72476/45847","__layer":"rooms","__zoom":17,"__mvtId":36627,"__building":"eszaki","__ringVerts":12,"id":36627,"catalogFloorId":4},"geometry":{"type":"Polygon","coordinates":[[[19.062315064,47.473959258],[19.062324452,47.473990986],[19.062290924,47.473995518],[19.062298971,47.474023167],[19.062255385,47.474029059],[19.062250691,47.474026793],[19.062247338,47.474029965],[19.062203752,47.474035858],[19.062196376,47.474010929],[19.062237951,47.474005943],[19.062228563,47.473971043],[19.062315064,47.473959258]],[[19.062235939,47.47397059],[19.062231245,47.473972856],[19.062234598,47.473976029],[19.062238621,47.473973762],[19.062235939,47.47397059]]]}},{"type":"Feature","id":36814,"properties":{"buildingId":2,"floorId":5,"roomNumber":"F.K.8","roomName":"Folyosó","scope":"budapest/lagymanyos/eszaki/0/LÉ-0-K8-A-04-63","roomCode":"LÉ-0-K8/A-04-63","roomType":"corridor","__tile":"17/72476/45847","__layer":"rooms","__zoom":17,"__mvtId":36814,"__building":"eszaki","__ringVerts":5,"id":36814,"catalogFloorId":5},"geometry":{"type":"Polygon","coordinates":[[[19.062037957,47.47405407],[19.06204198,47.474069934],[19.061954138,47.474081265],[19.061949444,47.474065855],[19.062037957,47.47405407]]]}},{"type":"Feature","id":36847,"properties":{"buildingId":2,"floorId":5,"roomNumber":"F.64-66 B2 (0.100A)","roomName":"0.100A Előadó","scope":"budapest/lagymanyos/eszaki/0/LÉ-0-100A-01-11","roomCode":"LÉ-0-100A-01-11","roomType":"educational","__tile":"17/72476/45847","__layer":"rooms","__zoom":17,"__mvtId":36847,"__building":"eszaki","__ringVerts":7,"id":36847,"catalogFloorId":5},"geometry":{"type":"Polygon","coordinates":[[[19.062035281,47.473963667],[19.062036622,47.473966839],[19.062041987,47.473965933],[19.062074173,47.474075166],[19.061988343,47.47408695],[19.061955486,47.473976358],[19.062035281,47.473963667]],[[19.061974932,47.474027575],[19.061972249,47.474030748],[19.061976943,47.474033014],[19.061979626,47.474029841],[19.061974932,47.474027575]]]}},{"type":"Feature","id":37035,"properties":{"buildingId":2,"floorId":6,"roomNumber":"1.91","roomName":"Irattár","scope":"budapest/lagymanyos/eszaki/1/LÉ-1-91-02-34","roomCode":"LÉ-1-91-02-34","roomType":"administrative","__tile":"17/72476/45847","__layer":"rooms","__zoom":17,"__mvtId":37035,"__building":"eszaki","__ringVerts":9,"id":37035,"catalogFloorId":6},"geometry":{"type":"Polygon","coordinates":[[[19.061888253,47.473996195],[19.061907029,47.474060556],[19.061917087,47.474059197],[19.061921781,47.474075967],[19.061912393,47.474077327],[19.061915746,47.474088658],[19.061868137,47.474095003],[19.061841315,47.47400254],[19.061888253,47.473996195]]]}},{"type":"Feature","id":37066,"properties":{"buildingId":2,"floorId":6,"roomNumber":"F.L6","roomName":"Lépcsőház","scope":"budapest/lagymanyos/eszaki/1/LÉ-1-L6-04-64","roomCode":"LÉ-1-L6-04-64","roomType":"corridor","__tile":"17/72476/45847","__layer":"rooms","__zoom":17,"__mvtId":37066,"__building":"eszaki","__ringVerts":5,"id":37066,"catalogFloorId":6},"geometry":{"type":"Polygon","coordinates":[[[19.06202643,47.474085798],[19.062033136,47.474109367],[19.061947305,47.474120699],[19.061940599,47.474097583],[19.06202643,47.474085798]]]}},{"type":"Feature","id":879,"properties":{"buildingId":2,"floorId":9,"roomNumber":"4-K7","roomName":"4.K7 Közlekedő D-i","scope":"budapest/lagymanyos/eszaki/4/LÉ-4-K7-04-63","roomCode":"LÉ-4-K7-04-63","roomType":"corridor","__tile":"17/72476/45847","__layer":"rooms","__zoom":17,"__mvtId":879,"__building":"eszaki","__ringVerts":6,"id":879,"catalogFloorId":9},"geometry":{"type":"Polygon","coordinates":[[[19.062421395,47.474056297],[19.062426089,47.474071255],[19.06191714,47.474142868],[19.061912446,47.474127911],[19.06225711,47.474079413],[19.062421395,47.474056297]]]}},{"type":"Feature","id":884,"properties":{"buildingId":2,"floorId":9,"roomNumber":"4-L6","roomName":"4.L6 Lépcsőház DNY","scope":"budapest/lagymanyos/eszaki/4/LÉ-4-L6-04-64","roomCode":"LÉ-4-L6-04-64","roomType":"corridor","__tile":"17/72476/45847","__layer":"rooms","__zoom":17,"__mvtId":884,"__building":"eszaki","__ringVerts":5,"id":884,"catalogFloorId":9},"geometry":{"type":"Polygon","coordinates":[[[19.062036537,47.474079659],[19.062043242,47.474102774],[19.061957412,47.474114559],[19.061952718,47.47409099],[19.062036537,47.474079659]]]}},{"type":"Feature","id":1086,"properties":{"buildingId":2,"floorId":12,"roomNumber":"7.26","roomName":"7.26 Dolgozó","scope":"budapest/lagymanyos/eszaki/7/LÉ-7-26-02-33","roomCode":"LÉ-7-26-02-33","roomType":"administrative","__tile":"17/72476/45847","__layer":"rooms","__zoom":17,"__mvtId":1086,"__building":"eszaki","__ringVerts":6,"id":1086,"catalogFloorId":12},"geometry":{"type":"Polygon","coordinates":[[[19.062115428,47.474082328],[19.062126157,47.474119495],[19.06204502,47.474130826],[19.062034292,47.47409366],[19.062107382,47.474083688],[19.062115428,47.474082328]]]}},{"type":"Feature","id":994,"properties":{"buildingId":2,"floorId":10,"roomNumber":"5-L6","roomName":"5.L6 Lépcsőház DNY","scope":"budapest/lagymanyos/eszaki/5/LÉ-5-L6-04-64","roomCode":"LÉ-5-L6-04-64","roomType":"corridor","__tile":"17/72476/45847","__layer":"rooms","__zoom":17,"__mvtId":994,"__building":"eszaki","__ringVerts":6,"id":994,"catalogFloorId":10},"geometry":{"type":"Polygon","coordinates":[[[19.062030432,47.474082624],[19.062037137,47.474106193],[19.061959353,47.474117071],[19.061952648,47.474093502],[19.062027079,47.474083077],[19.062030432,47.474082624]]]}},{"type":"Feature","id":435,"properties":{"buildingId":2,"floorId":10,"roomNumber":"519/C","roomName":"5.519/c Női WC tanári","scope":"budapest/lagymanyos/eszaki/5/LK-5-519-c-05-71","roomCode":"LK-5-519/c-05-71","roomType":"social","__tile":"16/36238/22923","__layer":"rooms","__zoom":16,"__mvtId":435,"__building":"eszaki","__ringVerts":5,"id":435,"catalogFloorId":10},"geometry":{"type":"Polygon","coordinates":[[[19.061654331,47.474948484],[19.061662377,47.474974772],[19.061631532,47.474979304],[19.061623485,47.474953016],[19.061654331,47.474948484]]]}},{"type":"Feature","id":36756,"properties":{"buildingId":2,"floorId":5,"roomNumber":"023","roomName":"Oktatói szoba","scope":"budapest/lagymanyos/eszaki/0/LK-0-023A-01-13","roomCode":"LK-0-023A-01-13","roomType":"educational","__tile":"16/36238/22923","__layer":"rooms","__zoom":16,"__mvtId":36756,"__building":"eszaki","__ringVerts":5,"id":36756,"catalogFloorId":5},"geometry":{"type":"Polygon","coordinates":[[[19.061643889,47.474954463],[19.061659982,47.475007946],[19.061629137,47.475012478],[19.061613043,47.474958089],[19.061643889,47.474954463]]]}},{"type":"Feature","id":272,"properties":{"buildingId":2,"floorId":7,"roomNumber":"215","roomName":"2.215 KKKK Labor","scope":"budapest/lagymanyos/eszaki/2/LK-2-215-01-14","roomCode":"LK-2-215-01-14","roomType":"educational","__tile":"16/36238/22923","__layer":"rooms","__zoom":16,"__mvtId":272,"__building":"eszaki","__ringVerts":6,"id":272,"catalogFloorId":7},"geometry":{"type":"Polygon","coordinates":[[[19.061614707,47.475057455],[19.061632141,47.475110937],[19.061565086,47.475120909],[19.061555698,47.475092808],[19.061547652,47.475066519],[19.061614707,47.475057455]]]}},{"type":"Feature","id":36939,"properties":{"buildingId":2,"floorId":6,"roomNumber":"122","roomName":"Labor","scope":"budapest/lagymanyos/eszaki/1/LK-1-122-01-14","roomCode":"LK-1-122-01-14","roomType":"educational","__tile":"16/36238/22923","__layer":"rooms","__zoom":16,"__mvtId":36939,"__building":"eszaki","__ringVerts":5,"id":36939,"catalogFloorId":6},"geometry":{"type":"Polygon","coordinates":[[[19.06162309,47.47503067],[19.061631136,47.475056958],[19.06156274,47.475066023],[19.061556034,47.475039735],[19.06162309,47.47503067]]]}},{"type":"Feature","id":338,"properties":{"buildingId":2,"floorId":8,"roomNumber":"330","roomName":"3.330 Vegyes labor","scope":"budapest/lagymanyos/eszaki/3/LK-3-330-01-14","roomCode":"LK-3-330-01-14","roomType":"educational","__tile":"16/36238/22923","__layer":"rooms","__zoom":16,"__mvtId":338,"__building":"eszaki","__ringVerts":5,"id":338,"catalogFloorId":8},"geometry":{"type":"Polygon","coordinates":[[[19.061678323,47.474855209],[19.06168637,47.474880591],[19.061619315,47.474890562],[19.061611268,47.474864274],[19.061678323,47.474855209]]]}},{"type":"Feature","id":36943,"properties":{"buildingId":2,"floorId":6,"roomNumber":"119","roomName":"Labor","scope":"budapest/lagymanyos/eszaki/1/LK-1-119-01-14","roomCode":"LK-1-119-01-14","roomType":"educational","__tile":"16/36238/22923","__layer":"rooms","__zoom":16,"__mvtId":36943,"__building":"eszaki","__ringVerts":6,"id":36943,"catalogFloorId":6},"geometry":{"type":"Polygon","coordinates":[[[19.061588758,47.475122199],[19.061604851,47.475175681],[19.061537796,47.475185653],[19.061520362,47.475130357],[19.061578029,47.475123105],[19.061588758,47.475122199]]]}},{"type":"Feature","id":36764,"properties":{"buildingId":2,"floorId":5,"roomNumber":"018","roomName":"Kutató labor","scope":"budapest/lagymanyos/eszaki/0/LK-0-018-01-14","roomCode":"LK-0-018-01-14","roomType":"educational","__tile":"16/36238/22923","__layer":"rooms","__zoom":16,"__mvtId":36764,"__building":"eszaki","__ringVerts":5,"id":36764,"catalogFloorId":5},"geometry":{"type":"Polygon","coordinates":[[[19.061589905,47.475142604],[19.061597952,47.475168892],[19.061529555,47.475177957],[19.061521509,47.475151669],[19.061589905,47.475142604]]]}},{"type":"Feature","id":36757,"properties":{"buildingId":2,"floorId":5,"roomNumber":"022","roomName":"Hallgatói labor","scope":"budapest/lagymanyos/eszaki/0/LK-0-022-01-14","roomCode":"LK-0-022-01-14","roomType":"educational","__tile":"16/36238/22923","__layer":"rooms","__zoom":16,"__mvtId":36757,"__building":"eszaki","__ringVerts":5,"id":36757,"catalogFloorId":5},"geometry":{"type":"Polygon","coordinates":[[[19.06162384,47.475006032],[19.061639933,47.475059515],[19.061572878,47.475069486],[19.061555444,47.47501419],[19.06162384,47.475006032]]]}},{"type":"Feature","id":474,"properties":{"buildingId":2,"floorId":11,"roomNumber":"617","roomName":"6.617 terem","scope":"budapest/lagymanyos/eszaki/6/LK-6-617-01-14","roomCode":"LK-6-617-01-14","roomType":"educational","__tile":"16/36238/22923","__layer":"rooms","__zoom":16,"__mvtId":474,"__building":"eszaki","__ringVerts":5,"id":474,"catalogFloorId":11},"geometry":{"type":"Polygon","coordinates":[[[19.061661988,47.474885739],[19.061678081,47.474940128],[19.061612367,47.474949193],[19.061594932,47.474894804],[19.061661988,47.474885739]]]}},{"type":"Feature","id":434,"properties":{"buildingId":2,"floorId":10,"roomNumber":"519/B","roomName":"5.519/B Női öltöző","scope":"budapest/lagymanyos/eszaki/5/LK-5-519-B-05-73","roomCode":"LK-5-519/B-05-73","roomType":"social","__tile":"16/36238/22923","__layer":"rooms","__zoom":16,"__mvtId":434,"__building":"eszaki","__ringVerts":5,"id":434,"catalogFloorId":10},"geometry":{"type":"Polygon","coordinates":[[[19.06164579,47.474976507],[19.061653836,47.475002795],[19.061622991,47.475007327],[19.061614944,47.474981039],[19.06164579,47.474976507]]]}},{"type":"Feature","id":274,"properties":{"buildingId":2,"floorId":7,"roomNumber":"217","roomName":"2.217 Kutatói labor","scope":"budapest/lagymanyos/eszaki/2/LK-2-217-01-14","roomCode":"LK-2-217-01-14","roomType":"educational","__tile":"16/36238/22923","__layer":"rooms","__zoom":16,"__mvtId":274,"__building":"eszaki","__ringVerts":5,"id":274,"catalogFloorId":7},"geometry":{"type":"Polygon","coordinates":[[[19.061633289,47.474999785],[19.061641336,47.475026073],[19.061574281,47.475036045],[19.061566234,47.475009757],[19.061633289,47.474999785]]]}},{"type":"Feature","id":387,"properties":{"buildingId":2,"floorId":9,"roomNumber":"420/B","roomName":"4.420/B ffi öltöző","scope":"budapest/lagymanyos/eszaki/4/LK-4-420-B-05-73","roomCode":"LK-4-420/B-05-73","roomType":"social","__tile":"16/36238/22923","__layer":"rooms","__zoom":16,"__mvtId":387,"__building":"eszaki","__ringVerts":5,"id":387,"catalogFloorId":9},"geometry":{"type":"Polygon","coordinates":[[[19.061654134,47.474948456],[19.06166218,47.474974744],[19.061631335,47.474979276],[19.061623288,47.474952988],[19.061654134,47.474948456]]]}},{"type":"Feature","id":433,"properties":{"buildingId":2,"floorId":10,"roomNumber":"519/A","roomName":"5.519/A Női mosdó","scope":"budapest/lagymanyos/eszaki/5/LK-5-519-A-05-71","roomCode":"LK-5-519/A-05-71","roomType":"social","__tile":"16/36238/22923","__layer":"rooms","__zoom":16,"__mvtId":433,"__building":"eszaki","__ringVerts":5,"id":433,"catalogFloorId":10},"geometry":{"type":"Polygon","coordinates":[[[19.061614141,47.47497162],[19.061622188,47.474997908],[19.061585978,47.47500244],[19.061577931,47.474977058],[19.061614141,47.47497162]]]}},{"type":"Feature","id":386,"properties":{"buildingId":2,"floorId":9,"roomNumber":"420/A","roomName":"4.420/A Ffi mosdó","scope":"budapest/lagymanyos/eszaki/4/LK-4-420-A-05-71","roomCode":"LK-4-420/A-05-71","roomType":"social","__tile":"16/36238/22923","__layer":"rooms","__zoom":16,"__mvtId":386,"__building":"eszaki","__ringVerts":5,"id":386,"catalogFloorId":9},"geometry":{"type":"Polygon","coordinates":[[[19.061622683,47.474943597],[19.06163073,47.474969885],[19.06159452,47.474974417],[19.061586473,47.474949035],[19.061622683,47.474943597]]]}},{"type":"Feature","id":438,"properties":{"buildingId":2,"floorId":10,"roomNumber":"522","roomName":"5.522 Fénymásoló, fax szoba","scope":"budapest/lagymanyos/eszaki/5/LK-5-522-02-35","roomCode":"LK-5-522-02-35","roomType":"administrative","__tile":"16/36238/22923","__layer":"rooms","__zoom":16,"__mvtId":438,"__building":"eszaki","__ringVerts":5,"id":438,"catalogFloorId":10},"geometry":{"type":"Polygon","coordinates":[[[19.061678323,47.474855209],[19.06168637,47.474880591],[19.061619315,47.474890562],[19.061611268,47.474864274],[19.061678323,47.474855209]]]}},{"type":"Feature","id":385,"properties":{"buildingId":2,"floorId":9,"roomNumber":"419/B","roomName":"4.419/B női öltöző","scope":"budapest/lagymanyos/eszaki/4/LK-4-419-B-05-71","roomCode":"LK-4-419/B-05-71","roomType":"social","__tile":"16/36238/22923","__layer":"rooms","__zoom":16,"__mvtId":385,"__building":"eszaki","__ringVerts":5,"id":385,"catalogFloorId":9},"geometry":{"type":"Polygon","coordinates":[[[19.061645593,47.474976479],[19.061653639,47.475002767],[19.061622794,47.475007299],[19.061614747,47.474981011],[19.061645593,47.474976479]]]}},{"type":"Feature","id":436,"properties":{"buildingId":2,"floorId":10,"roomNumber":"520/A","roomName":"5.520/A FFI mosdó tanári","scope":"budapest/lagymanyos/eszaki/5/LK-5-520-A-05-71","roomCode":"LK-5-520/A-05-71","roomType":"social","__tile":"16/36238/22923","__layer":"rooms","__zoom":16,"__mvtId":436,"__building":"eszaki","__ringVerts":5,"id":436,"catalogFloorId":10},"geometry":{"type":"Polygon","coordinates":[[[19.061622683,47.474943597],[19.06163073,47.474969885],[19.06159452,47.474974417],[19.061586473,47.474949035],[19.061622683,47.474943597]]]}},{"type":"Feature","id":333,"properties":{"buildingId":2,"floorId":8,"roomNumber":"325/A","roomName":"3.325/A Kutatói műszer szoba","scope":"budapest/lagymanyos/eszaki/3/LK-3-325-A-01-14","roomCode":"LK-3-325/A-01-14","roomType":"educational","__tile":"16/36238/22923","__layer":"rooms","__zoom":16,"__mvtId":333,"__building":"eszaki","__ringVerts":5,"id":333,"catalogFloorId":8},"geometry":{"type":"Polygon","coordinates":[[[19.061646571,47.474951179],[19.061662664,47.475005568],[19.061631819,47.475010101],[19.061614385,47.474955712],[19.061646571,47.474951179]]]}},{"type":"Feature","id":430,"properties":{"buildingId":2,"floorId":10,"roomNumber":"515","roomName":"5.515 Hallgatói labor","scope":"budapest/lagymanyos/eszaki/5/LK-5-515-01-14","roomCode":"LK-5-515-01-14","roomType":"educational","__tile":"16/36238/22923","__layer":"rooms","__zoom":16,"__mvtId":430,"__building":"eszaki","__ringVerts":5,"id":430,"catalogFloorId":10},"geometry":{"type":"Polygon","coordinates":[[[19.06155924,47.475176447],[19.061592768,47.475287039],[19.061525712,47.475296104],[19.061492185,47.475186418],[19.06155924,47.475176447]]]}},{"type":"Feature","id":470,"properties":{"buildingId":2,"floorId":11,"roomNumber":"611","roomName":"611-es labor","scope":"budapest/lagymanyos/eszaki/6/LK-6-611-01-14","roomCode":"LK-6-611-01-14","roomType":"educational","__tile":"16/36238/22923","__layer":"rooms","__zoom":16,"__mvtId":470,"__building":"eszaki","__ringVerts":6,"id":470,"catalogFloorId":11},"geometry":{"type":"Polygon","coordinates":[[[19.061566458,47.475122106],[19.06161742,47.4752889],[19.061550365,47.475297965],[19.061524884,47.475215474],[19.061499403,47.475132077],[19.061566458,47.475122106]]]}},{"type":"Feature","id":382,"properties":{"buildingId":2,"floorId":9,"roomNumber":"417","roomName":"4.417 Előkészitő","scope":"budapest/lagymanyos/eszaki/4/LK-4-417-01-14","roomCode":"LK-4-417-01-14","roomType":"educational","__tile":"16/36238/22923","__layer":"rooms","__zoom":16,"__mvtId":382,"__building":"eszaki","__ringVerts":5,"id":382,"catalogFloorId":9},"geometry":{"type":"Polygon","coordinates":[[[19.061599122,47.47511224],[19.061607169,47.475138528],[19.061540114,47.475147593],[19.061532067,47.475121305],[19.061599122,47.47511224]]]}},{"type":"Feature","id":275,"properties":{"buildingId":2,"floorId":7,"roomNumber":"218","roomName":"2.218 Előtér","scope":"budapest/lagymanyos/eszaki/2/LK-2-218-04-63","roomCode":"LK-2-218-04-63","roomType":"corridor","__tile":"16/36238/22923","__layer":"rooms","__zoom":16,"__mvtId":275,"__building":"eszaki","__ringVerts":5,"id":275,"catalogFloorId":7},"geometry":{"type":"Polygon","coordinates":[[[19.061610314,47.474971673],[19.061618361,47.474997961],[19.061586174,47.475001587],[19.061578127,47.474976206],[19.061610314,47.474971673]]]}},{"type":"Feature","id":335,"properties":{"buildingId":2,"floorId":8,"roomNumber":"327","roomName":"3.327 Előtér","scope":"budapest/lagymanyos/eszaki/3/LK-3-327-04-63","roomCode":"LK-3-327-04-63","roomType":"corridor","__tile":"16/36238/22923","__layer":"rooms","__zoom":16,"__mvtId":335,"__building":"eszaki","__ringVerts":5,"id":335,"catalogFloorId":8},"geometry":{"type":"Polygon","coordinates":[[[19.061618856,47.474943831],[19.061626903,47.474969213],[19.061594716,47.474973745],[19.061586669,47.474948364],[19.061618856,47.474943831]]]}},{"type":"Feature","id":332,"properties":{"buildingId":2,"floorId":8,"roomNumber":"325","roomName":"3.325 Kutatói mérő labor","scope":"budapest/lagymanyos/eszaki/3/LK-3-325-01-14","roomCode":"LK-3-325-01-14","roomType":"educational","__tile":"16/36238/22923","__layer":"rooms","__zoom":16,"__mvtId":332,"__building":"eszaki","__ringVerts":5,"id":332,"catalogFloorId":8},"geometry":{"type":"Polygon","coordinates":[[[19.061633289,47.474999785],[19.061641336,47.475026073],[19.061574281,47.475036045],[19.061566234,47.475009757],[19.061633289,47.474999785]]]}},{"type":"Feature","id":277,"properties":{"buildingId":2,"floorId":7,"roomNumber":"220","roomName":"2.220 Reakciókinetikai Kut.labor","scope":"budapest/lagymanyos/eszaki/2/LK-2-220-01-14","roomCode":"LK-2-220-01-14","roomType":"educational","__tile":"16/36238/22923","__layer":"rooms","__zoom":16,"__mvtId":277,"__building":"eszaki","__ringVerts":5,"id":277,"catalogFloorId":7},"geometry":{"type":"Polygon","coordinates":[[[19.061661646,47.474886484],[19.061677739,47.474939967],[19.061610684,47.474949031],[19.061594591,47.474895549],[19.061661646,47.474886484]]]}},{"type":"Feature","id":325,"properties":{"buildingId":2,"floorId":8,"roomNumber":"318","roomName":"3.318 Hallgatói labor","scope":"budapest/lagymanyos/eszaki/3/LK-3-318-01-14","roomCode":"LK-3-318-01-14","roomType":"educational","__tile":"16/36238/22923","__layer":"rooms","__zoom":16,"__mvtId":325,"__building":"eszaki","__ringVerts":6,"id":325,"catalogFloorId":8},"geometry":{"type":"Polygon","coordinates":[[[19.061563904,47.475225289],[19.061579997,47.475279679],[19.061512942,47.475288744],[19.061504895,47.475260642],[19.061496849,47.475235261],[19.061563904,47.475225289]]]}},{"type":"Feature","id":336,"properties":{"buildingId":2,"floorId":8,"roomNumber":"328","roomName":"3.328 Kutatói labor","scope":"budapest/lagymanyos/eszaki/3/LK-3-328-01-14","roomCode":"LK-3-328-01-14","roomType":"educational","__tile":"16/36238/22923","__layer":"rooms","__zoom":16,"__mvtId":336,"__building":"eszaki","__ringVerts":5,"id":336,"catalogFloorId":8},"geometry":{"type":"Polygon","coordinates":[[[19.061661142,47.474911284],[19.061669189,47.474936666],[19.061602134,47.474946637],[19.061594087,47.474920349],[19.061661142,47.474911284]]]}},{"type":"Feature","id":339,"properties":{"buildingId":2,"floorId":8,"roomNumber":"331","roomName":"3.331 Kutatói labor","scope":"budapest/lagymanyos/eszaki/3/LK-3-331-01-14","roomCode":"LK-3-331-01-14","roomType":"educational","__tile":"16/36238/22923","__layer":"rooms","__zoom":16,"__mvtId":339,"__building":"eszaki","__ringVerts":5,"id":339,"catalogFloorId":8},"geometry":{"type":"Polygon","coordinates":[[[19.061686632,47.474825993],[19.061694679,47.474852281],[19.061628965,47.474861345],[19.061620918,47.474835964],[19.061686632,47.474825993]]]}},{"type":"Feature","id":383,"properties":{"buildingId":2,"floorId":9,"roomNumber":"418","roomName":"4.418 Hallgatói labor","scope":"budapest/lagymanyos/eszaki/4/LK-4-418-01-14","roomCode":"LK-4-418-01-14","roomType":"educational","__tile":"16/36238/22923","__layer":"rooms","__zoom":16,"__mvtId":383,"__building":"eszaki","__ringVerts":6,"id":383,"catalogFloorId":9},"geometry":{"type":"Polygon","coordinates":[[[19.061617661,47.475010395],[19.061651189,47.47512008],[19.061584134,47.475130052],[19.061559994,47.475047561],[19.061550606,47.47501946],[19.061617661,47.475010395]]]}},{"type":"Feature","id":388,"properties":{"buildingId":2,"floorId":9,"roomNumber":"421","roomName":"4.421 Preparatív labor","scope":"budapest/lagymanyos/eszaki/4/LK-4-421-01-14","roomCode":"LK-4-421-01-14","roomType":"educational","__tile":"16/36238/22923","__layer":"rooms","__zoom":16,"__mvtId":388,"__building":"eszaki","__ringVerts":5,"id":388,"catalogFloorId":9},"geometry":{"type":"Polygon","coordinates":[[[19.061661978,47.474885732],[19.061678071,47.474940121],[19.061612357,47.474949186],[19.061594922,47.474894797],[19.061661978,47.474885732]]]}},{"type":"Feature","id":389,"properties":{"buildingId":2,"floorId":9,"roomNumber":"422","roomName":"4.422 Preparatív labor","scope":"budapest/lagymanyos/eszaki/4/LK-4-422-01-14","roomCode":"LK-4-422-01-14","roomType":"educational","__tile":"16/36238/22923","__layer":"rooms","__zoom":16,"__mvtId":389,"__building":"eszaki","__ringVerts":5,"id":389,"catalogFloorId":9},"geometry":{"type":"Polygon","coordinates":[[[19.061679257,47.47482937],[19.06169535,47.474883759],[19.061629636,47.474892824],[19.061612201,47.474838435],[19.061679257,47.47482937]]]}},{"type":"Feature","id":471,"properties":{"buildingId":2,"floorId":11,"roomNumber":"612","roomName":"6.612 oktatói","scope":"budapest/lagymanyos/eszaki/6/LK-6-612-01-13","roomCode":"LK-6-612-01-13","roomType":"educational","__tile":"16/36238/22923","__layer":"rooms","__zoom":16,"__mvtId":471,"__building":"eszaki","__ringVerts":5,"id":471,"catalogFloorId":11},"geometry":{"type":"Polygon","coordinates":[[[19.061607664,47.475084398],[19.061615711,47.47510978],[19.061548656,47.475119751],[19.061540609,47.475093463],[19.061607664,47.475084398]]]}},{"type":"Feature","id":420,"properties":{"buildingId":2,"floorId":10,"roomNumber":"505","roomName":"5.505 Labor","scope":"budapest/lagymanyos/eszaki/5/LK-5-505-01-14","roomCode":"LK-5-505-01-14","roomType":"educational","__tile":"16/36238/22923","__layer":"rooms","__zoom":16,"__mvtId":420,"__building":"eszaki","__ringVerts":5,"id":420,"catalogFloorId":10},"geometry":{"type":"Polygon","coordinates":[[[19.061576005,47.474781641],[19.061584052,47.474807023],[19.061516997,47.474816994],[19.06150895,47.474790706],[19.061576005,47.474781641]]]}},{"type":"Feature","id":432,"properties":{"buildingId":2,"floorId":10,"roomNumber":"518","roomName":"5.518 Doktorandusz","scope":"budapest/lagymanyos/eszaki/5/LK-5-518-01-13","roomCode":"LK-5-518-01-13","roomType":"educational","__tile":"16/36238/22923","__layer":"rooms","__zoom":16,"__mvtId":432,"__building":"eszaki","__ringVerts":5,"id":432,"catalogFloorId":10},"geometry":{"type":"Polygon","coordinates":[[[19.061634025,47.474999813],[19.061642072,47.475026101],[19.061573675,47.475036073],[19.061565629,47.475009785],[19.061634025,47.474999813]]]}},{"type":"Feature","id":437,"properties":{"buildingId":2,"floorId":10,"roomNumber":"521","roomName":"5.521 KKKK Labor","scope":"budapest/lagymanyos/eszaki/5/LK-5-521-01-14","roomCode":"LK-5-521-01-14","roomType":"educational","__tile":"16/36238/22923","__layer":"rooms","__zoom":16,"__mvtId":437,"__building":"eszaki","__ringVerts":5,"id":437,"catalogFloorId":10},"geometry":{"type":"Polygon","coordinates":[[[19.061661971,47.474885732],[19.061678064,47.474940121],[19.06161235,47.474949186],[19.061594915,47.474894797],[19.061661971,47.474885732]]]}},{"type":"Feature","id":476,"properties":{"buildingId":2,"floorId":11,"roomNumber":"619","roomName":"6.619 Előkészítő","scope":"budapest/lagymanyos/eszaki/6/LK-6-619-01-14","roomCode":"LK-6-619-01-14","roomType":"educational","__tile":"16/36238/22923","__layer":"rooms","__zoom":16,"__mvtId":476,"__building":"eszaki","__ringVerts":5,"id":476,"catalogFloorId":11},"geometry":{"type":"Polygon","coordinates":[[[19.061686632,47.474825993],[19.061694679,47.474852281],[19.061628965,47.474861345],[19.061620918,47.474835964],[19.061686632,47.474825993]]]}},{"type":"Feature","id":473,"properties":{"buildingId":2,"floorId":11,"roomNumber":"614","roomName":"6.614 Labor","scope":"budapest/lagymanyos/eszaki/6/LK-6-614-01-14","roomCode":"LK-6-614-01-14","roomType":"educational","__tile":"16/36238/22923","__layer":"rooms","__zoom":16,"__mvtId":473,"__building":"eszaki","__ringVerts":6,"id":473,"catalogFloorId":11},"geometry":{"type":"Polygon","coordinates":[[[19.061632237,47.475001106],[19.06164833,47.475054589],[19.061581275,47.47506456],[19.061573228,47.475038272],[19.061565182,47.475010171],[19.061632237,47.475001106]]]}},{"type":"Feature","id":36945,"properties":{"buildingId":2,"floorId":6,"roomNumber":"117","roomName":"Labor","scope":"budapest/lagymanyos/eszaki/1/LK-1-117-01-14","roomCode":"LK-1-117-01-14","roomType":"educational","__tile":"16/36238/22923","__layer":"rooms","__zoom":16,"__mvtId":36945,"__building":"eszaki","__ringVerts":5,"id":36945,"catalogFloorId":6},"geometry":{"type":"Polygon","coordinates":[[[19.061572403,47.475199986],[19.06158045,47.475225368],[19.061513395,47.475234433],[19.061505348,47.475207238],[19.061572403,47.475199986]]]}},{"type":"Feature","id":36761,"properties":{"buildingId":2,"floorId":5,"roomNumber":"020/A","roomName":"Férfi öltöző előtér","scope":"budapest/lagymanyos/eszaki/0/LK-0-020A-05-71","roomCode":"LK-0-020A-05-71","roomType":"social","__tile":"16/36238/22923","__layer":"rooms","__zoom":16,"__mvtId":36761,"__building":"eszaki","__ringVerts":5,"id":36761,"catalogFloorId":5},"geometry":{"type":"Polygon","coordinates":[[[19.061563478,47.475085954],[19.061568842,47.475104084],[19.061551408,47.475105897],[19.061546044,47.475087767],[19.061563478,47.475085954]]]}},{"type":"Feature","id":36762,"properties":{"buildingId":2,"floorId":5,"roomNumber":"019","roomName":"Női öltöző előtér","scope":"budapest/lagymanyos/eszaki/0/LK-0-019A-05-73","roomCode":"LK-0-019A-05-73","roomType":"social","__tile":"16/36238/22923","__layer":"rooms","__zoom":16,"__mvtId":36762,"__building":"eszaki","__ringVerts":5,"id":36762,"catalogFloorId":5},"geometry":{"type":"Polygon","coordinates":[[[19.061552772,47.475121929],[19.061558136,47.475140058],[19.061540702,47.475141871],[19.061535338,47.475124648],[19.061552772,47.475121929]]]}},{"type":"Feature","id":36933,"properties":{"buildingId":2,"floorId":6,"roomNumber":"126","roomName":"Labor","scope":"budapest/lagymanyos/eszaki/1/LK-1-126-01-14","roomCode":"LK-1-126-01-14","roomType":"educational","__tile":"16/36238/22923","__layer":"rooms","__zoom":16,"__mvtId":36933,"__building":"eszaki","__ringVerts":5,"id":36933,"catalogFloorId":6},"geometry":{"type":"Polygon","coordinates":[[[19.061658182,47.474914252],[19.061664887,47.47494054],[19.061597832,47.474949605],[19.061591127,47.474923317],[19.061658182,47.474914252]]]}},{"type":"Feature","id":36934,"properties":{"buildingId":2,"floorId":6,"roomNumber":"125","roomName":"Labor","scope":"budapest/lagymanyos/eszaki/1/LK-1-125-01-14","roomCode":"LK-1-125-01-14","roomType":"educational","__tile":"16/36238/22923","__layer":"rooms","__zoom":16,"__mvtId":36934,"__building":"eszaki","__ringVerts":7,"id":36934,"catalogFloorId":6},"geometry":{"type":"Polygon","coordinates":[[[19.061639783,47.474942424],[19.061655876,47.474997719],[19.061649171,47.474998626],[19.061650512,47.475003158],[19.061625031,47.475001345],[19.061608938,47.474946956],[19.061639783,47.474942424]]]}},{"type":"Feature","id":36752,"properties":{"buildingId":2,"floorId":5,"roomNumber":"027","roomName":"Termoanalitikai labor","scope":"budapest/lagymanyos/eszaki/0/LK-0-027-01-14","roomCode":"LK-0-027-01-14","roomType":"educational","__tile":"16/36238/22923","__layer":"rooms","__zoom":16,"__mvtId":36752,"__building":"eszaki","__ringVerts":5,"id":36752,"catalogFloorId":5},"geometry":{"type":"Polygon","coordinates":[[[19.061682442,47.474830091],[19.061690489,47.474857286],[19.061623434,47.474866351],[19.061615387,47.474839156],[19.061682442,47.474830091]]]}},{"type":"Feature","id":36935,"properties":{"buildingId":2,"floorId":6,"roomNumber":"123","roomName":"Labor","scope":"budapest/lagymanyos/eszaki/1/LK-1-123-01-14","roomCode":"LK-1-123-01-14","roomType":"educational","__tile":"16/36238/22923","__layer":"rooms","__zoom":16,"__mvtId":36935,"__building":"eszaki","__ringVerts":5,"id":36935,"catalogFloorId":6},"geometry":{"type":"Polygon","coordinates":[[[19.061631104,47.475003081],[19.061639151,47.475028463],[19.061572096,47.475038434],[19.061564049,47.47501124],[19.061631104,47.475003081]]]}},{"type":"Feature","id":36754,"properties":{"buildingId":2,"floorId":5,"roomNumber":"025","roomName":"Tömegspektroszkóp laboratórium","scope":"budapest/lagymanyos/eszaki/0/LK-0-025-01-14","roomCode":"LK-0-025-01-14","roomType":"educational","__tile":"16/36238/22923","__layer":"rooms","__zoom":16,"__mvtId":36754,"__building":"eszaki","__ringVerts":5,"id":36754,"catalogFloorId":5},"geometry":{"type":"Polygon","coordinates":[[[19.061658772,47.474889367],[19.061674865,47.474942849],[19.061606469,47.474952821],[19.061591717,47.474898432],[19.061658772,47.474889367]]]}},{"type":"Feature","id":36779,"properties":{"buildingId":2,"floorId":5,"roomNumber":"000/3/a","roomName":"Folyosó","scope":"budapest/lagymanyos/eszaki/0/LK-0-000-3-a-04-63","roomCode":"LK-0-000/3/a-04-63","roomType":"corridor","__tile":"16/36238/22923","__layer":"rooms","__zoom":16,"__mvtId":36779,"__building":"eszaki","__ringVerts":50,"id":36779,"catalogFloorId":5},"geometry":{"type":"MultiPolygon","coordinates":[[[[19.06152644,47.475046529],[19.06153851,47.475045622],[19.061533146,47.475028399],[19.061521076,47.475030212],[19.061518394,47.475019334],[19.061530464,47.475017521],[19.061525099,47.474999391],[19.061513029,47.475001204],[19.061509006,47.474990326],[19.061521076,47.47498942],[19.061515711,47.474972197],[19.061504983,47.47497401],[19.061500959,47.474963132],[19.061513029,47.474961319],[19.061509006,47.474946815],[19.061534487,47.474943189],[19.06153851,47.474957693],[19.06155058,47.474956786],[19.061554604,47.474967664],[19.061542534,47.474968571],[19.061547898,47.474985794],[19.061558627,47.474983981],[19.06156265,47.474994859],[19.06155058,47.474996672],[19.061555945,47.475013895],[19.061568015,47.475012989],[19.061570697,47.47502296],[19.061558627,47.475024773],[19.061563991,47.475041996],[19.061576061,47.475040183],[19.061578743,47.475051061],[19.061568015,47.475051967],[19.06158679,47.475118141],[19.061561309,47.475121767],[19.061558627,47.475111795],[19.061546557,47.475113608],[19.061542534,47.475103637],[19.061554604,47.475101824],[19.061549239,47.475084601],[19.06153851,47.475086414],[19.061534487,47.475075536],[19.061546557,47.475073723],[19.061541192,47.4750565],[19.061529123,47.475057406],[19.06152644,47.475046529]]],[[[19.06152644,47.475046529],[19.061521076,47.475031118],[19.061531805,47.475030212],[19.061535828,47.475044716],[19.06152644,47.475046529]]]]}},{"type":"Feature","id":36784,"properties":{"buildingId":2,"floorId":5,"roomNumber":"000/2","roomName":"Folyosó","scope":"budapest/lagymanyos/eszaki/0/LK-0-000-2-04-63","roomCode":"LK-0-000/2-04-63","roomType":"corridor","__tile":"16/36238/22923","__layer":"rooms","__zoom":16,"__mvtId":36784,"__building":"eszaki","__ringVerts":45,"id":36784,"catalogFloorId":5},"geometry":{"type":"Polygon","coordinates":[[[19.061586182,47.47477594],[19.061590205,47.474787725],[19.061602275,47.474785912],[19.061604957,47.474796789],[19.061592887,47.474797696],[19.061598252,47.474814919],[19.061610322,47.474813106],[19.061613004,47.474823984],[19.061600934,47.47482489],[19.061606298,47.474843926],[19.061618368,47.474842114],[19.06162105,47.474852991],[19.061610322,47.474853898],[19.061615686,47.474871121],[19.061626415,47.474869308],[19.061629097,47.474880186],[19.061618368,47.474881092],[19.061638485,47.474949078],[19.061613004,47.474952704],[19.06160898,47.474941827],[19.061596911,47.474942733],[19.061594228,47.474932762],[19.061606298,47.474930949],[19.061600934,47.474913726],[19.061588864,47.474915539],[19.061586182,47.474904661],[19.061598252,47.474903754],[19.061592887,47.474884718],[19.061580817,47.474886531],[19.061576794,47.47487656],[19.061588864,47.474874747],[19.061583499,47.474857524],[19.061572771,47.474859337],[19.061568747,47.474849365],[19.061580817,47.474847552],[19.061575453,47.474829423],[19.061563383,47.474830329],[19.061560701,47.474820358],[19.061572771,47.474818545],[19.061567406,47.474801322],[19.061555336,47.474803135],[19.061552654,47.474793163],[19.061564724,47.47479135],[19.061560701,47.474779566],[19.061586182,47.47477594]]]}},{"type":"Feature","id":36950,"properties":{"buildingId":2,"floorId":6,"roomNumber":"124","roomName":"Női WC","scope":"budapest/lagymanyos/eszaki/1/LK-1-124-05-71","roomCode":"LK-1-124-05-71","roomType":"social","__tile":"16/36238/22923","__layer":"rooms","__zoom":16,"__mvtId":36950,"__building":"eszaki","__ringVerts":11,"id":36950,"catalogFloorId":6},"geometry":{"type":"Polygon","coordinates":[[[19.061615769,47.474970786],[19.061623815,47.47499798],[19.061590288,47.475002513],[19.061587605,47.474995261],[19.061602358,47.474991635],[19.061586264,47.474994354],[19.061584923,47.474986196],[19.061599675,47.474984383],[19.061575536,47.474986196],[19.061571512,47.474977131],[19.061615769,47.474970786]]]}},{"type":"Feature","id":270,"properties":{"buildingId":2,"floorId":7,"roomNumber":"213","roomName":"2.213 Kutatólabor","scope":"budapest/lagymanyos/eszaki/2/LK-2-213-01-14","roomCode":"LK-2-213-01-14","roomType":"educational","__tile":"16/36238/22923","__layer":"rooms","__zoom":16,"__mvtId":270,"__building":"eszaki","__ringVerts":5,"id":270,"catalogFloorId":7},"geometry":{"type":"Polygon","coordinates":[[[19.061582039,47.475168286],[19.061590086,47.475194574],[19.061523031,47.475203639],[19.061514984,47.475177351],[19.061582039,47.475168286]]]}},{"type":"Feature","id":384,"properties":{"buildingId":2,"floorId":9,"roomNumber":"419/A","roomName":"4.419/A Női mosdó","scope":"budapest/lagymanyos/eszaki/4/LK-4-419-A-05-71","roomCode":"LK-4-419/A-05-71","roomType":"social","__tile":"16/36238/22923","__layer":"rooms","__zoom":16,"__mvtId":384,"__building":"eszaki","__ringVerts":5,"id":384,"catalogFloorId":9},"geometry":{"type":"Polygon","coordinates":[[[19.061614141,47.47497162],[19.061622188,47.474997908],[19.061585978,47.47500244],[19.061577931,47.474977058],[19.061614141,47.47497162]]]}},{"type":"Feature","id":269,"properties":{"buildingId":2,"floorId":7,"roomNumber":"212","roomName":"2.212 Kémiai Kut.labor","scope":"budapest/lagymanyos/eszaki/2/LK-2-212-01-14","roomCode":"LK-2-212-01-14","roomType":"educational","__tile":"16/36238/22923","__layer":"rooms","__zoom":16,"__mvtId":269,"__building":"eszaki","__ringVerts":5,"id":269,"catalogFloorId":7},"geometry":{"type":"Polygon","coordinates":[[[19.061573497,47.475196309],[19.061581544,47.475222597],[19.061514489,47.475231662],[19.061506442,47.475205374],[19.061573497,47.475196309]]]}},{"type":"Feature","id":472,"properties":{"buildingId":2,"floorId":11,"roomNumber":"613","roomName":"6.613 mérlegszoba","scope":"budapest/lagymanyos/eszaki/6/LK-6-613-01-14","roomCode":"LK-6-613-01-14","roomType":"educational","__tile":"16/36238/22923","__layer":"rooms","__zoom":16,"__mvtId":472,"__building":"eszaki","__ringVerts":5,"id":472,"catalogFloorId":11},"geometry":{"type":"Polygon","coordinates":[[[19.061616206,47.475056375],[19.061624253,47.475081757],[19.061557198,47.475091728],[19.061549151,47.47506544],[19.061616206,47.475056375]]]}},{"type":"Feature","id":36767,"properties":{"buildingId":2,"floorId":5,"roomNumber":"016","roomName":"Előkészítő","scope":"budapest/lagymanyos/eszaki/0/LK-0-016-01-15","roomCode":"LK-0-016-01-15","roomType":"educational","__tile":"16/36238/22923","__layer":"rooms","__zoom":16,"__mvtId":36767,"__building":"eszaki","__ringVerts":5,"id":36767,"catalogFloorId":5},"geometry":{"type":"Polygon","coordinates":[[[19.06157226,47.475199239],[19.061580307,47.475225527],[19.061513252,47.475234592],[19.061505205,47.475208304],[19.06157226,47.475199239]]]}},{"type":"Feature","id":1130,"properties":{"buildingId":2,"floorId":12,"roomNumber":"7.75","roomName":"7.75 Oktatói","scope":"budapest/lagymanyos/eszaki/7/LÉ-7-75-01-13","roomCode":"LÉ-7-75-01-13","roomType":"educational","__tile":"16/36238/22923","__layer":"rooms","__zoom":16,"__mvtId":1130,"__building":"eszaki","__ringVerts":5,"id":1130,"catalogFloorId":12},"geometry":{"type":"Polygon","coordinates":[[[19.061944306,47.47481092],[19.061959058,47.474866215],[19.061928212,47.474870748],[19.061910778,47.474812733],[19.061944306,47.47481092]]]}},{"type":"Feature","id":293,"properties":{"buildingId":2,"floorId":7,"roomNumber":"238","roomName":"2.238 Oktató","scope":"budapest/lagymanyos/eszaki/2/LK-2-238-01-13","roomCode":"LK-2-238-01-13","roomType":"educational","__tile":"16/36238/22923","__layer":"rooms","__zoom":16,"__mvtId":293,"__building":"eszaki","__ringVerts":5,"id":293,"catalogFloorId":7},"geometry":{"type":"Polygon","coordinates":[[[19.061906732,47.474809369],[19.061922825,47.474861038],[19.061889297,47.474866477],[19.061873204,47.474813901],[19.061906732,47.474809369]]]}},{"type":"Feature","id":491,"properties":{"buildingId":2,"floorId":11,"roomNumber":"638","roomName":"6.638 oktató","scope":"budapest/lagymanyos/eszaki/6/LK-6-638-01-13","roomCode":"LK-6-638-01-13","roomType":"educational","__tile":"16/36238/22923","__layer":"rooms","__zoom":16,"__mvtId":491,"__building":"eszaki","__ringVerts":5,"id":491,"catalogFloorId":11},"geometry":{"type":"Polygon","coordinates":[[[19.061942213,47.474814149],[19.061958306,47.474866725],[19.061924778,47.474871257],[19.061908685,47.474818681],[19.061942213,47.474814149]]]}},{"type":"Feature","id":36614,"properties":{"buildingId":2,"floorId":4,"roomNumber":"-100/6","roomName":"Folyosó","scope":"budapest/lagymanyos/eszaki/-1/LK--1-100-6-04-63","roomCode":"LK--1-100/6-04-63","roomType":"corridor","__tile":"16/36238/22923","__layer":"rooms","__zoom":16,"__mvtId":36614,"__building":"eszaki","__ringVerts":6,"id":36614,"catalogFloorId":4},"geometry":{"type":"Polygon","coordinates":[[[19.062115718,47.474766302],[19.062121082,47.474783525],[19.061784465,47.474828849],[19.061746914,47.474831568],[19.061742891,47.474817065],[19.062115718,47.474766302]]]}},{"type":"Feature","id":356,"properties":{"buildingId":2,"floorId":8,"roomNumber":"354","roomName":"3.354 Oktató","scope":"budapest/lagymanyos/eszaki/3/LK-3-354-01-13","roomCode":"LK-3-354-01-13","roomType":"educational","__tile":"16/36238/22923","__layer":"rooms","__zoom":16,"__mvtId":356,"__building":"eszaki","__ringVerts":5,"id":356,"catalogFloorId":8},"geometry":{"type":"Polygon","coordinates":[[[19.062047396,47.474828446],[19.062063489,47.474881022],[19.062029961,47.474885555],[19.062013868,47.474833885],[19.062047396,47.474828446]]]}},{"type":"Feature","id":1129,"properties":{"buildingId":2,"floorId":12,"roomNumber":"7.74","roomName":"7.74 Oktatói","scope":"budapest/lagymanyos/eszaki/7/LÉ-7-74-01-13","roomCode":"LÉ-7-74-01-13","roomType":"educational","__tile":"16/36238/22923","__layer":"rooms","__zoom":16,"__mvtId":1129,"__building":"eszaki","__ringVerts":7,"id":1129,"catalogFloorId":12},"geometry":{"type":"Polygon","coordinates":[[[19.061904756,47.474798365],[19.061919509,47.474848222],[19.06190878,47.474850035],[19.061911462,47.474858193],[19.061887322,47.474858193],[19.061875252,47.474802898],[19.061904756,47.474798365]]]}},{"type":"Feature","id":36969,"properties":{"buildingId":2,"floorId":6,"roomNumber":"145","roomName":"Oktatói szoba","scope":"budapest/lagymanyos/eszaki/1/LK-1-145-02-33","roomCode":"LK-1-145-02-33","roomType":"administrative","__tile":"16/36238/22923","__layer":"rooms","__zoom":16,"__mvtId":36969,"__building":"eszaki","__ringVerts":7,"id":36969,"catalogFloorId":6},"geometry":{"type":"Polygon","coordinates":[[[19.061971674,47.474810799],[19.061989108,47.474864282],[19.061975697,47.474866095],[19.061977038,47.474871533],[19.061954239,47.474868814],[19.061942169,47.474818051],[19.061971674,47.474810799]]]}},{"type":"Feature","id":36973,"properties":{"buildingId":2,"floorId":6,"roomNumber":"147","roomName":"Oktatói szoba","scope":"budapest/lagymanyos/eszaki/1/LK-1-147-02-33","roomCode":"LK-1-147-02-33","roomType":"administrative","__tile":"16/36238/22923","__layer":"rooms","__zoom":16,"__mvtId":36973,"__building":"eszaki","__ringVerts":7,"id":36973,"catalogFloorId":6},"geometry":{"type":"Polygon","coordinates":[[[19.062042802,47.474820079],[19.062058895,47.474874468],[19.062045484,47.474876281],[19.062048166,47.474880813],[19.062025368,47.474879],[19.062013298,47.474827331],[19.062042802,47.474820079]]]}},{"type":"Feature","id":1191,"properties":{"buildingId":2,"floorId":7,"roomNumber":"241","roomName":"2.241 Oktató","scope":"budapest/lagymanyos/eszaki/2/LK-2-241-01-12","roomCode":"LK-2-241-01-12","roomType":"educational","__tile":"16/36238/22923","__layer":"rooms","__zoom":16,"__mvtId":1191,"__building":"eszaki","__ringVerts":5,"id":1191,"catalogFloorId":7},"geometry":{"type":"Polygon","coordinates":[[[19.06201199,47.474824144],[19.062028083,47.474875814],[19.061994555,47.474880346],[19.061978462,47.474828677],[19.06201199,47.474824144]]]}},{"type":"Feature","id":1135,"properties":{"buildingId":2,"floorId":12,"roomNumber":"7.78","roomName":"7.78 Oktatói","scope":"budapest/lagymanyos/eszaki/7/LÉ-7-78-01-13","roomCode":"LÉ-7-78-01-13","roomType":"educational","__tile":"16/36238/22923","__layer":"rooms","__zoom":16,"__mvtId":1135,"__building":"eszaki","__ringVerts":5,"id":1135,"catalogFloorId":12},"geometry":{"type":"Polygon","coordinates":[[[19.062048379,47.474825246],[19.062065814,47.474883261],[19.062032286,47.474884168],[19.062020216,47.474829779],[19.062048379,47.474825246]]]}},{"type":"Feature","id":298,"properties":{"buildingId":2,"floorId":7,"roomNumber":"243","roomName":"2.243 Oktató","scope":"budapest/lagymanyos/eszaki/2/LK-2-243-01-13","roomCode":"LK-2-243-01-13","roomType":"educational","__tile":"16/36238/22923","__layer":"rooms","__zoom":16,"__mvtId":298,"__building":"eszaki","__ringVerts":5,"id":298,"catalogFloorId":7},"geometry":{"type":"Polygon","coordinates":[[[19.062088167,47.474833845],[19.062102919,47.474885514],[19.062064027,47.474890953],[19.062047934,47.474839284],[19.062088167,47.474833845]]]}},{"type":"Feature","id":403,"properties":{"buildingId":2,"floorId":9,"roomNumber":"439","roomName":"4.439 Oktató","scope":"budapest/lagymanyos/eszaki/4/LK-4-439-01-13","roomCode":"LK-4-439-01-13","roomType":"educational","__tile":"16/36238/22923","__layer":"rooms","__zoom":16,"__mvtId":403,"__building":"eszaki","__ringVerts":5,"id":403,"catalogFloorId":9},"geometry":{"type":"Polygon","coordinates":[[[19.062012309,47.47482418],[19.062028402,47.47487585],[19.061994874,47.474880382],[19.061978781,47.474828713],[19.062012309,47.47482418]]]}},{"type":"Feature","id":279,"properties":{"buildingId":2,"floorId":7,"roomNumber":"224","roomName":"2.224 Tárgyaló","scope":"budapest/lagymanyos/eszaki/2/LK-2-224-01-17","roomCode":"LK-2-224-01-17","roomType":"educational","__tile":"16/36238/22923","__layer":"rooms","__zoom":16,"__mvtId":279,"__building":"eszaki","__ringVerts":5,"id":279,"catalogFloorId":7},"geometry":{"type":"Polygon","coordinates":[[[19.061799837,47.474791061],[19.06181593,47.474843637],[19.061751557,47.474851796],[19.061735464,47.47479922],[19.061799837,47.474791061]]]}},{"type":"Feature","id":60,"properties":{"buildingId":2,"floorId":8,"roomNumber":"334","roomName":"334","scope":"budapest/lagymanyos/eszaki/3/LK-É-334-01-12","roomCode":"LK-É-334-01-12","roomType":"educational","__tile":"16/36238/22923","__layer":"rooms","__zoom":16,"__mvtId":60,"__building":"eszaki","__ringVerts":5,"id":60,"catalogFloorId":8},"geometry":{"type":"Polygon","coordinates":[[[19.061799119,47.474791252],[19.061815213,47.474844734],[19.061756204,47.474852892],[19.06173877,47.47479941],[19.061799119,47.474791252]]]}},{"type":"Feature","id":404,"properties":{"buildingId":2,"floorId":9,"roomNumber":"440","roomName":"4.440 Tárgyaló","scope":"budapest/lagymanyos/eszaki/4/LK-4-440-01-17","roomCode":"LK-4-440-01-17","roomType":"educational","__tile":"16/36238/22923","__layer":"rooms","__zoom":16,"__mvtId":404,"__building":"eszaki","__ringVerts":5,"id":404,"catalogFloorId":9},"geometry":{"type":"Polygon","coordinates":[[[19.062047421,47.474828639],[19.062063514,47.474881215],[19.062029986,47.474885747],[19.062013893,47.474833171],[19.062047421,47.474828639]]]}},{"type":"Feature","id":291,"properties":{"buildingId":2,"floorId":7,"roomNumber":"236","roomName":"2.236 KKKK Doktorandusz ","scope":"budapest/lagymanyos/eszaki/2/LK-2-236-01-13","roomCode":"LK-2-236-01-13","roomType":"educational","__tile":"16/36238/22923","__layer":"rooms","__zoom":16,"__mvtId":291,"__building":"eszaki","__ringVerts":5,"id":291,"catalogFloorId":7},"geometry":{"type":"Polygon","coordinates":[[[19.061837268,47.474799452],[19.061853361,47.474852028],[19.061819833,47.47485656],[19.06180374,47.474803984],[19.061837268,47.474799452]]]}},{"type":"Feature","id":477,"properties":{"buildingId":2,"floorId":11,"roomNumber":"622","roomName":"6,622","scope":"budapest/lagymanyos/eszaki/6/LK-6-622-01-17","roomCode":"LK-6-622-01-17","roomType":"educational","__tile":"16/36238/22923","__layer":"rooms","__zoom":16,"__mvtId":477,"__building":"eszaki","__ringVerts":5,"id":477,"catalogFloorId":11},"geometry":{"type":"Polygon","coordinates":[[[19.061799119,47.474791242],[19.061815213,47.474844724],[19.061756204,47.474852882],[19.06173877,47.4747994],[19.061799119,47.474791242]]]}},{"type":"Feature","id":1125,"properties":{"buildingId":2,"floorId":12,"roomNumber":"7.71","roomName":"7.71 Dolgozói","scope":"budapest/lagymanyos/eszaki/7/LÉ-7-71-02-33","roomCode":"LÉ-7-71-02-33","roomType":"administrative","__tile":"16/36238/22923","__layer":"rooms","__zoom":16,"__mvtId":1125,"__building":"eszaki","__ringVerts":5,"id":1125,"catalogFloorId":12},"geometry":{"type":"Polygon","coordinates":[[[19.06180178,47.474791633],[19.061817873,47.474846928],[19.061787028,47.474851461],[19.061769594,47.47479254],[19.06180178,47.474791633]]]}},{"type":"Feature","id":701,"properties":{"buildingId":2,"floorId":7,"roomNumber":"2-K3","roomName":"2.K3 Közlekedő (átjáró  KTCS dolgozószobákhoz)","scope":"budapest/lagymanyos/eszaki/2/LÉ-2-K3-04-63","roomCode":"LÉ-2-K3-04-63","roomType":"corridor","__tile":"16/36238/22923","__layer":"rooms","__zoom":16,"__mvtId":701,"__building":"eszaki","__ringVerts":6,"id":701,"catalogFloorId":7},"geometry":{"type":"Polygon","coordinates":[[[19.062240555,47.474819462],[19.062244579,47.474833059],[19.062103763,47.474852095],[19.06209974,47.474839404],[19.062207028,47.474823088],[19.062240555,47.474819462]]]}},{"type":"Feature","id":359,"properties":{"buildingId":2,"floorId":8,"roomNumber":"357","roomName":"3.357 Oktató","scope":"budapest/lagymanyos/eszaki/3/LK-3-357-01-13","roomCode":"LK-3-357-01-13","roomType":"educational","__tile":"16/36238/22923","__layer":"rooms","__zoom":16,"__mvtId":359,"__building":"eszaki","__ringVerts":5,"id":359,"catalogFloorId":8},"geometry":{"type":"Polygon","coordinates":[[[19.062070887,47.474766989],[19.062080275,47.474799622],[19.062046747,47.474804154],[19.062037359,47.474771521],[19.062070887,47.474766989]]]}},{"type":"Feature","id":985,"properties":{"buildingId":2,"floorId":10,"roomNumber":"5-K3","roomName":"5.K3 Közlekedő (átjáró KTCS dolgozó szobák felé)","scope":"budapest/lagymanyos/eszaki/5/LÉ-5-K3-04-63","roomCode":"LÉ-5-K3-04-63","roomType":"corridor","__tile":"16/36238/22923","__layer":"rooms","__zoom":16,"__mvtId":985,"__building":"eszaki","__ringVerts":6,"id":985,"catalogFloorId":10},"geometry":{"type":"Polygon","coordinates":[[[19.0622537,47.474816758],[19.062257723,47.474830355],[19.062114225,47.474850297],[19.062110201,47.4748367],[19.062137024,47.474833074],[19.0622537,47.474816758]]]}},{"type":"Feature","id":292,"properties":{"buildingId":2,"floorId":7,"roomNumber":"237","roomName":"2.237 Oktató","scope":"budapest/lagymanyos/eszaki/2/LK-2-237-01-13","roomCode":"LK-2-237-01-13","roomType":"educational","__tile":"16/36238/22923","__layer":"rooms","__zoom":16,"__mvtId":292,"__building":"eszaki","__ringVerts":5,"id":292,"catalogFloorId":7},"geometry":{"type":"Polygon","coordinates":[[[19.061871977,47.474804318],[19.06188807,47.474856894],[19.061854542,47.474861426],[19.061838449,47.47480885],[19.061871977,47.474804318]]]}},{"type":"Feature","id":454,"properties":{"buildingId":2,"floorId":10,"roomNumber":"544","roomName":"5.544 Oktató","scope":"budapest/lagymanyos/eszaki/5/LK-5-544-01-13","roomCode":"LK-5-544-01-13","roomType":"educational","__tile":"16/36238/22923","__layer":"rooms","__zoom":16,"__mvtId":454,"__building":"eszaki","__ringVerts":5,"id":454,"catalogFloorId":10},"geometry":{"type":"Polygon","coordinates":[[[19.062111716,47.47477189],[19.062121104,47.474804523],[19.062082212,47.474809962],[19.062071483,47.474777329],[19.062111716,47.47477189]]]}},{"type":"Feature","id":294,"properties":{"buildingId":2,"floorId":7,"roomNumber":"239","roomName":"2.239 Oktató","scope":"budapest/lagymanyos/eszaki/2/LK-2-239-01-13","roomCode":"LK-2-239-01-13","roomType":"educational","__tile":"16/36238/22923","__layer":"rooms","__zoom":16,"__mvtId":294,"__building":"eszaki","__ringVerts":5,"id":294,"catalogFloorId":7},"geometry":{"type":"Polygon","coordinates":[[[19.061942667,47.474814126],[19.06195876,47.474866702],[19.061923892,47.474871234],[19.061907798,47.474818658],[19.061942667,47.474814126]]]}},{"type":"Feature","id":353,"properties":{"buildingId":2,"floorId":8,"roomNumber":"350","roomName":"3.350 Oktató","scope":"budapest/lagymanyos/eszaki/3/LK-3-350-01-13","roomCode":"LK-3-350-01-13","roomType":"educational","__tile":"16/36238/22923","__layer":"rooms","__zoom":16,"__mvtId":353,"__building":"eszaki","__ringVerts":5,"id":353,"catalogFloorId":8},"geometry":{"type":"Polygon","coordinates":[[[19.061906849,47.474809124],[19.061924283,47.4748617],[19.061889414,47.474867139],[19.061873321,47.474813657],[19.061906849,47.474809124]]]}},{"type":"Feature","id":354,"properties":{"buildingId":2,"floorId":8,"roomNumber":"351","roomName":"3.351 Oktató","scope":"budapest/lagymanyos/eszaki/3/LK-3-351-01-13","roomCode":"LK-3-351-01-13","roomType":"educational","__tile":"16/36238/22923","__layer":"rooms","__zoom":16,"__mvtId":354,"__building":"eszaki","__ringVerts":5,"id":354,"catalogFloorId":8},"geometry":{"type":"Polygon","coordinates":[[[19.061942215,47.474814144],[19.061958308,47.47486672],[19.06192478,47.474871252],[19.061908687,47.474818676],[19.061942215,47.474814144]]]}},{"type":"Feature","id":358,"properties":{"buildingId":2,"floorId":8,"roomNumber":"356","roomName":"3.356 Oktató","scope":"budapest/lagymanyos/eszaki/3/LK-3-356-01-13","roomCode":"LK-3-356-01-13","roomType":"educational","__tile":"16/36238/22923","__layer":"rooms","__zoom":16,"__mvtId":358,"__building":"eszaki","__ringVerts":5,"id":358,"catalogFloorId":8},"geometry":{"type":"Polygon","coordinates":[[[19.062111716,47.47477189],[19.062121104,47.474804523],[19.062082212,47.474809962],[19.062071483,47.474777329],[19.062111716,47.47477189]]]}},{"type":"Feature","id":398,"properties":{"buildingId":2,"floorId":9,"roomNumber":"434","roomName":"4.434 Oktató","scope":"budapest/lagymanyos/eszaki/4/LK-4-434-01-13","roomCode":"LK-4-434-01-13","roomType":"educational","__tile":"16/36238/22923","__layer":"rooms","__zoom":16,"__mvtId":398,"__building":"eszaki","__ringVerts":5,"id":398,"catalogFloorId":9},"geometry":{"type":"Polygon","coordinates":[[[19.061837083,47.474799657],[19.061853176,47.474852233],[19.061819648,47.474856765],[19.061803555,47.474804189],[19.061837083,47.474799657]]]}},{"type":"Feature","id":399,"properties":{"buildingId":2,"floorId":9,"roomNumber":"435","roomName":"4.435 Oktató","scope":"budapest/lagymanyos/eszaki/4/LK-4-435-01-13","roomCode":"LK-4-435-01-13","roomType":"educational","__tile":"16/36238/22923","__layer":"rooms","__zoom":16,"__mvtId":399,"__building":"eszaki","__ringVerts":5,"id":399,"catalogFloorId":9},"geometry":{"type":"Polygon","coordinates":[[[19.061872134,47.474804496],[19.061888227,47.474857072],[19.061854699,47.474861604],[19.061838606,47.474809028],[19.061872134,47.474804496]]]}},{"type":"Feature","id":400,"properties":{"buildingId":2,"floorId":9,"roomNumber":"436","roomName":"4.436 Oktató","scope":"budapest/lagymanyos/eszaki/4/LK-4-436-01-13","roomCode":"LK-4-436-01-13","roomType":"educational","__tile":"16/36238/22923","__layer":"rooms","__zoom":16,"__mvtId":400,"__building":"eszaki","__ringVerts":5,"id":400,"catalogFloorId":9},"geometry":{"type":"Polygon","coordinates":[[[19.061906852,47.474809121],[19.061924286,47.474861697],[19.061889417,47.474867136],[19.061873324,47.474813654],[19.061906852,47.474809121]]]}},{"type":"Feature","id":401,"properties":{"buildingId":2,"floorId":9,"roomNumber":"437","roomName":"4.437 Oktató","scope":"budapest/lagymanyos/eszaki/4/LK-4-437-01-13","roomCode":"LK-4-437-01-13","roomType":"educational","__tile":"16/36238/22923","__layer":"rooms","__zoom":16,"__mvtId":401,"__building":"eszaki","__ringVerts":5,"id":401,"catalogFloorId":9},"geometry":{"type":"Polygon","coordinates":[[[19.061942208,47.474814145],[19.061958301,47.474866721],[19.061924773,47.474871253],[19.06190868,47.474818677],[19.061942208,47.474814145]]]}},{"type":"Feature","id":402,"properties":{"buildingId":2,"floorId":9,"roomNumber":"438","roomName":"4.438 Oktató","scope":"budapest/lagymanyos/eszaki/4/LK-4-438-01-13","roomCode":"LK-4-438-01-13","roomType":"educational","__tile":"16/36238/22923","__layer":"rooms","__zoom":16,"__mvtId":402,"__building":"eszaki","__ringVerts":5,"id":402,"catalogFloorId":9},"geometry":{"type":"Polygon","coordinates":[[[19.061977431,47.474819189],[19.061993524,47.474870858],[19.061959996,47.474876297],[19.061943903,47.474823721],[19.061977431,47.474819189]]]}},{"type":"Feature","id":452,"properties":{"buildingId":2,"floorId":10,"roomNumber":"542","roomName":"5.542 Oktató","scope":"budapest/lagymanyos/eszaki/5/LK-5-542-02-33","roomCode":"LK-5-542-02-33","roomType":"administrative","__tile":"16/36238/22923","__layer":"rooms","__zoom":16,"__mvtId":452,"__building":"eszaki","__ringVerts":5,"id":452,"catalogFloorId":10},"geometry":{"type":"Polygon","coordinates":[[[19.062012309,47.47482418],[19.062028402,47.47487585],[19.061994874,47.474880382],[19.061978781,47.474828713],[19.062012309,47.47482418]]]}},{"type":"Feature","id":453,"properties":{"buildingId":2,"floorId":10,"roomNumber":"543","roomName":"5.543 Kémiai Intézet adminisztráció","scope":"budapest/lagymanyos/eszaki/5/LK-5-543-02-33","roomCode":"LK-5-543-02-33","roomType":"administrative","__tile":"16/36238/22923","__layer":"rooms","__zoom":16,"__mvtId":453,"__building":"eszaki","__ringVerts":5,"id":453,"catalogFloorId":10},"geometry":{"type":"Polygon","coordinates":[[[19.062086998,47.474829463],[19.06210175,47.474881133],[19.062025307,47.47489201],[19.062009213,47.474840341],[19.062086998,47.474829463]]]}},{"type":"Feature","id":451,"properties":{"buildingId":2,"floorId":10,"roomNumber":"540","roomName":"5.540 Oktató","scope":"budapest/lagymanyos/eszaki/5/LK-5-540-01-13","roomCode":"LK-5-540-01-13","roomType":"educational","__tile":"16/36238/22923","__layer":"rooms","__zoom":16,"__mvtId":451,"__building":"eszaki","__ringVerts":5,"id":451,"catalogFloorId":10},"geometry":{"type":"Polygon","coordinates":[[[19.061942215,47.474814144],[19.061958308,47.47486672],[19.06192478,47.474871252],[19.061908687,47.474818676],[19.061942215,47.474814144]]]}},{"type":"Feature","id":449,"properties":{"buildingId":2,"floorId":10,"roomNumber":"540","roomName":"5.539 Oktató","scope":"budapest/lagymanyos/eszaki/5/LK-5-539-01-13","roomCode":"LK-5-539-01-13","roomType":"educational","__tile":"16/36238/22923","__layer":"rooms","__zoom":16,"__mvtId":449,"__building":"eszaki","__ringVerts":5,"id":449,"catalogFloorId":10},"geometry":{"type":"Polygon","coordinates":[[[19.061906875,47.474809086],[19.061922968,47.474861662],[19.06188944,47.474867101],[19.061873347,47.474813619],[19.061906875,47.474809086]]]}},{"type":"Feature","id":489,"properties":{"buildingId":2,"floorId":11,"roomNumber":"636","roomName":"6.636 oktató","scope":"budapest/lagymanyos/eszaki/6/LK-6-636-01-13","roomCode":"LK-6-636-01-13","roomType":"educational","__tile":"16/36238/22923","__layer":"rooms","__zoom":16,"__mvtId":489,"__building":"eszaki","__ringVerts":5,"id":489,"catalogFloorId":11},"geometry":{"type":"Polygon","coordinates":[[[19.061872133,47.474804496],[19.061888226,47.474857072],[19.061854698,47.474861604],[19.061838605,47.474809028],[19.061872133,47.474804496]]]}},{"type":"Feature","id":492,"properties":{"buildingId":2,"floorId":11,"roomNumber":"639","roomName":"6.639 oktató","scope":"budapest/lagymanyos/eszaki/6/LK-6-639-01-13","roomCode":"LK-6-639-01-13","roomType":"educational","__tile":"16/36238/22923","__layer":"rooms","__zoom":16,"__mvtId":492,"__building":"eszaki","__ringVerts":5,"id":492,"catalogFloorId":11},"geometry":{"type":"Polygon","coordinates":[[[19.061977431,47.474819189],[19.061993524,47.474870858],[19.061959996,47.474876297],[19.061943903,47.474823721],[19.061977431,47.474819189]]]}},{"type":"Feature","id":490,"properties":{"buildingId":2,"floorId":11,"roomNumber":"637","roomName":"6.637 oktató","scope":"budapest/lagymanyos/eszaki/6/LK-6-637-01-13","roomCode":"LK-6-637-01-13","roomType":"educational","__tile":"16/36238/22923","__layer":"rooms","__zoom":16,"__mvtId":490,"__building":"eszaki","__ringVerts":5,"id":490,"catalogFloorId":11},"geometry":{"type":"Polygon","coordinates":[[[19.061906849,47.474809122],[19.061924283,47.474861698],[19.061889414,47.474867137],[19.061873321,47.474813655],[19.061906849,47.474809122]]]}},{"type":"Feature","id":493,"properties":{"buildingId":2,"floorId":11,"roomNumber":"640","roomName":"6.640 oktató","scope":"budapest/lagymanyos/eszaki/6/LK-6-640-01-13","roomCode":"LK-6-640-01-13","roomType":"educational","__tile":"16/36238/22923","__layer":"rooms","__zoom":16,"__mvtId":493,"__building":"eszaki","__ringVerts":5,"id":493,"catalogFloorId":11},"geometry":{"type":"Polygon","coordinates":[[[19.062012309,47.47482418],[19.062028402,47.47487585],[19.061994874,47.474880382],[19.061978781,47.474828713],[19.062012309,47.47482418]]]}},{"type":"Feature","id":494,"properties":{"buildingId":2,"floorId":11,"roomNumber":"641","roomName":"6.641 oktató","scope":"budapest/lagymanyos/eszaki/6/LK-6-641-01-13","roomCode":"LK-6-641-01-13","roomType":"educational","__tile":"16/36238/22923","__layer":"rooms","__zoom":16,"__mvtId":494,"__building":"eszaki","__ringVerts":5,"id":494,"catalogFloorId":11},"geometry":{"type":"Polygon","coordinates":[[[19.062047394,47.474828453],[19.062063487,47.474881029],[19.062029959,47.474885562],[19.062013866,47.474833892],[19.062047394,47.474828453]]]}},{"type":"Feature","id":746,"properties":{"buildingId":2,"floorId":8,"roomNumber":"3.122","roomName":"3.122 Oktató","scope":"budapest/lagymanyos/eszaki/3/LÉ-3-122-01-13","roomCode":"LÉ-3-122-01-13","roomType":"educational","__tile":"16/36238/22923","__layer":"rooms","__zoom":16,"__mvtId":746,"__building":"eszaki","__ringVerts":5,"id":746,"catalogFloorId":8},"geometry":{"type":"Polygon","coordinates":[[[19.06216912,47.474777419],[19.062178508,47.47481821],[19.062130228,47.474825462],[19.062118158,47.47478467],[19.06216912,47.474777419]]]}},{"type":"Feature","id":36971,"properties":{"buildingId":2,"floorId":6,"roomNumber":"146","roomName":"Oktatói szoba","scope":"budapest/lagymanyos/eszaki/1/LK-1-146-02-33","roomCode":"LK-1-146-02-33","roomType":"administrative","__tile":"16/36238/22923","__layer":"rooms","__zoom":16,"__mvtId":36971,"__building":"eszaki","__ringVerts":6,"id":36971,"catalogFloorId":6},"geometry":{"type":"Polygon","coordinates":[[[19.062008308,47.474821114],[19.062024401,47.474872784],[19.062019037,47.474879129],[19.061990873,47.474877316],[19.061973439,47.474823833],[19.062008308,47.474821114]]]}},{"type":"Feature","id":295,"properties":{"buildingId":2,"floorId":7,"roomNumber":"240","roomName":"2.240 Oktató","scope":"budapest/lagymanyos/eszaki/2/LK-2-240-01-13","roomCode":"LK-2-240-01-13","roomType":"educational","__tile":"16/36238/22923","__layer":"rooms","__zoom":16,"__mvtId":295,"__building":"eszaki","__ringVerts":5,"id":295,"catalogFloorId":7},"geometry":{"type":"Polygon","coordinates":[[[19.061977521,47.474818954],[19.061993614,47.47487153],[19.061958746,47.474876062],[19.061942652,47.474823486],[19.061977521,47.474818954]]]}},{"type":"Feature","id":36979,"properties":{"buildingId":2,"floorId":6,"roomNumber":"1.116A","roomName":"Irattár","scope":"budapest/lagymanyos/eszaki/1/LÉ-1-116A-02-34","roomCode":"LÉ-1-116A-02-34","roomType":"administrative","__tile":"16/36238/22923","__layer":"rooms","__zoom":16,"__mvtId":36979,"__building":"eszaki","__ringVerts":5,"id":36979,"catalogFloorId":6},"geometry":{"type":"Polygon","coordinates":[[[19.062236072,47.474846037],[19.062245459,47.474879577],[19.062158288,47.474891361],[19.0621489,47.474856914],[19.062236072,47.474846037]]]}},{"type":"Feature","id":36743,"properties":{"buildingId":2,"floorId":5,"roomNumber":"047","roomName":"Előtér","scope":"budapest/lagymanyos/eszaki/0/LK-0-047-04-62","roomCode":"LK-0-047-04-62","roomType":"corridor","__tile":"16/36238/22923","__layer":"rooms","__zoom":16,"__mvtId":36743,"__building":"eszaki","__ringVerts":5,"id":36743,"catalogFloorId":5},"geometry":{"type":"Polygon","coordinates":[[[19.062086319,47.474834617],[19.062102412,47.474888099],[19.062062179,47.474895351],[19.062044745,47.474837336],[19.062086319,47.474834617]]]}},{"type":"Feature","id":36876,"properties":{"buildingId":2,"floorId":5,"roomNumber":"050A","roomName":"Mosdó","scope":"budapest/lagymanyos/eszaki/0/LK-0-050A-05-71","roomCode":"LK-0-050A-05-71","roomType":"social","__tile":"16/36238/22923","__layer":"rooms","__zoom":16,"__mvtId":36876,"__building":"eszaki","__ringVerts":5,"id":36876,"catalogFloorId":5},"geometry":{"type":"Polygon","coordinates":[[[19.061856773,47.474770883],[19.061859455,47.474780854],[19.061839338,47.474783573],[19.061836656,47.474773602],[19.061856773,47.474770883]]]}},{"type":"Feature","id":36968,"properties":{"buildingId":2,"floorId":6,"roomNumber":"144*","roomName":"Oktatói szoba","scope":"budapest/lagymanyos/eszaki/1/LK-1-144-02-33","roomCode":"LK-1-144-02-33","roomType":"administrative","__tile":"16/36238/22923","__layer":"rooms","__zoom":16,"__mvtId":36968,"__building":"eszaki","__ringVerts":6,"id":36968,"catalogFloorId":6},"geometry":{"type":"Polygon","coordinates":[[[19.061938342,47.47481218],[19.061953095,47.47486385],[19.06194773,47.474869289],[19.061919567,47.474867476],[19.061903474,47.474813993],[19.061938342,47.47481218]]]}},{"type":"Feature","id":36745,"properties":{"buildingId":2,"floorId":5,"roomNumber":"043","roomName":"Gépészet előtér","scope":"budapest/lagymanyos/eszaki/0/LK-0-043-04-62","roomCode":"LK-0-043-04-62","roomType":"corridor","__tile":"16/36238/22923","__layer":"rooms","__zoom":16,"__mvtId":36745,"__building":"eszaki","__ringVerts":7,"id":36745,"catalogFloorId":5},"geometry":{"type":"Polygon","coordinates":[[[19.061874548,47.474811144],[19.061891982,47.474869159],[19.061874548,47.474871879],[19.061861137,47.474823835],[19.061850408,47.474825648],[19.061846385,47.474815677],[19.061874548,47.474811144]]]}},{"type":"Feature","id":36749,"properties":{"buildingId":2,"floorId":5,"roomNumber":"000/6","roomName":"Folyosó","scope":"budapest/lagymanyos/eszaki/0/LK-0-000-6-04-63","roomCode":"LK-0-000/6-04-63","roomType":"corridor","__tile":"16/36238/22923","__layer":"rooms","__zoom":16,"__mvtId":36749,"__building":"eszaki","__ringVerts":5,"id":36749,"catalogFloorId":5},"geometry":{"type":"Polygon","coordinates":[[[19.061789816,47.474770383],[19.06179384,47.474783073],[19.061742878,47.474789419],[19.061738854,47.474776728],[19.061789816,47.474770383]]]}},{"type":"Feature","id":36750,"properties":{"buildingId":2,"floorId":5,"roomNumber":"041","roomName":"Tervtár-tárgyaló","scope":"budapest/lagymanyos/eszaki/0/LK-0-041-01-17","roomCode":"LK-0-041-01-17","roomType":"educational","__tile":"16/36238/22923","__layer":"rooms","__zoom":16,"__mvtId":36750,"__building":"eszaki","__ringVerts":5,"id":36750,"catalogFloorId":5},"geometry":{"type":"Polygon","coordinates":[[[19.061793975,47.474791047],[19.061811409,47.474849062],[19.0617524,47.47485722],[19.061734966,47.474798299],[19.061793975,47.474791047]]]}},{"type":"Feature","id":36961,"properties":{"buildingId":2,"floorId":6,"roomNumber":"141","roomName":"Oktatói szoba","scope":"budapest/lagymanyos/eszaki/1/LK-1-141-01-13","roomCode":"LK-1-141-01-13","roomType":"educational","__tile":"16/36238/22923","__layer":"rooms","__zoom":16,"__mvtId":36961,"__building":"eszaki","__ringVerts":7,"id":36961,"catalogFloorId":6},"geometry":{"type":"Polygon","coordinates":[[[19.061831384,47.474791145],[19.061847478,47.474845534],[19.061834067,47.474847347],[19.061835408,47.474851879],[19.06181395,47.474850066],[19.061797857,47.474798397],[19.061831384,47.474791145]]]}},{"type":"Feature","id":36965,"properties":{"buildingId":2,"floorId":6,"roomNumber":"143","roomName":"Oktatói szoba","scope":"budapest/lagymanyos/eszaki/1/LK-1-143-01-13","roomCode":"LK-1-143-01-13","roomType":"educational","__tile":"16/36238/22923","__layer":"rooms","__zoom":16,"__mvtId":36965,"__building":"eszaki","__ringVerts":7,"id":36965,"catalogFloorId":6},"geometry":{"type":"Polygon","coordinates":[[[19.061902033,47.474802817],[19.061916785,47.474852673],[19.061903374,47.474854486],[19.061906056,47.474862644],[19.061883258,47.474860831],[19.061868505,47.474810068],[19.061902033,47.474802817]]]}},{"type":"Feature","id":36952,"properties":{"buildingId":2,"floorId":6,"roomNumber":"132","roomName":"Szemináriumi terem","scope":"budapest/lagymanyos/eszaki/1/LK-1-132-01-12","roomCode":"LK-1-132-01-12","roomType":"educational","__tile":"16/36238/22923","__layer":"rooms","__zoom":16,"__mvtId":36952,"__building":"eszaki","__ringVerts":5,"id":36952,"catalogFloorId":6},"geometry":{"type":"Polygon","coordinates":[[[19.061793701,47.474790402],[19.061815158,47.474848417],[19.061753468,47.474857482],[19.061734692,47.474798561],[19.061793701,47.474790402]]]}},{"type":"Feature","id":1127,"properties":{"buildingId":2,"floorId":12,"roomNumber":"7.73","roomName":"7.73 Könyvtár","scope":"budapest/lagymanyos/eszaki/7/LÉ-7-73-03-43 (1)","roomCode":"LÉ-7-73-03-43 (1)","roomType":"misc","__tile":"16/36238/22923","__layer":"rooms","__zoom":16,"__mvtId":1127,"__building":"eszaki","__ringVerts":5,"id":1127,"catalogFloorId":12},"geometry":{"type":"Polygon","coordinates":[[[19.061874732,47.474801474],[19.061888143,47.474856769],[19.061858639,47.474861302],[19.061839863,47.474802381],[19.061874732,47.474801474]]]}},{"type":"Feature","id":355,"properties":{"buildingId":2,"floorId":8,"roomNumber":"353","roomName":"3.353 Oktató","scope":"budapest/lagymanyos/eszaki/3/LK-3-353-01-13","roomCode":"LK-3-353-01-13","roomType":"educational","__tile":"16/36238/22923","__layer":"rooms","__zoom":16,"__mvtId":355,"__building":"eszaki","__ringVerts":5,"id":355,"catalogFloorId":8},"geometry":{"type":"Polygon","coordinates":[[[19.062012309,47.47482418],[19.062028402,47.47487585],[19.061994874,47.474880382],[19.061978781,47.474828713],[19.062012309,47.47482418]]]}},{"type":"Feature","id":405,"properties":{"buildingId":2,"floorId":9,"roomNumber":"441","roomName":"4.441 Oktató","scope":"budapest/lagymanyos/eszaki/4/LK-4-441-01-13","roomCode":"LK-4-441-01-13","roomType":"educational","__tile":"16/36238/22923","__layer":"rooms","__zoom":16,"__mvtId":405,"__building":"eszaki","__ringVerts":5,"id":405,"catalogFloorId":9},"geometry":{"type":"Polygon","coordinates":[[[19.062090517,47.474834065],[19.062105269,47.474885734],[19.062063695,47.474891173],[19.062047602,47.474839504],[19.062090517,47.474834065]]]}},{"type":"Feature","id":488,"properties":{"buildingId":2,"floorId":11,"roomNumber":"635","roomName":"6.635 oktató","scope":"budapest/lagymanyos/eszaki/6/LK-6-635-01-13","roomCode":"LK-6-635-01-13","roomType":"educational","__tile":"16/36238/22923","__layer":"rooms","__zoom":16,"__mvtId":488,"__building":"eszaki","__ringVerts":5,"id":488,"catalogFloorId":11},"geometry":{"type":"Polygon","coordinates":[[[19.061837082,47.474799657],[19.061853175,47.474852233],[19.061819647,47.474856765],[19.061803554,47.474804189],[19.061837082,47.474799657]]]}},{"type":"Feature","id":36974,"properties":{"buildingId":2,"floorId":6,"roomNumber":"150","roomName":"Oktatói szoba","scope":"budapest/lagymanyos/eszaki/1/LK-1-150-02-33","roomCode":"LK-1-150-02-33","roomType":"administrative","__tile":"16/36238/22923","__layer":"rooms","__zoom":16,"__mvtId":36974,"__building":"eszaki","__ringVerts":6,"id":36974,"catalogFloorId":6},"geometry":{"type":"Polygon","coordinates":[[[19.062048184,47.474771795],[19.062076347,47.474772702],[19.062087076,47.474808961],[19.062056231,47.474813494],[19.06204282,47.474778141],[19.062048184,47.474771795]]]}},{"type":"Feature","id":297,"properties":{"buildingId":2,"floorId":7,"roomNumber":"242","roomName":"2.242 Oktató","scope":"budapest/lagymanyos/eszaki/2/LK-2-242-01-13","roomCode":"LK-2-242-01-13","roomType":"educational","__tile":"16/36238/22923","__layer":"rooms","__zoom":16,"__mvtId":297,"__building":"eszaki","__ringVerts":5,"id":297,"catalogFloorId":7},"geometry":{"type":"Polygon","coordinates":[[[19.062046898,47.47482894],[19.062062991,47.47488061],[19.062029463,47.474885142],[19.06201337,47.474833473],[19.062046898,47.47482894]]]}},{"type":"Feature","id":1126,"properties":{"buildingId":2,"floorId":12,"roomNumber":"7.72","roomName":"7.72 Dolgozói","scope":"budapest/lagymanyos/eszaki/7/LÉ-7-72-02-33","roomCode":"LÉ-7-72-02-33","roomType":"administrative","__tile":"16/36238/22923","__layer":"rooms","__zoom":16,"__mvtId":1126,"__building":"eszaki","__ringVerts":5,"id":1126,"catalogFloorId":12},"geometry":{"type":"Polygon","coordinates":[[[19.06183833,47.474794993],[19.061857105,47.474853008],[19.061824919,47.474857541],[19.061810167,47.474798619],[19.06183833,47.474794993]]]}},{"type":"Feature","id":37032,"properties":{"buildingId":2,"floorId":6,"roomNumber":"1.89","roomName":"Iroda","scope":"budapest/lagymanyos/eszaki/1/LÉ-1-89-02-33","roomCode":"LÉ-1-89-02-33","roomType":"administrative","__tile":"17/72476/45847","__layer":"rooms","__zoom":17,"__mvtId":37032,"__building":"eszaki","__ringVerts":5,"id":37032,"catalogFloorId":6},"geometry":{"type":"Polygon","coordinates":[[[19.061880847,47.474122887],[19.061888894,47.474150082],[19.061813792,47.474158693],[19.061806416,47.474133311],[19.061880847,47.474122887]]]}},{"type":"Feature","id":36561,"properties":{"buildingId":2,"floorId":4,"roomNumber":"P-L6","roomName":"Lépcsőház","scope":"budapest/lagymanyos/eszaki/-1/LÉ--1-L6-04-64","roomCode":"LÉ--1-L6-04-64","roomType":"corridor","__tile":"17/72476/45847","__layer":"rooms","__zoom":17,"__mvtId":36561,"__building":"eszaki","__ringVerts":12,"id":36561,"catalogFloorId":4},"geometry":{"type":"Polygon","coordinates":[[[19.062027216,47.474082238],[19.062034592,47.474105354],[19.062021852,47.474107167],[19.062017158,47.474093116],[19.061986983,47.474097195],[19.062015817,47.474094476],[19.06201984,47.47410762],[19.061949432,47.474117138],[19.06194675,47.474108073],[19.061953455,47.474107167],[19.061949432,47.474092663],[19.062027216,47.474082238]]]}},{"type":"Feature","id":36826,"properties":{"buildingId":2,"floorId":5,"roomNumber":"F.61 M1","roomName":"Teakonyha","scope":"budapest/lagymanyos/eszaki/0/LÉ-0-104-05-77","roomCode":"LÉ-0-104-05-77","roomType":"social","__tile":"17/72476/45847","__layer":"rooms","__zoom":17,"__mvtId":36826,"__building":"eszaki","__ringVerts":9,"id":36826,"catalogFloorId":5},"geometry":{"type":"Polygon","coordinates":[[[19.06200468,47.474172551],[19.062021444,47.474226941],[19.06195573,47.474236006],[19.061945001,47.474200199],[19.061934943,47.474201559],[19.061930919,47.474188868],[19.061940978,47.474187508],[19.061938966,47.474181616],[19.06200468,47.474172551]]]}},{"type":"Feature","id":1053,"properties":{"buildingId":2,"floorId":11,"roomNumber":"6.81/B","roomName":"6.81/B ","scope":"budapest/lagymanyos/eszaki/6/LÉ-6-81-B-01-13","roomCode":"LÉ-6-81/B-01-13","roomType":"educational","__tile":"17/72476/45847","__layer":"rooms","__zoom":17,"__mvtId":1053,"__building":"eszaki","__ringVerts":9,"id":1053,"catalogFloorId":11},"geometry":{"type":"Polygon","coordinates":[[[19.062002811,47.474242755],[19.062010857,47.474269043],[19.061935756,47.474279922],[19.061933073,47.474272216],[19.061923015,47.474273576],[19.061918992,47.474260885],[19.06192905,47.474259525],[19.061927709,47.474253633],[19.062002811,47.474242755]]]}},{"type":"Feature","id":1056,"properties":{"buildingId":2,"floorId":11,"roomNumber":"6.84/B","roomName":"6.84/B Női wc","scope":"budapest/lagymanyos/eszaki/6/LÉ-6-84-B-05-71","roomCode":"LÉ-6-84/B-05-71","roomType":"social","__tile":"17/72476/45847","__layer":"rooms","__zoom":17,"__mvtId":1056,"__building":"eszaki","__ringVerts":17,"id":1056,"catalogFloorId":11},"geometry":{"type":"Polygon","coordinates":[[[19.061970679,47.474336265],[19.061977385,47.474359381],[19.061930446,47.474367086],[19.061921729,47.474343064],[19.061933128,47.474341704],[19.061934469,47.474352129],[19.061939163,47.474351222],[19.061933799,47.474341704],[19.061945869,47.474339891],[19.06194721,47.474350316],[19.061951233,47.474349409],[19.061946539,47.474339891],[19.061957939,47.474338078],[19.06195928,47.474348503],[19.061963974,47.474348049],[19.061958609,47.474338078],[19.061970679,47.474336265]]]}},{"type":"Feature","id":36660,"properties":{"buildingId":2,"floorId":5,"roomNumber":"F.68/C","roomName":"Zuhanyzó","scope":"budapest/lagymanyos/eszaki/0/LÉ-0-098-C-05-72","roomCode":"LÉ-0-098/C-05-72","roomType":"social","__tile":"17/72476/45847","__layer":"rooms","__zoom":17,"__mvtId":36660,"__building":"eszaki","__ringVerts":5,"id":36660,"catalogFloorId":5},"geometry":{"type":"Polygon","coordinates":[[[19.061890801,47.474119681],[19.061895495,47.474135092],[19.061876719,47.474137811],[19.061872025,47.4741224],[19.061890801,47.474119681]]]}},{"type":"Feature","id":706,"properties":{"buildingId":2,"floorId":7,"roomNumber":"2-K8","roomName":"2.K8 Közlekedő (Nyugati  lifttől D)","scope":"budapest/lagymanyos/eszaki/2/LÉ-2-K8-04-63","roomCode":"LÉ-2-K8-04-63","roomType":"corridor","__tile":"17/72476/45847","__layer":"rooms","__zoom":17,"__mvtId":706,"__building":"eszaki","__ringVerts":143,"id":706,"catalogFloorId":7},"geometry":{"type":"Polygon","coordinates":[[[19.061946368,47.474179723],[19.061955086,47.474178817],[19.061957097,47.474181536],[19.06196045,47.474191961],[19.061949051,47.474193774],[19.061959109,47.474193321],[19.061963803,47.474208731],[19.061954415,47.474211451],[19.061965814,47.474209638],[19.061969167,47.474220062],[19.061968497,47.474223235],[19.061959779,47.474224595],[19.061968497,47.474223688],[19.061969838,47.474228221],[19.061959779,47.474230034],[19.061963132,47.474240459],[19.06197252,47.474239099],[19.061976543,47.474253603],[19.061967826,47.474254963],[19.061993978,47.47434244],[19.061963132,47.474346519],[19.061957097,47.474327029],[19.061947039,47.474328389],[19.061944357,47.474318871],[19.061942345,47.474312979],[19.061951733,47.474310712],[19.061940333,47.474312072],[19.061938322,47.474301194],[19.061937651,47.474298475],[19.061946368,47.474297115],[19.061946368,47.474296662],[19.061937651,47.474298021],[19.061934298,47.474287143],[19.061943016,47.474285784],[19.061934298,47.47428669],[19.061928263,47.474273546],[19.061940333,47.474271733],[19.061929605,47.474272186],[19.061924911,47.474256776],[19.061934969,47.474254056],[19.061924911,47.474255869],[19.061920217,47.474245444],[19.061920887,47.474242272],[19.061928934,47.474240912],[19.061920887,47.474241818],[19.061917535,47.47423094],[19.06192357,47.474230034],[19.061916864,47.474230487],[19.061914852,47.474227768],[19.0619115,47.474217343],[19.061922899,47.47421553],[19.061912841,47.474215983],[19.061908147,47.474200573],[19.061917535,47.474197853],[19.061907476,47.474199213],[19.061902782,47.474188788],[19.061903453,47.474186069],[19.06191217,47.474184709],[19.061903453,47.474185615],[19.0619001,47.474174737],[19.061908817,47.474173378],[19.061909488,47.474169752],[19.061908147,47.474172924],[19.0619001,47.474174284],[19.061894065,47.47416114],[19.061906135,47.474159327],[19.061895406,47.47415978],[19.061890713,47.474144369],[19.061900771,47.47414165],[19.061888701,47.474143463],[19.061886019,47.474133038],[19.061886689,47.474130319],[19.061896747,47.474128959],[19.061886019,47.474129412],[19.061883336,47.474119441],[19.061892724,47.474115815],[19.061882666,47.474117174],[19.061877301,47.474104937],[19.061888701,47.474103124],[19.061878643,47.474103577],[19.061873949,47.474089526],[19.061883336,47.474085447],[19.061871937,47.47408726],[19.061868584,47.474075475],[19.061877301,47.474071849],[19.061869255,47.474073209],[19.061865902,47.474062331],[19.061873949,47.474060518],[19.06186389,47.474060518],[19.061859867,47.474048733],[19.061871937,47.47404692],[19.061861208,47.474047374],[19.061859197,47.474040122],[19.061856514,47.474031963],[19.061866573,47.474029243],[19.061854503,47.474031056],[19.06185115,47.474020632],[19.06185182,47.474017006],[19.061860538,47.474016099],[19.06186322,47.474018819],[19.061865902,47.474014739],[19.061889371,47.474011567],[19.061893395,47.47401202],[19.061898089,47.474026071],[19.061908147,47.474024711],[19.061912841,47.474040122],[19.061902782,47.474042388],[19.061914852,47.474041028],[19.061916864,47.474054626],[19.061908817,47.474055985],[19.061917535,47.474055079],[19.061920217,47.474065957],[19.06191217,47.474067317],[19.061920887,47.47406641],[19.061926252,47.474079554],[19.061914852,47.474081367],[19.061924911,47.474080914],[19.061929605,47.474096325],[19.061920217,47.474098591],[19.061931616,47.474097231],[19.061934969,47.474107656],[19.061934298,47.474110829],[19.061925581,47.474112189],[19.06192357,47.474109469],[19.06192424,47.474112189],[19.061925581,47.474112642],[19.061934298,47.474111282],[19.061937651,47.47412216],[19.061929605,47.47412352],[19.061937651,47.474122613],[19.061940333,47.474125333],[19.061943686,47.474135758],[19.061931616,47.474137571],[19.061942345,47.474137117],[19.061947039,47.474152528],[19.061937651,47.474154794],[19.061949051,47.474153434],[19.061952403,47.474163859],[19.061951062,47.474167032],[19.061943016,47.474168392],[19.061951733,47.474167485],[19.061955086,47.474178363],[19.061946368,47.474179723]],[[19.061927593,47.47423366],[19.061919546,47.47423502],[19.061920217,47.474237739],[19.061928263,47.474236379],[19.061927593,47.47423366]],[[19.061917535,47.474059158],[19.061909488,47.474060518],[19.061910159,47.474063237],[19.061918205,47.474061878],[19.061917535,47.474059158]],[[19.061944357,47.474289863],[19.06193631,47.474291223],[19.061937651,47.474293942],[19.061945027,47.474292582],[19.061944357,47.474289863]],[[19.061951733,47.474171565],[19.061943686,47.474172924],[19.061945027,47.474175644],[19.061952403,47.474174284],[19.061951733,47.474171565]],[[19.061934298,47.474115361],[19.061926922,47.474116721],[19.061927593,47.474119441],[19.06193564,47.474118081],[19.061934298,47.474115361]],[[19.06187596,47.47406505],[19.061867914,47.47406641],[19.061868584,47.474068676],[19.061876631,47.47406777],[19.06187596,47.47406505]],[[19.061910159,47.474177457],[19.061902112,47.474178817],[19.061903453,47.474181083],[19.061910829,47.474180176],[19.061910159,47.474177457]],[[19.061892724,47.474121254],[19.061885348,47.474122613],[19.061886019,47.47412488],[19.061894065,47.474123973],[19.061892724,47.474121254]],[[19.061942345,47.47428533],[19.061944357,47.47428533],[19.061943686,47.474282611],[19.061941674,47.474282611],[19.061942345,47.47428533]],[[19.061942345,47.474165219],[19.061940333,47.474165672],[19.061941674,47.474168845],[19.061943016,47.474167485],[19.061942345,47.474165219]],[[19.061912841,47.474187882],[19.061914852,47.474187428],[19.061914182,47.474185162],[19.06191217,47.474185162],[19.061912841,47.474187882]],[[19.061874619,47.474057345],[19.061873278,47.474057798],[19.061873949,47.474060065],[19.06187596,47.474060518],[19.061874619,47.474057345]],[[19.061907476,47.474052813],[19.061906135,47.474053266],[19.061906806,47.474055532],[19.061908817,47.474055985],[19.061907476,47.474052813]],[[19.061927593,47.47412352],[19.061928934,47.474126693],[19.061930275,47.474126693],[19.061929605,47.474124426],[19.061927593,47.47412352]],[[19.061879313,47.474072302],[19.061877972,47.474073209],[19.061878643,47.474075475],[19.061879984,47.474075022],[19.061879313,47.474072302]],[[19.06191217,47.47406777],[19.061910829,47.474068223],[19.0619115,47.474070489],[19.061912841,47.474070489],[19.06191217,47.47406777]],[[19.061930275,47.474240912],[19.061929605,47.474241818],[19.061930275,47.474244085],[19.061931616,47.474243631],[19.061930275,47.474240912]],[[19.061959779,47.474224595],[19.061957768,47.474221875],[19.061958438,47.474225048],[19.061959779,47.474224595]],[[19.061946368,47.474179723],[19.061945027,47.474180176],[19.061945698,47.474183349],[19.061946368,47.474179723]],[[19.061925581,47.474229581],[19.061926922,47.474229127],[19.061926252,47.474226408],[19.061925581,47.474229581]]]}},{"type":"Feature","id":55,"properties":{"buildingId":2,"floorId":12,"roomNumber":"7.28","roomName":"7.28 Műterem","scope":"budapest/lagymanyos/eszaki/7/LÉ-7-28-01-12","roomCode":"LÉ-7-28-01-12","roomType":"educational","__tile":"17/72476/45847","__layer":"rooms","__zoom":17,"__mvtId":55,"__building":"eszaki","__ringVerts":15,"id":55,"catalogFloorId":12},"geometry":{"type":"Polygon","coordinates":[[[19.062031121,47.474133695],[19.06205392,47.474217093],[19.06198083,47.474227518],[19.061978148,47.474219359],[19.061968089,47.474220719],[19.061964066,47.474208028],[19.061974124,47.474206668],[19.061966748,47.474180833],[19.061961384,47.474163156],[19.061951325,47.474164516],[19.061947302,47.474151825],[19.06195736,47.474150465],[19.061955349,47.474144119],[19.061984182,47.474139134],[19.062031121,47.474133695]]]}},{"type":"Feature","id":811,"properties":{"buildingId":2,"floorId":8,"roomNumber":"3-L6","roomName":"3.L6 Lépcsőház DNY","scope":"budapest/lagymanyos/eszaki/3/LÉ-3-L6-04-64","roomCode":"LÉ-3-L6-04-64","roomType":"corridor","__tile":"17/72476/45847","__layer":"rooms","__zoom":17,"__mvtId":811,"__building":"eszaki","__ringVerts":5,"id":811,"catalogFloorId":8},"geometry":{"type":"Polygon","coordinates":[[[19.062034629,47.474080417],[19.062041335,47.474103986],[19.061963551,47.474114864],[19.061956845,47.474091295],[19.062034629,47.474080417]]]}},{"type":"Feature","id":1091,"properties":{"buildingId":2,"floorId":12,"roomNumber":"7.30","roomName":"7.30 Hangstúdió","scope":"budapest/lagymanyos/eszaki/7/LÉ-7-30-01-14","roomCode":"LÉ-7-30-01-14","roomType":"educational","__tile":"17/72476/45847","__layer":"rooms","__zoom":17,"__mvtId":1091,"__building":"eszaki","__ringVerts":5,"id":1091,"catalogFloorId":12},"geometry":{"type":"Polygon","coordinates":[[[19.061951772,47.474275029],[19.061957807,47.474301318],[19.061910198,47.474308117],[19.061902151,47.474280922],[19.061951772,47.474275029]]]}},{"type":"Feature","id":1089,"properties":{"buildingId":2,"floorId":12,"roomNumber":"7.29","roomName":"7.29 Editáló","scope":"budapest/lagymanyos/eszaki/7/LÉ-7-29-01-14","roomCode":"LÉ-7-29-01-14","roomType":"educational","__tile":"17/72476/45847","__layer":"rooms","__zoom":17,"__mvtId":1089,"__building":"eszaki","__ringVerts":10,"id":1089,"catalogFloorId":12},"geometry":{"type":"Polygon","coordinates":[[[19.062005898,47.474225158],[19.062022662,47.474280455],[19.06194756,47.474290879],[19.06193616,47.474254619],[19.061931467,47.474255072],[19.061927443,47.474241928],[19.061932137,47.474241022],[19.061930796,47.474235583],[19.061958959,47.474230597],[19.062005898,47.474225158]]]}},{"type":"Feature","id":669,"properties":{"buildingId":2,"floorId":7,"roomNumber":"2.58","roomName":"2.58 Modern fizikai  laboratórium 6.","scope":"budapest/lagymanyos/eszaki/2/LÉ-2-58-01-14","roomCode":"LÉ-2-58-01-14","roomType":"educational","__tile":"17/72476/45847","__layer":"rooms","__zoom":17,"__mvtId":669,"__building":"eszaki","__ringVerts":5,"id":669,"catalogFloorId":7},"geometry":{"type":"Polygon","coordinates":[[[19.061861726,47.47420025],[19.061869772,47.474227445],[19.061794671,47.47423787],[19.061787965,47.474210675],[19.061861726,47.47420025]]]}},{"type":"Feature","id":670,"properties":{"buildingId":2,"floorId":7,"roomNumber":"2.59","roomName":"2.59 Modern fizikai  laboratórium 7. ","scope":"budapest/lagymanyos/eszaki/2/LÉ-2-59-01-14","roomCode":"LÉ-2-59-01-14","roomType":"educational","__tile":"17/72476/45847","__layer":"rooms","__zoom":17,"__mvtId":670,"__building":"eszaki","__ringVerts":5,"id":670,"catalogFloorId":7},"geometry":{"type":"Polygon","coordinates":[[[19.061870826,47.474172428],[19.061878873,47.47419917],[19.061803101,47.474209141],[19.061795054,47.474182853],[19.061870826,47.474172428]]]}},{"type":"Feature","id":671,"properties":{"buildingId":2,"floorId":7,"roomNumber":"2.61","roomName":"2.61 Modern fizikai  laboratórium 15.","scope":"budapest/lagymanyos/eszaki/2/LÉ-2-61-01-14","roomCode":"LÉ-2-61-01-14","roomType":"educational","__tile":"17/72476/45847","__layer":"rooms","__zoom":17,"__mvtId":671,"__building":"eszaki","__ringVerts":5,"id":671,"catalogFloorId":7},"geometry":{"type":"Polygon","coordinates":[[[19.061888513,47.474090804],[19.061905277,47.474145647],[19.061830175,47.474156072],[19.061813411,47.474101229],[19.061888513,47.474090804]]]}},{"type":"Feature","id":689,"properties":{"buildingId":2,"floorId":7,"roomNumber":"2.81","roomName":"2.81 Modern fizikai laboratórium","scope":"budapest/lagymanyos/eszaki/2/LÉ-2-81-01-13","roomCode":"LÉ-2-81-01-13","roomType":"educational","__tile":"17/72476/45847","__layer":"rooms","__zoom":17,"__mvtId":689,"__building":"eszaki","__ringVerts":5,"id":689,"catalogFloorId":7},"geometry":{"type":"Polygon","coordinates":[[[19.062017898,47.474134111],[19.062024604,47.474161306],[19.061950843,47.474171277],[19.061942796,47.474144535],[19.062017898,47.474134111]]]}},{"type":"Feature","id":839,"properties":{"buildingId":2,"floorId":9,"roomNumber":"4.56","roomName":"4.56 Előkészítő","scope":"budapest/lagymanyos/eszaki/4/LÉ-4-56-01-14","roomCode":"LÉ-4-56-01-14","roomType":"educational","__tile":"17/72476/45847","__layer":"rooms","__zoom":17,"__mvtId":839,"__building":"eszaki","__ringVerts":6,"id":839,"catalogFloorId":9},"geometry":{"type":"Polygon","coordinates":[[[19.061889173,47.474144134],[19.06189722,47.474170876],[19.061822118,47.474181754],[19.061814742,47.474157732],[19.061815413,47.474154559],[19.061889173,47.474144134]]]}},{"type":"Feature","id":774,"properties":{"buildingId":2,"floorId":8,"roomNumber":"3.73","roomName":"3.73 Teakonyha","scope":"budapest/lagymanyos/eszaki/3/LÉ-3-73-05-77","roomCode":"LÉ-3-73-05-77","roomType":"social","__tile":"17/72476/45847","__layer":"rooms","__zoom":17,"__mvtId":774,"__building":"eszaki","__ringVerts":6,"id":774,"catalogFloorId":8},"geometry":{"type":"Polygon","coordinates":[[[19.061921664,47.474031411],[19.061929711,47.474059513],[19.061853939,47.474068578],[19.061847904,47.474047275],[19.061847904,47.474041383],[19.061921664,47.474031411]]]}},{"type":"Feature","id":975,"properties":{"buildingId":2,"floorId":10,"roomNumber":"5.97/A","roomName":"5.97/A WC","scope":"budapest/lagymanyos/eszaki/5/LÉ-5-97-A-05-71","roomCode":"LÉ-5-97/A-05-71","roomType":"social","__tile":"17/72476/45847","__layer":"rooms","__zoom":17,"__mvtId":975,"__building":"eszaki","__ringVerts":5,"id":975,"catalogFloorId":10},"geometry":{"type":"Polygon","coordinates":[[[19.062024603,47.474432028],[19.062026615,47.47443928],[19.06200851,47.474441999],[19.062005828,47.474433841],[19.062024603,47.474432028]]]}},{"type":"Feature","id":837,"properties":{"buildingId":2,"floorId":9,"roomNumber":"4.54","roomName":"4.54 Szaklaboratórium","scope":"budapest/lagymanyos/eszaki/4/LÉ-4-54-01-14","roomCode":"LÉ-4-54-01-14","roomType":"educational","__tile":"17/72476/45847","__layer":"rooms","__zoom":17,"__mvtId":837,"__building":"eszaki","__ringVerts":9,"id":837,"catalogFloorId":9},"geometry":{"type":"Polygon","coordinates":[[[19.061842552,47.474210125],[19.061845234,47.474216017],[19.061855292,47.474214657],[19.061859315,47.474227348],[19.061849257,47.474228708],[19.061860657,47.474264968],[19.061784884,47.474275846],[19.06176812,47.47422055],[19.061842552,47.474210125]]]}},{"type":"Feature","id":868,"properties":{"buildingId":2,"floorId":9,"roomNumber":"4.87","roomName":"4.87 öltöző előtér","scope":"budapest/lagymanyos/eszaki/4/LÉ-4-87-04-63","roomCode":"LÉ-4-87-04-63","roomType":"corridor","__tile":"17/72476/45847","__layer":"rooms","__zoom":17,"__mvtId":868,"__building":"eszaki","__ringVerts":10,"id":868,"catalogFloorId":9},"geometry":{"type":"Polygon","coordinates":[[[19.062026158,47.474405707],[19.062028169,47.474412959],[19.062018782,47.474415225],[19.062030851,47.474413412],[19.062032863,47.474420664],[19.062035545,47.474428823],[19.062032863,47.474431542],[19.062015429,47.474433808],[19.062007382,47.474407973],[19.062026158,47.474405707]],[[19.062030851,47.474415678],[19.062025487,47.474416585],[19.062027499,47.474421571],[19.062032863,47.474420664],[19.062030851,47.474415678]]]}},{"type":"Feature","id":956,"properties":{"buildingId":2,"floorId":10,"roomNumber":"5.82","roomName":"5.82 Előkészítő \"C\" labor","scope":"budapest/lagymanyos/eszaki/5/LÉ-5-82-01-14","roomCode":"LÉ-5-82-01-14","roomType":"educational","__tile":"17/72476/45847","__layer":"rooms","__zoom":17,"__mvtId":956,"__building":"eszaki","__ringVerts":5,"id":956,"catalogFloorId":10},"geometry":{"type":"Polygon","coordinates":[[[19.061999622,47.474189939],[19.062007668,47.474217134],[19.061934578,47.474228465],[19.061925861,47.474200364],[19.061999622,47.474189939]]]}},{"type":"Feature","id":970,"properties":{"buildingId":2,"floorId":10,"roomNumber":"5.96","roomName":"5.96 öltöző előtér","scope":"budapest/lagymanyos/eszaki/5/LÉ-5-96-04-63","roomCode":"LÉ-5-96-04-63","roomType":"corridor","__tile":"17/72476/45847","__layer":"rooms","__zoom":17,"__mvtId":970,"__building":"eszaki","__ringVerts":5,"id":970,"catalogFloorId":10},"geometry":{"type":"Polygon","coordinates":[[[19.062031964,47.474405799],[19.062037328,47.474423476],[19.062016541,47.474425742],[19.062011177,47.474408065],[19.062031964,47.474405799]]]}},{"type":"Feature","id":974,"properties":{"buildingId":2,"floorId":10,"roomNumber":"5.97","roomName":"5.97 öltöző előtér hallgatói","scope":"budapest/lagymanyos/eszaki/5/LÉ-5-97-04-63","roomCode":"LÉ-5-97-04-63","roomType":"corridor","__tile":"17/72476/45847","__layer":"rooms","__zoom":17,"__mvtId":974,"__building":"eszaki","__ringVerts":6,"id":974,"catalogFloorId":10},"geometry":{"type":"Polygon","coordinates":[[[19.062020995,47.474438917],[19.062026359,47.474456594],[19.062015631,47.47445886],[19.062005572,47.47446022],[19.062000208,47.474442089],[19.062020995,47.474438917]]]}},{"type":"Feature","id":1068,"properties":{"buildingId":2,"floorId":11,"roomNumber":"6.95/B","roomName":"6.95/B WC","scope":"budapest/lagymanyos/eszaki/6/LÉ-6-95-B-05-71","roomCode":"LÉ-6-95/B-05-71","roomType":"social","__tile":"17/72476/45847","__layer":"rooms","__zoom":17,"__mvtId":1068,"__building":"eszaki","__ringVerts":9,"id":1068,"catalogFloorId":11},"geometry":{"type":"Polygon","coordinates":[[[19.062046761,47.474435058],[19.062054808,47.474460894],[19.062036703,47.474463613],[19.062035362,47.474457721],[19.062042738,47.474454095],[19.062032009,47.474455455],[19.062027315,47.474440497],[19.062029327,47.474436871],[19.062046761,47.474435058]]]}},{"type":"Feature","id":36823,"properties":{"buildingId":2,"floorId":5,"roomNumber":"F.63 M1 - (0.106)","roomName":"Akadálymentes WC","scope":"budapest/lagymanyos/eszaki/0/LÉ-0-106-05-71","roomCode":"LÉ-0-106-05-71","roomType":"social","__tile":"17/72476/45847","__layer":"rooms","__zoom":17,"__mvtId":36823,"__building":"eszaki","__ringVerts":5,"id":36823,"catalogFloorId":5},"geometry":{"type":"Polygon","coordinates":[[[19.06192145,47.474314616],[19.061926814,47.474332293],[19.061893957,47.474336372],[19.061888593,47.474319148],[19.06192145,47.474314616]]]}},{"type":"Feature","id":1093,"properties":{"buildingId":2,"floorId":12,"roomNumber":"7.31","roomName":"7.31 Hallgatói videó labor","scope":"budapest/lagymanyos/eszaki/7/LÉ-7-31-01-14","roomCode":"LÉ-7-31-01-14","roomType":"educational","__tile":"17/72476/45847","__layer":"rooms","__zoom":17,"__mvtId":1093,"__building":"eszaki","__ringVerts":5,"id":1093,"catalogFloorId":12},"geometry":{"type":"Polygon","coordinates":[[[19.061966715,47.47430311],[19.061974091,47.474328492],[19.06189899,47.474339823],[19.061890943,47.474313535],[19.061966715,47.47430311]]]}},{"type":"Feature","id":667,"properties":{"buildingId":2,"floorId":7,"roomNumber":"2.56","roomName":"2.56 Oktató","scope":"budapest/lagymanyos/eszaki/2/LÉ-2-56-01-13","roomCode":"LÉ-2-56-01-13","roomType":"educational","__tile":"17/72476/45847","__layer":"rooms","__zoom":17,"__mvtId":667,"__building":"eszaki","__ringVerts":5,"id":667,"catalogFloorId":7},"geometry":{"type":"Polygon","coordinates":[[[19.061845181,47.474256591],[19.061853228,47.474282879],[19.061777456,47.474293304],[19.061769409,47.474267015],[19.061845181,47.474256591]]]}},{"type":"Feature","id":37025,"properties":{"buildingId":2,"floorId":6,"roomNumber":"-","roomName":"Akadálymentes WC","scope":"budapest/lagymanyos/eszaki/1/LÉ-1-98-05-71","roomCode":"LÉ-1-98-05-71","roomType":"social","__tile":"17/72476/45847","__layer":"rooms","__zoom":17,"__mvtId":37025,"__building":"eszaki","__ringVerts":5,"id":37025,"catalogFloorId":6},"geometry":{"type":"Polygon","coordinates":[[[19.061923013,47.474315105],[19.061927707,47.474332329],[19.061895521,47.474336408],[19.061890156,47.474319638],[19.061923013,47.474315105]]]}},{"type":"Feature","id":844,"properties":{"buildingId":2,"floorId":9,"roomNumber":"4.60","roomName":"4.60 Oktató","scope":"budapest/lagymanyos/eszaki/4/LÉ-4-60-01-13","roomCode":"LÉ-4-60-01-13","roomType":"educational","__tile":"17/72476/45847","__layer":"rooms","__zoom":17,"__mvtId":844,"__building":"eszaki","__ringVerts":5,"id":844,"catalogFloorId":9},"geometry":{"type":"Polygon","coordinates":[[[19.062017128,47.473995284],[19.062033221,47.474051487],[19.061990306,47.474057379],[19.061972201,47.474001176],[19.062017128,47.473995284]]]}},{"type":"Feature","id":858,"properties":{"buildingId":2,"floorId":9,"roomNumber":"4.76","roomName":"4.76-77 Demonstrációs laboratórium","scope":"budapest/lagymanyos/eszaki/4/LÉ-4-76-01-14","roomCode":"LÉ-4-76-01-14","roomType":"educational","__tile":"17/72476/45847","__layer":"rooms","__zoom":17,"__mvtId":858,"__building":"eszaki","__ringVerts":5,"id":858,"catalogFloorId":9},"geometry":{"type":"Polygon","coordinates":[[[19.062003618,47.474164696],[19.062020382,47.47421954],[19.06194528,47.474230418],[19.061928516,47.474175574],[19.062003618,47.474164696]]]}},{"type":"Feature","id":1036,"properties":{"buildingId":2,"floorId":11,"roomNumber":"6.64","roomName":"6.64 Dolgozó","scope":"budapest/lagymanyos/eszaki/6/LÉ-6-64-02-33","roomCode":"LÉ-6-64-02-33","roomType":"administrative","__tile":"17/72476/45847","__layer":"rooms","__zoom":17,"__mvtId":1036,"__building":"eszaki","__ringVerts":8,"id":1036,"catalogFloorId":11},"geometry":{"type":"Polygon","coordinates":[[[19.062024419,47.473999059],[19.062040513,47.474055716],[19.061997597,47.474061608],[19.061986869,47.474025801],[19.061980834,47.474007671],[19.06198821,47.474006311],[19.061987539,47.474004045],[19.062024419,47.473999059]]]}},{"type":"Feature","id":931,"properties":{"buildingId":2,"floorId":10,"roomNumber":"5.58","roomName":"5.58 Vegyi műhely","scope":"budapest/lagymanyos/eszaki/5/LÉ-5-58-01-14","roomCode":"LÉ-5-58-01-14","roomType":"educational","__tile":"17/72476/45847","__layer":"rooms","__zoom":17,"__mvtId":931,"__building":"eszaki","__ringVerts":5,"id":931,"catalogFloorId":10},"geometry":{"type":"Polygon","coordinates":[[[19.061878986,47.474144299],[19.061887033,47.474171041],[19.06181126,47.474181466],[19.061805225,47.474154271],[19.061878986,47.474144299]]]}},{"type":"Feature","id":932,"properties":{"buildingId":2,"floorId":10,"roomNumber":"5.59","roomName":"5.59 Mechanikai műhely","scope":"budapest/lagymanyos/eszaki/5/LÉ-5-59-01-14","roomCode":"LÉ-5-59-01-14","roomType":"educational","__tile":"17/72476/45847","__layer":"rooms","__zoom":17,"__mvtId":932,"__building":"eszaki","__ringVerts":5,"id":932,"catalogFloorId":10},"geometry":{"type":"Polygon","coordinates":[[[19.0618876,47.474116203],[19.061896317,47.474142945],[19.061820545,47.474152916],[19.061812498,47.474126628],[19.0618876,47.474116203]]]}},{"type":"Feature","id":935,"properties":{"buildingId":2,"floorId":10,"roomNumber":"5.61","roomName":"5.61 Oktató","scope":"budapest/lagymanyos/eszaki/5/LÉ-5-61-01-13","roomCode":"LÉ-5-61-01-13","roomType":"educational","__tile":"17/72476/45847","__layer":"rooms","__zoom":17,"__mvtId":935,"__building":"eszaki","__ringVerts":5,"id":935,"catalogFloorId":10},"geometry":{"type":"Polygon","coordinates":[[[19.061905281,47.474059892],[19.061913328,47.474086634],[19.061837556,47.474096605],[19.061829509,47.474070317],[19.061905281,47.474059892]]]}},{"type":"Feature","id":937,"properties":{"buildingId":2,"floorId":10,"roomNumber":"5.63","roomName":"5.63 Oktató","scope":"budapest/lagymanyos/eszaki/5/LÉ-5-63-01-13","roomCode":"LÉ-5-63-01-13","roomType":"educational","__tile":"17/72476/45847","__layer":"rooms","__zoom":17,"__mvtId":937,"__building":"eszaki","__ringVerts":6,"id":937,"catalogFloorId":10},"geometry":{"type":"Polygon","coordinates":[[[19.062018977,47.473998334],[19.062035071,47.47405499],[19.061992155,47.474060882],[19.06197405,47.474004226],[19.061981427,47.474003319],[19.062018977,47.473998334]]]}},{"type":"Feature","id":1028,"properties":{"buildingId":2,"floorId":11,"roomNumber":"6.56","roomName":"6.56 F6 vezető","scope":"budapest/lagymanyos/eszaki/6/LÉ-6-56-02-33","roomCode":"LÉ-6-56-02-33","roomType":"administrative","__tile":"17/72476/45847","__layer":"rooms","__zoom":17,"__mvtId":1028,"__building":"eszaki","__ringVerts":5,"id":1028,"catalogFloorId":11},"geometry":{"type":"Polygon","coordinates":[[[19.061853073,47.474228425],[19.06186179,47.474255621],[19.061788029,47.474266045],[19.061777971,47.474239303],[19.061853073,47.474228425]]]}},{"type":"Feature","id":1029,"properties":{"buildingId":2,"floorId":11,"roomNumber":"6.57","roomName":"6.57 F6 Oktató","scope":"budapest/lagymanyos/eszaki/6/LÉ-6-57-01-13","roomCode":"LÉ-6-57-01-13","roomType":"educational","__tile":"17/72476/45847","__layer":"rooms","__zoom":17,"__mvtId":1029,"__building":"eszaki","__ringVerts":6,"id":1029,"catalogFloorId":11},"geometry":{"type":"Polygon","coordinates":[[[19.061856576,47.474199446],[19.061862611,47.474218483],[19.061864623,47.474226641],[19.061789521,47.474237066],[19.061781474,47.474210777],[19.061856576,47.474199446]]]}},{"type":"Feature","id":1030,"properties":{"buildingId":2,"floorId":11,"roomNumber":"6.58","roomName":"6.58 F6 Oktató","scope":"budapest/lagymanyos/eszaki/6/LÉ-6-58-01-13","roomCode":"LÉ-6-58-01-13","roomType":"educational","__tile":"17/72476/45847","__layer":"rooms","__zoom":17,"__mvtId":1030,"__building":"eszaki","__ringVerts":6,"id":1030,"catalogFloorId":11},"geometry":{"type":"Polygon","coordinates":[[[19.061878217,47.474171878],[19.061886263,47.474199073],[19.061813173,47.474209498],[19.061804456,47.474188195],[19.061802444,47.474182756],[19.061878217,47.474171878]]]}},{"type":"Feature","id":1052,"properties":{"buildingId":2,"floorId":11,"roomNumber":"6.81/A","roomName":"6.81/A Dolgozó","scope":"budapest/lagymanyos/eszaki/6/LÉ-6-81-A-01-13","roomCode":"LÉ-6-81/A-01-13","roomType":"educational","__tile":"17/72476/45847","__layer":"rooms","__zoom":17,"__mvtId":1052,"__building":"eszaki","__ringVerts":5,"id":1052,"catalogFloorId":11},"geometry":{"type":"Polygon","coordinates":[[[19.061990519,47.474218572],[19.062000577,47.474244407],[19.061925476,47.474254832],[19.061917429,47.474228543],[19.061990519,47.474218572]]]}},{"type":"Feature","id":36769,"properties":{"buildingId":2,"floorId":5,"roomNumber":"F.70 - (0.97)","roomName":"Iroda","scope":"budapest/lagymanyos/eszaki/0/LÉ-0-097-02-33","roomCode":"LÉ-0-097-02-33","roomType":"administrative","__tile":"17/72476/45847","__layer":"rooms","__zoom":17,"__mvtId":36769,"__building":"eszaki","__ringVerts":5,"id":36769,"catalogFloorId":5},"geometry":{"type":"Polygon","coordinates":[[[19.061871962,47.474150943],[19.061880009,47.474178138],[19.061810942,47.474187203],[19.061802895,47.474160008],[19.061871962,47.474150943]]]}},{"type":"Feature","id":37022,"properties":{"buildingId":2,"floorId":6,"roomNumber":"1.96","roomName":"Jegyzetbolt","scope":"budapest/lagymanyos/eszaki/1/LÉ-1-96-03-59","roomCode":"LÉ-1-96-03-59","roomType":"misc","__tile":"17/72476/45847","__layer":"rooms","__zoom":17,"__mvtId":37022,"__building":"eszaki","__ringVerts":7,"id":37022,"catalogFloorId":6},"geometry":{"type":"Polygon","coordinates":[[[19.061974823,47.474221511],[19.061988904,47.474269556],[19.061980187,47.474270462],[19.061980858,47.474273182],[19.061909108,47.4742827],[19.061893686,47.474231029],[19.061974823,47.474221511]]]}},{"type":"Feature","id":37048,"properties":{"buildingId":2,"floorId":6,"roomNumber":"-","roomName":"Női mosdó","scope":"budapest/lagymanyos/eszaki/1/LÉ-1-99-05-71","roomCode":"LÉ-1-99-05-71","roomType":"social","__tile":"17/72476/45847","__layer":"rooms","__zoom":17,"__mvtId":37048,"__building":"eszaki","__ringVerts":5,"id":37048,"catalogFloorId":6},"geometry":{"type":"Polygon","coordinates":[[[19.061911967,47.47433355],[19.061919343,47.474357119],[19.061877769,47.474360745],[19.061871063,47.474339442],[19.061911967,47.47433355]]]}},{"type":"Feature","id":36505,"properties":{"buildingId":2,"floorId":4,"roomNumber":"P.54. B1","roomName":"Elektronmikroszkóp labor","scope":"budapest/lagymanyos/eszaki/-1/LÉ--1-160-01-14","roomCode":"LÉ--1-160-01-14","roomType":"educational","__tile":"17/72476/45847","__layer":"rooms","__zoom":17,"__mvtId":36505,"__building":"eszaki","__ringVerts":9,"id":36505,"catalogFloorId":4},"geometry":{"type":"Polygon","coordinates":[[[19.061863752,47.474090259],[19.061874481,47.474125159],[19.06188521,47.4741238],[19.061888563,47.474136037],[19.061877834,47.474137397],[19.061879846,47.474143289],[19.061806085,47.474153261],[19.061789992,47.474100231],[19.061863752,47.474090259]]]}},{"type":"Feature","id":36507,"properties":{"buildingId":2,"floorId":4,"roomNumber":"P.56/A B1 (-1.60)","roomName":"Előtér","scope":"budapest/lagymanyos/eszaki/-1/LÉ--1-160-A-04-62","roomCode":"LÉ--1-160/A-04-62","roomType":"corridor","__tile":"17/72476/45847","__layer":"rooms","__zoom":17,"__mvtId":36507,"__building":"eszaki","__ringVerts":5,"id":36507,"catalogFloorId":4},"geometry":{"type":"Polygon","coordinates":[[[19.061876207,47.474156781],[19.061884253,47.474183523],[19.061864807,47.474186242],[19.061856761,47.474159954],[19.061876207,47.474156781]]]}},{"type":"Feature","id":36508,"properties":{"buildingId":2,"floorId":4,"roomNumber":"P.56/B B1 (-1.59)","roomName":"Előkészítő","scope":"budapest/lagymanyos/eszaki/-1/LÉ--1-159-01-15","roomCode":"LÉ--1-159-01-15","roomType":"educational","__tile":"17/72476/45847","__layer":"rooms","__zoom":17,"__mvtId":36508,"__building":"eszaki","__ringVerts":9,"id":36508,"catalogFloorId":4},"geometry":{"type":"Polygon","coordinates":[[[19.061849605,47.47418028],[19.061850946,47.474185266],[19.061861675,47.474183906],[19.061865699,47.474196597],[19.06185497,47.474197957],[19.061856981,47.474206116],[19.061783891,47.474217447],[19.061775845,47.474189799],[19.061849605,47.47418028]]]}},{"type":"Feature","id":37049,"properties":{"buildingId":2,"floorId":6,"roomNumber":"-","roomName":"Női WC","scope":"budapest/lagymanyos/eszaki/1/LÉ-1-99-A-05-71","roomCode":"LÉ-1-99/A-05-71","roomType":"social","__tile":"17/72476/45847","__layer":"rooms","__zoom":17,"__mvtId":37049,"__building":"eszaki","__ringVerts":7,"id":37049,"catalogFloorId":6},"geometry":{"type":"Polygon","coordinates":[[[19.061956698,47.474336372],[19.061962733,47.474356769],[19.061955357,47.474357675],[19.061956698,47.474360848],[19.061914454,47.474366287],[19.061907748,47.474342718],[19.061956698,47.474336372]]]}},{"type":"Feature","id":36670,"properties":{"buildingId":2,"floorId":5,"roomNumber":"F.74 M1 - (0.94)","roomName":"Iroda","scope":"budapest/lagymanyos/eszaki/0/LÉ-0-094-02-33","roomCode":"LÉ-0-094-02-33","roomType":"administrative","__tile":"17/72476/45847","__layer":"rooms","__zoom":17,"__mvtId":36670,"__building":"eszaki","__ringVerts":5,"id":36670,"catalogFloorId":5},"geometry":{"type":"Polygon","coordinates":[[[19.061838395,47.474263152],[19.061846442,47.474290347],[19.061777375,47.474299412],[19.061769328,47.474272671],[19.061838395,47.474263152]]]}},{"type":"Feature","id":37016,"properties":{"buildingId":2,"floorId":6,"roomNumber":"1.94","roomName":"Előtér","scope":"budapest/lagymanyos/eszaki/1/LÉ-1-94A-04-62","roomCode":"LÉ-1-94A-04-62","roomType":"corridor","__tile":"17/72476/45847","__layer":"rooms","__zoom":17,"__mvtId":37016,"__building":"eszaki","__ringVerts":5,"id":37016,"catalogFloorId":6},"geometry":{"type":"Polygon","coordinates":[[[19.061962563,47.47413795],[19.061967928,47.474156533],[19.061949152,47.4741588],[19.061943788,47.474140216],[19.061962563,47.47413795]]]}},{"type":"Feature","id":37019,"properties":{"buildingId":2,"floorId":6,"roomNumber":"1.94","roomName":"Mosdó","scope":"budapest/lagymanyos/eszaki/1/LÉ-1-94C-05-72","roomCode":"LÉ-1-94C-05-72","roomType":"social","__tile":"17/72476/45847","__layer":"rooms","__zoom":17,"__mvtId":37019,"__building":"eszaki","__ringVerts":5,"id":37019,"catalogFloorId":6},"geometry":{"type":"Polygon","coordinates":[[[19.06195896,47.474157022],[19.061961643,47.474167447],[19.061942867,47.474170166],[19.061940185,47.474159288],[19.06195896,47.474157022]]]}},{"type":"Feature","id":36530,"properties":{"buildingId":2,"floorId":4,"roomNumber":"VI./A","roomName":"Konferenciaterem előtér","scope":"budapest/lagymanyos/eszaki/-1/LÉ--1-175-04-62","roomCode":"LÉ--1-175-04-62","roomType":"corridor","__tile":"17/72476/45847","__layer":"rooms","__zoom":17,"__mvtId":36530,"__building":"eszaki","__ringVerts":5,"id":36530,"catalogFloorId":4},"geometry":{"type":"Polygon","coordinates":[[[19.062043535,47.47432731],[19.06205024,47.47434952],[19.062016713,47.474354052],[19.062010007,47.474331843],[19.062043535,47.47432731]]]}},{"type":"Feature","id":36650,"properties":{"buildingId":2,"floorId":5,"roomNumber":"F.K.8","roomName":"Folyosó","scope":"budapest/lagymanyos/eszaki/0/LÉ-0-K8-04-63","roomCode":"LÉ-0-K8-04-63","roomType":"corridor","__tile":"17/72476/45847","__layer":"rooms","__zoom":17,"__mvtId":36650,"__building":"eszaki","__ringVerts":62,"id":36650,"catalogFloorId":5},"geometry":{"type":"Polygon","coordinates":[[[19.061933307,47.474286774],[19.061923248,47.474252327],[19.06191319,47.474253687],[19.061909167,47.474240089],[19.061919225,47.474238729],[19.061914531,47.474223319],[19.061904473,47.474224679],[19.06190112,47.474214254],[19.061911178,47.474212894],[19.061897767,47.474167116],[19.061887709,47.474168476],[19.061884356,47.474158051],[19.061894415,47.474156691],[19.06188905,47.474139014],[19.061878992,47.474140374],[19.061875639,47.474129949],[19.061886368,47.474128589],[19.061872286,47.474082811],[19.061862228,47.474084171],[19.061858875,47.474073746],[19.061869604,47.474072386],[19.06186424,47.474054709],[19.061854182,47.474056069],[19.061850829,47.474045644],[19.061860887,47.474044285],[19.061855523,47.474027061],[19.061845464,47.474028421],[19.061842112,47.474017543],[19.061883015,47.474010291],[19.061883686,47.474012557],[19.061893744,47.474010744],[19.061897097,47.474021622],[19.061887039,47.474022982],[19.06190112,47.47406876],[19.061911178,47.4740674],[19.061913861,47.474078278],[19.061903802,47.474079638],[19.061925931,47.474152159],[19.061935989,47.474150799],[19.061938671,47.474161677],[19.061929283,47.474163037],[19.061933977,47.474178447],[19.061943365,47.474177087],[19.061947388,47.474188872],[19.06193733,47.474190232],[19.061951412,47.47423737],[19.061958788,47.474236463],[19.061963482,47.474250967],[19.061955435,47.474251874],[19.061964823,47.474282242],[19.061960129,47.474283148],[19.061964152,47.474283601],[19.061975552,47.474320315],[19.061944706,47.474324394],[19.061939342,47.47430717],[19.061928613,47.47430853],[19.06192459,47.474296292],[19.061935989,47.474294933],[19.061933977,47.474287681],[19.061938001,47.474287227],[19.061938001,47.474285868],[19.061933307,47.474286774]]]}},{"type":"Feature","id":36668,"properties":{"buildingId":2,"floorId":5,"roomNumber":"F.72 M1 - (0.95)","roomName":"Iroda","scope":"budapest/lagymanyos/eszaki/0/LÉ-0-095-02-33","roomCode":"LÉ-0-095-02-33","roomType":"administrative","__tile":"17/72476/45847","__layer":"rooms","__zoom":17,"__mvtId":36668,"__building":"eszaki","__ringVerts":5,"id":36668,"catalogFloorId":5},"geometry":{"type":"Polygon","coordinates":[[[19.061847504,47.474209779],[19.061864268,47.474265075],[19.061795201,47.47427414],[19.061778437,47.474219297],[19.061847504,47.474209779]]]}},{"type":"Feature","id":807,"properties":{"buildingId":2,"floorId":8,"roomNumber":"3-K8","roomName":"3.K8 Közlekedő (Nyugati lifttől balra)","scope":"budapest/lagymanyos/eszaki/3/LÉ-3-K8-04-63","roomCode":"LÉ-3-K8-04-63","roomType":"corridor","__tile":"17/72476/45847","__layer":"rooms","__zoom":17,"__mvtId":807,"__building":"eszaki","__ringVerts":128,"id":807,"catalogFloorId":8},"geometry":{"type":"Polygon","coordinates":[[[19.06194575,47.474177498],[19.061954467,47.474176591],[19.061959831,47.474189735],[19.061948432,47.474191548],[19.06195849,47.474191095],[19.061963184,47.474206506],[19.061953796,47.474209225],[19.061965196,47.474207412],[19.061968548,47.474217837],[19.061967878,47.47422101],[19.061959161,47.474222369],[19.061967878,47.474221463],[19.061969219,47.474225089],[19.061959161,47.474227808],[19.061962513,47.474238233],[19.061971901,47.474236873],[19.061975924,47.474251378],[19.061967207,47.474252737],[19.061992688,47.474337948],[19.061993359,47.474340215],[19.061962513,47.474344294],[19.061956478,47.474324804],[19.06194642,47.474326164],[19.061942397,47.474312113],[19.061951114,47.474308034],[19.061939715,47.474309847],[19.061937032,47.474296249],[19.06194575,47.47429489],[19.06194575,47.474294436],[19.061937032,47.474295796],[19.06193368,47.474284918],[19.061942397,47.474283558],[19.06193368,47.474284465],[19.061931668,47.474281745],[19.061929656,47.474270867],[19.061939715,47.474269508],[19.061928986,47.474269961],[19.061924962,47.47425591],[19.06193435,47.474251831],[19.061922951,47.474253644],[19.061920269,47.474240046],[19.061928315,47.474238686],[19.061920269,47.474239593],[19.061916916,47.474228715],[19.061926974,47.474227355],[19.061924962,47.474221916],[19.06192228,47.474212398],[19.061912222,47.474213758],[19.061907528,47.474198347],[19.061917586,47.474196987],[19.061905516,47.474197441],[19.061902834,47.474183843],[19.061911551,47.474182483],[19.061902834,47.47418339],[19.061899481,47.474172512],[19.061908199,47.474171152],[19.061908869,47.474168433],[19.061907528,47.474170699],[19.061899481,47.474172059],[19.061896799,47.474169339],[19.061893446,47.474158914],[19.061905516,47.474157101],[19.061894788,47.474157555],[19.061890094,47.474142144],[19.061900152,47.474140784],[19.06189814,47.474134439],[19.061895458,47.474125827],[19.0618854,47.474127187],[19.061882047,47.474116309],[19.061892105,47.474114949],[19.061888082,47.474099992],[19.061878024,47.474101351],[19.06187333,47.474085941],[19.061882718,47.474083221],[19.061871989,47.474085034],[19.061867965,47.47407325],[19.061877353,47.474070077],[19.061868636,47.474070983],[19.061865283,47.474060105],[19.061875342,47.474058746],[19.061871989,47.474047414],[19.061870648,47.474043788],[19.061860589,47.474045148],[19.061855896,47.474029738],[19.061865954,47.474027018],[19.061854554,47.474028831],[19.061851202,47.47401478],[19.061859919,47.474013874],[19.061860589,47.474016593],[19.061861931,47.474014327],[19.061888753,47.474010248],[19.061895458,47.474012061],[19.061894117,47.474008888],[19.061902834,47.474007981],[19.061908869,47.474021126],[19.061896799,47.474022939],[19.061907528,47.474022485],[19.061912222,47.474037896],[19.061902164,47.474040162],[19.061914234,47.474038803],[19.061916916,47.474049227],[19.061916245,47.4740524],[19.061908199,47.47405376],[19.061916245,47.474052853],[19.061919598,47.474063731],[19.061911551,47.474065091],[19.061920269,47.474064185],[19.061925633,47.474077329],[19.061914234,47.474079142],[19.061924292,47.474078689],[19.061928986,47.474094099],[19.061918927,47.474095459],[19.061923621,47.474109963],[19.06193368,47.474109057],[19.061937032,47.474119935],[19.061926974,47.474121294],[19.061930997,47.474135345],[19.061941726,47.474134892],[19.061944408,47.474143051],[19.06194642,47.474150303],[19.061936362,47.474153022],[19.061948432,47.474151209],[19.061951114,47.474161634],[19.061950443,47.474164807],[19.061942397,47.474166166],[19.061951114,47.47416526],[19.061954467,47.474176138],[19.06194575,47.474177498]],[[19.061926974,47.474231434],[19.061918927,47.474232794],[19.061919598,47.474235514],[19.061927645,47.474234154],[19.061926974,47.474231434]],[[19.061943738,47.474287638],[19.061937703,47.474288544],[19.061937032,47.474291717],[19.061944408,47.474290357],[19.061943738,47.474287638]],[[19.061943067,47.474279932],[19.061941726,47.474281292],[19.061941726,47.474282652],[19.061943738,47.474283105],[19.061943067,47.474279932]],[[19.061916916,47.474056933],[19.061908869,47.474058292],[19.06190954,47.474061012],[19.061917586,47.474059652],[19.061916916,47.474056933]],[[19.061951114,47.474169339],[19.061943067,47.474170699],[19.061944408,47.474173418],[19.061951785,47.474172059],[19.061951114,47.474169339]],[[19.06193368,47.474113136],[19.061927645,47.474114042],[19.061926974,47.474117215],[19.061935021,47.474115855],[19.06193368,47.474113136]],[[19.061875342,47.474062825],[19.061867295,47.474064185],[19.061867965,47.474066451],[19.061876012,47.474065544],[19.061875342,47.474062825]],[[19.061892105,47.474119028],[19.061884729,47.474120388],[19.0618854,47.474122654],[19.061893446,47.474121748],[19.061892105,47.474119028]],[[19.06190954,47.474175231],[19.061903505,47.474176138],[19.061902834,47.474178857],[19.06191021,47.474177951],[19.06190954,47.474175231]],[[19.061912222,47.474184296],[19.061913563,47.474185203],[19.061913563,47.474182937],[19.061911551,47.474182937],[19.061912222,47.474184296]],[[19.061906858,47.474050587],[19.061905516,47.47405104],[19.061906187,47.474053307],[19.061908199,47.474053307],[19.061906858,47.474050587]],[[19.061941056,47.47416662],[19.061942397,47.47416526],[19.061940385,47.474163447],[19.061939715,47.474163447],[19.061941056,47.47416662]],[[19.061928315,47.474238686],[19.061930997,47.474241406],[19.061930327,47.474238233],[19.061928315,47.474238686]],[[19.061878694,47.474069624],[19.061878024,47.474072796],[19.061879365,47.474072796],[19.061879365,47.474071437],[19.061878694,47.474069624]],[[19.061911551,47.474065544],[19.061910881,47.474066451],[19.061910881,47.474068264],[19.061912222,47.474068264],[19.061911551,47.474065544]],[[19.061959161,47.474222369],[19.061957149,47.47421965],[19.061957819,47.474222823],[19.061959161,47.474222369]],[[19.06194575,47.474177498],[19.061944408,47.474177951],[19.061945079,47.47418067],[19.06194575,47.474177498]]]}},{"type":"Feature","id":710,"properties":{"buildingId":2,"floorId":7,"roomNumber":"2-L6","roomName":"2.L6 Lépcsőház Fizika DNy-i","scope":"budapest/lagymanyos/eszaki/2/LÉ-2-L6-04-64","roomCode":"LÉ-2-L6-04-64","roomType":"corridor","__tile":"17/72476/45847","__layer":"rooms","__zoom":17,"__mvtId":710,"__building":"eszaki","__ringVerts":6,"id":710,"catalogFloorId":7},"geometry":{"type":"Polygon","coordinates":[[[19.06203035,47.474082632],[19.062037726,47.474106201],[19.061959271,47.474117079],[19.061952566,47.47409351],[19.062026997,47.474083085],[19.06203035,47.474082632]]]}},{"type":"Feature","id":1087,"properties":{"buildingId":2,"floorId":12,"roomNumber":"7.27","roomName":"7.27 Dolgozó","scope":"budapest/lagymanyos/eszaki/7/LÉ-7-27-02-33","roomCode":"LÉ-7-27-02-33","roomType":"administrative","__tile":"17/72476/45847","__layer":"rooms","__zoom":17,"__mvtId":1087,"__building":"eszaki","__ringVerts":5,"id":1087,"catalogFloorId":12},"geometry":{"type":"Polygon","coordinates":[[[19.062025095,47.474106683],[19.062035154,47.474132972],[19.061959381,47.474143397],[19.061951335,47.474116655],[19.062025095,47.474106683]]]}},{"type":"Feature","id":37014,"properties":{"buildingId":2,"floorId":6,"roomNumber":"1.88","roomName":"Előtér","scope":"budapest/lagymanyos/eszaki/1/LÉ-1-95-a-04-62","roomCode":"LÉ-1-95/a-04-62","roomType":"corridor","__tile":"17/72476/45847","__layer":"rooms","__zoom":17,"__mvtId":37014,"__building":"eszaki","__ringVerts":7,"id":37014,"catalogFloorId":6},"geometry":{"type":"Polygon","coordinates":[[[19.061962582,47.47417016],[19.061964593,47.474176506],[19.061969958,47.474175599],[19.06197264,47.474184665],[19.061935089,47.47418965],[19.061930395,47.47417424],[19.061962582,47.47417016]]]}},{"type":"Feature","id":36509,"properties":{"buildingId":2,"floorId":4,"roomNumber":"P.58. B1 (-1.58)","roomName":"Fényzsilip","scope":"budapest/lagymanyos/eszaki/-1/LÉ--1-158-A-04-62","roomCode":"LÉ--1-158/A-04-62","roomType":"corridor","__tile":"17/72476/45847","__layer":"rooms","__zoom":17,"__mvtId":36509,"__building":"eszaki","__ringVerts":5,"id":36509,"catalogFloorId":4},"geometry":{"type":"Polygon","coordinates":[[[19.061860349,47.47421204],[19.061867725,47.474236516],[19.061848949,47.474239235],[19.061842244,47.474214759],[19.061860349,47.47421204]]]}},{"type":"Feature","id":36518,"properties":{"buildingId":2,"floorId":4,"roomNumber":"P-K11","roomName":"Folyosó","scope":"budapest/lagymanyos/eszaki/-1/LÉ--1-K11-04-63","roomCode":"LÉ--1-K11-04-63","roomType":"corridor","__tile":"17/72476/45847","__layer":"rooms","__zoom":17,"__mvtId":36518,"__building":"eszaki","__ringVerts":5,"id":36518,"catalogFloorId":4},"geometry":{"type":"Polygon","coordinates":[[[19.061961759,47.474370952],[19.061967794,47.474391348],[19.061879952,47.474403586],[19.061873917,47.474382737],[19.061961759,47.474370952]]]}},{"type":"Feature","id":1092,"properties":{"buildingId":2,"floorId":12,"roomNumber":"7.30/B","roomName":"7.30/B Bemondó fülke","scope":"budapest/lagymanyos/eszaki/7/LÉ-7-30-B-01-14","roomCode":"LÉ-7-30/B-01-14","roomType":"educational","__tile":"17/72476/45847","__layer":"rooms","__zoom":17,"__mvtId":1092,"__building":"eszaki","__ringVerts":5,"id":1092,"catalogFloorId":12},"geometry":{"type":"Polygon","coordinates":[[[19.061979901,47.474281479],[19.061987948,47.474307768],[19.061961796,47.474311394],[19.061953749,47.474284199],[19.061979901,47.474281479]]]}},{"type":"Feature","id":666,"properties":{"buildingId":2,"floorId":7,"roomNumber":"2.53/B","roomName":"2.53/B Oktató","scope":"budapest/lagymanyos/eszaki/2/LÉ-2-53-B-01-13","roomCode":"LÉ-2-53/B-01-13","roomType":"educational","__tile":"17/72476/45847","__layer":"rooms","__zoom":17,"__mvtId":666,"__building":"eszaki","__ringVerts":10,"id":666,"catalogFloorId":7},"geometry":{"type":"Polygon","coordinates":[[[19.061776925,47.474451734],[19.061778937,47.474457626],[19.061788995,47.474456266],[19.061793019,47.47446941],[19.06178296,47.47447077],[19.061785643,47.474480742],[19.061712552,47.474490713],[19.0617092,47.474488447],[19.061701824,47.474462158],[19.061776925,47.474451734]]]}},{"type":"Feature","id":1095,"properties":{"buildingId":2,"floorId":12,"roomNumber":"7.32/B","roomName":"7.32/B Női mosdó","scope":"budapest/lagymanyos/eszaki/7/LÉ-7-32-B-05-71","roomCode":"LÉ-7-32/B-05-71","roomType":"social","__tile":"17/72476/45847","__layer":"rooms","__zoom":17,"__mvtId":1095,"__building":"eszaki","__ringVerts":11,"id":1095,"catalogFloorId":12},"geometry":{"type":"Polygon","coordinates":[[[19.061932835,47.474339485],[19.061944905,47.474337672],[19.061946246,47.474348097],[19.06195027,47.474347644],[19.061945576,47.474337672],[19.061956975,47.474336312],[19.061958316,47.474346737],[19.061965692,47.474358522],[19.061928142,47.474365321],[19.061920765,47.474341298],[19.061932835,47.474339485]],[[19.061932835,47.474339485],[19.061933506,47.47434991],[19.0619382,47.474349457],[19.061932835,47.474339485]]]}},{"type":"Feature","id":991,"properties":{"buildingId":2,"floorId":10,"roomNumber":"5/K9","roomName":"5.K9 Közlekedő Ny-i lift előtt","scope":"budapest/lagymanyos/eszaki/5/LÉ-5-K9-04-63","roomCode":"LÉ-5-K9-04-63","roomType":"corridor","__tile":"17/72476/45847","__layer":"rooms","__zoom":17,"__mvtId":991,"__building":"eszaki","__ringVerts":55,"id":991,"catalogFloorId":10},"geometry":{"type":"Polygon","coordinates":[[[19.061844662,47.474325465],[19.061856732,47.474366711],[19.061876178,47.474363992],[19.061882883,47.474386654],[19.061886907,47.474385748],[19.061890259,47.474395266],[19.061885566,47.474395719],[19.061894953,47.474412037],[19.06189093,47.47441249],[19.061893612,47.474420648],[19.061897636,47.474419742],[19.061900318,47.474428807],[19.061896294,47.474429713],[19.061902329,47.474451016],[19.061882883,47.474453736],[19.061896294,47.474494982],[19.061893612,47.474501327],[19.061856061,47.47450586],[19.061852709,47.474494982],[19.061862767,47.474492262],[19.061852709,47.474493622],[19.061848685,47.474480931],[19.061858743,47.474479571],[19.061848685,47.474480025],[19.061843991,47.474464614],[19.061853379,47.474462348],[19.06184198,47.474463707],[19.061838627,47.474452829],[19.061850026,47.47445147],[19.061839968,47.474451923],[19.061837286,47.474442858],[19.061846003,47.474441498],[19.06182991,47.474385295],[19.061829239,47.474388014],[19.061820522,47.474388921],[19.06181784,47.474380309],[19.061828569,47.474379856],[19.061827898,47.474377589],[19.061815828,47.474379402],[19.061812475,47.474368524],[19.061824545,47.474367164],[19.061813816,47.474367164],[19.061809123,47.474352207],[19.061819181,47.474349488],[19.061809123,47.474350847],[19.061807782,47.474345862],[19.06180577,47.474340422],[19.061815828,47.474337703],[19.06180577,47.474339063],[19.061803088,47.474331811],[19.061811805,47.474330904],[19.061813816,47.474332717],[19.061817169,47.474328638],[19.061840639,47.474325465],[19.061844662,47.474325465]]]}},{"type":"Feature","id":76,"properties":{"buildingId":2,"floorId":11,"roomNumber":"6.53","roomName":"6.53 F5 Szeminárium","scope":"budapest/lagymanyos/eszaki/6/LÉ-6-53-01-12","roomCode":"LÉ-6-53-01-12","roomType":"educational","__tile":"17/72476/45847","__layer":"rooms","__zoom":17,"__mvtId":76,"__building":"eszaki","__ringVerts":6,"id":76,"catalogFloorId":11},"geometry":{"type":"Polygon","coordinates":[[[19.061759648,47.474419893],[19.061777082,47.474477003],[19.061756295,47.474480629],[19.061728802,47.474483802],[19.061712039,47.474426692],[19.061759648,47.474419893]]]}},{"type":"Feature","id":80,"properties":{"buildingId":2,"floorId":9,"roomNumber":"4.51","roomName":"4.51 Szeminárium","scope":"budapest/lagymanyos/eszaki/4/LÉ-4-51-01-12","roomCode":"LÉ-4-51-01-12","roomType":"educational","__tile":"17/72476/45847","__layer":"rooms","__zoom":17,"__mvtId":80,"__building":"eszaki","__ringVerts":10,"id":80,"catalogFloorId":9},"geometry":{"type":"Polygon","coordinates":[[[19.061779991,47.474431787],[19.061782003,47.474438133],[19.061792061,47.474436773],[19.061796084,47.474449464],[19.061786026,47.474450824],[19.061798096,47.474488897],[19.061722323,47.474499775],[19.061712936,47.474468954],[19.061704889,47.474442665],[19.061779991,47.474431787]]]}},{"type":"Feature","id":1094,"properties":{"buildingId":2,"floorId":12,"roomNumber":"7.32/A","roomName":"7.32 Női mosdó","scope":"budapest/lagymanyos/eszaki/7/LÉ-7-32-05-71","roomCode":"LÉ-7-32-05-71","roomType":"social","__tile":"17/72476/45847","__layer":"rooms","__zoom":17,"__mvtId":1094,"__building":"eszaki","__ringVerts":5,"id":1094,"catalogFloorId":12},"geometry":{"type":"Polygon","coordinates":[[[19.061917662,47.474328446],[19.061924368,47.474352468],[19.061884134,47.474356547],[19.061877429,47.474334338],[19.061917662,47.474328446]]]}},{"type":"Feature","id":1160,"properties":{"buildingId":2,"floorId":13,"roomNumber":"8.8","roomName":"8,08","scope":"budapest/lagymanyos/eszaki/8/LÉ-8-08-02-33","roomCode":"LÉ-8-08-02-33","roomType":"administrative","__tile":"17/72476/45847","__layer":"rooms","__zoom":17,"__mvtId":1160,"__building":"eszaki","__ringVerts":8,"id":1160,"catalogFloorId":13},"geometry":{"type":"Polygon","coordinates":[[[19.061915678,47.474390857],[19.06193043,47.474441168],[19.061874774,47.474448873],[19.061862704,47.474419865],[19.061866057,47.474419412],[19.061859352,47.474398562],[19.061874774,47.474396749],[19.061915678,47.474390857]]]}},{"type":"Feature","id":977,"properties":{"buildingId":2,"floorId":10,"roomNumber":"5.97/C","roomName":"5.97/C Zuhanyozó","scope":"budapest/lagymanyos/eszaki/5/LÉ-5-97-C-05-71","roomCode":"LÉ-5-97/C-05-71","roomType":"social","__tile":"17/72476/45847","__layer":"rooms","__zoom":17,"__mvtId":977,"__building":"eszaki","__ringVerts":5,"id":977,"catalogFloorId":10},"geometry":{"type":"Polygon","coordinates":[[[19.061942494,47.474423736],[19.061950541,47.474446398],[19.0619378,47.474448211],[19.061927742,47.474425549],[19.061942494,47.474423736]]]}},{"type":"Feature","id":287,"properties":{"buildingId":2,"floorId":7,"roomNumber":"232","roomName":"2.232 fotó szoba, vizdesztilláló","scope":"budapest/lagymanyos/eszaki/2/LK-2-232-01-14","roomCode":"LK-2-232-01-14","roomType":"educational","__tile":"17/72476/45847","__layer":"rooms","__zoom":17,"__mvtId":287,"__building":"eszaki","__ringVerts":5,"id":287,"catalogFloorId":7},"geometry":{"type":"Polygon","coordinates":[[[19.061780146,47.474487329],[19.061788193,47.474513165],[19.061721138,47.474522683],[19.061713091,47.474496394],[19.061780146,47.474487329]]]}},{"type":"Feature","id":348,"properties":{"buildingId":2,"floorId":8,"roomNumber":"343","roomName":"3.343 III. Mikroanalitikai labor","scope":"budapest/lagymanyos/eszaki/3/LK-3-343-01-14","roomCode":"LK-3-343-01-14","roomType":"educational","__tile":"17/72476/45847","__layer":"rooms","__zoom":17,"__mvtId":348,"__building":"eszaki","__ringVerts":5,"id":348,"catalogFloorId":8},"geometry":{"type":"Polygon","coordinates":[[[19.061901004,47.474502106],[19.061909051,47.474528848],[19.061841996,47.474538366],[19.061833949,47.474511624],[19.061901004,47.474502106]]]}},{"type":"Feature","id":349,"properties":{"buildingId":2,"floorId":8,"roomNumber":"344","roomName":"3.344 Immunkémiai labor","scope":"budapest/lagymanyos/eszaki/3/LK-3-344-01-14","roomCode":"LK-3-344-01-14","roomType":"educational","__tile":"17/72476/45847","__layer":"rooms","__zoom":17,"__mvtId":349,"__building":"eszaki","__ringVerts":5,"id":349,"catalogFloorId":8},"geometry":{"type":"Polygon","coordinates":[[[19.061773074,47.474488963],[19.061789167,47.474542447],[19.061722112,47.474551965],[19.061705348,47.474498481],[19.061773074,47.474488963]]]}},{"type":"Feature","id":394,"properties":{"buildingId":2,"floorId":9,"roomNumber":"431","roomName":"4.431 Preparatív labor","scope":"budapest/lagymanyos/eszaki/4/LK-4-431-01-14","roomCode":"LK-4-431-01-14","roomType":"educational","__tile":"17/72476/45847","__layer":"rooms","__zoom":17,"__mvtId":394,"__building":"eszaki","__ringVerts":5,"id":394,"catalogFloorId":9},"geometry":{"type":"Polygon","coordinates":[[[19.061773075,47.474488963],[19.061789168,47.474542447],[19.061722113,47.474551965],[19.061705349,47.474498481],[19.061773075,47.474488963]]]}},{"type":"Feature","id":808,"properties":{"buildingId":2,"floorId":8,"roomNumber":"3-K9","roomName":"3.K9 Előtér Ny-i lift előtt","scope":"budapest/lagymanyos/eszaki/3/LÉ-3-K9-04-63","roomCode":"LÉ-3-K9-04-63","roomType":"corridor","__tile":"17/72476/45847","__layer":"rooms","__zoom":17,"__mvtId":808,"__building":"eszaki","__ringVerts":59,"id":808,"catalogFloorId":8},"geometry":{"type":"Polygon","coordinates":[[[19.061835863,47.474312945],[19.061850615,47.474355098],[19.061870061,47.474352378],[19.061876766,47.474375041],[19.06188079,47.474374134],[19.061884142,47.474383653],[19.061879449,47.474384106],[19.061882131,47.474391811],[19.061886154,47.474391358],[19.061888836,47.474400423],[19.061884813,47.474400876],[19.061887495,47.474409035],[19.061891519,47.474408128],[19.061894201,47.474417193],[19.061890177,47.4744181],[19.061896883,47.47443895],[19.061876766,47.474442122],[19.061886825,47.474441669],[19.061888836,47.474448921],[19.061879449,47.474449828],[19.061890177,47.474483368],[19.061900236,47.474482915],[19.061901577,47.474486994],[19.061849944,47.474494246],[19.061846592,47.474483368],[19.06185665,47.474480649],[19.061846592,47.474482009],[19.061842568,47.474469318],[19.061852627,47.474467505],[19.061842568,47.474468411],[19.061837874,47.474453],[19.061847262,47.474450281],[19.061836533,47.474451641],[19.061833181,47.474441216],[19.061843909,47.474439856],[19.061843239,47.47443759],[19.061833851,47.474440309],[19.061831169,47.474431244],[19.06183251,47.474433511],[19.061841898,47.474432151],[19.061825134,47.474376854],[19.061823793,47.474373681],[19.061815076,47.474374588],[19.061814405,47.474377307],[19.061811723,47.474368695],[19.061822452,47.474368242],[19.061821781,47.474365976],[19.061809711,47.474367789],[19.061807029,47.474356911],[19.061818428,47.474355551],[19.0618077,47.474355551],[19.061803006,47.474340594],[19.061812393,47.474339234],[19.061803006,47.474339234],[19.061798982,47.474326543],[19.061807029,47.474324276],[19.061798982,47.474325183],[19.061796971,47.474320197],[19.061835863,47.474312945]],[[19.06185665,47.474486088],[19.061850615,47.474486994],[19.061849944,47.474489714],[19.06185732,47.474488807],[19.06185665,47.474486088]]]}},{"type":"Feature","id":36886,"properties":{"buildingId":2,"floorId":6,"roomNumber":"-","roomName":"Férfi mosdó","scope":"budapest/lagymanyos/eszaki/1/LÉ-1-102-05-71","roomCode":"LÉ-1-102-05-71","roomType":"social","__tile":"17/72476/45847","__layer":"rooms","__zoom":17,"__mvtId":36886,"__building":"eszaki","__ringVerts":5,"id":36886,"catalogFloorId":6},"geometry":{"type":"Polygon","coordinates":[[[19.061856673,47.47447893],[19.061863378,47.474500686],[19.061835215,47.474504312],[19.06182918,47.474482556],[19.061856673,47.47447893]]]}},{"type":"Feature","id":36888,"properties":{"buildingId":2,"floorId":6,"roomNumber":"-","roomName":"Férfi WC","scope":"budapest/lagymanyos/eszaki/1/LÉ-1-102-B-05-71","roomCode":"LÉ-1-102/B-05-71","roomType":"social","__tile":"17/72476/45847","__layer":"rooms","__zoom":17,"__mvtId":36888,"__building":"eszaki","__ringVerts":5,"id":36888,"catalogFloorId":6},"geometry":{"type":"Polygon","coordinates":[[[19.061919299,47.474487512],[19.061926004,47.474509722],[19.061901864,47.474512894],[19.061895159,47.474490685],[19.061919299,47.474487512]]]}},{"type":"Feature","id":36447,"properties":{"buildingId":2,"floorId":4,"roomNumber":"P.62 B1","roomName":"Elektronmikroszkóp labor","scope":"budapest/lagymanyos/eszaki/-1/LÉ--1-124-A-01-14","roomCode":"LÉ--1-124/A-01-14","roomType":"educational","__tile":"17/72476/45847","__layer":"rooms","__zoom":17,"__mvtId":36447,"__building":"eszaki","__ringVerts":9,"id":36447,"catalogFloorId":4},"geometry":{"type":"Polygon","coordinates":[[[19.061791107,47.47435233],[19.061796472,47.474368647],[19.061804518,47.474367741],[19.0618072,47.474376352],[19.061798483,47.474377712],[19.061807871,47.474407627],[19.061736122,47.474417145],[19.061719358,47.474361848],[19.061791107,47.47435233]]]}},{"type":"Feature","id":36527,"properties":{"buildingId":2,"floorId":4,"roomNumber":"P.62","roomName":"Férfi WC","scope":"budapest/lagymanyos/eszaki/-1/LÉ--1-183-A-05-71","roomCode":"LÉ--1-183/A-05-71","roomType":"social","__tile":"17/72476/45847","__layer":"rooms","__zoom":17,"__mvtId":36527,"__building":"eszaki","__ringVerts":5,"id":36527,"catalogFloorId":4},"geometry":{"type":"Polygon","coordinates":[[[19.061893905,47.474482648],[19.06190061,47.47450395],[19.06186373,47.474508936],[19.061857695,47.474487633],[19.061893905,47.474482648]]]}},{"type":"Feature","id":36519,"properties":{"buildingId":2,"floorId":4,"roomNumber":"P-K12","roomName":"Folyosó","scope":"budapest/lagymanyos/eszaki/-1/LÉ--1-K12-04-63","roomCode":"LÉ--1-K12-04-63","roomType":"corridor","__tile":"17/72476/45847","__layer":"rooms","__zoom":17,"__mvtId":36519,"__building":"eszaki","__ringVerts":5,"id":36519,"catalogFloorId":4},"geometry":{"type":"Polygon","coordinates":[[[19.061939274,47.474449462],[19.061945309,47.474469858],[19.061856126,47.474482096],[19.061850091,47.474461247],[19.061939274,47.474449462]]]}},{"type":"Feature","id":1113,"properties":{"buildingId":2,"floorId":12,"roomNumber":"7.48/B","roomName":"7.48/B Férfi mosdó","scope":"budapest/lagymanyos/eszaki/7/LÉ-7-48-B-05-71","roomCode":"LÉ-7-48/B-05-71","roomType":"social","__tile":"17/72476/45847","__layer":"rooms","__zoom":17,"__mvtId":1113,"__building":"eszaki","__ringVerts":5,"id":1113,"catalogFloorId":12},"geometry":{"type":"Polygon","coordinates":[[[19.061898374,47.474477534],[19.06190508,47.47450065],[19.061870211,47.474505636],[19.061863506,47.47448252],[19.061898374,47.474477534]]]}},{"type":"Feature","id":36885,"properties":{"buildingId":2,"floorId":6,"roomNumber":"1.66","roomName":"ELTE Szolgáltató Kft.","scope":"budapest/lagymanyos/eszaki/1/LÉ-1-66-02-33","roomCode":"LÉ-1-66-02-33","roomType":"administrative","__tile":"17/72476/45847","__layer":"rooms","__zoom":17,"__mvtId":36885,"__building":"eszaki","__ringVerts":11,"id":36885,"catalogFloorId":6},"geometry":{"type":"Polygon","coordinates":[[[19.061774113,47.474432406],[19.061776124,47.474438752],[19.061788865,47.474436939],[19.061792218,47.47444827],[19.061779477,47.474450083],[19.061790876,47.474489063],[19.061719798,47.474498581],[19.061717786,47.474491329],[19.061714433,47.474491783],[19.061699681,47.474442378],[19.061774113,47.474432406]]]}},{"type":"Feature","id":36524,"properties":{"buildingId":2,"floorId":4,"roomNumber":"P.67/a","roomName":"Akadálymentes WC","scope":"budapest/lagymanyos/eszaki/-1/LÉ--1-173-05-71","roomCode":"LÉ--1-173-05-71","roomType":"social","__tile":"17/72476/45847","__layer":"rooms","__zoom":17,"__mvtId":36524,"__building":"eszaki","__ringVerts":5,"id":36524,"catalogFloorId":4},"geometry":{"type":"Polygon","coordinates":[[[19.061894911,47.474333713],[19.061901617,47.474356829],[19.061878818,47.474358189],[19.061872783,47.474336886],[19.061894911,47.474333713]]]}},{"type":"Feature","id":36526,"properties":{"buildingId":2,"floorId":4,"roomNumber":"P.61 (-1.83)","roomName":"Férfi mosdó","scope":"budapest/lagymanyos/eszaki/-1/LÉ--1-183-05-71","roomCode":"LÉ--1-183-05-71","roomType":"social","__tile":"17/72476/45847","__layer":"rooms","__zoom":17,"__mvtId":36526,"__building":"eszaki","__ringVerts":5,"id":36526,"catalogFloorId":4},"geometry":{"type":"Polygon","coordinates":[[[19.061856608,47.474478417],[19.061862643,47.474500173],[19.061835821,47.474503799],[19.061829115,47.474482043],[19.061856608,47.474478417]]]}},{"type":"Feature","id":36651,"properties":{"buildingId":2,"floorId":5,"roomNumber":"F.69/C","roomName":"Férfi mosdó","scope":"budapest/lagymanyos/eszaki/0/LÉ-0-112-05-71","roomCode":"LÉ-0-112-05-71","roomType":"social","__tile":"17/72476/45847","__layer":"rooms","__zoom":17,"__mvtId":36651,"__building":"eszaki","__ringVerts":5,"id":36651,"catalogFloorId":5},"geometry":{"type":"Polygon","coordinates":[[[19.061855929,47.474479343],[19.061861964,47.474501099],[19.061834471,47.474504725],[19.061828436,47.474482969],[19.061855929,47.474479343]]]}},{"type":"Feature","id":36652,"properties":{"buildingId":2,"floorId":5,"roomNumber":"F.69/C","roomName":"Férfi WC","scope":"budapest/lagymanyos/eszaki/0/LÉ-0-112-A-05-71","roomCode":"LÉ-0-112/A-05-71","roomType":"social","__tile":"17/72476/45847","__layer":"rooms","__zoom":17,"__mvtId":36652,"__building":"eszaki","__ringVerts":5,"id":36652,"catalogFloorId":5},"geometry":{"type":"Polygon","coordinates":[[[19.061892027,47.474483573],[19.061898733,47.474504876],[19.061863194,47.474509862],[19.061857159,47.474488106],[19.061892027,47.474483573]]]}},{"type":"Feature","id":36820,"properties":{"buildingId":2,"floorId":5,"roomNumber":"036/A","roomName":"Oktatói szoba","scope":"budapest/lagymanyos/eszaki/0/LK-0-036A-01-13","roomCode":"LK-0-036A-01-13","roomType":"educational","__tile":"17/72476/45847","__layer":"rooms","__zoom":17,"__mvtId":36820,"__building":"eszaki","__ringVerts":5,"id":36820,"catalogFloorId":5},"geometry":{"type":"Polygon","coordinates":[[[19.061896812,47.474512739],[19.061904859,47.474539028],[19.061868649,47.47454356],[19.061861273,47.474517725],[19.061896812,47.474512739]]]}},{"type":"Feature","id":36812,"properties":{"buildingId":2,"floorId":5,"roomNumber":"0.75","roomName":"TTK HÖK iroda","scope":"budapest/lagymanyos/eszaki/0/LÉ-0-075-02-33","roomCode":"LÉ-0-075-02-33","roomType":"administrative","__tile":"17/72476/45847","__layer":"rooms","__zoom":17,"__mvtId":36812,"__building":"eszaki","__ringVerts":5,"id":36812,"catalogFloorId":5},"geometry":{"type":"Polygon","coordinates":[[[19.061755453,47.474431894],[19.061772217,47.474489457],[19.06172796,47.474495349],[19.061711197,47.474437786],[19.061755453,47.474431894]]]}},{"type":"Feature","id":36883,"properties":{"buildingId":2,"floorId":6,"roomNumber":"-","roomName":"Folyosó","scope":"budapest/lagymanyos/eszaki/1/LÉ-1-K9-04-63","roomCode":"LÉ-1-K9-04-63","roomType":"corridor","__tile":"17/72476/45847","__layer":"rooms","__zoom":17,"__mvtId":36883,"__building":"eszaki","__ringVerts":26,"id":36883,"catalogFloorId":6},"geometry":{"type":"Polygon","coordinates":[[[19.061803818,47.474336057],[19.061807171,47.474338324],[19.061819241,47.474380929],[19.061913118,47.474368238],[19.061917812,47.474383196],[19.061844722,47.474393167],[19.061847404,47.474400419],[19.061850757,47.474399966],[19.061857462,47.474434413],[19.061860815,47.47443396],[19.061863497,47.474442572],[19.061860144,47.474443025],[19.061861486,47.474448464],[19.061931894,47.474438946],[19.061936587,47.474454357],[19.061845392,47.474466594],[19.061860144,47.474513733],[19.061828629,47.474517812],[19.061809853,47.474453903],[19.06172067,47.474465688],[19.061705247,47.47441447],[19.06179443,47.474402232],[19.061776325,47.474342403],[19.061780349,47.47434195],[19.061779678,47.47433923],[19.061803818,47.474336057]]]}},{"type":"Feature","id":37036,"properties":{"buildingId":2,"floorId":6,"roomNumber":"1.103","roomName":"Tűzvédelmi felelős","scope":"budapest/lagymanyos/eszaki/1/LÉ-1-103-02-33","roomCode":"LÉ-1-103-02-33","roomType":"administrative","__tile":"17/72476/45847","__layer":"rooms","__zoom":17,"__mvtId":37036,"__building":"eszaki","__ringVerts":5,"id":37036,"catalogFloorId":6},"geometry":{"type":"Polygon","coordinates":[[[19.061953311,47.474500286],[19.061957334,47.47451479],[19.061923807,47.474519323],[19.061919113,47.474504819],[19.061953311,47.474500286]]]}},{"type":"Feature","id":257,"properties":{"buildingId":2,"floorId":7,"roomName":"2.200/2 Közlekedő labor hosszú folyosó","scope":"budapest/lagymanyos/eszaki/2/LK-2-200-2-04-63","roomCode":"LK-2-200/2-04-63","roomType":"corridor","__tile":"16/36238/22923","__layer":"rooms","__zoom":16,"__mvtId":257,"__building":"eszaki","__ringVerts":77,"id":257,"catalogFloorId":7},"geometry":{"type":"Polygon","coordinates":[[[19.061594801,47.474601364],[19.061598824,47.474614961],[19.061609553,47.474613148],[19.061613576,47.474624026],[19.061602848,47.474624932],[19.061608212,47.474643062],[19.061618941,47.474641249],[19.061621623,47.474652127],[19.061610894,47.474653033],[19.061616259,47.474671163],[19.061626987,47.47466935],[19.061631011,47.474680228],[19.061620282,47.474681134],[19.061625646,47.474699264],[19.061636375,47.474697451],[19.061639057,47.474708329],[19.061628329,47.474709235],[19.061676608,47.474867869],[19.061688678,47.474866056],[19.06169136,47.474876934],[19.061680632,47.474877841],[19.061685996,47.47489597],[19.061696725,47.474894157],[19.061700748,47.474905942],[19.061688678,47.474907755],[19.061699407,47.47494492],[19.061669903,47.474949453],[19.061667221,47.474941294],[19.061655151,47.474943107],[19.061651127,47.474931323],[19.061663197,47.474930416],[19.061657833,47.474913193],[19.061647104,47.474915006],[19.061643081,47.474903222],[19.06165381,47.474902316],[19.061649786,47.474885093],[19.061637716,47.474886906],[19.061635034,47.474875121],[19.061645763,47.474873308],[19.061640398,47.474856992],[19.06162967,47.474858805],[19.061625646,47.47484702],[19.061636375,47.474845207],[19.061632352,47.474828891],[19.061620282,47.474829797],[19.0616176,47.474818013],[19.06162967,47.474817107],[19.061624305,47.474799883],[19.061612235,47.474801696],[19.061608212,47.474790819],[19.061618941,47.474789006],[19.061614917,47.474771783],[19.061602848,47.474773596],[19.061598824,47.474760905],[19.061610894,47.474759092],[19.06160553,47.474743682],[19.061594801,47.474744588],[19.061590778,47.47473371],[19.061602848,47.474731897],[19.061597483,47.474713768],[19.061585413,47.474714674],[19.061582731,47.474704703],[19.06159346,47.47470289],[19.061588095,47.474686573],[19.061577367,47.47468748],[19.061573343,47.474676602],[19.061585413,47.474674789],[19.061580049,47.474657566],[19.06156932,47.474659379],[19.061565297,47.474648501],[19.061577367,47.474647595],[19.061572002,47.474629465],[19.061559932,47.474631278],[19.06155725,47.4746204],[19.061567979,47.474618587],[19.061563955,47.474605896],[19.061594801,47.474601364]]]}},{"type":"Feature","id":36932,"properties":{"buildingId":2,"floorId":6,"roomNumber":"127","roomName":"Labor","scope":"budapest/lagymanyos/eszaki/1/LK-1-127-01-14","roomCode":"LK-1-127-01-14","roomType":"educational","__tile":"16/36238/22923","__layer":"rooms","__zoom":16,"__mvtId":36932,"__building":"eszaki","__ringVerts":5,"id":36932,"catalogFloorId":6},"geometry":{"type":"Polygon","coordinates":[[[19.061665845,47.47488666],[19.061673892,47.474912948],[19.061606837,47.474922013],[19.06159879,47.474894819],[19.061665845,47.47488666]]]}},{"type":"Feature","id":278,"properties":{"buildingId":2,"floorId":7,"roomNumber":"221","roomName":"2.221 Reakciókinetikai Kut.labor","scope":"budapest/lagymanyos/eszaki/2/LK-2-221-01-14","roomCode":"LK-2-221-01-14","roomType":"educational","__tile":"16/36238/22923","__layer":"rooms","__zoom":16,"__mvtId":278,"__building":"eszaki","__ringVerts":5,"id":278,"catalogFloorId":7},"geometry":{"type":"Polygon","coordinates":[[[19.061678943,47.474830027],[19.061695036,47.474884416],[19.061627981,47.474893481],[19.061610547,47.474839999],[19.061678943,47.474830027]]]}},{"type":"Feature","id":318,"properties":{"buildingId":2,"floorId":8,"roomNumber":"309","roomName":"3.309 Kutatói labor","scope":"budapest/lagymanyos/eszaki/3/LK-3-309-01-14","roomCode":"LK-3-309-01-14","roomType":"educational","__tile":"16/36238/22923","__layer":"rooms","__zoom":16,"__mvtId":318,"__building":"eszaki","__ringVerts":5,"id":318,"catalogFloorId":8},"geometry":{"type":"Polygon","coordinates":[[[19.061549462,47.474866622],[19.061557509,47.47489291],[19.061490454,47.474901975],[19.061482407,47.474875687],[19.061549462,47.474866622]]]}},{"type":"Feature","id":261,"properties":{"buildingId":2,"floorId":7,"roomNumber":"202","roomName":"202 (módszertan)","scope":"budapest/lagymanyos/eszaki/2/LK-2-202-01-14","roomCode":"LK-2-202-01-14","roomType":"educational","__tile":"16/36238/22923","__layer":"rooms","__zoom":16,"__mvtId":261,"__building":"eszaki","__ringVerts":5,"id":261,"catalogFloorId":7},"geometry":{"type":"Polygon","coordinates":[[[19.061594833,47.4746483],[19.061628361,47.474759797],[19.061561306,47.474768862],[19.061526437,47.474657365],[19.061594833,47.4746483]]]}},{"type":"Feature","id":314,"properties":{"buildingId":2,"floorId":8,"roomNumber":"305","roomName":"3.305 PHD Dolgozói","scope":"budapest/lagymanyos/eszaki/3/LK-3-305-01-13","roomCode":"LK-3-305-01-13","roomType":"educational","__tile":"16/36238/22923","__layer":"rooms","__zoom":16,"__mvtId":314,"__building":"eszaki","__ringVerts":5,"id":314,"catalogFloorId":8},"geometry":{"type":"Polygon","coordinates":[[[19.061601905,47.474696476],[19.061609952,47.474722764],[19.061542897,47.474731828],[19.06153485,47.474706447],[19.061601905,47.474696476]]]}},{"type":"Feature","id":372,"properties":{"buildingId":2,"floorId":9,"roomNumber":"405","roomName":"4.405 Labor","scope":"budapest/lagymanyos/eszaki/4/LK-4-405-01-14","roomCode":"LK-4-405-01-14","roomType":"educational","__tile":"16/36238/22923","__layer":"rooms","__zoom":16,"__mvtId":372,"__building":"eszaki","__ringVerts":5,"id":372,"catalogFloorId":9},"geometry":{"type":"Polygon","coordinates":[[[19.061568077,47.474784512],[19.06158417,47.474837994],[19.061518456,47.474847966],[19.061501021,47.474793577],[19.061568077,47.474784512]]]}},{"type":"Feature","id":418,"properties":{"buildingId":2,"floorId":10,"roomNumber":"503","roomName":"5.503 Labor","scope":"budapest/lagymanyos/eszaki/5/LK-5-503-01-14","roomCode":"LK-5-503-01-14","roomType":"educational","__tile":"16/36238/22923","__layer":"rooms","__zoom":16,"__mvtId":418,"__building":"eszaki","__ringVerts":5,"id":418,"catalogFloorId":10},"geometry":{"type":"Polygon","coordinates":[[[19.061611366,47.47466842],[19.061618072,47.474694708],[19.061551016,47.474703772],[19.06154297,47.474678391],[19.061611366,47.47466842]]]}},{"type":"Feature","id":419,"properties":{"buildingId":2,"floorId":10,"roomNumber":"504","roomName":"5.504 Labor","scope":"budapest/lagymanyos/eszaki/5/LK-5-504-01-14","roomCode":"LK-5-504-01-14","roomType":"educational","__tile":"16/36238/22923","__layer":"rooms","__zoom":16,"__mvtId":419,"__building":"eszaki","__ringVerts":5,"id":419,"catalogFloorId":10},"geometry":{"type":"Polygon","coordinates":[[[19.061586372,47.474701993],[19.061611853,47.474784483],[19.061544797,47.474793547],[19.061519316,47.474711964],[19.061586372,47.474701993]]]}},{"type":"Feature","id":464,"properties":{"buildingId":2,"floorId":11,"roomNumber":"603","roomName":"603-as labor","scope":"budapest/lagymanyos/eszaki/6/LK-6-603-01-14","roomCode":"LK-6-603-01-14","roomType":"educational","__tile":"16/36238/22923","__layer":"rooms","__zoom":16,"__mvtId":464,"__building":"eszaki","__ringVerts":5,"id":464,"catalogFloorId":11},"geometry":{"type":"Polygon","coordinates":[[[19.061569783,47.474732184],[19.061604651,47.474843681],[19.061537596,47.474852746],[19.061502727,47.474742155],[19.061569783,47.474732184]]]}},{"type":"Feature","id":475,"properties":{"buildingId":2,"floorId":11,"roomNumber":"618","roomName":"6.618 előkészítő","scope":"budapest/lagymanyos/eszaki/6/LK-6-618-01-14","roomCode":"LK-6-618-01-14","roomType":"educational","__tile":"16/36238/22923","__layer":"rooms","__zoom":16,"__mvtId":475,"__building":"eszaki","__ringVerts":5,"id":475,"catalogFloorId":11},"geometry":{"type":"Polygon","coordinates":[[[19.061678319,47.474855208],[19.061686366,47.47488059],[19.061619311,47.474890561],[19.061611264,47.474864273],[19.061678319,47.474855208]]]}},{"type":"Feature","id":1124,"properties":{"buildingId":2,"floorId":12,"roomNumber":"7.70","roomName":"7.70 Dolgozói","scope":"budapest/lagymanyos/eszaki/7/LÉ-7-70-02-33","roomCode":"LÉ-7-70-02-33","roomType":"administrative","__tile":"16/36238/22923","__layer":"rooms","__zoom":16,"__mvtId":1124,"__building":"eszaki","__ringVerts":5,"id":1124,"catalogFloorId":12},"geometry":{"type":"Polygon","coordinates":[[[19.061769237,47.474785161],[19.061786672,47.474844082],[19.061757167,47.474847708],[19.061738392,47.474789693],[19.061769237,47.474785161]]]}},{"type":"Feature","id":262,"properties":{"buildingId":2,"floorId":7,"roomNumber":"203","roomName":"2.203 előkészítő","scope":"budapest/lagymanyos/eszaki/2/LK-2-203-01-14","roomCode":"LK-2-203-01-14","roomType":"educational","__tile":"16/36238/22923","__layer":"rooms","__zoom":16,"__mvtId":262,"__building":"eszaki","__ringVerts":5,"id":262,"catalogFloorId":7},"geometry":{"type":"Polygon","coordinates":[[[19.061583034,47.47475321],[19.061591081,47.474779498],[19.061524026,47.474788563],[19.061515979,47.474762275],[19.061583034,47.47475321]]]}},{"type":"Feature","id":36753,"properties":{"buildingId":2,"floorId":5,"roomNumber":"026","roomName":"Szol-gél laboratórium","scope":"budapest/lagymanyos/eszaki/0/LK-0-026-01-14","roomCode":"LK-0-026-01-14","roomType":"educational","__tile":"16/36238/22923","__layer":"rooms","__zoom":16,"__mvtId":36753,"__building":"eszaki","__ringVerts":5,"id":36753,"catalogFloorId":5},"geometry":{"type":"Polygon","coordinates":[[[19.061674025,47.474858806],[19.061682072,47.474885094],[19.061615017,47.474894159],[19.06160697,47.474866965],[19.061674025,47.474858806]]]}},{"type":"Feature","id":36747,"properties":{"buildingId":2,"floorId":5,"roomNumber":"000/5","roomName":"Folyosó","scope":"budapest/lagymanyos/eszaki/0/LK-0-000-5-A-04-63","roomCode":"LK-0-000/5/A-04-63","roomType":"corridor","__tile":"16/36238/22923","__layer":"rooms","__zoom":16,"__mvtId":36747,"__building":"eszaki","__ringVerts":14,"id":36747,"catalogFloorId":5},"geometry":{"type":"Polygon","coordinates":[[[19.06172026,47.474751226],[19.061725624,47.474762104],[19.061737694,47.474760291],[19.061740376,47.474771169],[19.061728306,47.474772982],[19.061733671,47.474790205],[19.061745741,47.474789298],[19.061748423,47.474799269],[19.061736353,47.474801082],[19.06175647,47.474865443],[19.061729647,47.474869069],[19.061697461,47.474759384],[19.061697461,47.474753945],[19.06172026,47.474751226]]]}},{"type":"Feature","id":36930,"properties":{"buildingId":2,"floorId":6,"roomNumber":"128","roomName":"Labor","scope":"budapest/lagymanyos/eszaki/1/LK-1-128-01-14","roomCode":"LK-1-128-01-14","roomType":"educational","__tile":"16/36238/22923","__layer":"rooms","__zoom":16,"__mvtId":36930,"__building":"eszaki","__ringVerts":5,"id":36930,"catalogFloorId":6},"geometry":{"type":"Polygon","coordinates":[[[19.061674251,47.474858861],[19.061682298,47.474884242],[19.061615243,47.474893307],[19.061607196,47.474867019],[19.061674251,47.474858861]]]}},{"type":"Feature","id":36611,"properties":{"buildingId":2,"floorId":4,"roomNumber":"-100/5","roomName":"Folyosó","scope":"budapest/lagymanyos/eszaki/-1/LK--1-100-5-04-63","roomCode":"LK--1-100/5-04-63","roomType":"corridor","__tile":"16/36238/22923","__layer":"rooms","__zoom":16,"__mvtId":36611,"__building":"eszaki","__ringVerts":25,"id":36611,"catalogFloorId":4},"geometry":{"type":"Polygon","coordinates":[[[19.061735572,47.474605841],[19.061751666,47.474659324],[19.061743619,47.47466023],[19.061748983,47.47467836],[19.0617691,47.474715526],[19.061759712,47.474716432],[19.061761053,47.474719152],[19.061770441,47.474718245],[19.061786534,47.474771727],[19.061777146,47.474772634],[19.061786534,47.474774447],[19.061802627,47.474827929],[19.061644377,47.474848778],[19.061629625,47.474795296],[19.061636331,47.474794389],[19.061628284,47.474792576],[19.061612191,47.474740001],[19.061620237,47.474739094],[19.061612191,47.474737281],[19.061596097,47.474682892],[19.061602803,47.474680173],[19.061594756,47.474681079],[19.061578663,47.474626691],[19.06158671,47.474625784],[19.061735572,47.474605841]],[[19.061692657,47.474624878],[19.061628284,47.474633942],[19.061640354,47.474673828],[19.061632307,47.474675641],[19.061677905,47.474830649],[19.061759712,47.474819771],[19.061747642,47.474775353],[19.061738254,47.47477626],[19.061728867,47.474746346],[19.061736913,47.47474544],[19.061712773,47.474659324],[19.061703386,47.47466023],[19.061692657,47.474624878]]]}},{"type":"Feature","id":36741,"properties":{"buildingId":2,"floorId":5,"roomNumber":"00","roomName":"Lift előtér","scope":"budapest/lagymanyos/eszaki/0/LK-0-000-04-62","roomCode":"LK-0-000-04-62","roomType":"corridor","__tile":"16/36238/22923","__layer":"rooms","__zoom":16,"__mvtId":36741,"__building":"eszaki","__ringVerts":9,"id":36741,"catalogFloorId":5},"geometry":{"type":"Polygon","coordinates":[[[19.061711468,47.474709042],[19.061723538,47.474752553],[19.061715491,47.47475346],[19.061716833,47.474758899],[19.06165246,47.474767057],[19.061651118,47.474762524],[19.061643072,47.474763431],[19.061629661,47.47471992],[19.061711468,47.474709042]]]}},{"type":"Feature","id":36742,"properties":{"buildingId":2,"floorId":5,"roomNumber":"000/1","roomName":"Lépcsőház","scope":"budapest/lagymanyos/eszaki/0/LK-0-000-1-04-64","roomCode":"LK-0-000/1-04-64","roomType":"corridor","__tile":"16/36238/22923","__layer":"rooms","__zoom":16,"__mvtId":36742,"__building":"eszaki","__ringVerts":5,"id":36742,"catalogFloorId":5},"geometry":{"type":"Polygon","coordinates":[[[19.061683144,47.474771421],[19.061701919,47.474831249],[19.061642911,47.474839407],[19.061625477,47.474778673],[19.061683144,47.474771421]]]}},{"type":"Feature","id":36783,"properties":{"buildingId":2,"floorId":5,"roomNumber":"000/2/A","roomName":"KTCS folyosó csomópont","scope":"budapest/lagymanyos/eszaki/0/LK-0-000-2-A-04-62","roomCode":"LK-0-000/2/A-04-62","roomType":"corridor","__tile":"16/36238/22923","__layer":"rooms","__zoom":16,"__mvtId":36783,"__building":"eszaki","__ringVerts":6,"id":36783,"catalogFloorId":5},"geometry":{"type":"Polygon","coordinates":[[[19.061622393,47.474710419],[19.061637145,47.474762088],[19.061529857,47.474775686],[19.061515105,47.474724923],[19.061596912,47.474714045],[19.061622393,47.474710419]]]}},{"type":"Feature","id":36785,"properties":{"buildingId":2,"floorId":5,"roomNumber":"000/2/B","roomName":"Folyosó","scope":"budapest/lagymanyos/eszaki/0/LK-0-000-2-B-04-63","roomCode":"LK-0-000/2/B-04-63","roomType":"corridor","__tile":"16/36238/22923","__layer":"rooms","__zoom":16,"__mvtId":36785,"__building":"eszaki","__ringVerts":29,"id":36785,"catalogFloorId":5},"geometry":{"type":"Polygon","coordinates":[[[19.061652489,47.474595488],[19.061664559,47.474634467],[19.061675288,47.474632654],[19.061679312,47.474643531],[19.061668583,47.474644438],[19.061673947,47.474662567],[19.061683335,47.474660754],[19.061687358,47.474671632],[19.061676629,47.474672539],[19.061687358,47.474711517],[19.061661877,47.474715143],[19.061659195,47.474704265],[19.061647125,47.474706078],[19.061643102,47.474695201],[19.061655172,47.474694294],[19.061649807,47.474677071],[19.061639078,47.474677978],[19.061635055,47.474668006],[19.061647125,47.474666193],[19.061641761,47.474648064],[19.061629691,47.474649877],[19.061627008,47.474638999],[19.061639078,47.474637186],[19.061633714,47.474620869],[19.061621644,47.474621776],[19.061618962,47.474611805],[19.061631032,47.474609992],[19.061627008,47.474599114],[19.061652489,47.474595488]]]}},{"type":"Feature","id":36923,"properties":{"buildingId":2,"floorId":6,"roomNumber":"-","roomName":"Folyosó","scope":"budapest/lagymanyos/eszaki/1/LK-1-100-2-04-63","roomCode":"LK-1-100/2-04-63","roomType":"corridor","__tile":"16/36238/22923","__layer":"rooms","__zoom":16,"__mvtId":36923,"__building":"eszaki","__ringVerts":33,"id":36923,"catalogFloorId":6},"geometry":{"type":"Polygon","coordinates":[[[19.061649984,47.474588849],[19.061660713,47.474628734],[19.061671442,47.474626921],[19.061675465,47.474636892],[19.061664736,47.474638705],[19.061670101,47.474656835],[19.061679488,47.474655022],[19.061683512,47.474664993],[19.061672783,47.474666806],[19.061678147,47.474684936],[19.061690217,47.474683123],[19.061692899,47.474693094],[19.061680829,47.474694907],[19.061683512,47.474704878],[19.06165669,47.474708504],[19.061654007,47.474698533],[19.061641937,47.474699439],[19.061639255,47.474688562],[19.061651325,47.474687655],[19.061645961,47.474670432],[19.061633891,47.474672245],[19.061631209,47.474661367],[19.061643279,47.474660461],[19.061637914,47.474642331],[19.061625844,47.474643238],[19.061623162,47.47463236],[19.061633891,47.474631454],[19.061629868,47.47461423],[19.061617798,47.474616043],[19.061615115,47.474605166],[19.061627185,47.474604259],[19.061623162,47.474592475],[19.061649984,47.474588849]]]}},{"type":"Feature","id":36924,"properties":{"buildingId":2,"floorId":6,"roomNumber":"-","roomName":"Folyosó","scope":"budapest/lagymanyos/eszaki/1/LK-1-100-2-A-04-63","roomCode":"LK-1-100/2/A-04-63","roomType":"corridor","__tile":"16/36238/22923","__layer":"rooms","__zoom":16,"__mvtId":36924,"__building":"eszaki","__ringVerts":5,"id":36924,"catalogFloorId":6},"geometry":{"type":"Polygon","coordinates":[[[19.061623878,47.474706808],[19.061639972,47.474757571],[19.061531342,47.474772074],[19.06151659,47.474720405],[19.061623878,47.474706808]]]}},{"type":"Feature","id":36925,"properties":{"buildingId":2,"floorId":6,"roomNumber":"-","roomName":"Lépcső és lift előtér","scope":"budapest/lagymanyos/eszaki/1/LK-1-100-04-62","roomCode":"LK-1-100-04-62","roomType":"corridor","__tile":"16/36238/22923","__layer":"rooms","__zoom":16,"__mvtId":36925,"__building":"eszaki","__ringVerts":10,"id":36925,"catalogFloorId":6},"geometry":{"type":"Polygon","coordinates":[[[19.061715577,47.474711343],[19.061727647,47.474753947],[19.061719601,47.47475576],[19.061720942,47.474760293],[19.061656569,47.474769357],[19.061655228,47.474763918],[19.06164584,47.474765731],[19.06163377,47.47472222],[19.061644499,47.474720407],[19.061715577,47.474711343]]]}},{"type":"Feature","id":36927,"properties":{"buildingId":2,"floorId":6,"roomNumber":"129","roomName":"Labor","scope":"budapest/lagymanyos/eszaki/1/LK-1-129-01-14","roomCode":"LK-1-129-01-14","roomType":"educational","__tile":"16/36238/22923","__layer":"rooms","__zoom":16,"__mvtId":36927,"__building":"eszaki","__ringVerts":5,"id":36927,"catalogFloorId":6},"geometry":{"type":"Polygon","coordinates":[[[19.061682606,47.474831017],[19.061690653,47.474857305],[19.061623598,47.474865464],[19.061615551,47.474839176],[19.061682606,47.474831017]]]}},{"type":"Feature","id":36928,"properties":{"buildingId":2,"floorId":6,"roomNumber":"105","roomName":"Labor","scope":"budapest/lagymanyos/eszaki/1/LK-1-105-01-14","roomCode":"LK-1-105-01-14","roomType":"educational","__tile":"16/36238/22923","__layer":"rooms","__zoom":16,"__mvtId":36928,"__building":"eszaki","__ringVerts":5,"id":36928,"catalogFloorId":6},"geometry":{"type":"Polygon","coordinates":[[[19.061561884,47.47481379],[19.061569931,47.474840985],[19.061502876,47.47485005],[19.061494829,47.474822855],[19.061561884,47.47481379]]]}},{"type":"Feature","id":37062,"properties":{"buildingId":2,"floorId":6,"roomNumber":"100/1","roomName":"Lépcsőház","scope":"budapest/lagymanyos/eszaki/1/LK-1-100-1-04-64","roomCode":"LK-1-100/1-04-64","roomType":"corridor","__tile":"16/36238/22923","__layer":"rooms","__zoom":16,"__mvtId":37062,"__building":"eszaki","__ringVerts":5,"id":37062,"catalogFloorId":6},"geometry":{"type":"Polygon","coordinates":[[[19.061683237,47.474770286],[19.061702012,47.47483102],[19.061643004,47.474838272],[19.06162557,47.474777537],[19.061683237,47.474770286]],[[19.061665803,47.474787509],[19.061651051,47.474789322],[19.061657756,47.47481289],[19.061672508,47.474811077],[19.061665803,47.474787509]]]}},{"type":"Feature","id":337,"properties":{"buildingId":2,"floorId":8,"roomNumber":"329","roomName":"3.329 Preparatív labor","scope":"budapest/lagymanyos/eszaki/3/LK-3-329-01-14","roomCode":"LK-3-329-01-14","roomType":"educational","__tile":"16/36238/22923","__layer":"rooms","__zoom":16,"__mvtId":337,"__building":"eszaki","__ringVerts":5,"id":337,"catalogFloorId":8},"geometry":{"type":"Polygon","coordinates":[[[19.061669278,47.474882833],[19.061677325,47.474909121],[19.061611611,47.474918186],[19.061603564,47.474891898],[19.061669278,47.474882833]]]}},{"type":"Feature","id":445,"properties":{"buildingId":2,"floorId":10,"roomNumber":"533","roomName":"5.533 Kutató labor","scope":"budapest/lagymanyos/eszaki/5/LK-5-533-01-14","roomCode":"LK-5-533-01-14","roomType":"educational","__tile":"17/72476/45847","__layer":"rooms","__zoom":17,"__mvtId":445,"__building":"eszaki","__ringVerts":5,"id":445,"catalogFloorId":10},"geometry":{"type":"Polygon","coordinates":[[[19.061772176,47.47451367],[19.061780222,47.474539959],[19.061712497,47.474549024],[19.06170445,47.474523188],[19.061772176,47.47451367]]]}},{"type":"Feature","id":36446,"properties":{"buildingId":2,"floorId":4,"roomNumber":"P.64/A B1 (-1.23)","roomName":"Előkészítő","scope":"budapest/lagymanyos/eszaki/-1/LÉ--1-123-01-15","roomCode":"LÉ--1-123-01-15","roomType":"educational","__tile":"17/72476/45847","__layer":"rooms","__zoom":17,"__mvtId":36446,"__building":"eszaki","__ringVerts":5,"id":36446,"catalogFloorId":4},"geometry":{"type":"Polygon","coordinates":[[[19.061779858,47.474459832],[19.061786564,47.474482495],[19.061714815,47.474492466],[19.061708109,47.47446935],[19.061779858,47.474459832]]]}},{"type":"Feature","id":484,"properties":{"buildingId":2,"floorId":11,"roomNumber":"630","roomName":"6.630 labor","scope":"budapest/lagymanyos/eszaki/6/LK-6-630-01-14","roomCode":"LK-6-630-01-14","roomType":"educational","__tile":"17/72476/45847","__layer":"rooms","__zoom":17,"__mvtId":484,"__building":"eszaki","__ringVerts":5,"id":484,"catalogFloorId":11},"geometry":{"type":"Polygon","coordinates":[[[19.061772181,47.47451366],[19.061780227,47.474539949],[19.061712502,47.474549014],[19.061704455,47.474523178],[19.061772181,47.47451366]]]}},{"type":"Feature","id":351,"properties":{"buildingId":2,"floorId":8,"roomNumber":"346","roomName":"3.346 Tömegspektrometria labor","scope":"budapest/lagymanyos/eszaki/3/LK-3-346-01-14","roomCode":"LK-3-346-01-14","roomType":"educational","__tile":"16/36238/22923","__layer":"rooms","__zoom":16,"__mvtId":351,"__building":"eszaki","__ringVerts":5,"id":351,"catalogFloorId":8},"geometry":{"type":"Polygon","coordinates":[[[19.061754616,47.474570696],[19.061762662,47.474596984],[19.061695607,47.474606955],[19.061686219,47.47457976],[19.061754616,47.474570696]]]}},{"type":"Feature","id":483,"properties":{"buildingId":2,"floorId":11,"roomNumber":"629","roomName":"6.629 Labor","scope":"budapest/lagymanyos/eszaki/6/LK-6-629-01-14","roomCode":"LK-6-629-01-14","roomType":"educational","__tile":"17/72476/45847","__layer":"rooms","__zoom":17,"__mvtId":483,"__building":"eszaki","__ringVerts":5,"id":483,"catalogFloorId":11},"geometry":{"type":"Polygon","coordinates":[[[19.061780411,47.474486364],[19.061788458,47.4745122],[19.061721403,47.474521718],[19.061713356,47.474495429],[19.061780411,47.474486364]]]}},{"type":"Feature","id":36959,"properties":{"buildingId":2,"floorId":6,"roomNumber":"139","roomName":"Labor","scope":"budapest/lagymanyos/eszaki/1/LK-1-139-01-14","roomCode":"LK-1-139-01-14","roomType":"educational","__tile":"17/72476/45847","__layer":"rooms","__zoom":17,"__mvtId":36959,"__building":"eszaki","__ringVerts":5,"id":36959,"catalogFloorId":6},"geometry":{"type":"Polygon","coordinates":[[[19.061771648,47.474492495],[19.061779694,47.474518784],[19.061711968,47.474527849],[19.061704592,47.474501561],[19.061771648,47.474492495]]]}},{"type":"Feature","id":36687,"properties":{"buildingId":2,"floorId":5,"roomNumber":"F.101 F1 - (0.90)","roomName":"Demonstrációs terem","scope":"budapest/lagymanyos/eszaki/0/LÉ-0-090-01-18","roomCode":"LÉ-0-090-01-18","roomType":"educational","__tile":"17/72476/45847","__layer":"rooms","__zoom":17,"__mvtId":36687,"__building":"eszaki","__ringVerts":14,"id":36687,"catalogFloorId":5},"geometry":{"type":"Polygon","coordinates":[[[19.061654799,47.474273909],[19.061670892,47.474329205],[19.061577015,47.474341897],[19.061575674,47.47433827],[19.061572321,47.474338724],[19.061573662,47.47434235],[19.061568968,47.47434371],[19.061539464,47.474347789],[19.061537452,47.474340083],[19.061531417,47.47434099],[19.061518006,47.474295211],[19.061560921,47.474289319],[19.061560251,47.474286146],[19.061654799,47.474273909]]]}},{"type":"Feature","id":36688,"properties":{"buildingId":2,"floorId":5,"roomNumber":"F-K.14","roomName":"Folyosó","scope":"budapest/lagymanyos/eszaki/0/LÉ-0-K14-04-63","roomCode":"LÉ-0-K14-04-63","roomType":"corridor","__tile":"17/72476/45847","__layer":"rooms","__zoom":17,"__mvtId":36688,"__building":"eszaki","__ringVerts":20,"id":36688,"catalogFloorId":5},"geometry":{"type":"Polygon","coordinates":[[[19.061740696,47.474331425],[19.06174539,47.474332332],[19.061760142,47.474383549],[19.06175679,47.474386269],[19.061674312,47.474397147],[19.061673641,47.474395334],[19.061569035,47.474408931],[19.061567694,47.474406665],[19.061567023,47.474409385],[19.061559647,47.474408025],[19.061560318,47.474411198],[19.061554953,47.474412104],[19.061555624,47.474413917],[19.061518744,47.474418903],[19.06150265,47.474364512],[19.061539531,47.474359073],[19.061544895,47.47435862],[19.061548918,47.474361793],[19.061548918,47.474356354],[19.061740696,47.474331425]],[[19.061658889,47.474394427],[19.061656877,47.474395787],[19.06165956,47.474396693],[19.061660901,47.474395334],[19.061658889,47.474394427]],[[19.061695769,47.474389895],[19.061693758,47.474392161],[19.06169644,47.474393521],[19.061698452,47.474391254],[19.061695769,47.474389895]],[[19.061729297,47.474384909],[19.061727285,47.474387175],[19.061730638,47.474388535],[19.06173265,47.474386269],[19.061729297,47.474384909]],[[19.061750084,47.474381736],[19.061748072,47.474383549],[19.061750755,47.474384909],[19.061752766,47.474383096],[19.061750084,47.474381736]],[[19.061736003,47.474333691],[19.061733991,47.474335504],[19.061736673,47.474336411],[19.061738685,47.474334598],[19.061736003,47.474333691]],[[19.061552942,47.47435862],[19.061551601,47.47435998],[19.061553612,47.47436134],[19.061555624,47.474359527],[19.061552942,47.47435862]],[[19.061644137,47.474345929],[19.061642796,47.474347742],[19.061644807,47.474348649],[19.061646819,47.474347289],[19.061644137,47.474345929]]]}},{"type":"Feature","id":36816,"properties":{"buildingId":2,"floorId":5,"roomNumber":"038","roomName":"NMR laboratórium","scope":"budapest/lagymanyos/eszaki/0/LK-0-038-01-14","roomCode":"LK-0-038-01-14","roomType":"educational","__tile":"17/72476/45847","__layer":"rooms","__zoom":17,"__mvtId":36816,"__building":"eszaki","__ringVerts":6,"id":36816,"catalogFloorId":5},"geometry":{"type":"Polygon","coordinates":[[[19.061709702,47.474506667],[19.061747923,47.474501228],[19.061778098,47.474501228],[19.06179285,47.474551086],[19.061725125,47.474559698],[19.061709702,47.474506667]]]}},{"type":"Feature","id":36889,"properties":{"buildingId":2,"floorId":6,"roomNumber":"-","roomName":"Folyosó","scope":"budapest/lagymanyos/eszaki/1/LÉ-1-K14-04-63","roomCode":"LÉ-1-K14-04-63","roomType":"corridor","__tile":"17/72476/45847","__layer":"rooms","__zoom":17,"__mvtId":36889,"__building":"eszaki","__ringVerts":11,"id":36889,"catalogFloorId":6},"geometry":{"type":"Polygon","coordinates":[[[19.061701409,47.474334659],[19.061719514,47.474386783],[19.061710796,47.474390409],[19.061635024,47.474400834],[19.061626307,47.474399021],[19.06161826,47.474399927],[19.061612225,47.474400834],[19.061612896,47.474404007],[19.061523042,47.474415338],[19.061506948,47.474361401],[19.061701409,47.474334659]],[[19.061526394,47.474409899],[19.061524383,47.474411712],[19.061527065,47.474412619],[19.061528406,47.474411259],[19.061526394,47.474409899]],[[19.06161759,47.474397661],[19.061616248,47.474399021],[19.06161826,47.474399927],[19.061620272,47.474398568],[19.06161759,47.474397661]],[[19.061708785,47.474385423],[19.061707444,47.474386783],[19.061709455,47.474388143],[19.061711467,47.47438633],[19.061708785,47.474385423]],[[19.061512313,47.474361854],[19.061510972,47.474363214],[19.061512983,47.474364574],[19.061514995,47.474362761],[19.061512313,47.474361854]],[[19.061603508,47.474349616],[19.061602167,47.474350976],[19.061604179,47.474351883],[19.06160619,47.474350523],[19.061603508,47.474349616]],[[19.061695374,47.474337378],[19.061693362,47.474338738],[19.061696044,47.474340098],[19.061697385,47.474338285],[19.061695374,47.474337378]]]}},{"type":"Feature","id":36891,"properties":{"buildingId":2,"floorId":6,"roomNumber":"1.81","roomName":"TTK Tanulmányi Hivatal","scope":"budapest/lagymanyos/eszaki/1/LÉ-1-81-02-33","roomCode":"LÉ-1-81-02-33","roomType":"administrative","__tile":"17/72476/45847","__layer":"rooms","__zoom":17,"__mvtId":36891,"__building":"eszaki","__ringVerts":7,"id":36891,"catalogFloorId":6},"geometry":{"type":"Polygon","coordinates":[[[19.061635344,47.474299637],[19.061636014,47.474303263],[19.061640038,47.474302356],[19.061646743,47.474324566],[19.0615703,47.474334991],[19.061562924,47.474309155],[19.061635344,47.474299637]]]}},{"type":"Feature","id":444,"properties":{"buildingId":2,"floorId":10,"roomNumber":"532","roomName":"5.532 Kutató labor","scope":"budapest/lagymanyos/eszaki/5/LK-5-532-01-14","roomCode":"LK-5-532-01-14","roomType":"educational","__tile":"17/72476/45847","__layer":"rooms","__zoom":17,"__mvtId":444,"__building":"eszaki","__ringVerts":5,"id":444,"catalogFloorId":10},"geometry":{"type":"Polygon","coordinates":[[[19.061780409,47.474486364],[19.061788456,47.4745122],[19.061721401,47.474521718],[19.061713354,47.474495429],[19.061780409,47.474486364]]]}},{"type":"Feature","id":37059,"properties":{"buildingId":2,"floorId":6,"roomNumber":"-","roomName":"Férfi WC","scope":"budapest/lagymanyos/eszaki/1/LK-1-130-A-05-71","roomCode":"LK-1-130/A-05-71","roomType":"social","__tile":"16/36238/22923","__layer":"rooms","__zoom":16,"__mvtId":37059,"__building":"eszaki","__ringVerts":8,"id":37059,"catalogFloorId":6},"geometry":{"type":"Polygon","coordinates":[[[19.061734404,47.474662677],[19.061742451,47.474693497],[19.061706241,47.474698936],[19.061703559,47.474688058],[19.061690148,47.474680806],[19.061678078,47.474681713],[19.061675396,47.474670835],[19.061734404,47.474662677]]]}},{"type":"Feature","id":37061,"properties":{"buildingId":2,"floorId":6,"roomNumber":"-","roomName":"Női mosdó","scope":"budapest/lagymanyos/eszaki/1/LK-1-131-05-71","roomCode":"LK-1-131-05-71","roomType":"social","__tile":"16/36238/22923","__layer":"rooms","__zoom":16,"__mvtId":37061,"__building":"eszaki","__ringVerts":5,"id":37061,"catalogFloorId":6},"geometry":{"type":"Polygon","coordinates":[[[19.061697684,47.474632866],[19.061705731,47.474659154],[19.061685614,47.474661873],[19.061677567,47.474635586],[19.061697684,47.474632866]]]}},{"type":"Feature","id":311,"properties":{"buildingId":2,"floorId":8,"roomNumber":"302","roomName":"3.302 Oktató","scope":"budapest/lagymanyos/eszaki/3/LK-3-302-01-13","roomCode":"LK-3-302-01-13","roomType":"educational","__tile":"16/36238/22923","__layer":"rooms","__zoom":16,"__mvtId":311,"__building":"eszaki","__ringVerts":5,"id":311,"catalogFloorId":8},"geometry":{"type":"Polygon","coordinates":[[[19.061627764,47.474613028],[19.061635811,47.47463841],[19.061568756,47.474648381],[19.061560709,47.474622093],[19.061627764,47.474613028]]]}},{"type":"Feature","id":312,"properties":{"buildingId":2,"floorId":8,"roomNumber":"303","roomName":"3.303 PHD dolgozói szoba","scope":"budapest/lagymanyos/eszaki/3/LK-3-303-01-13","roomCode":"LK-3-303-01-13","roomType":"educational","__tile":"16/36238/22923","__layer":"rooms","__zoom":16,"__mvtId":312,"__building":"eszaki","__ringVerts":5,"id":312,"catalogFloorId":8},"geometry":{"type":"Polygon","coordinates":[[[19.061619304,47.474639905],[19.061627351,47.474666193],[19.061560296,47.474676164],[19.061552249,47.474649877],[19.061619304,47.474639905]]]}},{"type":"Feature","id":368,"properties":{"buildingId":2,"floorId":9,"roomNumber":"401","roomName":"4.401 Labor","scope":"budapest/lagymanyos/eszaki/4/LK-4-401-01-14","roomCode":"LK-4-401-01-14","roomType":"educational","__tile":"16/36238/22923","__layer":"rooms","__zoom":16,"__mvtId":368,"__building":"eszaki","__ringVerts":5,"id":368,"catalogFloorId":9},"geometry":{"type":"Polygon","coordinates":[[[19.061629146,47.474586597],[19.06164658,47.474642798],[19.061578184,47.474648237],[19.06156209,47.474595661],[19.061629146,47.474586597]]]}},{"type":"Feature","id":416,"properties":{"buildingId":2,"floorId":10,"roomNumber":"501","roomName":"5.501 Labor","scope":"budapest/lagymanyos/eszaki/5/LK-5-501-01-14","roomCode":"LK-5-501-01-14","roomType":"educational","__tile":"16/36238/22923","__layer":"rooms","__zoom":16,"__mvtId":416,"__building":"eszaki","__ringVerts":5,"id":416,"catalogFloorId":10},"geometry":{"type":"Polygon","coordinates":[[[19.061637471,47.474583378],[19.061645517,47.474612385],[19.061577121,47.474617824],[19.061570415,47.474593349],[19.061637471,47.474583378]]]}},{"type":"Feature","id":37060,"properties":{"buildingId":2,"floorId":6,"roomNumber":"-","roomName":"Női WC","scope":"budapest/lagymanyos/eszaki/1/LK-1-131-A-05-71","roomCode":"LK-1-131/A-05-71","roomType":"social","__tile":"16/36238/22923","__layer":"rooms","__zoom":16,"__mvtId":37060,"__building":"eszaki","__ringVerts":5,"id":37060,"catalogFloorId":6},"geometry":{"type":"Polygon","coordinates":[[[19.061734956,47.474635384],[19.061743002,47.474663485],[19.061705451,47.474668018],[19.061697405,47.474640823],[19.061734956,47.474635384]]]}},{"type":"Feature","id":36794,"properties":{"buildingId":2,"floorId":5,"roomNumber":"028/A","roomName":"Férfi WC","scope":"budapest/lagymanyos/eszaki/0/LK-0-028-A-05-71","roomCode":"LK-0-028/A-05-71","roomType":"social","__tile":"16/36238/22923","__layer":"rooms","__zoom":16,"__mvtId":36794,"__building":"eszaki","__ringVerts":7,"id":36794,"catalogFloorId":5},"geometry":{"type":"Polygon","coordinates":[[[19.06173168,47.47466366],[19.061741067,47.474694481],[19.061703517,47.474699013],[19.061699493,47.474687229],[19.061675353,47.474682696],[19.061672671,47.474670912],[19.06173168,47.47466366]]]}},{"type":"Feature","id":36795,"properties":{"buildingId":2,"floorId":5,"roomNumber":"028","roomName":"Férfi mosdó","scope":"budapest/lagymanyos/eszaki/0/LK-0-028-05-71","roomCode":"LK-0-028-05-71","roomType":"social","__tile":"16/36238/22923","__layer":"rooms","__zoom":16,"__mvtId":36795,"__building":"eszaki","__ringVerts":5,"id":36795,"catalogFloorId":5},"geometry":{"type":"Polygon","coordinates":[[[19.061674837,47.474659992],[19.061696294,47.474664524],[19.061698976,47.474676309],[19.061680201,47.474679028],[19.061674837,47.474659992]]]}},{"type":"Feature","id":36796,"properties":{"buildingId":2,"floorId":5,"roomNumber":"029","roomName":"Női mosdó","scope":"budapest/lagymanyos/eszaki/0/LK-0-029-05-71","roomCode":"LK-0-029-05-71","roomType":"social","__tile":"16/36238/22923","__layer":"rooms","__zoom":16,"__mvtId":36796,"__building":"eszaki","__ringVerts":5,"id":36796,"catalogFloorId":5},"geometry":{"type":"Polygon","coordinates":[[[19.061697481,47.47463304],[19.061705528,47.474660235],[19.061685411,47.474662954],[19.061677364,47.47463576],[19.061697481,47.47463304]]]}},{"type":"Feature","id":36797,"properties":{"buildingId":2,"floorId":5,"roomNumber":"029/A","roomName":"Női WC","scope":"budapest/lagymanyos/eszaki/0/LK-0-029-A-05-71","roomCode":"LK-0-029/A-05-71","roomType":"social","__tile":"16/36238/22923","__layer":"rooms","__zoom":16,"__mvtId":36797,"__building":"eszaki","__ringVerts":5,"id":36797,"catalogFloorId":5},"geometry":{"type":"Polygon","coordinates":[[[19.061735038,47.474636333],[19.061743084,47.474663527],[19.061705533,47.47466806],[19.061697487,47.474641772],[19.061735038,47.474636333]]]}},{"type":"Feature","id":36921,"properties":{"buildingId":2,"floorId":6,"roomNumber":"102","roomName":"Labor","scope":"budapest/lagymanyos/eszaki/1/LK-1-102-01-14","roomCode":"LK-1-102-01-14","roomType":"educational","__tile":"16/36238/22923","__layer":"rooms","__zoom":16,"__mvtId":36921,"__building":"eszaki","__ringVerts":5,"id":36921,"catalogFloorId":6},"geometry":{"type":"Polygon","coordinates":[[[19.061620699,47.474617099],[19.061628746,47.474644294],[19.061561691,47.474653358],[19.061553644,47.474626164],[19.061620699,47.474617099]]]}},{"type":"Feature","id":36922,"properties":{"buildingId":2,"floorId":6,"roomNumber":"101","roomName":"Labor","scope":"budapest/lagymanyos/eszaki/1/LK-1-101-01-14","roomCode":"LK-1-101-01-14","roomType":"educational","__tile":"16/36238/22923","__layer":"rooms","__zoom":16,"__mvtId":36922,"__building":"eszaki","__ringVerts":5,"id":36922,"catalogFloorId":6},"geometry":{"type":"Polygon","coordinates":[[[19.061629479,47.474588199],[19.061637526,47.474617206],[19.061570471,47.474623552],[19.061562424,47.474597264],[19.061629479,47.474588199]]]}},{"type":"Feature","id":53,"properties":{"buildingId":2,"floorId":10,"roomNumber":"5.128","roomName":"5.128 Média szoba","scope":"budapest/lagymanyos/eszaki/5/LÉ-5-128-01-12","roomCode":"LÉ-5-128-01-12","roomType":"educational","__tile":"17/72476/45847","__layer":"rooms","__zoom":17,"__mvtId":53,"__building":"eszaki","__ringVerts":11,"id":53,"catalogFloorId":10},"geometry":{"type":"Polygon","coordinates":[[[19.062482316,47.474511048],[19.062492374,47.474535977],[19.062417273,47.474546402],[19.06241459,47.474544136],[19.062415261,47.474546855],[19.062406544,47.474547762],[19.062404532,47.474538697],[19.06241459,47.474537337],[19.062408555,47.4745183],[19.062458847,47.474511048],[19.062482316,47.474511048]]]}},{"type":"Feature","id":37002,"properties":{"buildingId":2,"floorId":6,"roomNumber":"1.126","roomName":"Iroda","scope":"budapest/lagymanyos/eszaki/1/LÉ-1-126-02-33","roomCode":"LÉ-1-126-02-33","roomType":"administrative","__tile":"17/72476/45847","__layer":"rooms","__zoom":17,"__mvtId":37002,"__building":"eszaki","__ringVerts":5,"id":37002,"catalogFloorId":6},"geometry":{"type":"Polygon","coordinates":[[[19.062483317,47.474440065],[19.062491364,47.474467261],[19.062418944,47.474477232],[19.062410898,47.474450037],[19.062483317,47.474440065]]]}},{"type":"Feature","id":753,"properties":{"buildingId":2,"floorId":8,"roomNumber":"3.131","roomName":"3.131 Kőrös könyvtár","scope":"budapest/lagymanyos/eszaki/3/LÉ-3-131-03-43","roomCode":"LÉ-3-131-03-43","roomType":"misc","__tile":"17/72476/45847","__layer":"rooms","__zoom":17,"__mvtId":753,"__building":"eszaki","__ringVerts":6,"id":753,"catalogFloorId":8},"geometry":{"type":"Polygon","coordinates":[[[19.062464381,47.474521585],[19.062472428,47.474546514],[19.062397326,47.474556939],[19.062388609,47.474527931],[19.06243823,47.474521585],[19.062464381,47.474521585]]]}},{"type":"Feature","id":877,"properties":{"buildingId":2,"floorId":9,"roomNumber":"4-K5","roomName":"4.K5 Közlekedő Keleti lift előtt","scope":"budapest/lagymanyos/eszaki/4/LÉ-4-K5-04-63","roomCode":"LÉ-4-K5-04-63","roomType":"corridor","__tile":"17/72476/45847","__layer":"rooms","__zoom":17,"__mvtId":877,"__building":"eszaki","__ringVerts":19,"id":877,"catalogFloorId":9},"geometry":{"type":"Polygon","coordinates":[[[19.062374454,47.474406669],[19.062379148,47.474422533],[19.062389206,47.474421173],[19.062391889,47.474431598],[19.06238183,47.474432958],[19.062404629,47.474506838],[19.062414687,47.474505478],[19.06241804,47.474515903],[19.062407982,47.474517716],[19.062420722,47.474559869],[19.062389877,47.474564401],[19.062387865,47.474559416],[19.062388536,47.474564401],[19.062375795,47.474517716],[19.06235702,47.474520436],[19.062330868,47.474433864],[19.062348973,47.474431145],[19.062340927,47.474406669],[19.062374454,47.474406669]]]}},{"type":"Feature","id":1169,"properties":{"buildingId":2,"floorId":13,"roomNumber":"8-K.3-12","roomName":"8.K3-12 Közlekedő (Keleti liftgépházhoz jobb oldal)","scope":"budapest/lagymanyos/eszaki/8/LÉ-8-K3-12-04-63","roomCode":"LÉ-8-K3-12-04-63","roomType":"corridor","__tile":"17/72476/45847","__layer":"rooms","__zoom":17,"__mvtId":1169,"__building":"eszaki","__ringVerts":14,"id":1169,"catalogFloorId":13},"geometry":{"type":"Polygon","coordinates":[[[19.062389187,47.47444478],[19.06242875,47.474573051],[19.062425397,47.474574864],[19.062397234,47.474577584],[19.062385835,47.474540417],[19.06239187,47.47453951],[19.062375106,47.474484213],[19.062369071,47.47448512],[19.062363706,47.474467896],[19.062354989,47.474469709],[19.062352978,47.474462457],[19.062361695,47.474461551],[19.06235633,47.47444478],[19.062389187,47.47444478]]]}},{"type":"Feature","id":1013,"properties":{"buildingId":2,"floorId":11,"roomNumber":"6.122","roomName":"6.122 D12 labor","scope":"budapest/lagymanyos/eszaki/6/LÉ-6-122-01-14","roomCode":"LÉ-6-122-01-14","roomType":"educational","__tile":"16/36238/22923","__layer":"rooms","__zoom":16,"__mvtId":1013,"__building":"eszaki","__ringVerts":9,"id":1013,"catalogFloorId":11},"geometry":{"type":"Polygon","coordinates":[[[19.062474135,47.474542362],[19.062482181,47.47456865],[19.062413785,47.474580434],[19.062404397,47.474572276],[19.06239501,47.474573182],[19.062390986,47.474560492],[19.062400374,47.474559585],[19.062399033,47.47455324],[19.062474135,47.474542362]]]}},{"type":"Feature","id":37003,"properties":{"buildingId":2,"floorId":6,"roomNumber":"1.127","roomName":"TTK Dékáni Tiktárság","scope":"budapest/lagymanyos/eszaki/1/LÉ-1-127-02-33","roomCode":"LÉ-1-127-02-33","roomType":"administrative","__tile":"17/72476/45847","__layer":"rooms","__zoom":17,"__mvtId":37003,"__building":"eszaki","__ringVerts":5,"id":37003,"catalogFloorId":6},"geometry":{"type":"Polygon","coordinates":[[[19.062491898,47.474408619],[19.062501286,47.47443944],[19.062428195,47.474449412],[19.062419478,47.47441859],[19.062491898,47.474408619]]]}},{"type":"Feature","id":36555,"properties":{"buildingId":2,"floorId":4,"roomNumber":"P.26 TÉR (-1.106)","roomName":"Nyomdai előkészítő","scope":"budapest/lagymanyos/eszaki/-1/LÉ--1-106-02-35","roomCode":"LÉ--1-106-02-35","roomType":"administrative","__tile":"17/72476/45847","__layer":"rooms","__zoom":17,"__mvtId":36555,"__building":"eszaki","__ringVerts":9,"id":36555,"catalogFloorId":4},"geometry":{"type":"Polygon","coordinates":[[[19.062411293,47.47453836],[19.062409952,47.474535641],[19.062485724,47.474535641],[19.062491759,47.474555584],[19.062416657,47.474566915],[19.062415987,47.474564649],[19.062407269,47.474565555],[19.062399223,47.47453972],[19.062411293,47.47453836]]]}},{"type":"Feature","id":37050,"properties":{"buildingId":2,"floorId":6,"roomNumber":"-","roomName":"Női mosdó","scope":"budapest/lagymanyos/eszaki/1/LÉ-1-105-05-71","roomCode":"LÉ-1-105-05-71","roomType":"social","__tile":"16/36238/22923","__layer":"rooms","__zoom":16,"__mvtId":37050,"__building":"eszaki","__ringVerts":5,"id":37050,"catalogFloorId":6},"geometry":{"type":"Polygon","coordinates":[[[19.062336823,47.474545133],[19.062343528,47.474566889],[19.062316706,47.474570515],[19.062310001,47.474548759],[19.062336823,47.474545133]]]}},{"type":"Feature","id":703,"properties":{"buildingId":2,"floorId":7,"roomNumber":"2-K5","roomName":"2.K5 Előtér Keleti lift előtt","scope":"budapest/lagymanyos/eszaki/2/LÉ-2-K5-04-63","roomCode":"LÉ-2-K5-04-63","roomType":"corridor","__tile":"17/72476/45847","__layer":"rooms","__zoom":17,"__mvtId":703,"__building":"eszaki","__ringVerts":54,"id":703,"catalogFloorId":7},"geometry":{"type":"Polygon","coordinates":[[[19.062383221,47.474402018],[19.062387915,47.474416069],[19.062378527,47.474418335],[19.062389927,47.474416522],[19.062393279,47.4744274],[19.06238188,47.47442876],[19.06238255,47.474431479],[19.062391938,47.47442876],[19.062392609,47.474430573],[19.06239462,47.474437825],[19.062393279,47.474435105],[19.062383892,47.474436465],[19.062401996,47.474495388],[19.062410714,47.474494028],[19.062411384,47.474491309],[19.062414066,47.474500374],[19.062403338,47.474500374],[19.062404008,47.47450264],[19.062415408,47.47450128],[19.06241876,47.474511705],[19.062407361,47.474513065],[19.06241809,47.474513065],[19.062422784,47.474528476],[19.062412725,47.474529835],[19.062412725,47.474530742],[19.062422784,47.474529382],[19.062426807,47.474542073],[19.062416749,47.474543433],[19.062416749,47.474544793],[19.062426807,47.474543433],[19.06243016,47.474554311],[19.062421442,47.474555671],[19.062379198,47.474561563],[19.062377857,47.474557031],[19.062387244,47.474554764],[19.062375174,47.474513518],[19.062356399,47.474516238],[19.062350364,47.474493575],[19.062346341,47.474494028],[19.062342988,47.474484963],[19.062347682,47.47448451],[19.062345,47.474476805],[19.062340976,47.474477258],[19.062338294,47.474468193],[19.062342317,47.474467286],[19.06233293,47.474450969],[19.062336953,47.474450516],[19.062330918,47.474429213],[19.062349023,47.474426947],[19.062338965,47.474426947],[19.062336953,47.474420148],[19.062346341,47.474419241],[19.062340306,47.474402018],[19.062383221,47.474402018]],[[19.062427477,47.474547512],[19.062419431,47.474548872],[19.062420101,47.474551138],[19.062428148,47.474550232],[19.062427477,47.474547512]]]}},{"type":"Feature","id":37004,"properties":{"buildingId":2,"floorId":6,"roomNumber":"1.128","roomName":"TTK Dékán","scope":"budapest/lagymanyos/eszaki/1/LÉ-1-128-02-33","roomCode":"LÉ-1-128-02-33","roomType":"administrative","__tile":"17/72476/45847","__layer":"rooms","__zoom":17,"__mvtId":37004,"__building":"eszaki","__ringVerts":9,"id":37004,"catalogFloorId":6},"geometry":{"type":"Polygon","coordinates":[[[19.062519646,47.474344402],[19.062535739,47.474397433],[19.06246332,47.474407404],[19.062461308,47.474402419],[19.06245125,47.474403778],[19.062447227,47.474388821],[19.062457285,47.474387461],[19.062447227,47.474354374],[19.062519646,47.474344402]]]}},{"type":"Feature","id":36719,"properties":{"buildingId":2,"floorId":5,"roomNumber":"F.52/A M1 (0.128)","roomName":"Iroda","scope":"budapest/lagymanyos/eszaki/0/LÉ-0-128-02-33","roomCode":"LÉ-0-128-02-33","roomType":"administrative","__tile":"17/72476/45847","__layer":"rooms","__zoom":17,"__mvtId":36719,"__building":"eszaki","__ringVerts":5,"id":36719,"catalogFloorId":5},"geometry":{"type":"Polygon","coordinates":[[[19.062502538,47.474381526],[19.062509914,47.474406909],[19.062435483,47.47441688],[19.062428107,47.474391498],[19.062502538,47.474381526]]]}},{"type":"Feature","id":36716,"properties":{"buildingId":2,"floorId":5,"roomNumber":"F.41/B (0.115)","roomName":"Női mosdó","scope":"budapest/lagymanyos/eszaki/0/LÉ-0-115A-05-71","roomCode":"LÉ-0-115A-05-71","roomType":"social","__tile":"16/36238/22923","__layer":"rooms","__zoom":16,"__mvtId":36716,"__building":"eszaki","__ringVerts":5,"id":36716,"catalogFloorId":5},"geometry":{"type":"Polygon","coordinates":[[[19.062337093,47.474545069],[19.062343798,47.474565918],[19.062316976,47.47457045],[19.062310271,47.474548695],[19.062337093,47.474545069]]]}},{"type":"Feature","id":36553,"properties":{"buildingId":2,"floorId":4,"roomNumber":"P.28","roomName":"Belépőtér","scope":"budapest/lagymanyos/eszaki/-1/LÉ--1-028-04-62","roomCode":"LÉ--1-028-04-62","roomType":"corridor","__tile":"17/72476/45847","__layer":"rooms","__zoom":17,"__mvtId":36553,"__building":"eszaki","__ringVerts":9,"id":36553,"catalogFloorId":4},"geometry":{"type":"Polygon","coordinates":[[[19.062442803,47.474469371],[19.062444144,47.474473451],[19.062464261,47.474470731],[19.062477672,47.474514697],[19.062457555,47.474517416],[19.062458896,47.474521496],[19.062394523,47.474530107],[19.06237843,47.474477983],[19.062442803,47.474469371]]]}},{"type":"Feature","id":1142,"properties":{"buildingId":2,"floorId":12,"roomNumber":"7.83","roomName":"7.83 Titkárság-tárgyaló","scope":"budapest/lagymanyos/eszaki/7/LÉ-7-83-02-33","roomCode":"LÉ-7-83-02-33","roomType":"administrative","__tile":"16/36238/22923","__layer":"rooms","__zoom":16,"__mvtId":1142,"__building":"eszaki","__ringVerts":5,"id":1142,"catalogFloorId":12},"geometry":{"type":"Polygon","coordinates":[[[19.062371472,47.474779443],[19.062396953,47.474862839],[19.062323192,47.47487281],[19.062297711,47.47479032],[19.062371472,47.474779443]]]}},{"type":"Feature","id":986,"properties":{"buildingId":2,"floorId":10,"roomNumber":"5/K4","roomName":"5.K4 Közlekedő (Keleti lifttől balra)","scope":"budapest/lagymanyos/eszaki/5/LÉ-5-K4-04-63","roomCode":"LÉ-5-K4-04-63","roomType":"corridor","__tile":"16/36238/22923","__layer":"rooms","__zoom":16,"__mvtId":986,"__building":"eszaki","__ringVerts":104,"id":986,"catalogFloorId":10},"geometry":{"type":"Polygon","coordinates":[[[19.062258234,47.474636113],[19.062256893,47.474636113],[19.062252869,47.474621609],[19.062260916,47.474619796],[19.062234094,47.474532774],[19.06226628,47.474528241],[19.062268962,47.4745364],[19.062279691,47.474534587],[19.062283715,47.474545465],[19.062271645,47.474546371],[19.062282374,47.474546371],[19.062286397,47.474559968],[19.062277009,47.474562688],[19.06227835,47.474569033],[19.062281032,47.474577191],[19.062291761,47.474576285],[19.062294443,47.474587163],[19.062285056,47.474589882],[19.062286397,47.474596228],[19.062289079,47.474604386],[19.062298467,47.474602573],[19.062303831,47.474617983],[19.062294443,47.474620703],[19.062305172,47.47461889],[19.062317242,47.474657868],[19.062305172,47.474658775],[19.062317242,47.474661494],[19.062315901,47.474690502],[19.062325289,47.474689595],[19.062329312,47.474700473],[19.062334677,47.47471407],[19.062322607,47.474715883],[19.062333335,47.474714977],[19.0623387,47.474730387],[19.062327971,47.4747322],[19.062331994,47.47474489],[19.062342723,47.474745797],[19.062345405,47.474756675],[19.062336018,47.474758488],[19.062346747,47.474757581],[19.06235077,47.474770272],[19.062340041,47.474772991],[19.06235077,47.474771178],[19.062354793,47.474786588],[19.062345405,47.474789308],[19.062357475,47.474787495],[19.062364181,47.474807438],[19.062354793,47.474813783],[19.06236284,47.474812876],[19.062369545,47.474826474],[19.062357475,47.47482738],[19.062368204,47.47482738],[19.062372228,47.47484279],[19.06236284,47.47484551],[19.06237491,47.474843697],[19.062377592,47.474854574],[19.062365522,47.474855481],[19.062376251,47.4748582],[19.062369545,47.474866359],[19.062456717,47.474854574],[19.062247505,47.474884488],[19.062337359,47.474870891],[19.062325289,47.474866359],[19.062336018,47.474863639],[19.062334677,47.474860013],[19.062322607,47.474861826],[19.062319924,47.474850948],[19.062331994,47.474850042],[19.062321266,47.474850042],[19.062315901,47.474834632],[19.06232663,47.474831912],[19.06231456,47.474833725],[19.062310537,47.474822848],[19.062322607,47.474821941],[19.062321266,47.474818315],[19.062311878,47.474819222],[19.062307855,47.474808344],[19.06230249,47.474794747],[19.06231456,47.47479384],[19.062303831,47.47479384],[19.062299808,47.47477843],[19.062309196,47.474775711],[19.062297126,47.474777524],[19.062294443,47.474766646],[19.06230249,47.47476302],[19.062294443,47.47476302],[19.062291761,47.474752142],[19.062285056,47.474738545],[19.062297126,47.474737639],[19.062286397,47.474737639],[19.062282374,47.474724041],[19.062291761,47.474720415],[19.062279691,47.474721322],[19.062267621,47.474682343],[19.062279691,47.474681437],[19.062268962,47.474681437],[19.062264939,47.474666027],[19.062274327,47.474663307],[19.062263598,47.47466512],[19.062259575,47.474654242],[19.062259575,47.474646084],[19.062268962,47.474644271],[19.062260916,47.474644271],[19.062258234,47.474636113]],[[19.062286397,47.474705912],[19.062277009,47.474706818],[19.062277009,47.474707725],[19.062289079,47.474709538],[19.062286397,47.474705912]],[[19.062270304,47.47464971],[19.062260916,47.474650616],[19.062260916,47.474651523],[19.062271645,47.474653336],[19.062270304,47.47464971]],[[19.062353452,47.474817409],[19.062356134,47.474817409],[19.062354793,47.474813783],[19.062353452,47.474813783],[19.062353452,47.474817409]],[[19.062297126,47.474630674],[19.062299808,47.4746343],[19.062307855,47.474633393],[19.062307855,47.474632487],[19.062297126,47.474630674]],[[19.062317242,47.474807438],[19.062318583,47.474806531],[19.062317242,47.474804718],[19.062315901,47.474804718],[19.062317242,47.474807438]],[[19.06235077,47.474801999],[19.06235077,47.474802905],[19.062360158,47.474801999],[19.06235077,47.474801999]],[[19.062291761,47.474752142],[19.062301149,47.474751236],[19.062299808,47.47474761],[19.062291761,47.474752142]],[[19.062301149,47.474645178],[19.06230249,47.474648804],[19.062303831,47.474647897],[19.06230249,47.474646084],[19.062301149,47.474645178]],[[19.062303831,47.474762114],[19.062303831,47.474765739],[19.062305172,47.474763927],[19.062305172,47.47476302],[19.062303831,47.474762114]],[[19.062319924,47.474701379],[19.062318583,47.474701379],[19.062319924,47.474705005],[19.062319924,47.474701379]],[[19.062282374,47.474695034],[19.062283715,47.474695034],[19.062283715,47.474691408],[19.062282374,47.474695034]]]}},{"type":"Feature","id":752,"properties":{"buildingId":2,"floorId":8,"roomNumber":"3.130","roomName":"3.130 Desztilláló","scope":"budapest/lagymanyos/eszaki/3/LÉ-3-130-01-14","roomCode":"LÉ-3-130-01-14","roomType":"educational","__tile":"16/36238/22923","__layer":"rooms","__zoom":16,"__mvtId":752,"__building":"eszaki","__ringVerts":5,"id":752,"catalogFloorId":8},"geometry":{"type":"Polygon","coordinates":[[[19.06245577,47.474546404],[19.062462476,47.474574505],[19.062388715,47.474584476],[19.062380668,47.474557282],[19.06245577,47.474546404]]]}},{"type":"Feature","id":818,"properties":{"buildingId":2,"floorId":9,"roomNumber":"4.105","roomName":"4.105 Peptidszintetikus labor","scope":"budapest/lagymanyos/eszaki/4/LÉ-4-105-01-14","roomCode":"LÉ-4-105-01-14","roomType":"educational","__tile":"16/36238/22923","__layer":"rooms","__zoom":16,"__mvtId":818,"__building":"eszaki","__ringVerts":6,"id":818,"catalogFloorId":9},"geometry":{"type":"Polygon","coordinates":[[[19.062352993,47.474889681],[19.062359699,47.474916875],[19.062285938,47.474926847],[19.062277891,47.474900559],[19.062322148,47.474894213],[19.062352993,47.474889681]]]}},{"type":"Feature","id":819,"properties":{"buildingId":2,"floorId":9,"roomNumber":"4.106","roomName":"4.106 Kutató laboratórium","scope":"budapest/lagymanyos/eszaki/4/LÉ-4-106-01-14","roomCode":"LÉ-4-106-01-14","roomType":"educational","__tile":"16/36238/22923","__layer":"rooms","__zoom":16,"__mvtId":819,"__building":"eszaki","__ringVerts":6,"id":819,"catalogFloorId":9},"geometry":{"type":"Polygon","coordinates":[[[19.062354529,47.47486186],[19.062357211,47.474867299],[19.062363917,47.474889054],[19.062290156,47.474899026],[19.062282109,47.474871831],[19.062354529,47.47486186]]]}},{"type":"Feature","id":1011,"properties":{"buildingId":2,"floorId":11,"roomNumber":"6.120","roomName":"6.120 D12 labor","scope":"budapest/lagymanyos/eszaki/6/LÉ-6-120-01-13","roomCode":"LÉ-6-120-01-13","roomType":"educational","__tile":"16/36238/22923","__layer":"rooms","__zoom":16,"__mvtId":1011,"__building":"eszaki","__ringVerts":6,"id":1011,"catalogFloorId":11},"geometry":{"type":"Polygon","coordinates":[[[19.062426464,47.474662978],[19.06243451,47.474689266],[19.062362091,47.474700144],[19.062355385,47.474679295],[19.062352703,47.474672949],[19.062426464,47.474662978]]]}},{"type":"Feature","id":36663,"properties":{"buildingId":2,"floorId":5,"roomNumber":"F.38/B","roomName":"Műszaki üzemeltetői iroda","scope":"budapest/lagymanyos/eszaki/0/LÉ-0-121-02-33","roomCode":"LÉ-0-121-02-33","roomType":"administrative","__tile":"16/36238/22923","__layer":"rooms","__zoom":16,"__mvtId":36663,"__building":"eszaki","__ringVerts":5,"id":36663,"catalogFloorId":5},"geometry":{"type":"Polygon","coordinates":[[[19.06245016,47.474822994],[19.062464912,47.474874664],[19.062380423,47.474885541],[19.06236567,47.474833872],[19.06245016,47.474822994]]]}},{"type":"Feature","id":648,"properties":{"buildingId":2,"floorId":7,"roomNumber":"2.118","roomName":"2.118 ICP-MS laboratórium","scope":"budapest/lagymanyos/eszaki/2/LÉ-2-118-01-14","roomCode":"LÉ-2-118-01-14","roomType":"educational","__tile":"16/36238/22923","__layer":"rooms","__zoom":16,"__mvtId":648,"__building":"eszaki","__ringVerts":6,"id":648,"catalogFloorId":7},"geometry":{"type":"Polygon","coordinates":[[[19.062346874,47.474866128],[19.062350897,47.47487066],[19.062364308,47.474920517],[19.062290548,47.474931395],[19.062273113,47.474876099],[19.062346874,47.474866128]]]}},{"type":"Feature","id":911,"properties":{"buildingId":2,"floorId":10,"roomNumber":"5.124","roomName":"5.124 Röntgen laboratórium","scope":"budapest/lagymanyos/eszaki/5/LÉ-5-124-01-14","roomCode":"LÉ-5-124-01-14","roomType":"educational","__tile":"16/36238/22923","__layer":"rooms","__zoom":16,"__mvtId":911,"__building":"eszaki","__ringVerts":6,"id":911,"catalogFloorId":10},"geometry":{"type":"Polygon","coordinates":[[[19.062429946,47.474637187],[19.062439334,47.474667101],[19.062365573,47.474677979],[19.062356186,47.474647159],[19.062384349,47.474642626],[19.062429946,47.474637187]]]}},{"type":"Feature","id":912,"properties":{"buildingId":2,"floorId":10,"roomNumber":"5.125","roomName":"5.125 Kutató laboratórium","scope":"budapest/lagymanyos/eszaki/5/LÉ-5-125-01-14","roomCode":"LÉ-5-125-01-14","roomType":"educational","__tile":"16/36238/22923","__layer":"rooms","__zoom":16,"__mvtId":912,"__building":"eszaki","__ringVerts":5,"id":912,"catalogFloorId":10},"geometry":{"type":"Polygon","coordinates":[[[19.062435536,47.474607017],[19.062444924,47.474633305],[19.062371163,47.474644183],[19.062363116,47.474616988],[19.062435536,47.474607017]]]}},{"type":"Feature","id":1088,"properties":{"buildingId":2,"floorId":12,"roomNumber":"7.86","roomName":"7.86 Terem","scope":"budapest/lagymanyos/eszaki/7/LÉ-7-86-01-12","roomCode":"LÉ-7-86-01-12","roomType":"educational","__tile":"16/36238/22923","__layer":"rooms","__zoom":16,"__mvtId":1088,"__building":"eszaki","__ringVerts":9,"id":1088,"catalogFloorId":12},"geometry":{"type":"Polygon","coordinates":[[[19.06243932,47.474623837],[19.062455413,47.474678225],[19.062382994,47.474689103],[19.062381653,47.474683664],[19.062372265,47.474684571],[19.062366901,47.47467188],[19.062377629,47.474670067],[19.062365559,47.474634714],[19.06243932,47.474623837]]]}},{"type":"Feature","id":649,"properties":{"buildingId":2,"floorId":7,"roomNumber":"2.119","roomName":"2.119 ICP-MS előkészítő","scope":"budapest/lagymanyos/eszaki/2/LÉ-2-119-01-14","roomCode":"LÉ-2-119-01-14","roomType":"educational","__tile":"16/36238/22923","__layer":"rooms","__zoom":16,"__mvtId":649,"__building":"eszaki","__ringVerts":6,"id":649,"catalogFloorId":7},"geometry":{"type":"Polygon","coordinates":[[[19.062362572,47.474833701],[19.062366595,47.474838233],[19.062370619,47.474859989],[19.062296858,47.474870867],[19.062288811,47.474843672],[19.062362572,47.474833701]]]}},{"type":"Feature","id":650,"properties":{"buildingId":2,"floorId":7,"roomNumber":"2.120","roomName":"2.120 TXRF laboratórium","scope":"budapest/lagymanyos/eszaki/2/LÉ-2-120-01-14","roomCode":"LÉ-2-120-01-14","roomType":"educational","__tile":"16/36238/22923","__layer":"rooms","__zoom":16,"__mvtId":650,"__building":"eszaki","__ringVerts":6,"id":650,"catalogFloorId":7},"geometry":{"type":"Polygon","coordinates":[[[19.06237088,47.474805509],[19.062374903,47.474810042],[19.062378927,47.474831797],[19.062306507,47.474842675],[19.06229846,47.47481548],[19.06237088,47.474805509]]]}},{"type":"Feature","id":654,"properties":{"buildingId":2,"floorId":7,"roomNumber":"2.128","roomName":"2.128 Hallgatói mérlegszoba előkészítő","scope":"budapest/lagymanyos/eszaki/2/LÉ-2-128-01-14","roomCode":"LÉ-2-128-01-14","roomType":"educational","__tile":"17/72476/45847","__layer":"rooms","__zoom":17,"__mvtId":654,"__building":"eszaki","__ringVerts":6,"id":654,"catalogFloorId":7},"geometry":{"type":"Polygon","coordinates":[[[19.062463729,47.474521577],[19.062473787,47.474546506],[19.062398685,47.474556931],[19.062389968,47.474527923],[19.062435565,47.474521577],[19.062463729,47.474521577]]]}},{"type":"Feature","id":750,"properties":{"buildingId":2,"floorId":8,"roomNumber":"3.128","roomName":"3.128 Mérlegszoba","scope":"budapest/lagymanyos/eszaki/3/LÉ-3-128-01-14","roomCode":"LÉ-3-128-01-14","roomType":"educational","__tile":"16/36238/22923","__layer":"rooms","__zoom":16,"__mvtId":750,"__building":"eszaki","__ringVerts":10,"id":750,"catalogFloorId":8},"geometry":{"type":"Polygon","coordinates":[[[19.062432745,47.474628471],[19.062436769,47.474633004],[19.06245018,47.47468286],[19.062376419,47.474693738],[19.062375078,47.474687392],[19.062364349,47.474689205],[19.062360326,47.474676515],[19.062371055,47.474674702],[19.062358985,47.474638442],[19.062432745,47.474628471]]]}},{"type":"Feature","id":821,"properties":{"buildingId":2,"floorId":9,"roomNumber":"4.108","roomName":"4.108-4.110 Hallgatói Laboratórium","scope":"budapest/lagymanyos/eszaki/4/LÉ-4-108-01-14","roomCode":"LÉ-4-108-01-14","roomType":"educational","__tile":"16/36238/22923","__layer":"rooms","__zoom":16,"__mvtId":821,"__building":"eszaki","__ringVerts":13,"id":821,"catalogFloorId":9},"geometry":{"type":"Polygon","coordinates":[[[19.062398812,47.47474424],[19.062401494,47.474749679],[19.062424293,47.474827636],[19.062350533,47.474837608],[19.062349191,47.474832169],[19.062339804,47.474833075],[19.06233578,47.474820384],[19.062345168,47.474818571],[19.062337121,47.474789564],[19.062318346,47.474764183],[19.062327734,47.47476237],[19.062325052,47.474754211],[19.062398812,47.47474424]]]}},{"type":"Feature","id":823,"properties":{"buildingId":2,"floorId":9,"roomNumber":"4.112","roomName":"4.112 HPLC laboratórium","scope":"budapest/lagymanyos/eszaki/4/LÉ-4-112-01-14","roomCode":"LÉ-4-112-01-14","roomType":"educational","__tile":"17/72476/45847","__layer":"rooms","__zoom":17,"__mvtId":823,"__building":"eszaki","__ringVerts":5,"id":823,"catalogFloorId":9},"geometry":{"type":"Polygon","coordinates":[[[19.062459711,47.474535469],[19.062467758,47.474559944],[19.062394667,47.474570369],[19.062383268,47.474535469],[19.062459711,47.474535469]]]}},{"type":"Feature","id":908,"properties":{"buildingId":2,"floorId":10,"roomNumber":"5.123","roomName":"5.123 Röntgen laboratórium/ terminálszoba","scope":"budapest/lagymanyos/eszaki/5/LÉ-5-123-01-14","roomCode":"LÉ-5-123-01-14","roomType":"educational","__tile":"16/36238/22923","__layer":"rooms","__zoom":16,"__mvtId":908,"__building":"eszaki","__ringVerts":8,"id":908,"catalogFloorId":10},"geometry":{"type":"Polygon","coordinates":[[[19.062414235,47.47467538],[19.062439716,47.47475515],[19.062395459,47.474760589],[19.062388754,47.474737021],[19.062379366,47.474708014],[19.062349862,47.474712546],[19.062341815,47.474685352],[19.062414235,47.47467538]]]}},{"type":"Feature","id":907,"properties":{"buildingId":2,"floorId":10,"roomNumber":"5.122","roomName":"5.122 Szintetikus kutató laboratórium","scope":"budapest/lagymanyos/eszaki/5/LÉ-5-122-01-14","roomCode":"LÉ-5-122-01-14","roomType":"educational","__tile":"16/36238/22923","__layer":"rooms","__zoom":16,"__mvtId":907,"__building":"eszaki","__ringVerts":9,"id":907,"catalogFloorId":10},"geometry":{"type":"Polygon","coordinates":[[[19.062403652,47.474737498],[19.062421087,47.474791887],[19.062345985,47.474802765],[19.062344644,47.474796419],[19.062335256,47.474798232],[19.062331233,47.474785542],[19.06234062,47.474783729],[19.062329892,47.474747469],[19.062403652,47.474737498]]]}},{"type":"Feature","id":1006,"properties":{"buildingId":2,"floorId":11,"roomNumber":"6.115","roomName":"6.115 Met dolgozó","scope":"budapest/lagymanyos/eszaki/6/LÉ-6-115-01-13","roomCode":"LÉ-6-115-01-13","roomType":"educational","__tile":"16/36238/22923","__layer":"rooms","__zoom":16,"__mvtId":1006,"__building":"eszaki","__ringVerts":5,"id":1006,"catalogFloorId":11},"geometry":{"type":"Polygon","coordinates":[[[19.062375835,47.474803829],[19.062383882,47.474830117],[19.062311462,47.474840995],[19.062303416,47.4748138],[19.062375835,47.474803829]]]}},{"type":"Feature","id":37069,"properties":{"buildingId":2,"floorId":6,"roomNumber":"1.116","roomName":"Előtér","scope":"budapest/lagymanyos/eszaki/1/LÉ-1-116-04-62","roomCode":"LÉ-1-116-04-62","roomType":"corridor","__tile":"16/36238/22923","__layer":"rooms","__zoom":16,"__mvtId":37069,"__building":"eszaki","__ringVerts":9,"id":37069,"catalogFloorId":6},"geometry":{"type":"Polygon","coordinates":[[[19.06226812,47.474856868],[19.062272143,47.474871372],[19.062281531,47.474870466],[19.062284213,47.474881343],[19.062274826,47.47488225],[19.062277508,47.474889502],[19.062245321,47.474893128],[19.062235934,47.474860494],[19.06226812,47.474856868]]]}},{"type":"Feature","id":1009,"properties":{"buildingId":2,"floorId":11,"roomNumber":"6.118","roomName":"6.118 D12 labor","scope":"budapest/lagymanyos/eszaki/6/LÉ-6-118-01-13","roomCode":"LÉ-6-118-01-13","roomType":"educational","__tile":"16/36238/22923","__layer":"rooms","__zoom":16,"__mvtId":1009,"__building":"eszaki","__ringVerts":6,"id":1009,"catalogFloorId":11},"geometry":{"type":"Polygon","coordinates":[[[19.062400831,47.474721476],[19.062410219,47.474747764],[19.062336458,47.474758642],[19.062328411,47.474731448],[19.062378032,47.474724196],[19.062400831,47.474721476]]]}},{"type":"Feature","id":1012,"properties":{"buildingId":2,"floorId":11,"roomNumber":"6.121","roomName":"6.121 D12 labor","scope":"budapest/lagymanyos/eszaki/6/LÉ-6-121-01-13","roomCode":"LÉ-6-121-01-13","roomType":"educational","__tile":"16/36238/22923","__layer":"rooms","__zoom":16,"__mvtId":1012,"__building":"eszaki","__ringVerts":5,"id":1012,"catalogFloorId":11},"geometry":{"type":"Polygon","coordinates":[[[19.062426987,47.474635135],[19.062436375,47.474661423],[19.062362614,47.474672301],[19.062354567,47.474645106],[19.062426987,47.474635135]]]}},{"type":"Feature","id":36577,"properties":{"buildingId":2,"floorId":4,"roomNumber":"P-K4 /A","roomName":"Folyosó","scope":"budapest/lagymanyos/eszaki/-1/LÉ--1-K4-04-63","roomCode":"LÉ--1-K4-04-63","roomType":"corridor","__tile":"16/36238/22923","__layer":"rooms","__zoom":16,"__mvtId":36577,"__building":"eszaki","__ringVerts":29,"id":36577,"catalogFloorId":4},"geometry":{"type":"Polygon","coordinates":[[[19.062301432,47.474584773],[19.062329595,47.474676327],[19.062340324,47.474674514],[19.062343006,47.474685392],[19.062332277,47.474686299],[19.062345688,47.474732529],[19.062356417,47.474730716],[19.062360441,47.474741594],[19.062348371,47.474743407],[19.062353735,47.47476063],[19.062365805,47.474758817],[19.062368487,47.474769695],[19.062314843,47.474776946],[19.06231082,47.474766975],[19.06232289,47.474765162],[19.062317525,47.474747033],[19.062308137,47.474748846],[19.062304114,47.474737968],[19.062314843,47.474737061],[19.062302773,47.474698083],[19.06228668,47.474700802],[19.062279974,47.474681766],[19.062297409,47.474679047],[19.062283998,47.474633723],[19.062273269,47.474635536],[19.062269245,47.474625564],[19.062281315,47.474623751],[19.062270587,47.474589305],[19.062301432,47.474584773]]]}},{"type":"Feature","id":36580,"properties":{"buildingId":2,"floorId":4,"roomNumber":"P.24 B7 (-1.104)","roomName":"Öltöző előtér","scope":"budapest/lagymanyos/eszaki/-1/LÉ--1-104-04-62","roomCode":"LÉ--1-104-04-62","roomType":"corridor","__tile":"16/36238/22923","__layer":"rooms","__zoom":16,"__mvtId":36580,"__building":"eszaki","__ringVerts":5,"id":36580,"catalogFloorId":4},"geometry":{"type":"Polygon","coordinates":[[[19.062383522,47.474609597],[19.062390227,47.474635885],[19.062375475,47.474637698],[19.062367429,47.474612317],[19.062383522,47.474609597]]]}},{"type":"Feature","id":36581,"properties":{"buildingId":2,"floorId":4,"roomNumber":"P.24 B7 (-1.05)","roomName":"Öltöző","scope":"budapest/lagymanyos/eszaki/-1/LÉ--1-105-A-05-73","roomCode":"LÉ--1-105/A-05-73","roomType":"social","__tile":"16/36238/22923","__layer":"rooms","__zoom":16,"__mvtId":36581,"__building":"eszaki","__ringVerts":5,"id":36581,"catalogFloorId":4},"geometry":{"type":"Polygon","coordinates":[[[19.062419765,47.474584925],[19.062427811,47.474611213],[19.062399648,47.474614839],[19.062391601,47.474588551],[19.062419765,47.474584925]]]}},{"type":"Feature","id":36584,"properties":{"buildingId":2,"floorId":4,"roomNumber":"P.22 B7 (-1.103)","roomName":"Gamma spektroszkópiai labor","scope":"budapest/lagymanyos/eszaki/-1/LÉ--1-103-01-14","roomCode":"LÉ--1-103-01-14","roomType":"educational","__tile":"16/36238/22923","__layer":"rooms","__zoom":16,"__mvtId":36584,"__building":"eszaki","__ringVerts":9,"id":36584,"catalogFloorId":4},"geometry":{"type":"Polygon","coordinates":[[[19.062439747,47.474646315],[19.062454499,47.474696171],[19.062380738,47.474706142],[19.06237135,47.474675322],[19.062360621,47.474676229],[19.062356598,47.474664444],[19.062367327,47.474662631],[19.062365986,47.474656286],[19.062439747,47.474646315]]]}},{"type":"Feature","id":36588,"properties":{"buildingId":2,"floorId":4,"roomNumber":"P.16-18 B8 (-1.101)","roomName":"Hélium visszanyerő","scope":"budapest/lagymanyos/eszaki/-1/LÉ--1-101-01-14","roomCode":"LÉ--1-101-01-14","roomType":"educational","__tile":"16/36238/22923","__layer":"rooms","__zoom":16,"__mvtId":36588,"__building":"eszaki","__ringVerts":9,"id":36588,"catalogFloorId":4},"geometry":{"type":"Polygon","coordinates":[[[19.06238357,47.474731805],[19.062417098,47.47484149],[19.062343337,47.474851461],[19.062340655,47.474846022],[19.062329926,47.474846929],[19.062327244,47.474836051],[19.062337973,47.474834238],[19.06230981,47.474741777],[19.06238357,47.474731805]]]}},{"type":"Feature","id":36880,"properties":{"buildingId":2,"floorId":5,"roomNumber":"F-42 B (0.123)","roomName":"Iroda","scope":"budapest/lagymanyos/eszaki/0/LÉ-0-123-02-33","roomCode":"LÉ-0-123-02-33","roomType":"administrative","__tile":"16/36238/22923","__layer":"rooms","__zoom":16,"__mvtId":36880,"__building":"eszaki","__ringVerts":6,"id":36880,"catalogFloorId":5},"geometry":{"type":"Polygon","coordinates":[[[19.062421706,47.474665309],[19.062429753,47.47469341],[19.062358674,47.474702474],[19.06235331,47.474683438],[19.062350627,47.47467528],[19.062421706,47.474665309]]]}},{"type":"Feature","id":36985,"properties":{"buildingId":2,"floorId":6,"roomNumber":"1.119","roomName":"Iroda","scope":"budapest/lagymanyos/eszaki/1/LÉ-1-119-02-33","roomCode":"LÉ-1-119-02-33","roomType":"administrative","__tile":"16/36238/22923","__layer":"rooms","__zoom":16,"__mvtId":36985,"__building":"eszaki","__ringVerts":5,"id":36985,"catalogFloorId":6},"geometry":{"type":"Polygon","coordinates":[[[19.062398326,47.474722333],[19.062406373,47.474749527],[19.062333953,47.474759498],[19.062325907,47.474732304],[19.062398326,47.474722333]]]}},{"type":"Feature","id":748,"properties":{"buildingId":2,"floorId":8,"roomNumber":"3.125-126","roomName":"3.125-126 Hallgatói laboratórium I.","scope":"budapest/lagymanyos/eszaki/3/LÉ-3-125-01-14","roomCode":"LÉ-3-125-01-14","roomType":"educational","__tile":"16/36238/22923","__layer":"rooms","__zoom":16,"__mvtId":748,"__building":"eszaki","__ringVerts":28,"id":748,"catalogFloorId":8},"geometry":{"type":"Polygon","coordinates":[[[19.062385113,47.474711734],[19.062414617,47.47480057],[19.062445462,47.474906628],[19.062371702,47.474917506],[19.06236902,47.474909347],[19.062358291,47.474910254],[19.062355608,47.474897563],[19.062364996,47.47489575],[19.062360973,47.474883059],[19.062351585,47.474884872],[19.062347562,47.474874901],[19.06235695,47.474870369],[19.062347562,47.474837735],[19.062343539,47.474826858],[19.062334151,47.474828671],[19.062330128,47.474815073],[19.062339515,47.474814167],[19.062334151,47.474796037],[19.062324763,47.47479785],[19.06232074,47.474785159],[19.062331469,47.474783346],[19.062328786,47.474777908],[19.062318058,47.474739835],[19.062307329,47.474741648],[19.062303305,47.474728957],[19.062314034,47.474727145],[19.062311352,47.474721706],[19.062385113,47.474711734]]]}},{"type":"Feature","id":36727,"properties":{"buildingId":2,"floorId":5,"roomNumber":"F-40/A 0.122","roomName":"Iroda","scope":"budapest/lagymanyos/eszaki/0/LÉ-0-122-02-33","roomCode":"LÉ-0-122-02-33","roomType":"administrative","__tile":"16/36238/22923","__layer":"rooms","__zoom":16,"__mvtId":36727,"__building":"eszaki","__ringVerts":5,"id":36727,"catalogFloorId":5},"geometry":{"type":"Polygon","coordinates":[[[19.062406301,47.474694259],[19.062414348,47.474720547],[19.062341928,47.474730519],[19.062333882,47.474704231],[19.062406301,47.474694259]]]}},{"type":"Feature","id":36728,"properties":{"buildingId":2,"floorId":5,"roomNumber":"F-42 B (0.124)","roomName":"Iroda","scope":"budapest/lagymanyos/eszaki/0/LÉ-0-124-02-33","roomCode":"LÉ-0-124-02-33","roomType":"administrative","__tile":"16/36238/22923","__layer":"rooms","__zoom":16,"__mvtId":36728,"__building":"eszaki","__ringVerts":5,"id":36728,"catalogFloorId":5},"geometry":{"type":"Polygon","coordinates":[[[19.062430355,47.47461067],[19.062439742,47.474639677],[19.062367323,47.474649648],[19.062359276,47.474619735],[19.062430355,47.47461067]]]}},{"type":"Feature","id":36729,"properties":{"buildingId":2,"floorId":5,"roomNumber":"F-44 B7 (0.124A)","roomName":"Elsősegélyhely","scope":"budapest/lagymanyos/eszaki/0/LÉ-0-124A-03-49","roomCode":"LÉ-0-124A-03-49","roomType":"misc","__tile":"16/36238/22923","__layer":"rooms","__zoom":16,"__mvtId":36729,"__building":"eszaki","__ringVerts":5,"id":36729,"catalogFloorId":5},"geometry":{"type":"Polygon","coordinates":[[[19.062439432,47.474582377],[19.062447478,47.474608665],[19.0623764,47.474618636],[19.062368353,47.474591441],[19.062439432,47.474582377]]]}},{"type":"Feature","id":876,"properties":{"buildingId":2,"floorId":9,"roomNumber":"4-K4","roomName":"4.K4 Közlekedő (Keleti lifttől balra)","scope":"budapest/lagymanyos/eszaki/4/LÉ-4-K4-04-63","roomCode":"LÉ-4-K4-04-63","roomType":"corridor","__tile":"16/36238/22923","__layer":"rooms","__zoom":16,"__mvtId":876,"__building":"eszaki","__ringVerts":50,"id":876,"catalogFloorId":9},"geometry":{"type":"Polygon","coordinates":[[[19.062269876,47.474573536],[19.062271217,47.474581695],[19.062281945,47.474580788],[19.062284628,47.47459076],[19.06227524,47.474592573],[19.062280604,47.474609796],[19.062289992,47.474608889],[19.062294015,47.474618861],[19.062283287,47.474620674],[19.062288651,47.474637897],[19.06229938,47.47463699],[19.062302062,47.474646962],[19.062292674,47.474648774],[19.062306085,47.474694099],[19.062316814,47.474693192],[19.062319496,47.474703163],[19.062310109,47.474704976],[19.062314132,47.474721293],[19.06232352,47.4747503],[19.062332907,47.474749394],[19.062336931,47.474759365],[19.062326202,47.474761178],[19.062340954,47.474806502],[19.062350342,47.474805596],[19.062354365,47.474815567],[19.062343636,47.47481738],[19.062366435,47.474890805],[19.062377164,47.474889898],[19.062379846,47.474899869],[19.062370458,47.474901682],[19.062374482,47.47491256],[19.062340954,47.474917093],[19.062338272,47.474906215],[19.062328884,47.474907121],[19.062324861,47.47489715],[19.06233559,47.474895337],[19.062312791,47.474821912],[19.062302062,47.474822819],[19.06229938,47.474812848],[19.062310109,47.474811035],[19.06228731,47.47473761],[19.062276581,47.474738516],[19.062273899,47.474728545],[19.062283287,47.474726732],[19.062277922,47.474709509],[19.062268534,47.474710415],[19.062264511,47.474700444],[19.06227524,47.474698631],[19.062237689,47.474578069],[19.062269876,47.474573536]]]}},{"type":"Feature","id":36667,"properties":{"buildingId":2,"floorId":5,"roomNumber":"F.38","roomName":"Előtér","scope":"budapest/lagymanyos/eszaki/0/LÉ-0-121D-04-62","roomCode":"LÉ-0-121D-04-62","roomType":"corridor","__tile":"16/36238/22923","__layer":"rooms","__zoom":16,"__mvtId":36667,"__building":"eszaki","__ringVerts":5,"id":36667,"catalogFloorId":5},"geometry":{"type":"Polygon","coordinates":[[[19.062357269,47.474794612],[19.062361292,47.474810929],[19.062342517,47.474813648],[19.062337153,47.474796425],[19.062357269,47.474794612]]]}},{"type":"Feature","id":59,"properties":{"buildingId":2,"floorId":12,"roomNumber":"7.87","roomName":"7.87 Rajzterem","scope":"budapest/lagymanyos/eszaki/7/LÉ-7-87-01-12","roomCode":"LÉ-7-87-01-12","roomType":"educational","__tile":"16/36238/22923","__layer":"rooms","__zoom":16,"__mvtId":59,"__building":"eszaki","__ringVerts":9,"id":59,"catalogFloorId":12},"geometry":{"type":"Polygon","coordinates":[[[19.062461001,47.474581859],[19.062477094,47.474637154],[19.062404674,47.474647125],[19.062392604,47.474610866],[19.062383217,47.474611773],[19.062379193,47.474599082],[19.062388581,47.474598176],[19.06238724,47.47459183],[19.062461001,47.474581859]]]}},{"type":"Feature","id":36735,"properties":{"buildingId":2,"floorId":5,"roomNumber":"F.35/A B7 (0.118)","roomName":"Tricarb laboratórium","scope":"budapest/lagymanyos/eszaki/0/LÉ-0-118-01-14","roomCode":"LÉ-0-118-01-14","roomType":"educational","__tile":"16/36238/22923","__layer":"rooms","__zoom":16,"__mvtId":36735,"__building":"eszaki","__ringVerts":5,"id":36735,"catalogFloorId":5},"geometry":{"type":"Polygon","coordinates":[[[19.062262062,47.474733686],[19.062270109,47.474759974],[19.062188301,47.474769039],[19.062181596,47.474744564],[19.062262062,47.474733686]]]}},{"type":"Feature","id":1118,"properties":{"buildingId":2,"floorId":12,"roomNumber":"7.57","roomName":"7.57 GIS Labor","scope":"budapest/lagymanyos/eszaki/7/LÉ-7-57-01-14","roomCode":"LÉ-7-57-01-14","roomType":"educational","__tile":"16/36238/22923","__layer":"rooms","__zoom":16,"__mvtId":1118,"__building":"eszaki","__ringVerts":10,"id":1118,"catalogFloorId":12},"geometry":{"type":"Polygon","coordinates":[[[19.062256836,47.474729877],[19.062259518,47.474738942],[19.062268906,47.474738035],[19.062272929,47.474750726],[19.062263541,47.474751633],[19.062264882,47.474757978],[19.062185757,47.474766136],[19.062179052,47.474744381],[19.062183075,47.474740755],[19.062256836,47.474729877]]]}},{"type":"Feature","id":36977,"properties":{"buildingId":2,"floorId":6,"roomNumber":"1.114","roomName":"Iroda","scope":"budapest/lagymanyos/eszaki/1/LÉ-1-114-02-33","roomCode":"LÉ-1-114-02-33","roomType":"administrative","__tile":"16/36238/22923","__layer":"rooms","__zoom":16,"__mvtId":36977,"__building":"eszaki","__ringVerts":6,"id":36977,"catalogFloorId":6},"geometry":{"type":"Polygon","coordinates":[[[19.062163134,47.47477813],[19.062172522,47.474812577],[19.06216984,47.474819829],[19.062122901,47.474826174],[19.062110831,47.474785382],[19.062163134,47.47477813]]]}},{"type":"Feature","id":902,"properties":{"buildingId":2,"floorId":10,"roomNumber":"5.117","roomName":"5.117 Kémiai Intézet-igazgató","scope":"budapest/lagymanyos/eszaki/5/LÉ-5-117-02-33","roomCode":"LÉ-5-117-02-33","roomType":"administrative","__tile":"16/36238/22923","__layer":"rooms","__zoom":16,"__mvtId":902,"__building":"eszaki","__ringVerts":6,"id":902,"catalogFloorId":10},"geometry":{"type":"Polygon","coordinates":[[[19.062150502,47.474839045],[19.062169278,47.47489434],[19.062115634,47.474901592],[19.06209954,47.474846297],[19.062118316,47.474841764],[19.062150502,47.474839045]]]}},{"type":"Feature","id":36982,"properties":{"buildingId":2,"floorId":6,"roomNumber":"1.112","roomName":"Iroda","scope":"budapest/lagymanyos/eszaki/1/LÉ-1-112-02-33","roomCode":"LÉ-1-112-02-33","roomType":"administrative","__tile":"16/36238/22923","__layer":"rooms","__zoom":16,"__mvtId":36982,"__building":"eszaki","__ringVerts":5,"id":36982,"catalogFloorId":6},"geometry":{"type":"Polygon","coordinates":[[[19.062262482,47.474733559],[19.062270529,47.474759847],[19.062191404,47.474768005],[19.062183357,47.47474353],[19.062262482,47.474733559]]]}},{"type":"Feature","id":300,"properties":{"buildingId":2,"floorId":7,"roomNumber":"245","roomName":"2.245 Oktató","scope":"budapest/lagymanyos/eszaki/2/LK-2-245-01-13","roomCode":"LK-2-245-01-13","roomType":"educational","__tile":"16/36238/22923","__layer":"rooms","__zoom":16,"__mvtId":300,"__building":"eszaki","__ringVerts":5,"id":300,"catalogFloorId":7},"geometry":{"type":"Polygon","coordinates":[[[19.062070727,47.474766891],[19.062080114,47.474800431],[19.062047928,47.474804963],[19.062037199,47.474771424],[19.062070727,47.474766891]]]}},{"type":"Feature","id":809,"properties":{"buildingId":2,"floorId":8,"roomNumber":"3-L3","roomName":"3.L3 Lépcsőház ÉK","scope":"budapest/lagymanyos/eszaki/3/LÉ-3-L3-04-64","roomCode":"LÉ-3-L3-04-64","roomType":"corridor","__tile":"16/36238/22923","__layer":"rooms","__zoom":16,"__mvtId":809,"__building":"eszaki","__ringVerts":6,"id":809,"catalogFloorId":8},"geometry":{"type":"Polygon","coordinates":[[[19.06225375,47.474782937],[19.062260455,47.474805599],[19.062208152,47.474812851],[19.062182671,47.474816477],[19.062174625,47.474793815],[19.06225375,47.474782937]]]}},{"type":"Feature","id":642,"properties":{"buildingId":2,"floorId":7,"roomNumber":"2.112","roomName":"2.112 Hallgatói Labor","scope":"budapest/lagymanyos/eszaki/2/LÉ-2-112-01-14","roomCode":"LÉ-2-112-01-14","roomType":"educational","__tile":"16/36238/22923","__layer":"rooms","__zoom":16,"__mvtId":642,"__building":"eszaki","__ringVerts":7,"id":642,"catalogFloorId":7},"geometry":{"type":"Polygon","coordinates":[[[19.062278061,47.474699554],[19.062294154,47.474753943],[19.062215029,47.474763008],[19.062208324,47.474740346],[19.062213688,47.474739439],[19.062200277,47.474712245],[19.062278061,47.474699554]]]}},{"type":"Feature","id":495,"properties":{"buildingId":2,"floorId":11,"roomNumber":"642","roomName":"6.642 oktató","scope":"budapest/lagymanyos/eszaki/6/LK-6-642-01-13","roomCode":"LK-6-642-01-13","roomType":"educational","__tile":"16/36238/22923","__layer":"rooms","__zoom":16,"__mvtId":495,"__building":"eszaki","__ringVerts":5,"id":495,"catalogFloorId":11},"geometry":{"type":"Polygon","coordinates":[[[19.06209052,47.474834057],[19.062105272,47.474885726],[19.062063698,47.474891165],[19.062047605,47.474839496],[19.06209052,47.474834057]]]}},{"type":"Feature","id":882,"properties":{"buildingId":2,"floorId":9,"roomNumber":"4-L3","roomName":"4.L3 Lépcsőház ÉK","scope":"budapest/lagymanyos/eszaki/4/LÉ-4-L3-04-64","roomCode":"LÉ-4-L3-04-64","roomType":"corridor","__tile":"16/36238/22923","__layer":"rooms","__zoom":16,"__mvtId":882,"__building":"eszaki","__ringVerts":5,"id":882,"catalogFloorId":9},"geometry":{"type":"Polygon","coordinates":[[[19.062258713,47.474785753],[19.062258713,47.474810228],[19.062180929,47.474821105],[19.062172882,47.474797537],[19.062258713,47.474785753]]]}},{"type":"Feature","id":999,"properties":{"buildingId":2,"floorId":11,"roomNumber":"6.107","roomName":"6.107 Hallgatói Labor","scope":"budapest/lagymanyos/eszaki/6/LÉ-6-107-01-14","roomCode":"LÉ-6-107-01-14","roomType":"educational","__tile":"16/36238/22923","__layer":"rooms","__zoom":16,"__mvtId":999,"__building":"eszaki","__ringVerts":5,"id":999,"catalogFloorId":11},"geometry":{"type":"Polygon","coordinates":[[[19.062280461,47.474673161],[19.062289849,47.474700355],[19.062209383,47.47470942],[19.062208041,47.474683132],[19.062280461,47.474673161]]]}},{"type":"Feature","id":496,"properties":{"buildingId":2,"floorId":11,"roomNumber":"643","roomName":"6.643 oktató","scope":"budapest/lagymanyos/eszaki/6/LK-6-643-01-13","roomCode":"LK-6-643-01-13","roomType":"educational","__tile":"16/36238/22923","__layer":"rooms","__zoom":16,"__mvtId":496,"__building":"eszaki","__ringVerts":5,"id":496,"catalogFloorId":11},"geometry":{"type":"Polygon","coordinates":[[[19.062111723,47.47477182],[19.062121111,47.474804453],[19.062082219,47.474809892],[19.06207149,47.474777259],[19.062111723,47.47477182]]]}},{"type":"Feature","id":497,"properties":{"buildingId":2,"floorId":11,"roomNumber":"644","roomName":"6.644 oktató","scope":"budapest/lagymanyos/eszaki/6/LK-6-644-01-13","roomCode":"LK-6-644-01-13","roomType":"educational","__tile":"16/36238/22923","__layer":"rooms","__zoom":16,"__mvtId":497,"__building":"eszaki","__ringVerts":5,"id":497,"catalogFloorId":11},"geometry":{"type":"Polygon","coordinates":[[[19.062070908,47.474766935],[19.062080296,47.474799568],[19.062046768,47.4748041],[19.06203738,47.474771467],[19.062070908,47.474766935]]]}},{"type":"Feature","id":647,"properties":{"buildingId":2,"floorId":7,"roomNumber":"2.117","roomName":"2.117 Oktató","scope":"budapest/lagymanyos/eszaki/2/LÉ-2-117-01-13","roomCode":"LÉ-2-117-01-13","roomType":"educational","__tile":"16/36238/22923","__layer":"rooms","__zoom":16,"__mvtId":647,"__building":"eszaki","__ringVerts":6,"id":647,"catalogFloorId":7},"geometry":{"type":"Polygon","coordinates":[[[19.06223689,47.474842992],[19.062252983,47.474896474],[19.062222138,47.47490282],[19.062208727,47.474904633],[19.062191292,47.474849337],[19.06223689,47.474842992]]]}},{"type":"Feature","id":36976,"properties":{"buildingId":2,"floorId":6,"roomNumber":"149","roomName":"Oktatói szoba","scope":"budapest/lagymanyos/eszaki/1/LK-1-149-02-33","roomCode":"LK-1-149-02-33","roomType":"administrative","__tile":"16/36238/22923","__layer":"rooms","__zoom":16,"__mvtId":36976,"__building":"eszaki","__ringVerts":7,"id":36976,"catalogFloorId":6},"geometry":{"type":"Polygon","coordinates":[[[19.062096981,47.474777887],[19.062098322,47.474783326],[19.062111733,47.474781513],[19.062122462,47.474816866],[19.06208357,47.474822305],[19.0620715,47.474781513],[19.062096981,47.474777887]]]}},{"type":"Feature","id":1003,"properties":{"buildingId":2,"floorId":11,"roomNumber":"6.112","roomName":"6.112 Met tanszékvezető","scope":"budapest/lagymanyos/eszaki/6/LÉ-6-112-02-33","roomCode":"LÉ-6-112-02-33","roomType":"administrative","__tile":"16/36238/22923","__layer":"rooms","__zoom":16,"__mvtId":1003,"__building":"eszaki","__ringVerts":7,"id":1003,"catalogFloorId":11},"geometry":{"type":"Polygon","coordinates":[[[19.062237009,47.474847501],[19.062253102,47.474900984],[19.062246396,47.474903703],[19.062208845,47.474909142],[19.062191411,47.474853847],[19.062199458,47.474851127],[19.062237009,47.474847501]]]}},{"type":"Feature","id":816,"properties":{"buildingId":2,"floorId":9,"roomNumber":"4.103","roomName":"4.103 Oktató","scope":"budapest/lagymanyos/eszaki/4/LÉ-4-103-01-13","roomCode":"LÉ-4-103-01-13","roomType":"educational","__tile":"16/36238/22923","__layer":"rooms","__zoom":16,"__mvtId":816,"__building":"eszaki","__ringVerts":6,"id":816,"catalogFloorId":9},"geometry":{"type":"Polygon","coordinates":[[[19.062196198,47.474845707],[19.062212291,47.474898283],[19.062173399,47.474906442],[19.062158647,47.474858398],[19.062155964,47.474851146],[19.062196198,47.474845707]]]}},{"type":"Feature","id":817,"properties":{"buildingId":2,"floorId":9,"roomNumber":"4.104","roomName":"4.104 Oktató","scope":"budapest/lagymanyos/eszaki/4/LÉ-4-104-01-13","roomCode":"LÉ-4-104-01-13","roomType":"educational","__tile":"16/36238/22923","__layer":"rooms","__zoom":16,"__mvtId":817,"__building":"eszaki","__ringVerts":6,"id":817,"catalogFloorId":9},"geometry":{"type":"Polygon","coordinates":[[[19.062240749,47.474851317],[19.062258183,47.474906613],[19.062213927,47.474912958],[19.062199174,47.474863102],[19.062204539,47.474854943],[19.062240749,47.474851317]]]}},{"type":"Feature","id":894,"properties":{"buildingId":2,"floorId":10,"roomNumber":"5.109","roomName":"5.109 Preparatív labor","scope":"budapest/lagymanyos/eszaki/5/LÉ-5-109-01-14","roomCode":"LÉ-5-109-01-14","roomType":"educational","__tile":"16/36238/22923","__layer":"rooms","__zoom":16,"__mvtId":894,"__building":"eszaki","__ringVerts":5,"id":894,"catalogFloorId":10},"geometry":{"type":"Polygon","coordinates":[[[19.062306657,47.474588617],[19.062314703,47.474615811],[19.062235578,47.474624876],[19.062232896,47.474599494],[19.062306657,47.474588617]]]}},{"type":"Feature","id":897,"properties":{"buildingId":2,"floorId":10,"roomNumber":"5.112","roomName":"5.112 IAS Spektr.labor","scope":"budapest/lagymanyos/eszaki/5/LÉ-5-112-01-14","roomCode":"LÉ-5-112-01-14","roomType":"educational","__tile":"16/36238/22923","__layer":"rooms","__zoom":16,"__mvtId":897,"__building":"eszaki","__ringVerts":5,"id":897,"catalogFloorId":10},"geometry":{"type":"Polygon","coordinates":[[[19.062280431,47.47467315],[19.062289819,47.474700344],[19.062209353,47.474709409],[19.062208011,47.474683121],[19.062280431,47.47467315]]]}},{"type":"Feature","id":903,"properties":{"buildingId":2,"floorId":10,"roomNumber":"5.118","roomName":"5.118 Titkárság","scope":"budapest/lagymanyos/eszaki/5/LÉ-5-118-02-33","roomCode":"LÉ-5-118-02-33","roomType":"administrative","__tile":"16/36238/22923","__layer":"rooms","__zoom":16,"__mvtId":903,"__building":"eszaki","__ringVerts":6,"id":903,"catalogFloorId":10},"geometry":{"type":"Polygon","coordinates":[[[19.062188185,47.474837006],[19.062204278,47.474890488],[19.062192208,47.474895927],[19.062165386,47.474898647],[19.062147951,47.474843351],[19.062188185,47.474837006]]]}},{"type":"Feature","id":1000,"properties":{"buildingId":2,"floorId":11,"roomNumber":"6.109","roomName":"6.109 Met dolgozó","scope":"budapest/lagymanyos/eszaki/6/LÉ-6-109-01-13","roomCode":"LÉ-6-109-01-13","roomType":"educational","__tile":"16/36238/22923","__layer":"rooms","__zoom":16,"__mvtId":1000,"__building":"eszaki","__ringVerts":5,"id":1000,"catalogFloorId":11},"geometry":{"type":"Polygon","coordinates":[[[19.062169134,47.474777425],[19.062178522,47.474818216],[19.062130242,47.474825468],[19.062118172,47.474784676],[19.062169134,47.474777425]]]}},{"type":"Feature","id":1138,"properties":{"buildingId":2,"floorId":12,"roomNumber":"7.80","roomName":"7.80 Oktatói","scope":"budapest/lagymanyos/eszaki/7/LÉ-7-80-01-13","roomCode":"LÉ-7-80-01-13","roomType":"educational","__tile":"16/36238/22923","__layer":"rooms","__zoom":16,"__mvtId":1138,"__building":"eszaki","__ringVerts":6,"id":1138,"catalogFloorId":12},"geometry":{"type":"Polygon","coordinates":[[[19.062151978,47.474840008],[19.062165389,47.474895303],[19.06211711,47.474901649],[19.062099675,47.474845447],[19.062118451,47.474842727],[19.062151978,47.474840008]]]}},{"type":"Feature","id":1002,"properties":{"buildingId":2,"floorId":11,"roomNumber":"6.111","roomName":"6.111 Met titkárság","scope":"budapest/lagymanyos/eszaki/6/LÉ-6-111-02-33","roomCode":"LÉ-6-111-02-33","roomType":"administrative","__tile":"16/36238/22923","__layer":"rooms","__zoom":16,"__mvtId":1002,"__building":"eszaki","__ringVerts":6,"id":1002,"catalogFloorId":11},"geometry":{"type":"Polygon","coordinates":[[[19.062194484,47.474847327],[19.062210577,47.47490081],[19.062170344,47.474906249],[19.062154251,47.474853673],[19.062162298,47.474850047],[19.062194484,47.474847327]]]}},{"type":"Feature","id":997,"properties":{"buildingId":2,"floorId":11,"roomNumber":"6.105","roomName":"6.105 Hallgatói Labor","scope":"budapest/lagymanyos/eszaki/6/LÉ-6-105-01-14","roomCode":"LÉ-6-105-01-14","roomType":"educational","__tile":"16/36238/22923","__layer":"rooms","__zoom":16,"__mvtId":997,"__building":"eszaki","__ringVerts":11,"id":997,"catalogFloorId":11},"geometry":{"type":"Polygon","coordinates":[[[19.062305499,47.474566115],[19.06230684,47.47457246],[19.062316228,47.474570647],[19.062320251,47.474583338],[19.062310864,47.474585151],[19.062321592,47.47462141],[19.062242467,47.474630475],[19.062235762,47.474607813],[19.062241126,47.474606906],[19.062226374,47.474579712],[19.062305499,47.474566115]]]}},{"type":"Feature","id":998,"properties":{"buildingId":2,"floorId":11,"roomNumber":"6.106","roomName":"6.106 A2 Előkészítő","scope":"budapest/lagymanyos/eszaki/6/LÉ-6-106-01-14","roomCode":"LÉ-6-106-01-14","roomType":"educational","__tile":"16/36238/22923","__layer":"rooms","__zoom":16,"__mvtId":998,"__building":"eszaki","__ringVerts":11,"id":998,"catalogFloorId":11},"geometry":{"type":"Polygon","coordinates":[[[19.062284984,47.474610481],[19.062295712,47.474646741],[19.062306441,47.474645834],[19.062309123,47.474658525],[19.062299736,47.474659431],[19.062301077,47.474665777],[19.062221952,47.474674841],[19.062215246,47.474652179],[19.062220611,47.474651273],[19.0622072,47.474624079],[19.062284984,47.474610481]]]}},{"type":"Feature","id":36733,"properties":{"buildingId":2,"floorId":5,"roomNumber":"F.38","roomName":"Zuhanyzó","scope":"budapest/lagymanyos/eszaki/0/LÉ-0-121F-05-72","roomCode":"LÉ-0-121F-05-72","roomType":"social","__tile":"16/36238/22923","__layer":"rooms","__zoom":16,"__mvtId":36733,"__building":"eszaki","__ringVerts":7,"id":36733,"catalogFloorId":5},"geometry":{"type":"Polygon","coordinates":[[[19.062339789,47.474788496],[19.062343812,47.474804812],[19.062311626,47.474809345],[19.062308943,47.474802093],[19.062319672,47.474801186],[19.06231699,47.474791215],[19.062339789,47.474788496]]]}},{"type":"Feature","id":743,"properties":{"buildingId":2,"floorId":8,"roomNumber":"3.117","roomName":"3.117 Műszeres előkészítő laboratórium","scope":"budapest/lagymanyos/eszaki/3/LÉ-3-117-01-14","roomCode":"LÉ-3-117-01-14","roomType":"educational","__tile":"16/36238/22923","__layer":"rooms","__zoom":16,"__mvtId":743,"__building":"eszaki","__ringVerts":6,"id":743,"catalogFloorId":8},"geometry":{"type":"Polygon","coordinates":[[[19.062321384,47.474556774],[19.062329431,47.474583969],[19.062257011,47.47459394],[19.062250306,47.474593033],[19.062248964,47.474567652],[19.062321384,47.474556774]]]}},{"type":"Feature","id":36597,"properties":{"buildingId":2,"floorId":4,"roomNumber":"P-K3","roomName":"Folyosó","scope":"budapest/lagymanyos/eszaki/-1/LÉ--1-K4-C-04-63","roomCode":"LÉ--1-K4/C-04-63","roomType":"corridor","__tile":"16/36238/22923","__layer":"rooms","__zoom":16,"__mvtId":36597,"__building":"eszaki","__ringVerts":5,"id":36597,"catalogFloorId":4},"geometry":{"type":"Polygon","coordinates":[[[19.062301097,47.47496689],[19.062310485,47.474984114],[19.06215894,47.475004963],[19.062153576,47.474986833],[19.062301097,47.47496689]]]}},{"type":"Feature","id":36738,"properties":{"buildingId":2,"floorId":5,"roomNumber":"F-L4","roomName":"Lépcsőház","scope":"budapest/lagymanyos/eszaki/0/LÉ-0-L4-04-64","roomCode":"LÉ-0-L4-04-64","roomType":"corridor","__tile":"16/36238/22923","__layer":"rooms","__zoom":16,"__mvtId":36738,"__building":"eszaki","__ringVerts":8,"id":36738,"catalogFloorId":5},"geometry":{"type":"Polygon","coordinates":[[[19.062267069,47.474701317],[19.062269751,47.474701317],[19.062272434,47.474720353],[19.062209402,47.474728511],[19.062201355,47.474728511],[19.062186603,47.474679561],[19.06225634,47.474667777],[19.062267069,47.474701317]],[[19.062267069,47.474701317],[19.062250976,47.47470313],[19.06224427,47.474679561],[19.062209402,47.474684094],[19.062216107,47.474708569],[19.062267069,47.474701317]]]}},{"type":"Feature","id":36589,"properties":{"buildingId":2,"floorId":4,"roomNumber":"*P.L3","roomName":"Lépcsőház","scope":"budapest/lagymanyos/eszaki/-1/LÉ--1-L3-04-64","roomCode":"LÉ--1-L3-04-64","roomType":"corridor","__tile":"16/36238/22923","__layer":"rooms","__zoom":16,"__mvtId":36589,"__building":"eszaki","__ringVerts":5,"id":36589,"catalogFloorId":4},"geometry":{"type":"Polygon","coordinates":[[[19.062252702,47.474789166],[19.062256725,47.474812734],[19.0621776,47.474822706],[19.062170895,47.474800044],[19.062252702,47.474789166]]]}},{"type":"Feature","id":36739,"properties":{"buildingId":2,"floorId":5,"roomNumber":"F.37 B7 (0.117)","roomName":"Vezérlőszoba","scope":"budapest/lagymanyos/eszaki/0/LÉ-0-117-01-14","roomCode":"LÉ-0-117-01-14","roomType":"educational","__tile":"16/36238/22923","__layer":"rooms","__zoom":16,"__mvtId":36739,"__building":"eszaki","__ringVerts":9,"id":36739,"catalogFloorId":5},"geometry":{"type":"Polygon","coordinates":[[[19.062274178,47.474630152],[19.062275519,47.474635591],[19.062286248,47.474633778],[19.06228893,47.474647375],[19.062279542,47.474648282],[19.062290271,47.474684541],[19.062208464,47.474692699],[19.062193712,47.474643749],[19.062274178,47.474630152]]]}},{"type":"Feature","id":36984,"properties":{"buildingId":2,"floorId":6,"roomNumber":"1.111","roomName":"Iroda","scope":"budapest/lagymanyos/eszaki/1/LÉ-1-111-02-33","roomCode":"LÉ-1-111-02-33","roomType":"administrative","__tile":"16/36238/22923","__layer":"rooms","__zoom":16,"__mvtId":36984,"__building":"eszaki","__ringVerts":6,"id":36984,"catalogFloorId":6},"geometry":{"type":"Polygon","coordinates":[[[19.062278647,47.474704758],[19.062286694,47.474731046],[19.062207569,47.474741924],[19.062199522,47.474717449],[19.062204887,47.474716542],[19.062278647,47.474704758]]]}},{"type":"Feature","id":36989,"properties":{"buildingId":2,"floorId":6,"roomNumber":"1.109","roomName":"Iroda","scope":"budapest/lagymanyos/eszaki/1/LÉ-1-109-02-33","roomCode":"LÉ-1-109-02-33","roomType":"administrative","__tile":"16/36238/22923","__layer":"rooms","__zoom":16,"__mvtId":36989,"__building":"eszaki","__ringVerts":5,"id":36989,"catalogFloorId":6},"geometry":{"type":"Polygon","coordinates":[[[19.062286721,47.474647825],[19.062294768,47.474675019],[19.062215643,47.474685897],[19.062214302,47.474660515],[19.062286721,47.474647825]]]}},{"type":"Feature","id":36975,"properties":{"buildingId":2,"floorId":6,"roomNumber":"148","roomName":"Oktatói szoba","scope":"budapest/lagymanyos/eszaki/1/LK-1-148-02-33","roomCode":"LK-1-148-02-33","roomType":"administrative","__tile":"16/36238/22923","__layer":"rooms","__zoom":16,"__mvtId":36975,"__building":"eszaki","__ringVerts":6,"id":36975,"catalogFloorId":6},"geometry":{"type":"Polygon","coordinates":[[[19.062084231,47.474830034],[19.062100324,47.474884423],[19.062092277,47.474888049],[19.062060091,47.474886236],[19.062043997,47.474832753],[19.062084231,47.474830034]]]}},{"type":"Feature","id":36587,"properties":{"buildingId":2,"floorId":4,"roomNumber":"P.11 B7 (-1.93)","roomName":"CERN labor","scope":"budapest/lagymanyos/eszaki/-1/LÉ--1-193-01-14","roomCode":"LÉ--1-193-01-14","roomType":"educational","__tile":"16/36238/22923","__layer":"rooms","__zoom":16,"__mvtId":36587,"__building":"eszaki","__ringVerts":5,"id":36587,"catalogFloorId":4},"geometry":{"type":"Polygon","coordinates":[[[19.062254019,47.474736746],[19.062270112,47.474789322],[19.062196352,47.474798386],[19.062180258,47.474745811],[19.062254019,47.474736746]]]}},{"type":"Feature","id":37044,"properties":{"buildingId":2,"floorId":6,"roomNumber":"1.135A","roomName":"Büfé mosdó","scope":"budapest/lagymanyos/eszaki/1/LÉ-1-135A-05-71","roomCode":"LÉ-1-135A-05-71","roomType":"social","__tile":"17/72476/45847","__layer":"rooms","__zoom":17,"__mvtId":37044,"__building":"eszaki","__ringVerts":5,"id":37044,"catalogFloorId":6},"geometry":{"type":"Polygon","coordinates":[[[19.062417231,47.474248063],[19.062420584,47.474260301],[19.062389739,47.47426438],[19.062385715,47.474252142],[19.062417231,47.474248063]]]}},{"type":"Feature","id":766,"properties":{"buildingId":2,"floorId":8,"roomNumber":"3.144","roomName":"3.144 ICP laboratórium","scope":"budapest/lagymanyos/eszaki/3/LÉ-3-144-01-14","roomCode":"LÉ-3-144-01-14","roomType":"educational","__tile":"17/72476/45847","__layer":"rooms","__zoom":17,"__mvtId":766,"__building":"eszaki","__ringVerts":10,"id":766,"catalogFloorId":8},"geometry":{"type":"Polygon","coordinates":[[[19.062397254,47.474211768],[19.062408653,47.474248481],[19.062418711,47.474247121],[19.062422735,47.474259812],[19.062412677,47.474261172],[19.062414018,47.474267064],[19.062369761,47.47427341],[19.062338916,47.474277489],[19.062322152,47.474222646],[19.062397254,47.474211768]]]}},{"type":"Feature","id":919,"properties":{"buildingId":2,"floorId":10,"roomNumber":"5.133","roomName":"5.133 Fémüveg laboratórium","scope":"budapest/lagymanyos/eszaki/5/LÉ-5-133-01-14","roomCode":"LÉ-5-133-01-14","roomType":"educational","__tile":"17/72476/45847","__layer":"rooms","__zoom":17,"__mvtId":919,"__building":"eszaki","__ringVerts":5,"id":919,"catalogFloorId":10},"geometry":{"type":"Polygon","coordinates":[[[19.062548301,47.474237587],[19.06255903,47.474264329],[19.062483928,47.474274754],[19.062475211,47.474248012],[19.062548301,47.474237587]]]}},{"type":"Feature","id":1022,"properties":{"buildingId":2,"floorId":11,"roomNumber":"6.132","roomName":"6.132 Met labor","scope":"budapest/lagymanyos/eszaki/6/LÉ-6-132-01-14","roomCode":"LÉ-6-132-01-14","roomType":"educational","__tile":"17/72476/45847","__layer":"rooms","__zoom":17,"__mvtId":1022,"__building":"eszaki","__ringVerts":6,"id":1022,"catalogFloorId":11},"geometry":{"type":"Polygon","coordinates":[[[19.062418766,47.47424726],[19.062427483,47.474274455],[19.062353723,47.474284879],[19.062345005,47.474263123],[19.062343664,47.474258138],[19.062418766,47.47424726]]]}},{"type":"Feature","id":1076,"properties":{"buildingId":2,"floorId":12,"roomNumber":"7.103","roomName":"7.103 Oktató","scope":"budapest/lagymanyos/eszaki/7/LÉ-7-103-01-13","roomCode":"LÉ-7-103-01-13","roomType":"educational","__tile":"17/72476/45847","__layer":"rooms","__zoom":17,"__mvtId":1076,"__building":"eszaki","__ringVerts":9,"id":1076,"catalogFloorId":12},"geometry":{"type":"Polygon","coordinates":[[[19.062365222,47.474342029],[19.062366563,47.474347015],[19.062376622,47.474345655],[19.062380645,47.474358346],[19.062370587,47.474360159],[19.062381315,47.47439642],[19.062306214,47.474406844],[19.06228945,47.474352454],[19.062365222,47.474342029]]]}},{"type":"Feature","id":36556,"properties":{"buildingId":2,"floorId":4,"roomNumber":"P.32; 34/B BB (-1.108)","roomName":"Kriosztát laboratórium","scope":"budapest/lagymanyos/eszaki/-1/LÉ--1-108-01-14","roomCode":"LÉ--1-108-01-14","roomType":"educational","__tile":"17/72476/45847","__layer":"rooms","__zoom":17,"__mvtId":36556,"__building":"eszaki","__ringVerts":11,"id":36556,"catalogFloorId":4},"geometry":{"type":"Polygon","coordinates":[[[19.062517593,47.474335594],[19.062532345,47.474384092],[19.062526981,47.474384545],[19.062537039,47.474418086],[19.062468643,47.474427151],[19.062449197,47.474362336],[19.062439138,47.474363696],[19.062435786,47.474351911],[19.062445173,47.474350551],[19.062443832,47.474345565],[19.062517593,47.474335594]]]}},{"type":"Feature","id":1200,"properties":{"buildingId":2,"floorId":7,"roomNumber":"2.138","roomName":"2.138 számítógép labor","scope":"budapest/lagymanyos/eszaki/2/LÉ-2-138-01-12","roomCode":"LÉ-2-138-01-12","roomType":"educational","__tile":"17/72476/45847","__layer":"rooms","__zoom":17,"__mvtId":1200,"__building":"eszaki","__ringVerts":10,"id":1200,"catalogFloorId":7},"geometry":{"type":"Polygon","coordinates":[[[19.062384783,47.474286965],[19.062386124,47.474293311],[19.062396182,47.474291498],[19.062400205,47.474304642],[19.062390147,47.474306002],[19.062401547,47.474342262],[19.062325774,47.474352687],[19.06230901,47.474297843],[19.062350585,47.474291045],[19.062384783,47.474286965]]]}},{"type":"Feature","id":36564,"properties":{"buildingId":2,"floorId":4,"roomNumber":"P.38/B B4","roomName":"Oktatói szoba","scope":"budapest/lagymanyos/eszaki/-1/LÉ--1-109-A-01-13","roomCode":"LÉ--1-109/A-01-13","roomType":"educational","__tile":"17/72476/45847","__layer":"rooms","__zoom":17,"__mvtId":36564,"__building":"eszaki","__ringVerts":7,"id":36564,"catalogFloorId":4},"geometry":{"type":"Polygon","coordinates":[[[19.062548683,47.474219974],[19.062564106,47.474273457],[19.062529908,47.474278443],[19.062521191,47.474249435],[19.062487663,47.474253968],[19.062479616,47.474229039],[19.062548683,47.474219974]]]}},{"type":"Feature","id":36566,"properties":{"buildingId":2,"floorId":4,"roomNumber":"P.38/A B4","roomName":"Mössbauer laboratórium","scope":"budapest/lagymanyos/eszaki/-1/LÉ--1-110-01-14","roomCode":"LÉ--1-110-01-14","roomType":"educational","__tile":"17/72476/45847","__layer":"rooms","__zoom":17,"__mvtId":36566,"__building":"eszaki","__ringVerts":5,"id":36566,"catalogFloorId":4},"geometry":{"type":"Polygon","coordinates":[[[19.062556926,47.474180429],[19.062565644,47.474210797],[19.062497918,47.474219862],[19.062489201,47.474189947],[19.062556926,47.474180429]]]}},{"type":"Feature","id":805,"properties":{"buildingId":2,"floorId":8,"roomNumber":"3-K6","roomName":"3.K6 Közlekedő (Keleti lifttől D-i)","scope":"budapest/lagymanyos/eszaki/3/LÉ-3-K6-04-63","roomCode":"LÉ-3-K6-04-63","roomType":"corridor","__tile":"17/72476/45847","__layer":"rooms","__zoom":17,"__mvtId":805,"__building":"eszaki","__ringVerts":133,"id":805,"catalogFloorId":8},"geometry":{"type":"Polygon","coordinates":[[[19.062404096,47.474140165],[19.062400743,47.474129287],[19.062410802,47.474127474],[19.062406778,47.474112517],[19.06239672,47.47411433],[19.062392026,47.474098919],[19.062401414,47.4740962],[19.062390015,47.474098013],[19.062386662,47.474087134],[19.062387332,47.474083962],[19.062395379,47.474083055],[19.06239672,47.474085775],[19.062401414,47.474082602],[19.062424883,47.474079429],[19.062428907,47.474078976],[19.06243293,47.474093027],[19.062442988,47.474091667],[19.062447682,47.474107078],[19.062438294,47.474109344],[19.062449694,47.474107984],[19.062452376,47.474121582],[19.062443659,47.474122941],[19.062452376,47.474122035],[19.062455729,47.474132913],[19.06244567,47.474135633],[19.062450364,47.47415059],[19.062453717,47.474154669],[19.062451705,47.474148777],[19.062460423,47.47414787],[19.062465116,47.474163281],[19.062456399,47.474164187],[19.062453047,47.474158748],[19.062455058,47.474165547],[19.062467128,47.474164187],[19.06246981,47.474174612],[19.06246914,47.474177785],[19.062458411,47.474177332],[19.062460423,47.474179598],[19.06246914,47.474178238],[19.062472493,47.474189116],[19.062464446,47.474190476],[19.062473163,47.47418957],[19.062475175,47.474192289],[19.062477186,47.474202714],[19.062467128,47.474204074],[19.062477186,47.474204074],[19.06248188,47.474219484],[19.062472493,47.474221751],[19.062483892,47.474220391],[19.062487245,47.474232629],[19.062477857,47.474235348],[19.062486574,47.474234442],[19.062489927,47.47424532],[19.06248121,47.474246679],[19.062489927,47.474245773],[19.062495962,47.474258917],[19.062483892,47.47426073],[19.062494621,47.474260277],[19.062499315,47.474275687],[19.062489256,47.474277047],[19.062492609,47.474289285],[19.062495962,47.474291551],[19.062504009,47.474290645],[19.062507361,47.474301523],[19.062498644,47.474302883],[19.062507361,47.474301976],[19.062509373,47.474304696],[19.062512726,47.47431512],[19.062501326,47.474316933],[19.062503338,47.474323732],[19.062503338,47.47431784],[19.062511385,47.47431648],[19.062516078,47.474331891],[19.062508032,47.47433325],[19.062504679,47.474328265],[19.062510714,47.474347301],[19.062520772,47.474346848],[19.062524125,47.474357726],[19.062516078,47.474359086],[19.062524125,47.474358179],[19.06253016,47.474371323],[19.06251809,47.474373136],[19.062528819,47.474372683],[19.062532842,47.474386734],[19.062523455,47.474390813],[19.062535524,47.474389],[19.062538877,47.474399425],[19.062538207,47.474402598],[19.06252949,47.474403958],[19.062526807,47.474401238],[19.06252949,47.474408943],[19.062497974,47.474413476],[19.062471151,47.474325998],[19.062462434,47.474327358],[19.06245774,47.474312854],[19.062467128,47.474311494],[19.062463775,47.474301523],[19.062453717,47.47430107],[19.062452376,47.474297897],[19.062462434,47.474296084],[19.062461093,47.474292911],[19.062460423,47.474296084],[19.062452376,47.474297444],[19.062446341,47.474284299],[19.06245774,47.47428158],[19.062447682,47.47428294],[19.06244567,47.474275687],[19.062442988,47.474267529],[19.062453047,47.474266169],[19.062440977,47.474266622],[19.062438965,47.474252572],[19.062438294,47.474252572],[19.062434942,47.474241694],[19.062445,47.474238521],[19.062438965,47.474219484],[19.062438965,47.474225377],[19.062430918,47.474226736],[19.062429577,47.474223564],[19.062426224,47.474211326],[19.062434271,47.474209966],[19.062437624,47.474215405],[19.062435612,47.474208606],[19.062424213,47.474210419],[19.062421531,47.474196368],[19.062418178,47.47418549],[19.062428236,47.474183677],[19.062423542,47.47416872],[19.062413484,47.474170533],[19.06240879,47.474155122],[19.062418848,47.474152403],[19.062406778,47.474154216],[19.062403426,47.474143338],[19.062404096,47.474140165]],[[19.062521443,47.474350927],[19.062513396,47.474352287],[19.062514067,47.474355006],[19.062522113,47.474353647],[19.062521443,47.474350927]],[[19.062428236,47.47418821],[19.062420189,47.474189116],[19.06242086,47.474191836],[19.062428907,47.474190929],[19.062428236,47.47418821]],[[19.062514067,47.474359539],[19.062515408,47.474362712],[19.062516749,47.474362258],[19.062514067,47.474359539]],[[19.062504009,47.474294724],[19.062495962,47.474296084],[19.062497303,47.474298803],[19.062504679,47.474297444],[19.062504009,47.474294724]],[[19.062486574,47.474238521],[19.062479198,47.474239881],[19.062479869,47.4742426],[19.062487915,47.47424124],[19.062486574,47.474238521]],[[19.06246981,47.474182318],[19.062461764,47.474183677],[19.062462434,47.474185944],[19.062470481,47.474185037],[19.06246981,47.474182318]],[[19.062410802,47.474132007],[19.062403426,47.474132913],[19.062404096,47.474135633],[19.062411472,47.474134726],[19.062410802,47.474132007]],[[19.062445,47.474244413],[19.062437624,47.474245773],[19.062438294,47.474248039],[19.062446341,47.474247133],[19.062445,47.474244413]],[[19.062452376,47.474126114],[19.062445,47.474127474],[19.06244567,47.47412974],[19.062453717,47.474128834],[19.062452376,47.474126114]],[[19.062477186,47.474232175],[19.062475175,47.474232629],[19.062476516,47.474235801],[19.062477857,47.474235348],[19.062477857,47.474234895],[19.062477186,47.474232175]],[[19.062447682,47.474254385],[19.062449694,47.474254385],[19.062449023,47.474252118],[19.062447012,47.474252118],[19.062447682,47.474254385]],[[19.062498644,47.474302883],[19.062497303,47.474303789],[19.062497974,47.474306509],[19.062499315,47.474306055],[19.062498644,47.474302883]],[[19.062479869,47.474247133],[19.062480539,47.474248946],[19.062480539,47.474249852],[19.06248188,47.474248039],[19.062479869,47.474247133]],[[19.062462434,47.474190476],[19.062463775,47.474193649],[19.062465116,47.474193649],[19.062464446,47.474191383],[19.062462434,47.474190476]],[[19.062442988,47.474119769],[19.062441647,47.474122488],[19.062443659,47.474122941],[19.062442988,47.474119769]],[[19.062412813,47.474139259],[19.062415496,47.474141978],[19.062414155,47.474138805],[19.062412813,47.474139259]],[[19.062430248,47.474195462],[19.062430918,47.474198181],[19.062432259,47.474198181],[19.062430918,47.474195915],[19.062430248,47.474195462]]]}},{"type":"Feature","id":36567,"properties":{"buildingId":2,"floorId":4,"roomNumber":"P.40-42 B6 (-1.111)","roomName":"Korecz laboratórium","scope":"budapest/lagymanyos/eszaki/-1/LÉ--1-111-01-14","roomCode":"LÉ--1-111-01-14","roomType":"educational","__tile":"17/72476/45847","__layer":"rooms","__zoom":17,"__mvtId":36567,"__building":"eszaki","__ringVerts":12,"id":36567,"catalogFloorId":4},"geometry":{"type":"Polygon","coordinates":[[[19.062591561,47.47406847],[19.062623077,47.474174531],[19.062555351,47.474183143],[19.06255401,47.474177251],[19.062542611,47.47417861],[19.062539258,47.474166373],[19.062549987,47.474165013],[19.062527859,47.474091133],[19.062518471,47.474092493],[19.062514448,47.474080255],[19.062523835,47.474078895],[19.062591561,47.47406847]]]}},{"type":"Feature","id":56,"properties":{"buildingId":2,"floorId":9,"roomNumber":"4.70","roomName":"4.70 Tanácsterem","scope":"budapest/lagymanyos/eszaki/4/LÉ-4-70-01-12","roomCode":"LÉ-4-70-01-12","roomType":"educational","__tile":"17/72476/45847","__layer":"rooms","__zoom":17,"__mvtId":56,"__building":"eszaki","__ringVerts":6,"id":56,"catalogFloorId":9},"geometry":{"type":"Polygon","coordinates":[[[19.062483882,47.474056533],[19.062501316,47.474113189],[19.062415486,47.474124974],[19.062398722,47.474071037],[19.062400734,47.474068318],[19.062483882,47.474056533]]]}},{"type":"Feature","id":664,"properties":{"buildingId":2,"floorId":7,"roomNumber":"2.139","roomName":"2.139 Tanári Klub","scope":"budapest/lagymanyos/eszaki/2/LÉ-2-139-01-17","roomCode":"LÉ-2-139-01-17","roomType":"educational","__tile":"17/72476/45847","__layer":"rooms","__zoom":17,"__mvtId":664,"__building":"eszaki","__ringVerts":9,"id":664,"catalogFloorId":7},"geometry":{"type":"Polygon","coordinates":[[[19.062360951,47.474327496],[19.062372351,47.47436285],[19.062382409,47.47436149],[19.062385762,47.474374634],[19.062375704,47.474375994],[19.062377715,47.474381886],[19.062302613,47.474392311],[19.06228585,47.474337921],[19.062360951,47.474327496]]]}},{"type":"Feature","id":658,"properties":{"buildingId":2,"floorId":7,"roomNumber":"2.133","roomName":"2.133 Kármán Labor","scope":"budapest/lagymanyos/eszaki/2/LÉ-2-133-01-14","roomCode":"LÉ-2-133-01-14","roomType":"educational","__tile":"17/72476/45847","__layer":"rooms","__zoom":17,"__mvtId":658,"__building":"eszaki","__ringVerts":9,"id":658,"catalogFloorId":7},"geometry":{"type":"Polygon","coordinates":[[[19.062581766,47.474185693],[19.062598529,47.474240536],[19.062522757,47.474250961],[19.062510687,47.474214701],[19.06250197,47.47421606],[19.062497947,47.474203369],[19.062508005,47.47420201],[19.062505993,47.474196117],[19.062581766,47.474185693]]]}},{"type":"Feature","id":660,"properties":{"buildingId":2,"floorId":7,"roomNumber":"2.136","roomName":"2.136 Sugár laboratórium","scope":"budapest/lagymanyos/eszaki/2/LÉ-2-136-01-14","roomCode":"LÉ-2-136-01-14","roomType":"educational","__tile":"17/72476/45847","__layer":"rooms","__zoom":17,"__mvtId":660,"__building":"eszaki","__ringVerts":14,"id":660,"catalogFloorId":7},"geometry":{"type":"Polygon","coordinates":[[[19.062413028,47.474170701],[19.06241504,47.474177046],[19.062425098,47.474175687],[19.062428451,47.474188378],[19.062408334,47.474191097],[19.062419063,47.474190644],[19.062423757,47.474206055],[19.062413699,47.474207414],[19.062425769,47.474206961],[19.062429792,47.474225544],[19.062354019,47.474236422],[19.062337256,47.474181579],[19.062392241,47.47417342],[19.062413028,47.474170701]]]}},{"type":"Feature","id":661,"properties":{"buildingId":2,"floorId":7,"roomNumber":"2.137","roomName":"2.137 Sötétszoba","scope":"budapest/lagymanyos/eszaki/2/LÉ-2-137-01-14","roomCode":"LÉ-2-137-01-14","roomType":"educational","__tile":"17/72476/45847","__layer":"rooms","__zoom":17,"__mvtId":661,"__building":"eszaki","__ringVerts":10,"id":661,"catalogFloorId":7},"geometry":{"type":"Polygon","coordinates":[[[19.062392022,47.474212605],[19.062405433,47.474248866],[19.062415492,47.474247506],[19.062419515,47.474260197],[19.062409457,47.474261557],[19.062410798,47.474267449],[19.062403422,47.474269262],[19.062335696,47.474277874],[19.062318932,47.47422303],[19.062392022,47.474212605]]]}},{"type":"Feature","id":761,"properties":{"buildingId":2,"floorId":8,"roomNumber":"3.139","roomName":"3.139 Atomfizikai Tanszék Média szoba","scope":"budapest/lagymanyos/eszaki/3/LÉ-3-139-01-14","roomCode":"LÉ-3-139-01-14","roomType":"educational","__tile":"17/72476/45847","__layer":"rooms","__zoom":17,"__mvtId":761,"__building":"eszaki","__ringVerts":9,"id":761,"catalogFloorId":8},"geometry":{"type":"Polygon","coordinates":[[[19.062594709,47.474115069],[19.062611473,47.474169912],[19.062536371,47.474180337],[19.06253436,47.474174445],[19.062524301,47.474175804],[19.062520278,47.474163113],[19.062530336,47.474161754],[19.062519607,47.474125494],[19.062594709,47.474115069]]]}},{"type":"Feature","id":759,"properties":{"buildingId":2,"floorId":8,"roomNumber":"3.137","roomName":"3.137 K+F labor","scope":"budapest/lagymanyos/eszaki/3/LÉ-3-137-01-14","roomCode":"LÉ-3-137-01-14","roomType":"educational","__tile":"17/72476/45847","__layer":"rooms","__zoom":17,"__mvtId":759,"__building":"eszaki","__ringVerts":5,"id":759,"catalogFloorId":8},"geometry":{"type":"Polygon","coordinates":[[[19.062549802,47.474238023],[19.062557849,47.474264312],[19.062482747,47.474274737],[19.06247403,47.474247995],[19.062549802,47.474238023]],[[19.062533038,47.474266578],[19.062534379,47.474266578],[19.062530356,47.474252981],[19.06249884,47.474257513],[19.062500181,47.474260233],[19.062500181,47.474257966],[19.062529015,47.474253887],[19.062532368,47.474264765],[19.062533038,47.474266578]],[[19.062533038,47.474266578],[19.062502864,47.474269298],[19.062503534,47.474271564],[19.062533038,47.474266578]]]}},{"type":"Feature","id":829,"properties":{"buildingId":2,"floorId":9,"roomNumber":"4.118","roomName":"4.118 Anyagtechnológia laboratórium","scope":"budapest/lagymanyos/eszaki/4/LÉ-4-118-01-14","roomCode":"LÉ-4-118-01-14","roomType":"educational","__tile":"17/72476/45847","__layer":"rooms","__zoom":17,"__mvtId":829,"__building":"eszaki","__ringVerts":5,"id":829,"catalogFloorId":9},"geometry":{"type":"Polygon","coordinates":[[[19.062559464,47.474184134],[19.062576227,47.474239431],[19.062503137,47.474249856],[19.062486373,47.474194559],[19.062559464,47.474184134]]]}},{"type":"Feature","id":831,"properties":{"buildingId":2,"floorId":9,"roomNumber":"4.121","roomName":"4.121 Mechanikai anyagvizsgáló laboratórium ","scope":"budapest/lagymanyos/eszaki/4/LÉ-4-121-01-14","roomCode":"LÉ-4-121-01-14","roomType":"educational","__tile":"17/72476/45847","__layer":"rooms","__zoom":17,"__mvtId":831,"__building":"eszaki","__ringVerts":10,"id":831,"catalogFloorId":9},"geometry":{"type":"Polygon","coordinates":[[[19.062424041,47.474171371],[19.062426053,47.474177263],[19.062436111,47.474175903],[19.062440134,47.474188594],[19.062430076,47.474189954],[19.062440805,47.474226214],[19.062365703,47.474236639],[19.062358997,47.474213976],[19.062348939,47.474181795],[19.062424041,47.474171371]]]}},{"type":"Feature","id":832,"properties":{"buildingId":2,"floorId":9,"roomNumber":"4.122","roomName":"4.122 Előkészítő","scope":"budapest/lagymanyos/eszaki/4/LÉ-4-122-01-14","roomCode":"LÉ-4-122-01-14","roomType":"educational","__tile":"17/72476/45847","__layer":"rooms","__zoom":17,"__mvtId":832,"__building":"eszaki","__ringVerts":8,"id":832,"catalogFloorId":9},"geometry":{"type":"Polygon","coordinates":[[[19.062410519,47.474218506],[19.062413201,47.474226212],[19.062417895,47.474241622],[19.062413201,47.474242075],[19.062414542,47.474246155],[19.062343463,47.474256126],[19.062337429,47.474228478],[19.062410519,47.474218506]]]}},{"type":"Feature","id":833,"properties":{"buildingId":2,"floorId":9,"roomNumber":"4.123","roomName":"4.123 Röntgen laboratórium","scope":"budapest/lagymanyos/eszaki/4/LÉ-4-123-01-14","roomCode":"LÉ-4-123-01-14","roomType":"educational","__tile":"17/72476/45847","__layer":"rooms","__zoom":17,"__mvtId":833,"__building":"eszaki","__ringVerts":11,"id":833,"catalogFloorId":9},"geometry":{"type":"Polygon","coordinates":[[[19.062392127,47.474242963],[19.062402185,47.474276957],[19.062412243,47.474275597],[19.062413584,47.474279223],[19.062416266,47.474288288],[19.062406208,47.474289648],[19.06240889,47.474297806],[19.06233513,47.474308231],[19.062327083,47.474286928],[19.062317025,47.474254294],[19.062392127,47.474242963]]]}},{"type":"Feature","id":993,"properties":{"buildingId":2,"floorId":10,"roomNumber":"5-L5","roomName":"5.L5 Lépcsőház DK","scope":"budapest/lagymanyos/eszaki/5/LÉ-5-L5-04-64","roomCode":"LÉ-5-L5-04-64","roomType":"corridor","__tile":"17/72476/45847","__layer":"rooms","__zoom":17,"__mvtId":993,"__building":"eszaki","__ringVerts":6,"id":993,"catalogFloorId":10},"geometry":{"type":"Polygon","coordinates":[[[19.062455516,47.474137081],[19.062462892,47.47416065],[19.062385108,47.474171528],[19.062380414,47.474156117],[19.062377732,47.474147959],[19.062455516,47.474137081]]]}},{"type":"Feature","id":922,"properties":{"buildingId":2,"floorId":10,"roomNumber":"5.135","roomName":"5.135 Difrakciós röntgen laboratórium","scope":"budapest/lagymanyos/eszaki/5/LÉ-5-135-01-14","roomCode":"LÉ-5-135-01-14","roomType":"educational","__tile":"17/72476/45847","__layer":"rooms","__zoom":17,"__mvtId":922,"__building":"eszaki","__ringVerts":20,"id":922,"catalogFloorId":10},"geometry":{"type":"Polygon","coordinates":[[[19.062601473,47.474080238],[19.062608849,47.474107433],[19.062557887,47.474115592],[19.06261019,47.474108793],[19.062620919,47.474143694],[19.062635671,47.474191285],[19.062560569,47.474201256],[19.06254917,47.47416545],[19.062539112,47.474166809],[19.062535088,47.474154118],[19.062545147,47.474152759],[19.062534418,47.474118765],[19.062542464,47.474116498],[19.062534418,47.474117405],[19.062531736,47.474109246],[19.062521677,47.474110606],[19.062517654,47.474097915],[19.062527712,47.474096555],[19.062526371,47.474090663],[19.062601473,47.474080238]]]}},{"type":"Feature","id":917,"properties":{"buildingId":2,"floorId":10,"roomNumber":"5.131","roomName":"5.131 Sarf röntgen dolgozó","scope":"budapest/lagymanyos/eszaki/5/LÉ-5-131-01-14","roomCode":"LÉ-5-131-01-14","roomType":"educational","__tile":"17/72476/45847","__layer":"rooms","__zoom":17,"__mvtId":917,"__building":"eszaki","__ringVerts":19,"id":917,"catalogFloorId":10},"geometry":{"type":"Polygon","coordinates":[[[19.062538766,47.474291847],[19.062556201,47.474345784],[19.062505239,47.474354849],[19.062556201,47.474348051],[19.062565588,47.474374793],[19.062489816,47.474385217],[19.062481769,47.474358475],[19.062489145,47.474356209],[19.062481099,47.474357116],[19.062479087,47.474348957],[19.062468358,47.474350317],[19.062465006,47.474337626],[19.062474393,47.47433536],[19.062471041,47.474323122],[19.062460982,47.474324482],[19.062456959,47.47431179],[19.062467017,47.474310431],[19.062464335,47.474301819],[19.062538766,47.474291847]]]}},{"type":"Feature","id":924,"properties":{"buildingId":2,"floorId":10,"roomNumber":"5.137","roomName":"5.137-5.138 Klasszikus fizikai labor","scope":"budapest/lagymanyos/eszaki/5/LÉ-5-137-01-14","roomCode":"LÉ-5-137-01-14","roomType":"educational","__tile":"17/72476/45847","__layer":"rooms","__zoom":17,"__mvtId":924,"__building":"eszaki","__ringVerts":10,"id":924,"catalogFloorId":10},"geometry":{"type":"Polygon","coordinates":[[[19.062404271,47.474202054],[19.062406282,47.474208399],[19.062416341,47.47420704],[19.062420364,47.474219731],[19.062410306,47.47422109],[19.062429752,47.474285452],[19.062362696,47.474295877],[19.062353979,47.474295424],[19.062329169,47.474212479],[19.062404271,47.474202054]]]}},{"type":"Feature","id":763,"properties":{"buildingId":2,"floorId":8,"roomNumber":"3.141","roomName":"3.141 Oktató","scope":"budapest/lagymanyos/eszaki/3/LÉ-3-141-01-13","roomCode":"LÉ-3-141-01-13","roomType":"educational","__tile":"17/72476/45847","__layer":"rooms","__zoom":17,"__mvtId":763,"__building":"eszaki","__ringVerts":5,"id":763,"catalogFloorId":8},"geometry":{"type":"Polygon","coordinates":[[[19.062600079,47.474069107],[19.062610137,47.474095849],[19.062534365,47.474106274],[19.062526989,47.474079532],[19.062600079,47.474069107]]]}},{"type":"Feature","id":685,"properties":{"buildingId":2,"floorId":7,"roomNumber":"2.75","roomName":"2.75 Oktató","scope":"budapest/lagymanyos/eszaki/2/LÉ-2-75-01-13","roomCode":"LÉ-2-75-01-13","roomType":"educational","__tile":"17/72476/45847","__layer":"rooms","__zoom":17,"__mvtId":685,"__building":"eszaki","__ringVerts":7,"id":685,"catalogFloorId":7},"geometry":{"type":"Polygon","coordinates":[[[19.062468719,47.474066356],[19.062469389,47.474068623],[19.062476765,47.474067716],[19.062493529,47.474121653],[19.062448602,47.474126639],[19.062431838,47.474071342],[19.062468719,47.474066356]]]}},{"type":"Feature","id":762,"properties":{"buildingId":2,"floorId":8,"roomNumber":"3.140","roomName":"3.140 LB-film laboratórium","scope":"budapest/lagymanyos/eszaki/3/LÉ-3-140-01-14","roomCode":"LÉ-3-140-01-14","roomType":"educational","__tile":"17/72476/45847","__layer":"rooms","__zoom":17,"__mvtId":762,"__building":"eszaki","__ringVerts":5,"id":762,"catalogFloorId":8},"geometry":{"type":"Polygon","coordinates":[[[19.062593166,47.474096958],[19.062599201,47.474124153],[19.06252611,47.474134124],[19.062517393,47.474107382],[19.062593166,47.474096958]]]}},{"type":"Feature","id":768,"properties":{"buildingId":2,"floorId":8,"roomNumber":"3.146","roomName":"3.146 AFM/STM laboratórium","scope":"budapest/lagymanyos/eszaki/3/LÉ-3-146-01-14","roomCode":"LÉ-3-146-01-14","roomType":"educational","__tile":"17/72476/45847","__layer":"rooms","__zoom":17,"__mvtId":768,"__building":"eszaki","__ringVerts":9,"id":768,"catalogFloorId":8},"geometry":{"type":"Polygon","coordinates":[[[19.062360952,47.474327516],[19.062372352,47.47436287],[19.06238241,47.47436151],[19.062385763,47.474374654],[19.062375705,47.474376014],[19.062377716,47.474381906],[19.062302614,47.474392331],[19.062285851,47.474337941],[19.062360952,47.474327516]]]}},{"type":"Feature","id":760,"properties":{"buildingId":2,"floorId":8,"roomNumber":"3.138","roomName":"3.138 Biofizika laboratórium 1.","scope":"budapest/lagymanyos/eszaki/3/LÉ-3-138-01-14","roomCode":"LÉ-3-138-01-14","roomType":"educational","__tile":"17/72476/45847","__layer":"rooms","__zoom":17,"__mvtId":760,"__building":"eszaki","__ringVerts":9,"id":760,"catalogFloorId":8},"geometry":{"type":"Polygon","coordinates":[[[19.062577791,47.474171006],[19.062594555,47.474226303],[19.062518783,47.474236728],[19.062516771,47.474230835],[19.062506713,47.474232195],[19.06250336,47.474219504],[19.062513418,47.474218144],[19.062502019,47.474181884],[19.062577791,47.474171006]]]}},{"type":"Feature","id":1146,"properties":{"buildingId":2,"floorId":12,"roomNumber":"7.93","roomName":"7.93 Dolgozó","scope":"budapest/lagymanyos/eszaki/7/LÉ-7-93-02-33","roomCode":"LÉ-7-93-02-33","roomType":"administrative","__tile":"17/72476/45847","__layer":"rooms","__zoom":17,"__mvtId":1146,"__building":"eszaki","__ringVerts":5,"id":1146,"catalogFloorId":12},"geometry":{"type":"Polygon","coordinates":[[[19.062549977,47.474237484],[19.062558024,47.474264679],[19.062482922,47.474275104],[19.062474205,47.474247909],[19.062549977,47.474237484]]]}},{"type":"Feature","id":1073,"properties":{"buildingId":2,"floorId":12,"roomNumber":"7.100/A","roomName":"7.100/A Oktató","scope":"budapest/lagymanyos/eszaki/7/LÉ-7-100-A-01-13","roomCode":"LÉ-7-100/A-01-13","roomType":"educational","__tile":"17/72476/45847","__layer":"rooms","__zoom":17,"__mvtId":1073,"__building":"eszaki","__ringVerts":10,"id":1073,"catalogFloorId":12},"geometry":{"type":"Polygon","coordinates":[[[19.062423058,47.47416552],[19.062425069,47.474173678],[19.062435127,47.474172318],[19.062439151,47.474185463],[19.062429092,47.474186823],[19.062431104,47.474192262],[19.062355332,47.474202686],[19.062349297,47.474175944],[19.062417023,47.474166426],[19.062423058,47.47416552]]]}},{"type":"Feature","id":786,"properties":{"buildingId":2,"floorId":8,"roomNumber":"3.86","roomName":"3.86 Oktató","scope":"budapest/lagymanyos/eszaki/3/LÉ-3-86-02-33","roomCode":"LÉ-3-86-02-33","roomType":"administrative","__tile":"17/72476/45847","__layer":"rooms","__zoom":17,"__mvtId":786,"__building":"eszaki","__ringVerts":8,"id":786,"catalogFloorId":8},"geometry":{"type":"Polygon","coordinates":[[[19.062470803,47.474061499],[19.062471474,47.474063765],[19.06247885,47.474062859],[19.062495614,47.474116796],[19.062452028,47.474123141],[19.062449346,47.474116796],[19.062433923,47.474066485],[19.062470803,47.474061499]]]}},{"type":"Feature","id":1145,"properties":{"buildingId":2,"floorId":12,"roomNumber":"7.92","roomName":"7.92 Dolgozó","scope":"budapest/lagymanyos/eszaki/7/LÉ-7-92-02-33","roomCode":"LÉ-7-92-02-33","roomType":"administrative","__tile":"17/72476/45847","__layer":"rooms","__zoom":17,"__mvtId":1145,"__building":"eszaki","__ringVerts":5,"id":1145,"catalogFloorId":12},"geometry":{"type":"Polygon","coordinates":[[[19.06254128,47.474265608],[19.062549327,47.474292803],[19.062474225,47.474303228],[19.062466178,47.474276033],[19.06254128,47.474265608]]]}},{"type":"Feature","id":851,"properties":{"buildingId":2,"floorId":9,"roomNumber":"4.68","roomName":"4.68 Tanszékvezető","scope":"budapest/lagymanyos/eszaki/4/LÉ-4-68-01-13","roomCode":"LÉ-4-68-01-13","roomType":"educational","__tile":"17/72476/45847","__layer":"rooms","__zoom":17,"__mvtId":851,"__building":"eszaki","__ringVerts":6,"id":851,"catalogFloorId":9},"geometry":{"type":"Polygon","coordinates":[[[19.062354832,47.474044855],[19.062370925,47.474101512],[19.062332703,47.474106951],[19.06231594,47.474053014],[19.062317951,47.474049841],[19.062354832,47.474044855]]]}},{"type":"Feature","id":920,"properties":{"buildingId":2,"floorId":10,"roomNumber":"5.134","roomName":"5.134 Oktató","scope":"budapest/lagymanyos/eszaki/5/LÉ-5-134-01-13","roomCode":"LÉ-5-134-01-13","roomType":"educational","__tile":"17/72476/45847","__layer":"rooms","__zoom":17,"__mvtId":920,"__building":"eszaki","__ringVerts":5,"id":920,"catalogFloorId":10},"geometry":{"type":"Polygon","coordinates":[[[19.062558475,47.474209274],[19.062565181,47.474236469],[19.06249142,47.47424644],[19.062483373,47.474219698],[19.062558475,47.474209274]]]}},{"type":"Feature","id":945,"properties":{"buildingId":2,"floorId":10,"roomNumber":"5.71","roomName":"5.71 Oktató","scope":"budapest/lagymanyos/eszaki/5/LÉ-5-71-01-13","roomCode":"LÉ-5-71-01-13","roomType":"educational","__tile":"17/72476/45847","__layer":"rooms","__zoom":17,"__mvtId":945,"__building":"eszaki","__ringVerts":5,"id":945,"catalogFloorId":10},"geometry":{"type":"Polygon","coordinates":[[[19.062348002,47.474042012],[19.062364095,47.474098215],[19.062325203,47.474103654],[19.062306428,47.474047451],[19.062348002,47.474042012]]]}},{"type":"Feature","id":1074,"properties":{"buildingId":2,"floorId":12,"roomNumber":"7.100/B","roomName":"7.100/B Dolgozó","scope":"budapest/lagymanyos/eszaki/7/LÉ-7-100-B-02-33","roomCode":"LÉ-7-100/B-02-33","roomType":"administrative","__tile":"17/72476/45847","__layer":"rooms","__zoom":17,"__mvtId":1074,"__building":"eszaki","__ringVerts":5,"id":1074,"catalogFloorId":12},"geometry":{"type":"Polygon","coordinates":[[[19.062428513,47.474191327],[19.06243656,47.474218522],[19.062362799,47.474228493],[19.062352741,47.474201751],[19.062428513,47.474191327]]]}},{"type":"Feature","id":946,"properties":{"buildingId":2,"floorId":10,"roomNumber":"5.72","roomName":"5.72 Oktató","scope":"budapest/lagymanyos/eszaki/5/LÉ-5-72-01-13","roomCode":"LÉ-5-72-01-13","roomType":"educational","__tile":"17/72476/45847","__layer":"rooms","__zoom":17,"__mvtId":946,"__building":"eszaki","__ringVerts":5,"id":946,"catalogFloorId":10},"geometry":{"type":"Polygon","coordinates":[[[19.062389026,47.474047675],[19.062406461,47.474104331],[19.062366228,47.474108863],[19.062349464,47.474053567],[19.062389026,47.474047675]]]}},{"type":"Feature","id":1018,"properties":{"buildingId":2,"floorId":11,"roomNumber":"6.127","roomName":"6.127 Rendszergazdák","scope":"budapest/lagymanyos/eszaki/6/LÉ-6-127-02-33","roomCode":"LÉ-6-127-02-33","roomType":"administrative","__tile":"17/72476/45847","__layer":"rooms","__zoom":17,"__mvtId":1018,"__building":"eszaki","__ringVerts":6,"id":1018,"catalogFloorId":11},"geometry":{"type":"Polygon","coordinates":[[[19.06260033,47.474067975],[19.062617093,47.474122819],[19.062541321,47.474133243],[19.062536627,47.474117833],[19.062524557,47.4740784],[19.06260033,47.474067975]]]}},{"type":"Feature","id":1021,"properties":{"buildingId":2,"floorId":11,"roomNumber":"6.131","roomName":"6.131 Met labor","scope":"budapest/lagymanyos/eszaki/6/LÉ-6-131-01-13","roomCode":"LÉ-6-131-01-13","roomType":"educational","__tile":"17/72476/45847","__layer":"rooms","__zoom":17,"__mvtId":1021,"__building":"eszaki","__ringVerts":6,"id":1021,"catalogFloorId":11},"geometry":{"type":"Polygon","coordinates":[[[19.062414824,47.474220484],[19.062417506,47.474228643],[19.062422871,47.474247679],[19.062347769,47.474258104],[19.062341063,47.474230909],[19.062414824,47.474220484]]]}},{"type":"Feature","id":37006,"properties":{"buildingId":2,"floorId":6,"roomNumber":"1.137","roomName":"Irattár","scope":"budapest/lagymanyos/eszaki/1/LÉ-1-137-02-34","roomCode":"LÉ-1-137-02-34","roomType":"administrative","__tile":"17/72476/45847","__layer":"rooms","__zoom":17,"__mvtId":37006,"__building":"eszaki","__ringVerts":13,"id":37006,"catalogFloorId":6},"geometry":{"type":"Polygon","coordinates":[[[19.062376058,47.474329749],[19.062386116,47.474363743],[19.062396175,47.474362384],[19.062400198,47.474375075],[19.06239014,47.474376435],[19.062392822,47.474385953],[19.062318391,47.474395471],[19.062309674,47.474366463],[19.062319061,47.474365103],[19.06231772,47.474361024],[19.062308332,47.474362384],[19.062302297,47.474339721],[19.062376058,47.474329749]]]}},{"type":"Feature","id":36516,"properties":{"buildingId":2,"floorId":4,"roomNumber":"P.45/A","roomName":"Előtér","scope":"budapest/lagymanyos/eszaki/-1/LÉ--1-167-A-04-62","roomCode":"LÉ--1-167/A-04-62","roomType":"corridor","__tile":"17/72476/45847","__layer":"rooms","__zoom":17,"__mvtId":36516,"__building":"eszaki","__ringVerts":6,"id":36516,"catalogFloorId":4},"geometry":{"type":"Polygon","coordinates":[[[19.062352555,47.474167925],[19.062368649,47.474221862],[19.062331098,47.474226848],[19.062316345,47.47417563],[19.062317016,47.474172911],[19.062352555,47.474167925]]]}},{"type":"Feature","id":36558,"properties":{"buildingId":2,"floorId":4,"roomNumber":"P-K6","roomName":"Folyosó","scope":"budapest/lagymanyos/eszaki/-1/LÉ--1-K6-04-63","roomCode":"LÉ--1-K6-04-63","roomType":"corridor","__tile":"17/72476/45847","__layer":"rooms","__zoom":17,"__mvtId":36558,"__building":"eszaki","__ringVerts":38,"id":36558,"catalogFloorId":4},"geometry":{"type":"Polygon","coordinates":[[[19.062408145,47.474071083],[19.062419544,47.474109156],[19.062429602,47.474107343],[19.062432955,47.474117768],[19.062422226,47.474119128],[19.062427591,47.474137258],[19.06243832,47.474135898],[19.062441002,47.47414587],[19.062430944,47.474147683],[19.062444355,47.474193461],[19.062455083,47.474192101],[19.062458436,47.474202073],[19.062447707,47.474203886],[19.062453072,47.47422111],[19.062463801,47.47421975],[19.062466483,47.474230175],[19.062455754,47.474231534],[19.062461118,47.474249211],[19.062471847,47.474247851],[19.0624752,47.474258276],[19.062464471,47.474259636],[19.062469836,47.474277766],[19.062480564,47.474275953],[19.062483917,47.474286378],[19.062472518,47.474287738],[19.062486599,47.474333063],[19.062497328,47.47433125],[19.062500681,47.474342128],[19.062489282,47.474343488],[19.062495317,47.474362071],[19.062506045,47.474360258],[19.062508728,47.474370229],[19.062497999,47.474371589],[19.062508728,47.474407396],[19.062477212,47.474411928],[19.062410156,47.474186209],[19.062377299,47.474075616],[19.062408145,47.474071083]]]}},{"type":"Feature","id":36702,"properties":{"buildingId":2,"floorId":5,"roomNumber":"F.51 M1 (0.135)","roomName":"Irattár","scope":"budapest/lagymanyos/eszaki/0/LÉ-0-135-02-34","roomCode":"LÉ-0-135-02-34","roomType":"administrative","__tile":"17/72476/45847","__layer":"rooms","__zoom":17,"__mvtId":36702,"__building":"eszaki","__ringVerts":5,"id":36702,"catalogFloorId":5},"geometry":{"type":"Polygon","coordinates":[[[19.062425159,47.474173273],[19.062441252,47.474226757],[19.062376209,47.474235822],[19.062360786,47.474181431],[19.062425159,47.474173273]]]}},{"type":"Feature","id":36699,"properties":{"buildingId":2,"floorId":5,"roomNumber":"F.58-60 B1 (0.13)","roomName":"PPK előadóterem","scope":"budapest/lagymanyos/eszaki/0/LÉ-0-133-01-11","roomCode":"LÉ-0-133-01-11","roomType":"educational","__tile":"17/72476/45847","__layer":"rooms","__zoom":17,"__mvtId":36699,"__building":"eszaki","__ringVerts":26,"id":36699,"catalogFloorId":5},"geometry":{"type":"Polygon","coordinates":[[[19.062696796,47.473983108],[19.06276318,47.474206561],[19.062474172,47.474245541],[19.062440645,47.474136761],[19.062446009,47.474135854],[19.062444668,47.474131775],[19.062517088,47.474121803],[19.062517758,47.47412407],[19.062525134,47.474123163],[19.062524464,47.474120897],[19.062557321,47.474116364],[19.062572744,47.474166675],[19.062584143,47.474165315],[19.062575426,47.474134948],[19.062564697,47.474136307],[19.062561344,47.474123616],[19.062571402,47.474122256],[19.062557991,47.474078744],[19.062547933,47.474080104],[19.06254458,47.474067866],[19.062554639,47.474066507],[19.062552627,47.474060614],[19.062633093,47.474050643],[19.062628399,47.474046564],[19.062612977,47.47399444],[19.062696796,47.473983108]],[[19.062537204,47.47417574],[19.062533852,47.474178913],[19.062538545,47.474180726],[19.062541898,47.474178006],[19.062537204,47.47417574]],[[19.062578779,47.474169848],[19.062576096,47.474173021],[19.06258079,47.474175287],[19.062583472,47.474172114],[19.062578779,47.474169848]],[[19.062662598,47.47415897],[19.062659245,47.474162143],[19.062663939,47.474163956],[19.062667291,47.474160783],[19.062662598,47.47415897]],[[19.062645834,47.474102767],[19.062642481,47.474105939],[19.062647175,47.474107752],[19.062650528,47.47410458],[19.062645834,47.474102767]]]}},{"type":"Feature","id":37011,"properties":{"buildingId":2,"floorId":6,"roomNumber":"1.131","roomName":"Könyvraktár","scope":"budapest/lagymanyos/eszaki/1/LÉ-1-131-02-34","roomCode":"LÉ-1-131-02-34","roomType":"administrative","__tile":"17/72476/45847","__layer":"rooms","__zoom":17,"__mvtId":37011,"__building":"eszaki","__ringVerts":23,"id":37011,"catalogFloorId":6},"geometry":{"type":"Polygon","coordinates":[[[19.062540558,47.474050215],[19.062584814,47.474197068],[19.062538546,47.474203414],[19.062533852,47.474187097],[19.062522453,47.474188456],[19.062527147,47.474204773],[19.062407118,47.474221544],[19.06239706,47.47418891],[19.062404436,47.474188003],[19.062403095,47.474183471],[19.062515748,47.47416806],[19.06251843,47.474175765],[19.062529829,47.474174406],[19.062517089,47.47413044],[19.06250703,47.4741318],[19.062503678,47.474119109],[19.062513065,47.474118202],[19.062500325,47.47407469],[19.062490267,47.47407605],[19.062486914,47.474063359],[19.062496302,47.474061999],[19.06249496,47.47405656],[19.062540558,47.474050215]]]}},{"type":"Feature","id":709,"properties":{"buildingId":2,"floorId":7,"roomNumber":"2-L5","roomName":"2.L5 Lépcsőház Fizika DK-i","scope":"budapest/lagymanyos/eszaki/2/LÉ-2-L5-04-64","roomCode":"LÉ-2-L5-04-64","roomType":"corridor","__tile":"17/72476/45847","__layer":"rooms","__zoom":17,"__mvtId":709,"__building":"eszaki","__ringVerts":6,"id":709,"catalogFloorId":7},"geometry":{"type":"Polygon","coordinates":[[[19.062447826,47.474139586],[19.062455202,47.474163155],[19.062377418,47.474174033],[19.062370042,47.474150464],[19.062419663,47.474143665],[19.062447826,47.474139586]]]}},{"type":"Feature","id":36517,"properties":{"buildingId":2,"floorId":4,"roomNumber":"P.L5","roomName":"Lépcsőház","scope":"budapest/lagymanyos/eszaki/-1/LÉ--1-L5-04-64","roomCode":"LÉ--1-L5-04-64","roomType":"corridor","__tile":"17/72476/45847","__layer":"rooms","__zoom":17,"__mvtId":36517,"__building":"eszaki","__ringVerts":7,"id":36517,"catalogFloorId":4},"geometry":{"type":"Polygon","coordinates":[[[19.062433,47.474142474],[19.062437023,47.474156979],[19.062443729,47.474156072],[19.062446411,47.474164684],[19.06236058,47.474176468],[19.062353875,47.474153352],[19.062433,47.474142474]]]}},{"type":"Feature","id":429,"properties":{"buildingId":2,"floorId":10,"roomNumber":"514","roomName":"5.514 Tárgyaló","scope":"budapest/lagymanyos/eszaki/5/LK-5-514-01-17","roomCode":"LK-5-514-01-17","roomType":"educational","__tile":"16/36238/22923","__layer":"rooms","__zoom":16,"__mvtId":429,"__building":"eszaki","__ringVerts":5,"id":429,"catalogFloorId":10},"geometry":{"type":"Polygon","coordinates":[[[19.061538489,47.475260133],[19.06156397,47.475341717],[19.061484845,47.475353501],[19.061462046,47.475338997],[19.061538489,47.475260133]]]}},{"type":"Feature","id":71,"properties":{"buildingId":2,"floorId":9,"roomNumber":"415","roomName":"415 Hajóorr IV.","scope":"budapest/lagymanyos/eszaki/4/LK-4-415-01-12","roomCode":"LK-4-415-01-12","roomType":"educational","__tile":"16/36238/22923","__layer":"rooms","__zoom":16,"__mvtId":71,"__building":"eszaki","__ringVerts":5,"id":71,"catalogFloorId":9},"geometry":{"type":"Polygon","coordinates":[[[19.061538489,47.475260133],[19.06156397,47.475341717],[19.061484845,47.475353501],[19.061462046,47.475338997],[19.061538489,47.475260133]]]}},{"type":"Feature","id":68,"properties":{"buildingId":2,"floorId":7,"roomNumber":"210","roomName":"210 Hajóorr II.","scope":"budapest/lagymanyos/eszaki/2/LK-2-210-01-12","roomCode":"LK-2-210-01-12","roomType":"educational","__tile":"16/36238/22923","__layer":"rooms","__zoom":16,"__mvtId":68,"__building":"eszaki","__ringVerts":5,"id":68,"catalogFloorId":7},"geometry":{"type":"Polygon","coordinates":[[[19.061538489,47.475260133],[19.06156397,47.475341717],[19.061484845,47.475353501],[19.061462046,47.475338997],[19.061538489,47.475260133]]]}},{"type":"Feature","id":469,"properties":{"buildingId":2,"floorId":11,"roomNumber":"610","roomName":"6.610 terem","scope":"budapest/lagymanyos/eszaki/6/LK-6-610-01-13","roomCode":"LK-6-610-01-13","roomType":"educational","__tile":"16/36238/22923","__layer":"rooms","__zoom":16,"__mvtId":469,"__building":"eszaki","__ringVerts":5,"id":469,"catalogFloorId":11},"geometry":{"type":"Polygon","coordinates":[[[19.061538489,47.475260133],[19.06156397,47.475341717],[19.061484845,47.475353501],[19.061462046,47.475338997],[19.061538489,47.475260133]]]}},{"type":"Feature","id":77,"properties":{"buildingId":2,"floorId":8,"roomNumber":"317","roomName":"317 Hajóorr III.","scope":"budapest/lagymanyos/eszaki/3/LK-3-317-01-12","roomCode":"LK-3-317-01-12","roomType":"educational","__tile":"16/36238/22923","__layer":"rooms","__zoom":16,"__mvtId":77,"__building":"eszaki","__ringVerts":5,"id":77,"catalogFloorId":8},"geometry":{"type":"Polygon","coordinates":[[[19.061538489,47.475260133],[19.06156397,47.475341717],[19.061484845,47.475353501],[19.061462046,47.475338997],[19.061538489,47.475260133]]]}},{"type":"Feature","id":36947,"properties":{"buildingId":2,"floorId":6,"roomNumber":"116","roomName":"Labor","scope":"budapest/lagymanyos/eszaki/1/LK-1-116-01-14","roomCode":"LK-1-116-01-14","roomType":"educational","__tile":"16/36238/22923","__layer":"rooms","__zoom":16,"__mvtId":36947,"__building":"eszaki","__ringVerts":5,"id":36947,"catalogFloorId":6},"geometry":{"type":"Polygon","coordinates":[[[19.061556667,47.475230206],[19.06157276,47.475283688],[19.061505705,47.47529366],[19.061489612,47.47523927],[19.061556667,47.475230206]]]}},{"type":"Feature","id":268,"properties":{"buildingId":2,"floorId":7,"roomNumber":"211","roomName":"2.211 ICP-AES Kutatólabor","scope":"budapest/lagymanyos/eszaki/2/LK-2-211-01-14","roomCode":"LK-2-211-01-14","roomType":"educational","__tile":"16/36238/22923","__layer":"rooms","__zoom":16,"__mvtId":268,"__building":"eszaki","__ringVerts":6,"id":268,"catalogFloorId":7},"geometry":{"type":"Polygon","coordinates":[[[19.061563904,47.475225289],[19.061579997,47.475279679],[19.061512942,47.475288744],[19.061504895,47.475260642],[19.061496849,47.475235261],[19.061563904,47.475225289]]]}},{"type":"Feature","id":259,"properties":{"buildingId":2,"floorId":7,"roomNumber":"200/4","roomName":"2.200/4 Menekülő lépcsőház L1","scope":"budapest/lagymanyos/eszaki/2/LK-2-200-4-04-64","roomCode":"LK-2-200/4-04-64","roomType":"corridor","__tile":"16/36238/22923","__layer":"rooms","__zoom":16,"__mvtId":259,"__building":"eszaki","__ringVerts":6,"id":259,"catalogFloorId":7},"geometry":{"type":"Polygon","coordinates":[[[19.061450318,47.47521107],[19.061467752,47.475264553],[19.061391309,47.475275431],[19.061377898,47.475272712],[19.061364487,47.475226481],[19.061450318,47.47521107]]]}},{"type":"Feature","id":309,"properties":{"buildingId":2,"floorId":8,"roomNumber":"300/4","roomName":"3.300/4 Menekülő lépcsőház L1","scope":"budapest/lagymanyos/eszaki/3/LK-3-300-4-04-64","roomCode":"LK-3-300/4-04-64","roomType":"corridor","__tile":"16/36238/22923","__layer":"rooms","__zoom":16,"__mvtId":309,"__building":"eszaki","__ringVerts":6,"id":309,"catalogFloorId":8},"geometry":{"type":"Polygon","coordinates":[[[19.061450318,47.47521107],[19.061467752,47.475264553],[19.061391309,47.475275431],[19.061377898,47.475272712],[19.061364487,47.475226481],[19.061450318,47.47521107]]]}},{"type":"Feature","id":367,"properties":{"buildingId":2,"floorId":9,"roomNumber":"400/4","roomName":"4.400/4 Menekülő lépcsőház L1","scope":"budapest/lagymanyos/eszaki/4/LK-4-400-4-04-64","roomCode":"LK-4-400/4-04-64","roomType":"corridor","__tile":"16/36238/22923","__layer":"rooms","__zoom":16,"__mvtId":367,"__building":"eszaki","__ringVerts":6,"id":367,"catalogFloorId":9},"geometry":{"type":"Polygon","coordinates":[[[19.061450318,47.47521107],[19.061467752,47.475264553],[19.061391309,47.475275431],[19.061377898,47.475272712],[19.061364487,47.475226481],[19.061450318,47.47521107]]]}},{"type":"Feature","id":36623,"properties":{"buildingId":2,"floorId":4,"roomNumber":"*P-KX - A006/4","roomName":"Lépcsőház","scope":"budapest/lagymanyos/eszaki/-1/LK--1-L1-04-64","roomCode":"LK--1-L1-04-64","roomType":"corridor","__tile":"16/36238/22923","__layer":"rooms","__zoom":16,"__mvtId":36623,"__building":"eszaki","__ringVerts":7,"id":36623,"catalogFloorId":4},"geometry":{"type":"Polygon","coordinates":[[[19.061427096,47.475222957],[19.061439166,47.475243807],[19.06143246,47.475244713],[19.061441848,47.47527644],[19.061364064,47.475286412],[19.061347971,47.475233835],[19.061427096,47.475222957]],[[19.061366746,47.475281879],[19.061365405,47.475283692],[19.061368087,47.475284599],[19.061369429,47.475282786],[19.061366746,47.475281879]],[[19.061437825,47.475272814],[19.061435143,47.475273721],[19.061437825,47.475274627],[19.061439166,47.475273721],[19.061437825,47.475272814]],[[19.061351994,47.475234742],[19.061350653,47.475236555],[19.061353335,47.475237461],[19.061354676,47.475235648],[19.061351994,47.475234742]],[[19.061423073,47.475225677],[19.061421732,47.475226583],[19.061424414,47.47522749],[19.061425755,47.475226583],[19.061423073,47.475225677]]]}},{"type":"Feature","id":36770,"properties":{"buildingId":2,"floorId":5,"roomNumber":"014","roomName":"Tartózkodó","scope":"budapest/lagymanyos/eszaki/0/LK-0-014-03-58","roomCode":"LK-0-014-03-58","roomType":"misc","__tile":"16/36238/22923","__layer":"rooms","__zoom":16,"__mvtId":36770,"__building":"eszaki","__ringVerts":5,"id":36770,"catalogFloorId":5},"geometry":{"type":"Polygon","coordinates":[[[19.061539711,47.475263881],[19.061565192,47.475347278],[19.061484726,47.475358156],[19.061463268,47.475340933],[19.061539711,47.475263881]],[[19.061554464,47.475344559],[19.061553122,47.475346372],[19.061555805,47.475347278],[19.061557146,47.475345465],[19.061554464,47.475344559]],[[19.061495455,47.475318271],[19.061492773,47.475319177],[19.061495455,47.47532099],[19.061496796,47.475319177],[19.061495455,47.475318271]],[[19.061534347,47.475278385],[19.061533006,47.475279292],[19.061535688,47.475281105],[19.061537029,47.475279292],[19.061534347,47.475278385]]]}},{"type":"Feature","id":36781,"properties":{"buildingId":2,"floorId":5,"roomNumber":"000/4","roomName":"Lépcsőház","scope":"budapest/lagymanyos/eszaki/0/LK-0-000-4-04-64","roomCode":"LK-0-000/4-04-64","roomType":"corridor","__tile":"16/36238/22923","__layer":"rooms","__zoom":16,"__mvtId":36781,"__building":"eszaki","__ringVerts":12,"id":36781,"catalogFloorId":5},"geometry":{"type":"Polygon","coordinates":[[[19.061427451,47.475221909],[19.061432816,47.475224628],[19.061434157,47.475230067],[19.061443545,47.475229161],[19.061454273,47.47526542],[19.061444886,47.475267233],[19.061447568,47.475275392],[19.061372466,47.475284456],[19.061367102,47.475282643],[19.061355032,47.475235506],[19.061357714,47.47523188],[19.061427451,47.475221909]],[[19.061372466,47.47528083],[19.061369784,47.475282643],[19.061372466,47.47528355],[19.061375148,47.475281737],[19.061372466,47.47528083]],[[19.061442203,47.475270859],[19.061440862,47.475272672],[19.061443545,47.475274485],[19.061444886,47.475272672],[19.061442203,47.475270859]],[[19.061357714,47.475233693],[19.061356373,47.475235506],[19.061359055,47.475236413],[19.061360396,47.4752346],[19.061357714,47.475233693]],[[19.061428792,47.475223722],[19.06142611,47.475225535],[19.061428792,47.475226441],[19.061430134,47.475225535],[19.061428792,47.475223722]]]}},{"type":"Feature","id":36948,"properties":{"buildingId":2,"floorId":6,"roomNumber":"115","roomName":"Szemináriumi terem","scope":"budapest/lagymanyos/eszaki/1/LK-1-115-01-12","roomCode":"LK-1-115-01-12","roomType":"educational","__tile":"16/36238/22923","__layer":"rooms","__zoom":16,"__mvtId":36948,"__building":"eszaki","__ringVerts":5,"id":36948,"catalogFloorId":6},"geometry":{"type":"Polygon","coordinates":[[[19.061539707,47.475263905],[19.061565188,47.475347302],[19.061484722,47.47535818],[19.061463264,47.475340957],[19.061539707,47.475263905]],[[19.06155446,47.475344583],[19.061553118,47.475346396],[19.061555801,47.475347302],[19.061557142,47.475345489],[19.06155446,47.475344583]],[[19.06149411,47.475317388],[19.061492769,47.475319201],[19.061495451,47.475321014],[19.061496792,47.475319201],[19.06149411,47.475317388]],[[19.061534343,47.475277503],[19.061533002,47.475279316],[19.061534343,47.475280222],[19.061537025,47.475278409],[19.061534343,47.475277503]]]}},{"type":"Feature","id":415,"properties":{"buildingId":2,"floorId":10,"roomNumber":"500/4","roomName":"5.500/4 Menekülő lépcsőház L1","scope":"budapest/lagymanyos/eszaki/5/LK-5-500-4-04-64","roomCode":"LK-5-500/4-04-64","roomType":"corridor","__tile":"16/36238/22923","__layer":"rooms","__zoom":16,"__mvtId":415,"__building":"eszaki","__ringVerts":6,"id":415,"catalogFloorId":10},"geometry":{"type":"Polygon","coordinates":[[[19.061450318,47.47521107],[19.061467752,47.475264553],[19.061391309,47.475275431],[19.061377898,47.475272712],[19.061364487,47.475226481],[19.061450318,47.47521107]]]}},{"type":"Feature","id":36940,"properties":{"buildingId":2,"floorId":6,"roomNumber":"111","roomName":"Spektrokémiai mérőszoba/hallgatói labor","scope":"budapest/lagymanyos/eszaki/1/LK-1-111-01-14","roomCode":"LK-1-111-01-14","roomType":"educational","__tile":"16/36238/22923","__layer":"rooms","__zoom":16,"__mvtId":36940,"__building":"eszaki","__ringVerts":8,"id":36940,"catalogFloorId":6},"geometry":{"type":"Polygon","coordinates":[[[19.061493663,47.475048295],[19.061519144,47.475130785],[19.061450747,47.47513985],[19.061434654,47.475086367],[19.061445383,47.475081835],[19.061433313,47.475083648],[19.061425266,47.475057359],[19.061493663,47.475048295]]]}},{"type":"Feature","id":36759,"properties":{"buildingId":2,"floorId":5,"roomNumber":"019","roomName":"Zuhanyzó","scope":"budapest/lagymanyos/eszaki/0/LK-0-019D-05-73","roomCode":"LK-0-019D-05-73","roomType":"social","__tile":"16/36238/22923","__layer":"rooms","__zoom":16,"__mvtId":36759,"__building":"eszaki","__ringVerts":11,"id":36759,"catalogFloorId":5},"geometry":{"type":"Polygon","coordinates":[[[19.061605323,47.475097435],[19.06161337,47.475122816],[19.061602641,47.475127349],[19.06161337,47.475125536],[19.061621416,47.475151824],[19.0616013,47.475153637],[19.061587889,47.475108312],[19.061598617,47.475107406],[19.061587889,47.475107406],[19.061586547,47.475100154],[19.061605323,47.475097435]]]}},{"type":"Feature","id":36938,"properties":{"buildingId":2,"floorId":6,"roomNumber":"109","roomName":"Labor","scope":"budapest/lagymanyos/eszaki/1/LK-1-109-01-14","roomCode":"LK-1-109-01-14","roomType":"educational","__tile":"16/36238/22923","__layer":"rooms","__zoom":16,"__mvtId":36938,"__building":"eszaki","__ringVerts":5,"id":36938,"catalogFloorId":6},"geometry":{"type":"Polygon","coordinates":[[[19.061518771,47.474958601],[19.061526818,47.474984889],[19.061459763,47.474993954],[19.061451716,47.474967666],[19.061518771,47.474958601]]]}},{"type":"Feature","id":36758,"properties":{"buildingId":2,"floorId":5,"roomNumber":"021","roomName":"Kutató labor","scope":"budapest/lagymanyos/eszaki/0/LK-0-021-01-14","roomCode":"LK-0-021-01-14","roomType":"educational","__tile":"16/36238/22923","__layer":"rooms","__zoom":16,"__mvtId":36758,"__building":"eszaki","__ringVerts":5,"id":36758,"catalogFloorId":5},"geometry":{"type":"Polygon","coordinates":[[[19.061614147,47.47505901],[19.061622194,47.475085298],[19.061555139,47.475095269],[19.061547092,47.475068074],[19.061614147,47.47505901]]]}},{"type":"Feature","id":323,"properties":{"buildingId":2,"floorId":8,"roomNumber":"315","roomName":"3.315 Mérleg szoba, centrifugaszoba","scope":"budapest/lagymanyos/eszaki/3/LK-3-315-01-14","roomCode":"LK-3-315-01-14","roomType":"educational","__tile":"16/36238/22923","__layer":"rooms","__zoom":16,"__mvtId":323,"__building":"eszaki","__ringVerts":5,"id":323,"catalogFloorId":8},"geometry":{"type":"Polygon","coordinates":[[[19.061470524,47.47512294],[19.061478571,47.475149228],[19.061411516,47.475158293],[19.061403469,47.475132005],[19.061470524,47.47512294]]]}},{"type":"Feature","id":36941,"properties":{"buildingId":2,"floorId":6,"roomNumber":"121","roomName":"Labor","scope":"budapest/lagymanyos/eszaki/1/LK-1-121-01-14","roomCode":"LK-1-121-01-14","roomType":"educational","__tile":"16/36238/22923","__layer":"rooms","__zoom":16,"__mvtId":36941,"__building":"eszaki","__ringVerts":5,"id":36941,"catalogFloorId":6},"geometry":{"type":"Polygon","coordinates":[[[19.061614321,47.475058706],[19.061622368,47.475084994],[19.061555313,47.475094965],[19.061547266,47.47506777],[19.061614321,47.475058706]]]}},{"type":"Feature","id":322,"properties":{"buildingId":2,"floorId":8,"roomNumber":"314","roomName":"3.314 Kutató labor","scope":"budapest/lagymanyos/eszaki/3/LK-3-314-01-14","roomCode":"LK-3-314-01-14","roomType":"educational","__tile":"16/36238/22923","__layer":"rooms","__zoom":16,"__mvtId":322,"__building":"eszaki","__ringVerts":5,"id":322,"catalogFloorId":8},"geometry":{"type":"Polygon","coordinates":[[[19.061478789,47.475094916],[19.061486836,47.475121204],[19.061419781,47.475130269],[19.061413075,47.475103981],[19.061478789,47.475094916]]]}},{"type":"Feature","id":375,"properties":{"buildingId":2,"floorId":9,"roomNumber":"409","roomName":"4.409 HF Labor","scope":"budapest/lagymanyos/eszaki/4/LK-4-409-01-14","roomCode":"LK-4-409-01-14","roomType":"educational","__tile":"16/36238/22923","__layer":"rooms","__zoom":16,"__mvtId":375,"__building":"eszaki","__ringVerts":5,"id":375,"catalogFloorId":9},"geometry":{"type":"Polygon","coordinates":[[[19.06151319,47.474983],[19.061521237,47.475008382],[19.061454182,47.475018353],[19.061446135,47.474992065],[19.06151319,47.474983]]]}},{"type":"Feature","id":424,"properties":{"buildingId":2,"floorId":10,"roomNumber":"509","roomName":"5.509 Labor","scope":"budapest/lagymanyos/eszaki/5/LK-5-509-01-14","roomCode":"LK-5-509-01-14","roomType":"educational","__tile":"16/36238/22923","__layer":"rooms","__zoom":16,"__mvtId":424,"__building":"eszaki","__ringVerts":5,"id":424,"catalogFloorId":10},"geometry":{"type":"Polygon","coordinates":[[[19.061521723,47.474954976],[19.06152977,47.474980358],[19.061462715,47.474990329],[19.061454668,47.474964041],[19.061521723,47.474954976]]]}},{"type":"Feature","id":36931,"properties":{"buildingId":2,"floorId":6,"roomNumber":"107","roomName":"Labor","scope":"budapest/lagymanyos/eszaki/1/LK-1-107-01-14","roomCode":"LK-1-107-01-14","roomType":"educational","__tile":"16/36238/22923","__layer":"rooms","__zoom":16,"__mvtId":36931,"__building":"eszaki","__ringVerts":5,"id":36931,"catalogFloorId":6},"geometry":{"type":"Polygon","coordinates":[[[19.061538407,47.474872877],[19.0615545,47.474927266],[19.061486104,47.474935424],[19.061470011,47.474881942],[19.061538407,47.474872877]]]}},{"type":"Feature","id":36946,"properties":{"buildingId":2,"floorId":6,"roomNumber":"114","roomName":"Labor","scope":"budapest/lagymanyos/eszaki/1/LK-1-114-01-14","roomCode":"LK-1-114-01-14","roomType":"educational","__tile":"16/36238/22923","__layer":"rooms","__zoom":16,"__mvtId":36946,"__building":"eszaki","__ringVerts":9,"id":36946,"catalogFloorId":6},"geometry":{"type":"Polygon","coordinates":[[[19.061469942,47.475126368],[19.061494081,47.475208858],[19.061425685,47.475217923],[19.061417639,47.475192541],[19.061425685,47.475188009],[19.061417639,47.475188915],[19.061401545,47.475135432],[19.061409592,47.475134526],[19.061469942,47.475126368]]]}},{"type":"Feature","id":377,"properties":{"buildingId":2,"floorId":9,"roomNumber":"411","roomName":"4.411 HPLC labor","scope":"budapest/lagymanyos/eszaki/4/LK-4-411-01-14","roomCode":"LK-4-411-01-14","roomType":"educational","__tile":"16/36238/22923","__layer":"rooms","__zoom":16,"__mvtId":377,"__building":"eszaki","__ringVerts":5,"id":377,"catalogFloorId":9},"geometry":{"type":"Polygon","coordinates":[[[19.061496123,47.475038868],[19.06150417,47.475065156],[19.061437115,47.475074221],[19.061429068,47.475047933],[19.061496123,47.475038868]]]}},{"type":"Feature","id":36778,"properties":{"buildingId":2,"floorId":5,"roomNumber":"000/3","roomName":"Folyosó","scope":"budapest/lagymanyos/eszaki/0/LK-0-000-3-04-63","roomCode":"LK-0-000/3-04-63","roomType":"corridor","__tile":"16/36238/22923","__layer":"rooms","__zoom":16,"__mvtId":36778,"__building":"eszaki","__ringVerts":44,"id":36778,"catalogFloorId":5},"geometry":{"type":"Polygon","coordinates":[[[19.06145771,47.475096067],[19.061476485,47.475107851],[19.061479168,47.475124168],[19.061491238,47.475122355],[19.06149392,47.475133233],[19.06148185,47.475134139],[19.061487214,47.475151362],[19.061499284,47.475149549],[19.061501966,47.475160427],[19.061489896,47.47516224],[19.061495261,47.47518037],[19.061507331,47.475178557],[19.061511354,47.475189435],[19.061499284,47.475190341],[19.061504649,47.475207565],[19.061515377,47.475205752],[19.061519401,47.47521663],[19.061507331,47.475218443],[19.061512695,47.475236572],[19.061524765,47.475234759],[19.061527447,47.475245637],[19.061515377,47.475246544],[19.061520742,47.475263767],[19.061532812,47.475261954],[19.061535494,47.475272832],[19.061524765,47.475277364],[19.061485873,47.475279177],[19.061483191,47.475269206],[19.061495261,47.475267393],[19.061489896,47.47525017],[19.061477826,47.475251983],[19.061475144,47.475241105],[19.061487214,47.475240198],[19.061480509,47.475222069],[19.06146978,47.475223882],[19.061465757,47.475213004],[19.061477826,47.475211191],[19.061472462,47.475193967],[19.061461733,47.47519578],[19.06145771,47.475185809],[19.06146978,47.475183996],[19.061452345,47.475114196],[19.061442958,47.47511057],[19.06145771,47.475096067]]]}},{"type":"Feature","id":328,"properties":{"buildingId":2,"floorId":8,"roomNumber":"321","roomName":"3.321 Műszeres labor","scope":"budapest/lagymanyos/eszaki/3/LK-3-321-01-14","roomCode":"LK-3-321-01-14","roomType":"educational","__tile":"16/36238/22923","__layer":"rooms","__zoom":16,"__mvtId":328,"__building":"eszaki","__ringVerts":5,"id":328,"catalogFloorId":8},"geometry":{"type":"Polygon","coordinates":[[[19.061599122,47.47511224],[19.061607169,47.475138528],[19.061540114,47.475147593],[19.061532067,47.475121305],[19.061599122,47.47511224]]]}},{"type":"Feature","id":334,"properties":{"buildingId":2,"floorId":8,"roomNumber":"326","roomName":"3.326 Előtér","scope":"budapest/lagymanyos/eszaki/3/LK-3-326-04-63","roomCode":"LK-3-326-04-63","roomType":"corridor","__tile":"16/36238/22923","__layer":"rooms","__zoom":16,"__mvtId":334,"__building":"eszaki","__ringVerts":5,"id":334,"catalogFloorId":8},"geometry":{"type":"Polygon","coordinates":[[[19.061610314,47.474971673],[19.061618361,47.474997961],[19.061586174,47.475001587],[19.061578127,47.474976206],[19.061610314,47.474971673]]]}},{"type":"Feature","id":379,"properties":{"buildingId":2,"floorId":9,"roomNumber":"413","roomName":"4.413 Előkészítő","scope":"budapest/lagymanyos/eszaki/4/LK-4-413-01-14","roomCode":"LK-4-413-01-14","roomType":"educational","__tile":"16/36238/22923","__layer":"rooms","__zoom":16,"__mvtId":379,"__building":"eszaki","__ringVerts":5,"id":379,"catalogFloorId":9},"geometry":{"type":"Polygon","coordinates":[[[19.061471573,47.475097685],[19.061487666,47.475152075],[19.061420611,47.475161139],[19.061404518,47.47510675],[19.061471573,47.475097685]]]}},{"type":"Feature","id":271,"properties":{"buildingId":2,"floorId":7,"roomNumber":"214","roomName":"2.214 Kémiai Kut.labor","scope":"budapest/lagymanyos/eszaki/2/LK-2-214-01-14","roomCode":"LK-2-214-01-14","roomType":"educational","__tile":"16/36238/22923","__layer":"rooms","__zoom":16,"__mvtId":271,"__building":"eszaki","__ringVerts":6,"id":271,"catalogFloorId":7},"geometry":{"type":"Polygon","coordinates":[[[19.061587119,47.475114558],[19.061595165,47.475142659],[19.061603212,47.475168947],[19.061536157,47.475178012],[19.061518722,47.475123623],[19.061587119,47.475114558]]]}},{"type":"Feature","id":378,"properties":{"buildingId":2,"floorId":9,"roomNumber":"412","roomName":"4.412 Oldószer desztilláló labor","scope":"budapest/lagymanyos/eszaki/4/LK-4-412-01-14","roomCode":"LK-4-412-01-14","roomType":"educational","__tile":"16/36238/22923","__layer":"rooms","__zoom":16,"__mvtId":378,"__building":"eszaki","__ringVerts":5,"id":378,"catalogFloorId":9},"geometry":{"type":"Polygon","coordinates":[[[19.06148759,47.475066892],[19.061495637,47.47509318],[19.061428582,47.475102245],[19.061420535,47.475075957],[19.06148759,47.475066892]]]}},{"type":"Feature","id":266,"properties":{"buildingId":2,"floorId":7,"roomNumber":"208","roomName":"2.208 HPLC labor","scope":"budapest/lagymanyos/eszaki/2/LK-2-208-01-14","roomCode":"LK-2-208-01-14","roomType":"educational","__tile":"16/36238/22923","__layer":"rooms","__zoom":16,"__mvtId":266,"__building":"eszaki","__ringVerts":5,"id":266,"catalogFloorId":7},"geometry":{"type":"Polygon","coordinates":[[[19.061471573,47.475097685],[19.061487666,47.475152075],[19.061420611,47.475161139],[19.061404518,47.47510675],[19.061471573,47.475097685]]]}},{"type":"Feature","id":321,"properties":{"buildingId":2,"floorId":8,"roomNumber":"313","roomName":"3.313 Hallgatói labor","scope":"budapest/lagymanyos/eszaki/3/LK-3-313-01-14","roomCode":"LK-3-313-01-14","roomType":"educational","__tile":"16/36238/22923","__layer":"rooms","__zoom":16,"__mvtId":321,"__building":"eszaki","__ringVerts":5,"id":321,"catalogFloorId":8},"geometry":{"type":"Polygon","coordinates":[[[19.061488639,47.475041637],[19.061504732,47.475096027],[19.061437677,47.475105091],[19.061421584,47.475050702],[19.061488639,47.475041637]]]}},{"type":"Feature","id":466,"properties":{"buildingId":2,"floorId":11,"roomNumber":"607","roomName":"6.607 Hallgatói labor","scope":"budapest/lagymanyos/eszaki/6/LK-6-607-01-14","roomCode":"LK-6-607-01-14","roomType":"educational","__tile":"16/36238/22923","__layer":"rooms","__zoom":16,"__mvtId":466,"__building":"eszaki","__ringVerts":5,"id":466,"catalogFloorId":11},"geometry":{"type":"Polygon","coordinates":[[[19.061497685,47.474988539],[19.061523166,47.475070123],[19.06145611,47.475080094],[19.061430629,47.474997604],[19.061497685,47.474988539]]]}},{"type":"Feature","id":468,"properties":{"buildingId":2,"floorId":11,"roomNumber":"609","roomName":"609-es labor","scope":"budapest/lagymanyos/eszaki/6/LK-6-609-01-14","roomCode":"LK-6-609-01-14","roomType":"educational","__tile":"16/36238/22923","__layer":"rooms","__zoom":16,"__mvtId":468,"__building":"eszaki","__ringVerts":5,"id":468,"catalogFloorId":11},"geometry":{"type":"Polygon","coordinates":[[[19.06145584,47.475102816],[19.061489367,47.475213407],[19.061422312,47.475222472],[19.061390126,47.475113694],[19.06145584,47.475102816]]]}},{"type":"Feature","id":320,"properties":{"buildingId":2,"floorId":8,"roomNumber":"311","roomName":"3.311 Műszeres labor","scope":"budapest/lagymanyos/eszaki/3/LK-3-311-01-14","roomCode":"LK-3-311-01-14","roomType":"educational","__tile":"16/36238/22923","__layer":"rooms","__zoom":16,"__mvtId":320,"__building":"eszaki","__ringVerts":5,"id":320,"catalogFloorId":8},"geometry":{"type":"Polygon","coordinates":[[[19.061522504,47.474929903],[19.061538597,47.474983386],[19.061472883,47.47499245],[19.061455448,47.474938968],[19.061522504,47.474929903]]]}},{"type":"Feature","id":329,"properties":{"buildingId":2,"floorId":8,"roomNumber":"322","roomName":"3.322 Kémiai labor","scope":"budapest/lagymanyos/eszaki/3/LK-3-322-01-14","roomCode":"LK-3-322-01-14","roomType":"educational","__tile":"16/36238/22923","__layer":"rooms","__zoom":16,"__mvtId":329,"__building":"eszaki","__ringVerts":5,"id":329,"catalogFloorId":8},"geometry":{"type":"Polygon","coordinates":[[[19.061607664,47.475084398],[19.061615711,47.47510978],[19.061548656,47.475119751],[19.061540609,47.475093463],[19.061607664,47.475084398]]]}},{"type":"Feature","id":319,"properties":{"buildingId":2,"floorId":8,"roomNumber":"310","roomName":"3.310 Kutatói mérőszoba","scope":"budapest/lagymanyos/eszaki/3/LK-3-310-01-14","roomCode":"LK-3-310-01-14","roomType":"educational","__tile":"16/36238/22923","__layer":"rooms","__zoom":16,"__mvtId":319,"__building":"eszaki","__ringVerts":5,"id":319,"catalogFloorId":8},"geometry":{"type":"Polygon","coordinates":[[[19.061541259,47.474893979],[19.061549305,47.474920267],[19.061480909,47.474929331],[19.061474203,47.47490395],[19.061541259,47.474893979]]]}},{"type":"Feature","id":317,"properties":{"buildingId":2,"floorId":8,"roomNumber":"308","roomName":"3.308 Kutatói labor","scope":"budapest/lagymanyos/eszaki/3/LK-3-308-01-14","roomCode":"LK-3-308-01-14","roomType":"educational","__tile":"16/36238/22923","__layer":"rooms","__zoom":16,"__mvtId":317,"__building":"eszaki","__ringVerts":5,"id":317,"catalogFloorId":8},"geometry":{"type":"Polygon","coordinates":[[[19.061559734,47.474812138],[19.061575827,47.474866527],[19.061508772,47.474875592],[19.061492679,47.474821203],[19.061559734,47.474812138]]]}},{"type":"Feature","id":258,"properties":{"buildingId":2,"floorId":7,"roomNumber":"200/3","roomName":"2.200/3 Közlekedő labor hosszú folyosó","scope":"budapest/lagymanyos/eszaki/2/LK-2-200-3-04-63","roomCode":"LK-2-200/3-04-63","roomType":"corridor","__tile":"16/36238/22923","__layer":"rooms","__zoom":16,"__mvtId":258,"__building":"eszaki","__ringVerts":92,"id":258,"catalogFloorId":7},"geometry":{"type":"Polygon","coordinates":[[[19.061456122,47.474917594],[19.06147758,47.474927565],[19.061478921,47.474933911],[19.061490991,47.474933004],[19.061496355,47.474952041],[19.061485626,47.474953853],[19.061490991,47.474971077],[19.061501719,47.474969264],[19.061505743,47.474980142],[19.061493673,47.474981955],[19.061499037,47.474999178],[19.061511107,47.474997365],[19.061513789,47.475008243],[19.061501719,47.475010056],[19.061507084,47.475027279],[19.061519154,47.475025466],[19.061523177,47.475036344],[19.061511107,47.475038157],[19.061516472,47.47505538],[19.061528541,47.475053567],[19.061531224,47.475064445],[19.061519154,47.475066258],[19.061524518,47.475083481],[19.061536588,47.475081668],[19.06153927,47.475092546],[19.061528541,47.475094359],[19.061533906,47.475111582],[19.061544635,47.475109769],[19.061548658,47.475120647],[19.061536588,47.47512246],[19.061541953,47.475139683],[19.061554022,47.475137871],[19.061556705,47.475148748],[19.061544635,47.475150561],[19.061549999,47.475167785],[19.061562069,47.475165972],[19.061566092,47.475176849],[19.061554022,47.475178662],[19.061559387,47.475195886],[19.061571457,47.475194073],[19.061574139,47.47520495],[19.061562069,47.475206763],[19.061566092,47.475217641],[19.061576821,47.475215828],[19.061579503,47.475223987],[19.061567434,47.4752258],[19.061579503,47.475262059],[19.061590232,47.475260246],[19.061592914,47.475269311],[19.06155134,47.47527475],[19.061549999,47.475266591],[19.061537929,47.475268404],[19.061535247,47.475258433],[19.061545976,47.47525662],[19.061540611,47.47523849],[19.061529883,47.475240303],[19.061525859,47.475230332],[19.061537929,47.475228519],[19.061532565,47.475210389],[19.061520495,47.475212202],[19.061517813,47.475202231],[19.061529883,47.475200418],[19.061524518,47.475182288],[19.061512448,47.475184101],[19.061508425,47.475173223],[19.061520495,47.475172317],[19.06151513,47.475154187],[19.06150306,47.475156],[19.061500378,47.475145122],[19.061512448,47.475144216],[19.061507084,47.475126086],[19.061495014,47.475127899],[19.061492332,47.475117021],[19.06150306,47.475116115],[19.061497696,47.475097985],[19.061486967,47.475099798],[19.061482944,47.47508892],[19.061495014,47.475088014],[19.061489649,47.475069884],[19.06147758,47.475071697],[19.061474897,47.475060819],[19.061486967,47.475059913],[19.061481603,47.475041783],[19.061469533,47.475043596],[19.06146551,47.475032718],[19.06147758,47.475031812],[19.061472215,47.475013682],[19.061460145,47.475015495],[19.061452099,47.474986487],[19.06146551,47.474984674],[19.061445393,47.474931191],[19.061456122,47.474917594]]]}},{"type":"Feature","id":308,"properties":{"buildingId":2,"floorId":8,"roomNumber":"300/3","roomName":"3.300/3 Hosszú laborfolyosó","scope":"budapest/lagymanyos/eszaki/3/LK-3-300-3-04-63","roomCode":"LK-3-300/3-04-63","roomType":"corridor","__tile":"16/36238/22923","__layer":"rooms","__zoom":16,"__mvtId":308,"__building":"eszaki","__ringVerts":92,"id":308,"catalogFloorId":8},"geometry":{"type":"Polygon","coordinates":[[[19.061456122,47.474917594],[19.06147758,47.474927565],[19.061478921,47.474933911],[19.061490991,47.474933004],[19.061496355,47.474952041],[19.061485626,47.474953853],[19.061490991,47.474971077],[19.061501719,47.474969264],[19.061505743,47.474980142],[19.061493673,47.474981955],[19.061499037,47.474999178],[19.061511107,47.474997365],[19.061513789,47.475008243],[19.061501719,47.475010056],[19.061507084,47.475027279],[19.061519154,47.475025466],[19.061523177,47.475036344],[19.061511107,47.475038157],[19.061516472,47.47505538],[19.061528541,47.475053567],[19.061531224,47.475064445],[19.061519154,47.475066258],[19.061524518,47.475083481],[19.061536588,47.475081668],[19.06153927,47.475092546],[19.061528541,47.475094359],[19.061533906,47.475111582],[19.061544635,47.475109769],[19.061548658,47.475120647],[19.061536588,47.47512246],[19.061541953,47.475139683],[19.061554022,47.475137871],[19.061556705,47.475148748],[19.061544635,47.475150561],[19.061549999,47.475167785],[19.061562069,47.475165972],[19.061566092,47.475176849],[19.061554022,47.475178662],[19.061559387,47.475195886],[19.061571457,47.475194073],[19.061574139,47.47520495],[19.061562069,47.475206763],[19.061566092,47.475217641],[19.061576821,47.475215828],[19.061579503,47.475223987],[19.061567434,47.4752258],[19.061579503,47.475262059],[19.061590232,47.475260246],[19.061592914,47.475269311],[19.06155134,47.47527475],[19.061549999,47.475266591],[19.061537929,47.475268404],[19.061535247,47.475258433],[19.061545976,47.47525662],[19.061540611,47.47523849],[19.061529883,47.475240303],[19.061525859,47.475230332],[19.061537929,47.475228519],[19.061532565,47.475210389],[19.061520495,47.475212202],[19.061517813,47.475202231],[19.061529883,47.475200418],[19.061524518,47.475182288],[19.061512448,47.475184101],[19.061508425,47.475173223],[19.061520495,47.475172317],[19.06151513,47.475154187],[19.06150306,47.475156],[19.061500378,47.475145122],[19.061512448,47.475144216],[19.061507084,47.475126086],[19.061495014,47.475127899],[19.061492332,47.475117021],[19.06150306,47.475116115],[19.061497696,47.475097985],[19.061486967,47.475099798],[19.061482944,47.47508892],[19.061495014,47.475088014],[19.061489649,47.475069884],[19.06147758,47.475071697],[19.061474897,47.475060819],[19.061486967,47.475059913],[19.061481603,47.475041783],[19.061469533,47.475043596],[19.06146551,47.475032718],[19.06147758,47.475031812],[19.061472215,47.475013682],[19.061460145,47.475015495],[19.061452099,47.474986487],[19.06146551,47.474984674],[19.061445393,47.474931191],[19.061456122,47.474917594]]]}},{"type":"Feature","id":273,"properties":{"buildingId":2,"floorId":7,"roomNumber":"216","roomName":"2.216 KKKK Labor","scope":"budapest/lagymanyos/eszaki/2/LK-2-216-01-14","roomCode":"LK-2-216-01-14","roomType":"educational","__tile":"16/36238/22923","__layer":"rooms","__zoom":16,"__mvtId":273,"__building":"eszaki","__ringVerts":5,"id":273,"catalogFloorId":7},"geometry":{"type":"Polygon","coordinates":[[[19.061624747,47.475028352],[19.061632794,47.475053734],[19.061565739,47.475063705],[19.061557692,47.475037417],[19.061624747,47.475028352]]]}},{"type":"Feature","id":366,"properties":{"buildingId":2,"floorId":9,"roomNumber":"400/3","roomName":"4.400/3 Közl. Hosszú laborfoly. Tanári WC","scope":"budapest/lagymanyos/eszaki/4/LK-4-400-3-04-63","roomCode":"LK-4-400/3-04-63","roomType":"corridor","__tile":"16/36238/22923","__layer":"rooms","__zoom":16,"__mvtId":366,"__building":"eszaki","__ringVerts":92,"id":366,"catalogFloorId":9},"geometry":{"type":"Polygon","coordinates":[[[19.061456122,47.474917594],[19.06147758,47.474927565],[19.061478921,47.474933911],[19.061490991,47.474933004],[19.061496355,47.474952041],[19.061485626,47.474953853],[19.061490991,47.474971077],[19.061501719,47.474969264],[19.061505743,47.474980142],[19.061493673,47.474981955],[19.061499037,47.474999178],[19.061511107,47.474997365],[19.061513789,47.475008243],[19.061501719,47.475010056],[19.061507084,47.475027279],[19.061519154,47.475025466],[19.061523177,47.475036344],[19.061511107,47.475038157],[19.061516472,47.47505538],[19.061528541,47.475053567],[19.061531224,47.475064445],[19.061519154,47.475066258],[19.061524518,47.475083481],[19.061536588,47.475081668],[19.06153927,47.475092546],[19.061528541,47.475094359],[19.061533906,47.475111582],[19.061544635,47.475109769],[19.061548658,47.475120647],[19.061536588,47.47512246],[19.061541953,47.475139683],[19.061554022,47.475137871],[19.061556705,47.475148748],[19.061544635,47.475150561],[19.061549999,47.475167785],[19.061562069,47.475165972],[19.061566092,47.475176849],[19.061554022,47.475178662],[19.061559387,47.475195886],[19.061571457,47.475194073],[19.061574139,47.47520495],[19.061562069,47.475206763],[19.061566092,47.475217641],[19.061576821,47.475215828],[19.061579503,47.475223987],[19.061567434,47.4752258],[19.061579503,47.475262059],[19.061590232,47.475260246],[19.061592914,47.475269311],[19.06155134,47.47527475],[19.061549999,47.475266591],[19.061537929,47.475268404],[19.061535247,47.475258433],[19.061545976,47.47525662],[19.061540611,47.47523849],[19.061529883,47.475240303],[19.061525859,47.475230332],[19.061537929,47.475228519],[19.061532565,47.475210389],[19.061520495,47.475212202],[19.061517813,47.475202231],[19.061529883,47.475200418],[19.061524518,47.475182288],[19.061512448,47.475184101],[19.061508425,47.475173223],[19.061520495,47.475172317],[19.06151513,47.475154187],[19.06150306,47.475156],[19.061500378,47.475145122],[19.061512448,47.475144216],[19.061507084,47.475126086],[19.061495014,47.475127899],[19.061492332,47.475117021],[19.06150306,47.475116115],[19.061497696,47.475097985],[19.061486967,47.475099798],[19.061482944,47.47508892],[19.061495014,47.475088014],[19.061489649,47.475069884],[19.06147758,47.475071697],[19.061474897,47.475060819],[19.061486967,47.475059913],[19.061481603,47.475041783],[19.061469533,47.475043596],[19.06146551,47.475032718],[19.06147758,47.475031812],[19.061472215,47.475013682],[19.061460145,47.475015495],[19.061452099,47.474986487],[19.06146551,47.474984674],[19.061445393,47.474931191],[19.061456122,47.474917594]]]}},{"type":"Feature","id":414,"properties":{"buildingId":2,"floorId":10,"roomNumber":"500/3","roomName":"5.500/3 Közl. Hosszú laborfolyosóTanári WC","scope":"budapest/lagymanyos/eszaki/5/LK-5-500-3-04-63","roomCode":"LK-5-500/3-04-63","roomType":"corridor","__tile":"16/36238/22923","__layer":"rooms","__zoom":16,"__mvtId":414,"__building":"eszaki","__ringVerts":92,"id":414,"catalogFloorId":10},"geometry":{"type":"Polygon","coordinates":[[[19.061456122,47.474917594],[19.06147758,47.474927565],[19.061478921,47.474933911],[19.061490991,47.474933004],[19.061496355,47.474952041],[19.061485626,47.474953853],[19.061490991,47.474971077],[19.061501719,47.474969264],[19.061505743,47.474980142],[19.061493673,47.474981955],[19.061499037,47.474999178],[19.061511107,47.474997365],[19.061513789,47.475008243],[19.061501719,47.475010056],[19.061507084,47.475027279],[19.061519154,47.475025466],[19.061523177,47.475036344],[19.061511107,47.475038157],[19.061516472,47.47505538],[19.061528541,47.475053567],[19.061531224,47.475064445],[19.061519154,47.475066258],[19.061524518,47.475083481],[19.061536588,47.475081668],[19.06153927,47.475092546],[19.061528541,47.475094359],[19.061533906,47.475111582],[19.061544635,47.475109769],[19.061548658,47.475120647],[19.061536588,47.47512246],[19.061541953,47.475139683],[19.061554022,47.475137871],[19.061556705,47.475148748],[19.061544635,47.475150561],[19.061549999,47.475167785],[19.061562069,47.475165972],[19.061566092,47.475176849],[19.061554022,47.475178662],[19.061559387,47.475195886],[19.061571457,47.475194073],[19.061574139,47.47520495],[19.061562069,47.475206763],[19.061566092,47.475217641],[19.061576821,47.475215828],[19.061579503,47.475223987],[19.061567434,47.4752258],[19.061579503,47.475262059],[19.061590232,47.475260246],[19.061592914,47.475269311],[19.06155134,47.47527475],[19.061549999,47.475266591],[19.061537929,47.475268404],[19.061535247,47.475258433],[19.061545976,47.47525662],[19.061540611,47.47523849],[19.061529883,47.475240303],[19.061525859,47.475230332],[19.061537929,47.475228519],[19.061532565,47.475210389],[19.061520495,47.475212202],[19.061517813,47.475202231],[19.061529883,47.475200418],[19.061524518,47.475182288],[19.061512448,47.475184101],[19.061508425,47.475173223],[19.061520495,47.475172317],[19.06151513,47.475154187],[19.06150306,47.475156],[19.061500378,47.475145122],[19.061512448,47.475144216],[19.061507084,47.475126086],[19.061495014,47.475127899],[19.061492332,47.475117021],[19.06150306,47.475116115],[19.061497696,47.475097985],[19.061486967,47.475099798],[19.061482944,47.47508892],[19.061495014,47.475088014],[19.061489649,47.475069884],[19.06147758,47.475071697],[19.061474897,47.475060819],[19.061486967,47.475059913],[19.061481603,47.475041783],[19.061469533,47.475043596],[19.06146551,47.475032718],[19.06147758,47.475031812],[19.061472215,47.475013682],[19.061460145,47.475015495],[19.061452099,47.474986487],[19.06146551,47.474984674],[19.061445393,47.474931191],[19.061456122,47.474917594]]]}},{"type":"Feature","id":330,"properties":{"buildingId":2,"floorId":8,"roomNumber":"323","roomName":"3.323 Fluorimetria Labor, Optika","scope":"budapest/lagymanyos/eszaki/3/LK-3-323-01-14","roomCode":"LK-3-323-01-14","roomType":"educational","__tile":"16/36238/22923","__layer":"rooms","__zoom":16,"__mvtId":330,"__building":"eszaki","__ringVerts":5,"id":330,"catalogFloorId":8},"geometry":{"type":"Polygon","coordinates":[[[19.061616206,47.475056375],[19.061624253,47.475081757],[19.061557198,47.475091728],[19.061549151,47.47506544],[19.061616206,47.475056375]]]}},{"type":"Feature","id":331,"properties":{"buildingId":2,"floorId":8,"roomNumber":"324","roomName":"3.324 Langmuir labor","scope":"budapest/lagymanyos/eszaki/3/LK-3-324-01-14","roomCode":"LK-3-324-01-14","roomType":"educational","__tile":"16/36238/22923","__layer":"rooms","__zoom":16,"__mvtId":331,"__building":"eszaki","__ringVerts":5,"id":331,"catalogFloorId":8},"geometry":{"type":"Polygon","coordinates":[[[19.061624747,47.475028352],[19.061632794,47.475053734],[19.061565739,47.475063705],[19.061557692,47.475037417],[19.061624747,47.475028352]]]}},{"type":"Feature","id":374,"properties":{"buildingId":2,"floorId":9,"roomNumber":"407","roomName":"4.407 Labor","scope":"budapest/lagymanyos/eszaki/4/LK-4-407-01-14","roomCode":"LK-4-407-01-14","roomType":"educational","__tile":"16/36238/22923","__layer":"rooms","__zoom":16,"__mvtId":374,"__building":"eszaki","__ringVerts":5,"id":374,"catalogFloorId":9},"geometry":{"type":"Polygon","coordinates":[[[19.061542133,47.474868961],[19.061558226,47.47492335],[19.061491171,47.474932415],[19.061475078,47.474878932],[19.061542133,47.474868961]]]}},{"type":"Feature","id":431,"properties":{"buildingId":2,"floorId":10,"roomNumber":"517","roomName":"5.517 Doktorandusz","scope":"budapest/lagymanyos/eszaki/5/LK-5-517-01-13","roomCode":"LK-5-517-01-13","roomType":"educational","__tile":"16/36238/22923","__layer":"rooms","__zoom":16,"__mvtId":431,"__building":"eszaki","__ringVerts":5,"id":431,"catalogFloorId":10},"geometry":{"type":"Polygon","coordinates":[[[19.061624947,47.47502838],[19.061632994,47.475053762],[19.061565939,47.475063733],[19.061557892,47.475037445],[19.061624947,47.47502838]]]}},{"type":"Feature","id":421,"properties":{"buildingId":2,"floorId":10,"roomNumber":"507","roomName":"5.507 Labor","scope":"budapest/lagymanyos/eszaki/5/LK-5-507-01-14","roomCode":"LK-5-507-01-14","roomType":"educational","__tile":"16/36238/22923","__layer":"rooms","__zoom":16,"__mvtId":421,"__building":"eszaki","__ringVerts":5,"id":421,"catalogFloorId":10},"geometry":{"type":"Polygon","coordinates":[[[19.061542008,47.474868975],[19.061558101,47.474923364],[19.061491046,47.474932429],[19.061474953,47.474878946],[19.061542008,47.474868975]]]}},{"type":"Feature","id":425,"properties":{"buildingId":2,"floorId":10,"roomNumber":"510","roomName":"5.510 HPLC Labor","scope":"budapest/lagymanyos/eszaki/5/LK-5-510-01-14","roomCode":"LK-5-510-01-14","roomType":"educational","__tile":"16/36238/22923","__layer":"rooms","__zoom":16,"__mvtId":425,"__building":"eszaki","__ringVerts":5,"id":425,"catalogFloorId":10},"geometry":{"type":"Polygon","coordinates":[[[19.061504901,47.474985771],[19.061522335,47.475039253],[19.06145528,47.475049225],[19.061439187,47.474994836],[19.061504901,47.474985771]]]}},{"type":"Feature","id":426,"properties":{"buildingId":2,"floorId":10,"roomNumber":"511","roomName":"5.511 HPLC labor","scope":"budapest/lagymanyos/eszaki/5/LK-5-511-01-14","roomCode":"LK-5-511-01-14","roomType":"educational","__tile":"16/36238/22923","__layer":"rooms","__zoom":16,"__mvtId":426,"__building":"eszaki","__ringVerts":5,"id":426,"catalogFloorId":10},"geometry":{"type":"Polygon","coordinates":[[[19.061488639,47.475041637],[19.061504732,47.475096027],[19.061437677,47.475105091],[19.061421584,47.475050702],[19.061488639,47.475041637]]]}},{"type":"Feature","id":427,"properties":{"buildingId":2,"floorId":10,"roomNumber":"512","roomName":"5.512 Hallgatói labor","scope":"budapest/lagymanyos/eszaki/5/LK-5-512-01-14","roomCode":"LK-5-512-01-14","roomType":"educational","__tile":"16/36238/22923","__layer":"rooms","__zoom":16,"__mvtId":427,"__building":"eszaki","__ringVerts":5,"id":427,"catalogFloorId":10},"geometry":{"type":"Polygon","coordinates":[[[19.061464088,47.475100454],[19.061488228,47.475182944],[19.061421173,47.475192009],[19.061397033,47.475109519],[19.061464088,47.475100454]]]}},{"type":"Feature","id":36942,"properties":{"buildingId":2,"floorId":6,"roomNumber":"120","roomName":"Labor","scope":"budapest/lagymanyos/eszaki/1/LK-1-120-01-14","roomCode":"LK-1-120-01-14","roomType":"educational","__tile":"16/36238/22923","__layer":"rooms","__zoom":16,"__mvtId":36942,"__building":"eszaki","__ringVerts":5,"id":36942,"catalogFloorId":6},"geometry":{"type":"Polygon","coordinates":[[[19.061606023,47.475086865],[19.06161407,47.475113153],[19.061547015,47.475122218],[19.061538968,47.47509593],[19.061606023,47.475086865]]]}},{"type":"Feature","id":465,"properties":{"buildingId":2,"floorId":11,"roomNumber":"606","roomName":"6.606 Preparatív labor","scope":"budapest/lagymanyos/eszaki/6/LK-6-606-01-14","roomCode":"LK-6-606-01-14","roomType":"educational","__tile":"16/36238/22923","__layer":"rooms","__zoom":16,"__mvtId":465,"__building":"eszaki","__ringVerts":5,"id":465,"catalogFloorId":11},"geometry":{"type":"Polygon","coordinates":[[[19.061522504,47.474929903],[19.061538597,47.474983386],[19.061472883,47.47499245],[19.061455448,47.474938968],[19.061522504,47.474929903]]]}},{"type":"Feature","id":467,"properties":{"buildingId":2,"floorId":11,"roomNumber":"608","roomName":"6.608 oktatói","scope":"budapest/lagymanyos/eszaki/6/LK-6-608-01-13","roomCode":"LK-6-608-01-13","roomType":"educational","__tile":"16/36238/22923","__layer":"rooms","__zoom":16,"__mvtId":467,"__building":"eszaki","__ringVerts":5,"id":467,"catalogFloorId":11},"geometry":{"type":"Polygon","coordinates":[[[19.06148759,47.475066892],[19.061495637,47.47509318],[19.061428582,47.475102245],[19.061420535,47.475075957],[19.06148759,47.475066892]]]}},{"type":"Feature","id":265,"properties":{"buildingId":2,"floorId":7,"roomNumber":"207","roomName":"207","scope":"budapest/lagymanyos/eszaki/2/LK-2-207-01-14","roomCode":"LK-2-207-01-14","roomType":"educational","__tile":"16/36238/22923","__layer":"rooms","__zoom":16,"__mvtId":265,"__building":"eszaki","__ringVerts":5,"id":265,"catalogFloorId":7},"geometry":{"type":"Polygon","coordinates":[[[19.06149125,47.474966049],[19.061532825,47.475103835],[19.061465769,47.475113807],[19.061424195,47.474975114],[19.06149125,47.474966049]]]}},{"type":"Feature","id":36760,"properties":{"buildingId":2,"floorId":5,"roomNumber":"020/","roomName":"Férfi öltöző","scope":"budapest/lagymanyos/eszaki/0/LK-0-020C-05-72","roomCode":"LK-0-020C-05-72","roomType":"social","__tile":"16/36238/22923","__layer":"rooms","__zoom":16,"__mvtId":36760,"__building":"eszaki","__ringVerts":5,"id":36760,"catalogFloorId":5},"geometry":{"type":"Polygon","coordinates":[[[19.061588879,47.475088976],[19.061596926,47.47511617],[19.061570104,47.475119796],[19.061562057,47.475092602],[19.061588879,47.475088976]]]}},{"type":"Feature","id":36873,"properties":{"buildingId":2,"floorId":5,"roomNumber":"020/B","roomName":"Férfi WC","scope":"budapest/lagymanyos/eszaki/0/LK-0-020B-05-71","roomCode":"LK-0-020B-05-71","roomType":"social","__tile":"16/36238/22923","__layer":"rooms","__zoom":16,"__mvtId":36873,"__building":"eszaki","__ringVerts":5,"id":36873,"catalogFloorId":5},"geometry":{"type":"Polygon","coordinates":[[[19.061560737,47.475104102],[19.061563419,47.475111354],[19.061544644,47.475113167],[19.061543303,47.475105915],[19.061560737,47.475104102]]]}},{"type":"Feature","id":36874,"properties":{"buildingId":2,"floorId":5,"roomNumber":"019","roomName":"Női WC","scope":"budapest/lagymanyos/eszaki/0/LK-0-019B-05-71","roomCode":"LK-0-019B-05-71","roomType":"social","__tile":"16/36238/22923","__layer":"rooms","__zoom":16,"__mvtId":36874,"__building":"eszaki","__ringVerts":5,"id":36874,"catalogFloorId":5},"geometry":{"type":"Polygon","coordinates":[[[19.061558181,47.475112366],[19.061560863,47.475119618],[19.061542088,47.475122338],[19.061540747,47.475115086],[19.061558181,47.475112366]]]}},{"type":"Feature","id":36929,"properties":{"buildingId":2,"floorId":6,"roomNumber":"106","roomName":"Labor","scope":"budapest/lagymanyos/eszaki/1/LK-1-106-01-14","roomCode":"LK-1-106-01-14","roomType":"educational","__tile":"16/36238/22923","__layer":"rooms","__zoom":16,"__mvtId":36929,"__building":"eszaki","__ringVerts":5,"id":36929,"catalogFloorId":6},"geometry":{"type":"Polygon","coordinates":[[[19.061553587,47.474842096],[19.061561634,47.474868384],[19.061494579,47.474877449],[19.061486532,47.474851161],[19.061553587,47.474842096]]]}},{"type":"Feature","id":36937,"properties":{"buildingId":2,"floorId":6,"roomNumber":"108","roomName":"Hallgatói műszeres XRF labor","scope":"budapest/lagymanyos/eszaki/1/LK-1-108-01-14","roomCode":"LK-1-108-01-14","roomType":"educational","__tile":"16/36238/22923","__layer":"rooms","__zoom":16,"__mvtId":36937,"__building":"eszaki","__ringVerts":5,"id":36937,"catalogFloorId":6},"geometry":{"type":"Polygon","coordinates":[[[19.061527038,47.474930887],[19.061535085,47.474957175],[19.06146803,47.47496624],[19.061459983,47.474939952],[19.061527038,47.474930887]]]}},{"type":"Feature","id":36755,"properties":{"buildingId":2,"floorId":5,"roomNumber":"024","roomName":"Elektronmikroszkóp laboratórium","scope":"budapest/lagymanyos/eszaki/0/LK-0-024-01-14","roomCode":"LK-0-024-01-14","roomType":"educational","__tile":"16/36238/22923","__layer":"rooms","__zoom":16,"__mvtId":36755,"__building":"eszaki","__ringVerts":7,"id":36755,"catalogFloorId":5},"geometry":{"type":"Polygon","coordinates":[[[19.061620061,47.474941048],[19.061632131,47.474984559],[19.061586534,47.474990905],[19.061583852,47.47498184],[19.061593239,47.474980933],[19.06158251,47.47494558],[19.061620061,47.474941048]]]}},{"type":"Feature","id":428,"properties":{"buildingId":2,"floorId":10,"roomNumber":"513","roomName":"5.513 Labor előkészítő","scope":"budapest/lagymanyos/eszaki/5/LK-5-513-01-14","roomCode":"LK-5-513-01-14","roomType":"educational","__tile":"16/36238/22923","__layer":"rooms","__zoom":16,"__mvtId":428,"__building":"eszaki","__ringVerts":5,"id":428,"catalogFloorId":10},"geometry":{"type":"Polygon","coordinates":[[[19.061453316,47.475178596],[19.061461363,47.475204884],[19.061394308,47.475213949],[19.061387602,47.475189474],[19.061453316,47.475178596]]]}},{"type":"Feature","id":36765,"properties":{"buildingId":2,"floorId":5,"roomNumber":"017A","roomName":"Dekontamináló és elsősegély helyiség ","scope":"budapest/lagymanyos/eszaki/0/LK-0-017A-01-14","roomCode":"LK-0-017A-01-14","roomType":"educational","__tile":"16/36238/22923","__layer":"rooms","__zoom":16,"__mvtId":36765,"__building":"eszaki","__ringVerts":5,"id":36765,"catalogFloorId":5},"geometry":{"type":"Polygon","coordinates":[[[19.061559891,47.475171441],[19.061566597,47.475197729],[19.061523681,47.475203168],[19.061515635,47.47517688],[19.061559891,47.475171441]]]}},{"type":"Feature","id":36944,"properties":{"buildingId":2,"floorId":6,"roomNumber":"118","roomName":"Labor","scope":"budapest/lagymanyos/eszaki/1/LK-1-118-01-14","roomCode":"LK-1-118-01-14","roomType":"educational","__tile":"16/36238/22923","__layer":"rooms","__zoom":16,"__mvtId":36944,"__building":"eszaki","__ringVerts":5,"id":36944,"catalogFloorId":6},"geometry":{"type":"Polygon","coordinates":[[[19.061580686,47.475171758],[19.061588733,47.47519714],[19.061521678,47.475207111],[19.061513631,47.475179917],[19.061580686,47.475171758]]]}},{"type":"Feature","id":324,"properties":{"buildingId":2,"floorId":8,"roomNumber":"316","roomName":"3.316 Hallgatói labor","scope":"budapest/lagymanyos/eszaki/3/LK-3-316-01-14","roomCode":"LK-3-316-01-14","roomType":"educational","__tile":"16/36238/22923","__layer":"rooms","__zoom":16,"__mvtId":324,"__building":"eszaki","__ringVerts":5,"id":324,"catalogFloorId":8},"geometry":{"type":"Polygon","coordinates":[[[19.061454037,47.475153333],[19.061470131,47.475207722],[19.061404416,47.475216787],[19.061388323,47.475164211],[19.061454037,47.475153333]]]}},{"type":"Feature","id":267,"properties":{"buildingId":2,"floorId":7,"roomNumber":"209","roomName":"2.209 GC/MS kut.","scope":"budapest/lagymanyos/eszaki/2/LK-2-209-01-14","roomCode":"LK-2-209-01-14","roomType":"educational","__tile":"16/36238/22923","__layer":"rooms","__zoom":16,"__mvtId":267,"__building":"eszaki","__ringVerts":5,"id":267,"catalogFloorId":7},"geometry":{"type":"Polygon","coordinates":[[[19.061454037,47.475153333],[19.061470131,47.475207722],[19.061404416,47.475216787],[19.061388323,47.475164211],[19.061454037,47.475153333]]]}},{"type":"Feature","id":380,"properties":{"buildingId":2,"floorId":9,"roomNumber":"414","roomName":"4.414 HPLC labor","scope":"budapest/lagymanyos/eszaki/4/LK-4-414-01-14","roomCode":"LK-4-414-01-14","roomType":"educational","__tile":"16/36238/22923","__layer":"rooms","__zoom":16,"__mvtId":380,"__building":"eszaki","__ringVerts":5,"id":380,"catalogFloorId":9},"geometry":{"type":"Polygon","coordinates":[[[19.061454037,47.475153333],[19.061470131,47.475207722],[19.061404416,47.475216787],[19.061388323,47.475164211],[19.061454037,47.475153333]]]}},{"type":"Feature","id":326,"properties":{"buildingId":2,"floorId":8,"roomNumber":"319","roomName":"3.319 Hallgatói műszeres labor","scope":"budapest/lagymanyos/eszaki/3/LK-3-319-01-14","roomCode":"LK-3-319-01-14","roomType":"educational","__tile":"16/36238/22923","__layer":"rooms","__zoom":16,"__mvtId":326,"__building":"eszaki","__ringVerts":6,"id":326,"catalogFloorId":8},"geometry":{"type":"Polygon","coordinates":[[[19.061580987,47.475169394],[19.06159708,47.475223784],[19.061530025,47.475232849],[19.061521978,47.475204747],[19.061513932,47.475178459],[19.061580987,47.475169394]]]}},{"type":"Feature","id":327,"properties":{"buildingId":2,"floorId":8,"roomNumber":"320","roomName":"3.320 Hallgatói előkészítő labor","scope":"budapest/lagymanyos/eszaki/3/LK-3-320-01-14","roomCode":"LK-3-320-01-14","roomType":"educational","__tile":"16/36238/22923","__layer":"rooms","__zoom":16,"__mvtId":327,"__building":"eszaki","__ringVerts":5,"id":327,"catalogFloorId":8},"geometry":{"type":"Polygon","coordinates":[[[19.061591118,47.475140263],[19.061599165,47.475166551],[19.061530768,47.475175616],[19.061522722,47.475149328],[19.061591118,47.475140263]]]}},{"type":"Feature","id":381,"properties":{"buildingId":2,"floorId":9,"roomNumber":"416","roomName":"416-os labor","scope":"budapest/lagymanyos/eszaki/4/LK-4-416-01-14","roomCode":"LK-4-416-01-14","roomType":"educational","__tile":"16/36238/22923","__layer":"rooms","__zoom":16,"__mvtId":381,"__building":"eszaki","__ringVerts":6,"id":381,"catalogFloorId":9},"geometry":{"type":"Polygon","coordinates":[[[19.061565093,47.475145787],[19.061608009,47.47528448],[19.061539612,47.475293545],[19.061523519,47.475237343],[19.061498038,47.475155759],[19.061565093,47.475145787]]]}},{"type":"Feature","id":36771,"properties":{"buildingId":2,"floorId":5,"roomNumber":"007","roomName":"Pozitronannihilációs labor","scope":"budapest/lagymanyos/eszaki/0/LK-0-007-01-14","roomCode":"LK-0-007-01-14","roomType":"educational","__tile":"16/36238/22923","__layer":"rooms","__zoom":16,"__mvtId":36771,"__building":"eszaki","__ringVerts":5,"id":36771,"catalogFloorId":5},"geometry":{"type":"Polygon","coordinates":[[[19.061519609,47.474933383],[19.061535702,47.474987772],[19.061468647,47.474996837],[19.061452554,47.474943354],[19.061519609,47.474933383]]]}},{"type":"Feature","id":36616,"properties":{"buildingId":2,"floorId":4,"roomNumber":"-100/3","roomName":"Folyosó","scope":"budapest/lagymanyos/eszaki/-1/LK--1-100-3-04-63","roomCode":"LK--1-100/3-04-63","roomType":"corridor","__tile":"16/36238/22923","__layer":"rooms","__zoom":16,"__mvtId":36616,"__building":"eszaki","__ringVerts":52,"id":36616,"catalogFloorId":4},"geometry":{"type":"Polygon","coordinates":[[[19.061483441,47.474819706],[19.061486123,47.474825145],[19.061492829,47.474824239],[19.061508922,47.474877722],[19.061502217,47.474881348],[19.061510263,47.474880441],[19.061526357,47.474933924],[19.06151831,47.474934831],[19.061526357,47.474936644],[19.06154245,47.474990126],[19.061534403,47.474991033],[19.061543791,47.474992846],[19.061558543,47.475046328],[19.061551838,47.475047235],[19.061559884,47.475049048],[19.061575977,47.475102531],[19.061567931,47.475103437],[19.061577319,47.475104344],[19.061593412,47.475158733],[19.061585365,47.475159639],[19.061586706,47.475165984],[19.061594753,47.475165078],[19.061610846,47.475218561],[19.061604141,47.475222186],[19.061612187,47.475220373],[19.061626939,47.475274762],[19.061620234,47.475278388],[19.061581342,47.475281108],[19.061565249,47.475226719],[19.061571954,47.475223999],[19.061563908,47.475224906],[19.061547814,47.475171423],[19.061555861,47.475170517],[19.061553179,47.475164171],[19.061546473,47.475165078],[19.06153038,47.475111595],[19.061537085,47.475107063],[19.061529039,47.475108876],[19.061512946,47.475055393],[19.061519651,47.475051767],[19.061512946,47.475052674],[19.061496852,47.474999191],[19.061504899,47.474997378],[19.061495511,47.474996472],[19.061479418,47.474942989],[19.061487465,47.474938457],[19.061479418,47.474939363],[19.061463325,47.474886787],[19.061471371,47.47488588],[19.061453937,47.474826958],[19.061460642,47.474826052],[19.061483441,47.474819706]]]}},{"type":"Feature","id":36619,"properties":{"buildingId":2,"floorId":4,"roomNumber":"A 001/A","roomName":"Vegyszer előkészítő","scope":"budapest/lagymanyos/eszaki/-1/LK--1-001-A-01-15","roomCode":"LK--1-001/A-01-15","roomType":"educational","__tile":"16/36238/22923","__layer":"rooms","__zoom":16,"__mvtId":36619,"__building":"eszaki","__ringVerts":5,"id":36619,"catalogFloorId":4},"geometry":{"type":"Polygon","coordinates":[[[19.061574337,47.475173728],[19.061589089,47.475227211],[19.061520693,47.475236276],[19.061504599,47.475182793],[19.061574337,47.475173728]]]}},{"type":"Feature","id":36772,"properties":{"buildingId":2,"floorId":5,"roomNumber":"008","roomName":"Mössbauer-spektrszkópia labor","scope":"budapest/lagymanyos/eszaki/0/LK-0-008-01-14","roomCode":"LK-0-008-01-14","roomType":"educational","__tile":"16/36238/22923","__layer":"rooms","__zoom":16,"__mvtId":36772,"__building":"eszaki","__ringVerts":5,"id":36772,"catalogFloorId":5},"geometry":{"type":"Polygon","coordinates":[[[19.061503539,47.474988947],[19.061519632,47.475044242],[19.061451236,47.475052401],[19.061435143,47.474998918],[19.061503539,47.474988947]]]}},{"type":"Feature","id":36773,"properties":{"buildingId":2,"floorId":5,"roomNumber":"009","roomName":"Mössbauer-spektroszkópia labor","scope":"budapest/lagymanyos/eszaki/0/LK-0-009-01-14","roomCode":"LK-0-009-01-14","roomType":"educational","__tile":"16/36238/22923","__layer":"rooms","__zoom":16,"__mvtId":36773,"__building":"eszaki","__ringVerts":5,"id":36773,"catalogFloorId":5},"geometry":{"type":"Polygon","coordinates":[[[19.061493592,47.475042502],[19.061501639,47.475069696],[19.061434584,47.475077854],[19.061426537,47.475051566],[19.061493592,47.475042502]]]}},{"type":"Feature","id":36774,"properties":{"buildingId":2,"floorId":5,"roomNumber":"010","roomName":"Kutató labor","scope":"budapest/lagymanyos/eszaki/0/LK-0-010-01-14","roomCode":"LK-0-010-01-14","roomType":"educational","__tile":"16/36238/22923","__layer":"rooms","__zoom":16,"__mvtId":36774,"__building":"eszaki","__ringVerts":5,"id":36774,"catalogFloorId":5},"geometry":{"type":"Polygon","coordinates":[[[19.061485144,47.475070459],[19.061493191,47.475096747],[19.061426136,47.475105812],[19.061418089,47.475079524],[19.061485144,47.475070459]]]}},{"type":"Feature","id":36775,"properties":{"buildingId":2,"floorId":5,"roomNumber":"011","roomName":"Hallgatói labor","scope":"budapest/lagymanyos/eszaki/0/LK-0-011-01-14","roomCode":"LK-0-011-01-14","roomType":"educational","__tile":"16/36238/22923","__layer":"rooms","__zoom":16,"__mvtId":36775,"__building":"eszaki","__ringVerts":5,"id":36775,"catalogFloorId":5},"geometry":{"type":"Polygon","coordinates":[[[19.061469879,47.475101541],[19.061485972,47.47515593],[19.061417576,47.475164088],[19.061401483,47.475110606],[19.061469879,47.475101541]]]}},{"type":"Feature","id":36776,"properties":{"buildingId":2,"floorId":5,"roomNumber":"012","roomName":"Előkészítő labor","scope":"budapest/lagymanyos/eszaki/0/LK-0-012-01-14","roomCode":"LK-0-012-01-14","roomType":"educational","__tile":"16/36238/22923","__layer":"rooms","__zoom":16,"__mvtId":36776,"__building":"eszaki","__ringVerts":5,"id":36776,"catalogFloorId":5},"geometry":{"type":"Polygon","coordinates":[[[19.061459774,47.475155776],[19.061467821,47.475181157],[19.061400766,47.475190222],[19.061392719,47.475163934],[19.061459774,47.475155776]]]}},{"type":"Feature","id":36777,"properties":{"buildingId":2,"floorId":5,"roomNumber":"013","roomName":"Oktatói szoba","scope":"budapest/lagymanyos/eszaki/0/LK-0-013-01-13","roomCode":"LK-0-013-01-13","roomType":"educational","__tile":"16/36238/22923","__layer":"rooms","__zoom":16,"__mvtId":36777,"__building":"eszaki","__ringVerts":5,"id":36777,"catalogFloorId":5},"geometry":{"type":"Polygon","coordinates":[[[19.061451621,47.475182603],[19.061459668,47.475208891],[19.061392613,47.475217956],[19.061384566,47.475191668],[19.061451621,47.475182603]]]}},{"type":"Feature","id":36780,"properties":{"buildingId":2,"floorId":5,"roomNumber":"023","roomName":"Előtér","scope":"budapest/lagymanyos/eszaki/0/LÉ-0-023-04-62","roomCode":"LÉ-0-023-04-62","roomType":"corridor","__tile":"16/36238/22923","__layer":"rooms","__zoom":16,"__mvtId":36780,"__building":"eszaki","__ringVerts":6,"id":36780,"catalogFloorId":5},"geometry":{"type":"Polygon","coordinates":[[[19.061610811,47.474988457],[19.061614834,47.474997522],[19.061567895,47.475003867],[19.061565213,47.474995709],[19.061577283,47.474993896],[19.061610811,47.474988457]]]}},{"type":"Feature","id":36949,"properties":{"buildingId":2,"floorId":6,"roomNumber":"-","roomName":"Folyosó","scope":"budapest/lagymanyos/eszaki/1/LK-1-100-3-04-63","roomCode":"LK-1-100/3-04-63","roomType":"corridor","__tile":"16/36238/22923","__layer":"rooms","__zoom":16,"__mvtId":36949,"__building":"eszaki","__ringVerts":127,"id":36949,"catalogFloorId":6},"geometry":{"type":"Polygon","coordinates":[[[19.061464046,47.474762075],[19.061482822,47.474773859],[19.061485504,47.47478927],[19.061497574,47.474788363],[19.061500256,47.474799241],[19.061489527,47.474801054],[19.061494892,47.474817371],[19.06150562,47.474815558],[19.061509644,47.474827342],[19.061497574,47.474828249],[19.061502938,47.474846379],[19.061513667,47.474844566],[19.06151769,47.474855443],[19.06150562,47.474857256],[19.061510985,47.474873573],[19.061523055,47.47487176],[19.061525737,47.474882638],[19.061515008,47.474884451],[19.061519031,47.474901674],[19.061531101,47.474900768],[19.061533784,47.474911646],[19.061523055,47.474912552],[19.061528419,47.474929775],[19.061539148,47.474927963],[19.061543171,47.474939747],[19.061531101,47.474940653],[19.061536466,47.474958783],[19.061547195,47.47495697],[19.061551218,47.474967848],[19.061539148,47.474969661],[19.061544512,47.474985978],[19.061556582,47.474984165],[19.061559265,47.474995043],[19.061547195,47.474996855],[19.061552559,47.475014985],[19.061564629,47.475013172],[19.061567311,47.47502405],[19.061556582,47.475024957],[19.061561947,47.47504218],[19.061572676,47.475040367],[19.061576699,47.475051245],[19.061564629,47.475053058],[19.061587428,47.475131015],[19.061599498,47.475129202],[19.06160218,47.47514008],[19.061591451,47.475140987],[19.061595474,47.47515821],[19.061607544,47.475156397],[19.061610226,47.475167275],[19.061599498,47.475169088],[19.061604862,47.475187217],[19.061615591,47.475185404],[19.061619614,47.475196282],[19.061607544,47.475197189],[19.061612909,47.475214412],[19.061624979,47.475212599],[19.061627661,47.475223477],[19.061615591,47.475225289],[19.061635707,47.475293276],[19.061610226,47.475295995],[19.061606203,47.475285117],[19.061594133,47.475286024],[19.061591451,47.475276052],[19.061603521,47.475274239],[19.061598157,47.475257016],[19.061586087,47.475258829],[19.061583404,47.475247952],[19.061594133,47.475247045],[19.061588769,47.475228915],[19.06157804,47.475229822],[19.061574017,47.475218944],[19.061586087,47.475218038],[19.061580722,47.475201721],[19.061569993,47.475203534],[19.06156597,47.475192656],[19.06157804,47.475190843],[19.061572676,47.475172713],[19.061560606,47.475174526],[19.061557923,47.475163649],[19.061569993,47.475161836],[19.061564629,47.475144613],[19.061552559,47.475146425],[19.061549877,47.475135548],[19.061561947,47.475134641],[19.061555241,47.475112886],[19.061543171,47.475113792],[19.061540489,47.475103821],[19.061551218,47.475102008],[19.061547195,47.475084785],[19.061535125,47.475086598],[19.061532442,47.47507572],[19.061543171,47.475073907],[19.061537807,47.475056684],[19.061527078,47.47505759],[19.061523055,47.475047619],[19.061535125,47.475045806],[19.06152976,47.475028582],[19.06151769,47.475030395],[19.061515008,47.475019518],[19.061527078,47.475018611],[19.061521714,47.475000481],[19.061509644,47.475001388],[19.061506961,47.474991417],[19.06151769,47.474989604],[19.061513667,47.47497238],[19.061501597,47.474974193],[19.061498915,47.474963315],[19.061509644,47.474961503],[19.061504279,47.474944279],[19.06149355,47.474946092],[19.061489527,47.474935214],[19.061501597,47.474933401],[19.061496233,47.474917085],[19.061485504,47.474917991],[19.06148148,47.474907113],[19.06149355,47.474906207],[19.061488186,47.474888077],[19.061476116,47.474888984],[19.061473434,47.474879012],[19.061485504,47.474877199],[19.061480139,47.474859976],[19.061468069,47.474861789],[19.061465387,47.474850911],[19.061476116,47.474849098],[19.061458682,47.474780205],[19.061449294,47.474776579],[19.061464046,47.474762075]]]}},{"type":"Feature","id":36951,"properties":{"buildingId":2,"floorId":6,"roomNumber":"125","roomName":"Férfi WC","scope":"budapest/lagymanyos/eszaki/1/LK-1-125-05-71","roomCode":"LK-1-125-05-71","roomType":"social","__tile":"16/36238/22923","__layer":"rooms","__zoom":16,"__mvtId":36951,"__building":"eszaki","__ringVerts":11,"id":36951,"catalogFloorId":6},"geometry":{"type":"Polygon","coordinates":[[[19.061626118,47.47494204],[19.061632823,47.474969235],[19.061588567,47.474974674],[19.061587226,47.474965609],[19.061608683,47.474962889],[19.061595272,47.474963796],[19.06159259,47.474955637],[19.061608683,47.474952918],[19.061593931,47.474954731],[19.061591249,47.474947479],[19.061626118,47.47494204]]]}},{"type":"Feature","id":36763,"properties":{"buildingId":2,"floorId":5,"roomNumber":"019","roomName":"Női öltöző","scope":"budapest/lagymanyos/eszaki/0/LK-0-019C-05-73","roomCode":"LK-0-019C-05-73","roomType":"social","__tile":"16/36238/22923","__layer":"rooms","__zoom":16,"__mvtId":36763,"__building":"eszaki","__ringVerts":5,"id":36763,"catalogFloorId":5},"geometry":{"type":"Polygon","coordinates":[[[19.061580772,47.475117053],[19.061588819,47.475143341],[19.061561997,47.475146967],[19.06155395,47.475120679],[19.061580772,47.475117053]]]}},{"type":"Feature","id":276,"properties":{"buildingId":2,"floorId":7,"roomNumber":"219","roomName":"2.219 Előtér","scope":"budapest/lagymanyos/eszaki/2/LK-2-219-04-63","roomCode":"LK-2-219-04-63","roomType":"corridor","__tile":"16/36238/22923","__layer":"rooms","__zoom":16,"__mvtId":276,"__building":"eszaki","__ringVerts":5,"id":276,"catalogFloorId":7},"geometry":{"type":"Polygon","coordinates":[[[19.061618856,47.474943831],[19.061626903,47.474969213],[19.061594716,47.474973745],[19.061586669,47.474948364],[19.061618856,47.474943831]]]}},{"type":"Feature","id":376,"properties":{"buildingId":2,"floorId":9,"roomNumber":"410","roomName":"4.410 Labor","scope":"budapest/lagymanyos/eszaki/4/LK-4-410-01-14","roomCode":"LK-4-410-01-14","roomType":"educational","__tile":"16/36238/22923","__layer":"rooms","__zoom":16,"__mvtId":376,"__building":"eszaki","__ringVerts":5,"id":376,"catalogFloorId":9},"geometry":{"type":"Polygon","coordinates":[[[19.061504121,47.475011024],[19.061512168,47.475036406],[19.061446454,47.475046377],[19.061438407,47.475020089],[19.061504121,47.475011024]]]}},{"type":"Feature","id":36768,"properties":{"buildingId":2,"floorId":5,"roomNumber":"015","roomName":"Izotóplabor","scope":"budapest/lagymanyos/eszaki/0/LK-0-015-01-14","roomCode":"LK-0-015-01-14","roomType":"educational","__tile":"16/36238/22923","__layer":"rooms","__zoom":16,"__mvtId":36768,"__building":"eszaki","__ringVerts":5,"id":36768,"catalogFloorId":5},"geometry":{"type":"Polygon","coordinates":[[[19.061556922,47.475230365],[19.061573015,47.475284754],[19.061504619,47.475294726],[19.061488526,47.47523943],[19.061556922,47.475230365]]]}},{"type":"Feature","id":36936,"properties":{"buildingId":2,"floorId":6,"roomNumber":"110","roomName":"Hallgatói labor","scope":"budapest/lagymanyos/eszaki/1/LK-1-110-01-14","roomCode":"LK-1-110-01-14","roomType":"educational","__tile":"16/36238/22923","__layer":"rooms","__zoom":16,"__mvtId":36936,"__building":"eszaki","__ringVerts":5,"id":36936,"catalogFloorId":6},"geometry":{"type":"Polygon","coordinates":[[[19.061503607,47.474988841],[19.0615197,47.475044136],[19.061451304,47.475053201],[19.061435211,47.474997906],[19.061503607,47.474988841]]]}},{"type":"Feature","id":712,"properties":{"buildingId":2,"floorId":8,"roomNumber":"3.100/A","roomName":"3.100/A Oktató","scope":"budapest/lagymanyos/eszaki/3/LÉ-3-100-A-01-13","roomCode":"LÉ-3-100/A-01-13","roomType":"educational","__tile":"17/72476/45847","__layer":"rooms","__zoom":17,"__mvtId":712,"__building":"eszaki","__ringVerts":5,"id":712,"catalogFloorId":8},"geometry":{"type":"Polygon","coordinates":[[[19.062165402,47.474366144],[19.062176801,47.474403764],[19.06213858,47.47441011],[19.06212651,47.474371583],[19.062165402,47.474366144]]]}},{"type":"Feature","id":36537,"properties":{"buildingId":2,"floorId":4,"roomNumber":"VI./F","roomName":"Tolmácsfülke","scope":"budapest/lagymanyos/eszaki/-1/LÉ--1-178-B-03-55","roomCode":"LÉ--1-178/B-03-55","roomType":"misc","__tile":"17/72476/45847","__layer":"rooms","__zoom":17,"__mvtId":36537,"__building":"eszaki","__ringVerts":7,"id":36537,"catalogFloorId":4},"geometry":{"type":"Polygon","coordinates":[[[19.06221973,47.47434252],[19.062223082,47.474354758],[19.062213695,47.474355665],[19.062215706,47.47436337],[19.062189555,47.474366543],[19.06218419,47.474347053],[19.06221973,47.47434252]]]}},{"type":"Feature","id":717,"properties":{"buildingId":2,"floorId":8,"roomNumber":"3.103","roomName":"3.103 Teakonyha","scope":"budapest/lagymanyos/eszaki/3/LÉ-3-103-05-77","roomCode":"LÉ-3-103-05-77","roomType":"social","__tile":"17/72476/45847","__layer":"rooms","__zoom":17,"__mvtId":717,"__building":"eszaki","__ringVerts":5,"id":717,"catalogFloorId":8},"geometry":{"type":"Polygon","coordinates":[[[19.062171565,47.474424951],[19.062179611,47.474450786],[19.062151448,47.474455772],[19.062142731,47.47442903],[19.062171565,47.474424951]]]}},{"type":"Feature","id":1105,"properties":{"buildingId":2,"floorId":12,"roomNumber":"7.43","roomName":"7.43 Fotolabor","scope":"budapest/lagymanyos/eszaki/7/LÉ-7-43-01-14","roomCode":"LÉ-7-43-01-14","roomType":"educational","__tile":"17/72476/45847","__layer":"rooms","__zoom":17,"__mvtId":1105,"__building":"eszaki","__ringVerts":8,"id":1105,"catalogFloorId":12},"geometry":{"type":"Polygon","coordinates":[[[19.062070354,47.474407321],[19.062081083,47.474441768],[19.062060967,47.474445847],[19.062044203,47.474446754],[19.06204018,47.474444941],[19.062032803,47.474412307],[19.062049567,47.474409134],[19.062070354,47.474407321]]]}},{"type":"Feature","id":1100,"properties":{"buildingId":2,"floorId":12,"roomNumber":"7.38","roomName":"7.38 Oktató","scope":"budapest/lagymanyos/eszaki/7/LÉ-7-38-01-13","roomCode":"LÉ-7-38-01-13","roomType":"educational","__tile":"17/72476/45847","__layer":"rooms","__zoom":17,"__mvtId":1100,"__building":"eszaki","__ringVerts":6,"id":1100,"catalogFloorId":12},"geometry":{"type":"Polygon","coordinates":[[[19.062287227,47.474386069],[19.062298626,47.474425049],[19.062264428,47.474429581],[19.062251687,47.474391055],[19.062277839,47.474387428],[19.062287227,47.474386069]]]}},{"type":"Feature","id":1097,"properties":{"buildingId":2,"floorId":12,"roomNumber":"7.35","roomName":"7.35 Dolgozó","scope":"budapest/lagymanyos/eszaki/7/LÉ-7-35-02-33","roomCode":"LÉ-7-35-02-33","roomType":"administrative","__tile":"17/72476/45847","__layer":"rooms","__zoom":17,"__mvtId":1097,"__building":"eszaki","__ringVerts":6,"id":1097,"catalogFloorId":12},"geometry":{"type":"Polygon","coordinates":[[[19.062166792,47.474368944],[19.062178191,47.474406564],[19.062138629,47.474413363],[19.062127229,47.474374383],[19.062153381,47.474370757],[19.062166792,47.474368944]]]}},{"type":"Feature","id":698,"properties":{"buildingId":2,"floorId":7,"roomNumber":"2.92","roomName":"2.92 Oktató","scope":"budapest/lagymanyos/eszaki/2/LÉ-2-92-01-13","roomCode":"LÉ-2-92-01-13","roomType":"educational","__tile":"17/72476/45847","__layer":"rooms","__zoom":17,"__mvtId":698,"__building":"eszaki","__ringVerts":6,"id":698,"catalogFloorId":7},"geometry":{"type":"Polygon","coordinates":[[[19.062252209,47.474380108],[19.062262938,47.474419088],[19.062224046,47.474424527],[19.062212646,47.474385548],[19.062225387,47.474382828],[19.062252209,47.474380108]]]}},{"type":"Feature","id":797,"properties":{"buildingId":2,"floorId":8,"roomNumber":"3.98/A","roomName":"3.98/A Tanszékvezető","scope":"budapest/lagymanyos/eszaki/3/LÉ-3-98-A-01-13","roomCode":"LÉ-3-98/A-01-13","roomType":"educational","__tile":"17/72476/45847","__layer":"rooms","__zoom":17,"__mvtId":797,"__building":"eszaki","__ringVerts":5,"id":797,"catalogFloorId":8},"geometry":{"type":"Polygon","coordinates":[[[19.061999324,47.474343461],[19.062010724,47.474381081],[19.061977196,47.474386974],[19.061965126,47.474348447],[19.061999324,47.474343461]]]}},{"type":"Feature","id":79,"properties":{"buildingId":2,"floorId":10,"roomNumber":"5.89","roomName":"5.89 Szeminárium","scope":"budapest/lagymanyos/eszaki/5/LÉ-5-89-01-12","roomCode":"LÉ-5-89-01-12","roomType":"educational","__tile":"17/72476/45847","__layer":"rooms","__zoom":17,"__mvtId":79,"__building":"eszaki","__ringVerts":5,"id":79,"catalogFloorId":10},"geometry":{"type":"Polygon","coordinates":[[[19.062202984,47.474366511],[19.062216395,47.474405038],[19.062134588,47.474416822],[19.062122518,47.474377843],[19.062202984,47.474366511]]]}},{"type":"Feature","id":548,"properties":{"buildingId":2,"floorId":11,"roomNumber":"6.88","roomName":"6.88 Detre László Terem","scope":"budapest/lagymanyos/eszaki/6/LÉ-6-88-01-12","roomCode":"LÉ-6-88-01-12","roomType":"educational","__tile":"17/72476/45847","__layer":"rooms","__zoom":17,"__mvtId":548,"__building":"eszaki","__ringVerts":6,"id":548,"catalogFloorId":11},"geometry":{"type":"Polygon","coordinates":[[[19.06228048,47.474380991],[19.062291879,47.474419971],[19.062214766,47.474430849],[19.062203367,47.474391869],[19.062270422,47.474382351],[19.06228048,47.474380991]]]}},{"type":"Feature","id":1059,"properties":{"buildingId":2,"floorId":11,"roomNumber":"6.91","roomName":"6.91 Férfi mosdó","scope":"budapest/lagymanyos/eszaki/6/LÉ-6-91-05-71","roomCode":"LÉ-6-91-05-71","roomType":"social","__tile":"17/72476/45847","__layer":"rooms","__zoom":17,"__mvtId":1059,"__building":"eszaki","__ringVerts":5,"id":1059,"catalogFloorId":11},"geometry":{"type":"Polygon","coordinates":[[[19.062141489,47.474421747],[19.062149536,47.474447583],[19.062126737,47.474450755],[19.062116679,47.474425373],[19.062141489,47.474421747]]]}},{"type":"Feature","id":980,"properties":{"buildingId":2,"floorId":10,"roomNumber":"5.98/B","roomName":"5.98/B Öltöző hallgatói","scope":"budapest/lagymanyos/eszaki/5/LÉ-5-98-B-05-73","roomCode":"LÉ-5-98/B-05-73","roomType":"social","__tile":"17/72476/45847","__layer":"rooms","__zoom":17,"__mvtId":980,"__building":"eszaki","__ringVerts":5,"id":980,"catalogFloorId":10},"geometry":{"type":"Polygon","coordinates":[[[19.062085735,47.474439962],[19.062093782,47.474466251],[19.062050867,47.474472143],[19.06204282,47.474446307],[19.062085735,47.474439962]]]}},{"type":"Feature","id":982,"properties":{"buildingId":2,"floorId":10,"roomNumber":"5.99","roomName":"5.99 Mozgáskorlátozott WC","scope":"budapest/lagymanyos/eszaki/5/LÉ-5-99-05-71","roomCode":"LÉ-5-99-05-71","roomType":"social","__tile":"17/72476/45847","__layer":"rooms","__zoom":17,"__mvtId":982,"__building":"eszaki","__ringVerts":6,"id":982,"catalogFloorId":10},"geometry":{"type":"Polygon","coordinates":[[[19.062136233,47.474449395],[19.06214428,47.47447659],[19.06212014,47.474479763],[19.062112764,47.474456193],[19.062112093,47.474453927],[19.062136233,47.474449395]]]}},{"type":"Feature","id":1058,"properties":{"buildingId":2,"floorId":11,"roomNumber":"6.90","roomName":"6.90 Teakonyha","scope":"budapest/lagymanyos/eszaki/6/LÉ-6-90-05-77","roomCode":"LÉ-6-90-05-77","roomType":"social","__tile":"17/72476/45847","__layer":"rooms","__zoom":17,"__mvtId":1058,"__building":"eszaki","__ringVerts":6,"id":1058,"catalogFloorId":11},"geometry":{"type":"Polygon","coordinates":[[[19.062171607,47.474422722],[19.062179654,47.474448557],[19.062164231,47.474450824],[19.06215082,47.474452637],[19.062142774,47.474426801],[19.062171607,47.474422722]]]}},{"type":"Feature","id":36822,"properties":{"buildingId":2,"floorId":5,"roomNumber":"F.67","roomName":"Női mosdó","scope":"budapest/lagymanyos/eszaki/0/LÉ-0-107-05-71","roomCode":"LÉ-0-107-05-71","roomType":"social","__tile":"17/72476/45847","__layer":"rooms","__zoom":17,"__mvtId":36822,"__building":"eszaki","__ringVerts":8,"id":36822,"catalogFloorId":5},"geometry":{"type":"Polygon","coordinates":[[[19.061920325,47.474330122],[19.06192703,47.474353238],[19.061892161,47.474357771],[19.061891491,47.474355504],[19.061883444,47.474356864],[19.061877409,47.474336014],[19.061882103,47.474335108],[19.061920325,47.474330122]]]}},{"type":"Feature","id":1099,"properties":{"buildingId":2,"floorId":12,"roomNumber":"7.37","roomName":"7.37 Oktató","scope":"budapest/lagymanyos/eszaki/7/LÉ-7-37-01-13","roomCode":"LÉ-7-37-01-13","roomType":"educational","__tile":"17/72476/45847","__layer":"rooms","__zoom":17,"__mvtId":1099,"__building":"eszaki","__ringVerts":6,"id":1099,"catalogFloorId":12},"geometry":{"type":"Polygon","coordinates":[[[19.062250012,47.474380585],[19.062261411,47.474417751],[19.062221849,47.474425004],[19.062210449,47.474386024],[19.062236601,47.474382398],[19.062250012,47.474380585]]]}},{"type":"Feature","id":699,"properties":{"buildingId":2,"floorId":7,"roomNumber":"2.93","roomName":"2.93 Oktató","scope":"budapest/lagymanyos/eszaki/2/LÉ-2-93-01-13","roomCode":"LÉ-2-93-01-13","roomType":"educational","__tile":"17/72476/45847","__layer":"rooms","__zoom":17,"__mvtId":699,"__building":"eszaki","__ringVerts":6,"id":699,"catalogFloorId":7},"geometry":{"type":"Polygon","coordinates":[[[19.06228953,47.474386075],[19.06230093,47.474425055],[19.062265391,47.474428681],[19.062253991,47.474391061],[19.062266732,47.474388341],[19.06228953,47.474386075]]]}},{"type":"Feature","id":800,"properties":{"buildingId":2,"floorId":8,"roomNumber":"3.99/B","roomName":"3.99/B Oktató","scope":"budapest/lagymanyos/eszaki/3/LÉ-3-99-B-01-13","roomCode":"LÉ-3-99/B-01-13","roomType":"educational","__tile":"17/72476/45847","__layer":"rooms","__zoom":17,"__mvtId":800,"__building":"eszaki","__ringVerts":5,"id":800,"catalogFloorId":8},"geometry":{"type":"Polygon","coordinates":[[[19.062124638,47.474360032],[19.062136708,47.474399012],[19.062093122,47.474403544],[19.062081723,47.474365924],[19.062124638,47.474360032]]]}},{"type":"Feature","id":694,"properties":{"buildingId":2,"floorId":7,"roomNumber":"2.88","roomName":"2.88 Oktató","scope":"budapest/lagymanyos/eszaki/2/LÉ-2-88-01-13","roomCode":"LÉ-2-88-01-13","roomType":"educational","__tile":"17/72476/45847","__layer":"rooms","__zoom":17,"__mvtId":694,"__building":"eszaki","__ringVerts":6,"id":694,"catalogFloorId":7},"geometry":{"type":"Polygon","coordinates":[[[19.062003332,47.474346024],[19.062014061,47.474385003],[19.061979863,47.474389536],[19.061967793,47.474351009],[19.06197651,47.47434829],[19.062003332,47.474346024]]]}},{"type":"Feature","id":799,"properties":{"buildingId":2,"floorId":8,"roomNumber":"3.99/A","roomName":"3.99/A Oktató","scope":"budapest/lagymanyos/eszaki/3/LÉ-3-99-A-01-13","roomCode":"LÉ-3-99/A-01-13","roomType":"educational","__tile":"17/72476/45847","__layer":"rooms","__zoom":17,"__mvtId":799,"__building":"eszaki","__ringVerts":5,"id":799,"catalogFloorId":8},"geometry":{"type":"Polygon","coordinates":[[[19.062082201,47.474354468],[19.0620936,47.474392088],[19.062055379,47.474398887],[19.062043309,47.474359907],[19.062082201,47.474354468]]]}},{"type":"Feature","id":860,"properties":{"buildingId":2,"floorId":9,"roomNumber":"4.80","roomName":"4.80 Oktató","scope":"budapest/lagymanyos/eszaki/4/LÉ-4-80-01-13","roomCode":"LÉ-4-80-01-13","roomType":"educational","__tile":"17/72476/45847","__layer":"rooms","__zoom":17,"__mvtId":860,"__building":"eszaki","__ringVerts":11,"id":860,"catalogFloorId":9},"geometry":{"type":"Polygon","coordinates":[[[19.062120212,47.474343315],[19.062132282,47.474382295],[19.062124236,47.474383201],[19.062124906,47.474385921],[19.062100766,47.474389547],[19.062100096,47.474386827],[19.06209272,47.474386374],[19.062050475,47.474393626],[19.062043769,47.474372323],[19.062038405,47.474354646],[19.062120212,47.474343315]]]}},{"type":"Feature","id":861,"properties":{"buildingId":2,"floorId":9,"roomNumber":"4.81","roomName":"4.81 Oktató","scope":"budapest/lagymanyos/eszaki/4/LÉ-4-81-01-13","roomCode":"LÉ-4-81-01-13","roomType":"educational","__tile":"17/72476/45847","__layer":"rooms","__zoom":17,"__mvtId":861,"__building":"eszaki","__ringVerts":11,"id":861,"catalogFloorId":9},"geometry":{"type":"Polygon","coordinates":[[[19.06221743,47.474351019],[19.0622295,47.474389999],[19.062186585,47.474394531],[19.062179879,47.474396798],[19.06218055,47.47439997],[19.06215641,47.474403143],[19.06215574,47.474400424],[19.062147693,47.47440133],[19.062147022,47.474397704],[19.062135623,47.47436235],[19.06221743,47.474351019]]]}},{"type":"Feature","id":961,"properties":{"buildingId":2,"floorId":10,"roomNumber":"5.90","roomName":"5.90 Oktató","scope":"budapest/lagymanyos/eszaki/5/LÉ-5-90-01-13","roomCode":"LÉ-5-90-01-13","roomType":"educational","__tile":"17/72476/45847","__layer":"rooms","__zoom":17,"__mvtId":961,"__building":"eszaki","__ringVerts":5,"id":961,"catalogFloorId":10},"geometry":{"type":"Polygon","coordinates":[[[19.062249389,47.474377448],[19.062260789,47.474416428],[19.062221897,47.474421867],[19.062209827,47.474382888],[19.062249389,47.474377448]]]}},{"type":"Feature","id":960,"properties":{"buildingId":2,"floorId":10,"roomNumber":"5.88","roomName":"5.88 Oktató","scope":"budapest/lagymanyos/eszaki/5/LÉ-5-88-01-13","roomCode":"LÉ-5-88-01-13","roomType":"educational","__tile":"17/72476/45847","__layer":"rooms","__zoom":17,"__mvtId":960,"__building":"eszaki","__ringVerts":5,"id":960,"catalogFloorId":10},"geometry":{"type":"Polygon","coordinates":[[[19.062123309,47.474360261],[19.062137391,47.474398787],[19.062098499,47.474404226],[19.062085088,47.4743657],[19.062123309,47.474360261]]]}},{"type":"Feature","id":959,"properties":{"buildingId":2,"floorId":10,"roomNumber":"5.87","roomName":"5.87 Oktatói szoba","scope":"budapest/lagymanyos/eszaki/5/LÉ-5-87-01-13","roomCode":"LÉ-5-87-01-13","roomType":"educational","__tile":"17/72476/45847","__layer":"rooms","__zoom":17,"__mvtId":959,"__building":"eszaki","__ringVerts":5,"id":959,"catalogFloorId":10},"geometry":{"type":"Polygon","coordinates":[[[19.06208341,47.474354281],[19.062094139,47.474393261],[19.062055247,47.4743987],[19.062043177,47.474359721],[19.06208341,47.474354281]]]}},{"type":"Feature","id":36523,"properties":{"buildingId":2,"floorId":4,"roomNumber":"P.67","roomName":"Női mosdó","scope":"budapest/lagymanyos/eszaki/-1/LÉ--1-174-05-71","roomCode":"LÉ--1-174-05-71","roomType":"social","__tile":"17/72476/45847","__layer":"rooms","__zoom":17,"__mvtId":36523,"__building":"eszaki","__ringVerts":7,"id":36523,"catalogFloorId":4},"geometry":{"type":"Polygon","coordinates":[[[19.062002523,47.474346526],[19.062011911,47.474378707],[19.061967654,47.474384599],[19.061960949,47.474362843],[19.061966313,47.474361937],[19.06196296,47.474351512],[19.062002523,47.474346526]]]}},{"type":"Feature","id":36535,"properties":{"buildingId":2,"floorId":4,"roomNumber":"VI./I","roomName":"Tolmácsfülke közlekedő","scope":"budapest/lagymanyos/eszaki/-1/LÉ--1-178-A-04-62","roomCode":"LÉ--1-178/A-04-62","roomType":"corridor","__tile":"17/72476/45847","__layer":"rooms","__zoom":17,"__mvtId":36535,"__building":"eszaki","__ringVerts":5,"id":36535,"catalogFloorId":4},"geometry":{"type":"Polygon","coordinates":[[[19.062216652,47.474358661],[19.062219334,47.474367726],[19.062148926,47.474376791],[19.062146915,47.47436818],[19.062216652,47.474358661]]]}},{"type":"Feature","id":36821,"properties":{"buildingId":2,"floorId":5,"roomNumber":"F.67","roomName":"Női WC","scope":"budapest/lagymanyos/eszaki/0/LÉ-0-107A-05-71","roomCode":"LÉ-0-107A-05-71","roomType":"social","__tile":"17/72476/45847","__layer":"rooms","__zoom":17,"__mvtId":36821,"__building":"eszaki","__ringVerts":7,"id":36821,"catalogFloorId":5},"geometry":{"type":"Polygon","coordinates":[[[19.061956392,47.474335704],[19.061963098,47.474356554],[19.061955051,47.474357913],[19.061955722,47.47436018],[19.0619175,47.474365165],[19.061910124,47.474342049],[19.061956392,47.474335704]]]}},{"type":"Feature","id":918,"properties":{"buildingId":2,"floorId":10,"roomNumber":"5.132","roomName":"5.132 Belső súrlódásmérő laboratórium","scope":"budapest/lagymanyos/eszaki/5/LÉ-5-132-01-14","roomCode":"LÉ-5-132-01-14","roomType":"educational","__tile":"17/72476/45847","__layer":"rooms","__zoom":17,"__mvtId":918,"__building":"eszaki","__ringVerts":5,"id":918,"catalogFloorId":10},"geometry":{"type":"Polygon","coordinates":[[[19.062540667,47.474265519],[19.062548043,47.474292714],[19.062474953,47.474302685],[19.062466906,47.474275943],[19.062540667,47.474265519]]]}},{"type":"Feature","id":1150,"properties":{"buildingId":2,"floorId":12,"roomNumber":"7.97","roomName":"7.97 Dolgozó","scope":"budapest/lagymanyos/eszaki/7/LÉ-7-97-02-33","roomCode":"LÉ-7-97-02-33","roomType":"administrative","__tile":"17/72476/45847","__layer":"rooms","__zoom":17,"__mvtId":1150,"__building":"eszaki","__ringVerts":5,"id":1150,"catalogFloorId":12},"geometry":{"type":"Polygon","coordinates":[[[19.062583905,47.474125243],[19.062591952,47.474151985],[19.06251685,47.47416241],[19.062508803,47.474135668],[19.062583905,47.474125243]]]}},{"type":"Feature","id":36562,"properties":{"buildingId":2,"floorId":4,"roomNumber":"P.36; 34/A B4","roomName":"Pásztázó elektronmikroszkóp laboratórium","scope":"budapest/lagymanyos/eszaki/-1/LÉ--1-109-01-14","roomCode":"LÉ--1-109-01-14","roomType":"educational","__tile":"17/72476/45847","__layer":"rooms","__zoom":17,"__mvtId":36562,"__building":"eszaki","__ringVerts":9,"id":36562,"catalogFloorId":4},"geometry":{"type":"Polygon","coordinates":[[[19.062544755,47.474273156],[19.062561519,47.474328],[19.062492452,47.474337065],[19.062482393,47.474302618],[19.062473006,47.474303978],[19.062468982,47.474291287],[19.06247837,47.47429038],[19.062476358,47.474282675],[19.062544755,47.474273156]]]}},{"type":"Feature","id":1158,"properties":{"buildingId":2,"floorId":13,"roomNumber":"8.04","roomName":"8.04 Asztrofizika obszervatórium üzemeltetés","scope":"budapest/lagymanyos/eszaki/8/LÉ-8-04-01-14","roomCode":"LÉ-8-04-01-14","roomType":"educational","__tile":"17/72476/45847","__layer":"rooms","__zoom":17,"__mvtId":1158,"__building":"eszaki","__ringVerts":79,"id":1158,"catalogFloorId":13},"geometry":{"type":"Polygon","coordinates":[[[19.062459832,47.474111562],[19.062466537,47.474132865],[19.062462514,47.474133318],[19.062463855,47.474137851],[19.062467879,47.474136944],[19.062483972,47.474189069],[19.062479948,47.474189522],[19.06248129,47.474194054],[19.062485313,47.474193148],[19.062500736,47.474245272],[19.062497383,47.474245725],[19.062498724,47.474250258],[19.062502077,47.474249805],[19.06251817,47.474301476],[19.062514147,47.474301929],[19.062515488,47.474306461],[19.062519511,47.474306008],[19.062534934,47.474357679],[19.062531581,47.474358132],[19.062532252,47.474362211],[19.062536275,47.474362211],[19.062552368,47.474413882],[19.062548345,47.474414335],[19.062549686,47.474418868],[19.062553709,47.474418415],[19.062569803,47.474470085],[19.062565779,47.474470992],[19.06256712,47.474475071],[19.062571144,47.474474618],[19.062586566,47.474526289],[19.062510794,47.474537167],[19.062509453,47.474533087],[19.062500065,47.474534447],[19.062496042,47.47452085],[19.062505429,47.47451949],[19.062500065,47.474502719],[19.062490677,47.474504079],[19.062486654,47.474490482],[19.062496042,47.474489122],[19.062492689,47.474476431],[19.06248129,47.474478244],[19.062483301,47.474483683],[19.062451115,47.474488215],[19.062449774,47.474482776],[19.062438374,47.474484136],[19.062440386,47.474489575],[19.062363943,47.47449864],[19.06234852,47.47444697],[19.062351873,47.474446516],[19.062350532,47.474441984],[19.062347179,47.474442437],[19.062339803,47.474419321],[19.062342485,47.474418868],[19.062331086,47.474390766],[19.062335109,47.474390313],[19.062333768,47.474385781],[19.062329745,47.474386234],[19.062290853,47.474252524],[19.062374672,47.47424074],[19.062376683,47.474245725],[19.062410211,47.47424074],[19.062420269,47.474238473],[19.062414905,47.47422125],[19.062404847,47.474222609],[19.062400823,47.474209465],[19.062410882,47.474208105],[19.06240887,47.474202213],[19.062404176,47.474200853],[19.062399482,47.474203573],[19.062382048,47.474146463],[19.062388083,47.474147369],[19.062391436,47.474145103],[19.062389424,47.474139211],[19.062380036,47.47414057],[19.062378695,47.474136491],[19.062376013,47.474127426],[19.062385401,47.474126066],[19.062381377,47.474111562],[19.062459832,47.474111562]],[[19.06238406,47.474479604],[19.062369978,47.47448187],[19.06237266,47.474491841],[19.062387412,47.474489575],[19.06238406,47.474479604]],[[19.062356567,47.474387594],[19.062341815,47.47438986],[19.062349191,47.474415242],[19.062363943,47.474412976],[19.062356567,47.474387594]],[[19.062440386,47.474452409],[19.062429657,47.474453768],[19.062434351,47.474470992],[19.06244575,47.474469179],[19.062440386,47.474452409]],[[19.062483301,47.474446063],[19.062471902,47.474447876],[19.062478607,47.474464646],[19.062488666,47.474463287],[19.062483301,47.474446063]],[[19.062375342,47.474449236],[19.06236059,47.474451049],[19.062363272,47.47446102],[19.062378025,47.474459207],[19.062375342,47.474449236]],[[19.062432339,47.474426573],[19.06242161,47.474427933],[19.062425634,47.474440624],[19.062436363,47.474438811],[19.062432339,47.474426573]],[[19.062367296,47.4744234],[19.062352544,47.474425667],[19.062355896,47.474435638],[19.062369978,47.474433372],[19.062367296,47.4744234]],[[19.062475255,47.474420228],[19.062464526,47.474422041],[19.06246922,47.474434278],[19.062479278,47.474432919],[19.062475255,47.474420228]],[[19.062347179,47.474357226],[19.062332427,47.474359039],[19.062339803,47.474384421],[19.062354555,47.474382154],[19.062347179,47.474357226]],[[19.062406188,47.474339549],[19.062394788,47.474341362],[19.062400153,47.474358585],[19.062411552,47.474356772],[19.062406188,47.474339549]],[[19.062422952,47.474395752],[19.062412223,47.474397565],[19.062417587,47.474414789],[19.062428316,47.474412976],[19.062422952,47.474395752]],[[19.062465867,47.47438986],[19.062455138,47.474391673],[19.062461173,47.474408443],[19.062471231,47.474407083],[19.062465867,47.47438986]],[[19.062415575,47.474369917],[19.062404176,47.47437173],[19.062408199,47.474384421],[19.062418928,47.474382608],[19.062415575,47.474369917]],[[19.062388753,47.474283345],[19.062378025,47.474285158],[19.062383389,47.474302382],[19.062394118,47.474300569],[19.062388753,47.474283345]],[[19.062458491,47.474364024],[19.062447091,47.474365837],[19.062451785,47.474378075],[19.062461844,47.474376715],[19.062458491,47.474364024]],[[19.062449103,47.474333656],[19.062437704,47.474335469],[19.062444409,47.47435224],[19.062454468,47.47435088],[19.062449103,47.474333656]],[[19.062431669,47.474277453],[19.06242094,47.474279266],[19.062426975,47.474296036],[19.062437033,47.474294677],[19.062431669,47.474277453]],[[19.062441056,47.474307821],[19.062430328,47.474309634],[19.062435021,47.474321872],[19.06244508,47.474320512],[19.062441056,47.474307821]],[[19.06232371,47.474280173],[19.062308958,47.474282439],[19.06231231,47.47429241],[19.062326392,47.474290144],[19.06232371,47.474280173]],[[19.062423622,47.474251618],[19.062412893,47.474252977],[19.062416917,47.474265669],[19.062427645,47.474264309],[19.062423622,47.474251618]],[[19.062380036,47.474262496],[19.06237199,47.474266122],[19.062374001,47.474272014],[19.06238473,47.474270201],[19.062380036,47.474262496]]]}},{"type":"Feature","id":704,"properties":{"buildingId":2,"floorId":7,"roomNumber":"2-K6","roomName":"2.K6 Közlekedő (Keleti lifttől D)","scope":"budapest/lagymanyos/eszaki/2/LÉ-2-K6-04-63","roomCode":"LÉ-2-K6-04-63","roomType":"corridor","__tile":"17/72476/45847","__layer":"rooms","__zoom":17,"__mvtId":704,"__building":"eszaki","__ringVerts":124,"id":704,"catalogFloorId":7},"geometry":{"type":"Polygon","coordinates":[[[19.062442741,47.4740896],[19.062448776,47.474102745],[19.062437376,47.474105011],[19.062447434,47.474104104],[19.062452128,47.474119515],[19.06244207,47.474120875],[19.062446093,47.474134926],[19.062456822,47.474135379],[19.062460175,47.47414535],[19.062450117,47.47414807],[19.062456152,47.47416756],[19.062456152,47.474161214],[19.062464869,47.474160308],[19.062469563,47.474175718],[19.062460846,47.474176625],[19.062457493,47.474171186],[19.062459504,47.474177985],[19.062471574,47.474176625],[19.062474257,47.47418705],[19.062473586,47.474190222],[19.062465539,47.474191582],[19.062462857,47.474188863],[19.062463528,47.474191582],[19.062464869,47.474192035],[19.062473586,47.474190676],[19.062476939,47.474201554],[19.062468892,47.474202913],[19.06247895,47.474202913],[19.062482974,47.474215151],[19.062471574,47.474217871],[19.062481633,47.474216511],[19.062486327,47.474231922],[19.062476268,47.474233281],[19.062480962,47.474248239],[19.06249102,47.474246879],[19.062494373,47.474257757],[19.062484315,47.47425957],[19.062486997,47.474268635],[19.062489009,47.474274074],[19.062499067,47.474272714],[19.062503761,47.474288125],[19.062493703,47.474290391],[19.062505773,47.474289031],[19.062509125,47.474299456],[19.062507784,47.474302629],[19.062499738,47.474303989],[19.062508455,47.474303082],[19.062511807,47.47431396],[19.062501749,47.474316226],[19.062507784,47.474336169],[19.062507784,47.474330277],[19.062515831,47.474328917],[19.062525889,47.474355659],[19.062525219,47.474358832],[19.062517172,47.474360645],[19.062525219,47.474359285],[19.062528571,47.474370163],[19.062520525,47.474371523],[19.062528571,47.474370617],[19.062534606,47.474383761],[19.062522536,47.474385574],[19.062533265,47.474385121],[19.062537288,47.474399171],[19.062527901,47.474401891],[19.062533936,47.474421381],[19.06250242,47.474425913],[19.062475598,47.474338436],[19.06246688,47.474339342],[19.062462857,47.474325291],[19.062471574,47.474323932],[19.062468222,47.47431396],[19.062458163,47.474314867],[19.062457493,47.474312147],[19.062456822,47.474310334],[19.06246688,47.474308521],[19.06246621,47.474305348],[19.062464869,47.474308521],[19.062456822,47.474309881],[19.062456152,47.474306708],[19.062452799,47.474296283],[19.062462857,47.474294924],[19.062452128,47.474295377],[19.062447434,47.474279966],[19.062457493,47.474278607],[19.062456822,47.47427634],[19.062453469,47.474264556],[19.062442741,47.474265009],[19.06244207,47.474261383],[19.062439388,47.474254131],[19.062449446,47.474251865],[19.062445423,47.474237814],[19.062435365,47.474239174],[19.062430671,47.474223763],[19.062438047,47.474221497],[19.062428659,47.474222857],[19.062425977,47.474208806],[19.062422624,47.474197928],[19.062430671,47.474196115],[19.062422624,47.474197474],[19.062419942,47.474195208],[19.062418601,47.474183877],[19.062428659,47.474182517],[19.06241793,47.47418297],[19.062413236,47.47416756],[19.062423295,47.4741662],[19.062419271,47.474152602],[19.062408542,47.474152602],[19.062407201,47.47414671],[19.06240519,47.474141724],[19.062415248,47.474140365],[19.062411225,47.474124954],[19.062401166,47.474126767],[19.062396473,47.474111356],[19.06240586,47.474108637],[19.062394461,47.47411045],[19.062391108,47.474099572],[19.062391779,47.474096399],[19.062399825,47.474095493],[19.062401166,47.474098212],[19.06240586,47.474095039],[19.06242933,47.474091867],[19.062434694,47.47409368],[19.062434694,47.474090507],[19.062442741,47.4740896]],[[19.062431341,47.474200647],[19.062424636,47.474201554],[19.062425306,47.474204273],[19.062433353,47.474203367],[19.062431341,47.474200647]],[[19.062518513,47.474371523],[19.062519854,47.474375149],[19.062521195,47.474374696],[19.062519854,47.47437243],[19.062518513,47.474371523]],[[19.062413907,47.474144444],[19.062407872,47.47414535],[19.062408542,47.47414807],[19.062416589,47.474147163],[19.062413907,47.474144444]],[[19.062524548,47.474363818],[19.062517842,47.474364724],[19.062518513,47.474367444],[19.06252656,47.474366084],[19.062524548,47.474363818]],[[19.062507114,47.474307615],[19.062500408,47.474308521],[19.062501749,47.474311241],[19.062509125,47.474309881],[19.062507114,47.474307615]],[[19.062515831,47.474357019],[19.06251449,47.474357472],[19.062516501,47.474360192],[19.062516501,47.474358832],[19.062515831,47.474357019]],[[19.062509125,47.474339795],[19.062511137,47.474347048],[19.062519854,47.474345235],[19.062512478,47.474345688],[19.062509125,47.474339795]],[[19.062489679,47.474251411],[19.062483644,47.474252318],[19.062484315,47.474255037],[19.062492361,47.474253678],[19.062489679,47.474251411]],[[19.062448105,47.474257304],[19.06244207,47.474257757],[19.062442741,47.474260476],[19.062450787,47.47425957],[19.062448105,47.474257304]],[[19.062472915,47.474195208],[19.06246621,47.474196115],[19.06246688,47.474198381],[19.062474927,47.474197474],[19.062472915,47.474195208]],[[19.062498396,47.474300816],[19.062497055,47.474301269],[19.062497726,47.474303082],[19.062499738,47.474303535],[19.062498396,47.474300816]],[[19.062455481,47.474139005],[19.062449446,47.474139911],[19.062450117,47.474142178],[19.062458163,47.474141271],[19.062455481,47.474139005]],[[19.062431341,47.474192942],[19.06243,47.474193395],[19.062430671,47.474196115],[19.062432012,47.474196568],[19.062431341,47.474192942]],[[19.062435365,47.474210619],[19.062436706,47.474210619],[19.062436035,47.474207899],[19.062434694,47.474207899],[19.062435365,47.474210619]],[[19.062467551,47.474202913],[19.062468222,47.474206086],[19.062469563,47.474205633],[19.062468892,47.474203367],[19.062467551,47.474202913]],[[19.062440058,47.474221044],[19.062438717,47.474221497],[19.062439388,47.474222403],[19.062440729,47.474222403],[19.062440058,47.474221044]]]}},{"type":"Feature","id":1171,"properties":{"buildingId":2,"floorId":13,"roomNumber":"8-L5","roomName":"8.L5 Lépcsőház DK","scope":"budapest/lagymanyos/eszaki/8/LÉ-8-L5-04-64","roomCode":"LÉ-8-L5-04-64","roomType":"corridor","__tile":"17/72476/45847","__layer":"rooms","__zoom":17,"__mvtId":1171,"__building":"eszaki","__ringVerts":6,"id":1171,"catalogFloorId":13},"geometry":{"type":"Polygon","coordinates":[[[19.062454967,47.474138767],[19.062462344,47.474162336],[19.062383889,47.474173214],[19.062377183,47.474149645],[19.062386571,47.474148286],[19.062454967,47.474138767]]]}},{"type":"Feature","id":1148,"properties":{"buildingId":2,"floorId":12,"roomNumber":"7.95","roomName":"7.95 Dolgozó","scope":"budapest/lagymanyos/eszaki/7/LÉ-7-95-02-33","roomCode":"LÉ-7-95-02-33","roomType":"administrative","__tile":"17/72476/45847","__layer":"rooms","__zoom":17,"__mvtId":1148,"__building":"eszaki","__ringVerts":5,"id":1148,"catalogFloorId":12},"geometry":{"type":"Polygon","coordinates":[[[19.062566836,47.474181145],[19.062575553,47.47420834],[19.062499781,47.474218765],[19.062491734,47.474192023],[19.062566836,47.474181145]]]}},{"type":"Feature","id":878,"properties":{"buildingId":2,"floorId":9,"roomNumber":"4-K6","roomName":"4.K6 Közlekedő (Keleti lifttől jobbra)","scope":"budapest/lagymanyos/eszaki/4/LÉ-4-K6-04-63","roomCode":"LÉ-4-K6-04-63","roomType":"corridor","__tile":"17/72476/45847","__layer":"rooms","__zoom":17,"__mvtId":878,"__building":"eszaki","__ringVerts":53,"id":878,"catalogFloorId":9},"geometry":{"type":"Polygon","coordinates":[[[19.062435204,47.474091516],[19.062444592,47.474121884],[19.06245465,47.474120524],[19.062458003,47.474131402],[19.062447945,47.474132762],[19.062462026,47.474178541],[19.062472084,47.474176728],[19.062474767,47.474187606],[19.062464708,47.474188965],[19.062470073,47.474206642],[19.062480131,47.474204829],[19.062483484,47.474214801],[19.062473425,47.474217067],[19.06247879,47.474234744],[19.062488848,47.474233384],[19.062492201,47.474243809],[19.062482143,47.474245169],[19.062487507,47.474262846],[19.062497565,47.474261939],[19.062500918,47.474271911],[19.06249086,47.47427327],[19.062513659,47.47434715],[19.062523717,47.474345791],[19.06252707,47.474356215],[19.062517011,47.474357575],[19.062522376,47.474375252],[19.062532434,47.474373892],[19.062535116,47.474384317],[19.062525058,47.474385677],[19.062536457,47.474421483],[19.062504941,47.474426016],[19.062468061,47.474305904],[19.062458003,47.474307264],[19.06245465,47.474296386],[19.062464708,47.474295026],[19.062451297,47.474249701],[19.062441239,47.474251061],[19.062437886,47.474240183],[19.062447945,47.474238823],[19.062433863,47.474193045],[19.062423805,47.474194858],[19.062420452,47.47418398],[19.06243051,47.47418262],[19.062425146,47.474164943],[19.062415087,47.474166756],[19.062411735,47.474155878],[19.062421793,47.474154518],[19.062417099,47.474138654],[19.062407711,47.47410874],[19.062397653,47.474110099],[19.0623943,47.474099675],[19.062407711,47.474095142],[19.062435204,47.474091516]]]}},{"type":"Feature","id":37001,"properties":{"buildingId":2,"floorId":6,"roomNumber":"1.125A","roomName":"Iroda","scope":"budapest/lagymanyos/eszaki/1/LÉ-1-125A-02-33","roomCode":"LÉ-1-125A-02-33","roomType":"administrative","__tile":"17/72476/45847","__layer":"rooms","__zoom":17,"__mvtId":37001,"__building":"eszaki","__ringVerts":5,"id":37001,"catalogFloorId":6},"geometry":{"type":"Polygon","coordinates":[[[19.062467302,47.474469596],[19.062482725,47.474520361],[19.062400247,47.474531692],[19.062384824,47.474480474],[19.062467302,47.474469596]]]}},{"type":"Feature","id":36547,"properties":{"buildingId":2,"floorId":4,"roomNumber":"P.69","roomName":"Férfi WC","scope":"budapest/lagymanyos/eszaki/-1/LÉ--1-179-B-05-71","roomCode":"LÉ--1-179/B-05-71","roomType":"social","__tile":"17/72476/45847","__layer":"rooms","__zoom":17,"__mvtId":36547,"__building":"eszaki","__ringVerts":7,"id":36547,"catalogFloorId":4},"geometry":{"type":"Polygon","coordinates":[[[19.062377483,47.474394065],[19.062383518,47.474414915],[19.062374801,47.474416274],[19.062375472,47.474418541],[19.062349991,47.474421713],[19.062343285,47.474398597],[19.062377483,47.474394065]]]}},{"type":"Feature","id":883,"properties":{"buildingId":2,"floorId":9,"roomNumber":"4-L5","roomName":"4.L5 Lépcsőház DK","scope":"budapest/lagymanyos/eszaki/4/LÉ-4-L5-04-64","roomCode":"LÉ-4-L5-04-64","roomType":"corridor","__tile":"17/72476/45847","__layer":"rooms","__zoom":17,"__mvtId":883,"__building":"eszaki","__ringVerts":5,"id":883,"catalogFloorId":9},"geometry":{"type":"Polygon","coordinates":[[[19.062455592,47.474138722],[19.062464979,47.474161838],[19.062379149,47.474172262],[19.062372443,47.474150506],[19.062455592,47.474138722]]]}},{"type":"Feature","id":36565,"properties":{"buildingId":2,"floorId":4,"roomNumber":"P.38C B4","roomName":"Teakonyha","scope":"budapest/lagymanyos/eszaki/-1/LÉ--1-109-B-05-77","roomCode":"LÉ--1-109/B-05-77","roomType":"social","__tile":"17/72476/45847","__layer":"rooms","__zoom":17,"__mvtId":36565,"__building":"eszaki","__ringVerts":5,"id":36565,"catalogFloorId":4},"geometry":{"type":"Polygon","coordinates":[[[19.062515592,47.474212559],[19.062523639,47.474238847],[19.062494134,47.474242927],[19.062486088,47.474216638],[19.062515592,47.474212559]]]}},{"type":"Feature","id":1149,"properties":{"buildingId":2,"floorId":12,"roomNumber":"7.96","roomName":"7.96 Dolgozó","scope":"budapest/lagymanyos/eszaki/7/LÉ-7-96-02-33","roomCode":"LÉ-7-96-02-33","roomType":"administrative","__tile":"17/72476/45847","__layer":"rooms","__zoom":17,"__mvtId":1149,"__building":"eszaki","__ringVerts":5,"id":1149,"catalogFloorId":12},"geometry":{"type":"Polygon","coordinates":[[[19.062575534,47.474153292],[19.062583581,47.474180034],[19.062508479,47.474190459],[19.062500432,47.474163717],[19.062575534,47.474153292]]]}},{"type":"Feature","id":804,"properties":{"buildingId":2,"floorId":8,"roomNumber":"3-K5","roomName":"3.K5 Közlekedő Keleti lift előtt","scope":"budapest/lagymanyos/eszaki/3/LÉ-3-K5-04-63","roomCode":"LÉ-3-K5-04-63","roomType":"corridor","__tile":"17/72476/45847","__layer":"rooms","__zoom":17,"__mvtId":804,"__building":"eszaki","__ringVerts":51,"id":804,"catalogFloorId":8},"geometry":{"type":"Polygon","coordinates":[[[19.062386372,47.474406335],[19.062389054,47.474406788],[19.062393078,47.474420386],[19.06238369,47.474422652],[19.062395089,47.474420839],[19.062398442,47.474431717],[19.062387043,47.474433077],[19.062387713,47.474435796],[19.062397101,47.474433077],[19.062399783,47.474442142],[19.062398442,47.474439422],[19.062389054,47.474440782],[19.062407159,47.474499705],[19.062409171,47.474506957],[19.062421241,47.474505597],[19.062423923,47.474516022],[19.062412524,47.474517382],[19.062423252,47.474517382],[19.062427946,47.474532793],[19.062417888,47.474535059],[19.062427946,47.474533699],[19.06243197,47.47454639],[19.062421911,47.47454775],[19.062421911,47.474548657],[19.06243197,47.47454775],[19.062435322,47.474558628],[19.06238436,47.47456588],[19.062383019,47.474561348],[19.062392407,47.474559081],[19.062387713,47.474543218],[19.062380337,47.474517835],[19.062361562,47.474520555],[19.062355527,47.474497892],[19.062351503,47.474498345],[19.062348151,47.47448928],[19.062352844,47.474488827],[19.062350162,47.474481122],[19.062346139,47.474481575],[19.062343457,47.47447251],[19.06234748,47.474472057],[19.062344798,47.474463898],[19.062340775,47.474464805],[19.062338092,47.474455286],[19.062342116,47.474454833],[19.06233541,47.47443353],[19.062354186,47.474431264],[19.062344127,47.474431264],[19.062342116,47.474424465],[19.062351503,47.474423558],[19.062344798,47.474406335],[19.062386372,47.474406335]],[[19.06243264,47.474551829],[19.062424594,47.474553189],[19.062425264,47.474555455],[19.062433311,47.474554549],[19.06243264,47.474551829]]]}},{"type":"Feature","id":988,"properties":{"buildingId":2,"floorId":10,"roomNumber":"5/K6","roomName":"5.K6 Közlekedő (Keleti lifttől jobbra)","scope":"budapest/lagymanyos/eszaki/5/LÉ-5-K6-04-63","roomCode":"LÉ-5-K6-04-63","roomType":"corridor","__tile":"17/72476/45847","__layer":"rooms","__zoom":17,"__mvtId":988,"__building":"eszaki","__ringVerts":139,"id":988,"catalogFloorId":10},"geometry":{"type":"Polygon","coordinates":[[[19.062408317,47.474149919],[19.062406976,47.474145387],[19.062404964,47.474139041],[19.062415023,47.474137681],[19.062413682,47.474133149],[19.062410999,47.474122271],[19.062400271,47.474124084],[19.062396247,47.474108673],[19.062405635,47.474105954],[19.062394236,47.474107767],[19.062391553,47.474093716],[19.0623996,47.474092809],[19.062402282,47.474095529],[19.062405635,47.47409145],[19.062428434,47.474088277],[19.062435139,47.474090996],[19.062434469,47.474087823],[19.062443186,47.474086917],[19.062445198,47.474089636],[19.06244855,47.474100061],[19.062437151,47.474101874],[19.062447209,47.474101421],[19.062451903,47.474116832],[19.062441845,47.474118191],[19.062445198,47.47412907],[19.062446539,47.474133149],[19.062456597,47.474131789],[19.06245995,47.474142667],[19.062449891,47.474144027],[19.062454585,47.474158984],[19.062455926,47.474164876],[19.062457938,47.474164423],[19.062455926,47.474158984],[19.062464644,47.474157624],[19.062469337,47.474173035],[19.06246062,47.474173942],[19.062457267,47.474168502],[19.062459279,47.474175301],[19.062471349,47.474173942],[19.062476713,47.47419887],[19.062468667,47.47420023],[19.062477384,47.474199324],[19.062479396,47.474202043],[19.062482748,47.474212468],[19.062471349,47.474214281],[19.062481407,47.474213828],[19.06248409,47.47422244],[19.062486101,47.474229238],[19.062476713,47.474231505],[19.062488113,47.474230145],[19.062490795,47.474243742],[19.062482078,47.474245102],[19.062490795,47.474244196],[19.062494148,47.474255074],[19.062485431,47.474256433],[19.062494148,47.474255527],[19.06249683,47.474258246],[19.062500183,47.474268671],[19.062488113,47.474270484],[19.062498842,47.474270031],[19.062502865,47.474283175],[19.062503536,47.474285442],[19.062493477,47.474287708],[19.062505547,47.474286348],[19.062507559,47.474299946],[19.062499512,47.474301305],[19.062508229,47.474300399],[19.062510912,47.474304931],[19.062511582,47.474311277],[19.062501524,47.474312637],[19.062507559,47.474333486],[19.062507559,47.474327594],[19.062516276,47.474326687],[19.062520299,47.474341645],[19.062512253,47.474343004],[19.0625089,47.474337112],[19.062510912,47.474344364],[19.062522311,47.474342551],[19.062525664,47.474352976],[19.062528346,47.47436748],[19.062518288,47.47436884],[19.062522982,47.474383797],[19.06253304,47.474382437],[19.062537734,47.474397848],[19.062527675,47.474399208],[19.062537734,47.474399208],[19.062541757,47.474411899],[19.062531699,47.474413258],[19.06253371,47.474418697],[19.062502194,47.47442323],[19.062475372,47.474335752],[19.062466655,47.474337112],[19.062461961,47.474322608],[19.062471349,47.474321248],[19.062467996,47.474311277],[19.062457938,47.474312183],[19.062456597,47.474307651],[19.062466655,47.474306291],[19.062465314,47.474302665],[19.062464644,47.474305838],[19.062456597,47.474307198],[19.062454585,47.474304478],[19.062451233,47.474294053],[19.062462632,47.47429224],[19.062451903,47.474292694],[19.062450562,47.474288161],[19.062447209,47.474277283],[19.062457267,47.474274563],[19.062445868,47.474276377],[19.062443186,47.474262779],[19.062451233,47.474261419],[19.062442515,47.474262326],[19.062439163,47.474251448],[19.062449221,47.474249181],[19.06244855,47.474246462],[19.062438492,47.474247822],[19.062435139,47.474237397],[19.062445198,47.474236037],[19.062443186,47.474229238],[19.062443186,47.474235131],[19.062435139,47.47423649],[19.062430445,47.474221533],[19.062438492,47.47421972],[19.062441845,47.474225159],[19.06243581,47.474204763],[19.062425752,47.474206122],[19.062422399,47.474195244],[19.062432457,47.474193885],[19.062426422,47.474174848],[19.06242441,47.474173035],[19.062426422,47.474178927],[19.062417705,47.474180287],[19.062413011,47.474164876],[19.062421728,47.474163517],[19.062425081,47.474168956],[19.062423069,47.474162157],[19.062410999,47.47416397],[19.062407647,47.474153092],[19.062408317,47.474149919]],[[19.062481407,47.474241929],[19.062479396,47.474242383],[19.062480737,47.474245555],[19.062482078,47.474245102],[19.062482078,47.474244649],[19.062481407,47.474241929]],[[19.062516276,47.474357508],[19.062516276,47.474357962],[19.062524993,47.474356149],[19.062516276,47.474357508]],[[19.062451903,47.474264592],[19.062453915,47.474264139],[19.062453244,47.474261872],[19.062451233,47.474261872],[19.062451903,47.474264592]],[[19.062468667,47.47420023],[19.062466655,47.47420023],[19.062467996,47.474203403],[19.062468667,47.47420023]],[[19.062462632,47.474186179],[19.062464644,47.474189352],[19.062473361,47.474187992],[19.062465314,47.474188899],[19.062462632,47.474186179]],[[19.062499512,47.474301305],[19.06249683,47.474298586],[19.062498171,47.474301759],[19.062499512,47.474301305]],[[19.062417034,47.474149013],[19.062419717,47.474151732],[19.062418375,47.474148559],[19.062417034,47.474149013]],[[19.062485431,47.474256433],[19.06248409,47.474256433],[19.06248476,47.474259606],[19.062485431,47.474256433]]]}},{"type":"Feature","id":828,"properties":{"buildingId":2,"floorId":9,"roomNumber":"4.117","roomName":"4.117 Oktatói","scope":"budapest/lagymanyos/eszaki/4/LÉ-4-117-01-13","roomCode":"LÉ-4-117-01-13","roomType":"educational","__tile":"17/72476/45847","__layer":"rooms","__zoom":17,"__mvtId":828,"__building":"eszaki","__ringVerts":5,"id":828,"catalogFloorId":9},"geometry":{"type":"Polygon","coordinates":[[[19.062550198,47.474237747],[19.062558245,47.474264942],[19.062485155,47.474274913],[19.062477108,47.474248171],[19.062550198,47.474237747]]]}},{"type":"Feature","id":810,"properties":{"buildingId":2,"floorId":8,"roomNumber":"3-L5","roomName":"3.L5 Lépcsőház DK","scope":"budapest/lagymanyos/eszaki/3/LÉ-3-L5-04-64","roomCode":"LÉ-3-L5-04-64","roomType":"corridor","__tile":"17/72476/45847","__layer":"rooms","__zoom":17,"__mvtId":810,"__building":"eszaki","__ringVerts":6,"id":810,"catalogFloorId":8},"geometry":{"type":"Polygon","coordinates":[[[19.062452817,47.47413483],[19.062460193,47.474158399],[19.062393808,47.474167464],[19.062382409,47.474169277],[19.062375033,47.474145708],[19.062452817,47.47413483]]]}},{"type":"Feature","id":1075,"properties":{"buildingId":2,"floorId":12,"roomNumber":"7.102","roomName":"7.102 Oktató","scope":"budapest/lagymanyos/eszaki/7/LÉ-7-102-01-13","roomCode":"LÉ-7-102-01-13","roomType":"educational","__tile":"17/72476/45847","__layer":"rooms","__zoom":17,"__mvtId":1075,"__building":"eszaki","__ringVerts":9,"id":1075,"catalogFloorId":12},"geometry":{"type":"Polygon","coordinates":[[[19.062377767,47.474270976],[19.062389166,47.474307237],[19.062399225,47.474305877],[19.062403248,47.474319021],[19.06239319,47.474320381],[19.062395201,47.474326273],[19.062319429,47.474336698],[19.062302665,47.474281854],[19.062377767,47.474270976]]]}},{"type":"Feature","id":57,"properties":{"buildingId":2,"floorId":11,"roomNumber":"6.133","roomName":"6.133 F2 labor","scope":"budapest/lagymanyos/eszaki/6/LÉ-6-133-01-12","roomCode":"LÉ-6-133-01-12","roomType":"educational","__tile":"17/72476/45847","__layer":"rooms","__zoom":17,"__mvtId":57,"__building":"eszaki","__ringVerts":19,"id":57,"catalogFloorId":11},"geometry":{"type":"Polygon","coordinates":[[[19.062363958,47.474278403],[19.06236597,47.474283388],[19.062376028,47.474282029],[19.062380051,47.474295173],[19.062369993,47.474296533],[19.062380722,47.474332793],[19.062369993,47.474334153],[19.062381392,47.4743337],[19.062392121,47.47436996],[19.06240218,47.4743686],[19.062406203,47.474381744],[19.062396145,47.474383104],[19.062398156,47.474388996],[19.062322384,47.474399421],[19.06230562,47.474344124],[19.062357253,47.474337326],[19.06230562,47.474343218],[19.062288856,47.474288827],[19.062363958,47.474278403]]]}},{"type":"Feature","id":659,"properties":{"buildingId":2,"floorId":7,"roomNumber":"2.134","roomName":"2.134 Kármán laboratórium","scope":"budapest/lagymanyos/eszaki/2/LÉ-2-134-01-14","roomCode":"LÉ-2-134-01-14","roomType":"educational","__tile":"17/72476/45847","__layer":"rooms","__zoom":17,"__mvtId":659,"__building":"eszaki","__ringVerts":9,"id":659,"catalogFloorId":7},"geometry":{"type":"Polygon","coordinates":[[[19.062598092,47.474129465],[19.062615526,47.474184308],[19.062540425,47.474194733],[19.062529025,47.474158473],[19.062518967,47.474159832],[19.062514944,47.474147141],[19.062525002,47.474145782],[19.062523661,47.474139889],[19.062598092,47.474129465]]]}},{"type":"Feature","id":916,"properties":{"buildingId":2,"floorId":10,"roomNumber":"5.130","roomName":"5.130 Sarf röntgen előkészítő","scope":"budapest/lagymanyos/eszaki/5/LÉ-5-130-01-14","roomCode":"LÉ-5-130-01-14","roomType":"educational","__tile":"17/72476/45847","__layer":"rooms","__zoom":17,"__mvtId":916,"__building":"eszaki","__ringVerts":5,"id":916,"catalogFloorId":10},"geometry":{"type":"Polygon","coordinates":[[[19.062506917,47.47437805],[19.062513623,47.474405245],[19.062440533,47.474415217],[19.062431815,47.474388022],[19.062506917,47.47437805]]]}},{"type":"Feature","id":825,"properties":{"buildingId":2,"floorId":9,"roomNumber":"4.114","roomName":"4.114 Fizikai tulajdonságok laboratórium","scope":"budapest/lagymanyos/eszaki/4/LÉ-4-114-01-14","roomCode":"LÉ-4-114-01-14","roomType":"educational","__tile":"17/72476/45847","__layer":"rooms","__zoom":17,"__mvtId":825,"__building":"eszaki","__ringVerts":7,"id":825,"catalogFloorId":9},"geometry":{"type":"Polygon","coordinates":[[[19.062528073,47.474349451],[19.062536119,47.474376647],[19.062463029,47.474386618],[19.062456994,47.474367582],[19.062461688,47.474367128],[19.062459006,47.47435897],[19.062528073,47.474349451]]]}},{"type":"Feature","id":756,"properties":{"buildingId":2,"floorId":8,"roomNumber":"3.134","roomName":"3.134 Spektroszkópia laboratórium","scope":"budapest/lagymanyos/eszaki/3/LÉ-3-134-01-14","roomCode":"LÉ-3-134-01-14","roomType":"educational","__tile":"17/72476/45847","__layer":"rooms","__zoom":17,"__mvtId":756,"__building":"eszaki","__ringVerts":9,"id":756,"catalogFloorId":8},"geometry":{"type":"Polygon","coordinates":[[[19.062530121,47.4743541],[19.062546885,47.474409397],[19.062471783,47.474419822],[19.062460384,47.474383562],[19.062450325,47.474384921],[19.062446302,47.47437223],[19.06245636,47.474370871],[19.062454349,47.474364525],[19.062530121,47.4743541]]]}},{"type":"Feature","id":764,"properties":{"buildingId":2,"floorId":8,"roomNumber":"3.142","roomName":"3.142 Sejt tenyésztő hidegszoba, Előkészítő, hidegszoba","scope":"budapest/lagymanyos/eszaki/3/LÉ-3-142-01-14","roomCode":"LÉ-3-142-01-14","roomType":"educational","__tile":"17/72476/45847","__layer":"rooms","__zoom":17,"__mvtId":764,"__building":"eszaki","__ringVerts":17,"id":764,"catalogFloorId":8},"geometry":{"type":"Polygon","coordinates":[[[19.06242207,47.474168109],[19.062440845,47.47416539],[19.062448892,47.474192131],[19.062373119,47.474202556],[19.062365073,47.474176721],[19.062382507,47.474173548],[19.062416705,47.474169016],[19.062391224,47.474172642],[19.062395918,47.474188959],[19.062427434,47.474184426],[19.062426093,47.4741808],[19.062426093,47.474183973],[19.062396589,47.474188052],[19.062392565,47.474173095],[19.062421399,47.474169016],[19.062423411,47.474171735],[19.06242207,47.474168109]]]}},{"type":"Feature","id":827,"properties":{"buildingId":2,"floorId":9,"roomNumber":"4.116","roomName":"4.116 Optika laboratórium","scope":"budapest/lagymanyos/eszaki/4/LÉ-4-116-01-14","roomCode":"LÉ-4-116-01-14","roomType":"educational","__tile":"17/72476/45847","__layer":"rooms","__zoom":17,"__mvtId":827,"__building":"eszaki","__ringVerts":5,"id":827,"catalogFloorId":9},"geometry":{"type":"Polygon","coordinates":[[[19.062541598,47.474265875],[19.062549645,47.47429307],[19.062476555,47.474303041],[19.062468508,47.474276299],[19.062541598,47.474265875]]]}},{"type":"Feature","id":824,"properties":{"buildingId":2,"floorId":9,"roomNumber":"4.113","roomName":"4.113 Fizika alapmérések Laboratórium","scope":"budapest/lagymanyos/eszaki/4/LÉ-4-113-01-14","roomCode":"LÉ-4-113-01-14","roomType":"educational","__tile":"17/72476/45847","__layer":"rooms","__zoom":17,"__mvtId":824,"__building":"eszaki","__ringVerts":5,"id":824,"catalogFloorId":9},"geometry":{"type":"Polygon","coordinates":[[[19.06249108,47.474384308],[19.062517232,47.474469519],[19.062444142,47.474479491],[19.06241799,47.474394279],[19.06249108,47.474384308]]]}},{"type":"Feature","id":1019,"properties":{"buildingId":2,"floorId":11,"roomNumber":"6.129","roomName":"6.129 Szinoptikus meteorológia labor","scope":"budapest/lagymanyos/eszaki/6/LÉ-6-129-01-14","roomCode":"LÉ-6-129-01-14","roomType":"educational","__tile":"17/72476/45847","__layer":"rooms","__zoom":17,"__mvtId":1019,"__building":"eszaki","__ringVerts":6,"id":1019,"catalogFloorId":11},"geometry":{"type":"Polygon","coordinates":[[[19.062435603,47.474165325],[19.06244365,47.474192067],[19.062367877,47.474202491],[19.062359831,47.474176656],[19.062418839,47.474168044],[19.062435603,47.474165325]]]}},{"type":"Feature","id":915,"properties":{"buildingId":2,"floorId":10,"roomNumber":"5.129","roomName":"5.129 Hallgatói Laboratórium III. Éves","scope":"budapest/lagymanyos/eszaki/5/LÉ-5-129-01-14","roomCode":"LÉ-5-129-01-14","roomType":"educational","__tile":"17/72476/45847","__layer":"rooms","__zoom":17,"__mvtId":915,"__building":"eszaki","__ringVerts":10,"id":915,"catalogFloorId":10},"geometry":{"type":"Polygon","coordinates":[[[19.06251672,47.474415274],[19.062534154,47.474472384],[19.062459052,47.474482809],[19.0624443,47.474434764],[19.062434242,47.474436123],[19.06243156,47.474427512],[19.062440277,47.474426152],[19.062440947,47.474428871],[19.062441618,47.474425699],[19.06251672,47.474415274]]]}},{"type":"Feature","id":925,"properties":{"buildingId":2,"floorId":10,"roomNumber":"5.139","roomName":"5.139 Hallgatói laboratórium II.éves","scope":"budapest/lagymanyos/eszaki/5/LÉ-5-139-01-14","roomCode":"LÉ-5-139-01-14","roomType":"educational","__tile":"17/72476/45847","__layer":"rooms","__zoom":17,"__mvtId":925,"__building":"eszaki","__ringVerts":9,"id":925,"catalogFloorId":10},"geometry":{"type":"Polygon","coordinates":[[[19.062360913,47.474327488],[19.062372313,47.474362842],[19.062382371,47.474361482],[19.062385724,47.474374626],[19.062375666,47.474375986],[19.062377677,47.474381878],[19.062302575,47.474392303],[19.062285812,47.474337913],[19.062360913,47.474327488]]]}},{"type":"Feature","id":987,"properties":{"buildingId":2,"floorId":10,"roomNumber":"5/K5","roomName":"5.K5 Közlekedő Keleti lift előtt","scope":"budapest/lagymanyos/eszaki/5/LÉ-5-K5-04-63","roomCode":"LÉ-5-K5-04-63","roomType":"corridor","__tile":"17/72476/45847","__layer":"rooms","__zoom":17,"__mvtId":987,"__building":"eszaki","__ringVerts":30,"id":987,"catalogFloorId":10},"geometry":{"type":"Polygon","coordinates":[[[19.062375904,47.474401128],[19.062380598,47.474415179],[19.06237121,47.474417445],[19.062382609,47.474416085],[19.062385962,47.47442651],[19.062374563,47.47442787],[19.062396691,47.47450175],[19.062408761,47.47450039],[19.062411443,47.474510815],[19.062400044,47.474512175],[19.062410773,47.474512175],[19.062414796,47.474527586],[19.062405408,47.474528945],[19.062415466,47.474528492],[19.06241949,47.474541183],[19.062409431,47.474542543],[19.062409431,47.474543903],[19.06241949,47.474542543],[19.062423513,47.474553874],[19.062414125,47.474554781],[19.062381939,47.47455886],[19.062367857,47.474512628],[19.062349082,47.474515348],[19.06232293,47.474428323],[19.062341706,47.474426057],[19.062331647,47.474426057],[19.062329636,47.474419258],[19.062339023,47.474418351],[19.062332988,47.474401128],[19.062375904,47.474401128]]]}},{"type":"Feature","id":1203,"properties":{"buildingId":2,"floorId":9,"roomNumber":"4.124","roomName":"4.124 Előkészítő ","scope":"budapest/lagymanyos/eszaki/4/LÉ-4-124-01-12","roomCode":"LÉ-4-124-01-12","roomType":"educational","__tile":"17/72476/45847","__layer":"rooms","__zoom":17,"__mvtId":1203,"__building":"eszaki","__ringVerts":5,"id":1203,"catalogFloorId":9},"geometry":{"type":"Polygon","coordinates":[[[19.062396057,47.474304159],[19.062404103,47.474330901],[19.062331013,47.474341326],[19.062320955,47.474314584],[19.062396057,47.474304159]]]}},{"type":"Feature","id":1202,"properties":{"buildingId":2,"floorId":9,"roomNumber":"4.120","roomName":"4.120 Számítógép szoba","scope":"budapest/lagymanyos/eszaki/4/LÉ-4-120-01-12","roomCode":"LÉ-4-120-01-12","roomType":"educational","__tile":"17/72476/45847","__layer":"rooms","__zoom":17,"__mvtId":1202,"__building":"eszaki","__ringVerts":9,"id":1202,"catalogFloorId":9},"geometry":{"type":"Polygon","coordinates":[[[19.062611553,47.474059368],[19.062628317,47.474114212],[19.062555227,47.474124183],[19.062553886,47.474118744],[19.062543827,47.474120104],[19.062539804,47.47410696],[19.062549862,47.4741056],[19.062538463,47.47406934],[19.062611553,47.474059368]]]}},{"type":"Feature","id":1199,"properties":{"buildingId":2,"floorId":7,"roomNumber":"2.132","roomName":"2.132 Szuperszámítógép laboratórium","scope":"budapest/lagymanyos/eszaki/2/LÉ-2-132-01-12","roomCode":"LÉ-2-132-01-12","roomType":"educational","__tile":"17/72476/45847","__layer":"rooms","__zoom":17,"__mvtId":1199,"__building":"eszaki","__ringVerts":10,"id":1199,"catalogFloorId":7},"geometry":{"type":"Polygon","coordinates":[[[19.06256286,47.474230162],[19.062579624,47.474285459],[19.062504522,47.474295884],[19.062502511,47.474289992],[19.062492452,47.474291351],[19.062488429,47.47427866],[19.062498487,47.474277301],[19.062487759,47.47424104],[19.062495135,47.474239227],[19.06256286,47.474230162]]]}},{"type":"Feature","id":684,"properties":{"buildingId":2,"floorId":7,"roomNumber":"2.74","roomName":"2.74 Oktató","scope":"budapest/lagymanyos/eszaki/2/LÉ-2-74-01-13","roomCode":"LÉ-2-74-01-13","roomType":"educational","__tile":"17/72476/45847","__layer":"rooms","__zoom":17,"__mvtId":684,"__building":"eszaki","__ringVerts":8,"id":684,"catalogFloorId":7},"geometry":{"type":"Polygon","coordinates":[[[19.062421528,47.474060634],[19.06242354,47.474066526],[19.062436951,47.474064713],[19.062451703,47.474115931],[19.062412811,47.47412137],[19.062396047,47.474067433],[19.062408788,47.474062447],[19.062421528,47.474060634]]]}},{"type":"Feature","id":754,"properties":{"buildingId":2,"floorId":8,"roomNumber":"3.132","roomName":"3.132 Doktorandusz","scope":"budapest/lagymanyos/eszaki/3/LÉ-3-132-01-13","roomCode":"LÉ-3-132-01-13","roomType":"educational","__tile":"17/72476/45847","__layer":"rooms","__zoom":17,"__mvtId":754,"__building":"eszaki","__ringVerts":5,"id":754,"catalogFloorId":8},"geometry":{"type":"Polygon","coordinates":[[[19.062493237,47.474412521],[19.062510001,47.474469631],[19.062462392,47.47447643],[19.062444958,47.47441932],[19.062493237,47.474412521]]]}},{"type":"Feature","id":758,"properties":{"buildingId":2,"floorId":8,"roomNumber":"3.136","roomName":"3.136 Laser II. laboratórium","scope":"budapest/lagymanyos/eszaki/3/LÉ-3-136-01-14","roomCode":"LÉ-3-136-01-14","roomType":"educational","__tile":"17/72476/45847","__layer":"rooms","__zoom":17,"__mvtId":758,"__building":"eszaki","__ringVerts":5,"id":758,"catalogFloorId":8},"geometry":{"type":"Polygon","coordinates":[[[19.062541289,47.474265327],[19.062547324,47.474292975],[19.062474234,47.474302947],[19.062466188,47.474276205],[19.062541289,47.474265327]]]}},{"type":"Feature","id":921,"properties":{"buildingId":2,"floorId":10,"roomNumber":"5.134/A","roomName":"A 5.134 A Oktató","scope":"budapest/lagymanyos/eszaki/5/LÉ-5-134 A-01-13","roomCode":"LÉ-5-134 A-01-13","roomType":"educational","__tile":"17/72476/45847","__layer":"rooms","__zoom":17,"__mvtId":921,"__building":"eszaki","__ringVerts":6,"id":921,"catalogFloorId":10},"geometry":{"type":"Polygon","coordinates":[[[19.062560435,47.474183748],[19.062563788,47.474184201],[19.062571834,47.474210489],[19.062496062,47.474220914],[19.062488015,47.474194172],[19.062560435,47.474183748]]]}},{"type":"Feature","id":757,"properties":{"buildingId":2,"floorId":8,"roomNumber":"3.135","roomName":"3.135 Laser I. laboratórium","scope":"budapest/lagymanyos/eszaki/3/LÉ-3-135-01-14","roomCode":"LÉ-3-135-01-14","roomType":"educational","__tile":"17/72476/45847","__layer":"rooms","__zoom":17,"__mvtId":757,"__building":"eszaki","__ringVerts":9,"id":757,"catalogFloorId":8},"geometry":{"type":"Polygon","coordinates":[[[19.06254704,47.474297813],[19.062564474,47.47435311],[19.062488702,47.474363535],[19.062475961,47.474327274],[19.062467914,47.474328634],[19.062463891,47.474315943],[19.062473949,47.474314583],[19.062471938,47.474308691],[19.06254704,47.474297813]]]}},{"type":"Feature","id":783,"properties":{"buildingId":2,"floorId":8,"roomNumber":"3.83","roomName":"3.83 Oktató","scope":"budapest/lagymanyos/eszaki/3/LÉ-3-83-01-13","roomCode":"LÉ-3-83-01-13","roomType":"educational","__tile":"17/72476/45847","__layer":"rooms","__zoom":17,"__mvtId":783,"__building":"eszaki","__ringVerts":7,"id":783,"catalogFloorId":8},"geometry":{"type":"Polygon","coordinates":[[[19.062353842,47.474039813],[19.062370606,47.47409511],[19.062331043,47.474101909],[19.062329031,47.474096016],[19.062314279,47.474047972],[19.062316962,47.474045252],[19.062353842,47.474039813]]]}},{"type":"Feature","id":826,"properties":{"buildingId":2,"floorId":9,"roomNumber":"4.115","roomName":"4.115 Fizikai tulajdonságok laboratórium","scope":"budapest/lagymanyos/eszaki/4/LÉ-4-115-01-14","roomCode":"LÉ-4-115-01-14","roomType":"educational","__tile":"17/72476/45847","__layer":"rooms","__zoom":17,"__mvtId":826,"__building":"eszaki","__ringVerts":9,"id":826,"catalogFloorId":9},"geometry":{"type":"Polygon","coordinates":[[[19.062546559,47.474298365],[19.062563993,47.474353662],[19.062490903,47.474363633],[19.062479503,47.474327373],[19.062469445,47.474328733],[19.062465422,47.474316042],[19.06247548,47.474314682],[19.062473468,47.47430879],[19.062546559,47.474298365]]]}},{"type":"Feature","id":830,"properties":{"buildingId":2,"floorId":9,"roomNumber":"4.119","roomName":"4.119 Kaloriméter laboratórium","scope":"budapest/lagymanyos/eszaki/4/LÉ-4-119-01-14","roomCode":"LÉ-4-119-01-14","roomType":"educational","__tile":"17/72476/45847","__layer":"rooms","__zoom":17,"__mvtId":830,"__building":"eszaki","__ringVerts":9,"id":830,"catalogFloorId":9},"geometry":{"type":"Polygon","coordinates":[[[19.062598218,47.474129534],[19.062614982,47.474184831],[19.062542562,47.474195256],[19.062531163,47.474158543],[19.062521105,47.474160356],[19.062517081,47.474147211],[19.062527139,47.474145852],[19.062525128,47.474139959],[19.062598218,47.474129534]]]}},{"type":"Feature","id":947,"properties":{"buildingId":2,"floorId":10,"roomNumber":"5.73","roomName":"5.73 Titkárság","scope":"budapest/lagymanyos/eszaki/5/LÉ-5-73-02-33","roomCode":"LÉ-5-73-02-33","roomType":"administrative","__tile":"17/72476/45847","__layer":"rooms","__zoom":17,"__mvtId":947,"__building":"eszaki","__ringVerts":7,"id":947,"catalogFloorId":10},"geometry":{"type":"Polygon","coordinates":[[[19.06242001,47.474059013],[19.062422022,47.474064905],[19.062435433,47.474063092],[19.062449514,47.474114309],[19.062411293,47.474119748],[19.062391847,47.474063092],[19.06242001,47.474059013]]]}},{"type":"Feature","id":37007,"properties":{"buildingId":2,"floorId":6,"roomNumber":"1.129","roomName":"Dékáni tárgyaló","scope":"budapest/lagymanyos/eszaki/1/LÉ-1-129-01-17","roomCode":"LÉ-1-129-01-17","roomType":"educational","__tile":"17/72476/45847","__layer":"rooms","__zoom":17,"__mvtId":37007,"__building":"eszaki","__ringVerts":5,"id":37007,"catalogFloorId":6},"geometry":{"type":"Polygon","coordinates":[[[19.062520034,47.474249388],[19.062554232,47.474361795],[19.062481142,47.474371313],[19.062447614,47.47425936],[19.062520034,47.474249388]]]}},{"type":"Feature","id":37052,"properties":{"buildingId":2,"floorId":6,"roomNumber":"138","roomName":"Férfi mosdó","scope":"budapest/lagymanyos/eszaki/1/LÉ-1-138-05-71","roomCode":"LÉ-1-138-05-71","roomType":"social","__tile":"17/72476/45847","__layer":"rooms","__zoom":17,"__mvtId":37052,"__building":"eszaki","__ringVerts":5,"id":37052,"catalogFloorId":6},"geometry":{"type":"Polygon","coordinates":[[[19.062380643,47.474398348],[19.062386678,47.474419197],[19.062359856,47.474425543],[19.06235248,47.474401974],[19.062380643,47.474398348]]]}},{"type":"Feature","id":1020,"properties":{"buildingId":2,"floorId":11,"roomNumber":"6.130","roomName":"6.130 Met labor","scope":"budapest/lagymanyos/eszaki/6/LÉ-6-130-01-13","roomCode":"LÉ-6-130-01-13","roomType":"educational","__tile":"17/72476/45847","__layer":"rooms","__zoom":17,"__mvtId":1020,"__building":"eszaki","__ringVerts":5,"id":1020,"catalogFloorId":11},"geometry":{"type":"Polygon","coordinates":[[[19.062428391,47.474191342],[19.062436438,47.474218537],[19.062362677,47.474228055],[19.062352619,47.47420222],[19.062428391,47.474191342]]]}},{"type":"Feature","id":1017,"properties":{"buildingId":2,"floorId":11,"roomNumber":"6.126","roomName":"6.126 Ügyféltámogató iroda","scope":"budapest/lagymanyos/eszaki/6/LÉ-6-126-02-33","roomCode":"LÉ-6-126-02-33","roomType":"administrative","__tile":"17/72476/45847","__layer":"rooms","__zoom":17,"__mvtId":1017,"__building":"eszaki","__ringVerts":10,"id":1017,"catalogFloorId":11},"geometry":{"type":"Polygon","coordinates":[[[19.062593231,47.47412906],[19.062599937,47.474158068],[19.062609995,47.474183903],[19.062534893,47.474194328],[19.062523494,47.474158068],[19.062513436,47.474159427],[19.062509412,47.474146736],[19.062519471,47.474145377],[19.062518129,47.474139484],[19.062593231,47.47412906]]]}},{"type":"Feature","id":36557,"properties":{"buildingId":2,"floorId":4,"roomNumber":"P-K7","roomName":"Folyosó","scope":"budapest/lagymanyos/eszaki/-1/LÉ--1-K7-04-63","roomCode":"LÉ--1-K7-04-63","roomType":"corridor","__tile":"17/72476/45847","__layer":"rooms","__zoom":17,"__mvtId":36557,"__building":"eszaki","__ringVerts":6,"id":36557,"catalogFloorId":4},"geometry":{"type":"Polygon","coordinates":[[[19.062469552,47.474108329],[19.062474245,47.474124646],[19.062387074,47.474135977],[19.062383721,47.47413643],[19.062379027,47.474120113],[19.062469552,47.474108329]]]}},{"type":"Feature","id":923,"properties":{"buildingId":2,"floorId":10,"roomNumber":"5.136","roomName":"5.136 Előkészítő","scope":"budapest/lagymanyos/eszaki/5/LÉ-5-136-01-14","roomCode":"LÉ-5-136-01-14","roomType":"educational","__tile":"17/72476/45847","__layer":"rooms","__zoom":17,"__mvtId":923,"__building":"eszaki","__ringVerts":6,"id":923,"catalogFloorId":10},"geometry":{"type":"Polygon","coordinates":[[[19.06244485,47.474163349],[19.062452897,47.474190091],[19.062377124,47.474200969],[19.062370419,47.474178306],[19.062371089,47.474173773],[19.06244485,47.474163349]]]}},{"type":"Feature","id":36718,"properties":{"buildingId":2,"floorId":5,"roomNumber":"F-K5","roomName":"Előcsarnok","scope":"budapest/lagymanyos/eszaki/0/LÉ-0-K5-04-61","roomCode":"LÉ-0-K5-04-61","roomType":"corridor","__tile":"17/72476/45847","__layer":"rooms","__zoom":17,"__mvtId":36718,"__building":"eszaki","__ringVerts":25,"id":36718,"catalogFloorId":5},"geometry":{"type":"Polygon","coordinates":[[[19.062378654,47.474436519],[19.06237396,47.474422468],[19.062405476,47.474422468],[19.062408158,47.47443108],[19.062455767,47.474425188],[19.062485942,47.47452717],[19.062439003,47.474533516],[19.062451073,47.474573402],[19.062420228,47.474577481],[19.062408828,47.474536688],[19.062390053,47.474539408],[19.062381336,47.4745104],[19.062377313,47.474510853],[19.06237463,47.474502241],[19.062378654,47.474501335],[19.062375971,47.474493176],[19.062371948,47.474493629],[19.062369936,47.474485471],[19.062373289,47.474485017],[19.062370607,47.474476406],[19.062367254,47.474476859],[19.062364572,47.474468247],[19.062368595,47.474467794],[19.062360549,47.474439239],[19.062378654,47.474436519]],[[19.062442356,47.474505414],[19.062430957,47.474506774],[19.062433639,47.474514479],[19.062444368,47.474513119],[19.062442356,47.474505414]],[[19.062425592,47.47444921],[19.062414193,47.47445057],[19.062416205,47.474458275],[19.062427604,47.474456916],[19.062425592,47.47444921]]]}},{"type":"Feature","id":36722,"properties":{"buildingId":2,"floorId":5,"roomNumber":"F.50/A","roomName":"Iroda","scope":"budapest/lagymanyos/eszaki/0/LÉ-0-126-02-33","roomCode":"LÉ-0-126-02-33","roomType":"administrative","__tile":"17/72476/45847","__layer":"rooms","__zoom":17,"__mvtId":36722,"__building":"eszaki","__ringVerts":5,"id":36722,"catalogFloorId":5},"geometry":{"type":"Polygon","coordinates":[[[19.06248974,47.474439803],[19.062497787,47.474466998],[19.062459565,47.474471984],[19.062451518,47.474444788],[19.06248974,47.474439803]]]}},{"type":"Feature","id":36723,"properties":{"buildingId":2,"floorId":5,"roomNumber":"F-48","roomName":"Szélfogó","scope":"budapest/lagymanyos/eszaki/0/LÉ-0-048-04-62","roomCode":"LÉ-0-048-04-62","roomType":"corridor","__tile":"17/72476/45847","__layer":"rooms","__zoom":17,"__mvtId":36723,"__building":"eszaki","__ringVerts":9,"id":36723,"catalogFloorId":5},"geometry":{"type":"Polygon","coordinates":[[[19.062465954,47.474469828],[19.062472659,47.474492944],[19.062467965,47.474493398],[19.062471989,47.474506089],[19.062476012,47.474505635],[19.062483388,47.474528751],[19.062445837,47.474533737],[19.062428403,47.474474814],[19.062465954,47.474469828]]]}},{"type":"Feature","id":36705,"properties":{"buildingId":2,"floorId":5,"roomNumber":"F.L5","roomName":"Lépcsőház","scope":"budapest/lagymanyos/eszaki/0/LÉ-0-L5-04-64","roomCode":"LÉ-0-L5-04-64","roomType":"corridor","__tile":"17/72476/45847","__layer":"rooms","__zoom":17,"__mvtId":36705,"__building":"eszaki","__ringVerts":5,"id":36705,"catalogFloorId":5},"geometry":{"type":"Polygon","coordinates":[[[19.062441873,47.474142902],[19.062448579,47.474166018],[19.062370795,47.474176442],[19.062364089,47.474153327],[19.062441873,47.474142902]]]}},{"type":"Feature","id":36706,"properties":{"buildingId":2,"floorId":5,"roomNumber":"0.136","roomName":"Dékáni irattár","scope":"budapest/lagymanyos/eszaki/0/LÉ-0-136-02-33","roomCode":"LÉ-0-136-02-33","roomType":"administrative","__tile":"17/72476/45847","__layer":"rooms","__zoom":17,"__mvtId":36706,"__building":"eszaki","__ringVerts":5,"id":36706,"catalogFloorId":5},"geometry":{"type":"Polygon","coordinates":[[[19.062391037,47.474234788],[19.062427247,47.47435354],[19.062362204,47.474362152],[19.062327335,47.474242947],[19.062391037,47.474234788]]]}},{"type":"Feature","id":37009,"properties":{"buildingId":2,"floorId":6,"roomNumber":"1.133","roomName":"Közlönytár","scope":"budapest/lagymanyos/eszaki/1/LÉ-1-133-03-44","roomCode":"LÉ-1-133-03-44","roomType":"misc","__tile":"17/72476/45847","__layer":"rooms","__zoom":17,"__mvtId":37009,"__building":"eszaki","__ringVerts":5,"id":37009,"catalogFloorId":6},"geometry":{"type":"Polygon","coordinates":[[[19.062431516,47.474169192],[19.062439563,47.474195027],[19.062366473,47.474204999],[19.062359097,47.47417871],[19.062431516,47.474169192]]]}},{"type":"Feature","id":36710,"properties":{"buildingId":2,"floorId":5,"roomNumber":"F.52/A M1 (0.129)","roomName":"Iroda","scope":"budapest/lagymanyos/eszaki/0/LÉ-0-129-02-33","roomCode":"LÉ-0-129-02-33","roomType":"administrative","__tile":"17/72476/45847","__layer":"rooms","__zoom":17,"__mvtId":36710,"__building":"eszaki","__ringVerts":5,"id":36710,"catalogFloorId":5},"geometry":{"type":"Polygon","coordinates":[[[19.062510483,47.474353808],[19.062516518,47.474381003],[19.062444099,47.474390521],[19.062436052,47.47436378],[19.062510483,47.474353808]]]}},{"type":"Feature","id":36554,"properties":{"buildingId":2,"floorId":4,"roomNumber":"P.30 TÉR (-1.107)","roomName":"Nyomda","scope":"budapest/lagymanyos/eszaki/-1/LÉ--1-107-02-35","roomCode":"LÉ--1-107-02-35","roomType":"administrative","__tile":"17/72476/45847","__layer":"rooms","__zoom":17,"__mvtId":36554,"__building":"eszaki","__ringVerts":11,"id":36554,"catalogFloorId":4},"geometry":{"type":"Polygon","coordinates":[[[19.062498463,47.474412201],[19.062513886,47.474462058],[19.062507851,47.474462512],[19.062509863,47.474467497],[19.062440796,47.474476563],[19.062428726,47.474436223],[19.062417997,47.474437583],[19.062414644,47.474424892],[19.062423361,47.474423532],[19.062422691,47.474420812],[19.062498463,47.474412201]]]}},{"type":"Feature","id":36552,"properties":{"buildingId":2,"floorId":4,"roomNumber":"P-K5","roomName":"Előcsarnok","scope":"budapest/lagymanyos/eszaki/-1/LÉ--1-K5-04-61","roomCode":"LÉ--1-K5-04-61","roomType":"corridor","__tile":"17/72476/45847","__layer":"rooms","__zoom":17,"__mvtId":36552,"__building":"eszaki","__ringVerts":26,"id":36552,"catalogFloorId":4},"geometry":{"type":"Polygon","coordinates":[[[19.062359833,47.47442896],[19.062355139,47.474414455],[19.062386655,47.474414455],[19.062414147,47.474500574],[19.062418841,47.474518704],[19.0624289,47.474517344],[19.062432923,47.474529129],[19.062422194,47.474530942],[19.062430241,47.47455723],[19.062399395,47.474561763],[19.062390008,47.474529129],[19.062371232,47.474531395],[19.062362515,47.474502387],[19.062358492,47.47450284],[19.062355809,47.474494228],[19.062359833,47.474493322],[19.062357821,47.474485163],[19.062353127,47.474485616],[19.062351116,47.474477458],[19.062355139,47.474476551],[19.062352457,47.474467939],[19.062348433,47.474468846],[19.062345751,47.474460234],[19.062349774,47.474459781],[19.062341728,47.474431226],[19.062359833,47.47442896]]]}},{"type":"Feature","id":36698,"properties":{"buildingId":2,"floorId":5,"roomNumber":"0.132B","roomName":"Iroda","scope":"budapest/lagymanyos/eszaki/0/LÉ-0-132B-02-33","roomCode":"LÉ-0-132B-02-33","roomType":"administrative","__tile":"17/72476/45847","__layer":"rooms","__zoom":17,"__mvtId":36698,"__building":"eszaki","__ringVerts":5,"id":36698,"catalogFloorId":5},"geometry":{"type":"Polygon","coordinates":[[[19.062559895,47.474185717],[19.062567941,47.474219258],[19.062494851,47.474229229],[19.062484793,47.474195689],[19.062559895,47.474185717]]]}},{"type":"Feature","id":36707,"properties":{"buildingId":2,"floorId":5,"roomNumber":"0.137","roomName":"Irattár","scope":"budapest/lagymanyos/eszaki/0/LÉ-0-137-02-34","roomCode":"LÉ-0-137-02-34","roomType":"administrative","__tile":"17/72476/45847","__layer":"rooms","__zoom":17,"__mvtId":36707,"__building":"eszaki","__ringVerts":5,"id":36707,"catalogFloorId":5},"geometry":{"type":"Polygon","coordinates":[[[19.062344557,47.474347419],[19.062357968,47.474392291],[19.062328464,47.474395917],[19.062315053,47.474351045],[19.062344557,47.474347419]]]}},{"type":"Feature","id":36700,"properties":{"buildingId":2,"floorId":5,"roomNumber":"F.56 M1 (0.131)","roomName":"Iroda","scope":"budapest/lagymanyos/eszaki/0/LÉ-0-131-02-33","roomCode":"LÉ-0-131-02-33","roomType":"administrative","__tile":"17/72476/45847","__layer":"rooms","__zoom":17,"__mvtId":36700,"__building":"eszaki","__ringVerts":5,"id":36700,"catalogFloorId":5},"geometry":{"type":"Polygon","coordinates":[[[19.062534997,47.474243626],[19.06255176,47.474299376],[19.06247867,47.474309348],[19.062461906,47.474253598],[19.062534997,47.474243626]]]}},{"type":"Feature","id":36701,"properties":{"buildingId":2,"floorId":5,"roomNumber":"F.54 M1 (0.130)","roomName":"Iroda","scope":"budapest/lagymanyos/eszaki/0/LÉ-0-130-02-33","roomCode":"LÉ-0-130-02-33","roomType":"administrative","__tile":"17/72476/45847","__layer":"rooms","__zoom":17,"__mvtId":36701,"__building":"eszaki","__ringVerts":5,"id":36701,"catalogFloorId":5},"geometry":{"type":"Polygon","coordinates":[[[19.062519234,47.474300564],[19.062534657,47.474355861],[19.062461567,47.474365379],[19.062444803,47.474310536],[19.062519234,47.474300564]]]}},{"type":"Feature","id":36703,"properties":{"buildingId":2,"floorId":5,"roomNumber":"F-K6","roomName":"Folyosó","scope":"budapest/lagymanyos/eszaki/0/LÉ-0-K6-04-63","roomCode":"LÉ-0-K6-04-63","roomType":"corridor","__tile":"17/72476/45847","__layer":"rooms","__zoom":17,"__mvtId":36703,"__building":"eszaki","__ringVerts":46,"id":36703,"catalogFloorId":5},"geometry":{"type":"Polygon","coordinates":[[[19.06243208,47.474154973],[19.062443479,47.474155426],[19.062446161,47.474165851],[19.062436103,47.474167211],[19.062441468,47.474184888],[19.062451526,47.474183528],[19.062454879,47.474194406],[19.06244415,47.474195766],[19.062458231,47.474240638],[19.06246829,47.474239278],[19.062471642,47.474250156],[19.062460914,47.474251516],[19.062466278,47.47426874],[19.062476336,47.47426738],[19.062479689,47.474278258],[19.062469631,47.474279618],[19.062483042,47.474324943],[19.0624931,47.474323583],[19.062496453,47.474334461],[19.062486395,47.474335821],[19.062513217,47.474426018],[19.062482371,47.474430097],[19.062473654,47.474400636],[19.062465607,47.474401542],[19.062461584,47.474387038],[19.06246896,47.474386132],[19.062454879,47.4743399],[19.062445491,47.474340807],[19.062442809,47.474330382],[19.062452196,47.474329022],[19.062438115,47.474283697],[19.062428727,47.474285057],[19.062425374,47.474274179],[19.062435433,47.474272819],[19.062430068,47.474255595],[19.06242068,47.474256955],[19.062417328,47.474246077],[19.062426715,47.474245171],[19.062413304,47.474199392],[19.062403246,47.474200752],[19.062400564,47.474190327],[19.062409952,47.474188967],[19.062404587,47.474171744],[19.062395199,47.474173103],[19.062391847,47.474162225],[19.06243208,47.474154973]]]}},{"type":"Feature","id":36704,"properties":{"buildingId":2,"floorId":5,"roomNumber":"F-K6/A","roomName":"Folyosó","scope":"budapest/lagymanyos/eszaki/0/LÉ-0-K6-A-04-63","roomCode":"LÉ-0-K6/A-04-63","roomType":"corridor","__tile":"17/72476/45847","__layer":"rooms","__zoom":17,"__mvtId":36704,"__building":"eszaki","__ringVerts":5,"id":36704,"catalogFloorId":5},"geometry":{"type":"Polygon","coordinates":[[[19.062461084,47.474112683],[19.062465778,47.474127187],[19.062378606,47.474139424],[19.062373912,47.474124014],[19.062461084,47.474112683]]]}},{"type":"Feature","id":37010,"properties":{"buildingId":2,"floorId":6,"roomNumber":"1.131A","roomName":"Könyvtár galériája","scope":"budapest/lagymanyos/eszaki/1/LÉ-1-131A-04-66","roomCode":"LÉ-1-131A-04-66","roomType":"corridor","__tile":"17/72476/45847","__layer":"rooms","__zoom":17,"__mvtId":37010,"__building":"eszaki","__ringVerts":14,"id":37010,"catalogFloorId":6},"geometry":{"type":"Polygon","coordinates":[[[19.0625611,47.473994521],[19.062607369,47.474149986],[19.062612733,47.474150439],[19.062610721,47.474159051],[19.062606027,47.474162677],[19.062403521,47.474191232],[19.062395474,47.474171742],[19.062516173,47.474154972],[19.062520197,47.474167209],[19.062528914,47.47416585],[19.062525561,47.474153612],[19.062574512,47.474146813],[19.062530255,47.473999053],[19.0625611,47.473994521]]]}},{"type":"Feature","id":37037,"properties":{"buildingId":2,"floorId":6,"roomNumber":"-","roomName":"Folyosó","scope":"budapest/lagymanyos/eszaki/1/LÉ-1-K6-04-62","roomCode":"LÉ-1-K6-04-62","roomType":"corridor","__tile":"17/72476/45847","__layer":"rooms","__zoom":17,"__mvtId":37037,"__building":"eszaki","__ringVerts":37,"id":37037,"catalogFloorId":6},"geometry":{"type":"Polygon","coordinates":[[[19.062447124,47.474124582],[19.062450476,47.47413546],[19.062440418,47.47413682],[19.062453829,47.474182145],[19.062464558,47.474180786],[19.06246724,47.474191664],[19.062457182,47.474193024],[19.06247864,47.47426645],[19.062489368,47.474265091],[19.062492721,47.474275969],[19.062481992,47.474277328],[19.062517532,47.47439608],[19.062392809,47.474412851],[19.062388115,47.474397893],[19.062481992,47.474385202],[19.06246724,47.474337611],[19.062457182,47.474338971],[19.062453829,47.474328546],[19.062464558,47.474327186],[19.062459194,47.474309509],[19.062449135,47.474310869],[19.062445783,47.474300444],[19.062455841,47.474299085],[19.062450476,47.474280954],[19.062440418,47.474282314],[19.062437065,47.474271889],[19.062447794,47.47427053],[19.062425666,47.474197103],[19.062415608,47.474198463],[19.062412255,47.474188038],[19.062422313,47.474186678],[19.062408902,47.474141353],[19.062398844,47.474142259],[19.062395491,47.474131834],[19.062405549,47.474130475],[19.062404879,47.474127755],[19.062447124,47.474124582]]]}},{"type":"Feature","id":37038,"properties":{"buildingId":2,"floorId":6,"roomNumber":"F.L5","roomName":"Lépcsőház","scope":"budapest/lagymanyos/eszaki/1/LÉ-1-L5-04-64","roomCode":"LÉ-1-L5-04-64","roomType":"corridor","__tile":"17/72476/45847","__layer":"rooms","__zoom":17,"__mvtId":37038,"__building":"eszaki","__ringVerts":7,"id":37038,"catalogFloorId":6},"geometry":{"type":"Polygon","coordinates":[[[19.062433328,47.474144613],[19.062436011,47.474153225],[19.062444057,47.474152319],[19.062448751,47.474166823],[19.06236292,47.474178154],[19.062356215,47.474155038],[19.062433328,47.474144613]]]}},{"type":"Feature","id":37039,"properties":{"buildingId":2,"floorId":6,"roomNumber":"-","roomName":"Büfé","scope":"budapest/lagymanyos/eszaki/1/LÉ-1-135-C-05-75","roomCode":"LÉ-1-135/C-05-75","roomType":"social","__tile":"17/72476/45847","__layer":"rooms","__zoom":17,"__mvtId":37039,"__building":"eszaki","__ringVerts":14,"id":37039,"catalogFloorId":6},"geometry":{"type":"Polygon","coordinates":[[[19.062360476,47.4742315],[19.062363159,47.474241019],[19.062370535,47.474240112],[19.062395345,47.474325324],[19.06238864,47.47432623],[19.062391322,47.474335748],[19.062351089,47.474340281],[19.062337678,47.474293143],[19.062345724,47.474292236],[19.062343042,47.474284531],[19.062334995,47.474285437],[19.062321584,47.474238299],[19.062326278,47.474236033],[19.062360476,47.4742315]]]}},{"type":"Feature","id":37046,"properties":{"buildingId":2,"floorId":6,"roomNumber":"1.134","roomName":"Előtér","scope":"budapest/lagymanyos/eszaki/1/LÉ-1-134-04-62","roomCode":"LÉ-1-134-04-62","roomType":"corridor","__tile":"17/72476/45847","__layer":"rooms","__zoom":17,"__mvtId":37046,"__building":"eszaki","__ringVerts":5,"id":37046,"catalogFloorId":6},"geometry":{"type":"Polygon","coordinates":[[[19.062430783,47.474201917],[19.062436818,47.474220953],[19.062418043,47.47422322],[19.062412678,47.474204183],[19.062430783,47.474201917]]]}},{"type":"Feature","id":1014,"properties":{"buildingId":2,"floorId":11,"roomNumber":"6.123","roomName":"6.123 Met dolgozó","scope":"budapest/lagymanyos/eszaki/6/LÉ-6-123-01-13","roomCode":"LÉ-6-123-01-13","roomType":"educational","__tile":"17/72476/45847","__layer":"rooms","__zoom":17,"__mvtId":1014,"__building":"eszaki","__ringVerts":13,"id":1014,"catalogFloorId":11},"geometry":{"type":"Polygon","coordinates":[[[19.062487146,47.47451182],[19.062496533,47.474536749],[19.062421432,47.474547174],[19.062420761,47.474544454],[19.062418749,47.474547627],[19.062418079,47.474544907],[19.062410703,47.474545814],[19.062408691,47.474539468],[19.062418749,47.474538108],[19.062413385,47.474521338],[19.062412714,47.474518165],[19.062458982,47.47451182],[19.062487146,47.47451182]]]}},{"type":"Feature","id":1151,"properties":{"buildingId":2,"floorId":12,"roomNumber":"7.98","roomName":"7.98 Oktató","scope":"budapest/lagymanyos/eszaki/7/LÉ-7-98-02-33","roomCode":"LÉ-7-98-02-33","roomType":"administrative","__tile":"17/72476/45847","__layer":"rooms","__zoom":17,"__mvtId":1151,"__building":"eszaki","__ringVerts":5,"id":1151,"catalogFloorId":12},"geometry":{"type":"Polygon","coordinates":[[[19.062592787,47.474097069],[19.062600834,47.474123811],[19.062525732,47.474134236],[19.062517015,47.474107494],[19.062592787,47.474097069]]]}},{"type":"Feature","id":37053,"properties":{"buildingId":2,"floorId":6,"roomNumber":"138/A","roomName":"Férfi WC","scope":"budapest/lagymanyos/eszaki/1/LÉ-1-138-A-05-71","roomCode":"LÉ-1-138/A-05-71","roomType":"social","__tile":"17/72476/45847","__layer":"rooms","__zoom":17,"__mvtId":37053,"__building":"eszaki","__ringVerts":5,"id":37053,"catalogFloorId":6},"geometry":{"type":"Polygon","coordinates":[[[19.062350651,47.474392388],[19.062357357,47.474415957],[19.062321818,47.474420489],[19.062315112,47.474397373],[19.062350651,47.474392388]]]}},{"type":"Feature","id":36697,"properties":{"buildingId":2,"floorId":5,"roomNumber":"0.132A","roomName":"Fénymásoló","scope":"budapest/lagymanyos/eszaki/0/LÉ-0-132A-02-35","roomCode":"LÉ-0-132A-02-35","roomType":"administrative","__tile":"17/72476/45847","__layer":"rooms","__zoom":17,"__mvtId":36697,"__building":"eszaki","__ringVerts":5,"id":36697,"catalogFloorId":5},"geometry":{"type":"Polygon","coordinates":[[[19.062551997,47.474218986],[19.062560044,47.47423893],[19.062484271,47.474249354],[19.062478236,47.474228958],[19.062551997,47.474218986]]]}},{"type":"Feature","id":36673,"properties":{"buildingId":2,"floorId":5,"roomNumber":"031","roomName":"Mérőlabor","scope":"budapest/lagymanyos/eszaki/0/LK-0-031-01-14","roomCode":"LK-0-031-01-14","roomType":"educational","__tile":"16/36238/22923","__layer":"rooms","__zoom":16,"__mvtId":36673,"__building":"eszaki","__ringVerts":5,"id":36673,"catalogFloorId":5},"geometry":{"type":"Polygon","coordinates":[[[19.061834269,47.474705175],[19.061842316,47.474731463],[19.061775261,47.474740528],[19.061767214,47.47471424],[19.061834269,47.474705175]]]}},{"type":"Feature","id":1121,"properties":{"buildingId":2,"floorId":12,"roomNumber":"7.61","roomName":"7.61 Könyvtár","scope":"budapest/lagymanyos/eszaki/7/LÉ-7-61-03-43","roomCode":"LÉ-7-61-03-43","roomType":"misc","__tile":"16/36238/22923","__layer":"rooms","__zoom":16,"__mvtId":1121,"__building":"eszaki","__ringVerts":5,"id":1121,"catalogFloorId":12},"geometry":{"type":"Polygon","coordinates":[[[19.061961637,47.474747053],[19.061971025,47.474788751],[19.061910675,47.47479691],[19.061893241,47.474756118],[19.061961637,47.474747053]]]}},{"type":"Feature","id":408,"properties":{"buildingId":2,"floorId":9,"roomNumber":"444","roomName":"4.444 Oktató","scope":"budapest/lagymanyos/eszaki/4/LK-4-444-01-13","roomCode":"LK-4-444-01-13","roomType":"educational","__tile":"16/36238/22923","__layer":"rooms","__zoom":16,"__mvtId":408,"__building":"eszaki","__ringVerts":5,"id":408,"catalogFloorId":9},"geometry":{"type":"Polygon","coordinates":[[[19.062036005,47.474762192],[19.062045393,47.474794825],[19.062011865,47.474799357],[19.062002477,47.474766724],[19.062036005,47.474762192]]]}},{"type":"Feature","id":36970,"properties":{"buildingId":2,"floorId":6,"roomNumber":"152","roomName":"Oktatói szoba","scope":"budapest/lagymanyos/eszaki/1/LK-1-152-02-33","roomCode":"LK-1-152-02-33","roomType":"administrative","__tile":"16/36238/22923","__layer":"rooms","__zoom":16,"__mvtId":36970,"__building":"eszaki","__ringVerts":6,"id":36970,"catalogFloorId":6},"geometry":{"type":"Polygon","coordinates":[[[19.061977613,47.474762258],[19.062005776,47.474763165],[19.062017846,47.474799424],[19.061987,47.474803957],[19.061973589,47.474767697],[19.061977613,47.474762258]]]}},{"type":"Feature","id":36986,"properties":{"buildingId":2,"floorId":6,"roomNumber":"-","roomName":"Folyosó","scope":"budapest/lagymanyos/eszaki/1/LK-1-100-6-04-63","roomCode":"LK-1-100/6-04-63","roomType":"corridor","__tile":"16/36238/22923","__layer":"rooms","__zoom":16,"__mvtId":36986,"__building":"eszaki","__ringVerts":5,"id":36986,"catalogFloorId":6},"geometry":{"type":"Polygon","coordinates":[[[19.06207889,47.474773661],[19.062081572,47.474787258],[19.061711428,47.474837115],[19.061707404,47.474824424],[19.06207889,47.474773661]]]}},{"type":"Feature","id":1123,"properties":{"buildingId":2,"floorId":12,"roomNumber":"7.63","roomName":"7.63 Teakonyha","scope":"budapest/lagymanyos/eszaki/7/LÉ-7-63-05-77","roomCode":"LÉ-7-63-05-77","roomType":"social","__tile":"16/36238/22923","__layer":"rooms","__zoom":16,"__mvtId":1123,"__building":"eszaki","__ringVerts":5,"id":1123,"catalogFloorId":12},"geometry":{"type":"Polygon","coordinates":[[[19.061829576,47.474732579],[19.061841646,47.474772465],[19.061797389,47.474777903],[19.061785319,47.474738018],[19.061829576,47.474732579]]]}},{"type":"Feature","id":411,"properties":{"buildingId":2,"floorId":9,"roomNumber":"447","roomName":"4.447 Oktató","scope":"budapest/lagymanyos/eszaki/4/LK-4-447-01-13","roomCode":"LK-4-447-01-13","roomType":"educational","__tile":"16/36238/22923","__layer":"rooms","__zoom":16,"__mvtId":411,"__building":"eszaki","__ringVerts":5,"id":411,"catalogFloorId":9},"geometry":{"type":"Polygon","coordinates":[[[19.061931369,47.474747786],[19.061940757,47.474780419],[19.061907229,47.474784951],[19.061897841,47.474752318],[19.061931369,47.474747786]]]}},{"type":"Feature","id":457,"properties":{"buildingId":2,"floorId":10,"roomNumber":"549","roomName":"5.549 Előadók (gazdasági)","scope":"budapest/lagymanyos/eszaki/5/LK-5-549-01-13","roomCode":"LK-5-549-01-13","roomType":"educational","__tile":"16/36238/22923","__layer":"rooms","__zoom":16,"__mvtId":457,"__building":"eszaki","__ringVerts":5,"id":457,"catalogFloorId":10},"geometry":{"type":"Polygon","coordinates":[[[19.061931375,47.474747769],[19.061940763,47.474780402],[19.061907235,47.474784934],[19.061897847,47.474752301],[19.061931375,47.474747769]]]}},{"type":"Feature","id":482,"properties":{"buildingId":2,"floorId":11,"roomNumber":"628","roomName":"6.628 Oktatói","scope":"budapest/lagymanyos/eszaki/6/LK-6-628-01-13","roomCode":"LK-6-628-01-13","roomType":"educational","__tile":"17/72476/45847","__layer":"rooms","__zoom":17,"__mvtId":482,"__building":"eszaki","__ringVerts":5,"id":482,"catalogFloorId":11},"geometry":{"type":"Polygon","coordinates":[[[19.061895291,47.47451274],[19.061908032,47.47455308],[19.061840977,47.474562598],[19.061825554,47.47451274],[19.061895291,47.47451274]]]}},{"type":"Feature","id":304,"properties":{"buildingId":2,"floorId":7,"roomNumber":"249","roomName":"2.249 Oktató","scope":"budapest/lagymanyos/eszaki/2/LK-2-249-01-13","roomCode":"LK-2-249-01-13","roomType":"educational","__tile":"16/36238/22923","__layer":"rooms","__zoom":16,"__mvtId":304,"__building":"eszaki","__ringVerts":5,"id":304,"catalogFloorId":7},"geometry":{"type":"Polygon","coordinates":[[[19.061931279,47.474747394],[19.061940666,47.474780028],[19.06190848,47.474785467],[19.061897751,47.474751927],[19.061931279,47.474747394]]]}},{"type":"Feature","id":363,"properties":{"buildingId":2,"floorId":8,"roomNumber":"361","roomName":"3.361 Titkárság","scope":"budapest/lagymanyos/eszaki/3/LK-3-361-02-33","roomCode":"LK-3-361-02-33","roomType":"administrative","__tile":"16/36238/22923","__layer":"rooms","__zoom":16,"__mvtId":363,"__building":"eszaki","__ringVerts":5,"id":363,"catalogFloorId":8},"geometry":{"type":"Polygon","coordinates":[[[19.061931374,47.47474777],[19.061940762,47.474780403],[19.061907234,47.474784935],[19.061897846,47.474752302],[19.061931374,47.47474777]]]}},{"type":"Feature","id":407,"properties":{"buildingId":2,"floorId":9,"roomNumber":"443","roomName":"4.443 Oktató","scope":"budapest/lagymanyos/eszaki/4/LK-4-443-01-13","roomCode":"LK-4-443-01-13","roomType":"educational","__tile":"16/36238/22923","__layer":"rooms","__zoom":16,"__mvtId":407,"__building":"eszaki","__ringVerts":5,"id":407,"catalogFloorId":9},"geometry":{"type":"Polygon","coordinates":[[[19.062070885,47.474766993],[19.062080273,47.474799626],[19.062046745,47.474804158],[19.062037357,47.474771525],[19.062070885,47.474766993]]]}},{"type":"Feature","id":1192,"properties":{"buildingId":2,"floorId":10,"roomNumber":"529","roomName":"5.529 Hallgatói számítógép szoba 8 fő","scope":"budapest/lagymanyos/eszaki/5/LK-5-529-01-12","roomCode":"LK-5-529-01-12","roomType":"educational","__tile":"16/36238/22923","__layer":"rooms","__zoom":16,"__mvtId":1192,"__building":"eszaki","__ringVerts":5,"id":1192,"catalogFloorId":10},"geometry":{"type":"Polygon","coordinates":[[[19.06186592,47.474616048],[19.061873967,47.474643242],[19.061806912,47.474652307],[19.061798865,47.474626019],[19.06186592,47.474616048]]]}},{"type":"Feature","id":289,"properties":{"buildingId":2,"floorId":7,"roomNumber":"234","roomName":"2.234 kutató labor","scope":"budapest/lagymanyos/eszaki/2/LK-2-234-01-14","roomCode":"LK-2-234-01-14","roomType":"educational","__tile":"16/36238/22923","__layer":"rooms","__zoom":16,"__mvtId":289,"__building":"eszaki","__ringVerts":5,"id":289,"catalogFloorId":7},"geometry":{"type":"Polygon","coordinates":[[[19.061763114,47.47454336],[19.061771161,47.474568742],[19.061704106,47.474578713],[19.061696059,47.474552425],[19.061763114,47.47454336]]]}},{"type":"Feature","id":412,"properties":{"buildingId":2,"floorId":9,"roomNumber":"448","roomName":"4.448 Oktató","scope":"budapest/lagymanyos/eszaki/4/LK-4-448-01-13","roomCode":"LK-4-448-01-13","roomType":"educational","__tile":"16/36238/22923","__layer":"rooms","__zoom":16,"__mvtId":412,"__building":"eszaki","__ringVerts":5,"id":412,"catalogFloorId":9},"geometry":{"type":"Polygon","coordinates":[[[19.061896566,47.474743358],[19.061905954,47.474775085],[19.061872426,47.474779618],[19.061863038,47.474747891],[19.061896566,47.474743358]]]}},{"type":"Feature","id":288,"properties":{"buildingId":2,"floorId":7,"roomNumber":"233","roomName":"2.233 ultracentrifuga  labor","scope":"budapest/lagymanyos/eszaki/2/LK-2-233-01-14","roomCode":"LK-2-233-01-14","roomType":"educational","__tile":"17/72476/45847","__layer":"rooms","__zoom":17,"__mvtId":288,"__building":"eszaki","__ringVerts":5,"id":288,"catalogFloorId":7},"geometry":{"type":"Polygon","coordinates":[[[19.061771618,47.474514592],[19.061779665,47.474540881],[19.06171328,47.474549946],[19.061705234,47.47452411],[19.061771618,47.474514592]]]}},{"type":"Feature","id":36674,"properties":{"buildingId":2,"floorId":5,"roomNumber":"036","roomName":"Lézer labor","scope":"budapest/lagymanyos/eszaki/0/LK-0-036-01-14","roomCode":"LK-0-036-01-14","roomType":"educational","__tile":"16/36238/22923","__layer":"rooms","__zoom":16,"__mvtId":36674,"__building":"eszaki","__ringVerts":13,"id":36674,"catalogFloorId":5},"geometry":{"type":"Polygon","coordinates":[[[19.061855787,47.474539471],[19.061863834,47.474565759],[19.061857129,47.474569385],[19.061865175,47.474568479],[19.061881268,47.474621054],[19.061873222,47.474625587],[19.061881268,47.474623774],[19.061889315,47.474650062],[19.061820919,47.474659126],[19.061796779,47.474576637],[19.061819578,47.474573011],[19.061811531,47.47454491],[19.061855787,47.474539471]]]}},{"type":"Feature","id":361,"properties":{"buildingId":2,"floorId":8,"roomNumber":"359","roomName":"3.359 Titkárság","scope":"budapest/lagymanyos/eszaki/3/LK-3-359-02-33","roomCode":"LK-3-359-02-33","roomType":"administrative","__tile":"16/36238/22923","__layer":"rooms","__zoom":16,"__mvtId":361,"__building":"eszaki","__ringVerts":5,"id":361,"catalogFloorId":8},"geometry":{"type":"Polygon","coordinates":[[[19.062001068,47.474757803],[19.062010455,47.47478953],[19.061978269,47.474794063],[19.061968881,47.474762336],[19.062001068,47.474757803]]]}},{"type":"Feature","id":303,"properties":{"buildingId":2,"floorId":7,"roomNumber":"248","roomName":"2.248 Oktató","scope":"budapest/lagymanyos/eszaki/2/LK-2-248-01-13","roomCode":"LK-2-248-01-13","roomType":"educational","__tile":"16/36238/22923","__layer":"rooms","__zoom":16,"__mvtId":303,"__building":"eszaki","__ringVerts":5,"id":303,"catalogFloorId":7},"geometry":{"type":"Polygon","coordinates":[[[19.061966188,47.474752564],[19.061976916,47.474785197],[19.061943389,47.474789729],[19.06193266,47.474757096],[19.061966188,47.474752564]]]}},{"type":"Feature","id":456,"properties":{"buildingId":2,"floorId":10,"roomNumber":"548","roomName":"5.548 Előadók (gazdasági)","scope":"budapest/lagymanyos/eszaki/5/LK-5-548-01-13","roomCode":"LK-5-548-01-13","roomType":"educational","__tile":"16/36238/22923","__layer":"rooms","__zoom":16,"__mvtId":456,"__building":"eszaki","__ringVerts":5,"id":456,"catalogFloorId":10},"geometry":{"type":"Polygon","coordinates":[[[19.061965154,47.474752533],[19.061975883,47.474785166],[19.061942356,47.474789698],[19.061932968,47.474757065],[19.061965154,47.474752533]]]}},{"type":"Feature","id":307,"properties":{"buildingId":2,"floorId":7,"roomNumber":"225, 252","roomName":"2.252 teakonyha","scope":"budapest/lagymanyos/eszaki/2/LK-2-252-05-77","roomCode":"LK-2-252-05-77","roomType":"social","__tile":"16/36238/22923","__layer":"rooms","__zoom":16,"__mvtId":307,"__building":"eszaki","__ringVerts":5,"id":307,"catalogFloorId":7},"geometry":{"type":"Polygon","coordinates":[[[19.061826149,47.474731843],[19.061835537,47.474765382],[19.061799327,47.474770821],[19.061788598,47.474737281],[19.061826149,47.474731843]]]}},{"type":"Feature","id":340,"properties":{"buildingId":2,"floorId":8,"roomNumber":"335, 364","roomName":"3.335 Teakonyha","scope":"budapest/lagymanyos/eszaki/3/LK-3-335-05-77","roomCode":"LK-3-335-05-77","roomType":"social","__tile":"16/36238/22923","__layer":"rooms","__zoom":16,"__mvtId":340,"__building":"eszaki","__ringVerts":5,"id":340,"catalogFloorId":8},"geometry":{"type":"Polygon","coordinates":[[[19.061826272,47.474732949],[19.06183566,47.474765583],[19.061798109,47.474770115],[19.061788721,47.474738388],[19.061826272,47.474732949]]]}},{"type":"Feature","id":36675,"properties":{"buildingId":2,"floorId":5,"roomNumber":"032","roomName":"NMR számítógép szoba és szilárd NMR laboratórium","scope":"budapest/lagymanyos/eszaki/0/LK-0-032-01-14","roomCode":"LK-0-032-01-14","roomType":"educational","__tile":"16/36238/22923","__layer":"rooms","__zoom":16,"__mvtId":36675,"__building":"eszaki","__ringVerts":5,"id":36675,"catalogFloorId":5},"geometry":{"type":"Polygon","coordinates":[[[19.061842553,47.474677227],[19.0618506,47.474703515],[19.061783545,47.47471258],[19.061775498,47.474685386],[19.061842553,47.474677227]]]}},{"type":"Feature","id":58,"properties":{"buildingId":2,"floorId":7,"roomNumber":"2.105","roomName":"2.105 Szeminárium","scope":"budapest/lagymanyos/eszaki/2/LÉ-2-105-01-12","roomCode":"LÉ-2-105-01-12","roomType":"educational","__tile":"17/72476/45847","__layer":"rooms","__zoom":17,"__mvtId":58,"__building":"eszaki","__ringVerts":10,"id":58,"catalogFloorId":7},"geometry":{"type":"Polygon","coordinates":[[[19.062163538,47.474502114],[19.062167562,47.474504381],[19.062179631,47.474542907],[19.062097824,47.474554239],[19.062087095,47.474512539],[19.062123976,47.474507553],[19.062125317,47.474511633],[19.06212934,47.474511179],[19.062127999,47.4745071],[19.062163538,47.474502114]]]}},{"type":"Feature","id":657,"properties":{"buildingId":2,"floorId":12,"roomNumber":"7.59","roomName":"7.59 Terem","scope":"budapest/lagymanyos/eszaki/7/LÉ-7-59-01-12","roomCode":"LÉ-7-59-01-12","roomType":"educational","__tile":"16/36238/22923","__layer":"rooms","__zoom":16,"__mvtId":657,"__building":"eszaki","__ringVerts":7,"id":657,"catalogFloorId":12},"geometry":{"type":"Polygon","coordinates":[[[19.062097367,47.47476168],[19.062109437,47.474798845],[19.062100049,47.474799752],[19.062102731,47.474803378],[19.062042382,47.474812442],[19.062024947,47.474771651],[19.062097367,47.47476168]]]}},{"type":"Feature","id":413,"properties":{"buildingId":2,"floorId":9,"roomNumber":"449","roomName":"4.449 Oktató","scope":"budapest/lagymanyos/eszaki/4/LK-4-449-01-13","roomCode":"LK-4-449-01-13","roomType":"educational","__tile":"16/36238/22923","__layer":"rooms","__zoom":16,"__mvtId":413,"__building":"eszaki","__ringVerts":5,"id":413,"catalogFloorId":9},"geometry":{"type":"Polygon","coordinates":[[[19.061860618,47.474738304],[19.061870005,47.474770937],[19.061837819,47.474774563],[19.061828431,47.474742836],[19.061860618,47.474738304]]]}},{"type":"Feature","id":306,"properties":{"buildingId":2,"floorId":7,"roomNumber":"251","roomName":"2.251 Oktató","scope":"budapest/lagymanyos/eszaki/2/LK-2-251-01-13","roomCode":"LK-2-251-01-13","roomType":"educational","__tile":"16/36238/22923","__layer":"rooms","__zoom":16,"__mvtId":306,"__building":"eszaki","__ringVerts":5,"id":306,"catalogFloorId":7},"geometry":{"type":"Polygon","coordinates":[[[19.061861623,47.474737766],[19.061872351,47.474770399],[19.061838824,47.474774931],[19.061828095,47.474742298],[19.061861623,47.474737766]]]}},{"type":"Feature","id":302,"properties":{"buildingId":2,"floorId":7,"roomNumber":"247","roomName":"2.247 Oktató","scope":"budapest/lagymanyos/eszaki/2/LK-2-247-01-13","roomCode":"LK-2-247-01-13","roomType":"educational","__tile":"16/36238/22923","__layer":"rooms","__zoom":16,"__mvtId":302,"__building":"eszaki","__ringVerts":5,"id":302,"catalogFloorId":7},"geometry":{"type":"Polygon","coordinates":[[[19.06200112,47.474757095],[19.062011848,47.474790635],[19.061978321,47.474795167],[19.061967592,47.474761628],[19.06200112,47.474757095]]]}},{"type":"Feature","id":891,"properties":{"buildingId":2,"floorId":10,"roomNumber":"5.105","roomName":"5.105 Oktató","scope":"budapest/lagymanyos/eszaki/5/LÉ-5-105-01-13","roomCode":"LÉ-5-105-01-13","roomType":"educational","__tile":"17/72476/45847","__layer":"rooms","__zoom":17,"__mvtId":891,"__building":"eszaki","__ringVerts":5,"id":891,"catalogFloorId":10},"geometry":{"type":"Polygon","coordinates":[[[19.062168587,47.474499791],[19.062180657,47.474541037],[19.062140424,47.474546476],[19.062129025,47.47450523],[19.062168587,47.474499791]]]}},{"type":"Feature","id":305,"properties":{"buildingId":2,"floorId":7,"roomNumber":"250","roomName":"2.250 Oktató","scope":"budapest/lagymanyos/eszaki/2/LK-2-250-01-13","roomCode":"LK-2-250-01-13","roomType":"educational","__tile":"16/36238/22923","__layer":"rooms","__zoom":16,"__mvtId":305,"__building":"eszaki","__ringVerts":5,"id":305,"catalogFloorId":7},"geometry":{"type":"Polygon","coordinates":[[[19.061896536,47.474742158],[19.061907264,47.474775698],[19.061873737,47.47478023],[19.061863008,47.474747597],[19.061896536,47.474742158]]]}},{"type":"Feature","id":284,"properties":{"buildingId":2,"floorId":7,"roomNumber":"229","roomName":"2.229 Oktató","scope":"budapest/lagymanyos/eszaki/2/LK-2-229-01-13","roomCode":"LK-2-229-01-13","roomType":"educational","__tile":"16/36238/22923","__layer":"rooms","__zoom":16,"__mvtId":284,"__building":"eszaki","__ringVerts":5,"id":284,"catalogFloorId":7},"geometry":{"type":"Polygon","coordinates":[[[19.061874595,47.474588135],[19.061882642,47.474614423],[19.061815587,47.474623488],[19.06180754,47.4745972],[19.061874595,47.474588135]]]}},{"type":"Feature","id":393,"properties":{"buildingId":2,"floorId":9,"roomNumber":"430","roomName":"4.430 Preparatív labor","scope":"budapest/lagymanyos/eszaki/4/LK-4-430-01-14","roomCode":"LK-4-430-01-14","roomType":"educational","__tile":"17/72476/45847","__layer":"rooms","__zoom":17,"__mvtId":393,"__building":"eszaki","__ringVerts":5,"id":393,"catalogFloorId":9},"geometry":{"type":"Polygon","coordinates":[[[19.061895296,47.474512743],[19.061908037,47.474553083],[19.061840982,47.474562601],[19.061825559,47.474512743],[19.061895296,47.474512743]]]}},{"type":"Feature","id":391,"properties":{"buildingId":2,"floorId":9,"roomNumber":"428","roomName":"4.428 Műszeres labor","scope":"budapest/lagymanyos/eszaki/4/LK-4-428-01-14","roomCode":"LK-4-428-01-14","roomType":"educational","__tile":"16/36238/22923","__layer":"rooms","__zoom":16,"__mvtId":391,"__building":"eszaki","__ringVerts":5,"id":391,"catalogFloorId":9},"geometry":{"type":"Polygon","coordinates":[[[19.061857874,47.474619274],[19.061875309,47.474673662],[19.061808253,47.474682727],[19.061790819,47.474628338],[19.061857874,47.474619274]]]}},{"type":"Feature","id":443,"properties":{"buildingId":2,"floorId":10,"roomNumber":"531","roomName":"5.531 Kutató labor","scope":"budapest/lagymanyos/eszaki/5/LK-5-531-01-14","roomCode":"LK-5-531-01-14","roomType":"educational","__tile":"17/72476/45847","__layer":"rooms","__zoom":17,"__mvtId":443,"__building":"eszaki","__ringVerts":5,"id":443,"catalogFloorId":10},"geometry":{"type":"Polygon","coordinates":[[[19.061895296,47.474512742],[19.061908037,47.474553082],[19.061840982,47.4745626],[19.061825559,47.474512742],[19.061895296,47.474512742]]]}},{"type":"Feature","id":479,"properties":{"buildingId":2,"floorId":11,"roomNumber":"625","roomName":"6.625 Elméleti kémiai laboratórium","scope":"budapest/lagymanyos/eszaki/6/LK-6-625-01-13","roomCode":"LK-6-625-01-13","roomType":"educational","__tile":"16/36238/22923","__layer":"rooms","__zoom":16,"__mvtId":479,"__building":"eszaki","__ringVerts":5,"id":479,"catalogFloorId":11},"geometry":{"type":"Polygon","coordinates":[[[19.061848871,47.474671963],[19.061856918,47.474698251],[19.061789863,47.474708222],[19.061781816,47.474681027],[19.061848871,47.474671963]]]}},{"type":"Feature","id":501,"properties":{"buildingId":2,"floorId":11,"roomNumber":"648","roomName":"6.648 Doktoranduszok","scope":"budapest/lagymanyos/eszaki/6/LK-6-648-01-13","roomCode":"LK-6-648-01-13","roomType":"educational","__tile":"16/36238/22923","__layer":"rooms","__zoom":16,"__mvtId":501,"__building":"eszaki","__ringVerts":5,"id":501,"catalogFloorId":11},"geometry":{"type":"Polygon","coordinates":[[[19.061931431,47.474747958],[19.061940819,47.474779685],[19.061907291,47.474784218],[19.061897903,47.474752491],[19.061931431,47.474747958]]]}},{"type":"Feature","id":502,"properties":{"buildingId":2,"floorId":11,"roomNumber":"649","roomName":"6.649 oktató","scope":"budapest/lagymanyos/eszaki/6/LK-6-649-01-13","roomCode":"LK-6-649-01-13","roomType":"educational","__tile":"16/36238/22923","__layer":"rooms","__zoom":16,"__mvtId":502,"__building":"eszaki","__ringVerts":5,"id":502,"catalogFloorId":11},"geometry":{"type":"Polygon","coordinates":[[[19.061896637,47.474743135],[19.061906025,47.474774862],[19.061872497,47.474779395],[19.061863109,47.474747668],[19.061896637,47.474743135]]]}},{"type":"Feature","id":36424,"properties":{"buildingId":2,"floorId":3,"roomNumber":"-2.08","roomName":"FPGA labor","scope":"budapest/lagymanyos/eszaki/-2/LÉ--2-08-01-14","roomCode":"LÉ--2-08-01-14","roomType":"educational","__tile":"16/36238/22923","__layer":"rooms","__zoom":16,"__mvtId":36424,"__building":"eszaki","__ringVerts":11,"id":36424,"catalogFloorId":3},"geometry":{"type":"Polygon","coordinates":[[[19.062063685,47.474664106],[19.062074414,47.474699459],[19.062052956,47.474702178],[19.062075755,47.474702178],[19.062082461,47.474725747],[19.062022111,47.474734812],[19.062015405,47.474710337],[19.062038204,47.474706711],[19.062014064,47.474707617],[19.062003335,47.474672265],[19.062063685,47.474664106]]]}},{"type":"Feature","id":36420,"properties":{"buildingId":2,"floorId":3,"roomNumber":"-2.09","roomName":"VRC labor","scope":"budapest/lagymanyos/eszaki/-2/LÉ--2-09-01-14","roomCode":"LÉ--2-09-01-14","roomType":"educational","__tile":"16/36238/22923","__layer":"rooms","__zoom":16,"__mvtId":36420,"__building":"eszaki","__ringVerts":6,"id":36420,"catalogFloorId":3},"geometry":{"type":"Polygon","coordinates":[[[19.061986167,47.474623794],[19.062006284,47.474689061],[19.062015672,47.474718068],[19.061909724,47.474732572],[19.06188022,47.474638298],[19.061986167,47.474623794]]]}},{"type":"Feature","id":36746,"properties":{"buildingId":2,"floorId":5,"roomNumber":"000/6/A","roomName":"Folyosó","scope":"budapest/lagymanyos/eszaki/0/LK-0-000-6-A-04-63","roomCode":"LK-0-000/6/A-04-63","roomType":"corridor","__tile":"16/36238/22923","__layer":"rooms","__zoom":16,"__mvtId":36746,"__building":"eszaki","__ringVerts":5,"id":36746,"catalogFloorId":5},"geometry":{"type":"Polygon","coordinates":[[[19.061884113,47.474777258],[19.061889477,47.474790855],[19.061791577,47.474804452],[19.061788895,47.474791762],[19.061884113,47.474777258]]]}},{"type":"Feature","id":36748,"properties":{"buildingId":2,"floorId":5,"roomNumber":"042","roomName":"Előtér","scope":"budapest/lagymanyos/eszaki/0/LK-0-042A-04-62","roomCode":"LK-0-042A-04-62","roomType":"corridor","__tile":"16/36238/22923","__layer":"rooms","__zoom":16,"__mvtId":36748,"__building":"eszaki","__ringVerts":5,"id":36748,"catalogFloorId":5},"geometry":{"type":"Polygon","coordinates":[[[19.061859317,47.474793845],[19.061862,47.474805629],[19.061812379,47.474811975],[19.061809697,47.474800191],[19.061859317,47.474793845]]]}},{"type":"Feature","id":36962,"properties":{"buildingId":2,"floorId":6,"roomNumber":"156","roomName":"Oktatói szoba","scope":"budapest/lagymanyos/eszaki/1/LK-1-156-01-13","roomCode":"LK-1-156-01-13","roomType":"educational","__tile":"16/36238/22923","__layer":"rooms","__zoom":16,"__mvtId":36962,"__building":"eszaki","__ringVerts":5,"id":36962,"catalogFloorId":6},"geometry":{"type":"Polygon","coordinates":[[[19.061834053,47.474741284],[19.061862216,47.474743097],[19.061874286,47.474779356],[19.061839417,47.474780263],[19.061834053,47.474741284]]]}},{"type":"Feature","id":36963,"properties":{"buildingId":2,"floorId":6,"roomNumber":"155","roomName":"Oktatói szoba","scope":"budapest/lagymanyos/eszaki/1/LK-1-155-02-33","roomCode":"LK-1-155-02-33","roomType":"administrative","__tile":"16/36238/22923","__layer":"rooms","__zoom":16,"__mvtId":36963,"__building":"eszaki","__ringVerts":7,"id":36963,"catalogFloorId":6},"geometry":{"type":"Polygon","coordinates":[[[19.061877843,47.474748146],[19.061900642,47.474749959],[19.061907347,47.474787125],[19.061877843,47.474790751],[19.061865773,47.474755398],[19.061879184,47.474753585],[19.061877843,47.474748146]]]}},{"type":"Feature","id":36819,"properties":{"buildingId":2,"floorId":5,"roomNumber":"037","roomName":"Kompresszorhelyiség","scope":"budapest/lagymanyos/eszaki/0/LK-0-037-01-15","roomCode":"LK-0-037-01-15","roomType":"educational","__tile":"17/72476/45847","__layer":"rooms","__zoom":17,"__mvtId":36819,"__building":"eszaki","__ringVerts":5,"id":36819,"catalogFloorId":5},"geometry":{"type":"Polygon","coordinates":[[[19.061859717,47.474508456],[19.061867093,47.474534745],[19.061836918,47.474538371],[19.061828871,47.474512536],[19.061859717,47.474508456]]]}},{"type":"Feature","id":36841,"properties":{"buildingId":2,"floorId":5,"roomNumber":"F.85","roomName":"Harmónia terem galériája","scope":"budapest/lagymanyos/eszaki/0/LÉ-0-056A-04-66","roomCode":"LÉ-0-056A-04-66","roomType":"corridor","__tile":"17/72476/45847","__layer":"rooms","__zoom":17,"__mvtId":36841,"__building":"eszaki","__ringVerts":11,"id":36841,"catalogFloorId":5},"geometry":{"type":"Polygon","coordinates":[[[19.061936045,47.474658524],[19.061926657,47.474628609],[19.062172079,47.474628609],[19.06217275,47.474629969],[19.062103683,47.474639034],[19.062102342,47.474635408],[19.062090942,47.474636768],[19.062092283,47.474642207],[19.062023217,47.474651272],[19.062021875,47.474646286],[19.061936045,47.474658524]]]}},{"type":"Feature","id":498,"properties":{"buildingId":2,"floorId":11,"roomNumber":"645","roomName":"6.645 tanszéki","scope":"budapest/lagymanyos/eszaki/6/LK-6-645-02-33","roomCode":"LK-6-645-02-33","roomType":"administrative","__tile":"16/36238/22923","__layer":"rooms","__zoom":16,"__mvtId":498,"__building":"eszaki","__ringVerts":5,"id":498,"catalogFloorId":11},"geometry":{"type":"Polygon","coordinates":[[[19.062036038,47.4747621],[19.062045426,47.474794733],[19.062011898,47.474799265],[19.06200251,47.474766632],[19.062036038,47.4747621]]]}},{"type":"Feature","id":500,"properties":{"buildingId":2,"floorId":11,"roomNumber":"647","roomName":"6.647 oktató","scope":"budapest/lagymanyos/eszaki/6/LK-6-647-01-13","roomCode":"LK-6-647-01-13","roomType":"educational","__tile":"16/36238/22923","__layer":"rooms","__zoom":16,"__mvtId":500,"__building":"eszaki","__ringVerts":5,"id":500,"catalogFloorId":11},"geometry":{"type":"Polygon","coordinates":[[[19.061965203,47.474752389],[19.061975932,47.474785022],[19.061942405,47.474789554],[19.061933017,47.474756921],[19.061965203,47.474752389]]]}},{"type":"Feature","id":36877,"properties":{"buildingId":2,"floorId":5,"roomNumber":"050B","roomName":"WC","scope":"budapest/lagymanyos/eszaki/0/LK-0-050B-05-71","roomCode":"LK-0-050B-05-71","roomType":"social","__tile":"16/36238/22923","__layer":"rooms","__zoom":16,"__mvtId":36877,"__building":"eszaki","__ringVerts":5,"id":36877,"catalogFloorId":5},"geometry":{"type":"Polygon","coordinates":[[[19.061835998,47.474768971],[19.06183868,47.474778943],[19.061827951,47.474780756],[19.061825269,47.474770784],[19.061835998,47.474768971]]]}},{"type":"Feature","id":36428,"properties":{"buildingId":2,"floorId":3,"roomNumber":"-2P-K1","roomName":"Folyosó","scope":"budapest/lagymanyos/eszaki/-2/LÉ--2-K1-04-63","roomCode":"LÉ--2-K1-04-63","roomType":"corridor","__tile":"16/36238/22923","__layer":"rooms","__zoom":16,"__mvtId":36428,"__building":"eszaki","__ringVerts":15,"id":36428,"catalogFloorId":3},"geometry":{"type":"Polygon","coordinates":[[[19.06219643,47.474605097],[19.062233981,47.474729284],[19.062209841,47.47473291],[19.062195089,47.474680334],[19.062166926,47.47468396],[19.062161562,47.474664924],[19.062087801,47.474674895],[19.062094507,47.474693932],[19.062034157,47.47470209],[19.062023428,47.474673083],[19.062160221,47.474654953],[19.062150833,47.474626852],[19.062188384,47.47462232],[19.062183019,47.47460691],[19.06219643,47.474605097]]]}},{"type":"Feature","id":992,"properties":{"buildingId":2,"floorId":10,"roomNumber":"5-L3","roomName":"5.L3 Lépcsőház ÉK","scope":"budapest/lagymanyos/eszaki/5/LÉ-5-L3-04-64","roomCode":"LÉ-5-L3-04-64","roomType":"corridor","__tile":"16/36238/22923","__layer":"rooms","__zoom":16,"__mvtId":992,"__building":"eszaki","__ringVerts":5,"id":992,"catalogFloorId":10},"geometry":{"type":"Polygon","coordinates":[[[19.062250938,47.474785681],[19.062257643,47.474808343],[19.062179859,47.474819221],[19.062171812,47.474796559],[19.062250938,47.474785681]]]}},{"type":"Feature","id":708,"properties":{"buildingId":2,"floorId":7,"roomNumber":"2-L3","roomName":"2.L3 Lépcsőház Fizika ÉK-i","scope":"budapest/lagymanyos/eszaki/2/LÉ-2-L3-04-64","roomCode":"LÉ-2-L3-04-64","roomType":"corridor","__tile":"16/36238/22923","__layer":"rooms","__zoom":16,"__mvtId":708,"__building":"eszaki","__ringVerts":6,"id":708,"catalogFloorId":7},"geometry":{"type":"Polygon","coordinates":[[[19.062246349,47.474787338],[19.062253054,47.474810906],[19.062177953,47.474820878],[19.062169906,47.474798216],[19.062234279,47.474789151],[19.062246349,47.474787338]]]}},{"type":"Feature","id":814,"properties":{"buildingId":2,"floorId":9,"roomNumber":"4.101","roomName":"4.101 Oktató","scope":"budapest/lagymanyos/eszaki/4/LÉ-4-101-01-13","roomCode":"LÉ-4-101-01-13","roomType":"educational","__tile":"16/36238/22923","__layer":"rooms","__zoom":16,"__mvtId":814,"__building":"eszaki","__ringVerts":5,"id":814,"catalogFloorId":9},"geometry":{"type":"Polygon","coordinates":[[[19.062170414,47.474777665],[19.062179802,47.47481755],[19.062131522,47.474826615],[19.062119452,47.474784916],[19.062170414,47.474777665]]]}},{"type":"Feature","id":1001,"properties":{"buildingId":2,"floorId":11,"roomNumber":"6.110","roomName":"6.110 Met oktató","scope":"budapest/lagymanyos/eszaki/6/LÉ-6-110-01-13","roomCode":"LÉ-6-110-01-13","roomType":"educational","__tile":"16/36238/22923","__layer":"rooms","__zoom":16,"__mvtId":1001,"__building":"eszaki","__ringVerts":5,"id":1001,"catalogFloorId":11},"geometry":{"type":"Polygon","coordinates":[[[19.06214756,47.474836503],[19.062160972,47.474891798],[19.062112692,47.47489905],[19.062099281,47.474841035],[19.06214756,47.474836503]]]}},{"type":"Feature","id":745,"properties":{"buildingId":2,"floorId":8,"roomNumber":"3.121","roomName":"3.121 Anyagkiadó laboratórium","scope":"budapest/lagymanyos/eszaki/3/LÉ-3-121-01-14","roomCode":"LÉ-3-121-01-14","roomType":"educational","__tile":"16/36238/22923","__layer":"rooms","__zoom":16,"__mvtId":745,"__building":"eszaki","__ringVerts":5,"id":745,"catalogFloorId":8},"geometry":{"type":"Polygon","coordinates":[[[19.062255301,47.474757717],[19.062263348,47.474784005],[19.062184223,47.474793069],[19.062182882,47.474767688],[19.062255301,47.474757717]]]}},{"type":"Feature","id":36981,"properties":{"buildingId":2,"floorId":6,"roomNumber":"1.113","roomName":"Iroda","scope":"budapest/lagymanyos/eszaki/1/LÉ-1-113A-02-33","roomCode":"LÉ-1-113A-02-33","roomType":"administrative","__tile":"16/36238/22923","__layer":"rooms","__zoom":16,"__mvtId":36981,"__building":"eszaki","__ringVerts":5,"id":36981,"catalogFloorId":6},"geometry":{"type":"Polygon","coordinates":[[[19.062254027,47.47476],[19.062262074,47.474786288],[19.062182949,47.474797166],[19.062176243,47.474773597],[19.062254027,47.47476]]]}},{"type":"Feature","id":901,"properties":{"buildingId":2,"floorId":10,"roomNumber":"5.116","roomName":"5.116 Doktorandusz","scope":"budapest/lagymanyos/eszaki/5/LÉ-5-116-01-13","roomCode":"LÉ-5-116-01-13","roomType":"educational","__tile":"16/36238/22923","__layer":"rooms","__zoom":16,"__mvtId":901,"__building":"eszaki","__ringVerts":5,"id":901,"catalogFloorId":10},"geometry":{"type":"Polygon","coordinates":[[[19.062169124,47.474777412],[19.062178512,47.474818203],[19.062130232,47.474825455],[19.062118162,47.474784663],[19.062169124,47.474777412]]]}},{"type":"Feature","id":904,"properties":{"buildingId":2,"floorId":10,"roomNumber":"5.119","roomName":"5.119 Oktató","scope":"budapest/lagymanyos/eszaki/5/LÉ-5-119-01-13","roomCode":"LÉ-5-119-01-13","roomType":"educational","__tile":"16/36238/22923","__layer":"rooms","__zoom":16,"__mvtId":904,"__building":"eszaki","__ringVerts":6,"id":904,"catalogFloorId":10},"geometry":{"type":"Polygon","coordinates":[[[19.06223312,47.474846535],[19.062242507,47.474880981],[19.062249213,47.47490183],[19.062204956,47.474908176],[19.062187522,47.47485288],[19.06223312,47.474846535]]]}},{"type":"Feature","id":875,"properties":{"buildingId":2,"floorId":9,"roomNumber":"4-K3","roomName":"4.K3 Közlekedő (átjáró KTCS dolgozó szobák felé)","scope":"budapest/lagymanyos/eszaki/4/LÉ-4-K3-04-63","roomCode":"LÉ-4-K3-04-63","roomType":"corridor","__tile":"16/36238/22923","__layer":"rooms","__zoom":16,"__mvtId":875,"__building":"eszaki","__ringVerts":5,"id":875,"catalogFloorId":9},"geometry":{"type":"Polygon","coordinates":[[[19.062244189,47.474817492],[19.062248213,47.474830183],[19.062103373,47.474851032],[19.06209935,47.474838341],[19.062244189,47.474817492]]]}},{"type":"Feature","id":820,"properties":{"buildingId":2,"floorId":9,"roomNumber":"4.107","roomName":"4.107 Előkészítő laboratórium","scope":"budapest/lagymanyos/eszaki/4/LÉ-4-107-01-14","roomCode":"LÉ-4-107-01-14","roomType":"educational","__tile":"16/36238/22923","__layer":"rooms","__zoom":16,"__mvtId":820,"__building":"eszaki","__ringVerts":6,"id":820,"catalogFloorId":9},"geometry":{"type":"Polygon","coordinates":[[[19.06236381,47.474833734],[19.062366492,47.474839173],[19.062371856,47.474860928],[19.062298096,47.4748709],[19.062290049,47.474843705],[19.06236381,47.474833734]]]}},{"type":"Feature","id":1004,"properties":{"buildingId":2,"floorId":11,"roomNumber":"6.113","roomName":"6.113 Met tanácsterem","scope":"budapest/lagymanyos/eszaki/6/LÉ-6-113-01-13","roomCode":"LÉ-6-113-01-13","roomType":"educational","__tile":"16/36238/22923","__layer":"rooms","__zoom":16,"__mvtId":1004,"__building":"eszaki","__ringVerts":9,"id":1004,"catalogFloorId":11},"geometry":{"type":"Polygon","coordinates":[[[19.062372855,47.474864622],[19.062390289,47.474919011],[19.062316528,47.474929889],[19.062305799,47.474892723],[19.06229507,47.474892723],[19.062291047,47.474881846],[19.062301776,47.474880033],[19.062299094,47.474874594],[19.062372855,47.474864622]]]}},{"type":"Feature","id":1007,"properties":{"buildingId":2,"floorId":11,"roomNumber":"6.116","roomName":"6.116 Agromet műszer szoba ","scope":"budapest/lagymanyos/eszaki/6/LÉ-6-116-01-13","roomCode":"LÉ-6-116-01-13","roomType":"educational","__tile":"16/36238/22923","__layer":"rooms","__zoom":16,"__mvtId":1007,"__building":"eszaki","__ringVerts":5,"id":1007,"catalogFloorId":11},"geometry":{"type":"Polygon","coordinates":[[[19.062384943,47.474775713],[19.062392989,47.474802001],[19.062319229,47.474812879],[19.062311182,47.474785684],[19.062384943,47.474775713]]]}},{"type":"Feature","id":1139,"properties":{"buildingId":2,"floorId":12,"roomNumber":"7.81","roomName":"7.81 Oktatói","scope":"budapest/lagymanyos/eszaki/7/LÉ-7-81-01-13","roomCode":"LÉ-7-81-01-13","roomType":"educational","__tile":"16/36238/22923","__layer":"rooms","__zoom":16,"__mvtId":1139,"__building":"eszaki","__ringVerts":7,"id":1139,"catalogFloorId":12},"geometry":{"type":"Polygon","coordinates":[[[19.062192893,47.474841879],[19.062208986,47.474895361],[19.062195575,47.474899894],[19.062168753,47.474899894],[19.062152659,47.474847318],[19.062159365,47.474845505],[19.062192893,47.474841879]]]}},{"type":"Feature","id":36595,"properties":{"buildingId":2,"floorId":4,"roomNumber":"P.12A B8 (-1,97)","roomName":"Szuperszámítógép","scope":"budapest/lagymanyos/eszaki/-1/LÉ--1-197-01-14","roomCode":"LÉ--1-197-01-14","roomType":"educational","__tile":"16/36238/22923","__layer":"rooms","__zoom":16,"__mvtId":36595,"__building":"eszaki","__ringVerts":10,"id":36595,"catalogFloorId":4},"geometry":{"type":"Polygon","coordinates":[[[19.06220246,47.474843698],[19.062218554,47.474898087],[19.062210507,47.474902619],[19.062219895,47.474901713],[19.062230624,47.474937972],[19.062181003,47.474951569],[19.062185026,47.474963353],[19.062154181,47.474967886],[19.062117971,47.474854576],[19.06220246,47.474843698]]]}},{"type":"Feature","id":36592,"properties":{"buildingId":2,"floorId":4,"roomNumber":"P-K3","roomName":"Folyosó","scope":"budapest/lagymanyos/eszaki/-1/LÉ--1-K3-04-63","roomCode":"LÉ--1-K3-04-63","roomType":"corridor","__tile":"16/36238/22923","__layer":"rooms","__zoom":16,"__mvtId":36592,"__building":"eszaki","__ringVerts":14,"id":36592,"catalogFloorId":4},"geometry":{"type":"Polygon","coordinates":[[[19.062246331,47.474808509],[19.062250354,47.474823013],[19.06224499,47.474823919],[19.062249013,47.474837517],[19.062227556,47.474840236],[19.062226215,47.474833891],[19.062211462,47.474835704],[19.062214145,47.474842049],[19.062165865,47.474848394],[19.062161842,47.474834797],[19.062116244,47.474841143],[19.062112221,47.474827545],[19.062128314,47.474824826],[19.062246331,47.474808509]]]}},{"type":"Feature","id":36593,"properties":{"buildingId":2,"floorId":4,"roomNumber":"P-K3","roomName":"Folyosó","scope":"budapest/lagymanyos/eszaki/-1/LÉ--1-K4-A-04-63","roomCode":"LÉ--1-K4/A-04-63","roomType":"corridor","__tile":"16/36238/22923","__layer":"rooms","__zoom":16,"__mvtId":36593,"__building":"eszaki","__ringVerts":9,"id":36593,"catalogFloorId":4},"geometry":{"type":"Polygon","coordinates":[[[19.062241153,47.47478764],[19.062276022,47.474908203],[19.062286751,47.474907296],[19.062290774,47.474918174],[19.062280045,47.474919081],[19.062290774,47.474956246],[19.062259929,47.474960779],[19.062210308,47.474791266],[19.062241153,47.47478764]]]}},{"type":"Feature","id":36734,"properties":{"buildingId":2,"floorId":5,"roomNumber":"F-36 A1","roomName":"Folyosó","scope":"budapest/lagymanyos/eszaki/0/LÉ-0-K4-A-04-63","roomCode":"LÉ-0-K4/A-04-63","roomType":"corridor","__tile":"16/36238/22923","__layer":"rooms","__zoom":16,"__mvtId":36734,"__building":"eszaki","__ringVerts":5,"id":36734,"catalogFloorId":5},"geometry":{"type":"Polygon","coordinates":[[[19.062269003,47.474856924],[19.062286438,47.474914032],[19.062255592,47.474918565],[19.062238158,47.47486055],[19.062269003,47.474856924]]]}},{"type":"Feature","id":36662,"properties":{"buildingId":2,"floorId":5,"roomNumber":"F-36 A1 (0.120)","roomName":"Kémia könyvtár","scope":"budapest/lagymanyos/eszaki/0/LÉ-0-120-03-43","roomCode":"LÉ-0-120-03-43","roomType":"misc","__tile":"16/36238/22923","__layer":"rooms","__zoom":16,"__mvtId":36662,"__building":"eszaki","__ringVerts":11,"id":36662,"catalogFloorId":5},"geometry":{"type":"Polygon","coordinates":[[[19.062439011,47.474831069],[19.062472539,47.474940753],[19.062314289,47.474962509],[19.062296854,47.474906307],[19.062248575,47.474911746],[19.062264668,47.474951631],[19.062240528,47.474955257],[19.062245892,47.474974293],[19.062188225,47.474981545],[19.062154697,47.474870048],[19.062439011,47.474831069]],[[19.062350499,47.474917185],[19.062347816,47.474920811],[19.06235184,47.474922624],[19.062355863,47.474919904],[19.062350499,47.474917185]],[[19.062373297,47.474894523],[19.062370615,47.474897242],[19.062374638,47.474899055],[19.062377321,47.474896336],[19.062373297,47.474894523]]]}},{"type":"Feature","id":36665,"properties":{"buildingId":2,"floorId":5,"roomNumber":"F.38","roomName":"Folyosó (diszpécser szobához)","scope":"budapest/lagymanyos/eszaki/0/LÉ-0-121C-04-63","roomCode":"LÉ-0-121C-04-63","roomType":"corridor","__tile":"16/36238/22923","__layer":"rooms","__zoom":16,"__mvtId":36665,"__building":"eszaki","__ringVerts":7,"id":36665,"catalogFloorId":5},"geometry":{"type":"Polygon","coordinates":[[[19.062385662,47.474806998],[19.062391026,47.474824221],[19.062318607,47.474834192],[19.062307878,47.474831473],[19.062305196,47.474820595],[19.062313242,47.474816063],[19.062385662,47.474806998]]]}},{"type":"Feature","id":36666,"properties":{"buildingId":2,"floorId":5,"roomNumber":"F.38/C B8","roomName":"Diszpécser központ","scope":"budapest/lagymanyos/eszaki/0/LÉ-0-121A-02-33","roomCode":"LÉ-0-121A-02-33","roomType":"administrative","__tile":"16/36238/22923","__layer":"rooms","__zoom":16,"__mvtId":36666,"__building":"eszaki","__ringVerts":5,"id":36666,"catalogFloorId":5},"geometry":{"type":"Polygon","coordinates":[[[19.062463306,47.474762975],[19.062479399,47.474819177],[19.062366746,47.47483368],[19.062350653,47.474777478],[19.062463306,47.474762975]],[[19.062381498,47.474774759],[19.062378816,47.474777478],[19.06238284,47.474779291],[19.062385522,47.474776572],[19.062381498,47.474774759]]]}},{"type":"Feature","id":36980,"properties":{"buildingId":2,"floorId":6,"roomNumber":"1.117","roomName":"Iroda","scope":"budapest/lagymanyos/eszaki/1/LÉ-1-116B-02-33","roomCode":"LÉ-1-116B-02-33","roomType":"administrative","__tile":"16/36238/22923","__layer":"rooms","__zoom":16,"__mvtId":36980,"__building":"eszaki","__ringVerts":15,"id":36980,"catalogFloorId":6},"geometry":{"type":"Polygon","coordinates":[[[19.062465721,47.474735557],[19.062532777,47.474956739],[19.062374526,47.474978495],[19.062363798,47.474941329],[19.062353069,47.474943142],[19.062350386,47.474930451],[19.062359774,47.474928638],[19.062346363,47.474885127],[19.062336975,47.47488694],[19.062332952,47.474874249],[19.06234234,47.474873343],[19.06233027,47.474830738],[19.062287355,47.474836177],[19.062265897,47.474761845],[19.062465721,47.474735557]],[[19.062433535,47.474910509],[19.062430853,47.474913228],[19.062434876,47.474915041],[19.062437558,47.474912322],[19.062433535,47.474910509]],[[19.062417442,47.474854307],[19.06241476,47.474857026],[19.062418783,47.474858839],[19.062421465,47.47485612],[19.062417442,47.474854307]],[[19.062377209,47.474820767],[19.062374526,47.474824393],[19.06237855,47.474826206],[19.062382573,47.474823486],[19.062377209,47.474820767]],[[19.062316859,47.474808983],[19.062314177,47.474811702],[19.0623182,47.474813515],[19.062320882,47.474810796],[19.062316859,47.474808983]],[[19.062400007,47.474797198],[19.062397325,47.474799918],[19.062401348,47.474801731],[19.062404031,47.474799011],[19.062400007,47.474797198]],[[19.062343681,47.474778162],[19.062328929,47.474779975],[19.06233027,47.474786321],[19.06233027,47.474780882],[19.06234234,47.474779069],[19.062345022,47.474784508],[19.062343681,47.474778162]]]}},{"type":"Feature","id":36983,"properties":{"buildingId":2,"floorId":6,"roomNumber":"1.117","roomName":"Iroda","scope":"budapest/lagymanyos/eszaki/1/LÉ-1-117B-02-33","roomCode":"LÉ-1-117B-02-33","roomType":"administrative","__tile":"16/36238/22923","__layer":"rooms","__zoom":16,"__mvtId":36983,"__building":"eszaki","__ringVerts":5,"id":36983,"catalogFloorId":6},"geometry":{"type":"Polygon","coordinates":[[[19.062214113,47.474886743],[19.062236912,47.474961075],[19.06214974,47.474972859],[19.062128282,47.474896715],[19.062214113,47.474886743]],[[19.062224842,47.474939319],[19.06222216,47.474942039],[19.062226183,47.474943852],[19.062228865,47.474941132],[19.062224842,47.474939319]]]}},{"type":"Feature","id":36997,"properties":{"buildingId":2,"floorId":6,"roomNumber":"F-L3","roomName":"Lépcsőház","scope":"budapest/lagymanyos/eszaki/1/LÉ-1-L3-04-64","roomCode":"LÉ-1-L3-04-64","roomType":"corridor","__tile":"16/36238/22923","__layer":"rooms","__zoom":16,"__mvtId":36997,"__building":"eszaki","__ringVerts":7,"id":36997,"catalogFloorId":6},"geometry":{"type":"Polygon","coordinates":[[[19.062245416,47.474788415],[19.06224944,47.474802918],[19.062242734,47.474803825],[19.062245416,47.47481289],[19.062167632,47.474822861],[19.062160927,47.474800199],[19.062245416,47.474788415]]]}},{"type":"Feature","id":36415,"properties":{"buildingId":2,"floorId":1,"roomNumber":"4.00L4","roomName":"Lépcsőház","scope":"budapest/lagymanyos/eszaki/-4/LÉ--4-L4-04-64","roomCode":"LÉ--4-L4-04-64","roomType":"corridor","__tile":"16/36238/22923","__layer":"rooms","__zoom":16,"__mvtId":36415,"__building":"eszaki","__ringVerts":10,"id":36415,"catalogFloorId":1},"geometry":{"type":"Polygon","coordinates":[[[19.062274335,47.474676939],[19.062289087,47.474726795],[19.062223373,47.474734953],[19.062218008,47.474719543],[19.062234102,47.474716824],[19.06226897,47.474715011],[19.062262265,47.474689629],[19.062252877,47.474690536],[19.062242148,47.474681471],[19.062274335,47.474676939]]]}},{"type":"Feature","id":36717,"properties":{"buildingId":2,"floorId":5,"roomNumber":"F.41/A (0.115B)","roomName":"Női WC","scope":"budapest/lagymanyos/eszaki/0/LÉ-0-115B-05-71","roomCode":"LÉ-0-115B-05-71","roomType":"social","__tile":"16/36238/22923","__layer":"rooms","__zoom":16,"__mvtId":36717,"__building":"eszaki","__ringVerts":5,"id":36717,"catalogFloorId":5},"geometry":{"type":"Polygon","coordinates":[[[19.062307385,47.474539972],[19.062314091,47.474561727],[19.06227654,47.47456626],[19.062269834,47.474544504],[19.062307385,47.474539972]]]}},{"type":"Feature","id":36572,"properties":{"buildingId":2,"floorId":4,"roomNumber":"P.15 B7 (-1.89)","roomName":"Öltöző előtér","scope":"budapest/lagymanyos/eszaki/-1/LÉ--1-189-04-62","roomCode":"LÉ--1-189-04-62","roomType":"corridor","__tile":"16/36238/22923","__layer":"rooms","__zoom":16,"__mvtId":36572,"__building":"eszaki","__ringVerts":5,"id":36572,"catalogFloorId":4},"geometry":{"type":"Polygon","coordinates":[[[19.062316864,47.474572726],[19.06232491,47.474598108],[19.062308817,47.474599921],[19.06230077,47.474574539],[19.062316864,47.474572726]]]}},{"type":"Feature","id":702,"properties":{"buildingId":2,"floorId":7,"roomNumber":"2-K4","roomName":"2.K4 Közlekedő  (Keleti liftől É)","scope":"budapest/lagymanyos/eszaki/2/LÉ-2-K4-04-63","roomCode":"LÉ-2-K4-04-63","roomType":"corridor","__tile":"16/36238/22923","__layer":"rooms","__zoom":16,"__mvtId":702,"__building":"eszaki","__ringVerts":123,"id":702,"catalogFloorId":7},"geometry":{"type":"Polygon","coordinates":[[[19.062316146,47.474678904],[19.062321511,47.474694314],[19.062310782,47.474697034],[19.062322852,47.474695221],[19.062326875,47.474706099],[19.062314805,47.474707005],[19.062325534,47.474709724],[19.062329557,47.474720602],[19.06232017,47.474721509],[19.06233224,47.474723322],[19.062334922,47.474734199],[19.062322852,47.474735106],[19.062333581,47.474735106],[19.062338945,47.474750516],[19.062328216,47.474752329],[19.062340286,47.474751423],[19.062342969,47.47476502],[19.062334922,47.474765926],[19.062342969,47.474765926],[19.06234431,47.474772272],[19.062345651,47.474776804],[19.062336263,47.474778617],[19.062337604,47.474783149],[19.062340286,47.474793121],[19.062351015,47.474791308],[19.062355038,47.474806718],[19.062345651,47.474808531],[19.062349674,47.474822128],[19.062360403,47.474822128],[19.062361744,47.474828473],[19.062363085,47.474833006],[19.062369791,47.474846603],[19.062357721,47.474847509],[19.062368449,47.474847509],[19.062372473,47.474862919],[19.062363085,47.474865639],[19.062375155,47.474863826],[19.062377837,47.474874704],[19.062365767,47.47487561],[19.062379178,47.474882862],[19.062365767,47.474888301],[19.062326875,47.474890114],[19.062325534,47.474884675],[19.062336263,47.474883768],[19.062334922,47.474880143],[19.062324193,47.474881955],[19.06232017,47.474871078],[19.06233224,47.474870171],[19.06232017,47.474866545],[19.062316146,47.474854761],[19.062326875,47.474852042],[19.062314805,47.474853855],[19.062312123,47.474842977],[19.062322852,47.47484207],[19.062312123,47.474839351],[19.0623081,47.474828473],[19.062304076,47.474814876],[19.062314805,47.474813063],[19.062304076,47.47481397],[19.062300053,47.474798559],[19.062309441,47.474796746],[19.062306759,47.474789495],[19.062305418,47.474783149],[19.062294689,47.474783149],[19.062293348,47.474776804],[19.062292007,47.474772272],[19.062286642,47.474758674],[19.062297371,47.474756861],[19.062286642,47.474757768],[19.062282619,47.474742358],[19.062292007,47.474739638],[19.062281278,47.474741451],[19.062277254,47.474730573],[19.062286642,47.474726041],[19.062277254,47.474726948],[19.062274572,47.47471607],[19.06228396,47.474714257],[19.062281278,47.474704286],[19.062279937,47.474699753],[19.062269208,47.474701566],[19.062265184,47.474686156],[19.062274572,47.474683436],[19.062263843,47.474685249],[19.062261161,47.474674372],[19.06227189,47.474673465],[19.06225982,47.474668026],[19.062269208,47.4746644],[19.062266526,47.474654429],[19.062257138,47.474656242],[19.062257138,47.474665307],[19.062250432,47.474641738],[19.062261161,47.474639925],[19.062238362,47.47455109],[19.062266526,47.474548371],[19.062267867,47.474555622],[19.062279937,47.474552903],[19.06228396,47.474564687],[19.06227189,47.474567407],[19.062282619,47.4745665],[19.062286642,47.47458191],[19.062277254,47.474582817],[19.062289324,47.474582817],[19.062292007,47.474592788],[19.062279937,47.474594601],[19.062292007,47.474596414],[19.062294689,47.474607292],[19.062286642,47.474609105],[19.062285301,47.474612731],[19.062297371,47.474610918],[19.062300053,47.474621796],[19.062289324,47.474622702],[19.062298712,47.474622702],[19.062304076,47.474638112],[19.062294689,47.474640832],[19.062305418,47.474639019],[19.0623081,47.474652616],[19.062309441,47.474657149],[19.062312123,47.474663494],[19.062301394,47.474665307],[19.062302735,47.474668933],[19.062312123,47.4746644],[19.062317488,47.474677998],[19.062316146,47.474678904]],[[19.062318829,47.474832099],[19.062310782,47.474833006],[19.062312123,47.474835725],[19.06232017,47.474834819],[19.062318829,47.474832099]],[[19.062353697,47.474837538],[19.06235638,47.474837538],[19.062355038,47.474833912],[19.062353697,47.474833912],[19.062353697,47.474837538]],[[19.062360403,47.474825754],[19.062352356,47.47482666],[19.062353697,47.47482938],[19.062361744,47.474828473],[19.062360403,47.474825754]],[[19.062301394,47.474775897],[19.062293348,47.474776804],[19.062294689,47.474779523],[19.062302735,47.474778617],[19.062301394,47.474775897]],[[19.062317488,47.47482666],[19.062318829,47.47482666],[19.062317488,47.474823941],[19.062316146,47.474823941],[19.062317488,47.47482666]],[[19.062342969,47.474769552],[19.062334922,47.474770459],[19.062336263,47.474773178],[19.06234431,47.474772272],[19.062342969,47.474769552]],[[19.062309441,47.474657149],[19.062301394,47.474658055],[19.062301394,47.474660774],[19.062309441,47.474659868],[19.062309441,47.474657149]],[[19.062325534,47.47471335],[19.062318829,47.474714257],[19.062318829,47.474716976],[19.062326875,47.47471607],[19.062325534,47.47471335]],[[19.062333581,47.474765926],[19.062334922,47.474765926],[19.062333581,47.474763207],[19.06233224,47.474763207],[19.06233224,47.474765926],[19.062333581,47.474765926]],[[19.062292007,47.474600947],[19.06228396,47.474601853],[19.062285301,47.474604573],[19.062292007,47.474603666],[19.062292007,47.474600947]],[[19.062286642,47.474729667],[19.062289324,47.474729667],[19.062287983,47.474726948],[19.062286642,47.474726948],[19.062286642,47.474729667]],[[19.06232017,47.474725135],[19.062321511,47.474724228],[19.062321511,47.474722415],[19.062318829,47.474722415],[19.06232017,47.474725135]],[[19.06228396,47.474719696],[19.062277254,47.474720602],[19.062277254,47.474723322],[19.062285301,47.474721509],[19.06228396,47.474719696]],[[19.062292007,47.474772272],[19.062301394,47.474771365],[19.062300053,47.474767739],[19.062292007,47.474772272]]]}},{"type":"Feature","id":36549,"properties":{"buildingId":2,"floorId":4,"roomNumber":"P.17","roomName":"Női WC","scope":"budapest/lagymanyos/eszaki/-1/LÉ--1-188-A-05-71","roomCode":"LÉ--1-188/A-05-71","roomType":"social","__tile":"16/36238/22923","__layer":"rooms","__zoom":16,"__mvtId":36549,"__building":"eszaki","__ringVerts":5,"id":36549,"catalogFloorId":4},"geometry":{"type":"Polygon","coordinates":[[[19.062307907,47.47453887],[19.062314613,47.474560625],[19.062277062,47.474566064],[19.062270356,47.474543402],[19.062307907,47.47453887]]]}},{"type":"Feature","id":36996,"properties":{"buildingId":2,"floorId":6,"roomNumber":"1.120","roomName":"Iroda","scope":"budapest/lagymanyos/eszaki/1/LÉ-1-120-02-33","roomCode":"LÉ-1-120-02-33","roomType":"administrative","__tile":"16/36238/22923","__layer":"rooms","__zoom":16,"__mvtId":36996,"__building":"eszaki","__ringVerts":5,"id":36996,"catalogFloorId":6},"geometry":{"type":"Polygon","coordinates":[[[19.062407497,47.474694091],[19.062415543,47.474721286],[19.062341783,47.474731257],[19.062333736,47.474704969],[19.062407497,47.474694091]]]}},{"type":"Feature","id":1117,"properties":{"buildingId":2,"floorId":12,"roomNumber":"7.55","roomName":"7.55 Labor","scope":"budapest/lagymanyos/eszaki/7/LÉ-7-55-01-14","roomCode":"LÉ-7-55-01-14","roomType":"educational","__tile":"16/36238/22923","__layer":"rooms","__zoom":16,"__mvtId":1117,"__building":"eszaki","__ringVerts":16,"id":1117,"catalogFloorId":12},"geometry":{"type":"MultiPolygon","coordinates":[[[[19.06223045,47.474629636],[19.062308234,47.474616038],[19.062318963,47.474652298],[19.062329692,47.474651391],[19.062333715,47.474664082],[19.062322986,47.474664988],[19.062324327,47.474671334],[19.062245202,47.474679492],[19.062238497,47.474657737],[19.062245202,47.47465683],[19.062237155,47.474651391],[19.06223045,47.474629636]]],[[[19.06223045,47.474629636],[19.062227768,47.47462329],[19.062233132,47.47462329],[19.06223045,47.474629636]]]]}},{"type":"Feature","id":1116,"properties":{"buildingId":2,"floorId":12,"roomNumber":"7.54","roomName":"7.54 Oktatói","scope":"budapest/lagymanyos/eszaki/7/LÉ-7-54-01-13","roomCode":"LÉ-7-54-01-13","roomType":"educational","__tile":"16/36238/22923","__layer":"rooms","__zoom":16,"__mvtId":1116,"__building":"eszaki","__ringVerts":16,"id":1116,"catalogFloorId":12},"geometry":{"type":"MultiPolygon","coordinates":[[[[19.062249742,47.474581761],[19.062327526,47.474568164],[19.062328867,47.474574509],[19.062339596,47.474572696],[19.062343619,47.474585387],[19.06233289,47.4745872],[19.062343619,47.474623459],[19.062264494,47.474632524],[19.062257788,47.474609862],[19.062263153,47.474608955],[19.062256447,47.474603516],[19.062249742,47.474581761]]],[[[19.062249742,47.474581761],[19.062247059,47.474575415],[19.062252424,47.474575415],[19.062249742,47.474581761]]]]}},{"type":"Feature","id":803,"properties":{"buildingId":2,"floorId":8,"roomNumber":"3-K4","roomName":"3.K4 Közlekedő (Keleti lifttől É-i)","scope":"budapest/lagymanyos/eszaki/3/LÉ-3-K4-04-63","roomCode":"LÉ-3-K4-04-63","roomType":"corridor","__tile":"16/36238/22923","__layer":"rooms","__zoom":16,"__mvtId":803,"__building":"eszaki","__ringVerts":111,"id":803,"catalogFloorId":8},"geometry":{"type":"Polygon","coordinates":[[[19.062365632,47.474865869],[19.062337468,47.474870401],[19.062322716,47.474869495],[19.062321375,47.474864056],[19.062332104,47.47486315],[19.062320034,47.474861337],[19.062316011,47.474850459],[19.062328081,47.474849552],[19.062317352,47.474849552],[19.062311987,47.474834142],[19.062322716,47.474831423],[19.062310646,47.474833236],[19.062307964,47.474822358],[19.062318693,47.474821452],[19.062317352,47.474817826],[19.062307964,47.474818732],[19.062303941,47.474807854],[19.06231467,47.474806042],[19.062310646,47.474793351],[19.062299917,47.474793351],[19.062295894,47.474777941],[19.062305282,47.474775221],[19.062293212,47.474777034],[19.06229053,47.474766156],[19.062298576,47.474762531],[19.06229053,47.474762531],[19.062289189,47.474756185],[19.062287847,47.474751653],[19.062297235,47.474750746],[19.062293212,47.474735336],[19.062282483,47.474737149],[19.062283824,47.474706329],[19.062273095,47.474706329],[19.062270413,47.474695451],[19.062265049,47.474681854],[19.062275778,47.474679134],[19.062265049,47.474680947],[19.062261025,47.474665537],[19.062269072,47.474664631],[19.062259684,47.474664631],[19.062257002,47.474653753],[19.062267731,47.474652846],[19.062257002,47.474650127],[19.062255661,47.474645595],[19.062265049,47.474643782],[19.062248955,47.47462112],[19.062257002,47.474619307],[19.06223018,47.474532284],[19.062262366,47.474527752],[19.062267731,47.474547694],[19.06227846,47.474545881],[19.062282483,47.474559479],[19.062273095,47.474564011],[19.062285165,47.474562198],[19.062286506,47.474575795],[19.062287847,47.474575795],[19.06229053,47.474586673],[19.062281142,47.474589393],[19.062285165,47.474603896],[19.062294553,47.474602083],[19.062299917,47.474617494],[19.06229053,47.47462112],[19.062294553,47.474632904],[19.062303941,47.474631997],[19.062305282,47.47463653],[19.062307964,47.474642875],[19.062299917,47.474644688],[19.062310646,47.474646501],[19.062313328,47.474657379],[19.062301259,47.474658285],[19.062311987,47.474658285],[19.062317352,47.474673695],[19.062307964,47.474677321],[19.062311987,47.474690012],[19.062321375,47.474688199],[19.062325398,47.474699983],[19.06231467,47.474701796],[19.062318693,47.4747163],[19.062329422,47.474714487],[19.062330763,47.474719926],[19.062334786,47.474729897],[19.062324057,47.474732617],[19.062336127,47.474730804],[19.062338809,47.474744401],[19.062330763,47.474745307],[19.062338809,47.474745307],[19.062340151,47.474751653],[19.062341492,47.474756185],[19.062333445,47.474757092],[19.062332104,47.474757998],[19.062344174,47.474757998],[19.062346856,47.474769782],[19.062336127,47.474770689],[19.062346856,47.474770689],[19.062350879,47.474786099],[19.062342833,47.474791538],[19.062345515,47.474801509],[19.062356244,47.474801509],[19.062357585,47.474807854],[19.062358926,47.474812387],[19.062349538,47.474813293],[19.062352221,47.474824171],[19.062353562,47.474828703],[19.06236429,47.474826891],[19.062368314,47.474842301],[19.062358926,47.47484502],[19.062370996,47.474843207],[19.062373678,47.474854085],[19.062361608,47.474854991],[19.062373678,47.47486043],[19.062365632,47.474865869]],[[19.062356244,47.474805135],[19.062348197,47.474806042],[19.062349538,47.474808761],[19.062357585,47.474807854],[19.062356244,47.474805135]],[[19.062297235,47.474755279],[19.062289189,47.474756185],[19.06229053,47.474758905],[19.062298576,47.474757998],[19.062297235,47.474755279]],[[19.062338809,47.474748933],[19.062330763,47.47474984],[19.062332104,47.474752559],[19.062340151,47.474751653],[19.062338809,47.474748933]],[[19.06231467,47.47481148],[19.062306623,47.474812387],[19.062307964,47.474815106],[19.06231467,47.4748142],[19.06231467,47.47481148]],[[19.062305282,47.47463653],[19.062297235,47.474637436],[19.062297235,47.474640156],[19.062305282,47.474639249],[19.062305282,47.47463653]],[[19.062299917,47.474761624],[19.062299917,47.47476525],[19.062301259,47.47476525],[19.062301259,47.474762531],[19.062299917,47.474761624]],[[19.062279801,47.474699077],[19.062273095,47.474699983],[19.062273095,47.474702703],[19.062281142,47.474701796],[19.062279801,47.474699077]],[[19.062321375,47.474692732],[19.06231467,47.474693638],[19.06231467,47.474696357],[19.062322716,47.474695451],[19.062321375,47.474692732]],[[19.062328081,47.474745307],[19.062330763,47.474745307],[19.062329422,47.474742588],[19.062328081,47.474742588],[19.062328081,47.474745307]],[[19.062281142,47.474583954],[19.062287847,47.474583047],[19.062287847,47.474581234],[19.062279801,47.474581234],[19.062281142,47.474583954]],[[19.06227846,47.474694545],[19.062279801,47.474693638],[19.062279801,47.474690919],[19.062277119,47.474690919],[19.06227846,47.474694545]],[[19.062297235,47.474644688],[19.062298576,47.474648314],[19.062299917,47.474647408],[19.062299917,47.474645595],[19.062297235,47.474644688]],[[19.062269072,47.474664631],[19.062270413,47.474663724],[19.062270413,47.474662818],[19.062269072,47.474662818],[19.062269072,47.474664631]]]}},{"type":"Feature","id":662,"properties":{"buildingId":2,"floorId":12,"roomNumber":"7.85","roomName":"7.85 Terem","scope":"budapest/lagymanyos/eszaki/7/LÉ-7-85-01-12 (1)","roomCode":"LÉ-7-85-01-12 (1)","roomType":"educational","__tile":"16/36238/22923","__layer":"rooms","__zoom":16,"__mvtId":662,"__building":"eszaki","__ringVerts":9,"id":662,"catalogFloorId":12},"geometry":{"type":"Polygon","coordinates":[[[19.062425685,47.474694341],[19.062443119,47.47474873],[19.062369358,47.474758701],[19.062358629,47.474723349],[19.062349242,47.474725161],[19.062345218,47.474712471],[19.062354606,47.474710658],[19.062353265,47.474705219],[19.062425685,47.474694341]]]}},{"type":"Feature","id":751,"properties":{"buildingId":2,"floorId":8,"roomNumber":"3.129","roomName":"3.129 Műszeres hallgatói laboratórium","scope":"budapest/lagymanyos/eszaki/3/LÉ-3-129-01-14","roomCode":"LÉ-3-129-01-14","roomType":"educational","__tile":"16/36238/22923","__layer":"rooms","__zoom":16,"__mvtId":751,"__building":"eszaki","__ringVerts":10,"id":751,"catalogFloorId":8},"geometry":{"type":"Polygon","coordinates":[[[19.062453556,47.474585113],[19.06245758,47.474589646],[19.062470991,47.474640409],[19.06239723,47.47465038],[19.062386501,47.474614121],[19.062375772,47.474615027],[19.062371749,47.474602336],[19.062382478,47.47460143],[19.062379796,47.474595085],[19.062453556,47.474585113]]]}},{"type":"Feature","id":299,"properties":{"buildingId":2,"floorId":7,"roomNumber":"244","roomName":"2.244 Oktató","scope":"budapest/lagymanyos/eszaki/2/LK-2-244-01-13","roomCode":"LK-2-244-01-13","roomType":"educational","__tile":"16/36238/22923","__layer":"rooms","__zoom":16,"__mvtId":299,"__building":"eszaki","__ringVerts":5,"id":299,"catalogFloorId":7},"geometry":{"type":"Polygon","coordinates":[[[19.0621107,47.474772231],[19.062121429,47.474804864],[19.062082537,47.474810303],[19.062071808,47.47477767],[19.0621107,47.474772231]]]}},{"type":"Feature","id":1144,"properties":{"buildingId":2,"floorId":12,"roomNumber":"7.88/B","roomName":"7.88/B Dolgozó","scope":"budapest/lagymanyos/eszaki/7/LÉ-7-88-B-02-33","roomCode":"LÉ-7-88/B-02-33","roomType":"administrative","__tile":"16/36238/22923","__layer":"rooms","__zoom":16,"__mvtId":1144,"__building":"eszaki","__ringVerts":9,"id":1144,"catalogFloorId":12},"geometry":{"type":"Polygon","coordinates":[[[19.062476017,47.474538788],[19.062485405,47.474571421],[19.062410303,47.474582299],[19.062406279,47.474568701],[19.062396892,47.474569608],[19.062392868,47.474556917],[19.062402256,47.474556011],[19.062400915,47.474549665],[19.062476017,47.474538788]]]}},{"type":"Feature","id":62,"properties":{"buildingId":2,"floorId":8,"roomNumber":"3.123","roomName":"3.123-3.124 Számítógépes Tanterem","scope":"budapest/lagymanyos/eszaki/3/LÉ-3-123-01-12","roomCode":"LÉ-3-123-01-12","roomType":"educational","__tile":"16/36238/22923","__layer":"rooms","__zoom":16,"__mvtId":62,"__building":"eszaki","__ringVerts":5,"id":62,"catalogFloorId":8},"geometry":{"type":"Polygon","coordinates":[[[19.06223389,47.474846],[19.062249984,47.474899483],[19.062181587,47.474911267],[19.062164153,47.474855065],[19.06223389,47.474846]]]}},{"type":"Feature","id":643,"properties":{"buildingId":2,"floorId":7,"roomNumber":"2.114","roomName":"2.114 Oktató","scope":"budapest/lagymanyos/eszaki/2/LÉ-2-114-01-13","roomCode":"LÉ-2-114-01-13","roomType":"educational","__tile":"16/36238/22923","__layer":"rooms","__zoom":16,"__mvtId":643,"__building":"eszaki","__ringVerts":5,"id":643,"catalogFloorId":7},"geometry":{"type":"Polygon","coordinates":[[[19.06216914,47.474777571],[19.062178528,47.474818362],[19.062130248,47.474825614],[19.062118178,47.474784822],[19.06216914,47.474777571]]]}},{"type":"Feature","id":1143,"properties":{"buildingId":2,"floorId":12,"roomNumber":"7.84","roomName":"7.84 Oktatói","scope":"budapest/lagymanyos/eszaki/7/LÉ-7-84-01-13","roomCode":"LÉ-7-84-01-13","roomType":"educational","__tile":"16/36238/22923","__layer":"rooms","__zoom":16,"__mvtId":1143,"__building":"eszaki","__ringVerts":5,"id":1143,"catalogFloorId":12},"geometry":{"type":"Polygon","coordinates":[[[19.062394994,47.474745808],[19.062403041,47.474773002],[19.062330621,47.474782973],[19.062322575,47.474755779],[19.062394994,47.474745808]]]}},{"type":"Feature","id":644,"properties":{"buildingId":2,"floorId":7,"roomNumber":"2.115","roomName":"2.115 Oktató","scope":"budapest/lagymanyos/eszaki/2/LÉ-2-115-01-13","roomCode":"LÉ-2-115-01-13","roomType":"educational","__tile":"16/36238/22923","__layer":"rooms","__zoom":16,"__mvtId":644,"__building":"eszaki","__ringVerts":6,"id":644,"catalogFloorId":7},"geometry":{"type":"Polygon","coordinates":[[[19.062151227,47.474839257],[19.062164638,47.474894552],[19.062116359,47.474901804],[19.062100265,47.474846509],[19.062119041,47.474841976],[19.062151227,47.474839257]]]}},{"type":"Feature","id":913,"properties":{"buildingId":2,"floorId":10,"roomNumber":"5.126","roomName":"5.126 Kutató laboratórium","scope":"budapest/lagymanyos/eszaki/5/LÉ-5-126-01-14","roomCode":"LÉ-5-126-01-14","roomType":"educational","__tile":"16/36238/22923","__layer":"rooms","__zoom":16,"__mvtId":913,"__building":"eszaki","__ringVerts":5,"id":913,"catalogFloorId":10},"geometry":{"type":"Polygon","coordinates":[[[19.062444122,47.474578654],[19.06245351,47.474605848],[19.062379749,47.474615819],[19.062371702,47.474588625],[19.062444122,47.474578654]]]}},{"type":"Feature","id":744,"properties":{"buildingId":2,"floorId":8,"roomNumber":"3.118","roomName":"3.118-120 Hallgatói laboratórium II.","scope":"budapest/lagymanyos/eszaki/3/LÉ-3-118-01-14","roomCode":"LÉ-3-118-01-14","roomType":"educational","__tile":"16/36238/22923","__layer":"rooms","__zoom":16,"__mvtId":744,"__building":"eszaki","__ringVerts":12,"id":744,"catalogFloorId":8},"geometry":{"type":"Polygon","coordinates":[[[19.062300293,47.474594536],[19.062302975,47.474601787],[19.062313704,47.474602694],[19.062316386,47.474614478],[19.062306999,47.474616291],[19.062317727,47.474649831],[19.062238602,47.474658896],[19.062230556,47.474636234],[19.062237261,47.474635327],[19.062222509,47.474608133],[19.062227873,47.474604507],[19.062300293,47.474594536]]]}},{"type":"Feature","id":749,"properties":{"buildingId":2,"floorId":8,"roomNumber":"3.127","roomName":"3.127 Előkészítő laboratórium","scope":"budapest/lagymanyos/eszaki/3/LÉ-3-127-01-14","roomCode":"LÉ-3-127-01-14","roomType":"educational","__tile":"16/36238/22923","__layer":"rooms","__zoom":16,"__mvtId":749,"__building":"eszaki","__ringVerts":6,"id":749,"catalogFloorId":8},"geometry":{"type":"Polygon","coordinates":[[[19.062405583,47.474693051],[19.062409606,47.474697584],[19.06241363,47.474719339],[19.062339869,47.474730217],[19.062331822,47.474703022],[19.062405583,47.474693051]]]}},{"type":"Feature","id":815,"properties":{"buildingId":2,"floorId":9,"roomNumber":"4.102","roomName":"4.102 Oktató","scope":"budapest/lagymanyos/eszaki/4/LÉ-4-102-01-13","roomCode":"LÉ-4-102-01-13","roomType":"educational","__tile":"16/36238/22923","__layer":"rooms","__zoom":16,"__mvtId":815,"__building":"eszaki","__ringVerts":6,"id":815,"catalogFloorId":9},"geometry":{"type":"Polygon","coordinates":[[[19.06215227,47.474831001],[19.062171045,47.47488539],[19.062117401,47.474892642],[19.06211606,47.474887203],[19.062101308,47.474837347],[19.06215227,47.474831001]]]}},{"type":"Feature","id":822,"properties":{"buildingId":2,"floorId":9,"roomNumber":"4.111","roomName":"4.111 Oldatkinetikai laboratórium","scope":"budapest/lagymanyos/eszaki/4/LÉ-4-111-01-14","roomCode":"LÉ-4-111-01-14","roomType":"educational","__tile":"16/36238/22923","__layer":"rooms","__zoom":16,"__mvtId":822,"__building":"eszaki","__ringVerts":10,"id":822,"catalogFloorId":9},"geometry":{"type":"Polygon","coordinates":[[[19.06245474,47.474585221],[19.062457423,47.47459066],[19.062472175,47.474640517],[19.062398414,47.474650488],[19.062387685,47.474614229],[19.062376956,47.474616042],[19.062372933,47.474603351],[19.062383662,47.474601538],[19.062382321,47.474595193],[19.06245474,47.474585221]]]}},{"type":"Feature","id":872,"properties":{"buildingId":2,"floorId":9,"roomNumber":"4.97","roomName":"4.97 Hallgatói Laboratórium","scope":"budapest/lagymanyos/eszaki/4/LÉ-4-97-01-14","roomCode":"LÉ-4-97-01-14","roomType":"educational","__tile":"16/36238/22923","__layer":"rooms","__zoom":16,"__mvtId":872,"__building":"eszaki","__ringVerts":21,"id":872,"catalogFloorId":9},"geometry":{"type":"Polygon","coordinates":[[[19.062257377,47.474655966],[19.062250672,47.474655059],[19.062247989,47.474626052],[19.062242625,47.474626958],[19.062234578,47.47460339],[19.062239943,47.474597951],[19.062233237,47.474598858],[19.062226532,47.474576196],[19.062231896,47.47457257],[19.062304316,47.474562598],[19.062306998,47.474570757],[19.062317727,47.474568944],[19.06232175,47.474582541],[19.062311021,47.474583448],[19.062315045,47.474597045],[19.062325773,47.474595232],[19.062327114,47.474599764],[19.062329797,47.474607922],[19.062319068,47.474609735],[19.062329797,47.474645994],[19.062257377,47.474655966]]]}},{"type":"Feature","id":1010,"properties":{"buildingId":2,"floorId":11,"roomNumber":"6.119","roomName":"6.119 D12 dolgozó","scope":"budapest/lagymanyos/eszaki/6/LÉ-6-119-01-13","roomCode":"LÉ-6-119-01-13","roomType":"educational","__tile":"16/36238/22923","__layer":"rooms","__zoom":16,"__mvtId":1010,"__building":"eszaki","__ringVerts":6,"id":1010,"catalogFloorId":11},"geometry":{"type":"Polygon","coordinates":[[[19.062416409,47.474688857],[19.062424455,47.474715145],[19.0623574,47.474726023],[19.062348012,47.474717864],[19.062342648,47.474698828],[19.062416409,47.474688857]]]}},{"type":"Feature","id":1005,"properties":{"buildingId":2,"floorId":11,"roomNumber":"6.114","roomName":"6.114 Met dolgozó","scope":"budapest/lagymanyos/eszaki/6/LÉ-6-114-01-13","roomCode":"LÉ-6-114-01-13","roomType":"educational","__tile":"16/36238/22923","__layer":"rooms","__zoom":16,"__mvtId":1005,"__building":"eszaki","__ringVerts":5,"id":1005,"catalogFloorId":11},"geometry":{"type":"Polygon","coordinates":[[[19.062366998,47.474831945],[19.062376386,47.474858233],[19.062302625,47.474869111],[19.062294578,47.474841916],[19.062366998,47.474831945]]]}},{"type":"Feature","id":1008,"properties":{"buildingId":2,"floorId":11,"roomNumber":"6.117","roomName":"6.117 Napfizika labor","scope":"budapest/lagymanyos/eszaki/6/LÉ-6-117-01-13","roomCode":"LÉ-6-117-01-13","roomType":"educational","__tile":"16/36238/22923","__layer":"rooms","__zoom":16,"__mvtId":1008,"__building":"eszaki","__ringVerts":5,"id":1008,"catalogFloorId":11},"geometry":{"type":"Polygon","coordinates":[[[19.062393512,47.474747598],[19.062401558,47.474773886],[19.062327798,47.474784764],[19.062319751,47.474757569],[19.062393512,47.474747598]]]}},{"type":"Feature","id":1170,"properties":{"buildingId":2,"floorId":13,"roomNumber":"8-L3","roomName":"8.L3 Lépcsőház ÉK","scope":"budapest/lagymanyos/eszaki/8/LÉ-8-L3-04-64","roomCode":"LÉ-8-L3-04-64","roomType":"corridor","__tile":"16/36238/22923","__layer":"rooms","__zoom":16,"__mvtId":1170,"__building":"eszaki","__ringVerts":7,"id":1170,"catalogFloorId":13},"geometry":{"type":"Polygon","coordinates":[[[19.062247242,47.474785583],[19.062255289,47.474800087],[19.062245901,47.474800993],[19.062248583,47.474810058],[19.062170799,47.474820936],[19.062164094,47.474797368],[19.062247242,47.474785583]]]}},{"type":"Feature","id":36426,"properties":{"buildingId":2,"floorId":3,"roomNumber":"-2.04","roomName":"TR labor","scope":"budapest/lagymanyos/eszaki/-2/LÉ--2-04-01-17","roomCode":"LÉ--2-04-01-17","roomType":"educational","__tile":"16/36238/22923","__layer":"rooms","__zoom":16,"__mvtId":36426,"__building":"eszaki","__ringVerts":5,"id":36426,"catalogFloorId":3},"geometry":{"type":"Polygon","coordinates":[[[19.062298554,47.47456817],[19.062309282,47.474605335],[19.062215405,47.474618026],[19.062210041,47.474579954],[19.062298554,47.47456817]]]}},{"type":"Feature","id":36645,"properties":{"buildingId":2,"floorId":2,"roomNumber":"3.00","roomName":"Lépcsőház","scope":"budapest/lagymanyos/eszaki/-3/LÉ--3-L4-04-64","roomCode":"LÉ--3-L4-04-64","roomType":"corridor","__tile":"16/36238/22923","__layer":"rooms","__zoom":16,"__mvtId":36645,"__building":"eszaki","__ringVerts":5,"id":36645,"catalogFloorId":2},"geometry":{"type":"Polygon","coordinates":[[[19.062263741,47.474683724],[19.062278493,47.47473358],[19.062212779,47.474741739],[19.062198027,47.474692789],[19.062263741,47.474683724]],[[19.062251671,47.474696415],[19.062216802,47.474700947],[19.062223508,47.474725422],[19.062258376,47.474721796],[19.062251671,47.474696415]]]}},{"type":"Feature","id":36578,"properties":{"buildingId":2,"floorId":4,"roomNumber":"P.13 B7 (-1.91)","roomName":"Szonolumineszcencia labor","scope":"budapest/lagymanyos/eszaki/-1/LÉ--1-191-01-14","roomCode":"LÉ--1-191-01-14","roomType":"educational","__tile":"16/36238/22923","__layer":"rooms","__zoom":16,"__mvtId":36578,"__building":"eszaki","__ringVerts":5,"id":36578,"catalogFloorId":4},"geometry":{"type":"Polygon","coordinates":[[[19.062290859,47.474623689],[19.06230427,47.474668106],[19.062229169,47.474678077],[19.062215757,47.47463366],[19.062290859,47.474623689]]]}},{"type":"Feature","id":36583,"properties":{"buildingId":2,"floorId":4,"roomNumber":"P.24 B7","roomName":"Zuhanyzó","scope":"budapest/lagymanyos/eszaki/-1/LÉ--1-104-B-05-72","roomCode":"LÉ--1-104/B-05-72","roomType":"social","__tile":"16/36238/22923","__layer":"rooms","__zoom":16,"__mvtId":36583,"__building":"eszaki","__ringVerts":11,"id":36583,"catalogFloorId":4},"geometry":{"type":"Polygon","coordinates":[[[19.062440431,47.474588504],[19.062456524,47.474641986],[19.062444454,47.474642892],[19.062440431,47.47463564],[19.062443113,47.474643799],[19.062431043,47.474644705],[19.06241495,47.474592129],[19.06242702,47.474590317],[19.062429702,47.474598475],[19.062429702,47.474590317],[19.062440431,47.474588504]]]}},{"type":"Feature","id":36737,"properties":{"buildingId":2,"floorId":5,"roomNumber":"F-L3","roomName":"Lépcsőház","scope":"budapest/lagymanyos/eszaki/0/LÉ-0-L3-04-64","roomCode":"LÉ-0-L3-04-64","roomType":"corridor","__tile":"16/36238/22923","__layer":"rooms","__zoom":16,"__mvtId":36737,"__building":"eszaki","__ringVerts":5,"id":36737,"catalogFloorId":5},"geometry":{"type":"Polygon","coordinates":[[[19.062248234,47.474788814],[19.06225494,47.474812382],[19.062177156,47.474822354],[19.06217045,47.474799692],[19.062248234,47.474788814]]]}},{"type":"Feature","id":36646,"properties":{"buildingId":2,"floorId":2,"roomNumber":"3.00","roomName":"Folyosó","scope":"budapest/lagymanyos/eszaki/-3/LÉ--3-001-04-63","roomCode":"LÉ--3-001-04-63","roomType":"corridor","__tile":"16/36238/22923","__layer":"rooms","__zoom":16,"__mvtId":36646,"__building":"eszaki","__ringVerts":13,"id":36646,"catalogFloorId":2},"geometry":{"type":"Polygon","coordinates":[[[19.062264504,47.474660783],[19.062271209,47.474682538],[19.062201472,47.474691603],[19.062221589,47.474759589],[19.062205495,47.474761402],[19.062193425,47.474720611],[19.062103571,47.474732395],[19.062111618,47.474759589],[19.062096866,47.474761402],[19.062086137,47.474724237],[19.062193425,47.474709733],[19.062181355,47.474671661],[19.062264504,47.474660783]]]}},{"type":"Feature","id":36579,"properties":{"buildingId":2,"floorId":4,"roomNumber":"P.24 B7 (-1.05)","roomName":"Öltöző előtér","scope":"budapest/lagymanyos/eszaki/-1/LÉ--1-105-04-62","roomCode":"LÉ--1-105-04-62","roomType":"corridor","__tile":"16/36238/22923","__layer":"rooms","__zoom":16,"__mvtId":36579,"__building":"eszaki","__ringVerts":5,"id":36579,"catalogFloorId":4},"geometry":{"type":"Polygon","coordinates":[[[19.062391617,47.47458311],[19.062398322,47.474608492],[19.06238357,47.474610305],[19.062375524,47.474584923],[19.062391617,47.47458311]]]}},{"type":"Feature","id":36585,"properties":{"buildingId":2,"floorId":4,"roomNumber":"P.20 B7 (-1.102)","roomName":"Röntgen fluoreszcencia labor","scope":"budapest/lagymanyos/eszaki/-1/LÉ--1-102-01-14","roomCode":"LÉ--1-102-01-14","roomType":"educational","__tile":"16/36238/22923","__layer":"rooms","__zoom":16,"__mvtId":36585,"__building":"eszaki","__ringVerts":7,"id":36585,"catalogFloorId":4},"geometry":{"type":"Polygon","coordinates":[[[19.062414897,47.474697536],[19.06243099,47.474751018],[19.062357229,47.474760989],[19.062346501,47.47472473],[19.062335772,47.474726543],[19.062341136,47.474707507],[19.062414897,47.474697536]]]}},{"type":"Feature","id":36586,"properties":{"buildingId":2,"floorId":4,"roomNumber":"P.L4","roomName":"Lépcsőház","scope":"budapest/lagymanyos/eszaki/-1/LÉ--1-L4-04-64","roomCode":"LÉ--1-L4-04-64","roomType":"corridor","__tile":"16/36238/22923","__layer":"rooms","__zoom":16,"__mvtId":36586,"__building":"eszaki","__ringVerts":5,"id":36586,"catalogFloorId":4},"geometry":{"type":"Polygon","coordinates":[[[19.062263949,47.474684025],[19.062278701,47.474732975],[19.062211646,47.474741133],[19.062198235,47.474692183],[19.062263949,47.474684025]],[[19.062250538,47.474695809],[19.06221701,47.474700341],[19.062223716,47.47472391],[19.062258585,47.474719377],[19.062250538,47.474695809]]]}},{"type":"Feature","id":36418,"properties":{"buildingId":2,"floorId":3,"roomNumber":"-2.06","roomName":"WC","scope":"budapest/lagymanyos/eszaki/-2/LÉ--2-06-05-71","roomCode":"LÉ--2-06-05-71","roomType":"social","__tile":"16/36238/22923","__layer":"rooms","__zoom":16,"__mvtId":36418,"__building":"eszaki","__ringVerts":5,"id":36418,"catalogFloorId":3},"geometry":{"type":"Polygon","coordinates":[[[19.062152889,47.474677301],[19.062155572,47.474686366],[19.062127408,47.474689991],[19.062124726,47.474680927],[19.062152889,47.474677301]]]}},{"type":"Feature","id":36421,"properties":{"buildingId":2,"floorId":3,"roomNumber":"-2P.L4","roomName":"Lépcsőház","scope":"budapest/lagymanyos/eszaki/-2/LÉ--2-L4-04-64","roomCode":"LÉ--2-L4-04-64","roomType":"corridor","__tile":"16/36238/22923","__layer":"rooms","__zoom":16,"__mvtId":36421,"__building":"eszaki","__ringVerts":11,"id":36421,"catalogFloorId":3},"geometry":{"type":"Polygon","coordinates":[[[19.062272702,47.474679678],[19.062287454,47.474727721],[19.062219058,47.474737692],[19.062213694,47.474722282],[19.062267338,47.474715937],[19.062260632,47.474691462],[19.062224422,47.474695994],[19.062231128,47.474718656],[19.062216376,47.474720469],[19.062206988,47.474687836],[19.062272702,47.474679678]]]}},{"type":"Feature","id":36726,"properties":{"buildingId":2,"floorId":5,"roomNumber":"F-40/A 0.122 A","roomName":"Iroda","scope":"budapest/lagymanyos/eszaki/0/LÉ-0-122A-02-33","roomCode":"LÉ-0-122A-02-33","roomType":"administrative","__tile":"16/36238/22923","__layer":"rooms","__zoom":16,"__mvtId":36726,"__building":"eszaki","__ringVerts":6,"id":36726,"catalogFloorId":5},"geometry":{"type":"Polygon","coordinates":[[[19.062404307,47.47472201],[19.062413695,47.474751017],[19.062341275,47.474760988],[19.06233457,47.474739233],[19.062333228,47.474731074],[19.062404307,47.47472201]]]}},{"type":"Feature","id":357,"properties":{"buildingId":2,"floorId":8,"roomNumber":"355","roomName":"3.355 Oktató","scope":"budapest/lagymanyos/eszaki/3/LK-3-355-01-13","roomCode":"LK-3-355-01-13","roomType":"educational","__tile":"16/36238/22923","__layer":"rooms","__zoom":16,"__mvtId":357,"__building":"eszaki","__ringVerts":5,"id":357,"catalogFloorId":8},"geometry":{"type":"Polygon","coordinates":[[[19.062090524,47.474834046],[19.062105276,47.474885715],[19.062063702,47.474891154],[19.062047609,47.474839485],[19.062090524,47.474834046]]]}},{"type":"Feature","id":36731,"properties":{"buildingId":2,"floorId":5,"roomNumber":"P-K3/A","roomName":"Folyosó","scope":"budapest/lagymanyos/eszaki/0/LÉ-0-K3-A-04-63","roomCode":"LÉ-0-K3/A-04-63","roomType":"corridor","__tile":"16/36238/22923","__layer":"rooms","__zoom":16,"__mvtId":36731,"__building":"eszaki","__ringVerts":6,"id":36731,"catalogFloorId":5},"geometry":{"type":"Polygon","coordinates":[[[19.062246835,47.474829269],[19.062250858,47.474842867],[19.06216771,47.474853744],[19.062163686,47.474840147],[19.062221354,47.474832895],[19.062246835,47.474829269]]]}},{"type":"Feature","id":36730,"properties":{"buildingId":2,"floorId":5,"roomNumber":"F-K4","roomName":"Folyosó","scope":"budapest/lagymanyos/eszaki/0/LÉ-0-FK4-04-63","roomCode":"LÉ-0-FK4-04-63","roomType":"corridor","__tile":"16/36238/22923","__layer":"rooms","__zoom":16,"__mvtId":36730,"__building":"eszaki","__ringVerts":55,"id":36730,"catalogFloorId":5},"geometry":{"type":"Polygon","coordinates":[[[19.062281595,47.47455558],[19.062282936,47.474562832],[19.062293665,47.474561019],[19.062296347,47.474570084],[19.062285619,47.474571897],[19.062316464,47.47467161],[19.062325852,47.474669797],[19.062329875,47.474680674],[19.062319146,47.474681581],[19.062324511,47.474701524],[19.062335239,47.474700617],[19.062337922,47.474710588],[19.062328534,47.474712401],[19.062333898,47.474729624],[19.062344627,47.474727811],[19.062347309,47.474738689],[19.062336581,47.474740502],[19.062341945,47.474757725],[19.062352674,47.474755912],[19.062356697,47.474768603],[19.062345968,47.474770416],[19.062349992,47.474785826],[19.06236072,47.474784013],[19.062363403,47.474794891],[19.062354015,47.474795797],[19.062358038,47.474813927],[19.062368767,47.474812114],[19.06237279,47.474824805],[19.062362062,47.474826618],[19.062364744,47.474832963],[19.062333898,47.474837495],[19.062331216,47.474828431],[19.062320487,47.474830244],[19.062317805,47.474819366],[19.062327193,47.474817553],[19.062313782,47.474772229],[19.062303053,47.474774042],[19.062300371,47.474763164],[19.0623111,47.474762258],[19.062297689,47.47472056],[19.062281595,47.474722373],[19.062276231,47.474706962],[19.062293665,47.474704243],[19.062280254,47.474659825],[19.062269525,47.474661638],[19.062266843,47.474650761],[19.062276231,47.474649854],[19.062270866,47.474631725],[19.062261479,47.474633537],[19.062258796,47.47462266],[19.062268184,47.474621753],[19.06225075,47.474590026],[19.062258796,47.47458912],[19.062249409,47.474559206],[19.062281595,47.47455558]]]}},{"type":"Feature","id":36842,"properties":{"buildingId":2,"floorId":5,"roomNumber":"F-33-34 M2","roomName":"Folyosó","scope":"budapest/lagymanyos/eszaki/0/LÉ-0-033-34-04-63","roomCode":"LÉ-0-033-34-04-63","roomType":"corridor","__tile":"16/36238/22923","__layer":"rooms","__zoom":16,"__mvtId":36842,"__building":"eszaki","__ringVerts":12,"id":36842,"catalogFloorId":5},"geometry":{"type":"Polygon","coordinates":[[[19.062132828,47.474792227],[19.062134169,47.474798573],[19.062140875,47.474797666],[19.062155627,47.47484571],[19.062148921,47.474846616],[19.062150262,47.474852962],[19.062158309,47.474852055],[19.062162332,47.474864746],[19.062163673,47.474907351],[19.062118076,47.474913696],[19.062084548,47.474799479],[19.062132828,47.474792227]]]}},{"type":"Feature","id":36987,"properties":{"buildingId":2,"floorId":6,"roomNumber":"-","roomName":"Folyosó","scope":"budapest/lagymanyos/eszaki/1/LÉ-1-K4-04-63","roomCode":"LÉ-1-K4-04-63","roomType":"corridor","__tile":"16/36238/22923","__layer":"rooms","__zoom":16,"__mvtId":36987,"__building":"eszaki","__ringVerts":71,"id":36987,"catalogFloorId":6},"geometry":{"type":"Polygon","coordinates":[[[19.06226755,47.474566951],[19.06227962,47.474605023],[19.062289008,47.47460321],[19.06229169,47.474614088],[19.062282302,47.474614995],[19.062295713,47.474661225],[19.062305101,47.474660319],[19.062309124,47.47467029],[19.062298396,47.474671196],[19.06230376,47.474689326],[19.062313148,47.474687513],[19.062317171,47.474698391],[19.062307783,47.474699297],[19.062313148,47.474717427],[19.062322536,47.474715614],[19.062325218,47.474726492],[19.06231583,47.474727398],[19.062321194,47.474745528],[19.062330582,47.474743715],[19.062334605,47.474754593],[19.062323877,47.474755499],[19.062329241,47.474772722],[19.062338629,47.474771816],[19.062342652,47.474782693],[19.062333264,47.4747836],[19.062338629,47.474801729],[19.062348017,47.474799917],[19.062350699,47.474810794],[19.062341311,47.474811701],[19.062346675,47.474828924],[19.062356063,47.474828017],[19.062360086,47.474838895],[19.062349358,47.474839802],[19.06235204,47.474848866],[19.062321194,47.474852492],[19.062318512,47.474844334],[19.062307783,47.47484524],[19.062305101,47.474835269],[19.062314489,47.474833456],[19.062310466,47.474816233],[19.062299737,47.474818046],[19.062297055,47.474807168],[19.062306442,47.474805355],[19.062301078,47.474788132],[19.06229169,47.474789945],[19.062287667,47.474779068],[19.062298396,47.474777255],[19.062293031,47.474760031],[19.062282302,47.474761844],[19.06227962,47.474750967],[19.062289008,47.474749154],[19.062284985,47.474731931],[19.062274256,47.474733744],[19.062271574,47.474722866],[19.062280961,47.474721053],[19.062275597,47.47470383],[19.062266209,47.474705643],[19.062262186,47.474694765],[19.062272915,47.474692952],[19.06226755,47.474675729],[19.062256821,47.474677542],[19.062254139,47.474666664],[19.062264868,47.474665758],[19.062259504,47.474647628],[19.062248775,47.474649441],[19.062246093,47.474638563],[19.06225548,47.474637657],[19.062240728,47.4745878],[19.062102594,47.474606836],[19.062098571,47.474593239],[19.06226755,47.474566951]]]}},{"type":"Feature","id":36988,"properties":{"buildingId":2,"floorId":6,"roomNumber":"1.110","roomName":"Iroda","scope":"budapest/lagymanyos/eszaki/1/LÉ-1-110-02-33","roomCode":"LÉ-1-110-02-33","roomType":"administrative","__tile":"16/36238/22923","__layer":"rooms","__zoom":16,"__mvtId":36988,"__building":"eszaki","__ringVerts":5,"id":36988,"catalogFloorId":6},"geometry":{"type":"Polygon","coordinates":[[[19.062279531,47.474677339],[19.062287578,47.474703627],[19.062208453,47.474711785],[19.062200406,47.47468731],[19.062279531,47.474677339]]]}},{"type":"Feature","id":36993,"properties":{"buildingId":2,"floorId":6,"roomNumber":"1.124","roomName":"Iroda","scope":"budapest/lagymanyos/eszaki/1/LÉ-1-124-02-33","roomCode":"LÉ-1-124-02-33","roomType":"administrative","__tile":"16/36238/22923","__layer":"rooms","__zoom":16,"__mvtId":36993,"__building":"eszaki","__ringVerts":5,"id":36993,"catalogFloorId":6},"geometry":{"type":"Polygon","coordinates":[[[19.062440612,47.47458197],[19.062448659,47.474609164],[19.062376239,47.474619135],[19.062368193,47.474591941],[19.062440612,47.47458197]]]}},{"type":"Feature","id":36994,"properties":{"buildingId":2,"floorId":6,"roomNumber":"1.123","roomName":"Iroda","scope":"budapest/lagymanyos/eszaki/1/LÉ-1-123-02-33","roomCode":"LÉ-1-123-02-33","roomType":"administrative","__tile":"16/36238/22923","__layer":"rooms","__zoom":16,"__mvtId":36994,"__building":"eszaki","__ringVerts":5,"id":36994,"catalogFloorId":6},"geometry":{"type":"Polygon","coordinates":[[[19.062426673,47.474612814],[19.062441426,47.474661764],[19.062367665,47.474671735],[19.062352913,47.474621879],[19.062426673,47.474612814]]]}},{"type":"Feature","id":36995,"properties":{"buildingId":2,"floorId":6,"roomNumber":"1.121","roomName":"Iroda","scope":"budapest/lagymanyos/eszaki/1/LÉ-1-121-02-33","roomCode":"LÉ-1-121-02-33","roomType":"administrative","__tile":"16/36238/22923","__layer":"rooms","__zoom":16,"__mvtId":36995,"__building":"eszaki","__ringVerts":5,"id":36995,"catalogFloorId":6},"geometry":{"type":"Polygon","coordinates":[[[19.062415669,47.474661256],[19.062425056,47.474693889],[19.062352637,47.474703861],[19.062343249,47.474671227],[19.062415669,47.474661256]]]}},{"type":"Feature","id":37000,"properties":{"buildingId":2,"floorId":6,"roomNumber":"1.125","roomName":"Iroda","scope":"budapest/lagymanyos/eszaki/1/LÉ-1-125-02-33","roomCode":"LÉ-1-125-02-33","roomType":"administrative","__tile":"17/72476/45847","__layer":"rooms","__zoom":17,"__mvtId":37000,"__building":"eszaki","__ringVerts":7,"id":37000,"catalogFloorId":6},"geometry":{"type":"Polygon","coordinates":[[[19.062398946,47.474549087],[19.062394923,47.474538209],[19.062480753,47.474538209],[19.062487459,47.474559965],[19.062414369,47.474569937],[19.062408334,47.47454818],[19.062398946,47.474549087]]]}},{"type":"Feature","id":909,"properties":{"buildingId":2,"floorId":10,"roomNumber":"5.123/A","roomName":"5.123/A Hidegszoba","scope":"budapest/lagymanyos/eszaki/5/LÉ-5-123-A-01-14","roomCode":"LÉ-5-123/A-01-14","roomType":"educational","__tile":"16/36238/22923","__layer":"rooms","__zoom":16,"__mvtId":909,"__building":"eszaki","__ringVerts":6,"id":909,"catalogFloorId":10},"geometry":{"type":"Polygon","coordinates":[[[19.062376064,47.474662585],[19.062384111,47.474682527],[19.062369359,47.474685247],[19.062361312,47.474685247],[19.062354607,47.474667117],[19.062376064,47.474662585]]]}},{"type":"Feature","id":36978,"properties":{"buildingId":2,"floorId":6,"roomNumber":"1.115","roomName":"Iroda","scope":"budapest/lagymanyos/eszaki/1/LÉ-1-115-02-33","roomCode":"LÉ-1-115-02-33","roomType":"administrative","__tile":"16/36238/22923","__layer":"rooms","__zoom":16,"__mvtId":36978,"__building":"eszaki","__ringVerts":5,"id":36978,"catalogFloorId":6},"geometry":{"type":"Polygon","coordinates":[[[19.062141726,47.474839466],[19.062163183,47.474894761],[19.062114904,47.474901107],[19.062094787,47.474844905],[19.062141726,47.474839466]]]}},{"type":"Feature","id":893,"properties":{"buildingId":2,"floorId":10,"roomNumber":"5.108","roomName":"5.108 UV spektroszkóp labor","scope":"budapest/lagymanyos/eszaki/5/LÉ-5-108-01-14","roomCode":"LÉ-5-108-01-14","roomType":"educational","__tile":"16/36238/22923","__layer":"rooms","__zoom":16,"__mvtId":893,"__building":"eszaki","__ringVerts":5,"id":893,"catalogFloorId":10},"geometry":{"type":"Polygon","coordinates":[[[19.062314973,47.47456045],[19.06232302,47.474587644],[19.062243895,47.474596709],[19.062242554,47.474571327],[19.062314973,47.47456045]]]}},{"type":"Feature","id":36879,"properties":{"buildingId":2,"floorId":5,"roomNumber":"F-42 B (0.123A)","roomName":"Iroda","scope":"budapest/lagymanyos/eszaki/0/LÉ-0-123A-02-33","roomCode":"LÉ-0-123A-02-33","roomType":"administrative","__tile":"16/36238/22923","__layer":"rooms","__zoom":16,"__mvtId":36879,"__building":"eszaki","__ringVerts":5,"id":36879,"catalogFloorId":5},"geometry":{"type":"Polygon","coordinates":[[[19.06242239,47.474640841],[19.062430436,47.47466441],[19.062359358,47.474674381],[19.062351311,47.474649906],[19.06242239,47.474640841]]]}},{"type":"Feature","id":990,"properties":{"buildingId":2,"floorId":10,"roomNumber":"5/K8","roomName":"5.K8 Közlekedő (Nyugati lifttől balra)","scope":"budapest/lagymanyos/eszaki/5/LÉ-5-K8-04-63","roomCode":"LÉ-5-K8-04-63","roomType":"corridor","__tile":"17/72476/45847","__layer":"rooms","__zoom":17,"__mvtId":990,"__building":"eszaki","__ringVerts":129,"id":990,"catalogFloorId":10},"geometry":{"type":"Polygon","coordinates":[[[19.061925513,47.474095091],[19.06193423,47.474094184],[19.061937583,47.474105062],[19.061929536,47.474106422],[19.061937583,47.474105516],[19.061940265,47.474108235],[19.061943618,47.47411866],[19.061931548,47.474120473],[19.061942276,47.47412002],[19.06194697,47.47413543],[19.061936912,47.47413815],[19.061948982,47.474136337],[19.061952335,47.474146762],[19.061950994,47.474149934],[19.061942947,47.474151294],[19.061951664,47.474150388],[19.061955017,47.474161266],[19.061944959,47.474163079],[19.061948982,47.474177583],[19.06195904,47.474176223],[19.061963734,47.474191633],[19.061953676,47.474192993],[19.06195837,47.47420795],[19.061968428,47.474206591],[19.061969769,47.474211123],[19.061959711,47.474212936],[19.061963064,47.474223361],[19.061972451,47.474222001],[19.061976475,47.474236505],[19.061967757,47.474237865],[19.061993909,47.474325342],[19.061963064,47.474329422],[19.061961052,47.474323983],[19.061950994,47.474325342],[19.06194697,47.474312198],[19.061957029,47.474310838],[19.06194697,47.474311292],[19.061944959,47.474304946],[19.061942276,47.474295881],[19.061951664,47.474293615],[19.061940265,47.474294975],[19.061937583,47.474281377],[19.0619463,47.474280017],[19.061937583,47.474280924],[19.06193423,47.474270046],[19.061942947,47.474268686],[19.06193423,47.474269593],[19.061931548,47.474266873],[19.061928195,47.474256448],[19.061940265,47.474254635],[19.061929536,47.474255089],[19.061926183,47.474243757],[19.061924842,47.474239678],[19.0619349,47.474236959],[19.06192283,47.474238772],[19.061920819,47.474225174],[19.061928865,47.474223814],[19.061920819,47.474224721],[19.061918137,47.474216562],[19.061917466,47.474213843],[19.061923501,47.474212936],[19.061916795,47.47421339],[19.061914784,47.47421067],[19.061911431,47.474200245],[19.06192283,47.474198432],[19.061912772,47.474198885],[19.06191009,47.474190274],[19.061908078,47.474183475],[19.061917466,47.474180755],[19.061906067,47.474182568],[19.061903384,47.474168971],[19.061912102,47.474167611],[19.061903384,47.474168518],[19.061900032,47.47415764],[19.06191009,47.47415628],[19.061909419,47.474152654],[19.061908078,47.474155827],[19.061900032,47.474157186],[19.061897349,47.474154467],[19.061893997,47.474144042],[19.061906067,47.474142229],[19.061894667,47.474140869],[19.061890644,47.474127272],[19.061900702,47.474124552],[19.061888632,47.474126365],[19.061886621,47.474112768],[19.061894667,47.474111408],[19.06188595,47.474112314],[19.061882597,47.474101436],[19.061892656,47.474100077],[19.061891985,47.474096451],[19.061891314,47.474099623],[19.061882597,47.474100983],[19.061880586,47.474098264],[19.061877233,47.474087839],[19.061888632,47.474086026],[19.061878574,47.474086479],[19.06187388,47.474071069],[19.061883938,47.474069709],[19.061879245,47.474054752],[19.061869186,47.474056111],[19.061865833,47.474045233],[19.061875892,47.47404342],[19.061871198,47.474028916],[19.06186114,47.474030276],[19.061856446,47.474014865],[19.06186181,47.474013959],[19.061866504,47.474013506],[19.061862481,47.473999455],[19.061866504,47.473999001],[19.061893326,47.473994922],[19.06189802,47.474008973],[19.061908078,47.474007613],[19.061912772,47.474023024],[19.061902714,47.474024384],[19.061906737,47.474038434],[19.061916795,47.474037981],[19.061920148,47.474048859],[19.061912102,47.474050219],[19.061920819,47.474049312],[19.06192283,47.474052032],[19.061926183,47.474062457],[19.061914784,47.47406427],[19.061924842,47.474063817],[19.061929536,47.474077867],[19.061920148,47.474081493],[19.061931548,47.474080134],[19.06193423,47.474093731],[19.061925513,47.474095091]],[[19.061943618,47.47426506],[19.061941606,47.474265513],[19.061942276,47.474268233],[19.061944288,47.474268233],[19.061943618,47.47426506]],[[19.061941606,47.474148121],[19.061940265,47.474148575],[19.061941606,47.474151747],[19.061942947,47.474150388],[19.061941606,47.474148121]],[[19.061928865,47.474223814],[19.061931548,47.474226534],[19.061930877,47.474223361],[19.061928865,47.474223814]],[[19.061929536,47.474106422],[19.061927524,47.474106422],[19.061928865,47.474109595],[19.061929536,47.474106422]],[[19.0619463,47.474280017],[19.061948982,47.474282737],[19.061947641,47.474279564],[19.0619463,47.474280017]],[[19.061894667,47.474111408],[19.061897349,47.474114127],[19.061896008,47.474110955],[19.061894667,47.474111408]],[[19.061925513,47.474095091],[19.06192283,47.474092371],[19.061924172,47.474095544],[19.061925513,47.474095091]],[[19.061925513,47.474212483],[19.061926854,47.47421203],[19.061926183,47.474208857],[19.061925513,47.474212483]],[[19.061912102,47.474167611],[19.061914113,47.474170331],[19.061913443,47.474167158],[19.061912102,47.474167611]],[[19.061912102,47.474050672],[19.061911431,47.474053392],[19.061912772,47.474052485],[19.061912772,47.474052032],[19.061912102,47.474050672]]]}},{"type":"Feature","id":1159,"properties":{"buildingId":2,"floorId":13,"roomNumber":"8.6","roomName":"8.06 Asztrofizika obszervatórium, mérés-vezérlő","scope":"budapest/lagymanyos/eszaki/8/LÉ-8-06-01-14","roomCode":"LÉ-8-06-01-14","roomType":"educational","__tile":"17/72476/45847","__layer":"rooms","__zoom":17,"__mvtId":1159,"__building":"eszaki","__ringVerts":64,"id":1159,"catalogFloorId":13},"geometry":{"type":"Polygon","coordinates":[[[19.061964971,47.47403632],[19.061970336,47.474062608],[19.061974359,47.474062155],[19.061989782,47.474113826],[19.061985759,47.474114279],[19.0619871,47.474118812],[19.061991123,47.474118358],[19.062007216,47.474170029],[19.062003193,47.474170482],[19.062004534,47.474175015],[19.062008557,47.474174562],[19.06202398,47.474226232],[19.062019957,47.474226686],[19.062021298,47.474231218],[19.062025321,47.474230765],[19.062041414,47.474282436],[19.061966313,47.47429422],[19.061964301,47.474288781],[19.061953572,47.474290594],[19.061954913,47.474296033],[19.06195089,47.474297846],[19.061927421,47.474301019],[19.061923397,47.474300566],[19.061921386,47.474295127],[19.061910657,47.474296486],[19.061914009,47.474309177],[19.061924068,47.474307818],[19.061928091,47.474320962],[19.061918033,47.474322322],[19.061923397,47.474339545],[19.061933455,47.474338185],[19.061937479,47.47435133],[19.061927421,47.474352689],[19.061928762,47.474356769],[19.061852989,47.474367647],[19.061836896,47.474315523],[19.061840919,47.47431507],[19.061839578,47.474310537],[19.061835555,47.47431099],[19.061820132,47.47425932],[19.061824155,47.474258866],[19.061822814,47.474254334],[19.061818791,47.474254787],[19.061802698,47.474203117],[19.061806721,47.474202663],[19.06180538,47.474198131],[19.061801357,47.474198584],[19.061785934,47.474146913],[19.061789957,47.47414646],[19.061788616,47.474141928],[19.061784593,47.474142381],[19.0617685,47.47409071],[19.061772523,47.474089804],[19.061771852,47.474087084],[19.061843601,47.474077113],[19.061845613,47.474084365],[19.061857013,47.474082552],[19.061852989,47.47406986],[19.061842931,47.474072127],[19.061838908,47.474058529],[19.061849636,47.474058982],[19.061847625,47.474052637],[19.061851648,47.474052184],[19.061964971,47.47403632]],[[19.061989111,47.474145554],[19.061974359,47.47414782],[19.061981735,47.474173202],[19.061996487,47.474170936],[19.061989111,47.474145554]],[[19.061998499,47.474176375],[19.061983747,47.474178641],[19.061991123,47.47420357],[19.062005875,47.474201757],[19.061998499,47.474176375]],[[19.061911998,47.474264759],[19.061901269,47.474266119],[19.061906633,47.474283342],[19.061916021,47.474281982],[19.061911998,47.474264759]],[[19.062025992,47.474268385],[19.06201124,47.474270651],[19.062014592,47.474280623],[19.062029344,47.474278356],[19.062025992,47.474268385]],[[19.061954913,47.474258413],[19.061945525,47.474259773],[19.061949549,47.47427745],[19.061960278,47.474275637],[19.061954913,47.474258413]],[[19.061904622,47.474238923],[19.061893222,47.474240283],[19.061897246,47.474252974],[19.061906633,47.474251614],[19.061904622,47.474238923]],[[19.062016604,47.474237564],[19.062001852,47.47423983],[19.062005205,47.474249801],[19.062019957,47.474247988],[19.062016604,47.474237564]],[[19.061946867,47.474232578],[19.061937479,47.474233938],[19.061940161,47.474247082],[19.06195089,47.474245269],[19.061946867,47.474232578]],[[19.061895234,47.474208102],[19.061883835,47.474209915],[19.061889199,47.474227139],[19.061899257,47.474225779],[19.061895234,47.474208102]],[[19.061861036,47.474095696],[19.061849636,47.474097509],[19.061855001,47.474114732],[19.061865059,47.474113373],[19.061861036,47.474095696]],[[19.062009228,47.474212182],[19.061994476,47.474214448],[19.061997158,47.474224419],[19.06201191,47.474222153],[19.062009228,47.474212182]],[[19.061938149,47.47420221],[19.061928091,47.47420357],[19.061932114,47.474221247],[19.061942843,47.474219434],[19.061938149,47.47420221]],[[19.061920715,47.474146007],[19.061911327,47.474147367],[19.06191468,47.47416459],[19.061926079,47.47416323],[19.061920715,47.474146007]],[[19.061887187,47.474182267],[19.061876459,47.47418408],[19.061879811,47.474196771],[19.06188987,47.474195411],[19.061887187,47.474182267]],[[19.061930103,47.474176375],[19.061920044,47.474177734],[19.061922727,47.474190879],[19.061934126,47.474189066],[19.061930103,47.474176375]],[[19.061903951,47.474089804],[19.061893893,47.474091163],[19.061897916,47.474108387],[19.061908645,47.474107027],[19.061903951,47.474089804]],[[19.0618778,47.474151899],[19.061867071,47.474153712],[19.061872435,47.474170936],[19.061881823,47.474169576],[19.0618778,47.474151899]],[[19.061982406,47.474125157],[19.061967654,47.474127424],[19.061971006,47.474137395],[19.061985759,47.474135129],[19.061982406,47.474125157]],[[19.061965642,47.474068954],[19.06195089,47.47407122],[19.061953572,47.474081192],[19.061968324,47.474078926],[19.061965642,47.474068954]],[[19.061870424,47.474126064],[19.061859024,47.474127877],[19.061863047,47.474140568],[19.061872435,47.474139208],[19.061870424,47.474126064]],[[19.06197503,47.474099775],[19.061960278,47.474101588],[19.06196296,47.47411156],[19.061977712,47.474109747],[19.06197503,47.474099775]],[[19.061912668,47.474120171],[19.061903281,47.474121531],[19.061905963,47.474134676],[19.061916692,47.474132863],[19.061912668,47.474120171]],[[19.061893222,47.474069407],[19.061887858,47.474072127],[19.061888528,47.474078019],[19.061899928,47.474076659],[19.061897916,47.474070767],[19.061893222,47.474069407]]]}},{"type":"Feature","id":1050,"properties":{"buildingId":2,"floorId":11,"roomNumber":"6.78/A","roomName":"6.78/A Titkárság","scope":"budapest/lagymanyos/eszaki/6/LÉ-6-78-A-02-33","roomCode":"LÉ-6-78/A-02-33","roomType":"administrative","__tile":"17/72476/45847","__layer":"rooms","__zoom":17,"__mvtId":1050,"__building":"eszaki","__ringVerts":5,"id":1050,"catalogFloorId":11},"geometry":{"type":"Polygon","coordinates":[[[19.06207987,47.474078503],[19.062091269,47.474115669],[19.062053048,47.474121108],[19.062041648,47.474083942],[19.06207987,47.474078503]]]}},{"type":"Feature","id":37034,"properties":{"buildingId":2,"floorId":6,"roomNumber":"É1-K8","roomName":"Folyosó","scope":"budapest/lagymanyos/eszaki/1/LÉ-1-K8-04-63","roomCode":"LÉ-1-K8-04-63","roomType":"corridor","__tile":"17/72476/45847","__layer":"rooms","__zoom":17,"__mvtId":37034,"__building":"eszaki","__ringVerts":61,"id":37034,"catalogFloorId":6},"geometry":{"type":"Polygon","coordinates":[[[19.061906171,47.474046548],[19.061909523,47.474057879],[19.061898795,47.474059239],[19.061903488,47.474076009],[19.061914888,47.474074649],[19.06191757,47.474085527],[19.061906841,47.474086887],[19.061912206,47.474104111],[19.061922934,47.474102751],[19.061926287,47.474114082],[19.061915558,47.474115442],[19.061937016,47.474188416],[19.061947745,47.474187056],[19.061951098,47.474197934],[19.061940369,47.474199747],[19.061945733,47.474217424],[19.061956462,47.474216064],[19.061959815,47.474226942],[19.061949086,47.474228302],[19.06195445,47.474245525],[19.061964509,47.474244165],[19.061967861,47.474255043],[19.061957803,47.474256403],[19.061971214,47.474303088],[19.062062409,47.47429085],[19.062067103,47.474306261],[19.061945063,47.474322125],[19.061943051,47.474316232],[19.061932993,47.474317592],[19.06192964,47.474306714],[19.061939698,47.474305354],[19.061926287,47.474260029],[19.061916229,47.474261389],[19.061912876,47.474250511],[19.061922934,47.474249151],[19.061918241,47.474231928],[19.061908182,47.474233287],[19.06190483,47.474222409],[19.061914888,47.47422105],[19.061909523,47.474203826],[19.061899465,47.474205186],[19.061896112,47.474194308],[19.061906171,47.474192948],[19.061900806,47.474175725],[19.061891418,47.474177084],[19.061888066,47.474166206],[19.061898124,47.474164846],[19.061884042,47.474119521],[19.061874655,47.474120881],[19.061871302,47.474110003],[19.06188136,47.474108643],[19.061875996,47.47409142],[19.061865937,47.474092779],[19.061862585,47.474081901],[19.061872643,47.474080995],[19.061867279,47.474063318],[19.06185722,47.474064678],[19.061854538,47.4740538],[19.061864596,47.47405244],[19.061863926,47.474050627],[19.061906171,47.474046548]]]}},{"type":"Feature","id":37012,"properties":{"buildingId":2,"floorId":6,"roomNumber":"1.88","roomName":"Mosdó","scope":"budapest/lagymanyos/eszaki/1/LÉ-1-95-b-05-71","roomCode":"LÉ-1-95/b-05-71","roomType":"social","__tile":"17/72476/45847","__layer":"rooms","__zoom":17,"__mvtId":37012,"__building":"eszaki","__ringVerts":5,"id":37012,"catalogFloorId":6},"geometry":{"type":"Polygon","coordinates":[[[19.061961674,47.474185649],[19.061965697,47.474197434],[19.061933511,47.474201966],[19.061930158,47.474190182],[19.061961674,47.474185649]]]}},{"type":"Feature","id":36659,"properties":{"buildingId":2,"floorId":5,"roomNumber":"F.68/D","roomName":"Tároló","scope":"budapest/lagymanyos/eszaki/0/LÉ-0-098-D-05-73","roomCode":"LÉ-0-098/D-05-73","roomType":"social","__tile":"17/72476/45847","__layer":"rooms","__zoom":17,"__mvtId":36659,"__building":"eszaki","__ringVerts":5,"id":36659,"catalogFloorId":5},"geometry":{"type":"Polygon","coordinates":[[[19.061885468,47.474136603],[19.061890832,47.474155186],[19.061871386,47.474157453],[19.061866022,47.474138869],[19.061885468,47.474136603]]]}},{"type":"Feature","id":66,"properties":{"buildingId":2,"floorId":11,"roomNumber":"6.79","roomName":"6.79 Számítógép Terem","scope":"budapest/lagymanyos/eszaki/6/LÉ-6-79-01-12","roomCode":"LÉ-6-79-01-12","roomType":"educational","__tile":"17/72476/45847","__layer":"rooms","__zoom":17,"__mvtId":66,"__building":"eszaki","__ringVerts":9,"id":66,"catalogFloorId":11},"geometry":{"type":"Polygon","coordinates":[[[19.062036631,47.474096198],[19.062053395,47.474151041],[19.061978293,47.474161466],[19.061976282,47.474155574],[19.061966223,47.474156934],[19.0619622,47.474144243],[19.061972258,47.474142883],[19.061962871,47.47410617],[19.062036631,47.474096198]]]}},{"type":"Feature","id":61,"properties":{"buildingId":2,"floorId":9,"roomNumber":"4.52","roomName":"4.52 Előadó Sas Elemér terem","scope":"budapest/lagymanyos/eszaki/4/LÉ-4-52-01-12","roomCode":"LÉ-4-52-01-12","roomType":"educational","__tile":"17/72476/45847","__layer":"rooms","__zoom":17,"__mvtId":61,"__building":"eszaki","__ringVerts":6,"id":61,"catalogFloorId":9},"geometry":{"type":"Polygon","coordinates":[[[19.061815773,47.474286228],[19.061835219,47.474350137],[19.061841924,47.474370987],[19.061766152,47.474380958],[19.061740671,47.474296653],[19.061815773,47.474286228]]]}},{"type":"Feature","id":67,"properties":{"buildingId":2,"floorId":11,"roomNumber":"6.80","roomName":"6.80 Számítógép Terem","scope":"budapest/lagymanyos/eszaki/6/LÉ-6-80-01-12","roomCode":"LÉ-6-80-01-12","roomType":"educational","__tile":"17/72476/45847","__layer":"rooms","__zoom":17,"__mvtId":67,"__building":"eszaki","__ringVerts":10,"id":67,"catalogFloorId":11},"geometry":{"type":"Polygon","coordinates":[[[19.062024184,47.474168316],[19.062040948,47.47422316],[19.061965176,47.474233584],[19.061954447,47.474197324],[19.061944389,47.474198684],[19.061940365,47.474185993],[19.061950424,47.474184633],[19.061948412,47.474178741],[19.061971211,47.474175568],[19.062024184,47.474168316]]]}},{"type":"Feature","id":256,"properties":{"buildingId":2,"floorId":12,"roomNumber":"7.14","roomName":"7.14 Előadóterem","scope":"budapest/lagymanyos/eszaki/7/LÉ-7-14-01-12","roomCode":"LÉ-7-14-01-12","roomType":"educational","__tile":"17/72476/45847","__layer":"rooms","__zoom":17,"__mvtId":256,"__building":"eszaki","__ringVerts":9,"id":256,"catalogFloorId":12},"geometry":{"type":"Polygon","coordinates":[[[19.06180679,47.4742688],[19.061818189,47.474305967],[19.061828247,47.474304607],[19.0618316,47.474317298],[19.061821542,47.474318658],[19.061840317,47.4743803],[19.061765215,47.474390725],[19.061731017,47.474279225],[19.06180679,47.4742688]]]}},{"type":"Feature","id":672,"properties":{"buildingId":2,"floorId":7,"roomNumber":"2.62","roomName":"2.62 Modern fizikai  laboratórium   10.","scope":"budapest/lagymanyos/eszaki/2/LÉ-2-62-01-14","roomCode":"LÉ-2-62-01-14","roomType":"educational","__tile":"17/72476/45847","__layer":"rooms","__zoom":17,"__mvtId":672,"__building":"eszaki","__ringVerts":5,"id":672,"catalogFloorId":7},"geometry":{"type":"Polygon","coordinates":[[[19.061904961,47.47406043],[19.061913008,47.474086718],[19.061837236,47.474097143],[19.061829189,47.474070854],[19.061904961,47.47406043]]]}},{"type":"Feature","id":690,"properties":{"buildingId":2,"floorId":7,"roomNumber":"2.82","roomName":"2.82 Modern fizikai laboratórium","scope":"budapest/lagymanyos/eszaki/2/LÉ-2-82-01-14","roomCode":"LÉ-2-82-01-14","roomType":"educational","__tile":"17/72476/45847","__layer":"rooms","__zoom":17,"__mvtId":690,"__building":"eszaki","__ringVerts":6,"id":690,"catalogFloorId":7},"geometry":{"type":"Polygon","coordinates":[[[19.062016029,47.474163792],[19.062024075,47.47419008],[19.061948303,47.474200505],[19.061940256,47.474173763],[19.061947632,47.474171497],[19.062016029,47.474163792]]]}},{"type":"Feature","id":791,"properties":{"buildingId":2,"floorId":8,"roomNumber":"3.91","roomName":"3.91 MTA kutatócsoport","scope":"budapest/lagymanyos/eszaki/3/LÉ-3-91-01-13","roomCode":"LÉ-3-91-01-13","roomType":"educational","__tile":"17/72476/45847","__layer":"rooms","__zoom":17,"__mvtId":791,"__building":"eszaki","__ringVerts":5,"id":791,"catalogFloorId":8},"geometry":{"type":"Polygon","coordinates":[[[19.062026275,47.474106879],[19.062034322,47.474133167],[19.061958549,47.474141779],[19.061951173,47.47411685],[19.062026275,47.474106879]]]}},{"type":"Feature","id":794,"properties":{"buildingId":2,"floorId":8,"roomNumber":"3.94","roomName":"3.94 Biológia hidrodinamika laboratórium","scope":"budapest/lagymanyos/eszaki/3/LÉ-3-94-01-14","roomCode":"LÉ-3-94-01-14","roomType":"educational","__tile":"17/72476/45847","__layer":"rooms","__zoom":17,"__mvtId":794,"__building":"eszaki","__ringVerts":10,"id":794,"catalogFloorId":8},"geometry":{"type":"Polygon","coordinates":[[[19.062005635,47.474206722],[19.062022399,47.474262019],[19.061946626,47.474271537],[19.061945285,47.474266551],[19.061935227,47.474267911],[19.061932545,47.474260206],[19.061931204,47.47425522],[19.061941262,47.47425386],[19.061930533,47.4742176],[19.062005635,47.474206722]]]}},{"type":"Feature","id":795,"properties":{"buildingId":2,"floorId":8,"roomNumber":"3.95","roomName":"3.95 Oktató","scope":"budapest/lagymanyos/eszaki/3/LÉ-3-95-01-13","roomCode":"LÉ-3-95-01-13","roomType":"educational","__tile":"17/72476/45847","__layer":"rooms","__zoom":17,"__mvtId":795,"__building":"eszaki","__ringVerts":6,"id":795,"catalogFloorId":8},"geometry":{"type":"Polygon","coordinates":[[[19.061980915,47.474274152],[19.061991644,47.474300894],[19.061915871,47.474311319],[19.061910507,47.474292735],[19.061907825,47.474284577],[19.061980915,47.474274152]]]}},{"type":"Feature","id":836,"properties":{"buildingId":2,"floorId":9,"roomNumber":"4.53","roomName":"4.53 Előkészítő","scope":"budapest/lagymanyos/eszaki/4/LÉ-4-53-01-14","roomCode":"LÉ-4-53-01-14","roomType":"educational","__tile":"17/72476/45847","__layer":"rooms","__zoom":17,"__mvtId":836,"__building":"eszaki","__ringVerts":6,"id":836,"catalogFloorId":9},"geometry":{"type":"Polygon","coordinates":[[[19.061844051,47.47425861],[19.061852098,47.474285352],[19.061776326,47.47429623],[19.061768279,47.474269942],[19.061836005,47.474259517],[19.061844051,47.47425861]]]}},{"type":"Feature","id":838,"properties":{"buildingId":2,"floorId":9,"roomNumber":"4.55","roomName":"4.55 Előkészítő","scope":"budapest/lagymanyos/eszaki/4/LÉ-4-55-01-14","roomCode":"LÉ-4-55-01-14","roomType":"educational","__tile":"17/72476/45847","__layer":"rooms","__zoom":17,"__mvtId":838,"__building":"eszaki","__ringVerts":6,"id":838,"catalogFloorId":9},"geometry":{"type":"Polygon","coordinates":[[[19.061871924,47.474174205],[19.061879971,47.474200947],[19.061804869,47.474210918],[19.061796822,47.47418463],[19.061850466,47.474177378],[19.061871924,47.474174205]]]}},{"type":"Feature","id":842,"properties":{"buildingId":2,"floorId":9,"roomNumber":"4.58","roomName":"4.58 Mikrokeménység labor","scope":"budapest/lagymanyos/eszaki/4/LÉ-4-58-01-14","roomCode":"LÉ-4-58-01-14","roomType":"educational","__tile":"17/72476/45847","__layer":"rooms","__zoom":17,"__mvtId":842,"__building":"eszaki","__ringVerts":6,"id":842,"catalogFloorId":9},"geometry":{"type":"Polygon","coordinates":[[[19.06191598,47.474033197],[19.061932743,47.474088494],[19.061856971,47.474098919],[19.061846913,47.474065378],[19.061840207,47.474043622],[19.06191598,47.474033197]]]}},{"type":"Feature","id":840,"properties":{"buildingId":2,"floorId":9,"roomNumber":"4.57","roomName":"4.57 Metallográfiai labor","scope":"budapest/lagymanyos/eszaki/4/LÉ-4-57-01-14 (1)","roomCode":"LÉ-4-57-01-14 (1)","roomType":"educational","__tile":"17/72476/45847","__layer":"rooms","__zoom":17,"__mvtId":840,"__building":"eszaki","__ringVerts":6,"id":840,"catalogFloorId":9},"geometry":{"type":"Polygon","coordinates":[[[19.061897951,47.474088301],[19.061914715,47.474143598],[19.061839613,47.474154023],[19.061832908,47.474127281],[19.061822179,47.474098726],[19.061897951,47.474088301]]]}},{"type":"Feature","id":50,"properties":{"buildingId":2,"floorId":12,"roomNumber":"7.16","roomName":"7.16 Médiatár","scope":"budapest/lagymanyos/eszaki/7/LÉ-7-16-01-12","roomCode":"LÉ-7-16-01-12","roomType":"educational","__tile":"17/72476/45847","__layer":"rooms","__zoom":17,"__mvtId":50,"__building":"eszaki","__ringVerts":33,"id":50,"catalogFloorId":12},"geometry":{"type":"Polygon","coordinates":[[[19.061828395,47.474045949],[19.061830407,47.474051388],[19.061840465,47.474050029],[19.061844488,47.47406272],[19.06183443,47.474064079],[19.061839794,47.474081756],[19.061849853,47.474080397],[19.061853205,47.474093088],[19.061843147,47.474094447],[19.06184717,47.474107592],[19.061857229,47.474106232],[19.061861252,47.474118923],[19.061851194,47.474120736],[19.061856558,47.47413796],[19.061866616,47.4741366],[19.06187064,47.474149291],[19.061860581,47.474150651],[19.061864605,47.474163795],[19.061874663,47.474162435],[19.061878686,47.474175126],[19.061868628,47.474176939],[19.061873992,47.474194163],[19.061884051,47.474192803],[19.061887403,47.474205494],[19.061877345,47.474207307],[19.061890756,47.474250366],[19.061900815,47.474249006],[19.061904838,47.47426215],[19.06189478,47.47426351],[19.061896791,47.474269402],[19.061821019,47.474279827],[19.061753293,47.474056374],[19.061828395,47.474045949]]]}},{"type":"Feature","id":776,"properties":{"buildingId":2,"floorId":8,"roomNumber":"3.76","roomName":"3.76 Titkárság","scope":"budapest/lagymanyos/eszaki/3/LÉ-3-76-02-33","roomCode":"LÉ-3-76-02-33","roomType":"administrative","__tile":"17/72476/45847","__layer":"rooms","__zoom":17,"__mvtId":776,"__building":"eszaki","__ringVerts":9,"id":776,"catalogFloorId":8},"geometry":{"type":"Polygon","coordinates":[[[19.06205846,47.474002782],[19.062065836,47.474010941],[19.062078576,47.474058985],[19.062039684,47.474063971],[19.062037002,47.474058079],[19.062022921,47.474013207],[19.062036332,47.474011394],[19.06203499,47.474005955],[19.06205846,47.474002782]]]}},{"type":"Feature","id":778,"properties":{"buildingId":2,"floorId":8,"roomNumber":"3.78","roomName":"3.78 Oktató","scope":"budapest/lagymanyos/eszaki/3/LÉ-3-78-01-13","roomCode":"LÉ-3-78-01-13","roomType":"educational","__tile":"17/72476/45847","__layer":"rooms","__zoom":17,"__mvtId":778,"__building":"eszaki","__ringVerts":7,"id":778,"catalogFloorId":8},"geometry":{"type":"Polygon","coordinates":[[[19.0621382,47.474011746],[19.062141553,47.474014012],[19.062158317,47.474067949],[19.062119425,47.474073388],[19.062116072,47.474067042],[19.06210132,47.474017185],[19.0621382,47.474011746]]]}},{"type":"Feature","id":846,"properties":{"buildingId":2,"floorId":9,"roomNumber":"4.62","roomName":"4.62 Oktató","scope":"budapest/lagymanyos/eszaki/4/LÉ-4-62-01-13","roomCode":"LÉ-4-62-01-13","roomType":"educational","__tile":"17/72476/45847","__layer":"rooms","__zoom":17,"__mvtId":846,"__building":"eszaki","__ringVerts":5,"id":846,"catalogFloorId":9},"geometry":{"type":"Polygon","coordinates":[[[19.062101034,47.47400733],[19.062117127,47.474063533],[19.062078235,47.474068972],[19.06205946,47.474013222],[19.062101034,47.47400733]]]}},{"type":"Feature","id":929,"properties":{"buildingId":2,"floorId":10,"roomNumber":"5.56","roomName":"5.56 Hallgatói Laboratórium \"A\"","scope":"budapest/lagymanyos/eszaki/5/LÉ-5-56-01-14","roomCode":"LÉ-5-56-01-14","roomType":"educational","__tile":"17/72476/45847","__layer":"rooms","__zoom":17,"__mvtId":929,"__building":"eszaki","__ringVerts":19,"id":929,"catalogFloorId":10},"geometry":{"type":"Polygon","coordinates":[[[19.061816278,47.474215442],[19.06181762,47.474221787],[19.061827678,47.474220428],[19.061831701,47.474233119],[19.061821643,47.474234478],[19.061822984,47.474239011],[19.061827007,47.474252155],[19.061837066,47.474250342],[19.061841089,47.474263487],[19.061831031,47.474264846],[19.061833042,47.474271645],[19.061835054,47.474277991],[19.061845112,47.474276631],[19.061849135,47.474288869],[19.061839077,47.474290682],[19.061850477,47.474327848],[19.061774704,47.474337367],[19.061740506,47.47422632],[19.061816278,47.474215442]]]}},{"type":"Feature","id":1032,"properties":{"buildingId":2,"floorId":11,"roomNumber":"6.60","roomName":"6.60 F6 Oktató","scope":"budapest/lagymanyos/eszaki/6/LÉ-6-60-01-13","roomCode":"LÉ-6-60-01-13","roomType":"educational","__tile":"17/72476/45847","__layer":"rooms","__zoom":17,"__mvtId":1032,"__building":"eszaki","__ringVerts":5,"id":1032,"catalogFloorId":11},"geometry":{"type":"Polygon","coordinates":[[[19.061887169,47.474116301],[19.061895886,47.474143042],[19.061822125,47.474152561],[19.061812067,47.474126725],[19.061887169,47.474116301]]]}},{"type":"Feature","id":1038,"properties":{"buildingId":2,"floorId":11,"roomNumber":"6.66","roomName":"6.66 Dolgozó","scope":"budapest/lagymanyos/eszaki/6/LÉ-6-66-01-13","roomCode":"LÉ-6-66-01-13","roomType":"educational","__tile":"17/72476/45847","__layer":"rooms","__zoom":17,"__mvtId":1038,"__building":"eszaki","__ringVerts":7,"id":1038,"catalogFloorId":11},"geometry":{"type":"Polygon","coordinates":[[[19.062105523,47.474009061],[19.062121616,47.474065717],[19.062082724,47.474071156],[19.062071996,47.474035803],[19.062066631,47.474017219],[19.062068643,47.4740145],[19.062105523,47.474009061]]]}},{"type":"Feature","id":36444,"properties":{"buildingId":2,"floorId":4,"roomNumber":"P.K8","roomName":"Folyosó","scope":"budapest/lagymanyos/eszaki/-1/LÉ--1-K8-04-63","roomCode":"LÉ--1-K8-04-63","roomType":"corridor","__tile":"17/72476/45847","__layer":"rooms","__zoom":17,"__mvtId":36444,"__building":"eszaki","__ringVerts":24,"id":36444,"catalogFloorId":4},"geometry":{"type":"Polygon","coordinates":[[[19.061887596,47.473997924],[19.061937887,47.474162908],[19.061966721,47.474258997],[19.062055905,47.474247213],[19.062061269,47.47426353],[19.06194057,47.474279847],[19.061938558,47.474273955],[19.061927829,47.474275314],[19.061924476,47.474263983],[19.061935205,47.474262623],[19.061913077,47.47418829],[19.061902348,47.474190103],[19.061898995,47.474178772],[19.061909724,47.474177412],[19.06190436,47.474161095],[19.061893631,47.474162455],[19.061890278,47.474151124],[19.061901678,47.474149764],[19.061887596,47.474104439],[19.061876867,47.474106252],[19.061873514,47.474095374],[19.061884914,47.474093561],[19.061857421,47.474002004],[19.061887596,47.473997924]]]}},{"type":"Feature","id":36510,"properties":{"buildingId":2,"floorId":4,"roomNumber":"P.58. B1 (-1.58)","roomName":"Elektronmikroszkóp labor","scope":"budapest/lagymanyos/eszaki/-1/LÉ--1-158-01-14","roomCode":"LÉ--1-158-01-14","roomType":"educational","__tile":"17/72476/45847","__layer":"rooms","__zoom":17,"__mvtId":36510,"__building":"eszaki","__ringVerts":15,"id":36510,"catalogFloorId":4},"geometry":{"type":"Polygon","coordinates":[[[19.061818178,47.474217467],[19.06182086,47.474226079],[19.061831589,47.474224266],[19.061834271,47.474231971],[19.061823542,47.474233331],[19.061828236,47.474250554],[19.061838965,47.474249195],[19.061841647,47.47425826],[19.061830918,47.47425962],[19.061834942,47.474272311],[19.061814825,47.47427503],[19.061822201,47.474300412],[19.061768557,47.474307664],[19.061745088,47.474227439],[19.061818178,47.474217467]]]}},{"type":"Feature","id":37030,"properties":{"buildingId":2,"floorId":6,"roomNumber":"1.87","roomName":"Iroda","scope":"budapest/lagymanyos/eszaki/1/LÉ-1-87-02-33","roomCode":"LÉ-1-87-02-33","roomType":"administrative","__tile":"17/72476/45847","__layer":"rooms","__zoom":17,"__mvtId":37030,"__building":"eszaki","__ringVerts":5,"id":37030,"catalogFloorId":6},"geometry":{"type":"Polygon","coordinates":[[[19.061863759,47.474178837],[19.061871805,47.474205578],[19.061799386,47.474215097],[19.061789327,47.474189261],[19.061863759,47.474178837]]]}},{"type":"Feature","id":37031,"properties":{"buildingId":2,"floorId":6,"roomNumber":"1.88","roomName":"Iroda","scope":"budapest/lagymanyos/eszaki/1/LÉ-1-88-02-33","roomCode":"LÉ-1-88-02-33","roomType":"administrative","__tile":"17/72476/45847","__layer":"rooms","__zoom":17,"__mvtId":37031,"__building":"eszaki","__ringVerts":5,"id":37031,"catalogFloorId":6},"geometry":{"type":"Polygon","coordinates":[[[19.061872156,47.474150569],[19.061880202,47.474177311],[19.061805771,47.474187282],[19.061798395,47.474162354],[19.061872156,47.474150569]]]}},{"type":"Feature","id":880,"properties":{"buildingId":2,"floorId":9,"roomNumber":"4-K8","roomName":"4.K8 Közlekedő (Nyugati lifttől balra)","scope":"budapest/lagymanyos/eszaki/4/LÉ-4-K8-04-63","roomCode":"LÉ-4-K8-04-63","roomType":"corridor","__tile":"17/72476/45847","__layer":"rooms","__zoom":17,"__mvtId":880,"__building":"eszaki","__ringVerts":43,"id":880,"catalogFloorId":9},"geometry":{"type":"Polygon","coordinates":[[[19.061911148,47.473999785],[19.0619145,47.474010663],[19.061904442,47.474012023],[19.061944675,47.474142107],[19.061954733,47.474140747],[19.061958086,47.474151172],[19.061948028,47.474152531],[19.061953392,47.474170208],[19.061963451,47.474168848],[19.061966133,47.474179273],[19.061956075,47.474180633],[19.062001002,47.474328846],[19.061970827,47.474332925],[19.061959427,47.474297572],[19.061949369,47.474298931],[19.061946016,47.474288507],[19.061956075,47.474287147],[19.06195071,47.47426947],[19.061940652,47.47427083],[19.06193797,47.474260858],[19.061948028,47.474259045],[19.061925229,47.474185165],[19.061915171,47.474186525],[19.061911818,47.4741761],[19.061921876,47.474174741],[19.061916512,47.474157064],[19.061906454,47.474158424],[19.061903101,47.474148452],[19.061913159,47.474146186],[19.061907795,47.474128962],[19.061897736,47.474130322],[19.061895054,47.47412035],[19.061904442,47.474118084],[19.061899078,47.474100861],[19.061889019,47.474101314],[19.061885667,47.474091342],[19.061895725,47.474089983],[19.061882314,47.474044657],[19.061872255,47.474046017],[19.061868903,47.474035139],[19.061878961,47.474033779],[19.061869573,47.474003411],[19.061911148,47.473999785]]]}},{"type":"Feature","id":36696,"properties":{"buildingId":2,"floorId":5,"roomNumber":"F.68 (0.98)","roomName":"Iroda","scope":"budapest/lagymanyos/eszaki/0/LÉ-0-098-02-33","roomCode":"LÉ-0-098-02-33","roomType":"administrative","__tile":"17/72476/45847","__layer":"rooms","__zoom":17,"__mvtId":36696,"__building":"eszaki","__ringVerts":5,"id":36696,"catalogFloorId":5},"geometry":{"type":"Polygon","coordinates":[[[19.061862853,47.474097267],[19.061878946,47.474152564],[19.061830666,47.474158909],[19.061813902,47.474103613],[19.061862853,47.474097267]]]}},{"type":"Feature","id":37018,"properties":{"buildingId":2,"floorId":6,"roomNumber":"1.94","roomName":"Zuhanyzó","scope":"budapest/lagymanyos/eszaki/1/LÉ-1-94D-05-72","roomCode":"LÉ-1-94D-05-72","roomType":"social","__tile":"17/72476/45847","__layer":"rooms","__zoom":17,"__mvtId":37018,"__building":"eszaki","__ringVerts":5,"id":37018,"catalogFloorId":6},"geometry":{"type":"Polygon","coordinates":[[[19.061982721,47.474159553],[19.061986074,47.474170431],[19.061963275,47.474173603],[19.061960593,47.474162725],[19.061982721,47.474159553]]]}},{"type":"Feature","id":36525,"properties":{"buildingId":2,"floorId":4,"roomNumber":"P.67","roomName":"Női WC","scope":"budapest/lagymanyos/eszaki/-1/LÉ--1-174-A-05-71","roomCode":"LÉ--1-174/A-05-71","roomType":"social","__tile":"17/72476/45847","__layer":"rooms","__zoom":17,"__mvtId":36525,"__building":"eszaki","__ringVerts":5,"id":36525,"catalogFloorId":4},"geometry":{"type":"Polygon","coordinates":[[[19.061950324,47.474336618],[19.061956359,47.474360187],[19.061900032,47.474367892],[19.061893327,47.474344776],[19.061950324,47.474336618]]]}},{"type":"Feature","id":36536,"properties":{"buildingId":2,"floorId":4,"roomNumber":"VI./E","roomName":"Tolmácsfülke","scope":"budapest/lagymanyos/eszaki/-1/LÉ--1-178-C-03-55","roomCode":"LÉ--1-178/C-03-55","roomType":"misc","__tile":"17/72476/45847","__layer":"rooms","__zoom":17,"__mvtId":36536,"__building":"eszaki","__ringVerts":5,"id":36536,"catalogFloorId":4},"geometry":{"type":"Polygon","coordinates":[[[19.062185789,47.474338391],[19.062191153,47.474357881],[19.062158967,47.474362413],[19.062153602,47.47434247],[19.062185789,47.474338391]]]}},{"type":"Feature","id":36515,"properties":{"buildingId":2,"floorId":4,"roomNumber":"P.49/A","roomName":"Előtér","scope":"budapest/lagymanyos/eszaki/-1/LÉ--1-169-A-04-62","roomCode":"LÉ--1-169/A-04-62","roomType":"corridor","__tile":"17/72476/45847","__layer":"rooms","__zoom":17,"__mvtId":36515,"__building":"eszaki","__ringVerts":5,"id":36515,"catalogFloorId":4},"geometry":{"type":"Polygon","coordinates":[[[19.062056933,47.474126447],[19.062073027,47.474178571],[19.062034805,47.474183557],[19.062018712,47.474130527],[19.062056933,47.474126447]]]}},{"type":"Feature","id":36813,"properties":{"buildingId":2,"floorId":5,"roomNumber":"F.L6","roomName":"Lépcsőház","scope":"budapest/lagymanyos/eszaki/0/LÉ-0-L6-04-64","roomCode":"LÉ-0-L6-04-64","roomType":"corridor","__tile":"17/72476/45847","__layer":"rooms","__zoom":17,"__mvtId":36813,"__building":"eszaki","__ringVerts":5,"id":36813,"catalogFloorId":5},"geometry":{"type":"Polygon","coordinates":[[[19.062026669,47.474086462],[19.062034045,47.474110031],[19.061956261,47.474120456],[19.061948885,47.47409734],[19.062026669,47.474086462]]]}},{"type":"Feature","id":36672,"properties":{"buildingId":2,"floorId":5,"roomNumber":"F.76 M1 (0.92)","roomName":"Iroda","scope":"budapest/lagymanyos/eszaki/0/LÉ-0-092-02-33","roomCode":"LÉ-0-092-02-33","roomType":"administrative","__tile":"17/72476/45847","__layer":"rooms","__zoom":17,"__mvtId":36672,"__building":"eszaki","__ringVerts":5,"id":36672,"catalogFloorId":5},"geometry":{"type":"Polygon","coordinates":[[[19.061821605,47.474317625],[19.061830322,47.474346633],[19.061761255,47.474355698],[19.061752538,47.474327143],[19.061821605,47.474317625]]]}},{"type":"Feature","id":36694,"properties":{"buildingId":2,"floorId":5,"roomNumber":"F.64-66 B1 (0.100C)","roomName":"TáTK kari tanácsterem","scope":"budapest/lagymanyos/eszaki/0/LÉ-0-100C-01-17","roomCode":"LÉ-0-100C-01-17","roomType":"educational","__tile":"17/72476/45847","__layer":"rooms","__zoom":17,"__mvtId":36694,"__building":"eszaki","__ringVerts":13,"id":36694,"catalogFloorId":5},"geometry":{"type":"Polygon","coordinates":[[[19.061892282,47.473936562],[19.061903011,47.473972369],[19.061850037,47.473979621],[19.061852049,47.47400591],[19.061844673,47.474013162],[19.061831262,47.474015881],[19.061844673,47.474059393],[19.0617689,47.474069818],[19.061735373,47.473957865],[19.061812486,47.47394744],[19.061816509,47.4739488],[19.061819862,47.473946081],[19.061892282,47.473936562]],[[19.061831932,47.474000017],[19.06182925,47.47400319],[19.061833944,47.474005003],[19.061836626,47.47400183],[19.061831932,47.474000017]]]}},{"type":"Feature","id":1077,"properties":{"buildingId":2,"floorId":12,"roomNumber":"7.13","roomName":"7.13 Mac labor","scope":"budapest/lagymanyos/eszaki/7/LÉ-7-13-01-14 (2)","roomCode":"LÉ-7-13-01-14 (2)","roomType":"educational","__tile":"17/72476/45847","__layer":"rooms","__zoom":17,"__mvtId":1077,"__building":"eszaki","__ringVerts":14,"id":1077,"catalogFloorId":12},"geometry":{"type":"Polygon","coordinates":[[[19.061918669,47.473983863],[19.061920681,47.473990209],[19.061930739,47.473988396],[19.061934762,47.47400154],[19.061924704,47.4740029],[19.061930068,47.474020577],[19.061940127,47.474018764],[19.06194415,47.474031908],[19.061933421,47.474033267],[19.061935433,47.474038706],[19.061900564,47.474042332],[19.061884471,47.473988849],[19.061897211,47.473987036],[19.061918669,47.473983863]]]}},{"type":"Feature","id":843,"properties":{"buildingId":2,"floorId":9,"roomNumber":"4.59","roomName":"4.59 Magashőm. Mech.labor","scope":"budapest/lagymanyos/eszaki/4/LÉ-4-59-01-14","roomCode":"LÉ-4-59-01-14","roomType":"educational","__tile":"17/72476/45847","__layer":"rooms","__zoom":17,"__mvtId":843,"__building":"eszaki","__ringVerts":9,"id":843,"catalogFloorId":9},"geometry":{"type":"Polygon","coordinates":[[[19.061908131,47.473971315],[19.061919531,47.474007575],[19.061929589,47.474006215],[19.061933612,47.474018906],[19.061923554,47.474020719],[19.061924895,47.474025705],[19.061849793,47.474036129],[19.06183303,47.47398174],[19.061908131,47.473971315]]]}},{"type":"Feature","id":1035,"properties":{"buildingId":2,"floorId":11,"roomNumber":"6.63","roomName":"6.63 Tárgyaló","scope":"budapest/lagymanyos/eszaki/6/LÉ-6-63-01-17","roomCode":"LÉ-6-63-01-17","roomType":"educational","__tile":"17/72476/45847","__layer":"rooms","__zoom":17,"__mvtId":1035,"__building":"eszaki","__ringVerts":12,"id":1035,"catalogFloorId":11},"geometry":{"type":"Polygon","coordinates":[[[19.061916115,47.473970524],[19.061927515,47.474007237],[19.061937573,47.474005877],[19.061940926,47.474017662],[19.061931538,47.474019928],[19.061932879,47.47402582],[19.061857777,47.474036245],[19.061849731,47.47401041],[19.061911421,47.473999532],[19.06184906,47.47400769],[19.061841013,47.473981402],[19.061916115,47.473970524]]]}},{"type":"Feature","id":36472,"properties":{"buildingId":2,"floorId":4,"roomNumber":"P.48/D","roomName":"Belső udvar","scope":"budapest/lagymanyos/eszaki/-1/LÉ--1-P48-D-07-108","roomCode":"LÉ--1-P48/D-07-108","roomType":"outdoor","__tile":"17/72476/45847","__layer":"rooms","__zoom":17,"__mvtId":36472,"__building":"eszaki","__ringVerts":5,"id":36472,"catalogFloorId":4},"geometry":{"type":"Polygon","coordinates":[[[19.062138741,47.473961799],[19.062151482,47.474006217],[19.062083756,47.474014829],[19.062071015,47.473971317],[19.062138741,47.473961799]]]}},{"type":"Feature","id":36500,"properties":{"buildingId":2,"floorId":4,"roomNumber":"P.48/B F1","roomName":"Előadóterem","scope":"budapest/lagymanyos/eszaki/-1/LÉ--1-163-01-11","roomCode":"LÉ--1-163-01-11","roomType":"educational","__tile":"17/72476/45847","__layer":"rooms","__zoom":17,"__mvtId":36500,"__building":"eszaki","__ringVerts":9,"id":36500,"catalogFloorId":4},"geometry":{"type":"Polygon","coordinates":[[[19.06195039,47.473933043],[19.061971177,47.474004204],[19.061894064,47.474014175],[19.061878641,47.473962051],[19.061881994,47.473961598],[19.061880652,47.473954799],[19.061876629,47.473955253],[19.061873276,47.473943468],[19.06195039,47.473933043]]]}},{"type":"Feature","id":36501,"properties":{"buildingId":2,"floorId":4,"roomNumber":"P.48","roomName":"Előtér","scope":"budapest/lagymanyos/eszaki/-1/LÉ--1-148-04-62","roomCode":"LÉ--1-148-04-62","roomType":"corridor","__tile":"17/72476/45847","__layer":"rooms","__zoom":17,"__mvtId":36501,"__building":"eszaki","__ringVerts":5,"id":36501,"catalogFloorId":4},"geometry":{"type":"Polygon","coordinates":[[[19.061955586,47.47399974],[19.061966315,47.474036906],[19.061844274,47.474053223],[19.061833545,47.47401651],[19.061955586,47.47399974]]]}},{"type":"Feature","id":36846,"properties":{"buildingId":2,"floorId":5,"roomNumber":"F.64-66 B1 (0.100B)","roomName":"Cseh-Szombathy terem","scope":"budapest/lagymanyos/eszaki/0/LÉ-0-100B-01-11","roomCode":"LÉ-0-100B-01-11","roomType":"educational","__tile":"17/72476/45847","__layer":"rooms","__zoom":17,"__mvtId":36846,"__building":"eszaki","__ringVerts":8,"id":36846,"catalogFloorId":5},"geometry":{"type":"Polygon","coordinates":[[[19.061988035,47.473926234],[19.062010834,47.474000567],[19.061888123,47.474017337],[19.061875383,47.473975638],[19.061887452,47.473972465],[19.06189617,47.4739634],[19.061893487,47.473938925],[19.061988035,47.473926234]],[[19.06195719,47.473947083],[19.061953837,47.473950256],[19.061958531,47.473952522],[19.061961884,47.47394935],[19.06195719,47.473947083]]]}},{"type":"Feature","id":503,"properties":{"buildingId":2,"floorId":11,"roomNumber":"650","roomName":"6.650 oktató","scope":"budapest/lagymanyos/eszaki/6/LK-6-650-01-13","roomCode":"LK-6-650-01-13","roomType":"educational","__tile":"16/36238/22923","__layer":"rooms","__zoom":16,"__mvtId":503,"__building":"eszaki","__ringVerts":5,"id":503,"catalogFloorId":11},"geometry":{"type":"Polygon","coordinates":[[[19.0618607,47.474738409],[19.061870087,47.474770135],[19.061837901,47.474773761],[19.061828513,47.474742941],[19.0618607,47.474738409]]]}},{"type":"Feature","id":1122,"properties":{"buildingId":2,"floorId":12,"roomNumber":"7.62","roomName":"7.62 térképtár","scope":"budapest/lagymanyos/eszaki/7/LÉ-7-62-03-43","roomCode":"LÉ-7-62-03-43","roomType":"misc","__tile":"16/36238/22923","__layer":"rooms","__zoom":16,"__mvtId":1122,"__building":"eszaki","__ringVerts":5,"id":1122,"catalogFloorId":12},"geometry":{"type":"Polygon","coordinates":[[[19.061892828,47.474737706],[19.061902216,47.474779405],[19.061841866,47.474787563],[19.061829796,47.474745865],[19.061892828,47.474737706]]]}},{"type":"Feature","id":285,"properties":{"buildingId":2,"floorId":7,"roomNumber":"230","roomName":"2.230 Kutató","scope":"budapest/lagymanyos/eszaki/2/LK-2-230-01-13","roomCode":"LK-2-230-01-13","roomType":"educational","__tile":"16/36238/22923","__layer":"rooms","__zoom":16,"__mvtId":285,"__building":"eszaki","__ringVerts":5,"id":285,"catalogFloorId":7},"geometry":{"type":"Polygon","coordinates":[[[19.061883381,47.474559467],[19.061891428,47.474585755],[19.061824373,47.474594819],[19.061816326,47.474569438],[19.061883381,47.474559467]]]}},{"type":"Feature","id":1166,"properties":{"buildingId":2,"floorId":13,"roomNumber":"8.29","roomName":"8.29 Napfizika, rádióteleszkóp lépcső","scope":"budapest/lagymanyos/eszaki/8/LÉ-8-29-04-64","roomCode":"LÉ-8-29-04-64","roomType":"corridor","__tile":"16/36238/22923","__layer":"rooms","__zoom":16,"__mvtId":1166,"__building":"eszaki","__ringVerts":7,"id":1166,"catalogFloorId":13},"geometry":{"type":"Polygon","coordinates":[[[19.062004111,47.474763931],[19.062022886,47.474772089],[19.062036297,47.474770276],[19.062045685,47.474799284],[19.061977289,47.474809255],[19.06196656,47.474772996],[19.062004111,47.474763931]]]}},{"type":"Feature","id":281,"properties":{"buildingId":2,"floorId":7,"roomNumber":"226","roomName":"2.226 Oktató","scope":"budapest/lagymanyos/eszaki/2/LK-2-226-01-13","roomCode":"LK-2-226-01-13","roomType":"educational","__tile":"16/36238/22923","__layer":"rooms","__zoom":16,"__mvtId":281,"__building":"eszaki","__ringVerts":5,"id":281,"catalogFloorId":7},"geometry":{"type":"Polygon","coordinates":[[[19.061839822,47.474700965],[19.061847869,47.474727253],[19.061780814,47.474736317],[19.061772767,47.474710936],[19.061839822,47.474700965]]]}},{"type":"Feature","id":342,"properties":{"buildingId":2,"floorId":8,"roomNumber":"337","roomName":"3.337 HPLC labor","scope":"budapest/lagymanyos/eszaki/3/LK-3-337-01-14","roomCode":"LK-3-337-01-14","roomType":"educational","__tile":"16/36238/22923","__layer":"rooms","__zoom":16,"__mvtId":342,"__building":"eszaki","__ringVerts":5,"id":342,"catalogFloorId":8},"geometry":{"type":"Polygon","coordinates":[[[19.061848871,47.474671963],[19.061856918,47.474698251],[19.061789863,47.474708222],[19.061781816,47.474681027],[19.061848871,47.474671963]]]}},{"type":"Feature","id":360,"properties":{"buildingId":2,"floorId":8,"roomNumber":"358","roomName":"3.358 Oktató","scope":"budapest/lagymanyos/eszaki/3/LK-3-358-01-13","roomCode":"LK-3-358-01-13","roomType":"educational","__tile":"16/36238/22923","__layer":"rooms","__zoom":16,"__mvtId":360,"__building":"eszaki","__ringVerts":5,"id":360,"catalogFloorId":8},"geometry":{"type":"Polygon","coordinates":[[[19.062036008,47.474762185],[19.062045396,47.474794818],[19.062011868,47.47479935],[19.06200248,47.474766717],[19.062036008,47.474762185]]]}},{"type":"Feature","id":362,"properties":{"buildingId":2,"floorId":8,"roomNumber":"360","roomName":"3.360 Oktató","scope":"budapest/lagymanyos/eszaki/3/LK-3-360-01-13","roomCode":"LK-3-360-01-13","roomType":"educational","__tile":"16/36238/22923","__layer":"rooms","__zoom":16,"__mvtId":362,"__building":"eszaki","__ringVerts":5,"id":362,"catalogFloorId":8},"geometry":{"type":"Polygon","coordinates":[[[19.061965156,47.474752533],[19.061975885,47.474785166],[19.061942358,47.474789698],[19.06193297,47.474757065],[19.061965156,47.474752533]]]}},{"type":"Feature","id":364,"properties":{"buildingId":2,"floorId":8,"roomNumber":"362","roomName":"3.362 Iroda","scope":"budapest/lagymanyos/eszaki/3/LK-3-362-02-33","roomCode":"LK-3-362-02-33","roomType":"administrative","__tile":"16/36238/22923","__layer":"rooms","__zoom":16,"__mvtId":364,"__building":"eszaki","__ringVerts":5,"id":364,"catalogFloorId":8},"geometry":{"type":"Polygon","coordinates":[[[19.061896571,47.47474334],[19.061905959,47.474775067],[19.061872431,47.4747796],[19.061863043,47.474747873],[19.061896571,47.47474334]]]}},{"type":"Feature","id":390,"properties":{"buildingId":2,"floorId":9,"roomNumber":"427","roomName":"4.427-427A Tanszékvezető (Szerves)","scope":"budapest/lagymanyos/eszaki/4/LK-4-427-01-13","roomCode":"LK-4-427-01-13","roomType":"educational","__tile":"16/36238/22923","__layer":"rooms","__zoom":16,"__mvtId":390,"__building":"eszaki","__ringVerts":5,"id":390,"catalogFloorId":9},"geometry":{"type":"Polygon","coordinates":[[[19.061841538,47.474674863],[19.061857631,47.474729252],[19.061790576,47.474739223],[19.061773142,47.474683928],[19.061841538,47.474674863]]]}},{"type":"Feature","id":406,"properties":{"buildingId":2,"floorId":9,"roomNumber":"442","roomName":"4.442 Oktató","scope":"budapest/lagymanyos/eszaki/4/LK-4-442-01-13","roomCode":"LK-4-442-01-13","roomType":"educational","__tile":"16/36238/22923","__layer":"rooms","__zoom":16,"__mvtId":406,"__building":"eszaki","__ringVerts":5,"id":406,"catalogFloorId":9},"geometry":{"type":"Polygon","coordinates":[[[19.062111713,47.474771892],[19.062121101,47.474804525],[19.062082209,47.474809964],[19.06207148,47.474777331],[19.062111713,47.474771892]]]}},{"type":"Feature","id":409,"properties":{"buildingId":2,"floorId":9,"roomNumber":"445","roomName":"4.445 Oktató","scope":"budapest/lagymanyos/eszaki/4/LK-4-445-01-13","roomCode":"LK-4-445-01-13","roomType":"educational","__tile":"16/36238/22923","__layer":"rooms","__zoom":16,"__mvtId":409,"__building":"eszaki","__ringVerts":5,"id":409,"catalogFloorId":9},"geometry":{"type":"Polygon","coordinates":[[[19.062001065,47.474757813],[19.062010452,47.47478954],[19.061978266,47.474794073],[19.061968878,47.474762346],[19.062001065,47.474757813]]]}},{"type":"Feature","id":410,"properties":{"buildingId":2,"floorId":9,"roomNumber":"446","roomName":"4.446 Oktató","scope":"budapest/lagymanyos/eszaki/4/LK-4-446-01-13","roomCode":"LK-4-446-01-13","roomType":"educational","__tile":"16/36238/22923","__layer":"rooms","__zoom":16,"__mvtId":410,"__building":"eszaki","__ringVerts":5,"id":410,"catalogFloorId":9},"geometry":{"type":"Polygon","coordinates":[[[19.061965152,47.474752546],[19.061975881,47.474785179],[19.061942354,47.474789711],[19.061932966,47.474757078],[19.061965152,47.474752546]]]}},{"type":"Feature","id":455,"properties":{"buildingId":2,"floorId":10,"roomNumber":"547","roomName":"5.547 Előadók (gazdasági)","scope":"budapest/lagymanyos/eszaki/5/LK-5-547-01-13","roomCode":"LK-5-547-01-13","roomType":"educational","__tile":"16/36238/22923","__layer":"rooms","__zoom":16,"__mvtId":455,"__building":"eszaki","__ringVerts":5,"id":455,"catalogFloorId":10},"geometry":{"type":"Polygon","coordinates":[[[19.062001067,47.474757806],[19.062010454,47.474789533],[19.061978268,47.474794066],[19.06196888,47.474762339],[19.062001067,47.474757806]]]}},{"type":"Feature","id":458,"properties":{"buildingId":2,"floorId":10,"roomNumber":"550","roomName":"5.550 Oktató","scope":"budapest/lagymanyos/eszaki/5/LK-5-550-01-13","roomCode":"LK-5-550-01-13","roomType":"educational","__tile":"16/36238/22923","__layer":"rooms","__zoom":16,"__mvtId":458,"__building":"eszaki","__ringVerts":5,"id":458,"catalogFloorId":10},"geometry":{"type":"Polygon","coordinates":[[[19.061896572,47.474743338],[19.06190596,47.474775065],[19.061872432,47.474779598],[19.061863044,47.474747871],[19.061896572,47.474743338]]]}},{"type":"Feature","id":478,"properties":{"buildingId":2,"floorId":11,"roomNumber":"624","roomName":"6.624 LC-Minta előkészítő","scope":"budapest/lagymanyos/eszaki/6/LK-6-624-01-14","roomCode":"LK-6-624-01-14","roomType":"educational","__tile":"16/36238/22923","__layer":"rooms","__zoom":16,"__mvtId":478,"__building":"eszaki","__ringVerts":5,"id":478,"catalogFloorId":11},"geometry":{"type":"Polygon","coordinates":[[[19.061840374,47.474700245],[19.06184842,47.474726533],[19.061781365,47.474736504],[19.061771977,47.474709309],[19.061840374,47.474700245]]]}},{"type":"Feature","id":480,"properties":{"buildingId":2,"floorId":11,"roomNumber":"626","roomName":"6.626 Oktatói","scope":"budapest/lagymanyos/eszaki/6/LK-6-626-01-13","roomCode":"LK-6-626-01-13","roomType":"educational","__tile":"16/36238/22923","__layer":"rooms","__zoom":16,"__mvtId":480,"__building":"eszaki","__ringVerts":5,"id":480,"catalogFloorId":11},"geometry":{"type":"Polygon","coordinates":[[[19.061857877,47.474618733],[19.061875312,47.474674028],[19.061808256,47.474683093],[19.061790822,47.474628704],[19.061857877,47.474618733]]]}},{"type":"Feature","id":499,"properties":{"buildingId":2,"floorId":11,"roomNumber":"646","roomName":"6.646 oktató","scope":"budapest/lagymanyos/eszaki/6/LK-6-646-01-13","roomCode":"LK-6-646-01-13","roomType":"educational","__tile":"16/36238/22923","__layer":"rooms","__zoom":16,"__mvtId":499,"__building":"eszaki","__ringVerts":5,"id":499,"catalogFloorId":11},"geometry":{"type":"Polygon","coordinates":[[[19.062001105,47.474757692],[19.062010492,47.474789419],[19.061978306,47.474793952],[19.061968918,47.474762225],[19.062001105,47.474757692]]]}},{"type":"Feature","id":36972,"properties":{"buildingId":2,"floorId":6,"roomNumber":"151","roomName":"Oktatói szoba","scope":"budapest/lagymanyos/eszaki/1/LK-1-151-02-33","roomCode":"LK-1-151-02-33","roomType":"administrative","__tile":"16/36238/22923","__layer":"rooms","__zoom":16,"__mvtId":36972,"__building":"eszaki","__ringVerts":7,"id":36972,"catalogFloorId":6},"geometry":{"type":"Polygon","coordinates":[[[19.062018758,47.474767942],[19.062041557,47.474769755],[19.062048262,47.474806014],[19.062018758,47.474810546],[19.062006688,47.474774287],[19.062020099,47.474772474],[19.062018758,47.474767942]]]}},{"type":"Feature","id":282,"properties":{"buildingId":2,"floorId":7,"roomNumber":"227","roomName":"2.227 kutatói labor","scope":"budapest/lagymanyos/eszaki/2/LK-2-227-01-14","roomCode":"LK-2-227-01-14","roomType":"educational","__tile":"16/36238/22923","__layer":"rooms","__zoom":16,"__mvtId":282,"__building":"eszaki","__ringVerts":5,"id":282,"catalogFloorId":7},"geometry":{"type":"Polygon","coordinates":[[[19.061849756,47.474647081],[19.061865849,47.474700563],[19.061798794,47.474709628],[19.061782701,47.474656146],[19.061849756,47.474647081]]]}},{"type":"Feature","id":36410,"properties":{"buildingId":2,"floorId":1,"roomNumber":"4.001","roomName":"Folyosó","scope":"budapest/lagymanyos/eszaki/-4/LÉ--4-001-04-63","roomCode":"LÉ--4-001-04-63","roomType":"corridor","__tile":"16/36238/22923","__layer":"rooms","__zoom":16,"__mvtId":36410,"__building":"eszaki","__ringVerts":13,"id":36410,"catalogFloorId":1},"geometry":{"type":"Polygon","coordinates":[[[19.062192812,47.474640053],[19.062207564,47.474691722],[19.062186106,47.474694442],[19.062175377,47.474655463],[19.062074795,47.47466906],[19.062077477,47.474677219],[19.062065407,47.474677219],[19.062074795,47.474707133],[19.062006398,47.474716197],[19.061998352,47.474692629],[19.062014445,47.47468991],[19.062007739,47.474665435],[19.062192812,47.474640053]]]}},{"type":"Feature","id":36966,"properties":{"buildingId":2,"floorId":6,"roomNumber":"154","roomName":"Oktatói szoba","scope":"budapest/lagymanyos/eszaki/1/LK-1-154-02-33","roomCode":"LK-1-154-02-33","roomType":"administrative","__tile":"16/36238/22923","__layer":"rooms","__zoom":16,"__mvtId":36966,"__building":"eszaki","__ringVerts":6,"id":36966,"catalogFloorId":6},"geometry":{"type":"Polygon","coordinates":[[[19.061908115,47.474752331],[19.061936278,47.474754144],[19.061947007,47.474790404],[19.061912138,47.474792217],[19.06190275,47.474758677],[19.061908115,47.474752331]]]}},{"type":"Feature","id":36677,"properties":{"buildingId":2,"floorId":5,"roomNumber":"033","roomName":"NMR mintaelőkészítő","scope":"budapest/lagymanyos/eszaki/0/LK-0-033-01-15","roomCode":"LK-0-033-01-15","roomType":"educational","__tile":"16/36238/22923","__layer":"rooms","__zoom":16,"__mvtId":36677,"__building":"eszaki","__ringVerts":5,"id":36677,"catalogFloorId":5},"geometry":{"type":"Polygon","coordinates":[[[19.061851042,47.474649305],[19.061859089,47.474674686],[19.061792034,47.474683751],[19.061783987,47.474657463],[19.061851042,47.474649305]]]}},{"type":"Feature","id":36541,"properties":{"buildingId":2,"floorId":4,"roomNumber":"P.70/A","roomName":"Harmónia terem","scope":"budapest/lagymanyos/eszaki/-1/LÉ--1-185-01-11","roomCode":"LÉ--1-185-01-11","roomType":"educational","__tile":"16/36238/22923","__layer":"rooms","__zoom":16,"__mvtId":36541,"__building":"eszaki","__ringVerts":13,"id":36541,"catalogFloorId":4},"geometry":{"type":"Polygon","coordinates":[[[19.062142601,47.474471682],[19.062200268,47.47466295],[19.062121143,47.474672014],[19.06212919,47.474698302],[19.062062134,47.474707367],[19.062059452,47.474701022],[19.062047382,47.474701928],[19.062050064,47.47470918],[19.061985691,47.474718245],[19.061977645,47.474691957],[19.061897178,47.474703741],[19.061840852,47.474512474],[19.062142601,47.474471682]],[[19.061924001,47.474687424],[19.061918636,47.474689237],[19.061922659,47.474692863],[19.061926683,47.474690144],[19.061924001,47.474687424]],[[19.06198435,47.474679266],[19.061978986,47.474681079],[19.061983009,47.474684705],[19.061987032,47.474681986],[19.06198435,47.474679266]],[[19.062109073,47.474662043],[19.062103709,47.474664763],[19.062107732,47.474667482],[19.062111755,47.474665669],[19.062109073,47.474662043]],[[19.062169423,47.474653885],[19.062164058,47.474656604],[19.062168082,47.474659324],[19.062172105,47.474657511],[19.062169423,47.474653885]],[[19.061911931,47.474646633],[19.061907907,47.474649352],[19.061910589,47.474652072],[19.061914613,47.474650259],[19.061911931,47.474646633]],[[19.062157353,47.474614],[19.062151988,47.474615813],[19.062156012,47.474619439],[19.062160035,47.474616719],[19.062157353,47.474614]],[[19.06188645,47.474563237],[19.061882426,47.47456505],[19.061885108,47.474568676],[19.061890473,47.474565956],[19.06188645,47.474563237]],[[19.062131872,47.474529697],[19.062126507,47.474532417],[19.062130531,47.474535136],[19.062134554,47.474533323],[19.062131872,47.474529697]],[[19.06187438,47.474522445],[19.061870356,47.474525165],[19.061873039,47.474527884],[19.061878403,47.474526071],[19.06187438,47.474522445]],[[19.061934729,47.474514287],[19.061930706,47.474517006],[19.061933388,47.474519726],[19.061937412,47.474517913],[19.061934729,47.474514287]],[[19.062059452,47.47449797],[19.062055429,47.474499783],[19.062058111,47.474503409],[19.062063475,47.47450069],[19.062059452,47.47449797]],[[19.062119802,47.474489812],[19.062115778,47.474491625],[19.062118461,47.474495251],[19.062123825,47.474492531],[19.062119802,47.474489812]]]}},{"type":"Feature","id":36818,"properties":{"buildingId":2,"floorId":5,"roomNumber":"000/5","roomName":"Folyosó","scope":"budapest/lagymanyos/eszaki/0/LK-0-000-5-04-63","roomCode":"LK-0-000/5-04-63","roomType":"corridor","__tile":"17/72476/45847","__layer":"rooms","__zoom":17,"__mvtId":36818,"__building":"eszaki","__ringVerts":19,"id":36818,"catalogFloorId":5},"geometry":{"type":"Polygon","coordinates":[[[19.061764074,47.474590352],[19.061762733,47.474587632],[19.061802966,47.474587632],[19.061805649,47.474595791],[19.061793579,47.47459715],[19.061798943,47.474614374],[19.061810342,47.474612561],[19.061813695,47.474622986],[19.061802296,47.474624799],[19.061804307,47.474632504],[19.061778826,47.47463613],[19.061776144,47.474628425],[19.061763404,47.474629785],[19.061760722,47.47461936],[19.061772121,47.474617547],[19.061767427,47.474600776],[19.061755357,47.474602136],[19.061752675,47.474592165],[19.061764074,47.474590352]]]}},{"type":"Feature","id":36953,"properties":{"buildingId":2,"floorId":6,"roomNumber":"-","roomName":"Folyosó","scope":"budapest/lagymanyos/eszaki/1/LK-1-100-5-04-63","roomCode":"LK-1-100/5-04-63","roomType":"corridor","__tile":"17/72476/45847","__layer":"rooms","__zoom":17,"__mvtId":36953,"__building":"eszaki","__ringVerts":19,"id":36953,"catalogFloorId":6},"geometry":{"type":"Polygon","coordinates":[[[19.061748877,47.474643152],[19.061747535,47.474640432],[19.061787769,47.474640432],[19.061790451,47.474648591],[19.061779051,47.474650404],[19.061783745,47.474666721],[19.061795145,47.474665361],[19.061798497,47.474676239],[19.061787098,47.474678052],[19.06178911,47.474685758],[19.061762288,47.474688931],[19.061760276,47.474681225],[19.061748206,47.474682585],[19.061744853,47.474671707],[19.061756923,47.474670347],[19.061752229,47.474653577],[19.061740159,47.47465539],[19.061736807,47.474644512],[19.061748877,47.474643152]]]}},{"type":"Feature","id":36954,"properties":{"buildingId":2,"floorId":6,"roomNumber":"133","roomName":"Teakonyha","scope":"budapest/lagymanyos/eszaki/1/LK-1-133-05-77","roomCode":"LK-1-133-05-77","roomType":"social","__tile":"16/36238/22923","__layer":"rooms","__zoom":16,"__mvtId":36954,"__building":"eszaki","__ringVerts":5,"id":36954,"catalogFloorId":6},"geometry":{"type":"Polygon","coordinates":[[[19.061823648,47.474730592],[19.061827672,47.474746002],[19.061753911,47.47475688],[19.061748546,47.474740563],[19.061823648,47.474730592]]]}},{"type":"Feature","id":36955,"properties":{"buildingId":2,"floorId":6,"roomNumber":"134","roomName":"Labor","scope":"budapest/lagymanyos/eszaki/1/LK-1-134-01-14","roomCode":"LK-1-134-01-14","roomType":"educational","__tile":"16/36238/22923","__layer":"rooms","__zoom":16,"__mvtId":36955,"__building":"eszaki","__ringVerts":8,"id":36955,"catalogFloorId":6},"geometry":{"type":"Polygon","coordinates":[[[19.061824798,47.474648311],[19.061840892,47.474700887],[19.061832845,47.474704513],[19.061840892,47.474703606],[19.061848938,47.474728988],[19.061781883,47.474738053],[19.061756402,47.474655563],[19.061824798,47.474648311]]]}},{"type":"Feature","id":36967,"properties":{"buildingId":2,"floorId":6,"roomNumber":"153","roomName":"Oktatói szoba","scope":"budapest/lagymanyos/eszaki/1/LK-1-153-02-33","roomCode":"LK-1-153-02-33","roomType":"administrative","__tile":"16/36238/22923","__layer":"rooms","__zoom":16,"__mvtId":36967,"__building":"eszaki","__ringVerts":7,"id":36967,"catalogFloorId":6},"geometry":{"type":"Polygon","coordinates":[[[19.061947622,47.474757538],[19.061969079,47.474760258],[19.061978467,47.474796517],[19.061947622,47.474801049],[19.061936893,47.47476479],[19.061950304,47.474762977],[19.061947622,47.474757538]]]}},{"type":"Feature","id":301,"properties":{"buildingId":2,"floorId":7,"roomNumber":"246","roomName":"2.246 Oktató","scope":"budapest/lagymanyos/eszaki/2/LK-2-246-01-13","roomCode":"LK-2-246-01-13","roomType":"educational","__tile":"16/36238/22923","__layer":"rooms","__zoom":16,"__mvtId":301,"__building":"eszaki","__ringVerts":5,"id":301,"catalogFloorId":7},"geometry":{"type":"Polygon","coordinates":[[[19.062035872,47.474762333],[19.062045259,47.474794966],[19.062013073,47.474799498],[19.062002344,47.474766865],[19.062035872,47.474762333]]]}},{"type":"Feature","id":36511,"properties":{"buildingId":2,"floorId":4,"roomNumber":"VI. (-1.76)","roomName":"342 fős konferenciaterem","scope":"budapest/lagymanyos/eszaki/-1/LÉ--1-176-01-11","roomCode":"LÉ--1-176-01-11","roomType":"educational","__tile":"17/72476/45847","__layer":"rooms","__zoom":17,"__mvtId":36511,"__building":"eszaki","__ringVerts":22,"id":36511,"catalogFloorId":4},"geometry":{"type":"Polygon","coordinates":[[[19.062267624,47.474143262],[19.062319257,47.474313685],[19.06228707,47.474317764],[19.062285059,47.474315045],[19.062277012,47.474315951],[19.062287741,47.474344959],[19.062122785,47.474367622],[19.06211608,47.474337707],[19.062108703,47.474338614],[19.062108703,47.474341787],[19.062075176,47.474346319],[19.062042319,47.474231646],[19.062026226,47.474175896],[19.06205573,47.474171817],[19.062057071,47.474178163],[19.062133514,47.474168191],[19.062131502,47.474161392],[19.062162348,47.474157766],[19.062163689,47.474164112],[19.062240132,47.47415414],[19.06223812,47.474146888],[19.062267624,47.474143262]]]}},{"type":"Feature","id":36546,"properties":{"buildingId":2,"floorId":4,"roomNumber":"P.69","roomName":"Férfi WC","scope":"budapest/lagymanyos/eszaki/-1/LÉ--1-179-A-05-71","roomCode":"LÉ--1-179/A-05-71","roomType":"social","__tile":"17/72476/45847","__layer":"rooms","__zoom":17,"__mvtId":36546,"__building":"eszaki","__ringVerts":5,"id":36546,"catalogFloorId":4},"geometry":{"type":"Polygon","coordinates":[[[19.062342866,47.474390827],[19.062349572,47.474414396],[19.062299951,47.474418929],[19.062293916,47.474397626],[19.062342866,47.474390827]]]}},{"type":"Feature","id":798,"properties":{"buildingId":2,"floorId":8,"roomNumber":"3.98/B","roomName":"3.98/B Titkárság","scope":"budapest/lagymanyos/eszaki/3/LÉ-3-98-B-02-33","roomCode":"LÉ-3-98/B-02-33","roomType":"administrative","__tile":"17/72476/45847","__layer":"rooms","__zoom":17,"__mvtId":798,"__building":"eszaki","__ringVerts":5,"id":798,"catalogFloorId":8},"geometry":{"type":"Polygon","coordinates":[[[19.062041454,47.474348449],[19.062053524,47.474387429],[19.062009938,47.474391961],[19.061998539,47.474354341],[19.062041454,47.474348449]]]}},{"type":"Feature","id":1098,"properties":{"buildingId":2,"floorId":12,"roomNumber":"7.36","roomName":"7.36 Oktató","scope":"budapest/lagymanyos/eszaki/7/LÉ-7-36-01-13","roomCode":"LÉ-7-36-01-13","roomType":"educational","__tile":"17/72476/45847","__layer":"rooms","__zoom":17,"__mvtId":1098,"__building":"eszaki","__ringVerts":6,"id":1098,"catalogFloorId":12},"geometry":{"type":"Polygon","coordinates":[[[19.062208104,47.474374429],[19.062220174,47.474413409],[19.062181282,47.474418848],[19.062168541,47.474380321],[19.062194693,47.474376242],[19.062208104,47.474374429]]]}},{"type":"Feature","id":1083,"properties":{"buildingId":2,"floorId":12,"roomNumber":"7.23","roomName":"7.23 Oktatói szoba","scope":"budapest/lagymanyos/eszaki/7/LÉ-7-23-01-13","roomCode":"LÉ-7-23-01-13","roomType":"educational","__tile":"17/72476/45847","__layer":"rooms","__zoom":17,"__mvtId":1083,"__building":"eszaki","__ringVerts":6,"id":1083,"catalogFloorId":12},"geometry":{"type":"Polygon","coordinates":[[[19.062363913,47.474117026],[19.062375313,47.474154193],[19.062294176,47.474165524],[19.062282776,47.474128357],[19.062356537,47.474117932],[19.062363913,47.474117026]]]}},{"type":"Feature","id":790,"properties":{"buildingId":2,"floorId":8,"roomNumber":"3.90","roomName":"3.90 MTA kutatócsoport","scope":"budapest/lagymanyos/eszaki/3/LÉ-3-90-01-13","roomCode":"LÉ-3-90-01-13","roomType":"educational","__tile":"17/72476/45847","__layer":"rooms","__zoom":17,"__mvtId":790,"__building":"eszaki","__ringVerts":8,"id":790,"catalogFloorId":8},"geometry":{"type":"Polygon","coordinates":[[[19.062130259,47.474070953],[19.062141659,47.47410812],[19.062073933,47.474118545],[19.062072592,47.474115372],[19.062071921,47.474112199],[19.06205851,47.474114012],[19.062049122,47.474082285],[19.062130259,47.474070953]]]}},{"type":"Feature","id":801,"properties":{"buildingId":2,"floorId":8,"roomNumber":"3-K11","roomName":"3.K11 Közlekedő(közép)","scope":"budapest/lagymanyos/eszaki/3/LÉ-3-K11-04-63","roomCode":"LÉ-3-K11-04-63","roomType":"corridor","__tile":"17/72476/45847","__layer":"rooms","__zoom":17,"__mvtId":801,"__building":"eszaki","__ringVerts":11,"id":801,"catalogFloorId":8},"geometry":{"type":"Polygon","coordinates":[[[19.062267699,47.474391504],[19.062272393,47.474407368],[19.061800994,47.474472637],[19.061796301,47.474457226],[19.062118166,47.474411447],[19.062114813,47.474406008],[19.062199302,47.474394224],[19.062199302,47.474401023],[19.062226795,47.474394677],[19.062227466,47.474397397],[19.062267699,47.474391504]],[[19.062140294,47.474408275],[19.062138953,47.474408728],[19.062138953,47.474409634],[19.062140294,47.474409181],[19.062140294,47.474408275]],[[19.062149682,47.474407821],[19.062151023,47.474407821],[19.062151023,47.474406915],[19.062149682,47.474406915],[19.062149682,47.474407821]],[[19.06217248,47.474403742],[19.06217181,47.474404195],[19.06217181,47.474405102],[19.062173151,47.474404649],[19.06217248,47.474403742]]]}},{"type":"Feature","id":1054,"properties":{"buildingId":2,"floorId":11,"roomNumber":"6.82","roomName":"6.82 F6 Tanszékvezető","scope":"budapest/lagymanyos/eszaki/6/LÉ-6-82-01-13","roomCode":"LÉ-6-82-01-13","roomType":"educational","__tile":"17/72476/45847","__layer":"rooms","__zoom":17,"__mvtId":1054,"__building":"eszaki","__ringVerts":5,"id":1054,"catalogFloorId":11},"geometry":{"type":"Polygon","coordinates":[[[19.061973647,47.474274804],[19.061983706,47.474300639],[19.061907933,47.474311064],[19.061899887,47.474284775],[19.061973647,47.474274804]]]}},{"type":"Feature","id":859,"properties":{"buildingId":2,"floorId":9,"roomNumber":"4.79","roomName":"4.79 Oktató","scope":"budapest/lagymanyos/eszaki/4/LÉ-4-79-01-13","roomCode":"LÉ-4-79-01-13","roomType":"educational","__tile":"17/72476/45847","__layer":"rooms","__zoom":17,"__mvtId":859,"__building":"eszaki","__ringVerts":6,"id":859,"catalogFloorId":9},"geometry":{"type":"Polygon","coordinates":[[[19.062046472,47.474339531],[19.062058542,47.474378057],[19.061981429,47.474388935],[19.061980088,47.474385762],[19.061969359,47.474350409],[19.062046472,47.474339531]]]}},{"type":"Feature","id":70,"properties":{"buildingId":2,"floorId":11,"roomNumber":"6.87","roomName":"6.87 F6 Szeminárium","scope":"budapest/lagymanyos/eszaki/6/LÉ-6-87-01-12","roomCode":"LÉ-6-87-01-12","roomType":"educational","__tile":"17/72476/45847","__layer":"rooms","__zoom":17,"__mvtId":70,"__building":"eszaki","__ringVerts":6,"id":70,"catalogFloorId":11},"geometry":{"type":"Polygon","coordinates":[[[19.062211442,47.474363667],[19.062223512,47.474402193],[19.062141705,47.474413978],[19.062137682,47.474400833],[19.062129635,47.474374998],[19.062211442,47.474363667]]]}},{"type":"Feature","id":63,"properties":{"buildingId":2,"floorId":11,"roomNumber":"6.85","roomName":"6.85 F6 Szeminárium","scope":"budapest/lagymanyos/eszaki/6/LÉ-6-85-01-12","roomCode":"LÉ-6-85-01-12","roomType":"educational","__tile":"17/72476/45847","__layer":"rooms","__zoom":17,"__mvtId":63,"__building":"eszaki","__ringVerts":6,"id":63,"catalogFloorId":11},"geometry":{"type":"Polygon","coordinates":[[[19.0620458,47.474343826],[19.06205787,47.474382806],[19.061980757,47.474393231],[19.061971369,47.47436377],[19.061968687,47.474354704],[19.0620458,47.474343826]]]}},{"type":"Feature","id":64,"properties":{"buildingId":2,"floorId":11,"roomNumber":"6.86","roomName":"6.86 F6 Szeminárium","scope":"budapest/lagymanyos/eszaki/6/LÉ-6-86-01-12","roomCode":"LÉ-6-86-01-12","roomType":"educational","__tile":"17/72476/45847","__layer":"rooms","__zoom":17,"__mvtId":64,"__building":"eszaki","__ringVerts":6,"id":64,"catalogFloorId":11},"geometry":{"type":"Polygon","coordinates":[[[19.062128138,47.474351855],[19.062140207,47.474390835],[19.0620584,47.474402166],[19.062055047,47.474389928],[19.06204633,47.474363186],[19.062128138,47.474351855]]]}},{"type":"Feature","id":73,"properties":{"buildingId":2,"floorId":10,"roomNumber":"5.86","roomName":"5.86 Szeminárium","scope":"budapest/lagymanyos/eszaki/5/LÉ-5-86-01-12","roomCode":"LÉ-5-86-01-12","roomType":"educational","__tile":"17/72476/45847","__layer":"rooms","__zoom":17,"__mvtId":73,"__building":"eszaki","__ringVerts":5,"id":73,"catalogFloorId":10},"geometry":{"type":"Polygon","coordinates":[[[19.062037315,47.474343833],[19.062050056,47.474382812],[19.061972942,47.474393237],[19.061960872,47.474354711],[19.062037315,47.474343833]]]}},{"type":"Feature","id":1096,"properties":{"buildingId":2,"floorId":12,"roomNumber":"7.33","roomName":"7.33-34 Oktatás Technika","scope":"budapest/lagymanyos/eszaki/7/LÉ-7-33-01-14","roomCode":"LÉ-7-33-01-14","roomType":"educational","__tile":"17/72476/45847","__layer":"rooms","__zoom":17,"__mvtId":1096,"__building":"eszaki","__ringVerts":5,"id":1096,"catalogFloorId":12},"geometry":{"type":"Polygon","coordinates":[[[19.062037741,47.474343953],[19.062049811,47.474382933],[19.061972698,47.474393811],[19.061960628,47.474354831],[19.062037741,47.474343953]]]}},{"type":"Feature","id":966,"properties":{"buildingId":2,"floorId":10,"roomNumber":"5.95","roomName":"5.95 öltöző előtér","scope":"budapest/lagymanyos/eszaki/5/LÉ-5-95-04-63","roomCode":"LÉ-5-95-04-63","roomType":"corridor","__tile":"17/72476/45847","__layer":"rooms","__zoom":17,"__mvtId":966,"__building":"eszaki","__ringVerts":6,"id":966,"catalogFloorId":10},"geometry":{"type":"Polygon","coordinates":[[[19.062054591,47.474409494],[19.062060626,47.474427171],[19.062038498,47.474430797],[19.062034474,47.474412667],[19.062045203,47.474410854],[19.062054591,47.474409494]]]}},{"type":"Feature","id":691,"properties":{"buildingId":2,"floorId":7,"roomNumber":"2.83","roomName":"2.83 Modern fizikai laboratórium","scope":"budapest/lagymanyos/eszaki/2/LÉ-2-83-01-14","roomCode":"LÉ-2-83-01-14","roomType":"educational","__tile":"17/72476/45847","__layer":"rooms","__zoom":17,"__mvtId":691,"__building":"eszaki","__ringVerts":6,"id":691,"catalogFloorId":7},"geometry":{"type":"Polygon","coordinates":[[[19.062007422,47.474191666],[19.062015469,47.474217501],[19.061939696,47.474228833],[19.061931649,47.474202091],[19.061939696,47.474200278],[19.062007422,47.474191666]]]}},{"type":"Feature","id":693,"properties":{"buildingId":2,"floorId":7,"roomNumber":"2.85","roomName":"2.85 Modern fizikai laboratórium","scope":"budapest/lagymanyos/eszaki/2/LÉ-2-85-01-14","roomCode":"LÉ-2-85-01-14","roomType":"educational","__tile":"17/72476/45847","__layer":"rooms","__zoom":17,"__mvtId":693,"__building":"eszaki","__ringVerts":5,"id":693,"catalogFloorId":7},"geometry":{"type":"Polygon","coordinates":[[[19.061983757,47.474246567],[19.061989792,47.474273762],[19.061916702,47.474283733],[19.061908656,47.474256991],[19.061983757,47.474246567]]]}},{"type":"Feature","id":719,"properties":{"buildingId":2,"floorId":8,"roomNumber":"3.105/A","roomName":"3.105/A öltöző WC","scope":"budapest/lagymanyos/eszaki/3/LÉ-3-105-A-05-73","roomCode":"LÉ-3-105/A-05-73","roomType":"social","__tile":"17/72476/45847","__layer":"rooms","__zoom":17,"__mvtId":719,"__building":"eszaki","__ringVerts":9,"id":719,"catalogFloorId":8},"geometry":{"type":"Polygon","coordinates":[[[19.062056267,47.474409482],[19.062064314,47.474435317],[19.062046879,47.474438037],[19.062038833,47.474423533],[19.062038162,47.474420813],[19.062048891,47.474419453],[19.062040174,47.474419453],[19.062038162,47.474411748],[19.062056267,47.474409482]]]}},{"type":"Feature","id":692,"properties":{"buildingId":2,"floorId":7,"roomNumber":"2.84","roomName":"2.84 Modern fizikai laboratórium","scope":"budapest/lagymanyos/eszaki/2/LÉ-2-84-01-14","roomCode":"LÉ-2-84-01-14","roomType":"educational","__tile":"17/72476/45847","__layer":"rooms","__zoom":17,"__mvtId":692,"__building":"eszaki","__ringVerts":6,"id":692,"catalogFloorId":7},"geometry":{"type":"Polygon","coordinates":[[[19.061998613,47.474219971],[19.06200666,47.474246259],[19.061931558,47.474256684],[19.061922841,47.474229942],[19.061930887,47.474227676],[19.061998613,47.474219971]]]}},{"type":"Feature","id":715,"properties":{"buildingId":2,"floorId":8,"roomNumber":"3.101/B","roomName":"3.101/B Oktató","scope":"budapest/lagymanyos/eszaki/3/LÉ-3-101-B-01-13","roomCode":"LÉ-3-101/B-01-13","roomType":"educational","__tile":"17/72476/45847","__layer":"rooms","__zoom":17,"__mvtId":715,"__building":"eszaki","__ringVerts":5,"id":715,"catalogFloorId":8},"geometry":{"type":"Polygon","coordinates":[[[19.062287226,47.474383084],[19.062298625,47.474422064],[19.062260404,47.474426143],[19.062248334,47.474388523],[19.062287226,47.474383084]]]}},{"type":"Feature","id":713,"properties":{"buildingId":2,"floorId":8,"roomNumber":"3.100/B","roomName":"3.100/B Oktató","scope":"budapest/lagymanyos/eszaki/3/LÉ-3-100-B-01-13","roomCode":"LÉ-3-100/B-01-13","roomType":"educational","__tile":"17/72476/45847","__layer":"rooms","__zoom":17,"__mvtId":713,"__building":"eszaki","__ringVerts":5,"id":713,"catalogFloorId":8},"geometry":{"type":"Polygon","coordinates":[[[19.062207839,47.474371708],[19.062219909,47.474410234],[19.062176323,47.47441522],[19.062164924,47.4743776],[19.062207839,47.474371708]]]}},{"type":"Feature","id":834,"properties":{"buildingId":2,"floorId":9,"roomNumber":"4.125","roomName":"4.125 Röntgen laboratórium","scope":"budapest/lagymanyos/eszaki/4/LÉ-4-125-01-14","roomCode":"LÉ-4-125-01-14","roomType":"educational","__tile":"17/72476/45847","__layer":"rooms","__zoom":17,"__mvtId":834,"__building":"eszaki","__ringVerts":9,"id":834,"catalogFloorId":9},"geometry":{"type":"Polygon","coordinates":[[[19.062363762,47.474327628],[19.062374491,47.474363435],[19.062384549,47.474362075],[19.06238589,47.474375219],[19.062378514,47.474376126],[19.062379855,47.474382018],[19.062304753,47.474392443],[19.06228799,47.474338506],[19.062363762,47.474327628]]]}},{"type":"Feature","id":976,"properties":{"buildingId":2,"floorId":10,"roomNumber":"5.97/B","roomName":"5.97/B Öltöző hallgatói","scope":"budapest/lagymanyos/eszaki/5/LÉ-5-97-B-05-73","roomCode":"LÉ-5-97/B-05-73","roomType":"social","__tile":"17/72476/45847","__layer":"rooms","__zoom":17,"__mvtId":976,"__building":"eszaki","__ringVerts":8,"id":976,"catalogFloorId":10},"geometry":{"type":"Polygon","coordinates":[[[19.062005654,47.4744278],[19.062007666,47.474432786],[19.062013701,47.474453636],[19.061957374,47.474461341],[19.061949998,47.474437772],[19.061932564,47.474440038],[19.061931893,47.474437772],[19.062005654,47.4744278]]]}},{"type":"Feature","id":967,"properties":{"buildingId":2,"floorId":10,"roomNumber":"5.95/A","roomName":"5.95/A WC","scope":"budapest/lagymanyos/eszaki/5/LÉ-5-95-A-05-71","roomCode":"LÉ-5-95/A-05-71","roomType":"social","__tile":"17/72476/45847","__layer":"rooms","__zoom":17,"__mvtId":967,"__building":"eszaki","__ringVerts":5,"id":967,"catalogFloorId":10},"geometry":{"type":"Polygon","coordinates":[[[19.062051623,47.474426257],[19.062053635,47.474434416],[19.06203553,47.474436229],[19.062033518,47.474428977],[19.062051623,47.474426257]]]}},{"type":"Feature","id":1114,"properties":{"buildingId":2,"floorId":12,"roomNumber":"7.49","roomName":"7.49 Dolgozó","scope":"budapest/lagymanyos/eszaki/7/LÉ-7-49-02-33","roomCode":"LÉ-7-49-02-33","roomType":"administrative","__tile":"17/72476/45847","__layer":"rooms","__zoom":17,"__mvtId":1114,"__building":"eszaki","__ringVerts":11,"id":1114,"catalogFloorId":12},"geometry":{"type":"Polygon","coordinates":[[[19.06200615,47.474469742],[19.06201822,47.474512348],[19.06200548,47.474514161],[19.062003468,47.474507815],[19.061988716,47.474509628],[19.061990057,47.474515067],[19.061977317,47.47451688],[19.061967258,47.474485152],[19.061963906,47.474485606],[19.061964576,47.474475634],[19.06200615,47.474469742]]]}},{"type":"Feature","id":720,"properties":{"buildingId":2,"floorId":8,"roomNumber":"3.105/B","roomName":"3.105/B Női öltöző","scope":"budapest/lagymanyos/eszaki/3/LÉ-3-105-B-05-71","roomCode":"LÉ-3-105/B-05-71","roomType":"social","__tile":"17/72476/45847","__layer":"rooms","__zoom":17,"__mvtId":720,"__building":"eszaki","__ringVerts":6,"id":720,"catalogFloorId":8},"geometry":{"type":"Polygon","coordinates":[[[19.06209837,47.474412161],[19.062106416,47.47443845],[19.062063501,47.474444342],[19.062058807,47.474429385],[19.062055454,47.474418054],[19.06209837,47.474412161]]]}},{"type":"Feature","id":969,"properties":{"buildingId":2,"floorId":10,"roomNumber":"5.95/C","roomName":"5.95/C Zuhanyozó","scope":"budapest/lagymanyos/eszaki/5/LÉ-5-95-C-05-71","roomCode":"LÉ-5-95/C-05-71","roomType":"social","__tile":"17/72476/45847","__layer":"rooms","__zoom":17,"__mvtId":969,"__building":"eszaki","__ringVerts":7,"id":969,"catalogFloorId":10},"geometry":{"type":"Polygon","coordinates":[[[19.06210985,47.474421708],[19.062113203,47.474429867],[19.062118567,47.474429413],[19.062123261,47.474443464],[19.062105156,47.474446184],[19.062098451,47.474423521],[19.06210985,47.474421708]]]}},{"type":"Feature","id":721,"properties":{"buildingId":2,"floorId":8,"roomNumber":"3.105/C","roomName":"3.105/C öltöző zuhanyozó","scope":"budapest/lagymanyos/eszaki/3/LÉ-3-105-C-05-73","roomCode":"LÉ-3-105/C-05-73","roomType":"social","__tile":"17/72476/45847","__layer":"rooms","__zoom":17,"__mvtId":721,"__building":"eszaki","__ringVerts":7,"id":721,"catalogFloorId":8},"geometry":{"type":"Polygon","coordinates":[[[19.062110521,47.474421661],[19.062113204,47.47442982],[19.062118568,47.474429367],[19.062121921,47.474443871],[19.062105157,47.474446137],[19.062098452,47.474423474],[19.062110521,47.474421661]]]}},{"type":"Feature","id":727,"properties":{"buildingId":2,"floorId":8,"roomNumber":"3.109/A","roomName":"3.109/A öltöző WC","scope":"budapest/lagymanyos/eszaki/3/LÉ-3-109-A-05-71","roomCode":"LÉ-3-109/A-05-71","roomType":"social","__tile":"17/72476/45847","__layer":"rooms","__zoom":17,"__mvtId":727,"__building":"eszaki","__ringVerts":7,"id":727,"catalogFloorId":8},"geometry":{"type":"Polygon","coordinates":[[[19.062107,47.474445221],[19.062111023,47.474459272],[19.062105659,47.474460178],[19.062108341,47.474468337],[19.062095601,47.47447015],[19.062088895,47.474447487],[19.062107,47.474445221]]]}},{"type":"Feature","id":1069,"properties":{"buildingId":2,"floorId":11,"roomNumber":"6.95/C","roomName":"6.95/C zuhanyzó","scope":"budapest/lagymanyos/eszaki/6/LÉ-6-95-C-05-71","roomCode":"LÉ-6-95/C-05-71","roomType":"social","__tile":"17/72476/45847","__layer":"rooms","__zoom":17,"__mvtId":1069,"__building":"eszaki","__ringVerts":8,"id":1069,"catalogFloorId":11},"geometry":{"type":"Polygon","coordinates":[[[19.06210852,47.474445673],[19.062112543,47.474459724],[19.062107178,47.47446063],[19.062109861,47.474468789],[19.06209712,47.474470602],[19.062091756,47.474453378],[19.062090415,47.474447939],[19.06210852,47.474445673]]]}},{"type":"Feature","id":72,"properties":{"buildingId":2,"floorId":7,"roomNumber":"2.104","roomName":"2.104 Szeminárium","scope":"budapest/lagymanyos/eszaki/2/LÉ-2-104-01-12","roomCode":"LÉ-2-104-01-12","roomType":"educational","__tile":"17/72476/45847","__layer":"rooms","__zoom":17,"__mvtId":72,"__building":"eszaki","__ringVerts":11,"id":72,"catalogFloorId":7},"geometry":{"type":"Polygon","coordinates":[[[19.062081181,47.474491114],[19.062077158,47.474492021],[19.062081181,47.474494287],[19.062093251,47.47453236],[19.062011444,47.474544145],[19.062000715,47.474502445],[19.062037596,47.47449746],[19.062038937,47.474501539],[19.06204296,47.474500632],[19.062041619,47.474496553],[19.062081181,47.474491114]]]}},{"type":"Feature","id":726,"properties":{"buildingId":2,"floorId":8,"roomNumber":"3.108","roomName":"3.108 Mozgáskorlátozott WC","scope":"budapest/lagymanyos/eszaki/3/LÉ-3-108-05-71","roomCode":"LÉ-3-108-05-71","roomType":"social","__tile":"17/72476/45847","__layer":"rooms","__zoom":17,"__mvtId":726,"__building":"eszaki","__ringVerts":5,"id":726,"catalogFloorId":8},"geometry":{"type":"Polygon","coordinates":[[[19.06213374,47.474448703],[19.062141116,47.474474991],[19.062116976,47.474478164],[19.062108929,47.474452329],[19.06213374,47.474448703]]]}},{"type":"Feature","id":1070,"properties":{"buildingId":2,"floorId":11,"roomNumber":"6.96","roomName":"6.96 mosdó","scope":"budapest/lagymanyos/eszaki/6/LÉ-6-96-05-71","roomCode":"LÉ-6-96-05-71","roomType":"social","__tile":"17/72476/45847","__layer":"rooms","__zoom":17,"__mvtId":1070,"__building":"eszaki","__ringVerts":6,"id":1070,"catalogFloorId":11},"geometry":{"type":"Polygon","coordinates":[[[19.062135636,47.474446132],[19.062143012,47.474472421],[19.062118872,47.474475594],[19.062117531,47.474473328],[19.062110826,47.474449758],[19.062135636,47.474446132]]]}},{"type":"Feature","id":1102,"properties":{"buildingId":2,"floorId":12,"roomNumber":"7.40","roomName":"7.40 Teakonyha","scope":"budapest/lagymanyos/eszaki/7/LÉ-7-40-05-77","roomCode":"LÉ-7-40-05-77","roomType":"social","__tile":"17/72476/45847","__layer":"rooms","__zoom":17,"__mvtId":1102,"__building":"eszaki","__ringVerts":5,"id":1102,"catalogFloorId":12},"geometry":{"type":"Polygon","coordinates":[[[19.06217166,47.474424969],[19.062179706,47.474451257],[19.062151543,47.474456243],[19.062142826,47.474429048],[19.06217166,47.474424969]]]}},{"type":"Feature","id":964,"properties":{"buildingId":2,"floorId":10,"roomNumber":"5.93","roomName":"5.93 Teakonyha","scope":"budapest/lagymanyos/eszaki/5/LÉ-5-93-05-77","roomCode":"LÉ-5-93-05-77","roomType":"social","__tile":"17/72476/45847","__layer":"rooms","__zoom":17,"__mvtId":964,"__building":"eszaki","__ringVerts":5,"id":964,"catalogFloorId":10},"geometry":{"type":"Polygon","coordinates":[[[19.062171146,47.474424946],[19.062179864,47.474450781],[19.0621517,47.474455767],[19.062142983,47.474429025],[19.062171146,47.474424946]]]}},{"type":"Feature","id":83,"properties":{"buildingId":2,"floorId":11,"roomNumber":"6.101","roomName":"6.101 F4 Szeminárium","scope":"budapest/lagymanyos/eszaki/6/LÉ-6-101-01-12","roomCode":"LÉ-6-101-01-12","roomType":"educational","__tile":"17/72476/45847","__layer":"rooms","__zoom":17,"__mvtId":83,"__building":"eszaki","__ringVerts":12,"id":83,"catalogFloorId":11},"geometry":{"type":"Polygon","coordinates":[[[19.062171886,47.474502003],[19.062175909,47.474504269],[19.062187979,47.474542796],[19.062106172,47.474554127],[19.062094102,47.4745156],[19.062097454,47.474515147],[19.06209276,47.474512881],[19.062132323,47.474507442],[19.062133664,47.474511521],[19.062137687,47.474511068],[19.062136346,47.474506988],[19.062171886,47.474502003]]]}},{"type":"Feature","id":84,"properties":{"buildingId":2,"floorId":9,"roomNumber":"4.95","roomName":"4.95-4.96 Előadó","scope":"budapest/lagymanyos/eszaki/4/LÉ-4-95-01-12","roomCode":"LÉ-4-95-01-12","roomType":"educational","__tile":"17/72476/45847","__layer":"rooms","__zoom":17,"__mvtId":84,"__building":"eszaki","__ringVerts":12,"id":84,"catalogFloorId":9},"geometry":{"type":"Polygon","coordinates":[[[19.062097334,47.474512217],[19.062133543,47.474507231],[19.062134884,47.47451131],[19.062138237,47.474510857],[19.062136896,47.474506324],[19.062177129,47.474500885],[19.062173106,47.474501792],[19.062177129,47.474504058],[19.062188529,47.474542131],[19.062107392,47.474553916],[19.062098675,47.474526267],[19.062097334,47.474512217]]]}},{"type":"Feature","id":995,"properties":{"buildingId":2,"floorId":10,"roomNumber":"5-L7","roomName":"5.L7 Lépcsőház 3 karú L7","scope":"budapest/lagymanyos/eszaki/5/LÉ-5-L7-04-64","roomCode":"LÉ-5-L7-04-64","roomType":"corridor","__tile":"17/72476/45847","__layer":"rooms","__zoom":17,"__mvtId":995,"__building":"eszaki","__ringVerts":6,"id":995,"catalogFloorId":10},"geometry":{"type":"Polygon","coordinates":[[[19.062277906,47.474443607],[19.062289976,47.474482133],[19.062201463,47.474494371],[19.062189393,47.474455844],[19.062204815,47.474453578],[19.062277906,47.474443607]]]}},{"type":"Feature","id":1173,"properties":{"buildingId":2,"floorId":13,"roomNumber":"8.L7","roomName":"8.L7 Lépcsőház 3 karú","scope":"budapest/lagymanyos/eszaki/8/LÉ-8-L7-04-64","roomCode":"LÉ-8-L7-04-64","roomType":"corridor","__tile":"17/72476/45847","__layer":"rooms","__zoom":17,"__mvtId":1173,"__building":"eszaki","__ringVerts":5,"id":1173,"catalogFloorId":13},"geometry":{"type":"Polygon","coordinates":[[[19.062271235,47.474441813],[19.062282635,47.474480793],[19.062195463,47.474493484],[19.062182722,47.474454051],[19.062271235,47.474441813]]]}},{"type":"Feature","id":36643,"properties":{"buildingId":2,"floorId":4,"roomNumber":"P72 -1.80","roomName":"Felvonó előtér","scope":"budapest/lagymanyos/eszaki/-1/LÉ--1-180-04-62","roomCode":"LÉ--1-180-04-62","roomType":"corridor","__tile":"17/72476/45847","__layer":"rooms","__zoom":17,"__mvtId":36643,"__building":"eszaki","__ringVerts":5,"id":36643,"catalogFloorId":4},"geometry":{"type":"Polygon","coordinates":[[[19.062310593,47.474448835],[19.062313945,47.4744579],[19.062290476,47.474461072],[19.062287794,47.474451554],[19.062310593,47.474448835]]]}},{"type":"Feature","id":716,"properties":{"buildingId":2,"floorId":8,"roomNumber":"3.102","roomName":"3.102 Lift előtér","scope":"budapest/lagymanyos/eszaki/3/LÉ-3-102-04-63","roomCode":"LÉ-3-102-04-63","roomType":"corridor","__tile":"17/72476/45847","__layer":"rooms","__zoom":17,"__mvtId":716,"__building":"eszaki","__ringVerts":8,"id":716,"catalogFloorId":8},"geometry":{"type":"Polygon","coordinates":[[[19.062315686,47.474444033],[19.062321721,47.474468509],[19.06229691,47.474472135],[19.062294228,47.474463523],[19.062304957,47.47446171],[19.062293558,47.47446171],[19.062289534,47.474447659],[19.062315686,47.474444033]]]}},{"type":"Feature","id":963,"properties":{"buildingId":2,"floorId":10,"roomNumber":"5.92","roomName":"5.92 Lift előtér","scope":"budapest/lagymanyos/eszaki/5/LÉ-5-92-04-63","roomCode":"LÉ-5-92-04-63","roomType":"corridor","__tile":"17/72476/45847","__layer":"rooms","__zoom":17,"__mvtId":963,"__building":"eszaki","__ringVerts":9,"id":963,"catalogFloorId":10},"geometry":{"type":"Polygon","coordinates":[[[19.062316119,47.474444327],[19.062322154,47.474471975],[19.062297343,47.474472429],[19.062294661,47.474463817],[19.06230539,47.474462004],[19.062293991,47.474462004],[19.062289967,47.474447953],[19.06230472,47.474445687],[19.062316119,47.474444327]]]}},{"type":"Feature","id":857,"properties":{"buildingId":2,"floorId":9,"roomNumber":"4.75","roomName":"4.75 Optikai laboratórium","scope":"budapest/lagymanyos/eszaki/4/LÉ-4-75-01-14","roomCode":"LÉ-4-75-01-14","roomType":"educational","__tile":"17/72476/45847","__layer":"rooms","__zoom":17,"__mvtId":857,"__building":"eszaki","__ringVerts":10,"id":857,"catalogFloorId":9},"geometry":{"type":"Polygon","coordinates":[[[19.062041603,47.474095499],[19.062058367,47.474150342],[19.061982595,47.474160767],[19.061981254,47.474155328],[19.061971195,47.474156688],[19.061967172,47.474143543],[19.06197723,47.474142184],[19.061975889,47.474138558],[19.061965831,47.474105924],[19.062041603,47.474095499]]]}},{"type":"Feature","id":957,"properties":{"buildingId":2,"floorId":10,"roomNumber":"5.83","roomName":"5.83 Előkészítő \"D\" labor","scope":"budapest/lagymanyos/eszaki/5/LÉ-5-83-01-14","roomCode":"LÉ-5-83-01-14","roomType":"educational","__tile":"17/72476/45847","__layer":"rooms","__zoom":17,"__mvtId":957,"__building":"eszaki","__ringVerts":5,"id":957,"catalogFloorId":10},"geometry":{"type":"Polygon","coordinates":[[[19.061990651,47.474218128],[19.062000709,47.47424487],[19.061925608,47.474256655],[19.06191689,47.474228553],[19.061990651,47.474218128]]]}},{"type":"Feature","id":978,"properties":{"buildingId":2,"floorId":10,"roomNumber":"5.98","roomName":"5.98 öltöző előtér hallgatói","scope":"budapest/lagymanyos/eszaki/5/LÉ-5-98-04-63","roomCode":"LÉ-5-98-04-63","roomType":"corridor","__tile":"17/72476/45847","__layer":"rooms","__zoom":17,"__mvtId":978,"__building":"eszaki","__ringVerts":5,"id":978,"catalogFloorId":10},"geometry":{"type":"Polygon","coordinates":[[[19.062043133,47.474444497],[19.062049168,47.474462627],[19.062028381,47.474464893],[19.062021675,47.474447216],[19.062043133,47.474444497]]]}},{"type":"Feature","id":972,"properties":{"buildingId":2,"floorId":10,"roomNumber":"5.96/B","roomName":"5.96/B Férfi Öltöző","scope":"budapest/lagymanyos/eszaki/5/LÉ-5-96-B-05-73","roomCode":"LÉ-5-96/B-05-73","roomType":"social","__tile":"17/72476/45847","__layer":"rooms","__zoom":17,"__mvtId":972,"__building":"eszaki","__ringVerts":8,"id":972,"catalogFloorId":10},"geometry":{"type":"Polygon","coordinates":[[[19.062011969,47.474393689],[19.062016663,47.474405473],[19.062020015,47.474419524],[19.061946925,47.474429949],[19.061945584,47.47442723],[19.061963018,47.474424963],[19.061956313,47.474401394],[19.062011969,47.474393689]]]}},{"type":"Feature","id":958,"properties":{"buildingId":2,"floorId":10,"roomNumber":"5.84","roomName":"5.84 Hallgatói laboratórium \"D\".","scope":"budapest/lagymanyos/eszaki/5/LÉ-5-84-01-14","roomCode":"LÉ-5-84-01-14","roomType":"educational","__tile":"17/72476/45847","__layer":"rooms","__zoom":17,"__mvtId":958,"__building":"eszaki","__ringVerts":14,"id":958,"catalogFloorId":10},"geometry":{"type":"Polygon","coordinates":[[[19.061999835,47.4742507],[19.062024646,47.474332285],[19.061949544,47.474344976],[19.061938815,47.474309622],[19.061928757,47.474310982],[19.061926745,47.474302824],[19.061925404,47.474298291],[19.061935462,47.474296931],[19.061930098,47.474279254],[19.061920039,47.474280614],[19.061916016,47.474267923],[19.061926074,47.474266563],[19.061924733,47.474261124],[19.061999835,47.4742507]]]}},{"type":"Feature","id":36545,"properties":{"buildingId":2,"floorId":4,"roomNumber":"P.69 (-1.79)","roomName":"Férfi mosdó","scope":"budapest/lagymanyos/eszaki/-1/LÉ--1-179-05-71","roomCode":"LÉ--1-179-05-71","roomType":"social","__tile":"17/72476/45847","__layer":"rooms","__zoom":17,"__mvtId":36545,"__building":"eszaki","__ringVerts":5,"id":36545,"catalogFloorId":4},"geometry":{"type":"Polygon","coordinates":[[[19.062290353,47.474388309],[19.062300411,47.474420037],[19.062268895,47.474424116],[19.062260178,47.474392388],[19.062290353,47.474388309]]]}},{"type":"Feature","id":738,"properties":{"buildingId":2,"floorId":8,"roomNumber":"30113","roomName":"3.113 Oktató","scope":"budapest/lagymanyos/eszaki/3/LÉ-3-113-01-13","roomCode":"LÉ-3-113-01-13","roomType":"educational","__tile":"17/72476/45847","__layer":"rooms","__zoom":17,"__mvtId":738,"__building":"eszaki","__ringVerts":6,"id":738,"catalogFloorId":8},"geometry":{"type":"Polygon","coordinates":[[[19.062046697,47.474483953],[19.062059437,47.474525199],[19.062020545,47.474530638],[19.062008475,47.474492112],[19.062011157,47.474488939],[19.062046697,47.474483953]]]}},{"type":"Feature","id":683,"properties":{"buildingId":2,"floorId":7,"roomNumber":"2.73","roomName":"2.73 Oktató","scope":"budapest/lagymanyos/eszaki/2/LÉ-2-73-01-13","roomCode":"LÉ-2-73-01-13","roomType":"educational","__tile":"17/72476/45847","__layer":"rooms","__zoom":17,"__mvtId":683,"__building":"eszaki","__ringVerts":6,"id":683,"catalogFloorId":7},"geometry":{"type":"Polygon","coordinates":[[[19.062385497,47.474051857],[19.06238952,47.47405367],[19.062405614,47.474107607],[19.062365381,47.47411214],[19.062348617,47.474056843],[19.062385497,47.474051857]]]}},{"type":"Feature","id":696,"properties":{"buildingId":2,"floorId":7,"roomNumber":"2.90","roomName":"2.90 Oktató","scope":"budapest/lagymanyos/eszaki/2/LÉ-2-90-01-13","roomCode":"LÉ-2-90-01-13","roomType":"educational","__tile":"17/72476/45847","__layer":"rooms","__zoom":17,"__mvtId":696,"__building":"eszaki","__ringVerts":6,"id":696,"catalogFloorId":7},"geometry":{"type":"Polygon","coordinates":[[[19.062085934,47.47435698],[19.062096662,47.47439596],[19.06205777,47.474401399],[19.0620457,47.47436242],[19.062059112,47.4743597],[19.062085934,47.47435698]]]}},{"type":"Feature","id":787,"properties":{"buildingId":2,"floorId":8,"roomNumber":"3.87","roomName":"3.87 Doktorandusz","scope":"budapest/lagymanyos/eszaki/3/LÉ-3-87-01-13","roomCode":"LÉ-3-87-01-13","roomType":"educational","__tile":"17/72476/45847","__layer":"rooms","__zoom":17,"__mvtId":787,"__building":"eszaki","__ringVerts":7,"id":787,"catalogFloorId":8},"geometry":{"type":"Polygon","coordinates":[[[19.062377388,47.47410601],[19.062388787,47.474143177],[19.062321732,47.474153602],[19.062307651,47.474154508],[19.06230698,47.474152242],[19.062296251,47.474117341],[19.062377388,47.47410601]]]}},{"type":"Feature","id":784,"properties":{"buildingId":2,"floorId":8,"roomNumber":"3.84","roomName":"3.84 Oktató","scope":"budapest/lagymanyos/eszaki/3/LÉ-3-84-01-13","roomCode":"LÉ-3-84-01-13","roomType":"educational","__tile":"17/72476/45847","__layer":"rooms","__zoom":17,"__mvtId":784,"__building":"eszaki","__ringVerts":7,"id":784,"catalogFloorId":8},"geometry":{"type":"Polygon","coordinates":[[[19.062387577,47.474046759],[19.0623916,47.474048572],[19.062407693,47.474102509],[19.062368801,47.474107948],[19.062366119,47.474102055],[19.062350696,47.474051744],[19.062387577,47.474046759]]]}},{"type":"Feature","id":788,"properties":{"buildingId":2,"floorId":8,"roomNumber":"3.88","roomName":"3.88 Oktató","scope":"budapest/lagymanyos/eszaki/3/LÉ-3-88-01-13","roomCode":"LÉ-3-88-01-13","roomType":"educational","__tile":"17/72476/45847","__layer":"rooms","__zoom":17,"__mvtId":788,"__building":"eszaki","__ringVerts":7,"id":788,"catalogFloorId":8},"geometry":{"type":"Polygon","coordinates":[[[19.062294821,47.474094525],[19.062306221,47.474131238],[19.062238495,47.474142116],[19.062224413,47.474143023],[19.062223743,47.474140757],[19.062213014,47.474105856],[19.062294821,47.474094525]]]}},{"type":"Feature","id":796,"properties":{"buildingId":2,"floorId":8,"roomNumber":"3.96","roomName":"3.96 Oktató","scope":"budapest/lagymanyos/eszaki/3/LÉ-3-96-01-13","roomCode":"LÉ-3-96-01-13","roomType":"educational","__tile":"17/72476/45847","__layer":"rooms","__zoom":17,"__mvtId":796,"__building":"eszaki","__ringVerts":6,"id":796,"catalogFloorId":8},"geometry":{"type":"Polygon","coordinates":[[[19.061974469,47.474302652],[19.061981846,47.474328034],[19.061906744,47.474339366],[19.061900709,47.474318516],[19.061898697,47.474313077],[19.061974469,47.474302652]]]}},{"type":"Feature","id":793,"properties":{"buildingId":2,"floorId":8,"roomNumber":"3.93","roomName":"3.93 Oktató","scope":"budapest/lagymanyos/eszaki/3/LÉ-3-93-01-14","roomCode":"LÉ-3-93-01-14","roomType":"educational","__tile":"17/72476/45847","__layer":"rooms","__zoom":17,"__mvtId":793,"__building":"eszaki","__ringVerts":10,"id":793,"catalogFloorId":8},"geometry":{"type":"Polygon","coordinates":[[[19.062026521,47.474167896],[19.062043285,47.474222739],[19.061967513,47.474233164],[19.061956784,47.474196904],[19.061946725,47.474198263],[19.061942702,47.474185572],[19.06195276,47.474184213],[19.061951419,47.474180133],[19.061950749,47.47417832],[19.062026521,47.474167896]]]}},{"type":"Feature","id":871,"properties":{"buildingId":2,"floorId":9,"roomNumber":"4.94","roomName":"4.94 Oktató","scope":"budapest/lagymanyos/eszaki/4/LÉ-4-94-01-13","roomCode":"LÉ-4-94-01-13","roomType":"educational","__tile":"17/72476/45847","__layer":"rooms","__zoom":17,"__mvtId":871,"__building":"eszaki","__ringVerts":11,"id":871,"catalogFloorId":9},"geometry":{"type":"Polygon","coordinates":[[[19.062086586,47.47448952],[19.062090609,47.474491787],[19.062102009,47.474530313],[19.062020872,47.474541645],[19.062012155,47.474514449],[19.062010814,47.474500399],[19.062047023,47.47449496],[19.062047694,47.474499492],[19.062051717,47.474498586],[19.062050376,47.474494506],[19.062086586,47.47448952]]]}},{"type":"Feature","id":887,"properties":{"buildingId":2,"floorId":10,"roomNumber":"5.102","roomName":"5.102 Oktató","scope":"budapest/lagymanyos/eszaki/5/LÉ-5-102-01-13","roomCode":"LÉ-5-102-01-13","roomType":"educational","__tile":"17/72476/45847","__layer":"rooms","__zoom":17,"__mvtId":887,"__building":"eszaki","__ringVerts":8,"id":887,"catalogFloorId":10},"geometry":{"type":"Polygon","coordinates":[[[19.062001722,47.474475288],[19.062011781,47.474511095],[19.061983617,47.474515175],[19.061985629,47.474520614],[19.061972889,47.474522427],[19.061960148,47.47448118],[19.061997699,47.474475741],[19.062001722,47.474475288]]]}},{"type":"Feature","id":863,"properties":{"buildingId":2,"floorId":9,"roomNumber":"4.84","roomName":"4.84 Teakonyha","scope":"budapest/lagymanyos/eszaki/4/LÉ-4-84-05-77","roomCode":"LÉ-4-84-05-77","roomType":"social","__tile":"17/72476/45847","__layer":"rooms","__zoom":17,"__mvtId":863,"__building":"eszaki","__ringVerts":6,"id":863,"catalogFloorId":9},"geometry":{"type":"Polygon","coordinates":[[[19.062174326,47.474427118],[19.062182372,47.474453407],[19.062153539,47.474457486],[19.062145492,47.474431197],[19.062162256,47.474428931],[19.062174326,47.474427118]]]}},{"type":"Feature","id":955,"properties":{"buildingId":2,"floorId":10,"roomNumber":"5.81","roomName":"5.81 Hallgatói laboratórium \"C\".","scope":"budapest/lagymanyos/eszaki/5/LÉ-5-81-01-14","roomCode":"LÉ-5-81-01-14","roomType":"educational","__tile":"17/72476/45847","__layer":"rooms","__zoom":17,"__mvtId":955,"__building":"eszaki","__ringVerts":13,"id":955,"catalogFloorId":10},"geometry":{"type":"Polygon","coordinates":[[[19.06203645,47.474093406],[19.062061261,47.474175898],[19.061986159,47.474186323],[19.061984147,47.474180431],[19.061974089,47.47418179],[19.061970065,47.474169099],[19.061980124,47.474167739],[19.061974089,47.474150516],[19.061964701,47.474151422],[19.061960678,47.474138731],[19.061970736,47.474137372],[19.061960678,47.474103378],[19.06203645,47.474093406]]]}},{"type":"Feature","id":36711,"properties":{"buildingId":2,"floorId":5,"roomNumber":"F.43","roomName":"Férfi WC","scope":"budapest/lagymanyos/eszaki/0/LÉ-0-139B-05-71","roomCode":"LÉ-0-139B-05-71","roomType":"social","__tile":"17/72476/45847","__layer":"rooms","__zoom":17,"__mvtId":36711,"__building":"eszaki","__ringVerts":7,"id":36711,"catalogFloorId":5},"geometry":{"type":"Polygon","coordinates":[[[19.062364549,47.474388134],[19.062370584,47.474408077],[19.062363208,47.474408984],[19.062363879,47.474411703],[19.062282742,47.474422581],[19.062274025,47.474399918],[19.062364549,47.474388134]]]}},{"type":"Feature","id":36531,"properties":{"buildingId":2,"floorId":4,"roomNumber":"VI./E","roomName":"Tolmácsfülke","scope":"budapest/lagymanyos/eszaki/-1/LÉ--1-175-B-03-55","roomCode":"LÉ--1-175/B-03-55","roomType":"misc","__tile":"17/72476/45847","__layer":"rooms","__zoom":17,"__mvtId":36531,"__building":"eszaki","__ringVerts":7,"id":36531,"catalogFloorId":4},"geometry":{"type":"Polygon","coordinates":[[[19.062087253,47.474323777],[19.062093288,47.474342813],[19.062067807,47.474346439],[19.062065795,47.474338734],[19.062056408,47.474340094],[19.062052384,47.474328309],[19.062087253,47.474323777]]]}},{"type":"Feature","id":36533,"properties":{"buildingId":2,"floorId":4,"roomNumber":"VI./H","roomName":"Tolmácsfülke közlekedő","scope":"budapest/lagymanyos/eszaki/-1/LÉ--1-175-A-04-63","roomCode":"LÉ--1-175/A-04-63","roomType":"corridor","__tile":"17/72476/45847","__layer":"rooms","__zoom":17,"__mvtId":36533,"__building":"eszaki","__ringVerts":5,"id":36533,"catalogFloorId":4},"geometry":{"type":"Polygon","coordinates":[[[19.062111343,47.474344345],[19.062114025,47.47435341],[19.062044288,47.474362928],[19.062041606,47.474353863],[19.062111343,47.474344345]]]}},{"type":"Feature","id":36534,"properties":{"buildingId":2,"floorId":4,"roomNumber":"VI./D","roomName":"Előtér","scope":"budapest/lagymanyos/eszaki/-1/LÉ--1-177-04-62","roomCode":"LÉ--1-177-04-62","roomType":"corridor","__tile":"17/72476/45847","__layer":"rooms","__zoom":17,"__mvtId":36534,"__building":"eszaki","__ringVerts":5,"id":36534,"catalogFloorId":4},"geometry":{"type":"Polygon","coordinates":[[[19.06214914,47.474341215],[19.062155175,47.474364331],[19.06212433,47.474367957],[19.062117624,47.474345747],[19.06214914,47.474341215]]]}},{"type":"Feature","id":36514,"properties":{"buildingId":2,"floorId":4,"roomNumber":"P.49","roomName":"Technikai helyiség","scope":"budapest/lagymanyos/eszaki/-1/LÉ--1-169-03-55","roomCode":"LÉ--1-169-03-55","roomType":"misc","__tile":"17/72476/45847","__layer":"rooms","__zoom":17,"__mvtId":36514,"__building":"eszaki","__ringVerts":5,"id":36514,"catalogFloorId":4},"geometry":{"type":"Polygon","coordinates":[[[19.062107254,47.474129293],[19.06211396,47.474152862],[19.062076409,47.474157848],[19.062068362,47.474132919],[19.062107254,47.474129293]]]}},{"type":"Feature","id":36831,"properties":{"buildingId":2,"floorId":5,"roomNumber":"F.K11","roomName":"Folyosó","scope":"budapest/lagymanyos/eszaki/0/LÉ-0-K11-04-63","roomCode":"LÉ-0-K11-04-63","roomType":"corridor","__tile":"17/72476/45847","__layer":"rooms","__zoom":17,"__mvtId":36831,"__building":"eszaki","__ringVerts":5,"id":36831,"catalogFloorId":5},"geometry":{"type":"Polygon","coordinates":[[[19.061982007,47.47437106],[19.061988712,47.474392816],[19.061878742,47.474407773],[19.061872707,47.474386471],[19.061982007,47.47437106]]]}},{"type":"Feature","id":36709,"properties":{"buildingId":2,"floorId":5,"roomNumber":"F.45/B","roomName":"Akadálymentes WC","scope":"budapest/lagymanyos/eszaki/0/LÉ-0-138-05-71","roomCode":"LÉ-0-138-05-71","roomType":"social","__tile":"17/72476/45847","__layer":"rooms","__zoom":17,"__mvtId":36709,"__building":"eszaki","__ringVerts":5,"id":36709,"catalogFloorId":5},"geometry":{"type":"Polygon","coordinates":[[[19.062385924,47.474348481],[19.062390618,47.474364345],[19.062359102,47.474368424],[19.062354408,47.474353014],[19.062385924,47.474348481]]]}},{"type":"Feature","id":36839,"properties":{"buildingId":2,"floorId":5,"roomNumber":"F.55","roomName":"Gömb Aula","scope":"budapest/lagymanyos/eszaki/0/LÉ-0-055-04-61","roomCode":"LÉ-0-055-04-61","roomType":"corridor","__tile":"17/72476/45847","__layer":"rooms","__zoom":17,"__mvtId":36839,"__building":"eszaki","__ringVerts":46,"id":36839,"catalogFloorId":5},"geometry":{"type":"Polygon","coordinates":[[[19.062288782,47.474117468],[19.062290794,47.474124266],[19.062301523,47.474122453],[19.062315604,47.474170045],[19.062304876,47.474171858],[19.062308228,47.474181376],[19.062318957,47.474180016],[19.062332368,47.474226248],[19.062321639,47.474227608],[19.062324322,47.474237579],[19.062335721,47.47423622],[19.062349132,47.474282451],[19.062339074,47.474283811],[19.062341756,47.474293783],[19.062352485,47.474292423],[19.062366566,47.474339108],[19.062355167,47.474340921],[19.062357179,47.47434772],[19.062288782,47.474356785],[19.062286771,47.474349986],[19.062270677,47.474352252],[19.062105051,47.474374461],[19.062107063,47.47438126],[19.062037996,47.474390779],[19.062035984,47.47438398],[19.062025926,47.474385339],[19.062011844,47.474338201],[19.062021903,47.474336842],[19.06201922,47.47432687],[19.062008492,47.47432823],[19.06199508,47.474282451],[19.062005139,47.474281092],[19.062002457,47.47427112],[19.061991728,47.47427248],[19.061977646,47.474226248],[19.061988375,47.474224888],[19.061985022,47.474214464],[19.061974964,47.474216277],[19.061960212,47.474168685],[19.061971611,47.474167325],[19.061969599,47.474160527],[19.062037996,47.474151461],[19.062040007,47.47415826],[19.062221727,47.474133331],[19.062219715,47.474126533],[19.062288782,47.474117468]],[[19.06210438,47.474347266],[19.062101028,47.474350439],[19.062105722,47.474352705],[19.062109074,47.474349533],[19.06210438,47.474347266]],[[19.062054089,47.474324604],[19.062050736,47.474327777],[19.06205543,47.474330043],[19.062058783,47.47432687],[19.062054089,47.474324604]],[[19.062271348,47.474324604],[19.062267995,47.474327777],[19.062272689,47.474330043],[19.062276042,47.47432687],[19.062271348,47.474324604]],[[19.062304876,47.474291063],[19.062301523,47.474294236],[19.062306217,47.474296049],[19.062309569,47.474292876],[19.062304876,47.474291063]],[[19.062020561,47.474212651],[19.062017209,47.474215823],[19.062021903,47.47421809],[19.062025255,47.474214917],[19.062020561,47.474212651]],[[19.062054089,47.474178657],[19.062050736,47.474181829],[19.06205543,47.474184096],[19.062058783,47.474180923],[19.062054089,47.474178657]],[[19.062271348,47.474178657],[19.062267995,47.474181829],[19.062272689,47.474184096],[19.062276042,47.474180923],[19.062271348,47.474178657]],[[19.062221057,47.474156447],[19.062218374,47.47415962],[19.062223068,47.474161433],[19.06222575,47.47415826],[19.062221057,47.474156447]]]}},{"type":"Feature","id":37008,"properties":{"buildingId":2,"floorId":6,"roomNumber":"-","roomName":"Foyer","scope":"budapest/lagymanyos/eszaki/1/LÉ-1-185-04-61","roomCode":"LÉ-1-185-04-61","roomType":"corridor","__tile":"17/72476/45847","__layer":"rooms","__zoom":17,"__mvtId":37008,"__building":"eszaki","__ringVerts":79,"id":37008,"catalogFloorId":6},"geometry":{"type":"Polygon","coordinates":[[[19.062002532,47.474079803],[19.06218224,47.474055781],[19.062203698,47.474055781],[19.062215768,47.474096574],[19.062270082,47.474087962],[19.062274776,47.474102466],[19.062178887,47.47411561],[19.062195651,47.474171814],[19.06229221,47.474158669],[19.062296904,47.474173627],[19.06227947,47.474176346],[19.062293552,47.474221672],[19.062300928,47.474218499],[19.062308304,47.474245694],[19.062302269,47.474246601],[19.062308304,47.474271076],[19.062310315,47.474278782],[19.062314339,47.474277875],[19.06232775,47.474325467],[19.062324397,47.47432592],[19.062327079,47.474333625],[19.062330432,47.474333172],[19.062343843,47.474379857],[19.06234049,47.47438031],[19.062343172,47.474388015],[19.06235189,47.474413851],[19.062359936,47.474412944],[19.062367312,47.47443742],[19.062357925,47.474438779],[19.062378041,47.474497702],[19.062338479,47.474503141],[19.062344514,47.474523084],[19.062339149,47.474527617],[19.06233982,47.474533509],[19.062317691,47.474539401],[19.062315009,47.474533509],[19.062308304,47.474534415],[19.062300257,47.474507674],[19.062131949,47.474530789],[19.062139995,47.474557078],[19.062131949,47.474557984],[19.06213329,47.474564783],[19.062110491,47.47456433],[19.062107138,47.474558891],[19.062099762,47.474556625],[19.062093727,47.474535775],[19.062051482,47.474540308],[19.062047459,47.474526257],[19.062051482,47.47452535],[19.062038742,47.474481385],[19.062025331,47.474483198],[19.062018625,47.474458269],[19.062029354,47.47445691],[19.06198845,47.474313682],[19.061979733,47.474289206],[19.061970345,47.474290566],[19.061967663,47.4742883],[19.061960958,47.47426609],[19.061973698,47.474264731],[19.061960287,47.474219405],[19.061956264,47.474219859],[19.06195157,47.474204448],[19.061991803,47.474199009],[19.062015943,47.474185411],[19.061997168,47.474177706],[19.061999179,47.474169547],[19.061991803,47.474162295],[19.062002532,47.474152324],[19.061990462,47.474148698],[19.06197571,47.474148698],[19.061974369,47.474144165],[19.061937488,47.474149151],[19.061933465,47.474134194],[19.061962969,47.474130114],[19.061973028,47.474129661],[19.061971016,47.474121503],[19.061967663,47.474121956],[19.061956934,47.474086602],[19.062002532,47.474079803]],[[19.062120549,47.474470507],[19.06210915,47.474471867],[19.062111832,47.474480025],[19.062123231,47.474478212],[19.062120549,47.474470507]],[[19.06226673,47.474249773],[19.062014602,47.474284221],[19.062065564,47.474452377],[19.06231635,47.474418836],[19.06226673,47.474249773]]]}},{"type":"Feature","id":767,"properties":{"buildingId":2,"floorId":8,"roomNumber":"3.145","roomName":"3.145 ESR laboratórium","scope":"budapest/lagymanyos/eszaki/3/LÉ-3-145-01-14","roomCode":"LÉ-3-145-01-14","roomType":"educational","__tile":"17/72476/45847","__layer":"rooms","__zoom":17,"__mvtId":767,"__building":"eszaki","__ringVerts":10,"id":767,"catalogFloorId":8},"geometry":{"type":"Polygon","coordinates":[[[19.062381865,47.47427368],[19.062392594,47.474310393],[19.062402652,47.47430858],[19.062406676,47.474321725],[19.062396617,47.474323084],[19.062398629,47.474328977],[19.062322857,47.474339401],[19.062306093,47.474284558],[19.062340291,47.474279572],[19.062381865,47.47427368]]]}},{"type":"Feature","id":36513,"properties":{"buildingId":2,"floorId":4,"roomNumber":"P.45","roomName":"Technikai helyiség","scope":"budapest/lagymanyos/eszaki/-1/LÉ--1-168-03-55","roomCode":"LÉ--1-168-03-55","roomType":"misc","__tile":"17/72476/45847","__layer":"rooms","__zoom":17,"__mvtId":36513,"__building":"eszaki","__ringVerts":5,"id":36513,"catalogFloorId":4},"geometry":{"type":"Polygon","coordinates":[[[19.062312975,47.474156388],[19.062320351,47.474180863],[19.06228347,47.474185849],[19.062276765,47.474162733],[19.062312975,47.474156388]]]}},{"type":"Feature","id":36538,"properties":{"buildingId":2,"floorId":4,"roomNumber":"VI./G","roomName":"Konferenciaterem előtér","scope":"budapest/lagymanyos/eszaki/-1/LÉ--1-178-04-62","roomCode":"LÉ--1-178-04-62","roomType":"corridor","__tile":"17/72476/45847","__layer":"rooms","__zoom":17,"__mvtId":36538,"__building":"eszaki","__ringVerts":5,"id":36538,"catalogFloorId":4},"geometry":{"type":"Polygon","coordinates":[[[19.062256337,47.474355802],[19.062263043,47.474378012],[19.062228844,47.474382544],[19.062222139,47.474360335],[19.062256337,47.474355802]]]}},{"type":"Feature","id":37047,"properties":{"buildingId":2,"floorId":6,"roomNumber":"1.134","roomName":"Zuhanyzó","scope":"budapest/lagymanyos/eszaki/1/LÉ-1-134B-05-72","roomCode":"LÉ-1-134B-05-72","roomType":"social","__tile":"17/72476/45847","__layer":"rooms","__zoom":17,"__mvtId":37047,"__building":"eszaki","__ringVerts":5,"id":37047,"catalogFloorId":6},"geometry":{"type":"Polygon","coordinates":[[[19.062424789,47.474218208],[19.062428142,47.474228633],[19.062385226,47.474234072],[19.062381874,47.474223647],[19.062424789,47.474218208]]]}},{"type":"Feature","id":968,"properties":{"buildingId":2,"floorId":10,"roomNumber":"5.95/B","roomName":"5.95/B Női Öltöző","scope":"budapest/lagymanyos/eszaki/5/LÉ-5-95-B-05-73","roomCode":"LÉ-5-95/B-05-73","roomType":"social","__tile":"17/72476/45847","__layer":"rooms","__zoom":17,"__mvtId":968,"__building":"eszaki","__ringVerts":6,"id":968,"catalogFloorId":10},"geometry":{"type":"Polygon","coordinates":[[[19.06208951,47.474413616],[19.062096216,47.474423135],[19.062099569,47.474439452],[19.062056653,47.474445344],[19.062048607,47.474419055],[19.06208951,47.474413616]]]}},{"type":"Feature","id":1085,"properties":{"buildingId":2,"floorId":12,"roomNumber":"7.25","roomName":"7.25 Oktató","scope":"budapest/lagymanyos/eszaki/7/LÉ-7-25-01-13","roomCode":"LÉ-7-25-01-13","roomType":"educational","__tile":"17/72476/45847","__layer":"rooms","__zoom":17,"__mvtId":1085,"__building":"eszaki","__ringVerts":6,"id":1085,"catalogFloorId":12},"geometry":{"type":"Polygon","coordinates":[[[19.06219806,47.474093932],[19.06220946,47.474131099],[19.062127652,47.47414243],[19.062116253,47.474105263],[19.062190014,47.474094838],[19.06219806,47.474093932]]]}},{"type":"Feature","id":714,"properties":{"buildingId":2,"floorId":8,"roomNumber":"3.101/A","roomName":"3.101/A Intézet igazgató","scope":"budapest/lagymanyos/eszaki/3/LÉ-3-101-A-01-13","roomCode":"LÉ-3-101/A-01-13","roomType":"educational","__tile":"17/72476/45847","__layer":"rooms","__zoom":17,"__mvtId":714,"__building":"eszaki","__ringVerts":5,"id":714,"catalogFloorId":8},"geometry":{"type":"Polygon","coordinates":[[[19.062248317,47.474377636],[19.062260387,47.474415256],[19.062221495,47.474422055],[19.062210095,47.474383075],[19.062248317,47.474377636]]]}},{"type":"Feature","id":695,"properties":{"buildingId":2,"floorId":7,"roomNumber":"2.89","roomName":"2.89 Oktató","scope":"budapest/lagymanyos/eszaki/2/LÉ-2-89-01-13","roomCode":"LÉ-2-89-01-13","roomType":"educational","__tile":"17/72476/45847","__layer":"rooms","__zoom":17,"__mvtId":695,"__building":"eszaki","__ringVerts":6,"id":695,"catalogFloorId":7},"geometry":{"type":"Polygon","coordinates":[[[19.062044247,47.474351418],[19.062056317,47.474390398],[19.062015413,47.474394477],[19.062004014,47.474356857],[19.062017425,47.474354138],[19.062044247,47.474351418]]]}},{"type":"Feature","id":697,"properties":{"buildingId":2,"floorId":7,"roomNumber":"2.91","roomName":"2.91 Doktorandusz","scope":"budapest/lagymanyos/eszaki/2/LÉ-2-91-01-13","roomCode":"LÉ-2-91-01-13","roomType":"educational","__tile":"17/72476/45847","__layer":"rooms","__zoom":17,"__mvtId":697,"__building":"eszaki","__ringVerts":6,"id":697,"catalogFloorId":7},"geometry":{"type":"Polygon","coordinates":[[[19.062210429,47.474374624],[19.062222499,47.47441315],[19.062182266,47.474417683],[19.062170867,47.474380063],[19.062183607,47.474377343],[19.062210429,47.474374624]]]}},{"type":"Feature","id":971,"properties":{"buildingId":2,"floorId":10,"roomNumber":"5.96/A","roomName":"5.96/A WC","scope":"budapest/lagymanyos/eszaki/5/LÉ-5-96-A-05-71","roomCode":"LÉ-5-96/A-05-71","roomType":"social","__tile":"17/72476/45847","__layer":"rooms","__zoom":17,"__mvtId":971,"__building":"eszaki","__ringVerts":6,"id":971,"catalogFloorId":10},"geometry":{"type":"Polygon","coordinates":[[[19.062027077,47.474421857],[19.062029089,47.474429562],[19.062021042,47.474431375],[19.062010984,47.474432735],[19.062008972,47.474424577],[19.062027077,47.474421857]]]}},{"type":"Feature","id":792,"properties":{"buildingId":2,"floorId":8,"roomNumber":"3.92","roomName":"3.92 MTA kutatócsoport","scope":"budapest/lagymanyos/eszaki/3/LÉ-3-92-01-13","roomCode":"LÉ-3-92-01-13","roomType":"educational","__tile":"17/72476/45847","__layer":"rooms","__zoom":17,"__mvtId":792,"__building":"eszaki","__ringVerts":5,"id":792,"catalogFloorId":8},"geometry":{"type":"Polygon","coordinates":[[[19.062017742,47.474134125],[19.062024448,47.47416132],[19.061951358,47.474171291],[19.06194264,47.474144549],[19.062017742,47.474134125]]]}},{"type":"Feature","id":854,"properties":{"buildingId":2,"floorId":9,"roomNumber":"4.72","roomName":"4.72 Oktató","scope":"budapest/lagymanyos/eszaki/4/LÉ-4-72-01-13","roomCode":"LÉ-4-72-01-13","roomType":"educational","__tile":"17/72476/45847","__layer":"rooms","__zoom":17,"__mvtId":854,"__building":"eszaki","__ringVerts":6,"id":854,"catalogFloorId":9},"geometry":{"type":"Polygon","coordinates":[[[19.062295112,47.474100325],[19.062306512,47.474137492],[19.062224704,47.474148823],[19.06222001,47.474132959],[19.062213305,47.474111656],[19.062295112,47.474100325]]]}},{"type":"Feature","id":862,"properties":{"buildingId":2,"floorId":9,"roomNumber":"4.82","roomName":"4.82 Oktató","scope":"budapest/lagymanyos/eszaki/4/LÉ-4-82-01-13","roomCode":"LÉ-4-82-01-13","roomType":"educational","__tile":"17/72476/45847","__layer":"rooms","__zoom":17,"__mvtId":862,"__building":"eszaki","__ringVerts":6,"id":862,"catalogFloorId":9},"geometry":{"type":"Polygon","coordinates":[[[19.062279949,47.474378421],[19.062285313,47.474396551],[19.062291348,47.474417401],[19.062214235,47.474428279],[19.062202835,47.474389299],[19.062279949,47.474378421]]]}},{"type":"Feature","id":951,"properties":{"buildingId":2,"floorId":10,"roomNumber":"5.77","roomName":"5.77 Oktató","scope":"budapest/lagymanyos/eszaki/5/LÉ-5-77-01-13","roomCode":"LÉ-5-77-01-13","roomType":"educational","__tile":"17/72476/45847","__layer":"rooms","__zoom":17,"__mvtId":951,"__building":"eszaki","__ringVerts":6,"id":951,"catalogFloorId":10},"geometry":{"type":"Polygon","coordinates":[[[19.062246769,47.474105061],[19.062258169,47.474140868],[19.062217936,47.47414676],[19.062206536,47.474109593],[19.062238723,47.474105061],[19.062246769,47.474105061]]]}},{"type":"Feature","id":962,"properties":{"buildingId":2,"floorId":10,"roomNumber":"5.91","roomName":"5.91 Oktató","scope":"budapest/lagymanyos/eszaki/5/LÉ-5-91-01-13","roomCode":"LÉ-5-91-01-13","roomType":"educational","__tile":"17/72476/45847","__layer":"rooms","__zoom":17,"__mvtId":962,"__building":"eszaki","__ringVerts":5,"id":962,"catalogFloorId":10},"geometry":{"type":"Polygon","coordinates":[[[19.0622867,47.474383398],[19.06229877,47.474421924],[19.062264572,47.47442691],[19.062251832,47.47438793],[19.0622867,47.474383398]]]}},{"type":"Feature","id":873,"properties":{"buildingId":2,"floorId":9,"roomNumber":"4-K11","roomName":"4.K11 Közlekedő(közép)","scope":"budapest/lagymanyos/eszaki/4/LÉ-4-K11-04-63","roomCode":"LÉ-4-K11-04-63","roomType":"corridor","__tile":"17/72476/45847","__layer":"rooms","__zoom":17,"__mvtId":873,"__building":"eszaki","__ringVerts":6,"id":873,"catalogFloorId":9},"geometry":{"type":"Polygon","coordinates":[[[19.062360839,47.474371449],[19.062365532,47.474386859],[19.061893464,47.474453034],[19.06188877,47.474437624],[19.061899499,47.474435811],[19.062360839,47.474371449]]]}},{"type":"Feature","id":37054,"properties":{"buildingId":2,"floorId":6,"roomNumber":"138/B","roomName":"Férfi WC","scope":"budapest/lagymanyos/eszaki/1/LÉ-1-138-B-05-71","roomCode":"LÉ-1-138/B-05-71","roomType":"social","__tile":"17/72476/45847","__layer":"rooms","__zoom":17,"__mvtId":37054,"__building":"eszaki","__ringVerts":5,"id":37054,"catalogFloorId":6},"geometry":{"type":"Polygon","coordinates":[[[19.062314648,47.474389485],[19.062322024,47.474413054],[19.062297213,47.474413961],[19.062291178,47.474393111],[19.062314648,47.474389485]]]}},{"type":"Feature","id":37021,"properties":{"buildingId":2,"floorId":6,"roomNumber":"1.95","roomName":"Questura Pont","scope":"budapest/lagymanyos/eszaki/1/LÉ-1-95-03-59","roomCode":"LÉ-1-95-03-59","roomType":"misc","__tile":"17/72476/45847","__layer":"rooms","__zoom":17,"__mvtId":37021,"__building":"eszaki","__ringVerts":9,"id":37021,"catalogFloorId":6},"geometry":{"type":"Polygon","coordinates":[[[19.061997777,47.474177982],[19.061999118,47.474182062],[19.062007165,47.474181155],[19.062021246,47.474228293],[19.061981013,47.474235545],[19.061978331,47.474225121],[19.061972296,47.474225574],[19.061960226,47.474183421],[19.061997777,47.474177982]]]}},{"type":"Feature","id":36713,"properties":{"buildingId":2,"floorId":5,"roomNumber":"F-K11/A","roomName":"Folyosó","scope":"budapest/lagymanyos/eszaki/0/LÉ-0-K11-A-04-63","roomCode":"LÉ-0-K11/A-04-63","roomType":"corridor","__tile":"17/72476/45847","__layer":"rooms","__zoom":17,"__mvtId":36713,"__building":"eszaki","__ringVerts":6,"id":36713,"catalogFloorId":5},"geometry":{"type":"Polygon","coordinates":[[[19.062342136,47.474415703],[19.062348841,47.474437912],[19.062190591,47.474459215],[19.062184556,47.474437459],[19.06227441,47.474425221],[19.062342136,47.474415703]]]}},{"type":"Feature","id":36631,"properties":{"buildingId":2,"floorId":4,"roomNumber":"-1.68A","roomName":"TáTK HÖK ügyfélfogadó","scope":"budapest/lagymanyos/eszaki/-1/LÉ--1-168-A-03-57","roomCode":"LÉ--1-168/A-03-57","roomType":"misc","__tile":"17/72476/45847","__layer":"rooms","__zoom":17,"__mvtId":36631,"__building":"eszaki","__ringVerts":7,"id":36631,"catalogFloorId":4},"geometry":{"type":"Polygon","coordinates":[[[19.062226885,47.474097823],[19.062236272,47.474128191],[19.062152453,47.474139069],[19.062151112,47.474134083],[19.062129654,47.474136802],[19.062122949,47.474111873],[19.062226885,47.474097823]]]}},{"type":"Feature","id":36532,"properties":{"buildingId":2,"floorId":4,"roomNumber":"VI./C","roomName":"Tolmácsfülke","scope":"budapest/lagymanyos/eszaki/-1/LÉ--1-175-C-03-55","roomCode":"LÉ--1-175/C-03-55","roomType":"misc","__tile":"17/72476/45847","__layer":"rooms","__zoom":17,"__mvtId":36532,"__building":"eszaki","__ringVerts":5,"id":36532,"catalogFloorId":4},"geometry":{"type":"Polygon","coordinates":[[[19.06211867,47.474329271],[19.062124035,47.474348761],[19.062091178,47.47435284],[19.062085143,47.474333803],[19.06211867,47.474329271]]]}},{"type":"Feature","id":950,"properties":{"buildingId":2,"floorId":10,"roomNumber":"5.76","roomName":"5.76 Oktató","scope":"budapest/lagymanyos/eszaki/5/LÉ-5-76-01-13","roomCode":"LÉ-5-76-01-13","roomType":"educational","__tile":"17/72476/45847","__layer":"rooms","__zoom":17,"__mvtId":950,"__building":"eszaki","__ringVerts":5,"id":950,"catalogFloorId":10},"geometry":{"type":"Polygon","coordinates":[[[19.062287499,47.474107488],[19.06230091,47.474144654],[19.062260677,47.474150093],[19.062250619,47.474112927],[19.062287499,47.474107488]]]}},{"type":"Feature","id":36539,"properties":{"buildingId":2,"floorId":4,"roomNumber":"P.70","roomName":"Foyer (előcsarnok)","scope":"budapest/lagymanyos/eszaki/-1/LÉ--1-170-04-61","roomCode":"LÉ--1-170-04-61","roomType":"corridor","__tile":"17/72476/45847","__layer":"rooms","__zoom":17,"__mvtId":36539,"__building":"eszaki","__ringVerts":45,"id":36539,"catalogFloorId":4},"geometry":{"type":"Polygon","coordinates":[[[19.062240886,47.474359658],[19.062248262,47.474393652],[19.062299894,47.47438504],[19.062305929,47.474405889],[19.062207358,47.474419487],[19.062224792,47.474477504],[19.062326046,47.474463906],[19.062332751,47.474484756],[19.062287154,47.474489288],[19.0622952,47.474506965],[19.062288495,47.474507872],[19.062293189,47.474524189],[19.062043743,47.474558183],[19.062036367,47.474522829],[19.062010216,47.474527815],[19.062004181,47.474506965],[19.062026979,47.474503792],[19.062024968,47.474498353],[19.061998146,47.47449518],[19.061982723,47.474480676],[19.061987417,47.474462546],[19.062008204,47.474452121],[19.062011557,47.474464812],[19.062001498,47.474475237],[19.062005522,47.474482036],[19.062011557,47.474485209],[19.062012898,47.474482943],[19.062004851,47.474475691],[19.062007533,47.474470252],[19.06201491,47.474466625],[19.062009545,47.474446229],[19.061987417,47.474448949],[19.061981382,47.474428552],[19.061992111,47.474427192],[19.062005522,47.474426286],[19.061992781,47.474393198],[19.062047767,47.474386853],[19.062046425,47.474384133],[19.062110798,47.474375521],[19.06211214,47.474378694],[19.062123539,47.474377334],[19.062122868,47.474373708],[19.062189924,47.474364643],[19.062191265,47.474367363],[19.062240886,47.474359658]],[[19.062066542,47.474492461],[19.062062519,47.474494727],[19.062065871,47.4744979],[19.062069895,47.474495634],[19.062066542,47.474492461]],[[19.062150361,47.47448113],[19.062145667,47.474483396],[19.06214902,47.474486569],[19.062153714,47.474484302],[19.062150361,47.47448113]],[[19.062135609,47.474430365],[19.062130915,47.474432631],[19.062134268,47.474435804],[19.062138962,47.474433538],[19.062135609,47.474430365]],[[19.06205179,47.474441697],[19.062047096,47.474443963],[19.062050449,47.474446682],[19.062055143,47.474444869],[19.06205179,47.474441697]]]}},{"type":"Feature","id":36708,"properties":{"buildingId":2,"floorId":5,"roomNumber":"F.45","roomName":"Férfi mosdó","scope":"budapest/lagymanyos/eszaki/0/LÉ-0-139A-05-71","roomCode":"LÉ-0-139A-05-71","roomType":"social","__tile":"17/72476/45847","__layer":"rooms","__zoom":17,"__mvtId":36708,"__building":"eszaki","__ringVerts":5,"id":36708,"catalogFloorId":5},"geometry":{"type":"Polygon","coordinates":[[[19.062377418,47.474366801],[19.062386135,47.474394902],[19.062353948,47.474398982],[19.062345902,47.47437088],[19.062377418,47.474366801]]]}},{"type":"Feature","id":36836,"properties":{"buildingId":2,"floorId":5,"roomNumber":"F.85","roomName":"Közlekedőtér","scope":"budapest/lagymanyos/eszaki/0/LÉ-0-056-04-61","roomCode":"LÉ-0-056-04-61","roomType":"corridor","__tile":"17/72476/45847","__layer":"rooms","__zoom":17,"__mvtId":36836,"__building":"eszaki","__ringVerts":34,"id":36836,"catalogFloorId":5},"geometry":{"type":"Polygon","coordinates":[[[19.062169964,47.474361751],[19.062171976,47.474370363],[19.06217667,47.474369456],[19.062182034,47.474388946],[19.062179352,47.4743894],[19.062182034,47.474398465],[19.062184717,47.474398011],[19.06221355,47.474496821],[19.062209527,47.474497274],[19.062221597,47.474527189],[19.062218915,47.474527189],[19.062221597,47.474536254],[19.062072734,47.47455665],[19.062070052,47.474547585],[19.062066699,47.474548038],[19.062060664,47.47451767],[19.062011714,47.474524922],[19.062003667,47.474498634],[19.06198288,47.474497727],[19.061964775,47.474486849],[19.061960752,47.474477331],[19.061964105,47.474465093],[19.061975504,47.474456028],[19.061989586,47.474451949],[19.061981539,47.47442566],[19.06203049,47.474420221],[19.062017749,47.474391213],[19.062023113,47.474390306],[19.062020431,47.474383507],[19.062089498,47.474374442],[19.062090839,47.474378975],[19.062102239,47.474377162],[19.062100898,47.474371269],[19.062169964,47.474361751]]]}},{"type":"Feature","id":37042,"properties":{"buildingId":2,"floorId":6,"roomNumber":"1.135","roomName":"Előtér","scope":"budapest/lagymanyos/eszaki/1/LÉ-1-135-04-62","roomCode":"LÉ-1-135-04-62","roomType":"corridor","__tile":"17/72476/45847","__layer":"rooms","__zoom":17,"__mvtId":37042,"__building":"eszaki","__ringVerts":7,"id":37042,"catalogFloorId":6},"geometry":{"type":"Polygon","coordinates":[[[19.06242656,47.474230266],[19.062431254,47.474245223],[19.062392362,47.474250209],[19.06239035,47.474242051],[19.062397056,47.474241144],[19.062395044,47.474234345],[19.06242656,47.474230266]]]}},{"type":"Feature","id":37045,"properties":{"buildingId":2,"floorId":6,"roomNumber":"1.134A","roomName":"Teakonyha","scope":"budapest/lagymanyos/eszaki/1/LÉ-1-134A-05-77","roomCode":"LÉ-1-134A-05-77","roomType":"social","__tile":"17/72476/45847","__layer":"rooms","__zoom":17,"__mvtId":37045,"__building":"eszaki","__ringVerts":5,"id":37045,"catalogFloorId":6},"geometry":{"type":"Polygon","coordinates":[[[19.062410192,47.474198696],[19.062416226,47.474217732],[19.062393428,47.474220452],[19.062387393,47.474201869],[19.062410192,47.474198696]]]}},{"type":"Feature","id":983,"properties":{"buildingId":2,"floorId":10,"roomNumber":"5/K11","roomName":"5.K11 Közlekedő (közép)","scope":"budapest/lagymanyos/eszaki/5/LÉ-5-K11-04-63","roomCode":"LÉ-5-K11-04-63","roomType":"corridor","__tile":"17/72476/45847","__layer":"rooms","__zoom":17,"__mvtId":983,"__building":"eszaki","__ringVerts":10,"id":983,"catalogFloorId":10},"geometry":{"type":"Polygon","coordinates":[[[19.062279089,47.474389715],[19.062283783,47.474405579],[19.061811714,47.474471301],[19.06180702,47.474455437],[19.062129556,47.474410565],[19.062126203,47.47440422],[19.062206669,47.474392888],[19.062210693,47.474392435],[19.062210693,47.474399234],[19.062279089,47.474389715]],[[19.062151684,47.474406486],[19.062150343,47.474406939],[19.062150343,47.474407846],[19.062151684,47.474407392],[19.062151684,47.474406486]],[[19.062161072,47.474406033],[19.062162413,47.474406033],[19.062161742,47.474405126],[19.062161072,47.474405126],[19.062161072,47.474406033]],[[19.062183871,47.474401953],[19.0621832,47.474402407],[19.0621832,47.474403313],[19.062184541,47.47440286],[19.062183871,47.474401953]]]}},{"type":"Feature","id":36809,"properties":{"buildingId":2,"floorId":5,"roomNumber":"067","roomName":"Női mosdó","scope":"budapest/lagymanyos/eszaki/0/LK-0-067-05-71","roomCode":"LK-0-067-05-71","roomType":"social","__tile":"16/36238/22923","__layer":"rooms","__zoom":16,"__mvtId":36809,"__building":"eszaki","__ringVerts":5,"id":36809,"catalogFloorId":5},"geometry":{"type":"Polygon","coordinates":[[[19.061327767,47.474643427],[19.061334472,47.474665182],[19.061304968,47.474669715],[19.061298262,47.474647959],[19.061327767,47.474643427]]]}},{"type":"Feature","id":315,"properties":{"buildingId":2,"floorId":8,"roomNumber":"306","roomName":"3.306 Oktató","scope":"budapest/lagymanyos/eszaki/3/LK-3-306-01-13","roomCode":"LK-3-306-01-13","roomType":"educational","__tile":"16/36238/22923","__layer":"rooms","__zoom":16,"__mvtId":315,"__building":"eszaki","__ringVerts":5,"id":315,"catalogFloorId":8},"geometry":{"type":"Polygon","coordinates":[[[19.061593488,47.474723756],[19.061601535,47.474750044],[19.06153448,47.474759108],[19.061526433,47.474733727],[19.061593488,47.474723756]]]}},{"type":"Feature","id":36866,"properties":{"buildingId":2,"floorId":5,"roomNumber":"073B","roomName":"Büfé WC","scope":"budapest/lagymanyos/eszaki/0/LK-0-073B-05-71","roomCode":"LK-0-073B-05-71","roomType":"social","__tile":"17/72476/45847","__layer":"rooms","__zoom":17,"__mvtId":36866,"__building":"eszaki","__ringVerts":5,"id":36866,"catalogFloorId":5},"geometry":{"type":"Polygon","coordinates":[[[19.061334462,47.474258646],[19.061337814,47.474270883],[19.061323733,47.474272696],[19.06132038,47.474260459],[19.061334462,47.474258646]]]}},{"type":"Feature","id":36801,"properties":{"buildingId":2,"floorId":5,"roomNumber":"055","roomName":"Biztonsági őr pihenő szoba","scope":"budapest/lagymanyos/eszaki/0/LK-0-055-05-73","roomCode":"LK-0-055-05-73","roomType":"social","__tile":"16/36238/22923","__layer":"rooms","__zoom":16,"__mvtId":36801,"__building":"eszaki","__ringVerts":5,"id":36801,"catalogFloorId":5},"geometry":{"type":"Polygon","coordinates":[[[19.061443496,47.474624495],[19.061451543,47.474650783],[19.061397898,47.474658941],[19.061389852,47.474631747],[19.061443496,47.474624495]]]}},{"type":"Feature","id":36805,"properties":{"buildingId":2,"floorId":5,"roomNumber":"059","roomName":"Szeminárium","scope":"budapest/lagymanyos/eszaki/0/LK-0-059-01-22","roomCode":"LK-0-059-01-22","roomType":"educational","__tile":"17/72476/45847","__layer":"rooms","__zoom":17,"__mvtId":36805,"__building":"eszaki","__ringVerts":9,"id":36805,"catalogFloorId":5},"geometry":{"type":"Polygon","coordinates":[[[19.061484827,47.474453635],[19.06150025,47.474505759],[19.061494885,47.474506213],[19.061495556,47.474508479],[19.061422466,47.474518451],[19.061405031,47.474459528],[19.061419113,47.474457714],[19.061420454,47.474462247],[19.061484827,47.474453635]]]}},{"type":"Feature","id":316,"properties":{"buildingId":2,"floorId":8,"roomNumber":"307","roomName":"3.307 Kutatói labor","scope":"budapest/lagymanyos/eszaki/3/LK-3-307-01-14","roomCode":"LK-3-307-01-14","roomType":"educational","__tile":"16/36238/22923","__layer":"rooms","__zoom":16,"__mvtId":316,"__building":"eszaki","__ringVerts":5,"id":316,"catalogFloorId":8},"geometry":{"type":"Polygon","coordinates":[[[19.061577121,47.474755952],[19.061593214,47.47481034],[19.061526159,47.474819405],[19.061510066,47.474765016],[19.061577121,47.474755952]]]}},{"type":"Feature","id":371,"properties":{"buildingId":2,"floorId":9,"roomNumber":"404","roomName":"4.404 Labor","scope":"budapest/lagymanyos/eszaki/4/LK-4-404-01-14","roomCode":"LK-4-404-01-14","roomType":"educational","__tile":"16/36238/22923","__layer":"rooms","__zoom":16,"__mvtId":371,"__building":"eszaki","__ringVerts":5,"id":371,"catalogFloorId":9},"geometry":{"type":"Polygon","coordinates":[[[19.061585506,47.474726492],[19.061602941,47.474780881],[19.061535885,47.474789946],[19.061518451,47.474736464],[19.061585506,47.474726492]]]}},{"type":"Feature","id":370,"properties":{"buildingId":2,"floorId":9,"roomNumber":"403","roomName":"4.403 Labor","scope":"budapest/lagymanyos/eszaki/4/LK-4-403-01-14","roomCode":"LK-4-403-01-14","roomType":"educational","__tile":"16/36238/22923","__layer":"rooms","__zoom":16,"__mvtId":370,"__building":"eszaki","__ringVerts":5,"id":370,"catalogFloorId":9},"geometry":{"type":"Polygon","coordinates":[[[19.061603143,47.474671224],[19.061619236,47.474725613],[19.061552181,47.474734678],[19.061536088,47.474681196],[19.061603143,47.474671224]]]}},{"type":"Feature","id":463,"properties":{"buildingId":2,"floorId":11,"roomNumber":"602","roomName":"602","scope":"budapest/lagymanyos/eszaki/6/LK-6-602-01-14","roomCode":"LK-6-602-01-14","roomType":"educational","__tile":"16/36238/22923","__layer":"rooms","__zoom":16,"__mvtId":463,"__building":"eszaki","__ringVerts":5,"id":463,"catalogFloorId":11},"geometry":{"type":"Polygon","coordinates":[[[19.061603624,47.474645621],[19.061629105,47.47472811],[19.061562049,47.474738082],[19.061536568,47.474655592],[19.061603624,47.474645621]]]}},{"type":"Feature","id":36910,"properties":{"buildingId":2,"floorId":6,"roomNumber":"160","roomName":"Szeminárium","scope":"budapest/lagymanyos/eszaki/1/LK-1-160-01-12","roomCode":"LK-1-160-01-12","roomType":"educational","__tile":"17/72476/45847","__layer":"rooms","__zoom":17,"__mvtId":36910,"__building":"eszaki","__ringVerts":13,"id":36910,"catalogFloorId":6},"geometry":{"type":"Polygon","coordinates":[[[19.06141345,47.474557029],[19.061373887,47.474424225],[19.061455024,47.474424225],[19.061465082,47.474455953],[19.061459718,47.474456407],[19.061460388,47.474460033],[19.061465753,47.474459126],[19.061481846,47.474512157],[19.061476482,47.47451261],[19.061478493,47.474519862],[19.061483858,47.474519409],[19.061492575,47.474546151],[19.06141345,47.474557029]]]}},{"type":"Feature","id":36912,"properties":{"buildingId":2,"floorId":6,"roomNumber":"158","roomName":"Szeminárium","scope":"budapest/lagymanyos/eszaki/1/LK-1-158-01-12","roomCode":"LK-1-158-01-12","roomType":"educational","__tile":"16/36238/22923","__layer":"rooms","__zoom":16,"__mvtId":36912,"__building":"eszaki","__ringVerts":6,"id":36912,"catalogFloorId":6},"geometry":{"type":"Polygon","coordinates":[[[19.06142443,47.474629175],[19.061432477,47.474632801],[19.061445888,47.47468447],[19.061368104,47.474695348],[19.061352011,47.474639146],[19.06142443,47.474629175]]]}},{"type":"Feature","id":36913,"properties":{"buildingId":2,"floorId":6,"roomNumber":"-","roomName":"Folyosó","scope":"budapest/lagymanyos/eszaki/1/LK-1-100-10-04-63","roomCode":"LK-1-100/10-04-63","roomType":"corridor","__tile":"17/72476/45847","__layer":"rooms","__zoom":17,"__mvtId":36913,"__building":"eszaki","__ringVerts":5,"id":36913,"catalogFloorId":6},"geometry":{"type":"Polygon","coordinates":[[[19.061395618,47.47459637],[19.061345997,47.474431385],[19.061375501,47.474431385],[19.061423781,47.47459229],[19.061395618,47.47459637]]]}},{"type":"Feature","id":36915,"properties":{"buildingId":2,"floorId":6,"roomNumber":"1-164","roomName":"Női mosdó","scope":"budapest/lagymanyos/eszaki/1/LK-1-164-05-71","roomCode":"LK-1-164-05-71","roomType":"social","__tile":"16/36238/22923","__layer":"rooms","__zoom":16,"__mvtId":36915,"__building":"eszaki","__ringVerts":5,"id":36915,"catalogFloorId":6},"geometry":{"type":"Polygon","coordinates":[[[19.061327889,47.474642479],[19.061334594,47.474664234],[19.06130509,47.474668767],[19.061298384,47.474647011],[19.061327889,47.474642479]]]}},{"type":"Feature","id":36806,"properties":{"buildingId":2,"floorId":5,"roomNumber":"063","roomName":"Kajtár terem","scope":"budapest/lagymanyos/eszaki/0/LK-0-060-01-12","roomCode":"LK-0-060-01-12","roomType":"educational","__tile":"17/72476/45847","__layer":"rooms","__zoom":17,"__mvtId":36806,"__building":"eszaki","__ringVerts":10,"id":36806,"catalogFloorId":5},"geometry":{"type":"Polygon","coordinates":[[[19.061485119,47.474390739],[19.06148579,47.474393459],[19.061491154,47.474392552],[19.061507247,47.47444513],[19.061501212,47.474446036],[19.061501883,47.474448302],[19.061465673,47.474453288],[19.061428793,47.474458274],[19.061412029,47.474400711],[19.061485119,47.474390739]]]}},{"type":"Feature","id":36869,"properties":{"buildingId":2,"floorId":5,"roomNumber":"057","roomName":"Előtér","scope":"budapest/lagymanyos/eszaki/0/LK-0-057A-04-62","roomCode":"LK-0-057A-04-62","roomType":"corridor","__tile":"16/36238/22923","__layer":"rooms","__zoom":16,"__mvtId":36869,"__building":"eszaki","__ringVerts":5,"id":36869,"catalogFloorId":5},"geometry":{"type":"Polygon","coordinates":[[[19.06141111,47.474570733],[19.061413792,47.474578891],[19.061389652,47.474582517],[19.06138697,47.474573452],[19.06141111,47.474570733]]]}},{"type":"Feature","id":36920,"properties":{"buildingId":2,"floorId":6,"roomNumber":"103","roomName":"TTK Pályázati Iroda","scope":"budapest/lagymanyos/eszaki/1/LK-1-103-02-33","roomCode":"LK-1-103-02-33","roomType":"administrative","__tile":"16/36238/22923","__layer":"rooms","__zoom":16,"__mvtId":36920,"__building":"eszaki","__ringVerts":5,"id":36920,"catalogFloorId":6},"geometry":{"type":"Polygon","coordinates":[[[19.061604168,47.474648417],[19.061621603,47.474705525],[19.061554547,47.47471459],[19.061537113,47.474657482],[19.061604168,47.474648417]]]}},{"type":"Feature","id":36787,"properties":{"buildingId":2,"floorId":5,"roomNumber":"000/7","roomName":"Átjáró","scope":"budapest/lagymanyos/eszaki/0/LK-0-000-7-04-63","roomCode":"LK-0-000/7-04-63","roomType":"corridor","__tile":"16/36238/22923","__layer":"rooms","__zoom":16,"__mvtId":36787,"__building":"eszaki","__ringVerts":5,"id":36787,"catalogFloorId":5},"geometry":{"type":"Polygon","coordinates":[[[19.061516153,47.47469127],[19.061532246,47.474746565],[19.061431663,47.474759256],[19.06141557,47.474705774],[19.061516153,47.47469127]],[[19.061446415,47.474752911],[19.061443733,47.474754724],[19.061446415,47.474756537],[19.061449098,47.474754724],[19.061446415,47.474752911]],[[19.061514812,47.474743846],[19.061513471,47.474745659],[19.061516153,47.474746565],[19.061517494,47.474744752],[19.061514812,47.474743846]],[[19.061431663,47.474704867],[19.061430322,47.47470668],[19.061433004,47.474707587],[19.061434345,47.474705774],[19.061431663,47.474704867]],[[19.06150006,47.474695802],[19.061498718,47.474697615],[19.061501401,47.474698522],[19.061502742,47.474696709],[19.06150006,47.474695802]]]}},{"type":"Feature","id":36788,"properties":{"buildingId":2,"floorId":5,"roomNumber":"000/8/a","roomName":"Átjáró","scope":"budapest/lagymanyos/eszaki/0/LK-0-000-8-a-04-63","roomCode":"LK-0-000/8/a-04-63","roomType":"corridor","__tile":"16/36238/22923","__layer":"rooms","__zoom":16,"__mvtId":36788,"__building":"eszaki","__ringVerts":5,"id":36788,"catalogFloorId":5},"geometry":{"type":"Polygon","coordinates":[[[19.061413354,47.474680721],[19.061429447,47.47473239],[19.061319477,47.474746894],[19.061303383,47.474691599],[19.061413354,47.474680721]]]}},{"type":"Feature","id":36803,"properties":{"buildingId":2,"floorId":5,"roomNumber":"057","roomName":"Lágymányosi főmérnökség","scope":"budapest/lagymanyos/eszaki/0/LK-0-057-02-33","roomCode":"LK-0-057-02-33","roomType":"administrative","__tile":"16/36238/22923","__layer":"rooms","__zoom":16,"__mvtId":36803,"__building":"eszaki","__ringVerts":5,"id":36803,"catalogFloorId":5},"geometry":{"type":"Polygon","coordinates":[[[19.061459953,47.47456847],[19.061467999,47.474593852],[19.061414355,47.474602916],[19.06140765,47.474575722],[19.061459953,47.47456847]]]}},{"type":"Feature","id":36858,"properties":{"buildingId":2,"floorId":5,"roomNumber":"063","roomName":"Előkészítő","scope":"budapest/lagymanyos/eszaki/0/LK-0-064-01-15","roomCode":"LK-0-064-01-15","roomType":"educational","__tile":"17/72476/45847","__layer":"rooms","__zoom":17,"__mvtId":36858,"__building":"eszaki","__ringVerts":9,"id":36858,"catalogFloorId":5},"geometry":{"type":"Polygon","coordinates":[[[19.061367023,47.474441636],[19.061369035,47.474447982],[19.06137507,47.474447075],[19.061388481,47.474493307],[19.061383116,47.474493761],[19.061383787,47.474496933],[19.061349589,47.474501466],[19.061333495,47.474446169],[19.061367023,47.474441636]]]}},{"type":"Feature","id":36919,"properties":{"buildingId":2,"floorId":6,"roomNumber":"-","roomName":"Átjáró","scope":"budapest/lagymanyos/eszaki/1/LK-1-100-7-04-63","roomCode":"LK-1-100/7-04-63","roomType":"corridor","__tile":"16/36238/22923","__layer":"rooms","__zoom":16,"__mvtId":36919,"__building":"eszaki","__ringVerts":6,"id":36919,"catalogFloorId":6},"geometry":{"type":"Polygon","coordinates":[[[19.061522683,47.474694016],[19.061537435,47.474749311],[19.061438194,47.474762002],[19.0614221,47.47470852],[19.061448922,47.474704894],[19.061522683,47.474694016]],[[19.061452946,47.474755657],[19.061450264,47.474757469],[19.061452946,47.474759282],[19.061455628,47.474757469],[19.061452946,47.474755657]],[[19.061521342,47.474746592],[19.061520001,47.474748405],[19.061522683,47.474749311],[19.061524024,47.474747498],[19.061521342,47.474746592]],[[19.061438194,47.474707613],[19.061436852,47.474709426],[19.061439535,47.474711239],[19.061440876,47.474709426],[19.061438194,47.474707613]],[[19.061507931,47.474698548],[19.061505249,47.474700361],[19.061507931,47.474701268],[19.061510613,47.474699455],[19.061507931,47.474698548]]]}},{"type":"Feature","id":36926,"properties":{"buildingId":2,"floorId":6,"roomNumber":"104","roomName":"Számítógépes labor","scope":"budapest/lagymanyos/eszaki/1/LK-1-104-01-16","roomCode":"LK-1-104-01-16","roomType":"educational","__tile":"16/36238/22923","__layer":"rooms","__zoom":16,"__mvtId":36926,"__building":"eszaki","__ringVerts":5,"id":36926,"catalogFloorId":6},"geometry":{"type":"Polygon","coordinates":[[[19.061571273,47.474758845],[19.061587366,47.474815953],[19.061522993,47.474825018],[19.061502876,47.47476791],[19.061571273,47.474758845]]]}},{"type":"Feature","id":36868,"properties":{"buildingId":2,"floorId":5,"roomNumber":"055/A","roomName":"Előtér","scope":"budapest/lagymanyos/eszaki/0/LK-0-055A-04-62","roomCode":"LK-0-055A-04-62","roomType":"corridor","__tile":"16/36238/22923","__layer":"rooms","__zoom":16,"__mvtId":36868,"__building":"eszaki","__ringVerts":5,"id":36868,"catalogFloorId":5},"geometry":{"type":"Polygon","coordinates":[[[19.061396516,47.474618965],[19.061399198,47.474628937],[19.061375058,47.474631656],[19.061372376,47.474622591],[19.061396516,47.474618965]]]}},{"type":"Feature","id":481,"properties":{"buildingId":2,"floorId":11,"roomNumber":"627","roomName":" 6.627  Oktatói","scope":"budapest/lagymanyos/eszaki/6/LK-6-627 -01-13","roomCode":"LK-6-627 -01-13","roomType":"educational","__tile":"16/36238/22923","__layer":"rooms","__zoom":16,"__mvtId":481,"__building":"eszaki","__ringVerts":5,"id":481,"catalogFloorId":11},"geometry":{"type":"Polygon","coordinates":[[[19.06187502,47.474562356],[19.061892454,47.474615838],[19.061825399,47.474625809],[19.061809306,47.474571421],[19.06187502,47.474562356]]]}},{"type":"Feature","id":707,"properties":{"buildingId":2,"floorId":7,"roomNumber":"2-K9","roomName":"2.K9 Előtér Ny-i lift előtt","scope":"budapest/lagymanyos/eszaki/2/LÉ-2-K9-04-63","roomCode":"LÉ-2-K9-04-63","roomType":"corridor","__tile":"17/72476/45847","__layer":"rooms","__zoom":17,"__mvtId":707,"__building":"eszaki","__ringVerts":58,"id":707,"catalogFloorId":7},"geometry":{"type":"Polygon","coordinates":[[[19.061811235,47.47436227],[19.061808553,47.474359551],[19.061806541,47.474348673],[19.06181727,47.474347313],[19.061806541,47.474347313],[19.061801847,47.474332355],[19.061811906,47.474330542],[19.061807882,47.474315585],[19.061797824,47.474316945],[19.061795812,47.474311959],[19.061834704,47.474304707],[19.061849457,47.47434686],[19.061869573,47.47434414],[19.061875608,47.474366803],[19.061879631,47.474365896],[19.061882984,47.474375414],[19.06187829,47.474375868],[19.061880973,47.474383573],[19.061884996,47.47438312],[19.061887678,47.474392185],[19.061883655,47.474392638],[19.061886337,47.474400343],[19.06189036,47.47439989],[19.061893043,47.474408955],[19.061889019,47.474409862],[19.061895725,47.474430711],[19.061875608,47.474433884],[19.061885666,47.474433431],[19.061887678,47.474440683],[19.06187829,47.474441589],[19.061889019,47.47447513],[19.061899078,47.474474677],[19.061900419,47.474478756],[19.061858844,47.474484648],[19.061848786,47.474486008],[19.061845433,47.47447513],[19.061855492,47.474472411],[19.061845433,47.47447377],[19.06184141,47.474461079],[19.061851468,47.474459266],[19.06184141,47.474460173],[19.061836716,47.474444762],[19.061846104,47.474442043],[19.061834704,47.474443856],[19.061831352,47.474432978],[19.061832022,47.474429805],[19.061840739,47.474428898],[19.061842751,47.474431618],[19.061842081,47.474427992],[19.061831352,47.474428898],[19.061830011,47.474423006],[19.061831352,47.474425272],[19.061840069,47.474423006],[19.061823305,47.474366349],[19.061813917,47.474366349],[19.061813247,47.474369069],[19.061812576,47.474366349],[19.061811235,47.47436227]],[[19.061855492,47.47447785],[19.061848116,47.474478756],[19.061848786,47.474481476],[19.061856833,47.474480569],[19.061855492,47.47447785]],[[19.061819952,47.47436091],[19.061821293,47.47436091],[19.061820623,47.474357738],[19.061819952,47.47436091]]]}},{"type":"Feature","id":286,"properties":{"buildingId":2,"floorId":7,"roomNumber":"231","roomName":"2.231 kutatói labor","scope":"budapest/lagymanyos/eszaki/2/LK-2-231-01-14","roomCode":"LK-2-231-01-14","roomType":"educational","__tile":"17/72476/45847","__layer":"rooms","__zoom":17,"__mvtId":286,"__building":"eszaki","__ringVerts":5,"id":286,"catalogFloorId":7},"geometry":{"type":"Polygon","coordinates":[[[19.061894626,47.474514388],[19.061906696,47.474552915],[19.061839641,47.47456198],[19.06182556,47.474514388],[19.061894626,47.474514388]]]}},{"type":"Feature","id":36786,"properties":{"buildingId":2,"floorId":5,"roomNumber":"F.70/A -(0.96)","roomName":"Iroda","scope":"budapest/lagymanyos/eszaki/0/LÉ-0-096-02-33","roomCode":"LÉ-0-096-02-33","roomType":"administrative","__tile":"17/72476/45847","__layer":"rooms","__zoom":17,"__mvtId":36786,"__building":"eszaki","__ringVerts":5,"id":36786,"catalogFloorId":5},"geometry":{"type":"Polygon","coordinates":[[[19.061863831,47.474179122],[19.061871878,47.474205863],[19.061802141,47.474215382],[19.061794094,47.474188187],[19.061863831,47.474179122]]]}},{"type":"Feature","id":36887,"properties":{"buildingId":2,"floorId":6,"roomNumber":"-","roomName":"Férfi WC","scope":"budapest/lagymanyos/eszaki/1/LÉ-1-102-A-05-71","roomCode":"LÉ-1-102/A-05-71","roomType":"social","__tile":"17/72476/45847","__layer":"rooms","__zoom":17,"__mvtId":36887,"__building":"eszaki","__ringVerts":5,"id":36887,"catalogFloorId":6},"geometry":{"type":"Polygon","coordinates":[[[19.061892239,47.474482988],[19.061898945,47.474504744],[19.061864746,47.474509276],[19.061858041,47.47448752],[19.061892239,47.474482988]]]}},{"type":"Feature","id":441,"properties":{"buildingId":2,"floorId":10,"roomNumber":"528","roomName":"5.528 Rendszergazda","scope":"budapest/lagymanyos/eszaki/5/LK-5-528-02-33","roomCode":"LK-5-528-02-33","roomType":"administrative","__tile":"16/36238/22923","__layer":"rooms","__zoom":16,"__mvtId":441,"__building":"eszaki","__ringVerts":5,"id":441,"catalogFloorId":10},"geometry":{"type":"Polygon","coordinates":[[[19.061857296,47.474644435],[19.061865343,47.474670723],[19.061798288,47.474679788],[19.061790241,47.4746535],[19.061857296,47.474644435]]]}},{"type":"Feature","id":773,"properties":{"buildingId":2,"floorId":8,"roomNumber":"3.71","roomName":"3.71-72 Doktorandusz szoba","scope":"budapest/lagymanyos/eszaki/3/LÉ-3-71-01-13","roomCode":"LÉ-3-71-01-13","roomType":"educational","__tile":"17/72476/45847","__layer":"rooms","__zoom":17,"__mvtId":773,"__building":"eszaki","__ringVerts":9,"id":773,"catalogFloorId":8},"geometry":{"type":"Polygon","coordinates":[[[19.061871369,47.474083495],[19.061882769,47.474119755],[19.061892827,47.474118396],[19.06189685,47.474131087],[19.061886792,47.474132446],[19.061888133,47.474138339],[19.061813031,47.474148763],[19.061796268,47.47409392],[19.061871369,47.474083495]]]}},{"type":"Feature","id":930,"properties":{"buildingId":2,"floorId":10,"roomNumber":"5.57","roomName":"5.57 Előkészítő \"A\" labor","scope":"budapest/lagymanyos/eszaki/5/LÉ-5-57-01-14","roomCode":"LÉ-5-57-01-14","roomType":"educational","__tile":"17/72476/45847","__layer":"rooms","__zoom":17,"__mvtId":930,"__building":"eszaki","__ringVerts":5,"id":930,"catalogFloorId":10},"geometry":{"type":"Polygon","coordinates":[[[19.061870828,47.474172163],[19.061878875,47.474199358],[19.061803103,47.47420933],[19.061795056,47.474183041],[19.061870828,47.474172163]]]}},{"type":"Feature","id":344,"properties":{"buildingId":2,"floorId":8,"roomNumber":"339","roomName":"3.339 FACS labor","scope":"budapest/lagymanyos/eszaki/3/LK-3-339-01-14","roomCode":"LK-3-339-01-14","roomType":"educational","__tile":"16/36238/22923","__layer":"rooms","__zoom":16,"__mvtId":344,"__building":"eszaki","__ringVerts":5,"id":344,"catalogFloorId":8},"geometry":{"type":"Polygon","coordinates":[[[19.06186592,47.474616048],[19.061873967,47.474643242],[19.061806912,47.474652307],[19.061798865,47.474626019],[19.06186592,47.474616048]]]}},{"type":"Feature","id":255,"properties":{"buildingId":2,"floorId":10,"roomNumber":"5.55","roomName":"5.55 Szeminárium","scope":"budapest/lagymanyos/eszaki/5/LÉ-5-55-01-12","roomCode":"LÉ-5-55-01-12","roomType":"educational","__tile":"17/72476/45847","__layer":"rooms","__zoom":17,"__mvtId":255,"__building":"eszaki","__ringVerts":5,"id":255,"catalogFloorId":10},"geometry":{"type":"Polygon","coordinates":[[[19.061819392,47.474315764],[19.061836826,47.474372874],[19.061761725,47.474383299],[19.06174429,47.474326189],[19.061819392,47.474315764]]]}},{"type":"Feature","id":446,"properties":{"buildingId":2,"floorId":7,"roomNumber":"2.54","roomName":"2.54 Novobátzky Terem","scope":"budapest/lagymanyos/eszaki/2/LÉ-2-54-01-12","roomCode":"LÉ-2-54-01-12","roomType":"educational","__tile":"17/72476/45847","__layer":"rooms","__zoom":17,"__mvtId":446,"__building":"eszaki","__ringVerts":5,"id":446,"catalogFloorId":7},"geometry":{"type":"Polygon","coordinates":[[[19.061820814,47.47429072],[19.061846295,47.474374572],[19.061770522,47.474384544],[19.061745041,47.474301598],[19.061820814,47.47429072]]]}},{"type":"Feature","id":346,"properties":{"buildingId":2,"floorId":8,"roomNumber":"341","roomName":"3.341 I. Mikroanalitikai labor","scope":"budapest/lagymanyos/eszaki/3/LK-3-341-01-14","roomCode":"LK-3-341-01-14","roomType":"educational","__tile":"16/36238/22923","__layer":"rooms","__zoom":16,"__mvtId":346,"__building":"eszaki","__ringVerts":5,"id":346,"catalogFloorId":8},"geometry":{"type":"Polygon","coordinates":[[[19.061883164,47.47455974],[19.061891211,47.474586028],[19.061824156,47.474595999],[19.061816109,47.474568804],[19.061883164,47.47455974]]]}},{"type":"Feature","id":347,"properties":{"buildingId":2,"floorId":8,"roomNumber":"342","roomName":"3.342 II. Mikroanalitikai labor","scope":"budapest/lagymanyos/eszaki/3/LK-3-342-01-14","roomCode":"LK-3-342-01-14","roomType":"educational","__tile":"16/36238/22923","__layer":"rooms","__zoom":16,"__mvtId":347,"__building":"eszaki","__ringVerts":5,"id":347,"catalogFloorId":8},"geometry":{"type":"Polygon","coordinates":[[[19.061892012,47.47453063],[19.0619014,47.474556917],[19.061833004,47.474566889],[19.061824957,47.474539694],[19.061892012,47.47453063]]]}},{"type":"Feature","id":881,"properties":{"buildingId":2,"floorId":9,"roomNumber":"4-K9","roomName":"4.K9 Közlekedő (Ny-i lift előtt)","scope":"budapest/lagymanyos/eszaki/4/LÉ-4-K9-04-63","roomCode":"LÉ-4-K9-04-63","roomType":"corridor","__tile":"17/72476/45847","__layer":"rooms","__zoom":17,"__mvtId":881,"__building":"eszaki","__ringVerts":20,"id":881,"catalogFloorId":9},"geometry":{"type":"Polygon","coordinates":[[[19.061842747,47.474317169],[19.061855488,47.474358868],[19.061874934,47.474356149],[19.061901085,47.47444272],[19.061881639,47.47444544],[19.061897733,47.474491671],[19.06189505,47.474487139],[19.061896392,47.474491671],[19.061864876,47.474496204],[19.061852135,47.474453598],[19.061842077,47.474455411],[19.061838724,47.474444533],[19.061848782,47.474443173],[19.061825984,47.474369293],[19.061815925,47.474370653],[19.061813243,47.474360228],[19.061823301,47.474358868],[19.061815255,47.474333939],[19.061811902,47.474321701],[19.061842747,47.474317169]]]}},{"type":"Feature","id":1023,"properties":{"buildingId":2,"floorId":8,"roomNumber":"3.67","roomName":"3.67 Békéssy György Terem","scope":"budapest/lagymanyos/eszaki/3/LÉ-3-67-01-12","roomCode":"LÉ-3-67-01-12","roomType":"educational","__tile":"17/72476/45847","__layer":"rooms","__zoom":17,"__mvtId":1023,"__building":"eszaki","__ringVerts":5,"id":1023,"catalogFloorId":8},"geometry":{"type":"Polygon","coordinates":[[[19.061819973,47.474316985],[19.061836737,47.474371375],[19.061760965,47.4743818],[19.061744201,47.47432741],[19.061819973,47.474316985]]]}},{"type":"Feature","id":283,"properties":{"buildingId":2,"floorId":7,"roomNumber":"228","roomName":"2.228 Oktató","scope":"budapest/lagymanyos/eszaki/2/LK-2-228-01-13","roomCode":"LK-2-228-01-13","roomType":"educational","__tile":"16/36238/22923","__layer":"rooms","__zoom":16,"__mvtId":283,"__building":"eszaki","__ringVerts":5,"id":283,"catalogFloorId":7},"geometry":{"type":"Polygon","coordinates":[[[19.061865949,47.474616219],[19.061873996,47.474642507],[19.061806941,47.474651572],[19.061798894,47.474625284],[19.061865949,47.474616219]]]}},{"type":"Feature","id":343,"properties":{"buildingId":2,"floorId":8,"roomNumber":"338","roomName":"3.338 Kriokémia labor","scope":"budapest/lagymanyos/eszaki/3/LK-3-338-01-14","roomCode":"LK-3-338-01-14","roomType":"educational","__tile":"16/36238/22923","__layer":"rooms","__zoom":16,"__mvtId":343,"__building":"eszaki","__ringVerts":5,"id":343,"catalogFloorId":8},"geometry":{"type":"Polygon","coordinates":[[[19.061857063,47.474644433],[19.061866451,47.474670721],[19.061798055,47.474679786],[19.061790008,47.474653498],[19.061857063,47.474644433]]]}},{"type":"Feature","id":345,"properties":{"buildingId":2,"floorId":8,"roomNumber":"340","roomName":"3.340 Aminosav analizátor labor","scope":"budapest/lagymanyos/eszaki/3/LK-3-340-01-14","roomCode":"LK-3-340-01-14","roomType":"educational","__tile":"16/36238/22923","__layer":"rooms","__zoom":16,"__mvtId":345,"__building":"eszaki","__ringVerts":5,"id":345,"catalogFloorId":8},"geometry":{"type":"Polygon","coordinates":[[[19.061874728,47.474587871],[19.061882775,47.474615065],[19.06181572,47.47462413],[19.061807673,47.474597842],[19.061874728,47.474587871]]]}},{"type":"Feature","id":442,"properties":{"buildingId":2,"floorId":10,"roomNumber":"530","roomName":"5.530 Kutató labor","scope":"budapest/lagymanyos/eszaki/5/LK-5-530-01-14","roomCode":"LK-5-530-01-14","roomType":"educational","__tile":"16/36238/22923","__layer":"rooms","__zoom":16,"__mvtId":442,"__building":"eszaki","__ringVerts":5,"id":442,"catalogFloorId":10},"geometry":{"type":"Polygon","coordinates":[[[19.061875224,47.474562059],[19.061892659,47.474617355],[19.061825603,47.474627326],[19.061808169,47.474572031],[19.061875224,47.474562059]]]}},{"type":"Feature","id":772,"properties":{"buildingId":2,"floorId":8,"roomNumber":"3.70","roomName":"3.70 Komplex rendszerek laboratórium","scope":"budapest/lagymanyos/eszaki/3/LÉ-3-70-01-14","roomCode":"LÉ-3-70-01-14","roomType":"educational","__tile":"17/72476/45847","__layer":"rooms","__zoom":17,"__mvtId":772,"__building":"eszaki","__ringVerts":9,"id":772,"catalogFloorId":8},"geometry":{"type":"Polygon","coordinates":[[[19.061858422,47.474153789],[19.061860433,47.474160134],[19.061870492,47.474158774],[19.061873844,47.474171465],[19.061863786,47.474172825],[19.061875186,47.474209085],[19.061799413,47.47421951],[19.061782649,47.474164667],[19.061858422,47.474153789]]]}},{"type":"Feature","id":771,"properties":{"buildingId":2,"floorId":8,"roomNumber":"3.69","roomName":"3.69 Környezetoptika laboratórium","scope":"budapest/lagymanyos/eszaki/3/LÉ-3-69-01-14","roomCode":"LÉ-3-69-01-14","roomType":"educational","__tile":"17/72476/45847","__layer":"rooms","__zoom":17,"__mvtId":771,"__building":"eszaki","__ringVerts":20,"id":771,"catalogFloorId":8},"geometry":{"type":"Polygon","coordinates":[[[19.061832046,47.474203812],[19.061834057,47.474211517],[19.061844116,47.474209704],[19.061848139,47.474222848],[19.061838081,47.474224208],[19.061840092,47.4742301],[19.061834057,47.474231913],[19.061840092,47.474231007],[19.061851492,47.47426772],[19.06186155,47.474266361],[19.061865573,47.474279052],[19.061855515,47.474280411],[19.061856856,47.474286304],[19.061850821,47.474288117],[19.061781754,47.474296728],[19.061764991,47.474241885],[19.061820646,47.47423282],[19.06176432,47.474240525],[19.061756273,47.474214237],[19.061832046,47.474203812]]]}},{"type":"Feature","id":1025,"properties":{"buildingId":2,"floorId":11,"roomNumber":"6.54/A","roomName":"6.54/A ","scope":"budapest/lagymanyos/eszaki/6/LÉ-6-54-A-02-33","roomCode":"LÉ-6-54/A-02-33","roomType":"administrative","__tile":"17/72476/45847","__layer":"rooms","__zoom":17,"__mvtId":1025,"__building":"eszaki","__ringVerts":6,"id":1025,"catalogFloorId":11},"geometry":{"type":"Polygon","coordinates":[[[19.061816316,47.474343364],[19.061824363,47.474370106],[19.061749261,47.474380531],[19.061741214,47.474354242],[19.061806258,47.474345177],[19.061816316,47.474343364]]]}},{"type":"Feature","id":1026,"properties":{"buildingId":2,"floorId":11,"roomNumber":"6.54/B","roomName":"6.54/B ","scope":"budapest/lagymanyos/eszaki/6/LÉ-6-54-B-02-33","roomCode":"LÉ-6-54/B-02-33","roomType":"administrative","__tile":"17/72476/45847","__layer":"rooms","__zoom":17,"__mvtId":1026,"__building":"eszaki","__ringVerts":5,"id":1026,"catalogFloorId":11},"geometry":{"type":"Polygon","coordinates":[[[19.061827609,47.474313465],[19.061835656,47.47434066],[19.061761895,47.474350631],[19.061751837,47.474323889],[19.061827609,47.474313465]]]}},{"type":"Feature","id":1027,"properties":{"buildingId":2,"floorId":11,"roomNumber":"6.55","roomName":"6.55 F6 titkárság","scope":"budapest/lagymanyos/eszaki/6/LÉ-6-55-02-33","roomCode":"LÉ-6-55-02-33","roomType":"administrative","__tile":"17/72476/45847","__layer":"rooms","__zoom":17,"__mvtId":1027,"__building":"eszaki","__ringVerts":6,"id":1027,"catalogFloorId":11},"geometry":{"type":"Polygon","coordinates":[[[19.061842517,47.474258809],[19.061850564,47.474285097],[19.061774792,47.474295522],[19.061766745,47.474269233],[19.061831789,47.474260168],[19.061842517,47.474258809]]]}},{"type":"Feature","id":1031,"properties":{"buildingId":2,"floorId":11,"roomNumber":"6.59","roomName":"6.59 F6 Oktató","scope":"budapest/lagymanyos/eszaki/6/LÉ-6-59-01-13","roomCode":"LÉ-6-59-01-13","roomType":"educational","__tile":"17/72476/45847","__layer":"rooms","__zoom":17,"__mvtId":1031,"__building":"eszaki","__ringVerts":6,"id":1031,"catalogFloorId":11},"geometry":{"type":"Polygon","coordinates":[[[19.061874163,47.474145405],[19.061876845,47.474153563],[19.06188221,47.474172147],[19.061806437,47.474182572],[19.061800402,47.474155376],[19.061874163,47.474145405]]]}},{"type":"Feature","id":36600,"properties":{"buildingId":2,"floorId":4,"roomNumber":"*P-KX","roomName":"Folyosó","scope":"budapest/lagymanyos/eszaki/-1/LK--1-100-4-04-63","roomCode":"LK--1-100/4-04-63","roomType":"corridor","__tile":"17/72476/45847","__layer":"rooms","__zoom":17,"__mvtId":36600,"__building":"eszaki","__ringVerts":9,"id":36600,"catalogFloorId":4},"geometry":{"type":"Polygon","coordinates":[[[19.061779155,47.474567844],[19.061764402,47.474518439],[19.061813353,47.474518439],[19.061826764,47.474561498],[19.061812012,47.474563311],[19.061814023,47.474569204],[19.061791225,47.474572376],[19.061789213,47.474566484],[19.061779155,47.474567844]]]}},{"type":"Feature","id":36448,"properties":{"buildingId":2,"floorId":4,"roomNumber":"P.52/A B5C (-1.24)","roomName":"Elektronmikroszkópos előkészítő","scope":"budapest/lagymanyos/eszaki/-1/LÉ--1-124-01-15","roomCode":"LÉ--1-124-01-15","roomType":"educational","__tile":"17/72476/45847","__layer":"rooms","__zoom":17,"__mvtId":36448,"__building":"eszaki","__ringVerts":5,"id":36448,"catalogFloorId":4},"geometry":{"type":"Polygon","coordinates":[[[19.06182158,47.474311694],[19.061831639,47.474344781],[19.061759219,47.4743543],[19.061749831,47.474321666],[19.06182158,47.474311694]]]}},{"type":"Feature","id":36504,"properties":{"buildingId":2,"floorId":4,"roomNumber":"P.52 -(-1.61)","roomName":"Folyosó","scope":"budapest/lagymanyos/eszaki/-1/LÉ--1-161-04-63","roomCode":"LÉ--1-161-04-63","roomType":"corridor","__tile":"17/72476/45847","__layer":"rooms","__zoom":17,"__mvtId":36504,"__building":"eszaki","__ringVerts":10,"id":36504,"catalogFloorId":4},"geometry":{"type":"Polygon","coordinates":[[[19.061919727,47.474032267],[19.061925091,47.474049944],[19.06185133,47.474059916],[19.061849319,47.474053117],[19.061846636,47.47405357],[19.061847978,47.474059009],[19.06183926,47.474061275],[19.061834567,47.474044505],[19.061894246,47.47403544],[19.061919727,47.474032267]]]}},{"type":"Feature","id":36506,"properties":{"buildingId":2,"floorId":4,"roomNumber":"P.56/A B1 (-160)","roomName":"Előkészítő","scope":"budapest/lagymanyos/eszaki/-1/LÉ--1-160-B-01-15","roomCode":"LÉ--1-160/B-01-15","roomType":"educational","__tile":"17/72476/45847","__layer":"rooms","__zoom":17,"__mvtId":36506,"__building":"eszaki","__ringVerts":5,"id":36506,"catalogFloorId":4},"geometry":{"type":"Polygon","coordinates":[[[19.061852283,47.474149617],[19.061859659,47.474176359],[19.061807356,47.474183157],[19.06179998,47.474157775],[19.061852283,47.474149617]]]}},{"type":"Feature","id":37029,"properties":{"buildingId":2,"floorId":6,"roomNumber":"1.86","roomName":"Iroda","scope":"budapest/lagymanyos/eszaki/1/LÉ-1-86-02-33","roomCode":"LÉ-1-86-02-33","roomType":"administrative","__tile":"17/72476/45847","__layer":"rooms","__zoom":17,"__mvtId":37029,"__building":"eszaki","__ringVerts":12,"id":37029,"catalogFloorId":6},"geometry":{"type":"Polygon","coordinates":[[[19.061846524,47.474200747],[19.061857253,47.47423746],[19.061867312,47.474236101],[19.061871335,47.474249245],[19.061861277,47.474250605],[19.061862618,47.47425559],[19.061788186,47.474266015],[19.06178081,47.474239727],[19.061782822,47.474236554],[19.061779469,47.474237007],[19.061772093,47.474210718],[19.061846524,47.474200747]]]}},{"type":"Feature","id":36958,"properties":{"buildingId":2,"floorId":6,"roomNumber":"137","roomName":"Labor","scope":"budapest/lagymanyos/eszaki/1/LK-1-137-01-14","roomCode":"LK-1-137-01-14","roomType":"educational","__tile":"17/72476/45847","__layer":"rooms","__zoom":17,"__mvtId":36958,"__building":"eszaki","__ringVerts":5,"id":36958,"catalogFloorId":6},"geometry":{"type":"Polygon","coordinates":[[[19.061834422,47.474583836],[19.061821011,47.474540777],[19.061891419,47.474540777],[19.061902147,47.474575224],[19.061834422,47.474583836]]]}},{"type":"Feature","id":36671,"properties":{"buildingId":2,"floorId":5,"roomNumber":"F.74/A M1 (0.93)","roomName":"Iroda","scope":"budapest/lagymanyos/eszaki/0/LÉ-0-093-02-33","roomCode":"LÉ-0-093-02-33","roomType":"administrative","__tile":"17/72476/45847","__layer":"rooms","__zoom":17,"__mvtId":36671,"__building":"eszaki","__ringVerts":5,"id":36671,"catalogFloorId":5},"geometry":{"type":"Polygon","coordinates":[[[19.061830517,47.474291017],[19.061837893,47.4743164],[19.061768827,47.474325465],[19.06176145,47.474300536],[19.061830517,47.474291017]]]}},{"type":"Feature","id":36676,"properties":{"buildingId":2,"floorId":5,"roomNumber":"034","roomName":"Előkészítő","scope":"budapest/lagymanyos/eszaki/0/LK-0-034-01-15","roomCode":"LK-0-034-01-15","roomType":"educational","__tile":"16/36238/22923","__layer":"rooms","__zoom":16,"__mvtId":36676,"__building":"eszaki","__ringVerts":5,"id":36676,"catalogFloorId":5},"geometry":{"type":"Polygon","coordinates":[[[19.061818416,47.474619805],[19.061826463,47.474647],[19.061805005,47.474649719],[19.061796959,47.474623431],[19.061818416,47.474619805]]]}},{"type":"Feature","id":36520,"properties":{"buildingId":2,"floorId":4,"roomNumber":"P-K9","roomName":"Folyosó","scope":"budapest/lagymanyos/eszaki/-1/LÉ--1-K9-04-63","roomCode":"LÉ--1-K9-04-63","roomType":"corridor","__tile":"17/72476/45847","__layer":"rooms","__zoom":17,"__mvtId":36520,"__building":"eszaki","__ringVerts":38,"id":36520,"catalogFloorId":4},"geometry":{"type":"Polygon","coordinates":[[[19.0618306,47.474331046],[19.061839988,47.474364133],[19.061859434,47.474361414],[19.061868151,47.474390422],[19.061872175,47.474389516],[19.061874857,47.474398581],[19.061870163,47.474399034],[19.061872845,47.474407192],[19.061876869,47.474406739],[19.061879551,47.474415351],[19.061875527,47.474415804],[19.06187821,47.474424416],[19.061882233,47.474423963],[19.061884915,47.474432121],[19.061880892,47.474432575],[19.061888938,47.474460676],[19.061868822,47.474463396],[19.061879551,47.474498296],[19.061849376,47.474502829],[19.061846023,47.474493764],[19.061835965,47.474495124],[19.061832612,47.474484699],[19.061843341,47.474482886],[19.061837977,47.474465662],[19.061827248,47.474467475],[19.061823895,47.474456144],[19.061834624,47.474454331],[19.061819201,47.474401753],[19.061813166,47.474380904],[19.061801767,47.474382717],[19.061799084,47.474372292],[19.061809813,47.474370932],[19.061804449,47.474353255],[19.06179372,47.474354615],[19.061790367,47.474342377],[19.061801096,47.474340564],[19.061799084,47.474335125],[19.0618306,47.474331046]]]}},{"type":"Feature","id":36695,"properties":{"buildingId":2,"floorId":5,"roomNumber":"F.64-66 B1 (0.99)","roomName":"0.99 Előadó","scope":"budapest/lagymanyos/eszaki/0/LÉ-0-092-01-16","roomCode":"LÉ-0-092-01-16","roomType":"educational","__tile":"17/72476/45847","__layer":"rooms","__zoom":17,"__mvtId":36695,"__building":"eszaki","__ringVerts":9,"id":36695,"catalogFloorId":5},"geometry":{"type":"Polygon","coordinates":[[[19.061893166,47.474022621],[19.061909259,47.474076105],[19.061836169,47.474086076],[19.061831475,47.474084717],[19.061828122,47.474086983],[19.061751009,47.474097408],[19.061734245,47.474042111],[19.061808006,47.47403214],[19.061893166,47.474022621]]]}},{"type":"Feature","id":36830,"properties":{"buildingId":2,"floorId":5,"roomNumber":"F.K9","roomName":"Közlekedő Ny-i lift előtt","scope":"budapest/lagymanyos/eszaki/0/LÉ-0-F.K9-04-63","roomCode":"LÉ-0-F.K9-04-63","roomType":"corridor","__tile":"17/72476/45847","__layer":"rooms","__zoom":17,"__mvtId":36830,"__building":"eszaki","__ringVerts":29,"id":36830,"catalogFloorId":5},"geometry":{"type":"Polygon","coordinates":[[[19.061830255,47.474319071],[19.061841654,47.474356692],[19.061863112,47.474353972],[19.061871829,47.47438298],[19.061875182,47.474382527],[19.061877864,47.474391592],[19.061874511,47.474392045],[19.061887922,47.474425133],[19.06188457,47.474425586],[19.061892616,47.474453688],[19.061871829,47.474456407],[19.06188457,47.474496747],[19.061853724,47.474501279],[19.061849701,47.474488588],[19.061839643,47.474489948],[19.061835619,47.47447771],[19.061846348,47.47447635],[19.061840984,47.474458674],[19.061830255,47.474460033],[19.061827573,47.474449608],[19.061837631,47.474448249],[19.061818856,47.474385247],[19.061815503,47.474373915],[19.061806115,47.474375275],[19.061803433,47.47436485],[19.061812821,47.47436349],[19.061801421,47.474325417],[19.061804103,47.474322244],[19.061830255,47.474319071]]]}},{"type":"Feature","id":36956,"properties":{"buildingId":2,"floorId":6,"roomNumber":"136","roomName":"Előkészítő","scope":"budapest/lagymanyos/eszaki/1/LK-1-136-01-15","roomCode":"LK-1-136-01-15","roomType":"educational","__tile":"16/36238/22923","__layer":"rooms","__zoom":16,"__mvtId":36956,"__building":"eszaki","__ringVerts":5,"id":36956,"catalogFloorId":6},"geometry":{"type":"Polygon","coordinates":[[[19.061859381,47.47462085],[19.061867428,47.474647138],[19.061800373,47.474656203],[19.061792326,47.474629915],[19.061859381,47.47462085]]]}},{"type":"Feature","id":1112,"properties":{"buildingId":2,"floorId":12,"roomNumber":"7.48/A","roomName":"7.48/A Férfi mosdó","scope":"budapest/lagymanyos/eszaki/7/LÉ-7-48-A-05-71","roomCode":"LÉ-7-48/A-05-71","roomType":"social","__tile":"17/72476/45847","__layer":"rooms","__zoom":17,"__mvtId":1112,"__building":"eszaki","__ringVerts":5,"id":1112,"catalogFloorId":12},"geometry":{"type":"Polygon","coordinates":[[[19.061862273,47.474473323],[19.061869649,47.474496439],[19.061841486,47.474500518],[19.06183411,47.474477402],[19.061862273,47.474473323]]]}},{"type":"Feature","id":392,"properties":{"buildingId":2,"floorId":9,"roomNumber":"429","roomName":"4.429 Műszeres labor","scope":"budapest/lagymanyos/eszaki/4/LK-4-429-01-14","roomCode":"LK-4-429-01-14","roomType":"educational","__tile":"16/36238/22923","__layer":"rooms","__zoom":16,"__mvtId":392,"__building":"eszaki","__ringVerts":5,"id":392,"catalogFloorId":9},"geometry":{"type":"Polygon","coordinates":[[[19.061875218,47.474562059],[19.061892653,47.474617355],[19.061825597,47.474627326],[19.061808163,47.474572031],[19.061875218,47.474562059]]]}},{"type":"Feature","id":37028,"properties":{"buildingId":2,"floorId":6,"roomNumber":"1.85","roomName":"Iroda","scope":"budapest/lagymanyos/eszaki/1/LÉ-1-85-02-33","roomCode":"LÉ-1-85-02-33","roomType":"administrative","__tile":"17/72476/45847","__layer":"rooms","__zoom":17,"__mvtId":37028,"__building":"eszaki","__ringVerts":5,"id":37028,"catalogFloorId":6},"geometry":{"type":"Polygon","coordinates":[[[19.061838129,47.474262435],[19.061846176,47.474288724],[19.061771745,47.474299149],[19.061767051,47.474273767],[19.061838129,47.474262435]]]}},{"type":"Feature","id":641,"properties":{"buildingId":2,"floorId":7,"roomNumber":"2.103","roomName":"2.103 Oktatói","scope":"budapest/lagymanyos/eszaki/2/LÉ-2-103-01-13","roomCode":"LÉ-2-103-01-13","roomType":"educational","__tile":"17/72476/45847","__layer":"rooms","__zoom":17,"__mvtId":641,"__building":"eszaki","__ringVerts":10,"id":641,"catalogFloorId":7},"geometry":{"type":"Polygon","coordinates":[[[19.061996506,47.474470004],[19.062000529,47.47447227],[19.062012599,47.474511703],[19.061999859,47.474513516],[19.061997847,47.474507171],[19.061983095,47.474509437],[19.061985107,47.474514423],[19.061971696,47.474516689],[19.061958955,47.474475443],[19.061996506,47.474470004]]]}},{"type":"Feature","id":1072,"properties":{"buildingId":2,"floorId":11,"roomNumber":"6.99","roomName":"6,99","scope":"budapest/lagymanyos/eszaki/6/LÉ-6-99-02-33","roomCode":"LÉ-6-99-02-33","roomType":"administrative","__tile":"17/72476/45847","__layer":"rooms","__zoom":17,"__mvtId":1072,"__building":"eszaki","__ringVerts":11,"id":1072,"catalogFloorId":11},"geometry":{"type":"Polygon","coordinates":[[[19.061999065,47.4744712],[19.062003088,47.474473466],[19.062014488,47.474511993],[19.062001747,47.474513806],[19.062000406,47.474508367],[19.061984983,47.474510633],[19.061986995,47.474516072],[19.061974255,47.474517885],[19.061964867,47.474488424],[19.061961514,47.474476186],[19.061999065,47.4744712]]]}},{"type":"Feature","id":1184,"properties":{"buildingId":2,"floorId":14,"roomNumber":"9.L7","roomName":"9.L7 Lépcsőház 3 karú","scope":"budapest/lagymanyos/eszaki/9/LÉ-9-L7-04-64","roomCode":"LÉ-9-L7-04-64","roomType":"corridor","__tile":"17/72476/45847","__layer":"rooms","__zoom":17,"__mvtId":1184,"__building":"eszaki","__ringVerts":5,"id":1184,"catalogFloorId":14},"geometry":{"type":"Polygon","coordinates":[[[19.062262895,47.4744419],[19.062274965,47.474480426],[19.062193828,47.474492211],[19.062181758,47.474453684],[19.062262895,47.4744419]]]}},{"type":"Feature","id":886,"properties":{"buildingId":2,"floorId":10,"roomNumber":"5.100","roomName":"5.100 Teakonyha","scope":"budapest/lagymanyos/eszaki/5/LÉ-5-100-05-77","roomCode":"LÉ-5-100-05-77","roomType":"social","__tile":"17/72476/45847","__layer":"rooms","__zoom":17,"__mvtId":886,"__building":"eszaki","__ringVerts":5,"id":886,"catalogFloorId":10},"geometry":{"type":"Polygon","coordinates":[[[19.062163479,47.474452856],[19.062170855,47.474478692],[19.062142692,47.474482771],[19.062134645,47.474456029],[19.062163479,47.474452856]]]}},{"type":"Feature","id":979,"properties":{"buildingId":2,"floorId":10,"roomNumber":"5.98/A","roomName":"5.98/A WC","scope":"budapest/lagymanyos/eszaki/5/LÉ-5-98-A-05-71","roomCode":"LÉ-5-98/A-05-71","roomType":"social","__tile":"17/72476/45847","__layer":"rooms","__zoom":17,"__mvtId":979,"__building":"eszaki","__ringVerts":6,"id":979,"catalogFloorId":10},"geometry":{"type":"Polygon","coordinates":[[[19.062049541,47.47443549],[19.062051552,47.474443195],[19.062033448,47.474445915],[19.062031436,47.474438663],[19.062039483,47.47443685],[19.062049541,47.47443549]]]}},{"type":"Feature","id":36661,"properties":{"buildingId":2,"floorId":5,"roomNumber":"F.69/C","roomName":"Férfi WC","scope":"budapest/lagymanyos/eszaki/0/LÉ-0-112-B-05-71","roomCode":"LÉ-0-112/B-05-71","roomType":"social","__tile":"17/72476/45847","__layer":"rooms","__zoom":17,"__mvtId":36661,"__building":"eszaki","__ringVerts":5,"id":36661,"catalogFloorId":5},"geometry":{"type":"Polygon","coordinates":[[[19.061919184,47.474488555],[19.061925219,47.474509405],[19.061901749,47.474513031],[19.061895044,47.474491728],[19.061919184,47.474488555]]]}},{"type":"Feature","id":802,"properties":{"buildingId":2,"floorId":8,"roomNumber":"3-K12","roomName":"3.K12 Közlekedő (Közép 2000 kg lift előútt","scope":"budapest/lagymanyos/eszaki/3/LÉ-3-K12-04-63","roomCode":"LÉ-3-K12-04-63","roomType":"corridor","__tile":"17/72476/45847","__layer":"rooms","__zoom":17,"__mvtId":802,"__building":"eszaki","__ringVerts":26,"id":802,"catalogFloorId":8},"geometry":{"type":"Polygon","coordinates":[[[19.062293496,47.4744496],[19.06229886,47.474465011],[19.062257957,47.474470903],[19.062259298,47.474473623],[19.062241863,47.474475889],[19.062240522,47.474473169],[19.062231135,47.474474529],[19.062233146,47.474481328],[19.062184866,47.474488127],[19.062148657,47.474493113],[19.062148657,47.474486314],[19.061826121,47.474531186],[19.061821427,47.474515322],[19.061947491,47.474497645],[19.061945479,47.474492659],[19.061956879,47.474490846],[19.061960231,47.474495832],[19.06195889,47.474492206],[19.06195822,47.474489487],[19.06197096,47.474487673],[19.061972972,47.474494019],[19.062196936,47.474463198],[19.062194925,47.474457759],[19.062205654,47.474456399],[19.062206995,47.474461838],[19.062293496,47.4744496]],[[19.062170114,47.474484047],[19.062171455,47.474484047],[19.062170785,47.474483141],[19.062169444,47.474483141],[19.062170114,47.474484047]],[[19.062180173,47.474482688],[19.062181514,47.474482688],[19.062181514,47.474481781],[19.062180173,47.474481781],[19.062180173,47.474482688]],[[19.062202301,47.474479515],[19.062203642,47.474479515],[19.062203642,47.474478608],[19.062202301,47.474478608],[19.062202301,47.474479515]]]}},{"type":"Feature","id":984,"properties":{"buildingId":2,"floorId":10,"roomNumber":"5/K12","roomName":"5.K12 Közlekedő (Közép 2000 kg lift előútt","scope":"budapest/lagymanyos/eszaki/5/LÉ-5-K12-04-63","roomCode":"LÉ-5-K12-04-63","roomType":"corridor","__tile":"17/72476/45847","__layer":"rooms","__zoom":17,"__mvtId":984,"__building":"eszaki","__ringVerts":20,"id":984,"catalogFloorId":10},"geometry":{"type":"Polygon","coordinates":[[[19.062315711,47.474448879],[19.062321075,47.47446429],[19.062251338,47.474474261],[19.062255361,47.474480607],[19.062170871,47.474492391],[19.062170871,47.474485593],[19.061848336,47.474530465],[19.061843642,47.474514601],[19.061969035,47.474497377],[19.061967024,47.474491938],[19.061979094,47.474490125],[19.061982446,47.474495111],[19.061980435,47.474488765],[19.061993175,47.474486952],[19.061995187,47.474493298],[19.062219151,47.474462477],[19.06221714,47.474457038],[19.062227868,47.474455678],[19.06222921,47.474461117],[19.062315711,47.474448879]],[[19.062192329,47.474483326],[19.06219367,47.474483326],[19.062193,47.47448242],[19.062191659,47.47448242],[19.062192329,47.474483326]],[[19.062202387,47.474481967],[19.062203729,47.474481967],[19.062203729,47.47448106],[19.062202387,47.47448106],[19.062202387,47.474481967]],[[19.062224516,47.474478794],[19.062225857,47.474478794],[19.062225857,47.474477887],[19.062224516,47.474477887],[19.062224516,47.474478794]]]}},{"type":"Feature","id":725,"properties":{"buildingId":2,"floorId":8,"roomNumber":"3.107","roomName":"3.107 Teakonyha","scope":"budapest/lagymanyos/eszaki/3/LÉ-3-107-05-77","roomCode":"LÉ-3-107-05-77","roomType":"social","__tile":"17/72476/45847","__layer":"rooms","__zoom":17,"__mvtId":725,"__building":"eszaki","__ringVerts":5,"id":725,"catalogFloorId":8},"geometry":{"type":"Polygon","coordinates":[[[19.06216362,47.474452549],[19.062170996,47.474478385],[19.062142833,47.474482464],[19.062134786,47.474456628],[19.06216362,47.474452549]]]}},{"type":"Feature","id":1071,"properties":{"buildingId":2,"floorId":11,"roomNumber":"6.97","roomName":"6.97 Teakonyha","scope":"budapest/lagymanyos/eszaki/6/LÉ-6-97-05-77","roomCode":"LÉ-6-97-05-77","roomType":"social","__tile":"17/72476/45847","__layer":"rooms","__zoom":17,"__mvtId":1071,"__building":"eszaki","__ringVerts":6,"id":1071,"catalogFloorId":11},"geometry":{"type":"Polygon","coordinates":[[[19.062161553,47.474452335],[19.062165577,47.474465479],[19.062168929,47.47447817],[19.062140766,47.474482249],[19.062132719,47.474456414],[19.062161553,47.474452335]]]}},{"type":"Feature","id":981,"properties":{"buildingId":2,"floorId":10,"roomNumber":"5.98/C","roomName":"5.98/C Zuhanyozó","scope":"budapest/lagymanyos/eszaki/5/LÉ-5-98-C-05-71","roomCode":"LÉ-5-98/C-05-71","roomType":"social","__tile":"17/72476/45847","__layer":"rooms","__zoom":17,"__mvtId":981,"__building":"eszaki","__ringVerts":7,"id":981,"catalogFloorId":10},"geometry":{"type":"Polygon","coordinates":[[[19.062105561,47.474445208],[19.062111596,47.474459259],[19.062106232,47.474460165],[19.062108914,47.474468324],[19.062096174,47.474470137],[19.062089468,47.474447474],[19.062105561,47.474445208]]]}},{"type":"Feature","id":889,"properties":{"buildingId":2,"floorId":10,"roomNumber":"5.103","roomName":"5.103 Oktató","scope":"budapest/lagymanyos/eszaki/5/LÉ-5-103-01-13","roomCode":"LÉ-5-103-01-13","roomType":"educational","__tile":"17/72476/45847","__layer":"rooms","__zoom":17,"__mvtId":889,"__building":"eszaki","__ringVerts":9,"id":889,"catalogFloorId":10},"geometry":{"type":"Polygon","coordinates":[[[19.062087175,47.4744886],[19.062098575,47.4745303],[19.062017438,47.474541631],[19.062004027,47.474500385],[19.062043589,47.474494946],[19.06204493,47.474499025],[19.062048954,47.474498572],[19.062047613,47.474494039],[19.062087175,47.4744886]]]}},{"type":"Feature","id":36528,"properties":{"buildingId":2,"floorId":4,"roomNumber":"P.61","roomName":"Férfi WC","scope":"budapest/lagymanyos/eszaki/-1/LÉ--1-183-B-05-71","roomCode":"LÉ--1-183/B-05-71","roomType":"social","__tile":"17/72476/45847","__layer":"rooms","__zoom":17,"__mvtId":36528,"__building":"eszaki","__ringVerts":5,"id":36528,"catalogFloorId":4},"geometry":{"type":"Polygon","coordinates":[[[19.06192009,47.474487576],[19.061926125,47.474509332],[19.061903997,47.474512052],[19.061897292,47.474490749],[19.06192009,47.474487576]]]}},{"type":"Feature","id":36832,"properties":{"buildingId":2,"floorId":5,"roomNumber":"F.K12","roomName":"Folyosó","scope":"budapest/lagymanyos/eszaki/0/LÉ-0-K12-04-63","roomCode":"LÉ-0-K12-04-63","roomType":"corridor","__tile":"17/72476/45847","__layer":"rooms","__zoom":17,"__mvtId":36832,"__building":"eszaki","__ringVerts":6,"id":36832,"catalogFloorId":5},"geometry":{"type":"Polygon","coordinates":[[[19.06195967,47.474446481],[19.061966375,47.474468691],[19.06191139,47.474475943],[19.061857075,47.474483195],[19.06185037,47.474461439],[19.06195967,47.474446481]]]}},{"type":"Feature","id":36840,"properties":{"buildingId":2,"floorId":5,"roomNumber":"F-L7","roomName":"Lépcsőház","scope":"budapest/lagymanyos/eszaki/0/LÉ-0-L7-04-64","roomCode":"LÉ-0-L7-04-64","roomType":"corridor","__tile":"17/72476/45847","__layer":"rooms","__zoom":17,"__mvtId":36840,"__building":"eszaki","__ringVerts":5,"id":36840,"catalogFloorId":5},"geometry":{"type":"Polygon","coordinates":[[[19.062266586,47.474445929],[19.062277985,47.474484456],[19.062188131,47.474496694],[19.062176732,47.474458167],[19.062266586,47.474445929]]]}},{"type":"Feature","id":1108,"properties":{"buildingId":2,"floorId":12,"roomNumber":"7.45","roomName":"7.45 Teakonyha","scope":"budapest/lagymanyos/eszaki/7/LÉ-7-45-05-77","roomCode":"LÉ-7-45-05-77","roomType":"social","__tile":"17/72476/45847","__layer":"rooms","__zoom":17,"__mvtId":1108,"__building":"eszaki","__ringVerts":5,"id":1108,"catalogFloorId":12},"geometry":{"type":"Polygon","coordinates":[[[19.062163384,47.474452979],[19.06217143,47.474479268],[19.062142597,47.474483347],[19.06213455,47.474456152],[19.062163384,47.474452979]]]}},{"type":"Feature","id":36563,"properties":{"buildingId":2,"floorId":4,"roomNumber":"*P.47/B","roomName":"WC","scope":"budapest/lagymanyos/eszaki/-1/LÉ--1-166-B-05-71","roomCode":"LÉ--1-166/B-05-71","roomType":"social","__tile":"17/72476/45847","__layer":"rooms","__zoom":17,"__mvtId":36563,"__building":"eszaki","__ringVerts":5,"id":36563,"catalogFloorId":4},"geometry":{"type":"Polygon","coordinates":[[[19.062323616,47.473999766],[19.062325628,47.474007018],[19.062307523,47.474009284],[19.062304841,47.474002486],[19.062323616,47.473999766]]]}},{"type":"Feature","id":1172,"properties":{"buildingId":2,"floorId":13,"roomNumber":"8-L6","roomName":"8.L6 Lépcsőház DNY","scope":"budapest/lagymanyos/eszaki/8/LÉ-8-L6-04-64","roomCode":"LÉ-8-L6-04-64","roomType":"corridor","__tile":"17/72476/45847","__layer":"rooms","__zoom":17,"__mvtId":1172,"__building":"eszaki","__ringVerts":8,"id":1172,"catalogFloorId":13},"geometry":{"type":"Polygon","coordinates":[[[19.062042809,47.474079888],[19.062050185,47.474103457],[19.061964355,47.474115241],[19.061959661,47.474100737],[19.061967707,47.474099378],[19.061965025,47.474090766],[19.062039456,47.474080341],[19.062042809,47.474079888]]]}},{"type":"Feature","id":952,"properties":{"buildingId":2,"floorId":10,"roomNumber":"5.78","roomName":"5.78 Oktató","scope":"budapest/lagymanyos/eszaki/5/LÉ-5-78-01-13","roomCode":"LÉ-5-78-01-13","roomType":"educational","__tile":"17/72476/45847","__layer":"rooms","__zoom":17,"__mvtId":952,"__building":"eszaki","__ringVerts":6,"id":952,"catalogFloorId":10},"geometry":{"type":"Polygon","coordinates":[[[19.062205092,47.474098291],[19.062216491,47.474135457],[19.062176258,47.474140896],[19.062165529,47.47410509],[19.062197045,47.474099651],[19.062205092,47.474098291]]]}},{"type":"Feature","id":949,"properties":{"buildingId":2,"floorId":10,"roomNumber":"5.75","roomName":"5,75","scope":"budapest/lagymanyos/eszaki/5/LÉ-5-75-01-13","roomCode":"LÉ-5-75-01-13","roomType":"educational","__tile":"17/72476/45847","__layer":"rooms","__zoom":17,"__mvtId":949,"__building":"eszaki","__ringVerts":6,"id":949,"catalogFloorId":10},"geometry":{"type":"Polygon","coordinates":[[[19.062363585,47.474116927],[19.062374984,47.474154094],[19.062293847,47.474165425],[19.062282448,47.474128258],[19.06235822,47.474117833],[19.062363585,47.474116927]]]}},{"type":"Feature","id":853,"properties":{"buildingId":2,"floorId":9,"roomNumber":"4.71","roomName":"4.71 Oktató","scope":"budapest/lagymanyos/eszaki/4/LÉ-4-71-01-13","roomCode":"LÉ-4-71-01-13","roomType":"educational","__tile":"17/72476/45847","__layer":"rooms","__zoom":17,"__mvtId":853,"__building":"eszaki","__ringVerts":6,"id":853,"catalogFloorId":9},"geometry":{"type":"Polygon","coordinates":[[[19.062377853,47.474112176],[19.062389252,47.474149342],[19.062308115,47.474160674],[19.062302751,47.47414345],[19.062296716,47.474123507],[19.062377853,47.474112176]]]}},{"type":"Feature","id":686,"properties":{"buildingId":2,"floorId":7,"roomNumber":"2.76","roomName":"2.76 Oktató","scope":"budapest/lagymanyos/eszaki/2/LÉ-2-76-01-13","roomCode":"LÉ-2-76-01-13","roomType":"educational","__tile":"17/72476/45847","__layer":"rooms","__zoom":17,"__mvtId":686,"__building":"eszaki","__ringVerts":6,"id":686,"catalogFloorId":7},"geometry":{"type":"Polygon","coordinates":[[[19.062363645,47.474116993],[19.062375044,47.47415416],[19.062293907,47.474165491],[19.062282508,47.474128324],[19.06235828,47.474117899],[19.062363645,47.474116993]]]}},{"type":"Feature","id":1080,"properties":{"buildingId":2,"floorId":12,"roomNumber":"7.18","roomName":"7.18-21 Kari Tanácsterem","scope":"budapest/lagymanyos/eszaki/7/LÉ-7-18-01-17","roomCode":"LÉ-7-18-01-17","roomType":"educational","__tile":"17/72476/45847","__layer":"rooms","__zoom":17,"__mvtId":1080,"__building":"eszaki","__ringVerts":14,"id":1080,"catalogFloorId":12},"geometry":{"type":"Polygon","coordinates":[[[19.062138594,47.474007502],[19.062141947,47.474009315],[19.06215737,47.474059626],[19.062154017,47.474060079],[19.062155358,47.474064158],[19.062036671,47.474080475],[19.062019907,47.474029711],[19.062033318,47.474027445],[19.062031977,47.474022459],[19.062054775,47.474019286],[19.062056117,47.474021553],[19.062063493,47.474020646],[19.062067516,47.474016114],[19.062138594,47.474007502]]]}},{"type":"Feature","id":1047,"properties":{"buildingId":2,"floorId":11,"roomNumber":"6.75","roomName":"6.75 D12 tárgyaló","scope":"budapest/lagymanyos/eszaki/6/LÉ-6-75-01-17","roomCode":"LÉ-6-75-01-17","roomType":"educational","__tile":"17/72476/45847","__layer":"rooms","__zoom":17,"__mvtId":1047,"__building":"eszaki","__ringVerts":5,"id":1047,"catalogFloorId":11},"geometry":{"type":"Polygon","coordinates":[[[19.062367369,47.474113774],[19.062378768,47.474150941],[19.062297632,47.474162272],[19.062286232,47.474125559],[19.062367369,47.474113774]]]}},{"type":"Feature","id":687,"properties":{"buildingId":2,"floorId":7,"roomNumber":"2.77","roomName":"2.77 Hallgatói Laboratórium \"B\"","scope":"budapest/lagymanyos/eszaki/2/LÉ-2-77-01-14","roomCode":"LÉ-2-77-01-14","roomType":"educational","__tile":"17/72476/45847","__layer":"rooms","__zoom":17,"__mvtId":687,"__building":"eszaki","__ringVerts":5,"id":687,"catalogFloorId":7},"geometry":{"type":"Polygon","coordinates":[[[19.062284702,47.474102532],[19.062296101,47.474139698],[19.062214965,47.474150576],[19.062203565,47.474113863],[19.062284702,47.474102532]]]}},{"type":"Feature","id":676,"properties":{"buildingId":2,"floorId":7,"roomNumber":"2.66","roomName":"2.66 Intézet igazgató","scope":"budapest/lagymanyos/eszaki/2/LÉ-2-66-01-13","roomCode":"LÉ-2-66-01-13","roomType":"educational","__tile":"17/72476/45847","__layer":"rooms","__zoom":17,"__mvtId":676,"__building":"eszaki","__ringVerts":6,"id":676,"catalogFloorId":7},"geometry":{"type":"Polygon","coordinates":[[[19.06210269,47.474009738],[19.062118784,47.474066394],[19.062079892,47.474071833],[19.062063798,47.474017896],[19.06206581,47.474015177],[19.06210269,47.474009738]]]}},{"type":"Feature","id":680,"properties":{"buildingId":2,"floorId":7,"roomNumber":"2.70","roomName":"2.70 Oktató","scope":"budapest/lagymanyos/eszaki/2/LÉ-2-70-01-13","roomCode":"LÉ-2-70-01-13","roomType":"educational","__tile":"17/72476/45847","__layer":"rooms","__zoom":17,"__mvtId":680,"__building":"eszaki","__ringVerts":6,"id":680,"catalogFloorId":7},"geometry":{"type":"Polygon","coordinates":[[[19.062269083,47.474032984],[19.062285177,47.474089641],[19.062246285,47.47409508],[19.062230191,47.474041143],[19.062232203,47.47403797],[19.062269083,47.474032984]]]}},{"type":"Feature","id":779,"properties":{"buildingId":2,"floorId":8,"roomNumber":"3.79","roomName":"3.79 Oktató","scope":"budapest/lagymanyos/eszaki/3/LÉ-3-79-01-13","roomCode":"LÉ-3-79-01-13","roomType":"educational","__tile":"17/72476/45847","__layer":"rooms","__zoom":17,"__mvtId":779,"__building":"eszaki","__ringVerts":7,"id":779,"catalogFloorId":8},"geometry":{"type":"Polygon","coordinates":[[[19.06218736,47.474017035],[19.062204124,47.474071878],[19.062164561,47.474078677],[19.06216255,47.474072331],[19.062148468,47.47402474],[19.06215048,47.47402202],[19.06218736,47.474017035]]]}},{"type":"Feature","id":780,"properties":{"buildingId":2,"floorId":8,"roomNumber":"3.80","roomName":"3.80 Oktató","scope":"budapest/lagymanyos/eszaki/3/LÉ-3-80-01-13","roomCode":"LÉ-3-80-01-13","roomType":"educational","__tile":"17/72476/45847","__layer":"rooms","__zoom":17,"__mvtId":780,"__building":"eszaki","__ringVerts":7,"id":780,"catalogFloorId":8},"geometry":{"type":"Polygon","coordinates":[[[19.06222121,47.474023592],[19.062225233,47.474025405],[19.062241326,47.474079342],[19.062202434,47.474084781],[19.062199752,47.474078888],[19.062184329,47.474028577],[19.06222121,47.474023592]]]}},{"type":"Feature","id":782,"properties":{"buildingId":2,"floorId":8,"roomNumber":"3.82","roomName":"3.82 Oktató","scope":"budapest/lagymanyos/eszaki/3/LÉ-3-82-01-13","roomCode":"LÉ-3-82-01-13","roomType":"educational","__tile":"17/72476/45847","__layer":"rooms","__zoom":17,"__mvtId":782,"__building":"eszaki","__ringVerts":7,"id":782,"catalogFloorId":8},"geometry":{"type":"Polygon","coordinates":[[[19.062304393,47.474034851],[19.062308416,47.474037117],[19.062324509,47.474091054],[19.062285617,47.474096493],[19.062282935,47.474090601],[19.062267512,47.47404029],[19.062304393,47.474034851]]]}},{"type":"Feature","id":789,"properties":{"buildingId":2,"floorId":8,"roomNumber":"3.89","roomName":"3.89 Oktató","scope":"budapest/lagymanyos/eszaki/3/LÉ-3-89-01-13","roomCode":"LÉ-3-89-01-13","roomType":"educational","__tile":"17/72476/45847","__layer":"rooms","__zoom":17,"__mvtId":789,"__building":"eszaki","__ringVerts":7,"id":789,"catalogFloorId":8},"geometry":{"type":"Polygon","coordinates":[[[19.062211638,47.474083007],[19.062223038,47.474120173],[19.062155312,47.474130598],[19.06214123,47.474131505],[19.06214056,47.474128332],[19.062129831,47.474094338],[19.062211638,47.474083007]]]}},{"type":"Feature","id":954,"properties":{"buildingId":2,"floorId":10,"roomNumber":"5.80","roomName":"5.80 Doktorandusz","scope":"budapest/lagymanyos/eszaki/5/LÉ-5-80-01-13","roomCode":"LÉ-5-80-01-13","roomType":"educational","__tile":"17/72476/45847","__layer":"rooms","__zoom":17,"__mvtId":954,"__building":"eszaki","__ringVerts":6,"id":954,"catalogFloorId":10},"geometry":{"type":"Polygon","coordinates":[[[19.062114951,47.474082246],[19.06212635,47.474119413],[19.062045213,47.474130744],[19.062033814,47.474093577],[19.062106904,47.474083152],[19.062114951,47.474082246]]]}},{"type":"Feature","id":938,"properties":{"buildingId":2,"floorId":10,"roomNumber":"5.64","roomName":"5.64 Titkárság","scope":"budapest/lagymanyos/eszaki/5/LÉ-5-64-02-33","roomCode":"LÉ-5-64-02-33","roomType":"administrative","__tile":"17/72476/45847","__layer":"rooms","__zoom":17,"__mvtId":938,"__building":"eszaki","__ringVerts":7,"id":938,"catalogFloorId":10},"geometry":{"type":"Polygon","coordinates":[[[19.062061277,47.474005054],[19.062078712,47.474061711],[19.06203982,47.474066696],[19.062023056,47.474015932],[19.062036467,47.474014119],[19.062035126,47.47400868],[19.062061277,47.474005054]]]}},{"type":"Feature","id":848,"properties":{"buildingId":2,"floorId":9,"roomNumber":"4.64","roomName":"4.64 Oktató","scope":"budapest/lagymanyos/eszaki/4/LÉ-4-64-01-13","roomCode":"LÉ-4-64-01-13","roomType":"educational","__tile":"17/72476/45847","__layer":"rooms","__zoom":17,"__mvtId":848,"__building":"eszaki","__ringVerts":5,"id":848,"catalogFloorId":9},"geometry":{"type":"Polygon","coordinates":[[[19.062184227,47.474019041],[19.06220032,47.474075244],[19.062161428,47.474080683],[19.062142653,47.47402448],[19.062184227,47.474019041]]]}},{"type":"Feature","id":855,"properties":{"buildingId":2,"floorId":9,"roomNumber":"4.73","roomName":"4.73 Oktató","scope":"budapest/lagymanyos/eszaki/4/LÉ-4-73-01-13","roomCode":"LÉ-4-73-01-13","roomType":"educational","__tile":"17/72476/45847","__layer":"rooms","__zoom":17,"__mvtId":855,"__building":"eszaki","__ringVerts":6,"id":855,"catalogFloorId":9},"geometry":{"type":"Polygon","coordinates":[[[19.062211671,47.474088742],[19.06222307,47.474125908],[19.062141933,47.474137239],[19.062136569,47.474120922],[19.062130534,47.474100073],[19.062211671,47.474088742]]]}},{"type":"Feature","id":939,"properties":{"buildingId":2,"floorId":10,"roomNumber":"5.65","roomName":"5.65 Tanszékvezető","scope":"budapest/lagymanyos/eszaki/5/LÉ-5-65-02-33","roomCode":"LÉ-5-65-02-33","roomType":"administrative","__tile":"17/72476/45847","__layer":"rooms","__zoom":17,"__mvtId":939,"__building":"eszaki","__ringVerts":6,"id":939,"catalogFloorId":10},"geometry":{"type":"Polygon","coordinates":[[[19.062102968,47.474010314],[19.062119062,47.47406697],[19.06208017,47.474072409],[19.062061394,47.474016206],[19.062066088,47.4740153],[19.062102968,47.474010314]]]}},{"type":"Feature","id":943,"properties":{"buildingId":2,"floorId":10,"roomNumber":"5.69","roomName":"5.69 Oktató","scope":"budapest/lagymanyos/eszaki/5/LÉ-5-69-01-13","roomCode":"LÉ-5-69-01-13","roomType":"educational","__tile":"17/72476/45847","__layer":"rooms","__zoom":17,"__mvtId":943,"__building":"eszaki","__ringVerts":5,"id":943,"catalogFloorId":10},"geometry":{"type":"Polygon","coordinates":[[[19.062264829,47.474030251],[19.062280922,47.474086907],[19.06224203,47.474092346],[19.062223255,47.47403569],[19.062264829,47.474030251]]]}},{"type":"Feature","id":1040,"properties":{"buildingId":2,"floorId":11,"roomNumber":"6.68","roomName":"6.68 Dolgozó","scope":"budapest/lagymanyos/eszaki/6/LÉ-6-68-01-13","roomCode":"LÉ-6-68-01-13","roomType":"educational","__tile":"17/72476/45847","__layer":"rooms","__zoom":17,"__mvtId":1040,"__building":"eszaki","__ringVerts":8,"id":1040,"catalogFloorId":11},"geometry":{"type":"Polygon","coordinates":[[[19.062225839,47.4740239],[19.062229862,47.474025713],[19.062245955,47.47407965],[19.062164148,47.474090981],[19.062153419,47.474054721],[19.062148055,47.474037044],[19.062150066,47.474034325],[19.062225839,47.4740239]]]}},{"type":"Feature","id":1042,"properties":{"buildingId":2,"floorId":11,"roomNumber":"6.70","roomName":"6.70 Csill oktató","scope":"budapest/lagymanyos/eszaki/6/LÉ-6-70-01-13","roomCode":"LÉ-6-70-01-13","roomType":"educational","__tile":"17/72476/45847","__layer":"rooms","__zoom":17,"__mvtId":1042,"__building":"eszaki","__ringVerts":7,"id":1042,"catalogFloorId":11},"geometry":{"type":"Polygon","coordinates":[[[19.062305763,47.474039113],[19.062309786,47.47404138],[19.062325879,47.474095317],[19.062286987,47.474100756],[19.062274917,47.474064949],[19.062268882,47.474044552],[19.062305763,47.474039113]]]}},{"type":"Feature","id":1049,"properties":{"buildingId":2,"floorId":11,"roomNumber":"6.77","roomName":"6.77 Oktatói szoba","scope":"budapest/lagymanyos/eszaki/6/LÉ-6-77-01-13","roomCode":"LÉ-6-77-01-13","roomType":"educational","__tile":"17/72476/45847","__layer":"rooms","__zoom":17,"__mvtId":1049,"__building":"eszaki","__ringVerts":6,"id":1049,"catalogFloorId":11},"geometry":{"type":"Polygon","coordinates":[[[19.062205072,47.47409283],[19.062216472,47.474129996],[19.062134664,47.474141328],[19.062123265,47.474104161],[19.062155452,47.474099629],[19.062205072,47.47409283]]]}},{"type":"Feature","id":849,"properties":{"buildingId":2,"floorId":9,"roomNumber":"4.65","roomName":"4.65 Oktató","scope":"budapest/lagymanyos/eszaki/4/LÉ-4-65-01-13","roomCode":"LÉ-4-65-01-13","roomType":"educational","__tile":"17/72476/45847","__layer":"rooms","__zoom":17,"__mvtId":849,"__building":"eszaki","__ringVerts":6,"id":849,"catalogFloorId":9},"geometry":{"type":"Polygon","coordinates":[[[19.062221821,47.474028891],[19.062225174,47.474030704],[19.062241938,47.474084641],[19.062201704,47.474089173],[19.062184941,47.474033877],[19.062221821,47.474028891]]]}},{"type":"Feature","id":37017,"properties":{"buildingId":2,"floorId":6,"roomNumber":"1.94","roomName":"Teakonyha","scope":"budapest/lagymanyos/eszaki/1/LÉ-1-94B-05-77","roomCode":"LÉ-1-94B-05-77","roomType":"social","__tile":"17/72476/45847","__layer":"rooms","__zoom":17,"__mvtId":37017,"__building":"eszaki","__ringVerts":5,"id":37017,"catalogFloorId":6},"geometry":{"type":"Polygon","coordinates":[[[19.061986434,47.474140743],[19.061991798,47.474159326],[19.06196967,47.474162046],[19.061964305,47.474143462],[19.061986434,47.474140743]]]}},{"type":"Feature","id":37020,"properties":{"buildingId":2,"floorId":6,"roomNumber":"1.93","roomName":"Irattár","scope":"budapest/lagymanyos/eszaki/1/LÉ-1-93-02-34","roomCode":"LÉ-1-93-02-34","roomType":"administrative","__tile":"17/72476/45847","__layer":"rooms","__zoom":17,"__mvtId":37020,"__building":"eszaki","__ringVerts":5,"id":37020,"catalogFloorId":6},"geometry":{"type":"Polygon","coordinates":[[[19.062013861,47.474113239],[19.062020567,47.474137715],[19.061952171,47.474147233],[19.061944795,47.474122304],[19.062013861,47.474113239]]]}},{"type":"Feature","id":36512,"properties":{"buildingId":2,"floorId":4,"roomNumber":"P.47","roomName":"Foyer (előcsarnok)","scope":"budapest/lagymanyos/eszaki/-1/LÉ--1-147-04-61","roomCode":"LÉ--1-147-04-61","roomType":"corridor","__tile":"17/72476/45847","__layer":"rooms","__zoom":17,"__mvtId":36512,"__building":"eszaki","__ringVerts":21,"id":36512,"catalogFloorId":4},"geometry":{"type":"Polygon","coordinates":[[[19.062386309,47.473986443],[19.062419836,47.474095676],[19.062189837,47.474125138],[19.062199225,47.474157318],[19.06218179,47.474159585],[19.062179779,47.474152786],[19.062174414,47.474153692],[19.062170391,47.474137829],[19.062175085,47.474136922],[19.062173073,47.474128764],[19.062089925,47.474140095],[19.062056397,47.474030861],[19.062137534,47.474020437],[19.06214558,47.474046272],[19.062166368,47.474043552],[19.062168379,47.474048538],[19.062295114,47.474031768],[19.062293772,47.474026329],[19.062313218,47.474024063],[19.062305172,47.473997321],[19.062386309,47.473986443]],[[19.06212077,47.474100662],[19.062111382,47.474103835],[19.062109371,47.474108821],[19.062111382,47.474113353],[19.06212077,47.474116526],[19.062130158,47.4741129],[19.06213284,47.474108367],[19.062130158,47.474103835],[19.06212077,47.474100662]],[[19.06237558,47.474067122],[19.062364851,47.474067575],[19.062359487,47.47407392],[19.062361498,47.474078453],[19.062366863,47.474081626],[19.062377591,47.474080719],[19.062382956,47.474074827],[19.062380944,47.474069841],[19.06237558,47.474067122]],[[19.062154968,47.474072561],[19.062150274,47.474074374],[19.062153627,47.474077546],[19.062158321,47.47407528],[19.062154968,47.474072561]],[[19.062238787,47.474061229],[19.062234093,47.474063496],[19.062237446,47.474066668],[19.06224214,47.474064402],[19.062238787,47.474061229]],[[19.062321936,47.474049898],[19.062317912,47.474052164],[19.062320595,47.474055337],[19.062325288,47.474053071],[19.062321936,47.474049898]]]}},{"type":"Feature","id":36626,"properties":{"buildingId":2,"floorId":4,"roomNumber":"*P.47/B (-1.65)","roomName":"IK HÖK iroda","scope":"budapest/lagymanyos/eszaki/-1/LÉ--1-165-02-33","roomCode":"LÉ--1-165-02-33","roomType":"administrative","__tile":"17/72476/45847","__layer":"rooms","__zoom":17,"__mvtId":36626,"__building":"eszaki","__ringVerts":5,"id":36626,"catalogFloorId":4},"geometry":{"type":"Polygon","coordinates":[[[19.062222666,47.473993515],[19.062232054,47.474027055],[19.062176398,47.474032041],[19.06216701,47.47400122],[19.062222666,47.473993515]]]}},{"type":"Feature","id":36630,"properties":{"buildingId":2,"floorId":4,"roomNumber":"-1.68B","roomName":"TáTK HÖK ügyfélfogadó","scope":"budapest/lagymanyos/eszaki/-1/LÉ--1-168-B-03-57","roomCode":"LÉ--1-168/B-03-57","roomType":"misc","__tile":"17/72476/45847","__layer":"rooms","__zoom":17,"__mvtId":36630,"__building":"eszaki","__ringVerts":8,"id":36630,"catalogFloorId":4},"geometry":{"type":"Polygon","coordinates":[[[19.062275039,47.474112091],[19.062282415,47.474137473],[19.06226498,47.474139739],[19.062260957,47.474133394],[19.06226498,47.474146085],[19.062225418,47.474151524],[19.062216701,47.474119796],[19.062275039,47.474112091]]]}},{"type":"Feature","id":36845,"properties":{"buildingId":2,"floorId":5,"roomNumber":"F.62","roomName":"Déli előcsarnok","scope":"budapest/lagymanyos/eszaki/0/LÉ-0-062-04-61","roomCode":"LÉ-0-062-04-61","roomType":"corridor","__tile":"17/72476/45847","__layer":"rooms","__zoom":17,"__mvtId":36845,"__building":"eszaki","__ringVerts":39,"id":36845,"catalogFloorId":5},"geometry":{"type":"Polygon","coordinates":[[[19.062261705,47.474003716],[19.062265058,47.474014594],[19.062268411,47.474014141],[19.062275116,47.474047682],[19.062366311,47.474034084],[19.062371005,47.474050401],[19.062367653,47.474050854],[19.062368323,47.474053574],[19.062330102,47.474059013],[19.062349548,47.474060826],[19.062362288,47.474065812],[19.062372346,47.474075783],[19.062374358,47.474086661],[19.062367653,47.474099352],[19.062350218,47.474107964],[19.062334795,47.474109324],[19.062320714,47.474106604],[19.062309985,47.474100712],[19.062299256,47.474089381],[19.062307303,47.474116576],[19.062134971,47.474140145],[19.062126924,47.47411295],[19.062123572,47.474113403],[19.062122901,47.474126094],[19.062112843,47.474136972],[19.062096749,47.474142864],[19.062077303,47.474142864],[19.062057187,47.474132893],[19.062051152,47.474118842],[19.062059198,47.474102978],[19.062079986,47.474092554],[19.062040423,47.474097993],[19.062033718,47.474079863],[19.062108819,47.474069891],[19.062125583,47.474068078],[19.06212223,47.474056747],[19.062118878,47.4740572],[19.062112172,47.474023659],[19.062261705,47.474003716]],[[19.062087362,47.474111137],[19.062077974,47.47411431],[19.062075962,47.474119295],[19.062077974,47.474123828],[19.062087362,47.474127001],[19.062096749,47.474123375],[19.062099432,47.474118842],[19.062096749,47.47411431],[19.062087362,47.474111137]],[[19.062342172,47.474077596],[19.062331443,47.47407805],[19.062326749,47.474081676],[19.06232809,47.474088928],[19.062333454,47.4740921],[19.062344183,47.474091194],[19.062348877,47.474087568],[19.062347536,47.474080316],[19.062342172,47.474077596]],[[19.062120889,47.474083035],[19.062117537,47.474086208],[19.06212223,47.474088021],[19.062125583,47.474084848],[19.062120889,47.474083035]],[[19.062204038,47.474071704],[19.062200685,47.474074877],[19.062205379,47.47407669],[19.062208732,47.474073517],[19.062204038,47.474071704]],[[19.062287857,47.474060373],[19.062284504,47.474063545],[19.062289198,47.474065358],[19.062292551,47.474062186],[19.062287857,47.474060373]],[[19.062187274,47.474015048],[19.062183921,47.47401822],[19.062188615,47.474020487],[19.062191968,47.474017314],[19.062187274,47.474015048]]]}},{"type":"Feature","id":36901,"properties":{"buildingId":2,"floorId":6,"roomNumber":"-","roomName":"Férfi mosdó","scope":"budapest/lagymanyos/eszaki/1/LÉ-1-75-05-71","roomCode":"LÉ-1-75-05-71","roomType":"social","__tile":"17/72476/45847","__layer":"rooms","__zoom":17,"__mvtId":36901,"__building":"eszaki","__ringVerts":9,"id":36901,"catalogFloorId":6},"geometry":{"type":"Polygon","coordinates":[[[19.061695571,47.474004512],[19.06170563,47.474038052],[19.061680819,47.474041225],[19.061678808,47.474034426],[19.061672102,47.474035333],[19.06166942,47.474024908],[19.061680149,47.474023548],[19.061675455,47.474007684],[19.061695571,47.474004512]]]}},{"type":"Feature","id":36902,"properties":{"buildingId":2,"floorId":6,"roomNumber":"-","roomName":"Férfi WC","scope":"budapest/lagymanyos/eszaki/1/LÉ-1-75-A-05-71","roomCode":"LÉ-1-75/A-05-71","roomType":"social","__tile":"17/72476/45847","__layer":"rooms","__zoom":17,"__mvtId":36902,"__building":"eszaki","__ringVerts":5,"id":36902,"catalogFloorId":6},"geometry":{"type":"Polygon","coordinates":[[[19.061734314,47.474013973],[19.06174236,47.474042074],[19.061699445,47.47404978],[19.061690728,47.474019865],[19.061734314,47.474013973]]]}},{"type":"Feature","id":36440,"properties":{"buildingId":2,"floorId":4,"roomNumber":"P-L9","roomName":"Lépcsőház","scope":"budapest/lagymanyos/eszaki/-1/LÉ--1-L9-04-64","roomCode":"LÉ--1-L9-04-64","roomType":"corridor","__tile":"17/72476/45847","__layer":"rooms","__zoom":17,"__mvtId":36440,"__building":"eszaki","__ringVerts":9,"id":36440,"catalogFloorId":4},"geometry":{"type":"Polygon","coordinates":[[[19.061730085,47.473923084],[19.061747519,47.473982913],[19.061756907,47.473982007],[19.06176093,47.473997417],[19.06168717,47.474006935],[19.061682476,47.473989259],[19.061689181,47.473988352],[19.061672417,47.473931243],[19.061730085,47.473923084]]]}},{"type":"Feature","id":37027,"properties":{"buildingId":2,"floorId":6,"roomNumber":"1.84","roomName":"Iroda","scope":"budapest/lagymanyos/eszaki/1/LÉ-1-84-02-33","roomCode":"LÉ-1-84-02-33","roomType":"administrative","__tile":"17/72476/45847","__layer":"rooms","__zoom":17,"__mvtId":37027,"__building":"eszaki","__ringVerts":5,"id":37027,"catalogFloorId":6},"geometry":{"type":"Polygon","coordinates":[[[19.061830604,47.474290454],[19.06183798,47.474315836],[19.061766231,47.474325355],[19.061755502,47.474300426],[19.061830604,47.474290454]]]}},{"type":"Feature","id":36867,"properties":{"buildingId":2,"floorId":5,"roomNumber":"055/B","roomName":"Mosdó","scope":"budapest/lagymanyos/eszaki/0/LK-0-055B-05-71","roomCode":"LK-0-055B-05-71","roomType":"social","__tile":"16/36238/22923","__layer":"rooms","__zoom":16,"__mvtId":36867,"__building":"eszaki","__ringVerts":5,"id":36867,"catalogFloorId":5},"geometry":{"type":"Polygon","coordinates":[[[19.061391599,47.474630394],[19.061395623,47.474646711],[19.061372824,47.47464943],[19.06136746,47.47463402],[19.061391599,47.474630394]]]}},{"type":"Feature","id":36445,"properties":{"buildingId":2,"floorId":4,"roomNumber":"P.62/A B1 (-1.23A)","roomName":"Szeminárium","scope":"budapest/lagymanyos/eszaki/-1/LÉ--1-123A-01-12","roomCode":"LÉ--1-123A-01-12","roomType":"educational","__tile":"17/72476/45847","__layer":"rooms","__zoom":17,"__mvtId":36445,"__building":"eszaki","__ringVerts":9,"id":36445,"catalogFloorId":4},"geometry":{"type":"Polygon","coordinates":[[[19.061773221,47.474402849],[19.061781268,47.474431404],[19.061790655,47.474430497],[19.061793338,47.474439109],[19.06178395,47.474440469],[19.061789314,47.474457239],[19.061717565,47.474466758],[19.061700801,47.474412821],[19.061773221,47.474402849]]]}},{"type":"Feature","id":36476,"properties":{"buildingId":2,"floorId":4,"roomNumber":"P.99 M2","roomName":"Öltöző","scope":"budapest/lagymanyos/eszaki/-1/LÉ--1-134-05-73","roomCode":"LÉ--1-134-05-73","roomType":"social","__tile":"17/72476/45847","__layer":"rooms","__zoom":17,"__mvtId":36476,"__building":"eszaki","__ringVerts":5,"id":36476,"catalogFloorId":4},"geometry":{"type":"Polygon","coordinates":[[[19.061433099,47.47397861],[19.061441145,47.474003539],[19.061400242,47.474010791],[19.061392866,47.473984049],[19.061433099,47.47397861]]]}},{"type":"Feature","id":352,"properties":{"buildingId":2,"floorId":8,"roomNumber":"347","roomName":"3.347 Hideg szoba","scope":"budapest/lagymanyos/eszaki/3/LK-3-347-01-14","roomCode":"LK-3-347-01-14","roomType":"educational","__tile":"16/36238/22923","__layer":"rooms","__zoom":16,"__mvtId":352,"__building":"eszaki","__ringVerts":5,"id":352,"catalogFloorId":8},"geometry":{"type":"Polygon","coordinates":[[[19.061745293,47.474599894],[19.06175334,47.474626182],[19.061686285,47.474635247],[19.061678238,47.474608959],[19.061745293,47.474599894]]]}},{"type":"Feature","id":290,"properties":{"buildingId":2,"floorId":7,"roomNumber":"235","roomName":"2.235 Dinamikus fényszóródás labor","scope":"budapest/lagymanyos/eszaki/2/LK-2-235-01-14","roomCode":"LK-2-235-01-14","roomType":"educational","__tile":"16/36238/22923","__layer":"rooms","__zoom":16,"__mvtId":290,"__building":"eszaki","__ringVerts":5,"id":290,"catalogFloorId":7},"geometry":{"type":"Polygon","coordinates":[[[19.061747028,47.47457339],[19.061763121,47.474628685],[19.061696066,47.474638656],[19.061678632,47.474582455],[19.061747028,47.47457339]]]}},{"type":"Feature","id":260,"properties":{"buildingId":2,"floorId":7,"roomNumber":"201","roomName":"2.201 kutatói kémiai labor","scope":"budapest/lagymanyos/eszaki/2/LK-2-201-01-14","roomCode":"LK-2-201-01-14","roomType":"educational","__tile":"16/36238/22923","__layer":"rooms","__zoom":16,"__mvtId":260,"__building":"eszaki","__ringVerts":5,"id":260,"catalogFloorId":7},"geometry":{"type":"Polygon","coordinates":[[[19.061627343,47.474586176],[19.061644777,47.474641471],[19.061576381,47.474647816],[19.061560287,47.474596147],[19.061627343,47.474586176]]]}},{"type":"Feature","id":310,"properties":{"buildingId":2,"floorId":8,"roomNumber":"301","roomName":"3.301 Adatelőkészítő és feldolgozó szoba","scope":"budapest/lagymanyos/eszaki/3/LK-3-301-01-13","roomCode":"LK-3-301-01-13","roomType":"educational","__tile":"16/36238/22923","__layer":"rooms","__zoom":16,"__mvtId":310,"__building":"eszaki","__ringVerts":5,"id":310,"catalogFloorId":8},"geometry":{"type":"Polygon","coordinates":[[[19.061637385,47.474583072],[19.061645432,47.474612079],[19.061575695,47.474618424],[19.061567648,47.474593043],[19.061637385,47.474583072]]]}},{"type":"Feature","id":1078,"properties":{"buildingId":2,"floorId":12,"roomNumber":"7.13","roomName":"7.13 Mac labor","scope":"budapest/lagymanyos/eszaki/7/LÉ-7-13-01-14 (1)","roomCode":"LÉ-7-13-01-14 (1)","roomType":"educational","__tile":"17/72476/45847","__layer":"rooms","__zoom":17,"__mvtId":1078,"__building":"eszaki","__ringVerts":9,"id":1078,"catalogFloorId":12},"geometry":{"type":"Polygon","coordinates":[[[19.061772824,47.474433881],[19.061774836,47.474440226],[19.061784894,47.474438866],[19.061788917,47.474451557],[19.061778859,47.474452917],[19.061790259,47.474490991],[19.061714486,47.474501415],[19.061697722,47.474444759],[19.061772824,47.474433881]]]}},{"type":"Feature","id":36905,"properties":{"buildingId":2,"floorId":6,"roomNumber":"-","roomName":"Folyosó","scope":"budapest/lagymanyos/eszaki/1/LÉ-1-K17-04-63","roomCode":"LÉ-1-K17-04-63","roomType":"corridor","__tile":"17/72476/45847","__layer":"rooms","__zoom":17,"__mvtId":36905,"__building":"eszaki","__ringVerts":14,"id":36905,"catalogFloorId":6},"geometry":{"type":"Polygon","coordinates":[[[19.061620135,47.473913548],[19.061707307,47.474203175],[19.061722059,47.474252126],[19.061661709,47.474260285],[19.061642934,47.474204988],[19.061657686,47.474203175],[19.061609406,47.474038645],[19.061593983,47.474040912],[19.06158929,47.474023235],[19.061604042,47.474020969],[19.061579902,47.47394029],[19.061564479,47.473942556],[19.061560456,47.473921707],[19.061620135,47.473913548]]]}},{"type":"Feature","id":350,"properties":{"buildingId":2,"floorId":8,"roomNumber":"345","roomName":"3.345 MS labor","scope":"budapest/lagymanyos/eszaki/3/LK-3-345-01-14","roomCode":"LK-3-345-01-14","roomType":"educational","__tile":"16/36238/22923","__layer":"rooms","__zoom":16,"__mvtId":350,"__building":"eszaki","__ringVerts":5,"id":350,"catalogFloorId":8},"geometry":{"type":"Polygon","coordinates":[[[19.061763064,47.474542425],[19.061771111,47.474568713],[19.061704056,47.474578684],[19.061696009,47.474551489],[19.061763064,47.474542425]]]}},{"type":"Feature","id":417,"properties":{"buildingId":2,"floorId":10,"roomNumber":"502","roomName":"5.502 Labor","scope":"budapest/lagymanyos/eszaki/5/LK-5-502-01-14","roomCode":"LK-5-502-01-14","roomType":"educational","__tile":"16/36238/22923","__layer":"rooms","__zoom":16,"__mvtId":417,"__building":"eszaki","__ringVerts":5,"id":417,"catalogFloorId":10},"geometry":{"type":"Polygon","coordinates":[[[19.061620316,47.474615317],[19.061636409,47.474668799],[19.061569354,47.47467877],[19.061553261,47.474625288],[19.061620316,47.474615317]]]}},{"type":"Feature","id":36917,"properties":{"buildingId":2,"floorId":6,"roomNumber":"1-163","roomName":"Férfi mosdó","scope":"budapest/lagymanyos/eszaki/1/LK-1-163-05-71","roomCode":"LK-1-163-05-71","roomType":"social","__tile":"16/36238/22923","__layer":"rooms","__zoom":16,"__mvtId":36917,"__building":"eszaki","__ringVerts":5,"id":36917,"catalogFloorId":6},"geometry":{"type":"Polygon","coordinates":[[[19.061337859,47.474611745],[19.061344564,47.474635314],[19.061320424,47.47463894],[19.061313719,47.474615371],[19.061337859,47.474611745]]]}},{"type":"Feature","id":926,"properties":{"buildingId":2,"floorId":10,"roomNumber":"5.53","roomName":"5.53 Oktató","scope":"budapest/lagymanyos/eszaki/5/LÉ-5-53-01-13","roomCode":"LÉ-5-53-01-13","roomType":"educational","__tile":"17/72476/45847","__layer":"rooms","__zoom":17,"__mvtId":926,"__building":"eszaki","__ringVerts":5,"id":926,"catalogFloorId":10},"geometry":{"type":"Polygon","coordinates":[[[19.061784972,47.474453546],[19.061793019,47.474480742],[19.061717246,47.47449026],[19.06170987,47.474463971],[19.061784972,47.474453546]]]}},{"type":"Feature","id":36457,"properties":{"buildingId":2,"floorId":4,"roomNumber":"P.97 M3","roomName":"Mosdó","scope":"budapest/lagymanyos/eszaki/-1/LÉ--1-136-B-05-71","roomCode":"LÉ--1-136/B-05-71","roomType":"social","__tile":"17/72476/45847","__layer":"rooms","__zoom":17,"__mvtId":36457,"__building":"eszaki","__ringVerts":5,"id":36457,"catalogFloorId":4},"geometry":{"type":"Polygon","coordinates":[[[19.061355033,47.474114517],[19.061359727,47.474130381],[19.061341622,47.474132647],[19.061336929,47.474117237],[19.061355033,47.474114517]]]}},{"type":"Feature","id":36808,"properties":{"buildingId":2,"floorId":5,"roomNumber":"066","roomName":"Férfi mosdó","scope":"budapest/lagymanyos/eszaki/0/LK-0-066-05-71","roomCode":"LK-0-066-05-71","roomType":"social","__tile":"16/36238/22923","__layer":"rooms","__zoom":16,"__mvtId":36808,"__building":"eszaki","__ringVerts":5,"id":36808,"catalogFloorId":5},"geometry":{"type":"Polygon","coordinates":[[[19.061337915,47.474612307],[19.06134462,47.474636782],[19.06132048,47.474639501],[19.061313775,47.474615933],[19.061337915,47.474612307]]]}},{"type":"Feature","id":36870,"properties":{"buildingId":2,"floorId":5,"roomNumber":"057","roomName":"Mosdó","scope":"budapest/lagymanyos/eszaki/0/LK-0-057B-05-71","roomCode":"LK-0-057B-05-71","roomType":"social","__tile":"16/36238/22923","__layer":"rooms","__zoom":16,"__mvtId":36870,"__building":"eszaki","__ringVerts":5,"id":36870,"catalogFloorId":5},"geometry":{"type":"Polygon","coordinates":[[[19.061413976,47.474562586],[19.061415317,47.474568931],[19.061392519,47.474572557],[19.061389836,47.474565305],[19.061413976,47.474562586]]]}},{"type":"Feature","id":36470,"properties":{"buildingId":2,"floorId":4,"roomNumber":"-1.36","roomName":"Öltöző előtér","scope":"budapest/lagymanyos/eszaki/-1/LÉ--1-136-A-04-62","roomCode":"LÉ--1-136/A-04-62","roomType":"corridor","__tile":"17/72476/45847","__layer":"rooms","__zoom":17,"__mvtId":36470,"__building":"eszaki","__ringVerts":5,"id":36470,"catalogFloorId":4},"geometry":{"type":"Polygon","coordinates":[[[19.061360009,47.474097763],[19.061364703,47.474113627],[19.061346598,47.474115893],[19.061341905,47.474100029],[19.061360009,47.474097763]]]}},{"type":"Feature","id":36471,"properties":{"buildingId":2,"floorId":4,"roomNumber":"-1.37","roomName":"Előtér","scope":"budapest/lagymanyos/eszaki/-1/LÉ--1-137-04-62","roomCode":"LÉ--1-137-04-62","roomType":"corridor","__tile":"17/72476/45847","__layer":"rooms","__zoom":17,"__mvtId":36471,"__building":"eszaki","__ringVerts":7,"id":36471,"catalogFloorId":4},"geometry":{"type":"Polygon","coordinates":[[[19.061340747,47.474149788],[19.061358852,47.474210977],[19.061340077,47.474213243],[19.061324654,47.474160213],[19.061320631,47.474160666],[19.061317948,47.474152961],[19.061340747,47.474149788]]]}},{"type":"Feature","id":36475,"properties":{"buildingId":2,"floorId":4,"roomNumber":"P.58. B1 (-1.58)","roomName":"Némedi Dénes Könyvtár","scope":"budapest/lagymanyos/eszaki/-1/LÉ--1-144-03-43","roomCode":"LÉ--1-144-03-43","roomType":"misc","__tile":"17/72476/45847","__layer":"rooms","__zoom":17,"__mvtId":36475,"__building":"eszaki","__ringVerts":27,"id":36475,"catalogFloorId":4},"geometry":{"type":"Polygon","coordinates":[[[19.06157757,47.47381652],[19.061580252,47.473824678],[19.061584275,47.473823772],[19.061597686,47.473869097],[19.06159031,47.473870003],[19.061594333,47.473882694],[19.061601039,47.473881788],[19.061615121,47.473926206],[19.061607744,47.473927112],[19.061611097,47.473938897],[19.061615121,47.473938444],[19.061627861,47.473982862],[19.061624508,47.473983315],[19.06162652,47.473989208],[19.061502468,47.474005978],[19.061500456,47.473999632],[19.061496433,47.474000086],[19.061483022,47.473954307],[19.061487045,47.473953854],[19.061484363,47.473942523],[19.061479669,47.473943429],[19.061452176,47.47383329],[19.061509844,47.473825585],[19.061511855,47.473833743],[19.061523255,47.473832383],[19.061520573,47.473824225],[19.06157757,47.47381652]],[[19.061552089,47.473933911],[19.061540689,47.473935271],[19.061544042,47.473946149],[19.061555441,47.473944789],[19.061552089,47.473933911]],[[19.061535995,47.473877708],[19.061525267,47.473879068],[19.061527949,47.473889946],[19.061539348,47.473888586],[19.061535995,47.473877708]]]}},{"type":"Feature","id":36477,"properties":{"buildingId":2,"floorId":4,"roomNumber":"P.99 M2 (-1.34)","roomName":"Öltöző ellőtér","scope":"budapest/lagymanyos/eszaki/-1/LÉ--1-134-A-04-62","roomCode":"LÉ--1-134/A-04-62","roomType":"corridor","__tile":"17/72476/45847","__layer":"rooms","__zoom":17,"__mvtId":36477,"__building":"eszaki","__ringVerts":5,"id":36477,"catalogFloorId":4},"geometry":{"type":"Polygon","coordinates":[[[19.061392641,47.473984927],[19.061397335,47.474000791],[19.061380571,47.474003057],[19.061375877,47.473987193],[19.061392641,47.473984927]]]}},{"type":"Feature","id":36479,"properties":{"buildingId":2,"floorId":4,"roomNumber":"P.99 M2","roomName":"Mosdó","scope":"budapest/lagymanyos/eszaki/-1/LÉ--1-134-B-05-71","roomCode":"LÉ--1-134/B-05-71","roomType":"social","__tile":"17/72476/45847","__layer":"rooms","__zoom":17,"__mvtId":36479,"__building":"eszaki","__ringVerts":5,"id":36479,"catalogFloorId":4},"geometry":{"type":"Polygon","coordinates":[[[19.061387926,47.474002031],[19.06139262,47.474017894],[19.061375186,47.474020161],[19.061370492,47.474003844],[19.061387926,47.474002031]]]}},{"type":"Feature","id":36480,"properties":{"buildingId":2,"floorId":4,"roomNumber":"P.99 M2","roomName":"WC","scope":"budapest/lagymanyos/eszaki/-1/LÉ--1-134-F-05-71","roomCode":"LÉ--1-134/F-05-71","roomType":"social","__tile":"17/72476/45847","__layer":"rooms","__zoom":17,"__mvtId":36480,"__building":"eszaki","__ringVerts":5,"id":36480,"catalogFloorId":4},"geometry":{"type":"Polygon","coordinates":[[[19.061385257,47.474018256],[19.061387269,47.474025962],[19.061369834,47.474028228],[19.061367823,47.474020523],[19.061385257,47.474018256]]]}},{"type":"Feature","id":36850,"properties":{"buildingId":2,"floorId":5,"roomNumber":"0.83","roomName":"Eötvös Loránd terem","scope":"budapest/lagymanyos/eszaki/0/LÉ-0-083-01-11","roomCode":"LÉ-0-083-01-11","roomType":"educational","__tile":"17/72476/45847","__layer":"rooms","__zoom":17,"__mvtId":36850,"__building":"eszaki","__ringVerts":16,"id":36850,"catalogFloorId":5},"geometry":{"type":"Polygon","coordinates":[[[19.061470929,47.474108162],[19.061475623,47.474124932],[19.061464894,47.474126292],[19.061468247,47.474136716],[19.061478976,47.474135357],[19.061482999,47.474149861],[19.061477635,47.47415122],[19.06148367,47.474150314],[19.061490375,47.474173883],[19.061479647,47.474175696],[19.061487023,47.474198359],[19.061497081,47.474196999],[19.061502445,47.474213769],[19.061334137,47.474236432],[19.061302621,47.474130824],[19.061470929,47.474108162]]]}},{"type":"Feature","id":36683,"properties":{"buildingId":2,"floorId":5,"roomNumber":"F-K.22","roomName":"Folyosó","scope":"budapest/lagymanyos/eszaki/0/LÉ-0-K22-04-63","roomCode":"LÉ-0-K22-04-63","roomType":"corridor","__tile":"17/72476/45847","__layer":"rooms","__zoom":17,"__mvtId":36683,"__building":"eszaki","__ringVerts":15,"id":36683,"catalogFloorId":5},"geometry":{"type":"Polygon","coordinates":[[[19.061499131,47.474217191],[19.061503825,47.474233961],[19.061513213,47.474232601],[19.061518577,47.474249372],[19.061508519,47.474250732],[19.061514554,47.474269315],[19.061261085,47.474303309],[19.061251027,47.474267502],[19.061401231,47.474247106],[19.061395866,47.474230335],[19.061457557,47.474222177],[19.061458898,47.474225349],[19.061468286,47.47422399],[19.061467615,47.47422127],[19.061499131,47.474217191]]]}},{"type":"Feature","id":36433,"properties":{"buildingId":2,"floorId":4,"roomNumber":"*P.34/A M2","roomName":"Angelusz Róbert Társadalomtudományi Szakkollégium","scope":"budapest/lagymanyos/eszaki/-1/LÉ--1-149-03-43","roomCode":"LÉ--1-149-03-43","roomType":"misc","__tile":"17/72476/45847","__layer":"rooms","__zoom":17,"__mvtId":36433,"__building":"eszaki","__ringVerts":14,"id":36433,"catalogFloorId":4},"geometry":{"type":"Polygon","coordinates":[[[19.061780353,47.473825003],[19.061805163,47.473909307],[19.061796446,47.473910667],[19.061797787,47.473916559],[19.061673735,47.473933329],[19.061671723,47.473926984],[19.061663677,47.473928343],[19.061650936,47.473883925],[19.061658312,47.473883019],[19.061654959,47.473871234],[19.061647583,47.473872141],[19.061638196,47.473843586],[19.061705251,47.473834974],[19.061780353,47.473825003]]]}},{"type":"Feature","id":36684,"properties":{"buildingId":2,"floorId":5,"roomNumber":"0.87","roomName":"Marx György terem","scope":"budapest/lagymanyos/eszaki/0/LÉ-0-087-01-11","roomCode":"LÉ-0-087-01-11","roomType":"educational","__tile":"17/72476/45847","__layer":"rooms","__zoom":17,"__mvtId":36684,"__building":"eszaki","__ringVerts":11,"id":36684,"catalogFloorId":5},"geometry":{"type":"Polygon","coordinates":[[[19.061709867,47.474059325],[19.061742053,47.474167198],[19.0616408,47.474180343],[19.061637447,47.474169465],[19.061646835,47.474168105],[19.06164147,47.474148615],[19.061632082,47.474149975],[19.061618001,47.47410329],[19.061627389,47.474102384],[19.061618671,47.474071563],[19.061709867,47.474059325]],[[19.061659575,47.474120514],[19.06165354,47.47412142],[19.061654881,47.474125499],[19.061660916,47.474124593],[19.061659575,47.474120514]]]}},{"type":"Feature","id":36685,"properties":{"buildingId":2,"floorId":5,"roomNumber":"0.89","roomName":"Jedlik Ányos terem","scope":"budapest/lagymanyos/eszaki/0/LÉ-0-089-01-11","roomCode":"LÉ-0-089-01-11","roomType":"educational","__tile":"17/72476/45847","__layer":"rooms","__zoom":17,"__mvtId":36685,"__building":"eszaki","__ringVerts":11,"id":36685,"catalogFloorId":5},"geometry":{"type":"Polygon","coordinates":[[[19.06167583,47.474170553],[19.061708687,47.474280693],[19.061607434,47.474293837],[19.061604081,47.474281146],[19.061613469,47.474279786],[19.061607434,47.474260297],[19.061598046,47.474261656],[19.061585305,47.474219051],[19.061594693,47.474218144],[19.061584635,47.47418279],[19.06167583,47.474170553]],[[19.06162688,47.474233101],[19.061620174,47.474234008],[19.061621515,47.474238087],[19.06162755,47.474237181],[19.06162688,47.474233101]]]}},{"type":"Feature","id":36799,"properties":{"buildingId":2,"floorId":5,"roomNumber":"000/11","roomName":"Folyosó","scope":"budapest/lagymanyos/eszaki/0/LK-0-000-11-04-63","roomCode":"LK-0-000/11-04-63","roomType":"corridor","__tile":"17/72476/45847","__layer":"rooms","__zoom":17,"__mvtId":36799,"__building":"eszaki","__ringVerts":5,"id":36799,"catalogFloorId":5},"geometry":{"type":"Polygon","coordinates":[[[19.061395994,47.474596261],[19.061345703,47.474430824],[19.061375877,47.474430824],[19.061424157,47.474592635],[19.061395994,47.474596261]]]}},{"type":"Feature","id":36957,"properties":{"buildingId":2,"floorId":6,"roomNumber":"140","roomName":"Labor","scope":"budapest/lagymanyos/eszaki/1/LK-1-140-01-14","roomCode":"LK-1-140-01-14","roomType":"educational","__tile":"17/72476/45847","__layer":"rooms","__zoom":17,"__mvtId":36957,"__building":"eszaki","__ringVerts":9,"id":36957,"catalogFloorId":6},"geometry":{"type":"Polygon","coordinates":[[[19.061711082,47.474570308],[19.061709741,47.474567135],[19.061779478,47.474567135],[19.061786854,47.474590251],[19.061719129,47.474599316],[19.061711753,47.474573028],[19.061719799,47.474572121],[19.061719129,47.474569402],[19.061711082,47.474570308]]]}},{"type":"Feature","id":36439,"properties":{"buildingId":2,"floorId":4,"roomNumber":"P.77 F7 (-1.54)","roomName":"Számítógépterem","scope":"budapest/lagymanyos/eszaki/-1/LÉ--1-154-01-16","roomCode":"LÉ--1-154-01-16","roomType":"educational","__tile":"17/72476/45847","__layer":"rooms","__zoom":17,"__mvtId":36439,"__building":"eszaki","__ringVerts":14,"id":36439,"catalogFloorId":4},"geometry":{"type":"Polygon","coordinates":[[[19.061657943,47.474173318],[19.061658613,47.474176491],[19.061668001,47.474175131],[19.061682083,47.474222723],[19.061672695,47.474223629],[19.061674036,47.474227709],[19.061612345,47.47423632],[19.061611675,47.474234054],[19.061606981,47.474234507],[19.061607651,47.474236774],[19.061578147,47.474240853],[19.061561383,47.474186463],[19.061590888,47.474182384],[19.061657943,47.474173318]]]}},{"type":"Feature","id":36680,"properties":{"buildingId":2,"floorId":5,"roomNumber":"F-L.9","roomName":"Lépcsőház","scope":"budapest/lagymanyos/eszaki/0/LÉ-0-L9-04-64","roomCode":"LÉ-0-L9-04-64","roomType":"corridor","__tile":"17/72476/45847","__layer":"rooms","__zoom":17,"__mvtId":36680,"__building":"eszaki","__ringVerts":5,"id":36680,"catalogFloorId":5},"geometry":{"type":"Polygon","coordinates":[[[19.061729634,47.473960013],[19.061744386,47.474010777],[19.061686719,47.474018483],[19.061671967,47.473967719],[19.061729634,47.473960013]]]}},{"type":"Feature","id":36681,"properties":{"buildingId":2,"floorId":5,"roomNumber":"F-K.18","roomName":"Folyosó","scope":"budapest/lagymanyos/eszaki/0/LÉ-0-K18-04-63","roomCode":"LÉ-0-K18-04-63","roomType":"corridor","__tile":"17/72476/45847","__layer":"rooms","__zoom":17,"__mvtId":36681,"__building":"eszaki","__ringVerts":5,"id":36681,"catalogFloorId":5},"geometry":{"type":"Polygon","coordinates":[[[19.061617742,47.473875733],[19.061623106,47.473894316],[19.061472232,47.473914712],[19.061466197,47.473895676],[19.061617742,47.473875733]]]}},{"type":"Feature","id":36896,"properties":{"buildingId":2,"floorId":6,"roomNumber":"1.78","roomName":"TTK Tanulmányi Hivatal","scope":"budapest/lagymanyos/eszaki/1/LÉ-1-78-02-33","roomCode":"LÉ-1-78-02-33","roomType":"administrative","__tile":"17/72476/45847","__layer":"rooms","__zoom":17,"__mvtId":36896,"__building":"eszaki","__ringVerts":7,"id":36896,"catalogFloorId":6},"geometry":{"type":"Polygon","coordinates":[[[19.06168535,47.474124302],[19.061695409,47.474147872],[19.061691385,47.474148325],[19.061692726,47.474151498],[19.061619636,47.474160109],[19.061611589,47.474134274],[19.06168535,47.474124302]]]}},{"type":"Feature","id":36898,"properties":{"buildingId":2,"floorId":6,"roomNumber":"1.77","roomName":"TTK Tanulmányi Hivatal","scope":"budapest/lagymanyos/eszaki/1/LÉ-1-77-02-33","roomCode":"LÉ-1-77-02-33","roomType":"administrative","__tile":"17/72476/45847","__layer":"rooms","__zoom":17,"__mvtId":36898,"__building":"eszaki","__ringVerts":6,"id":36898,"catalogFloorId":6},"geometry":{"type":"Polygon","coordinates":[[[19.061706729,47.474072839],[19.061710082,47.474074652],[19.061718129,47.474100034],[19.061641015,47.474108645],[19.061632968,47.47408281],[19.061706729,47.474072839]]]}},{"type":"Feature","id":36899,"properties":{"buildingId":2,"floorId":6,"roomNumber":"-","roomName":"Női mosdó","scope":"budapest/lagymanyos/eszaki/1/LÉ-1-76-05-71","roomCode":"LÉ-1-76-05-71","roomType":"social","__tile":"17/72476/45847","__layer":"rooms","__zoom":17,"__mvtId":36899,"__building":"eszaki","__ringVerts":8,"id":36899,"catalogFloorId":6},"geometry":{"type":"Polygon","coordinates":[[[19.061694815,47.474046305],[19.061702191,47.474071234],[19.061680063,47.474073953],[19.061675369,47.474058996],[19.061659276,47.474061262],[19.061656594,47.47405265],[19.061662629,47.474051744],[19.061694815,47.474046305]]]}},{"type":"Feature","id":36459,"properties":{"buildingId":2,"floorId":4,"roomNumber":"P.97 M2","roomName":"Előtér","scope":"budapest/lagymanyos/eszaki/-1/LÉ--1-136-D-04-62","roomCode":"LÉ--1-136/D-04-62","roomType":"corridor","__tile":"17/72476/45847","__layer":"rooms","__zoom":17,"__mvtId":36459,"__building":"eszaki","__ringVerts":5,"id":36459,"catalogFloorId":4},"geometry":{"type":"Polygon","coordinates":[[[19.061370236,47.474118599],[19.061377612,47.474145341],[19.061362189,47.474147607],[19.061354143,47.474120412],[19.061370236,47.474118599]]]}},{"type":"Feature","id":36462,"properties":{"buildingId":2,"floorId":4,"roomNumber":"P.K18","roomName":"Folyosó","scope":"budapest/lagymanyos/eszaki/-1/LÉ--1-K19-04-63","roomCode":"LÉ--1-K19-04-63","roomType":"corridor","__tile":"17/72476/45847","__layer":"rooms","__zoom":17,"__mvtId":36462,"__building":"eszaki","__ringVerts":9,"id":36462,"catalogFloorId":4},"geometry":{"type":"Polygon","coordinates":[[[19.061316644,47.47396554],[19.061318656,47.473972338],[19.061322679,47.473971885],[19.061392416,47.474206216],[19.061370959,47.474216187],[19.061350842,47.474193071],[19.061355536,47.474190805],[19.061289822,47.473968712],[19.061316644,47.47396554]]]}},{"type":"Feature","id":36474,"properties":{"buildingId":2,"floorId":4,"roomNumber":"P.101 M2","roomName":"Tanműhely","scope":"budapest/lagymanyos/eszaki/-1/LÉ--1-133-01-18","roomCode":"LÉ--1-133-01-18","roomType":"educational","__tile":"17/72476/45847","__layer":"rooms","__zoom":17,"__mvtId":36474,"__building":"eszaki","__ringVerts":17,"id":36474,"catalogFloorId":4},"geometry":{"type":"Polygon","coordinates":[[[19.061438105,47.473869549],[19.061440787,47.473878614],[19.061454869,47.473875441],[19.06146895,47.473921672],[19.061458892,47.473923032],[19.061462245,47.473934363],[19.061470291,47.473933004],[19.061483032,47.473976969],[19.061475656,47.473977875],[19.061476326,47.473980595],[19.061413965,47.473989206],[19.061397201,47.473931644],[19.061386472,47.473933004],[19.061360991,47.473903996],[19.06138312,47.473893571],[19.061378426,47.47387816],[19.061438105,47.473869549]]]}},{"type":"Feature","id":36488,"properties":{"buildingId":2,"floorId":4,"roomNumber":"P.97 M2","roomName":"Öltöző","scope":"budapest/lagymanyos/eszaki/-1/LÉ--1-135-05-73","roomCode":"LÉ--1-135-05-73","roomType":"social","__tile":"17/72476/45847","__layer":"rooms","__zoom":17,"__mvtId":36488,"__building":"eszaki","__ringVerts":7,"id":36488,"catalogFloorId":4},"geometry":{"type":"Polygon","coordinates":[[[19.061409038,47.474061752],[19.061416414,47.474086681],[19.061413732,47.474089401],[19.061376852,47.474093933],[19.061368805,47.474067191],[19.061373499,47.474066738],[19.061409038,47.474061752]]]}},{"type":"Feature","id":36489,"properties":{"buildingId":2,"floorId":4,"roomNumber":"P.97 M2","roomName":"Zuhanyzó","scope":"budapest/lagymanyos/eszaki/-1/LÉ--1-135-E-05-72","roomCode":"LÉ--1-135/E-05-72","roomType":"social","__tile":"17/72476/45847","__layer":"rooms","__zoom":17,"__mvtId":36489,"__building":"eszaki","__ringVerts":5,"id":36489,"catalogFloorId":4},"geometry":{"type":"Polygon","coordinates":[[[19.061418666,47.474036211],[19.061426712,47.474063406],[19.061403914,47.474066125],[19.061396538,47.474039383],[19.061418666,47.474036211]]]}},{"type":"Feature","id":36491,"properties":{"buildingId":2,"floorId":4,"roomNumber":"P.97 M2","roomName":"Mosdó","scope":"budapest/lagymanyos/eszaki/-1/LÉ--1-135-B-05-71","roomCode":"LÉ--1-135/B-05-71","roomType":"social","__tile":"17/72476/45847","__layer":"rooms","__zoom":17,"__mvtId":36491,"__building":"eszaki","__ringVerts":5,"id":36491,"catalogFloorId":4},"geometry":{"type":"Polygon","coordinates":[[[19.061376394,47.474041446],[19.061381088,47.474056856],[19.061363654,47.474059576],[19.06135896,47.474043712],[19.061376394,47.474041446]]]}},{"type":"Feature","id":36492,"properties":{"buildingId":2,"floorId":4,"roomNumber":"P.97 M2","roomName":"Közlekedő","scope":"budapest/lagymanyos/eszaki/-1/LÉ--1-135-D-04-63","roomCode":"LÉ--1-135/D-04-63","roomType":"corridor","__tile":"17/72476/45847","__layer":"rooms","__zoom":17,"__mvtId":36492,"__building":"eszaki","__ringVerts":5,"id":36492,"catalogFloorId":4},"geometry":{"type":"Polygon","coordinates":[[[19.061395177,47.474033852],[19.061403223,47.474061047],[19.06138646,47.47406286],[19.061379084,47.474036118],[19.061395177,47.474033852]]]}},{"type":"Feature","id":36493,"properties":{"buildingId":2,"floorId":4,"roomNumber":"P.83","roomName":"Előtér","scope":"budapest/lagymanyos/eszaki/-1/LÉ--1-P83-04-62","roomCode":"LÉ--1-P83-04-62","roomType":"corridor","__tile":"17/72476/45847","__layer":"rooms","__zoom":17,"__mvtId":36493,"__building":"eszaki","__ringVerts":15,"id":36493,"catalogFloorId":4},"geometry":{"type":"Polygon","coordinates":[[[19.061667506,47.473922572],[19.06170908,47.474059001],[19.061642696,47.474068065],[19.061638002,47.474052655],[19.061646049,47.474051295],[19.061642696,47.474039511],[19.061634649,47.474040417],[19.061621238,47.473995092],[19.061627273,47.473994639],[19.061621238,47.473974243],[19.06161185,47.473975603],[19.06159978,47.473935717],[19.061609168,47.473934357],[19.061608498,47.473930731],[19.061667506,47.473922572]]]}},{"type":"Feature","id":36497,"properties":{"buildingId":2,"floorId":4,"roomNumber":"P.83/B","roomName":"Férfi WC","scope":"budapest/lagymanyos/eszaki/-1/LÉ--1-150-A-05-71","roomCode":"LÉ--1-150/A-05-71","roomType":"social","__tile":"17/72476/45847","__layer":"rooms","__zoom":17,"__mvtId":36497,"__building":"eszaki","__ringVerts":7,"id":36497,"catalogFloorId":4},"geometry":{"type":"Polygon","coordinates":[[[19.061726608,47.474011399],[19.061732643,47.474031342],[19.061723255,47.474032702],[19.061725937,47.47404086],[19.061685704,47.474046299],[19.061676987,47.474017744],[19.061726608,47.474011399]]]}},{"type":"Feature","id":36692,"properties":{"buildingId":2,"floorId":5,"roomNumber":"F.109","roomName":"Női mosdó","scope":"budapest/lagymanyos/eszaki/0/LÉ-0-085A-05-71","roomCode":"LÉ-0-085A-05-71","roomType":"social","__tile":"17/72476/45847","__layer":"rooms","__zoom":17,"__mvtId":36692,"__building":"eszaki","__ringVerts":7,"id":36692,"catalogFloorId":5},"geometry":{"type":"Polygon","coordinates":[[[19.061688997,47.47404535],[19.061696374,47.474069826],[19.061671563,47.474072999],[19.06166754,47.474057588],[19.061650105,47.474059855],[19.061647423,47.474050789],[19.061688997,47.47404535]]]}},{"type":"Feature","id":36690,"properties":{"buildingId":2,"floorId":5,"roomNumber":"F.109/A","roomName":"Férfi WC","scope":"budapest/lagymanyos/eszaki/0/LÉ-0-084B-05-71","roomCode":"LÉ-0-084B-05-71","roomType":"social","__tile":"17/72476/45847","__layer":"rooms","__zoom":17,"__mvtId":36690,"__building":"eszaki","__ringVerts":7,"id":36690,"catalogFloorId":5},"geometry":{"type":"Polygon","coordinates":[[[19.061725725,47.474011866],[19.061731089,47.474029996],[19.061727737,47.474030449],[19.061734442,47.474041327],[19.061686162,47.474047673],[19.061678116,47.474018211],[19.061725725,47.474011866]]]}},{"type":"Feature","id":36691,"properties":{"buildingId":2,"floorId":5,"roomNumber":"F.109/A","roomName":"Férfi mosdó","scope":"budapest/lagymanyos/eszaki/0/LÉ-0-084A-05-71","roomCode":"LÉ-0-084A-05-71","roomType":"social","__tile":"17/72476/45847","__layer":"rooms","__zoom":17,"__mvtId":36691,"__building":"eszaki","__ringVerts":9,"id":36691,"catalogFloorId":5},"geometry":{"type":"Polygon","coordinates":[[[19.061688303,47.474004484],[19.061697691,47.474037571],[19.061678915,47.474040291],[19.061676904,47.474033945],[19.061663492,47.474035758],[19.06166014,47.474025334],[19.061671539,47.474023974],[19.061666175,47.474007657],[19.061688303,47.474004484]]]}},{"type":"Feature","id":36802,"properties":{"buildingId":2,"floorId":5,"roomNumber":"056","roomName":"Lágymányosi főmérnökség","scope":"budapest/lagymanyos/eszaki/0/LK-0-056-02-33","roomCode":"LK-0-056-02-33","roomType":"administrative","__tile":"16/36238/22923","__layer":"rooms","__zoom":16,"__mvtId":36802,"__building":"eszaki","__ringVerts":7,"id":36802,"catalogFloorId":5},"geometry":{"type":"Polygon","coordinates":[[[19.061451438,47.474584111],[19.061459485,47.474609492],[19.0614045,47.474616744],[19.061407182,47.474627621],[19.061389748,47.474629434],[19.061373654,47.474593175],[19.061451438,47.474584111]]]}},{"type":"Feature","id":36829,"properties":{"buildingId":2,"floorId":5,"roomNumber":"F.78","roomName":"Zsibongó","scope":"budapest/lagymanyos/eszaki/0/LÉ-0-078-04-61","roomCode":"LÉ-0-078-04-61","roomType":"corridor","__tile":"17/72476/45847","__layer":"rooms","__zoom":17,"__mvtId":36829,"__building":"eszaki","__ringVerts":5,"id":36829,"catalogFloorId":5},"geometry":{"type":"Polygon","coordinates":[[[19.061807743,47.474379133],[19.061823166,47.474430351],[19.061733982,47.474442135],[19.06171923,47.474390918],[19.061807743,47.474379133]]]}},{"type":"Feature","id":36852,"properties":{"buildingId":2,"floorId":5,"roomNumber":"0.76A","roomName":"Ügyfélfogadó","scope":"budapest/lagymanyos/eszaki/0/LÉ-0-76A-03-57","roomCode":"LÉ-0-76A-03-57","roomType":"misc","__tile":"17/72476/45847","__layer":"rooms","__zoom":17,"__mvtId":36852,"__building":"eszaki","__ringVerts":5,"id":36852,"catalogFloorId":5},"geometry":{"type":"Polygon","coordinates":[[[19.061358806,47.474097788],[19.061390993,47.474203395],[19.061343383,47.474209741],[19.061311197,47.474104133],[19.061358806,47.474097788]]]}},{"type":"Feature","id":36890,"properties":{"buildingId":2,"floorId":6,"roomNumber":"1.82","roomName":"TTK Tanulmányi Hivatal","scope":"budapest/lagymanyos/eszaki/1/LÉ-1-82-02-33","roomCode":"LÉ-1-82-02-33","roomType":"administrative","__tile":"17/72476/45847","__layer":"rooms","__zoom":17,"__mvtId":36890,"__building":"eszaki","__ringVerts":5,"id":36890,"catalogFloorId":6},"geometry":{"type":"Polygon","coordinates":[[[19.061637371,47.474323362],[19.061645418,47.474348744],[19.061568975,47.474359169],[19.061561599,47.474333333],[19.061637371,47.474323362]]]}},{"type":"Feature","id":36895,"properties":{"buildingId":2,"floorId":6,"roomNumber":"1.78A","roomName":"TTK Tanulmányi Hivatal","scope":"budapest/lagymanyos/eszaki/1/LÉ-1-78A-02-33","roomCode":"LÉ-1-78A-02-33","roomType":"administrative","__tile":"17/72476/45847","__layer":"rooms","__zoom":17,"__mvtId":36895,"__building":"eszaki","__ringVerts":7,"id":36895,"catalogFloorId":6},"geometry":{"type":"Polygon","coordinates":[[[19.061689572,47.474153748],[19.061696948,47.47417777],[19.061694936,47.474180943],[19.061621175,47.474190914],[19.061613129,47.474165079],[19.061619164,47.474164172],[19.061689572,47.474153748]]]}},{"type":"Feature","id":36906,"properties":{"buildingId":2,"floorId":6,"roomNumber":"-","roomName":"Folyosó","scope":"budapest/lagymanyos/eszaki/1/LÉ-1-K18-04-63","roomCode":"LÉ-1-K18-04-63","roomType":"corridor","__tile":"17/72476/45847","__layer":"rooms","__zoom":17,"__mvtId":36906,"__building":"eszaki","__ringVerts":6,"id":36906,"catalogFloorId":6},"geometry":{"type":"Polygon","coordinates":[[[19.06161189,47.47387656],[19.061616584,47.473892877],[19.061463028,47.47391418],[19.061458334,47.473897863],[19.061601832,47.47387792],[19.06161189,47.47387656]]]}},{"type":"Feature","id":36481,"properties":{"buildingId":2,"floorId":4,"roomNumber":"P.99 M2","roomName":"Közlekedő","scope":"budapest/lagymanyos/eszaki/-1/LÉ--1-134-D-04-62","roomCode":"LÉ--1-134/D-04-62","roomType":"corridor","__tile":"17/72476/45847","__layer":"rooms","__zoom":17,"__mvtId":36481,"__building":"eszaki","__ringVerts":5,"id":36481,"catalogFloorId":4},"geometry":{"type":"Polygon","coordinates":[[[19.061402725,47.474005976],[19.061410771,47.474032718],[19.061394678,47.474034531],[19.061387302,47.474007789],[19.061402725,47.474005976]]]}},{"type":"Feature","id":770,"properties":{"buildingId":2,"floorId":8,"roomNumber":"3.66","roomName":"3.66 Oktató","scope":"budapest/lagymanyos/eszaki/3/LÉ-3-66-01-13","roomCode":"LÉ-3-66-01-13","roomType":"educational","__tile":"17/72476/45847","__layer":"rooms","__zoom":17,"__mvtId":770,"__building":"eszaki","__ringVerts":5,"id":770,"catalogFloorId":8},"geometry":{"type":"Polygon","coordinates":[[[19.061761118,47.474425761],[19.061778552,47.474482871],[19.061730273,47.47448967],[19.061713509,47.47443256],[19.061761118,47.474425761]]]}},{"type":"Feature","id":37057,"properties":{"buildingId":2,"floorId":6,"roomNumber":"F-L.9","roomName":"Lépcsőház","scope":"budapest/lagymanyos/eszaki/1/LÉ-1-L9-04-64","roomCode":"LÉ-1-L9-04-64","roomType":"corridor","__tile":"17/72476/45847","__layer":"rooms","__zoom":17,"__mvtId":37057,"__building":"eszaki","__ringVerts":5,"id":37057,"catalogFloorId":6},"geometry":{"type":"Polygon","coordinates":[[[19.061730285,47.473960001],[19.061745708,47.474010765],[19.06168804,47.474018471],[19.061672617,47.473967707],[19.061730285,47.473960001]],[[19.061714192,47.473977678],[19.061701451,47.473979038],[19.061698769,47.473979491],[19.061705474,47.47400306],[19.061720897,47.474001247],[19.061714192,47.473977678]]]}},{"type":"Feature","id":36456,"properties":{"buildingId":2,"floorId":4,"roomNumber":"P.97 M2","roomName":"Zuhanyzó","scope":"budapest/lagymanyos/eszaki/-1/LÉ--1-136-E-05-72","roomCode":"LÉ--1-136/E-05-72","roomType":"social","__tile":"17/72476/45847","__layer":"rooms","__zoom":17,"__mvtId":36456,"__building":"eszaki","__ringVerts":7,"id":36456,"catalogFloorId":4},"geometry":{"type":"Polygon","coordinates":[[[19.061397197,47.474123246],[19.061398538,47.474128685],[19.061406585,47.474127326],[19.06141262,47.474149082],[19.061377081,47.474154068],[19.061369034,47.474126872],[19.061397197,47.474123246]]]}},{"type":"Feature","id":36608,"properties":{"buildingId":2,"floorId":4,"roomNumber":"*P-KX","roomName":"Gépészeti lépcsőtér","scope":"budapest/lagymanyos/eszaki/-1/LK--1-007-04-64","roomCode":"LK--1-007-04-64","roomType":"corridor","__tile":"16/36238/22923","__layer":"rooms","__zoom":16,"__mvtId":36608,"__building":"eszaki","__ringVerts":5,"id":36608,"catalogFloorId":4},"geometry":{"type":"Polygon","coordinates":[[[19.061747982,47.474618727],[19.061752005,47.474632324],[19.06167288,47.474642295],[19.061668857,47.474628698],[19.061747982,47.474618727]]]}},{"type":"Feature","id":1193,"properties":{"buildingId":2,"floorId":10,"roomNumber":"534","roomName":"534","scope":"budapest/lagymanyos/eszaki/5/LK-5-534-01-12","roomCode":"LK-5-534-01-12","roomType":"educational","__tile":"16/36238/22923","__layer":"rooms","__zoom":16,"__mvtId":1193,"__building":"eszaki","__ringVerts":5,"id":1193,"catalogFloorId":10},"geometry":{"type":"Polygon","coordinates":[[[19.061747174,47.474548235],[19.061772655,47.474631631],[19.061705599,47.474641603],[19.061680118,47.4745573],[19.061747174,47.474548235]]]}},{"type":"Feature","id":395,"properties":{"buildingId":2,"floorId":9,"roomNumber":"432","roomName":"4.432 Preparatív labor","scope":"budapest/lagymanyos/eszaki/4/LK-4-432-01-14","roomCode":"LK-4-432-01-14","roomType":"educational","__tile":"16/36238/22923","__layer":"rooms","__zoom":16,"__mvtId":395,"__building":"eszaki","__ringVerts":5,"id":395,"catalogFloorId":9},"geometry":{"type":"Polygon","coordinates":[[[19.061755529,47.474545318],[19.061771622,47.474599707],[19.061704567,47.474609678],[19.061688474,47.474554383],[19.061755529,47.474545318]]]}},{"type":"Feature","id":462,"properties":{"buildingId":2,"floorId":11,"roomNumber":"601","roomName":"601","scope":"budapest/lagymanyos/eszaki/6/LK-6-601-01-14","roomCode":"LK-6-601-01-14","roomType":"educational","__tile":"16/36238/22923","__layer":"rooms","__zoom":16,"__mvtId":462,"__building":"eszaki","__ringVerts":7,"id":462,"catalogFloorId":11},"geometry":{"type":"Polygon","coordinates":[[[19.061635359,47.47457591],[19.061652793,47.474632112],[19.061593785,47.47464027],[19.061592444,47.474636644],[19.061584397,47.47463755],[19.061568304,47.474584975],[19.061635359,47.47457591]]]}},{"type":"Feature","id":486,"properties":{"buildingId":2,"floorId":11,"roomNumber":"632","roomName":"6.632 labor","scope":"budapest/lagymanyos/eszaki/6/LK-6-632-01-14","roomCode":"LK-6-632-01-14","roomType":"educational","__tile":"16/36238/22923","__layer":"rooms","__zoom":16,"__mvtId":486,"__building":"eszaki","__ringVerts":5,"id":486,"catalogFloorId":11},"geometry":{"type":"Polygon","coordinates":[[[19.061753808,47.474570693],[19.061763196,47.474596981],[19.061696141,47.474606952],[19.061686753,47.474579757],[19.061753808,47.474570693]]]}},{"type":"Feature","id":36911,"properties":{"buildingId":2,"floorId":6,"roomNumber":"159","roomName":"Szeminárium","scope":"budapest/lagymanyos/eszaki/1/LK-1-159-01-12","roomCode":"LK-1-159-01-12","roomType":"educational","__tile":"16/36238/22923","__layer":"rooms","__zoom":16,"__mvtId":36911,"__building":"eszaki","__ringVerts":5,"id":36911,"catalogFloorId":6},"geometry":{"type":"Polygon","coordinates":[[[19.061449391,47.474566624],[19.061466825,47.474624639],[19.061389041,47.47463461],[19.061371607,47.474577502],[19.061449391,47.474566624]]]}},{"type":"Feature","id":665,"properties":{"buildingId":2,"floorId":7,"roomNumber":"2.53","roomName":" 2.53/A  Oktató","scope":"budapest/lagymanyos/eszaki/2/LÉ-2-53-A -01-13","roomCode":"LÉ-2-53/A -01-13","roomType":"educational","__tile":"17/72476/45847","__layer":"rooms","__zoom":17,"__mvtId":665,"__building":"eszaki","__ringVerts":5,"id":665,"catalogFloorId":7},"geometry":{"type":"Polygon","coordinates":[[[19.061793758,47.474423525],[19.061802475,47.474451627],[19.061726703,47.474462052],[19.061718656,47.47443395],[19.061793758,47.474423525]]]}},{"type":"Feature","id":36458,"properties":{"buildingId":2,"floorId":4,"roomNumber":"P.97 M2","roomName":"WC","scope":"budapest/lagymanyos/eszaki/-1/LÉ--1-136-F-05-71","roomCode":"LÉ--1-136/F-05-71","roomType":"social","__tile":"17/72476/45847","__layer":"rooms","__zoom":17,"__mvtId":36458,"__building":"eszaki","__ringVerts":5,"id":36458,"catalogFloorId":4},"geometry":{"type":"Polygon","coordinates":[[[19.061352309,47.474130462],[19.061354321,47.474138621],[19.061336216,47.474140887],[19.061334204,47.474133182],[19.061352309,47.474130462]]]}},{"type":"Feature","id":36865,"properties":{"buildingId":2,"floorId":5,"roomNumber":"073A","roomName":"Büfé öltöző","scope":"budapest/lagymanyos/eszaki/0/LK-0-073A-05-73","roomCode":"LK-0-073A-05-73","roomType":"social","__tile":"17/72476/45847","__layer":"rooms","__zoom":17,"__mvtId":36865,"__building":"eszaki","__ringVerts":5,"id":36865,"catalogFloorId":5},"geometry":{"type":"Polygon","coordinates":[[[19.061326946,47.474273022],[19.061334322,47.474297497],[19.061320241,47.47429931],[19.061312865,47.474274835],[19.061326946,47.474273022]]]}},{"type":"Feature","id":36468,"properties":{"buildingId":2,"floorId":4,"roomNumber":"-1.35","roomName":"Öltöző előtér","scope":"budapest/lagymanyos/eszaki/-1/LÉ--1-135-A-04-62","roomCode":"LÉ--1-135/A-04-62","roomType":"corridor","__tile":"17/72476/45847","__layer":"rooms","__zoom":17,"__mvtId":36468,"__building":"eszaki","__ringVerts":5,"id":36468,"catalogFloorId":4},"geometry":{"type":"Polygon","coordinates":[[[19.061371803,47.474058463],[19.061375826,47.474073874],[19.061358391,47.47407614],[19.061353698,47.47406073],[19.061371803,47.474058463]]]}},{"type":"Feature","id":36848,"properties":{"buildingId":2,"floorId":5,"roomNumber":"0.81","roomName":"Ortvay Rudolf terem","scope":"budapest/lagymanyos/eszaki/0/LÉ-0-081-01-11","roomCode":"LÉ-0-081-01-11","roomType":"educational","__tile":"17/72476/45847","__layer":"rooms","__zoom":17,"__mvtId":36848,"__building":"eszaki","__ringVerts":13,"id":36848,"catalogFloorId":5},"geometry":{"type":"Polygon","coordinates":[[[19.061520825,47.473997694],[19.061524848,47.474012652],[19.06151479,47.474014011],[19.061517472,47.474024436],[19.061528201,47.474023076],[19.061540271,47.474065229],[19.061530213,47.474066589],[19.061536918,47.474089251],[19.061546976,47.474087891],[19.06155167,47.474103302],[19.061416889,47.474120979],[19.061384703,47.474015371],[19.061520825,47.473997694]]]}},{"type":"Feature","id":36487,"properties":{"buildingId":2,"floorId":4,"roomNumber":"P.K16","roomName":"Folyosó","scope":"budapest/lagymanyos/eszaki/-1/LÉ--1-K16-04-63","roomCode":"LÉ--1-K16-04-63","roomType":"corridor","__tile":"17/72476/45847","__layer":"rooms","__zoom":17,"__mvtId":36487,"__building":"eszaki","__ringVerts":17,"id":36487,"catalogFloorId":4},"geometry":{"type":"Polygon","coordinates":[[[19.061580397,47.474060445],[19.061630018,47.474227241],[19.061599843,47.47423132],[19.061598502,47.474227241],[19.061589114,47.474228601],[19.061575703,47.474181463],[19.061585091,47.474180103],[19.061581738,47.474169225],[19.061572351,47.474170585],[19.06155961,47.474127073],[19.061568327,47.474126166],[19.061564975,47.474113022],[19.061555587,47.474114381],[19.061542846,47.474070869],[19.061551564,47.474069963],[19.061550222,47.47406543],[19.061580397,47.474060445]]]}},{"type":"Feature","id":36903,"properties":{"buildingId":2,"floorId":6,"roomNumber":"1.71","roomName":"Pócza Jenő terem","scope":"budapest/lagymanyos/eszaki/1/LÉ-1-71-01-11","roomCode":"LÉ-1-71-01-11","roomType":"educational","__tile":"17/72476/45847","__layer":"rooms","__zoom":17,"__mvtId":36903,"__building":"eszaki","__ringVerts":9,"id":36903,"catalogFloorId":6},"geometry":{"type":"Polygon","coordinates":[[[19.061621963,47.473894038],[19.061648114,47.473981062],[19.061513333,47.473999645],[19.061508639,47.473983328],[19.061512663,47.473982875],[19.061495899,47.473928485],[19.061492546,47.473929391],[19.061487182,47.473912168],[19.061621963,47.473894038]]]}},{"type":"Feature","id":36909,"properties":{"buildingId":2,"floorId":6,"roomNumber":"1.61","roomName":"Fénymásoló","scope":"budapest/lagymanyos/eszaki/1/LK-1-61-02-35","roomCode":"LK-1-61-02-35","roomType":"administrative","__tile":"17/72476/45847","__layer":"rooms","__zoom":17,"__mvtId":36909,"__building":"eszaki","__ringVerts":7,"id":36909,"catalogFloorId":6},"geometry":{"type":"Polygon","coordinates":[[[19.061500551,47.47438879],[19.061507927,47.474412813],[19.061502562,47.474413719],[19.061503233,47.474415986],[19.061430143,47.47442641],[19.061422096,47.474399215],[19.061500551,47.47438879]]]}},{"type":"Feature","id":36904,"properties":{"buildingId":2,"floorId":6,"roomNumber":"-","roomName":"Technikai szoba","scope":"budapest/lagymanyos/eszaki/1/LÉ-1-180-03-55","roomCode":"LÉ-1-180-03-55","roomType":"misc","__tile":"17/72476/45847","__layer":"rooms","__zoom":17,"__mvtId":36904,"__building":"eszaki","__ringVerts":5,"id":36904,"catalogFloorId":6},"geometry":{"type":"Polygon","coordinates":[[[19.061354327,47.474111296],[19.061375785,47.474182456],[19.061338904,47.474187442],[19.061318117,47.474116281],[19.061354327,47.474111296]]]}},{"type":"Feature","id":36682,"properties":{"buildingId":2,"floorId":5,"roomNumber":"F.K17","roomName":"Folyosó","scope":"budapest/lagymanyos/eszaki/0/LÉ-0-K17-04-63","roomCode":"LÉ-0-K17-04-63","roomType":"corridor","__tile":"17/72476/45847","__layer":"rooms","__zoom":17,"__mvtId":36682,"__building":"eszaki","__ringVerts":41,"id":36682,"catalogFloorId":5},"geometry":{"type":"Polygon","coordinates":[[[19.061591154,47.473901925],[19.061599201,47.473928667],[19.061608589,47.473927307],[19.061613283,47.473944077],[19.061603895,47.473945437],[19.061613283,47.473975805],[19.06162267,47.473974898],[19.061627364,47.473991215],[19.061618647,47.473992575],[19.061632729,47.47404198],[19.061642787,47.47404062],[19.061647481,47.47405739],[19.061638093,47.474058297],[19.061642787,47.47407416],[19.061666256,47.474070988],[19.061682349,47.474126284],[19.061689055,47.474125378],[19.061722583,47.474235517],[19.061661562,47.474243676],[19.061654857,47.47422192],[19.061647481,47.474222826],[19.061642787,47.474205603],[19.061648822,47.47420515],[19.061627364,47.474130817],[19.061620659,47.474131723],[19.061615965,47.474115859],[19.061622,47.474114953],[19.061600542,47.474041073],[19.061593837,47.47404198],[19.061589143,47.474025663],[19.061595178,47.474025209],[19.061593166,47.474018864],[19.061587802,47.47401977],[19.061582437,47.474003],[19.061588472,47.474002094],[19.061567014,47.473929573],[19.061560979,47.473930027],[19.061555615,47.473913256],[19.061563662,47.47391235],[19.06156165,47.473906004],[19.061591154,47.473901925]]]}},{"type":"Feature","id":36686,"properties":{"buildingId":2,"floorId":5,"roomNumber":"F-K.17","roomName":"Folyosó","scope":"budapest/lagymanyos/eszaki/0/LÉ-0-K16-04-63","roomCode":"LÉ-0-K16-04-63","roomType":"corridor","__tile":"17/72476/45847","__layer":"rooms","__zoom":17,"__mvtId":36686,"__building":"eszaki","__ringVerts":5,"id":36686,"catalogFloorId":5},"geometry":{"type":"Polygon","coordinates":[[[19.061478996,47.474286087],[19.061511183,47.474394414],[19.061445468,47.474403479],[19.061413282,47.474294698],[19.061478996,47.474286087]]]}},{"type":"Feature","id":36800,"properties":{"buildingId":2,"floorId":5,"roomNumber":"054","roomName":"Postázó","scope":"budapest/lagymanyos/eszaki/0/LK-0-054-02-33","roomCode":"LK-0-054-02-33","roomType":"administrative","__tile":"16/36238/22923","__layer":"rooms","__zoom":16,"__mvtId":36800,"__building":"eszaki","__ringVerts":5,"id":36800,"catalogFloorId":5},"geometry":{"type":"Polygon","coordinates":[[[19.061431708,47.474650117],[19.061441095,47.474678218],[19.06136197,47.474689096],[19.061353924,47.474659182],[19.061431708,47.474650117]]]}},{"type":"Feature","id":36689,"properties":{"buildingId":2,"floorId":5,"roomNumber":"0.79","roomName":"Jánossy Lajos terem","scope":"budapest/lagymanyos/eszaki/0/LÉ-0-079-01-11","roomCode":"LÉ-0-079-01-11","roomType":"educational","__tile":"17/72476/45847","__layer":"rooms","__zoom":17,"__mvtId":36689,"__building":"eszaki","__ringVerts":5,"id":36689,"catalogFloorId":5},"geometry":{"type":"Polygon","coordinates":[[[19.061586279,47.473905197],[19.06161176,47.473990862],[19.061476309,47.474008991],[19.061451498,47.473923327],[19.061586279,47.473905197]]]}},{"type":"Feature","id":37058,"properties":{"buildingId":2,"floorId":6,"roomNumber":"-","roomName":"Férfi mosdó","scope":"budapest/lagymanyos/eszaki/1/LK-1-130-05-71","roomCode":"LK-1-130-05-71","roomType":"social","__tile":"16/36238/22923","__layer":"rooms","__zoom":16,"__mvtId":37058,"__building":"eszaki","__ringVerts":6,"id":37058,"catalogFloorId":6},"geometry":{"type":"Polygon","coordinates":[[[19.06168278,47.474659908],[19.06169485,47.47466716],[19.061698874,47.474677131],[19.061678757,47.47467985],[19.061673393,47.474661721],[19.06168278,47.474659908]]]}},{"type":"Feature","id":36679,"properties":{"buildingId":2,"floorId":5,"roomNumber":"F.111","roomName":"Lépcső előtér","scope":"budapest/lagymanyos/eszaki/0/LÉ-0-K18-A-04-62","roomCode":"LÉ-0-K18/A-04-62","roomType":"corridor","__tile":"17/72476/45847","__layer":"rooms","__zoom":17,"__mvtId":36679,"__building":"eszaki","__ringVerts":6,"id":36679,"catalogFloorId":5},"geometry":{"type":"Polygon","coordinates":[[[19.061748544,47.473900636],[19.061763966,47.473952306],[19.061761955,47.473955026],[19.061688864,47.473964997],[19.061672771,47.473911061],[19.061748544,47.473900636]]]}},{"type":"Feature","id":36884,"properties":{"buildingId":2,"floorId":6,"roomNumber":"1.83","roomName":"Iroda","scope":"budapest/lagymanyos/eszaki/1/LÉ-1-83-02-33","roomCode":"LÉ-1-83-02-33","roomType":"administrative","__tile":"17/72476/45847","__layer":"rooms","__zoom":17,"__mvtId":36884,"__building":"eszaki","__ringVerts":5,"id":36884,"catalogFloorId":6},"geometry":{"type":"Polygon","coordinates":[[[19.061813834,47.474319854],[19.061831269,47.474378777],[19.061756838,47.474388749],[19.061741415,47.474329826],[19.061813834,47.474319854]]]}},{"type":"Feature","id":36897,"properties":{"buildingId":2,"floorId":6,"roomNumber":"1.77A","roomName":"TTK Tanulmányi Hivatal","scope":"budapest/lagymanyos/eszaki/1/LÉ-1-77A-02-33","roomCode":"LÉ-1-77A-02-33","roomType":"administrative","__tile":"17/72476/45847","__layer":"rooms","__zoom":17,"__mvtId":36897,"__building":"eszaki","__ringVerts":7,"id":36897,"catalogFloorId":6},"geometry":{"type":"Polygon","coordinates":[[[19.06170647,47.474097284],[19.061713846,47.474122667],[19.061711834,47.474124933],[19.061638073,47.474134904],[19.061630027,47.474109069],[19.061636062,47.474108162],[19.06170647,47.474097284]]]}},{"type":"Feature","id":36900,"properties":{"buildingId":2,"floorId":6,"roomNumber":"-","roomName":"Női WC","scope":"budapest/lagymanyos/eszaki/1/LÉ-1-76-A-05-71","roomCode":"LÉ-1-76/A-05-71","roomType":"social","__tile":"17/72476/45847","__layer":"rooms","__zoom":17,"__mvtId":36900,"__building":"eszaki","__ringVerts":5,"id":36900,"catalogFloorId":6},"geometry":{"type":"Polygon","coordinates":[[[19.061725664,47.47404913],[19.06173304,47.474073606],[19.061696159,47.474078592],[19.061688783,47.474054116],[19.061725664,47.47404913]]]}},{"type":"Feature","id":36441,"properties":{"buildingId":2,"floorId":4,"roomNumber":"P.79 F7 (-1.53)","roomName":"Számítógépterem","scope":"budapest/lagymanyos/eszaki/-1/LÉ--1-153-01-16","roomCode":"LÉ--1-153-01-16","roomType":"educational","__tile":"17/72476/45847","__layer":"rooms","__zoom":17,"__mvtId":36441,"__building":"eszaki","__ringVerts":14,"id":36441,"catalogFloorId":4},"geometry":{"type":"Polygon","coordinates":[[[19.061674706,47.474120683],[19.061676047,47.474124762],[19.061685434,47.474123403],[19.061699516,47.474170994],[19.061690128,47.474172354],[19.061691469,47.47417598],[19.061630449,47.474184138],[19.061624414,47.474182779],[19.061625085,47.474184592],[19.06159491,47.474188671],[19.061578817,47.474134281],[19.061614356,47.474131108],[19.061613685,47.474129295],[19.061674706,47.474120683]]]}},{"type":"Feature","id":36442,"properties":{"buildingId":2,"floorId":4,"roomNumber":"P.81 F7 (-1.52)","roomName":"Szeminárium","scope":"budapest/lagymanyos/eszaki/-1/LÉ--1-152-01-12","roomCode":"LÉ--1-152-01-12","roomType":"educational","__tile":"17/72476/45847","__layer":"rooms","__zoom":17,"__mvtId":36442,"__building":"eszaki","__ringVerts":13,"id":36442,"catalogFloorId":4},"geometry":{"type":"Polygon","coordinates":[[[19.06169234,47.474075234],[19.061693681,47.474079313],[19.061703069,47.474077953],[19.06171715,47.474125091],[19.061707763,47.474126451],[19.061709104,47.474130077],[19.061612544,47.474143221],[19.061596451,47.474087925],[19.061625955,47.474084299],[19.061626626,47.474086565],[19.06163199,47.474085659],[19.06163132,47.474083392],[19.06169234,47.474075234]]]}},{"type":"Feature","id":36460,"properties":{"buildingId":2,"floorId":4,"roomNumber":"P.97 M2","roomName":"Öltöző","scope":"budapest/lagymanyos/eszaki/-1/LÉ--1-136-05-73","roomCode":"LÉ--1-136-05-73","roomType":"social","__tile":"17/72476/45847","__layer":"rooms","__zoom":17,"__mvtId":36460,"__building":"eszaki","__ringVerts":7,"id":36460,"catalogFloorId":4},"geometry":{"type":"Polygon","coordinates":[[[19.061407806,47.474088343],[19.061414511,47.4741101],[19.061400429,47.474111913],[19.061402441,47.474116898],[19.061362208,47.474122337],[19.061354161,47.474095595],[19.061407806,47.474088343]]]}},{"type":"Feature","id":36463,"properties":{"buildingId":2,"floorId":4,"roomNumber":"P.99 M2","roomName":"Zuhanyzó","scope":"budapest/lagymanyos/eszaki/-1/LÉ--1-134-E-05-72","roomCode":"LÉ--1-134/E-05-72","roomType":"social","__tile":"17/72476/45847","__layer":"rooms","__zoom":17,"__mvtId":36463,"__building":"eszaki","__ringVerts":5,"id":36463,"catalogFloorId":4},"geometry":{"type":"Polygon","coordinates":[[[19.061426726,47.474008565],[19.061434772,47.474034854],[19.061411974,47.474038026],[19.061403927,47.474011285],[19.061426726,47.474008565]]]}},{"type":"Feature","id":36490,"properties":{"buildingId":2,"floorId":4,"roomNumber":"P.97 M2","roomName":"WC","scope":"budapest/lagymanyos/eszaki/-1/LÉ--1-135-F-05-71","roomCode":"LÉ--1-135/F-05-71","roomType":"social","__tile":"17/72476/45847","__layer":"rooms","__zoom":17,"__mvtId":36490,"__building":"eszaki","__ringVerts":5,"id":36490,"catalogFloorId":4},"geometry":{"type":"Polygon","coordinates":[[[19.06138106,47.474031833],[19.061383742,47.474039992],[19.061365637,47.474042258],[19.061363626,47.474034099],[19.06138106,47.474031833]]]}},{"type":"Feature","id":36494,"properties":{"buildingId":2,"floorId":4,"roomNumber":"P.83/A","roomName":"Férfi mosdó","scope":"budapest/lagymanyos/eszaki/-1/LÉ--1-150-05-71","roomCode":"LÉ--1-150-05-71","roomType":"social","__tile":"17/72476/45847","__layer":"rooms","__zoom":17,"__mvtId":36494,"__building":"eszaki","__ringVerts":7,"id":36494,"catalogFloorId":4},"geometry":{"type":"Polygon","coordinates":[[[19.061682672,47.474006424],[19.061692731,47.474039512],[19.061675967,47.474041778],[19.061673955,47.474034979],[19.061665238,47.474035886],[19.061657862,47.474009597],[19.061682672,47.474006424]]]}},{"type":"Feature","id":36495,"properties":{"buildingId":2,"floorId":4,"roomNumber":"P.83/B (-1.50)","roomName":"Női mosdó","scope":"budapest/lagymanyos/eszaki/-1/LÉ--1-151-05-71","roomCode":"LÉ--1-151-05-71","roomType":"social","__tile":"17/72476/45847","__layer":"rooms","__zoom":17,"__mvtId":36495,"__building":"eszaki","__ringVerts":7,"id":36495,"catalogFloorId":4},"geometry":{"type":"Polygon","coordinates":[[[19.061686907,47.474044586],[19.061696294,47.474069515],[19.061660755,47.474074501],[19.061654049,47.474051385],[19.061659414,47.474050478],[19.061658743,47.474048212],[19.061686907,47.474044586]]]}},{"type":"Feature","id":36496,"properties":{"buildingId":2,"floorId":4,"roomNumber":"P.83/B","roomName":"Női WC","scope":"budapest/lagymanyos/eszaki/-1/LÉ--1-151-A-05-71","roomCode":"LÉ--1-151/A-05-71","roomType":"social","__tile":"17/72476/45847","__layer":"rooms","__zoom":17,"__mvtId":36496,"__building":"eszaki","__ringVerts":7,"id":36496,"catalogFloorId":4},"geometry":{"type":"Polygon","coordinates":[[[19.061713948,47.474050803],[19.061715289,47.474054882],[19.061724006,47.474053523],[19.061730041,47.474074826],[19.061691149,47.474079811],[19.061682432,47.474054882],[19.061713948,47.474050803]]]}},{"type":"Feature","id":36498,"properties":{"buildingId":2,"floorId":4,"roomNumber":"P.50 B5","roomName":"Röntgen laboratórium","scope":"budapest/lagymanyos/eszaki/-1/LÉ--1-161-A-01-14","roomCode":"LÉ--1-161/A-01-14","roomType":"educational","__tile":"17/72476/45847","__layer":"rooms","__zoom":17,"__mvtId":36498,"__building":"eszaki","__ringVerts":7,"id":36498,"catalogFloorId":4},"geometry":{"type":"Polygon","coordinates":[[[19.061809552,47.474027842],[19.061820281,47.474064555],[19.061809552,47.474065915],[19.061814917,47.474084045],[19.061748532,47.47409311],[19.061731768,47.474038267],[19.061809552,47.474027842]]]}},{"type":"Feature","id":36612,"properties":{"buildingId":2,"floorId":4,"roomNumber":"-100/11","roomName":"Folyosó","scope":"budapest/lagymanyos/eszaki/-1/LK--1-100-11-04-63","roomCode":"LK--1-100/11-04-63","roomType":"corridor","__tile":"17/72476/45847","__layer":"rooms","__zoom":17,"__mvtId":36612,"__building":"eszaki","__ringVerts":23,"id":36612,"catalogFloorId":4},"geometry":{"type":"Polygon","coordinates":[[[19.06136587,47.474371372],[19.061352459,47.474327407],[19.06139001,47.474327407],[19.061473159,47.474601625],[19.061444996,47.474605251],[19.061442984,47.474598905],[19.061434267,47.474599812],[19.061420185,47.474552674],[19.061428902,47.474551314],[19.061426891,47.474542702],[19.061417503,47.474544062],[19.061403421,47.47449647],[19.061412138,47.47449511],[19.061410127,47.474486499],[19.061400739,47.474487858],[19.061386658,47.47444072],[19.061396045,47.47443936],[19.061392022,47.474426669],[19.061382634,47.474428029],[19.061368553,47.474379984],[19.06137794,47.474379078],[19.061375258,47.474370466],[19.06136587,47.474371372]]]}},{"type":"Feature","id":36669,"properties":{"buildingId":2,"floorId":5,"roomNumber":"F.76/A M1 (0.91)","roomName":"Iroda","scope":"budapest/lagymanyos/eszaki/0/LÉ-0-091-02-33","roomCode":"LÉ-0-091-02-33","roomType":"administrative","__tile":"17/72476/45847","__layer":"rooms","__zoom":17,"__mvtId":36669,"__building":"eszaki","__ringVerts":5,"id":36669,"catalogFloorId":5},"geometry":{"type":"Polygon","coordinates":[[[19.061813016,47.474347698],[19.061821063,47.474376706],[19.061751996,47.474385771],[19.061743279,47.474356763],[19.061813016,47.474347698]]]}},{"type":"Feature","id":36693,"properties":{"buildingId":2,"floorId":5,"roomNumber":"F.109","roomName":"Női WC","scope":"budapest/lagymanyos/eszaki/0/LÉ-0-085B-05-71","roomCode":"LÉ-0-085B-05-71","roomType":"social","__tile":"17/72476/45847","__layer":"rooms","__zoom":17,"__mvtId":36693,"__building":"eszaki","__ringVerts":5,"id":36693,"catalogFloorId":5},"geometry":{"type":"Polygon","coordinates":[[[19.061722755,47.474048705],[19.061730131,47.474073634],[19.06169258,47.47407862],[19.061685204,47.474053691],[19.061722755,47.474048705]]]}},{"type":"Feature","id":36804,"properties":{"buildingId":2,"floorId":5,"roomNumber":"058","roomName":"Ruff terem","scope":"budapest/lagymanyos/eszaki/0/LK-0-058-01-22","roomCode":"LK-0-058-01-22","roomType":"educational","__tile":"17/72476/45847","__layer":"rooms","__zoom":17,"__mvtId":36804,"__building":"eszaki","__ringVerts":9,"id":36804,"catalogFloorId":5},"geometry":{"type":"Polygon","coordinates":[[[19.061397977,47.474551532],[19.061385236,47.474510739],[19.061467043,47.474510739],[19.061476431,47.474542467],[19.061471067,47.47454292],[19.061471737,47.474546093],[19.061457656,47.474548359],[19.061456315,47.474543827],[19.061397977,47.474551532]]]}},{"type":"Feature","id":36864,"properties":{"buildingId":2,"floorId":5,"roomNumber":"073","roomName":"Büfé iroda","scope":"budapest/lagymanyos/eszaki/0/LK-0-073-02-33","roomCode":"LK-0-073-02-33","roomType":"administrative","__tile":"17/72476/45847","__layer":"rooms","__zoom":17,"__mvtId":36864,"__building":"eszaki","__ringVerts":5,"id":36864,"catalogFloorId":5},"geometry":{"type":"Polygon","coordinates":[[[19.061310965,47.474257931],[19.061322364,47.474295551],[19.061299565,47.474298724],[19.061288166,47.474261104],[19.061310965,47.474257931]]]}},{"type":"Feature","id":36798,"properties":{"buildingId":2,"floorId":5,"roomNumber":"040","roomName":"Gépész lépcső","scope":"budapest/lagymanyos/eszaki/0/LK-0-040-04-64","roomCode":"LK-0-040-04-64","roomType":"corridor","__tile":"16/36238/22923","__layer":"rooms","__zoom":16,"__mvtId":36798,"__building":"eszaki","__ringVerts":5,"id":36798,"catalogFloorId":5},"geometry":{"type":"Polygon","coordinates":[[[19.061739177,47.474612457],[19.061745882,47.474630587],[19.061681509,47.474639652],[19.061676145,47.474621522],[19.061739177,47.474612457]]]}},{"type":"Feature","id":36815,"properties":{"buildingId":2,"floorId":5,"roomNumber":"039","roomName":"NMR laboratórium","scope":"budapest/lagymanyos/eszaki/0/LK-0-039-01-14","roomCode":"LK-0-039-01-14","roomType":"educational","__tile":"16/36238/22923","__layer":"rooms","__zoom":16,"__mvtId":36815,"__building":"eszaki","__ringVerts":5,"id":36815,"catalogFloorId":5},"geometry":{"type":"Polygon","coordinates":[[[19.061746514,47.474552321],[19.061763948,47.474615774],[19.061696893,47.474623933],[19.061678117,47.474561386],[19.061746514,47.474552321]]]}},{"type":"Feature","id":36855,"properties":{"buildingId":2,"floorId":5,"roomNumber":"062","roomName":"Gróh terem","scope":"budapest/lagymanyos/eszaki/0/LK-0-062-01-11","roomCode":"LK-0-062-01-11","roomType":"educational","__tile":"17/72476/45847","__layer":"rooms","__zoom":17,"__mvtId":36855,"__building":"eszaki","__ringVerts":15,"id":36855,"catalogFloorId":5},"geometry":{"type":"Polygon","coordinates":[[[19.061372795,47.474260601],[19.061378159,47.474276919],[19.061371454,47.474277825],[19.061376818,47.474295049],[19.061372795,47.474295502],[19.061376818,47.474295955],[19.061384865,47.47432315],[19.061381512,47.474324057],[19.061384865,47.474323604],[19.061386206,47.474327683],[19.061392911,47.474326776],[19.061397605,47.474342187],[19.061256119,47.474361223],[19.061231979,47.474279638],[19.061372795,47.474260601]]]}},{"type":"Feature","id":36892,"properties":{"buildingId":2,"floorId":6,"roomNumber":"1.80","roomName":"TTK Tanulmányi Hivatal","scope":"budapest/lagymanyos/eszaki/1/LÉ-1-80-02-33","roomCode":"LÉ-1-80-02-33","roomType":"administrative","__tile":"17/72476/45847","__layer":"rooms","__zoom":17,"__mvtId":36892,"__building":"eszaki","__ringVerts":9,"id":36892,"catalogFloorId":6},"geometry":{"type":"Polygon","coordinates":[[[19.061639602,47.474234411],[19.061646308,47.474267952],[19.06164966,47.474267498],[19.061655025,47.474286535],[19.061651672,47.474286988],[19.061653013,47.474291067],[19.061579923,47.474299679],[19.061563159,47.474244836],[19.061639602,47.474234411]]]}},{"type":"Feature","id":36893,"properties":{"buildingId":2,"floorId":6,"roomNumber":"-","roomName":"Folyosó","scope":"budapest/lagymanyos/eszaki/1/LÉ-1-K16-04-63","roomCode":"LÉ-1-K16-04-63","roomType":"corridor","__tile":"17/72476/45847","__layer":"rooms","__zoom":17,"__mvtId":36893,"__building":"eszaki","__ringVerts":13,"id":36893,"catalogFloorId":6},"geometry":{"type":"Polygon","coordinates":[[[19.061512188,47.474212947],[19.06152761,47.474265524],[19.061521575,47.474265978],[19.061522917,47.474270057],[19.061528281,47.47426915],[19.061529622,47.474272323],[19.061554433,47.47426915],[19.061584607,47.474371585],[19.061302305,47.474409659],[19.061292247,47.474375211],[19.06144245,47.474354362],[19.061403558,47.474227904],[19.061512188,47.474212947]],[[19.061506153,47.474325354],[19.061496765,47.474326714],[19.061498106,47.474333059],[19.061508164,47.474331699],[19.061506153,47.474325354]],[[19.061549068,47.474315382],[19.06153901,47.474316742],[19.061540351,47.474320368],[19.061534987,47.474321274],[19.061536998,47.47432762],[19.061552421,47.474325807],[19.061549068,47.474315382]]]}},{"type":"Feature","id":36894,"properties":{"buildingId":2,"floorId":6,"roomNumber":"1.79","roomName":"Felvételi Iroda","scope":"budapest/lagymanyos/eszaki/1/LÉ-1-79-02-33","roomCode":"LÉ-1-79-02-33","roomType":"administrative","__tile":"17/72476/45847","__layer":"rooms","__zoom":17,"__mvtId":36894,"__building":"eszaki","__ringVerts":8,"id":36894,"catalogFloorId":6},"geometry":{"type":"Polygon","coordinates":[[[19.061670071,47.47418639],[19.061676106,47.474217211],[19.061679459,47.474216758],[19.061686165,47.47424078],[19.061609722,47.474249845],[19.061593628,47.474197721],[19.061598993,47.474196815],[19.061670071,47.47418639]]]}},{"type":"Feature","id":36908,"properties":{"buildingId":2,"floorId":6,"roomNumber":"-","roomName":"Lépcső előtér","scope":"budapest/lagymanyos/eszaki/1/LÉ-1-K18-A-04-62","roomCode":"LÉ-1-K18/A-04-62","roomType":"corridor","__tile":"17/72476/45847","__layer":"rooms","__zoom":17,"__mvtId":36908,"__building":"eszaki","__ringVerts":8,"id":36908,"catalogFloorId":6},"geometry":{"type":"Polygon","coordinates":[[[19.061768388,47.473905658],[19.061780458,47.473946903],[19.061709379,47.473956422],[19.061713403,47.473969113],[19.061708038,47.473969566],[19.061691945,47.473918349],[19.061691945,47.473915629],[19.061768388,47.473905658]]]}},{"type":"Feature","id":36571,"properties":{"buildingId":2,"floorId":4,"roomNumber":"P-K4 B","roomName":"Folyosó","scope":"budapest/lagymanyos/eszaki/-1/LÉ--1-K4-B-04-63","roomCode":"LÉ--1-K4/B-04-63","roomType":"corridor","__tile":"16/36238/22923","__layer":"rooms","__zoom":16,"__mvtId":36571,"__building":"eszaki","__ringVerts":13,"id":36571,"catalogFloorId":4},"geometry":{"type":"Polygon","coordinates":[[[19.062358771,47.474570607],[19.062364135,47.474586924],[19.062374864,47.474585111],[19.062377546,47.474595989],[19.062366817,47.474597802],[19.062369499,47.47460596],[19.062338654,47.474609586],[19.062335972,47.474601428],[19.062323902,47.474603241],[19.06232122,47.474593269],[19.06233329,47.474591456],[19.062327925,47.47457514],[19.062358771,47.474570607]]]}},{"type":"Feature","id":36582,"properties":{"buildingId":2,"floorId":4,"roomNumber":"P.24 B7 (-1.104)","roomName":"Öltöző","scope":"budapest/lagymanyos/eszaki/-1/LÉ--1-104-A-05-73","roomCode":"LÉ--1-104/A-05-73","roomType":"social","__tile":"16/36238/22923","__layer":"rooms","__zoom":16,"__mvtId":36582,"__building":"eszaki","__ringVerts":5,"id":36582,"catalogFloorId":4},"geometry":{"type":"Polygon","coordinates":[[[19.0624117,47.474612149],[19.062419746,47.474638437],[19.062391583,47.474642063],[19.062383536,47.474615775],[19.0624117,47.474612149]]]}},{"type":"Feature","id":37005,"properties":{"buildingId":2,"floorId":6,"roomNumber":"É1-K5","roomName":"Folyosó","scope":"budapest/lagymanyos/eszaki/1/LÉ-1-K5-04-62","roomCode":"LÉ-1-K5-04-62","roomType":"corridor","__tile":"17/72476/45847","__layer":"rooms","__zoom":17,"__mvtId":37005,"__building":"eszaki","__ringVerts":26,"id":37005,"catalogFloorId":6},"geometry":{"type":"Polygon","coordinates":[[[19.062345491,47.474429684],[19.062338785,47.474408381],[19.062370972,47.474408381],[19.062374995,47.474421072],[19.062385053,47.474419712],[19.062387736,47.47443059],[19.062378348,47.474431497],[19.062400476,47.474504924],[19.062410534,47.474503564],[19.062413887,47.474514442],[19.062403829,47.474515802],[19.062408523,47.474533026],[19.062419252,47.474531666],[19.062422604,47.474542544],[19.062411876,47.474543904],[19.062415899,47.474558408],[19.062385053,47.474562487],[19.062371642,47.474515349],[19.062293858,47.474526227],[19.062289164,47.474511269],[19.062346832,47.474503111],[19.062334762,47.474462318],[19.062330068,47.474446907],[19.06227106,47.474455066],[19.062267036,47.474440109],[19.062345491,47.474429684]]]}},{"type":"Feature","id":36575,"properties":{"buildingId":2,"floorId":4,"roomNumber":"P.15 B7 (-1,90)","roomName":"Öltöző","scope":"budapest/lagymanyos/eszaki/-1/LÉ--1-190-A-05-73","roomCode":"LÉ--1-190/A-05-73","roomType":"social","__tile":"16/36238/22923","__layer":"rooms","__zoom":16,"__mvtId":36575,"__building":"eszaki","__ringVerts":5,"id":36575,"catalogFloorId":4},"geometry":{"type":"Polygon","coordinates":[[[19.062289635,47.474595794],[19.062297681,47.474621175],[19.062269518,47.474624801],[19.062261471,47.47459942],[19.062289635,47.474595794]]]}},{"type":"Feature","id":36551,"properties":{"buildingId":2,"floorId":4,"roomNumber":"P-K11/A","roomName":"Folyosó","scope":"budapest/lagymanyos/eszaki/-1/LÉ--1-K11-A-04-63","roomCode":"LÉ--1-K11/A-04-63","roomType":"corridor","__tile":"17/72476/45847","__layer":"rooms","__zoom":17,"__mvtId":36551,"__building":"eszaki","__ringVerts":5,"id":36551,"catalogFloorId":4},"geometry":{"type":"Polygon","coordinates":[[[19.06235154,47.474426208],[19.062357575,47.474447057],[19.062297225,47.474455216],[19.06229052,47.474434366],[19.06235154,47.474426208]]]}},{"type":"Feature","id":729,"properties":{"buildingId":2,"floorId":8,"roomNumber":"3.109/C","roomName":"3.109/C öltöző zuhanyozó","scope":"budapest/lagymanyos/eszaki/3/LÉ-3-109-C-05-71","roomCode":"LÉ-3-109/C-05-71","roomType":"social","__tile":"17/72476/45847","__layer":"rooms","__zoom":17,"__mvtId":729,"__building":"eszaki","__ringVerts":8,"id":729,"catalogFloorId":8},"geometry":{"type":"Polygon","coordinates":[[[19.06204528,47.474433928],[19.062053326,47.474459763],[19.062035221,47.474462483],[19.06203321,47.474455231],[19.062041256,47.474453871],[19.062030527,47.474454324],[19.062028516,47.474436194],[19.06204528,47.474433928]]]}},{"type":"Feature","id":885,"properties":{"buildingId":2,"floorId":9,"roomNumber":"4-L7","roomName":"4.L7 Lépcsőház Háromkarú","scope":"budapest/lagymanyos/eszaki/4/LÉ-4-L7-04-64","roomCode":"LÉ-4-L7-04-64","roomType":"corridor","__tile":"17/72476/45847","__layer":"rooms","__zoom":17,"__mvtId":885,"__building":"eszaki","__ringVerts":5,"id":885,"catalogFloorId":9},"geometry":{"type":"Polygon","coordinates":[[[19.062272864,47.474442158],[19.062284934,47.474481137],[19.062197762,47.474492922],[19.062186362,47.474454395],[19.062272864,47.474442158]]]}},{"type":"Feature","id":740,"properties":{"buildingId":2,"floorId":8,"roomNumber":"3.114/A","roomName":"3.114/A Oktató","scope":"budapest/lagymanyos/eszaki/3/LÉ-3-114-A-01-13","roomCode":"LÉ-3-114/A-01-13","roomType":"educational","__tile":"17/72476/45847","__layer":"rooms","__zoom":17,"__mvtId":740,"__building":"eszaki","__ringVerts":8,"id":740,"catalogFloorId":8},"geometry":{"type":"Polygon","coordinates":[[[19.06217048,47.474503932],[19.062174503,47.474506198],[19.062186573,47.474544725],[19.062143658,47.474550617],[19.062132259,47.47451345],[19.062136282,47.474512997],[19.062134941,47.474508918],[19.06217048,47.474503932]]]}},{"type":"Feature","id":711,"properties":{"buildingId":2,"floorId":7,"roomNumber":"2-L7","roomName":"2.L7 Lépcsőház  L7 ( 3 karú)","scope":"budapest/lagymanyos/eszaki/2/LÉ-2-L7-04-64","roomCode":"LÉ-2-L7-04-64","roomType":"corridor","__tile":"17/72476/45847","__layer":"rooms","__zoom":17,"__mvtId":711,"__building":"eszaki","__ringVerts":6,"id":711,"catalogFloorId":7},"geometry":{"type":"Polygon","coordinates":[[[19.062271212,47.474444519],[19.062283282,47.474483046],[19.062194769,47.474495284],[19.062182699,47.474456757],[19.062238355,47.474449052],[19.062271212,47.474444519]]]}},{"type":"Feature","id":515,"properties":{"buildingId":2,"floorId":11,"roomNumber":"6.100","roomName":"6.100 Szebehely Győző Terem","scope":"budapest/lagymanyos/eszaki/6/LÉ-6-100-01-12","roomCode":"LÉ-6-100-01-12","roomType":"educational","__tile":"17/72476/45847","__layer":"rooms","__zoom":17,"__mvtId":515,"__building":"eszaki","__ringVerts":13,"id":515,"catalogFloorId":11},"geometry":{"type":"Polygon","coordinates":[[[19.062089375,47.474490758],[19.062085352,47.474491664],[19.062089375,47.47449393],[19.062101445,47.474532004],[19.062019638,47.474543788],[19.062007568,47.474505262],[19.06201092,47.474504809],[19.062006227,47.474502542],[19.062045789,47.474497103],[19.06204713,47.474501182],[19.062051154,47.474500729],[19.062049812,47.474496197],[19.062089375,47.474490758]]]}},{"type":"Feature","id":1109,"properties":{"buildingId":2,"floorId":12,"roomNumber":"7.46","roomName":"7.46 mosdó","scope":"budapest/lagymanyos/eszaki/7/LÉ-7-46-05-71","roomCode":"LÉ-7-46-05-71","roomType":"social","__tile":"17/72476/45847","__layer":"rooms","__zoom":17,"__mvtId":1109,"__building":"eszaki","__ringVerts":6,"id":1109,"catalogFloorId":12},"geometry":{"type":"Polygon","coordinates":[[[19.062134443,47.474450368],[19.06214316,47.474477563],[19.06211835,47.474481189],[19.062110303,47.474454901],[19.062121703,47.474452181],[19.062134443,47.474450368]]]}},{"type":"Feature","id":700,"properties":{"buildingId":2,"floorId":7,"roomNumber":"2.98","roomName":"2.98 Teakonyha","scope":"budapest/lagymanyos/eszaki/2/LÉ-2-98-05-77","roomCode":"LÉ-2-98-05-77","roomType":"social","__tile":"17/72476/45847","__layer":"rooms","__zoom":17,"__mvtId":700,"__building":"eszaki","__ringVerts":5,"id":700,"catalogFloorId":7},"geometry":{"type":"Polygon","coordinates":[[[19.062163512,47.474452864],[19.062170888,47.4744787],[19.062142725,47.474482779],[19.062134678,47.474456037],[19.062163512,47.474452864]]]}},{"type":"Feature","id":728,"properties":{"buildingId":2,"floorId":8,"roomNumber":"3.109/B","roomName":"3.109/B Öltöző","scope":"budapest/lagymanyos/eszaki/3/LÉ-3-109-B-05-73","roomCode":"LÉ-3-109/B-05-73","roomType":"social","__tile":"17/72476/45847","__layer":"rooms","__zoom":17,"__mvtId":728,"__building":"eszaki","__ringVerts":5,"id":728,"catalogFloorId":8},"geometry":{"type":"Polygon","coordinates":[[[19.062085841,47.474439978],[19.062093888,47.474466267],[19.062050973,47.474472159],[19.062042926,47.474446323],[19.062085841,47.474439978]]]}},{"type":"Feature","id":747,"properties":{"buildingId":2,"floorId":11,"roomNumber":"6.102","roomName":"6.102 F4 Szeminárium","scope":"budapest/lagymanyos/eszaki/6/LÉ-6-102-01-12","roomCode":"LÉ-6-102-01-12","roomType":"educational","__tile":"17/72476/45847","__layer":"rooms","__zoom":17,"__mvtId":747,"__building":"eszaki","__ringVerts":14,"id":747,"catalogFloorId":11},"geometry":{"type":"Polygon","coordinates":[[[19.062175572,47.474514791],[19.062211111,47.474509352],[19.062212452,47.474513884],[19.062216475,47.474512978],[19.062215134,47.474508899],[19.062252015,47.474508899],[19.062266096,47.474545159],[19.062252685,47.474546972],[19.062251344,47.474541533],[19.062238603,47.474543346],[19.062239274,47.474548785],[19.062184959,47.474556037],[19.06217356,47.474517964],[19.062175572,47.474514791]]]}},{"type":"Feature","id":973,"properties":{"buildingId":2,"floorId":10,"roomNumber":"5.96/C","roomName":"5.96/C Zuhanyozó","scope":"budapest/lagymanyos/eszaki/5/LÉ-5-96-C-05-71","roomCode":"LÉ-5-96/C-05-71","roomType":"social","__tile":"17/72476/45847","__layer":"rooms","__zoom":17,"__mvtId":973,"__building":"eszaki","__ringVerts":5,"id":973,"catalogFloorId":10},"geometry":{"type":"Polygon","coordinates":[[[19.06194989,47.474398764],[19.061957936,47.474420973],[19.061942514,47.47442324],[19.061939161,47.474400124],[19.06194989,47.474398764]]]}},{"type":"Feature","id":1067,"properties":{"buildingId":2,"floorId":11,"roomNumber":"6.95/A","roomName":"6.95/A Előtér","scope":"budapest/lagymanyos/eszaki/6/LÉ-6-95-A-04-63","roomCode":"LÉ-6-95/A-04-63","roomType":"corridor","__tile":"17/72476/45847","__layer":"rooms","__zoom":17,"__mvtId":1067,"__building":"eszaki","__ringVerts":6,"id":1067,"catalogFloorId":11},"geometry":{"type":"Polygon","coordinates":[[[19.062089507,47.474437205],[19.062097554,47.474463494],[19.062054638,47.474469386],[19.062053297,47.474466667],[19.062046592,47.474443551],[19.062089507,47.474437205]]]}},{"type":"Feature","id":1181,"properties":{"buildingId":2,"floorId":14,"roomNumber":"9.K","roomName":"9.K Közlekedő","scope":"budapest/lagymanyos/eszaki/9/LÉ-9-K-04-63","roomCode":"LÉ-9-K-04-63","roomType":"corridor","__tile":"17/72476/45847","__layer":"rooms","__zoom":17,"__mvtId":1181,"__building":"eszaki","__ringVerts":10,"id":1181,"catalogFloorId":14},"geometry":{"type":"Polygon","coordinates":[[[19.062190012,47.47442865],[19.062190012,47.474433183],[19.062204093,47.474476242],[19.062162519,47.474482134],[19.062161848,47.474478961],[19.062146426,47.474480774],[19.062133685,47.474440435],[19.062148437,47.474438168],[19.062147767,47.474434542],[19.062190012,47.47442865]]]}},{"type":"Feature","id":1115,"properties":{"buildingId":2,"floorId":12,"roomNumber":"7.50","roomName":"7.50 Dolgozó","scope":"budapest/lagymanyos/eszaki/7/LÉ-7-50-02-33","roomCode":"LÉ-7-50-02-33","roomType":"administrative","__tile":"17/72476/45847","__layer":"rooms","__zoom":17,"__mvtId":1115,"__building":"eszaki","__ringVerts":10,"id":1115,"catalogFloorId":12},"geometry":{"type":"Polygon","coordinates":[[[19.06208755,47.474486182],[19.062098949,47.474524708],[19.062044634,47.474536039],[19.062017812,47.474538759],[19.062004401,47.474497513],[19.062043964,47.474492074],[19.062045305,47.474496153],[19.062049328,47.4744957],[19.062047987,47.474491621],[19.06208755,47.474486182]]]}},{"type":"Feature","id":736,"properties":{"buildingId":2,"floorId":8,"roomNumber":"3.112","roomName":"3.112 Oktató","scope":"budapest/lagymanyos/eszaki/3/LÉ-3-112-01-13","roomCode":"LÉ-3-112-01-13","roomType":"educational","__tile":"17/72476/45847","__layer":"rooms","__zoom":17,"__mvtId":736,"__building":"eszaki","__ringVerts":8,"id":736,"catalogFloorId":8},"geometry":{"type":"Polygon","coordinates":[[[19.061997987,47.474475431],[19.062002011,47.474477244],[19.062012069,47.474510332],[19.061984576,47.474514411],[19.061986588,47.474519397],[19.061973177,47.474521663],[19.061960436,47.474480417],[19.061997987,47.474475431]]]}},{"type":"Feature","id":739,"properties":{"buildingId":2,"floorId":8,"roomNumber":"3.113/A","roomName":"3.113/A Oktató","scope":"budapest/lagymanyos/eszaki/3/LÉ-3-113-A-01-13","roomCode":"LÉ-3-113/A-01-13","roomType":"educational","__tile":"17/72476/45847","__layer":"rooms","__zoom":17,"__mvtId":739,"__building":"eszaki","__ringVerts":8,"id":739,"catalogFloorId":8},"geometry":{"type":"Polygon","coordinates":[[[19.062087263,47.474492457],[19.062091286,47.474494723],[19.062103356,47.474532797],[19.062060441,47.474539142],[19.062049042,47.474501975],[19.062053065,47.474501069],[19.062051724,47.474497443],[19.062087263,47.474492457]]]}},{"type":"Feature","id":742,"properties":{"buildingId":2,"floorId":8,"roomNumber":"3.115","roomName":"3.115 Oktató","scope":"budapest/lagymanyos/eszaki/3/LÉ-3-115-01-13","roomCode":"LÉ-3-115-01-13","roomType":"educational","__tile":"17/72476/45847","__layer":"rooms","__zoom":17,"__mvtId":742,"__building":"eszaki","__ringVerts":16,"id":742,"catalogFloorId":8},"geometry":{"type":"Polygon","coordinates":[[[19.062250897,47.474508474],[19.062262296,47.474544735],[19.062248885,47.474546548],[19.062247544,47.474541109],[19.062233463,47.474542922],[19.062235474,47.474548361],[19.062195241,47.474555159],[19.06218116,47.474555613],[19.06216976,47.474517539],[19.062171772,47.474514367],[19.062207311,47.474509381],[19.062208652,47.47451346],[19.062212676,47.474512554],[19.062211334,47.474508928],[19.062216028,47.474508474],[19.062250897,47.474508474]]]}},{"type":"Feature","id":890,"properties":{"buildingId":2,"floorId":10,"roomNumber":"5.104","roomName":"5.104 Oktató","scope":"budapest/lagymanyos/eszaki/5/LÉ-5-104-01-13","roomCode":"LÉ-5-104-01-13","roomType":"educational","__tile":"17/72476/45847","__layer":"rooms","__zoom":17,"__mvtId":890,"__building":"eszaki","__ringVerts":6,"id":890,"catalogFloorId":10},"geometry":{"type":"Polygon","coordinates":[[[19.062122522,47.474496703],[19.062127216,47.474500329],[19.062138616,47.474537495],[19.062098382,47.474542934],[19.062084971,47.474501688],[19.062122522,47.474496703]]]}},{"type":"Feature","id":36828,"properties":{"buildingId":2,"floorId":5,"roomNumber":"0.113","roomName":"Teakonyha","scope":"budapest/lagymanyos/eszaki/0/LÉ-0-113-05-77","roomCode":"LÉ-0-113-05-77","roomType":"social","__tile":"17/72476/45847","__layer":"rooms","__zoom":17,"__mvtId":36828,"__building":"eszaki","__ringVerts":6,"id":36828,"catalogFloorId":5},"geometry":{"type":"Polygon","coordinates":[[[19.061999725,47.474489947],[19.062008442,47.474519862],[19.061965527,47.474525754],[19.061956139,47.474494933],[19.061990337,47.4744904],[19.061999725,47.474489947]]]}},{"type":"Feature","id":869,"properties":{"buildingId":2,"floorId":9,"roomNumber":"4.93","roomName":"4.93 Oktató","scope":"budapest/lagymanyos/eszaki/4/LÉ-4-93-01-13","roomCode":"LÉ-4-93-01-13","roomType":"educational","__tile":"17/72476/45847","__layer":"rooms","__zoom":17,"__mvtId":869,"__building":"eszaki","__ringVerts":11,"id":869,"catalogFloorId":9},"geometry":{"type":"Polygon","coordinates":[[[19.062000995,47.474471012],[19.062005018,47.474473278],[19.062016418,47.474511804],[19.062003677,47.474513617],[19.062001666,47.474508632],[19.061987584,47.474510445],[19.061988925,47.47451543],[19.061975514,47.474517244],[19.061967467,47.474490048],[19.061963444,47.474475997],[19.062000995,47.474471012]]]}},{"type":"Feature","id":892,"properties":{"buildingId":2,"floorId":10,"roomNumber":"5.106","roomName":"5,106","scope":"budapest/lagymanyos/eszaki/5/LÉ-5-106-02-33","roomCode":"LÉ-5-106-02-33","roomType":"administrative","__tile":"17/72476/45847","__layer":"rooms","__zoom":17,"__mvtId":892,"__building":"eszaki","__ringVerts":13,"id":892,"catalogFloorId":10},"geometry":{"type":"Polygon","coordinates":[[[19.062245178,47.474508624],[19.062256578,47.474544885],[19.062243167,47.474546698],[19.062241826,47.474541259],[19.062227744,47.474543072],[19.062229756,47.474548511],[19.062175441,47.474555763],[19.06216203,47.47451497],[19.062201593,47.474509078],[19.062202934,47.47451361],[19.062206957,47.474512704],[19.062205616,47.474508624],[19.062245178,47.474508624]]]}},{"type":"Feature","id":36550,"properties":{"buildingId":2,"floorId":4,"roomNumber":"P-K12/A","roomName":"Folyosó","scope":"budapest/lagymanyos/eszaki/-1/LÉ--1-K12-A-04-63","roomCode":"LÉ--1-K12/A-04-63","roomType":"corridor","__tile":"17/72476/45847","__layer":"rooms","__zoom":17,"__mvtId":36550,"__building":"eszaki","__ringVerts":5,"id":36550,"catalogFloorId":4},"geometry":{"type":"Polygon","coordinates":[[[19.062327738,47.474504534],[19.062333773,47.474525837],[19.062270071,47.474534449],[19.062264036,47.4745136],[19.062327738,47.474504534]]]}},{"type":"Feature","id":741,"properties":{"buildingId":2,"floorId":8,"roomNumber":"3.114/B","roomName":"3.114/B Oktató","scope":"budapest/lagymanyos/eszaki/3/LÉ-3-114-B-01-13","roomCode":"LÉ-3-114/B-01-13","roomType":"educational","__tile":"17/72476/45847","__layer":"rooms","__zoom":17,"__mvtId":741,"__building":"eszaki","__ringVerts":6,"id":741,"catalogFloorId":8},"geometry":{"type":"Polygon","coordinates":[[[19.062129898,47.474495765],[19.062142638,47.474536558],[19.062103746,47.474541997],[19.062091676,47.47450347],[19.062094358,47.47450075],[19.062129898,47.474495765]]]}},{"type":"Feature","id":36425,"properties":{"buildingId":2,"floorId":3,"roomNumber":"-2.03","roomName":"Robotika labor","scope":"budapest/lagymanyos/eszaki/-2/LÉ--2-03-01-14","roomCode":"LÉ--2-03-01-14","roomType":"educational","__tile":"16/36238/22923","__layer":"rooms","__zoom":16,"__mvtId":36425,"__building":"eszaki","__ringVerts":5,"id":36425,"catalogFloorId":3},"geometry":{"type":"Polygon","coordinates":[[[19.062285867,47.474612146],[19.062299278,47.474657469],[19.062233564,47.474666534],[19.062218812,47.47462121],[19.062285867,47.474612146]]]}},{"type":"Feature","id":36740,"properties":{"buildingId":2,"floorId":5,"roomNumber":"F.39 B7 (0.116)","roomName":"Mérőlabor","scope":"budapest/lagymanyos/eszaki/0/LÉ-0-116-01-14","roomCode":"LÉ-0-116-01-14","roomType":"educational","__tile":"16/36238/22923","__layer":"rooms","__zoom":16,"__mvtId":36740,"__building":"eszaki","__ringVerts":10,"id":36740,"catalogFloorId":5},"geometry":{"type":"Polygon","coordinates":[[[19.062288051,47.474572996],[19.062290733,47.474579342],[19.062300121,47.474577529],[19.062304144,47.474590219],[19.062293415,47.474592032],[19.062305485,47.474628292],[19.062300121,47.474624666],[19.062220996,47.474631917],[19.062207584,47.4745875],[19.062288051,47.474572996]]]}},{"type":"Feature","id":36573,"properties":{"buildingId":2,"floorId":4,"roomNumber":"P.15 B7 (-1.89)","roomName":"Öltöző","scope":"budapest/lagymanyos/eszaki/-1/LÉ--1-189-A-05-73","roomCode":"LÉ--1-189/A-05-73","roomType":"social","__tile":"16/36238/22923","__layer":"rooms","__zoom":16,"__mvtId":36573,"__building":"eszaki","__ringVerts":5,"id":36573,"catalogFloorId":4},"geometry":{"type":"Polygon","coordinates":[[[19.06229769,47.474568207],[19.062305736,47.474594495],[19.062277573,47.474598121],[19.062269526,47.47457274],[19.06229769,47.474568207]]]}},{"type":"Feature","id":37051,"properties":{"buildingId":2,"floorId":6,"roomNumber":"-","roomName":"Női WC","scope":"budapest/lagymanyos/eszaki/1/LÉ-1-105-A-05-71","roomCode":"LÉ-1-105/A-05-71","roomType":"social","__tile":"16/36238/22923","__layer":"rooms","__zoom":16,"__mvtId":37051,"__building":"eszaki","__ringVerts":5,"id":37051,"catalogFloorId":6},"geometry":{"type":"Polygon","coordinates":[[[19.062307406,47.474540063],[19.062312771,47.474561818],[19.062276561,47.474566351],[19.062269855,47.474544595],[19.062307406,47.474540063]]]}},{"type":"Feature","id":36715,"properties":{"buildingId":2,"floorId":5,"roomNumber":"F.83","roomName":"Iroda","scope":"budapest/lagymanyos/eszaki/0/LÉ-0-114-02-33","roomCode":"LÉ-0-114-02-33","roomType":"administrative","__tile":"17/72476/45847","__layer":"rooms","__zoom":17,"__mvtId":36715,"__building":"eszaki","__ringVerts":11,"id":36715,"catalogFloorId":5},"geometry":{"type":"Polygon","coordinates":[[[19.062219916,47.474528352],[19.062260149,47.474528352],[19.062267525,47.474553734],[19.062183706,47.474565065],[19.062174989,47.474536057],[19.062182365,47.47453515],[19.062179683,47.474528352],[19.062215222,47.474528352],[19.062215893,47.474530618],[19.062220587,47.474530165],[19.062219916,47.474528352]]]}},{"type":"Feature","id":36540,"properties":{"buildingId":2,"floorId":4,"roomNumber":"P.L7","roomName":"Lépcsőház","scope":"budapest/lagymanyos/eszaki/-1/LÉ--1-L7-04-64","roomCode":"LÉ--1-L7-04-64","roomType":"corridor","__tile":"17/72476/45847","__layer":"rooms","__zoom":17,"__mvtId":36540,"__building":"eszaki","__ringVerts":5,"id":36540,"catalogFloorId":4},"geometry":{"type":"Polygon","coordinates":[[[19.062265573,47.474445417],[19.062276302,47.474483943],[19.062183095,47.474496634],[19.062171696,47.474457654],[19.062265573,47.474445417]]]}},{"type":"Feature","id":36998,"properties":{"buildingId":2,"floorId":6,"roomNumber":"F-L7","roomName":"Lépcsőház","scope":"budapest/lagymanyos/eszaki/1/LÉ-1-L7-04-64","roomCode":"LÉ-1-L7-04-64","roomType":"corridor","__tile":"17/72476/45847","__layer":"rooms","__zoom":17,"__mvtId":36998,"__building":"eszaki","__ringVerts":5,"id":36998,"catalogFloorId":6},"geometry":{"type":"Polygon","coordinates":[[[19.062266586,47.474445929],[19.062277985,47.474484456],[19.062188131,47.474496694],[19.062176732,47.474458167],[19.062266586,47.474445929]]]}},{"type":"Feature","id":36576,"properties":{"buildingId":2,"floorId":4,"roomNumber":"P.15 B7 (-1,90)","roomName":"Öltöző előtér","scope":"budapest/lagymanyos/eszaki/-1/LÉ--1-190-04-62","roomCode":"LÉ--1-190-04-62","roomType":"corridor","__tile":"16/36238/22923","__layer":"rooms","__zoom":16,"__mvtId":36576,"__building":"eszaki","__ringVerts":5,"id":36576,"catalogFloorId":4},"geometry":{"type":"Polygon","coordinates":[[[19.062308686,47.47459957],[19.062316732,47.474624951],[19.062300639,47.474627671],[19.062292592,47.474601383],[19.062308686,47.47459957]]]}},{"type":"Feature","id":36714,"properties":{"buildingId":2,"floorId":5,"roomNumber":"F-K12/A","roomName":"Folyosó","scope":"budapest/lagymanyos/eszaki/0/LÉ-0-K12-A-04-63","roomCode":"LÉ-0-K12/A-04-63","roomType":"corridor","__tile":"17/72476/45847","__layer":"rooms","__zoom":17,"__mvtId":36714,"__building":"eszaki","__ringVerts":5,"id":36714,"catalogFloorId":5},"geometry":{"type":"Polygon","coordinates":[[[19.062318321,47.47449295],[19.062324356,47.474514707],[19.062166776,47.474536009],[19.062160741,47.474514253],[19.062318321,47.47449295]]]}},{"type":"Feature","id":36548,"properties":{"buildingId":2,"floorId":4,"roomNumber":"P.17","roomName":"Női mosdó","scope":"budapest/lagymanyos/eszaki/-1/LÉ--1-188-05-71","roomCode":"LÉ--1-188-05-71","roomType":"social","__tile":"16/36238/22923","__layer":"rooms","__zoom":16,"__mvtId":36548,"__building":"eszaki","__ringVerts":5,"id":36548,"catalogFloorId":4},"geometry":{"type":"Polygon","coordinates":[[[19.062336933,47.474543967],[19.062343639,47.474565723],[19.062318158,47.474569349],[19.062311452,47.474547593],[19.062336933,47.474543967]]]}},{"type":"Feature","id":36574,"properties":{"buildingId":2,"floorId":4,"roomNumber":"P.15 B7","roomName":"Zuhanyzó","scope":"budapest/lagymanyos/eszaki/-1/LÉ--1-190-B-05-72","roomCode":"LÉ--1-190/B-05-72","roomType":"social","__tile":"16/36238/22923","__layer":"rooms","__zoom":16,"__mvtId":36574,"__building":"eszaki","__ringVerts":12,"id":36574,"catalogFloorId":4},"geometry":{"type":"Polygon","coordinates":[[[19.062251077,47.474567491],[19.062263146,47.474565678],[19.062277899,47.474618253],[19.06226717,47.474620066],[19.062264488,47.474611908],[19.062264488,47.474620066],[19.062252418,47.474621879],[19.062237666,47.474569304],[19.062248394,47.474567491],[19.062251077,47.474575649],[19.062253759,47.474575649],[19.062251077,47.474567491]]]}},{"type":"Feature","id":36990,"properties":{"buildingId":2,"floorId":6,"roomNumber":"1.108","roomName":"Iroda","scope":"budapest/lagymanyos/eszaki/1/LÉ-1-108-02-33","roomCode":"LÉ-1-108-02-33","roomType":"administrative","__tile":"16/36238/22923","__layer":"rooms","__zoom":16,"__mvtId":36990,"__building":"eszaki","__ringVerts":5,"id":36990,"catalogFloorId":6},"geometry":{"type":"Polygon","coordinates":[[[19.062295914,47.474620735],[19.062305302,47.474647929],[19.062224835,47.474656088],[19.06221813,47.474631613],[19.062295914,47.474620735]]]}},{"type":"Feature","id":36991,"properties":{"buildingId":2,"floorId":6,"roomNumber":"1.107","roomName":"Iroda","scope":"budapest/lagymanyos/eszaki/1/LÉ-1-107-02-33","roomCode":"LÉ-1-107-02-33","roomType":"administrative","__tile":"16/36238/22923","__layer":"rooms","__zoom":16,"__mvtId":36991,"__building":"eszaki","__ringVerts":5,"id":36991,"catalogFloorId":6},"geometry":{"type":"Polygon","coordinates":[[[19.06230492,47.474591456],[19.062312967,47.474618651],[19.062233842,47.474629528],[19.062225795,47.474605053],[19.06230492,47.474591456]]]}},{"type":"Feature","id":36992,"properties":{"buildingId":2,"floorId":6,"roomNumber":"1.106","roomName":"Iroda","scope":"budapest/lagymanyos/eszaki/1/LÉ-1-106-02-33","roomCode":"LÉ-1-106-02-33","roomType":"administrative","__tile":"16/36238/22923","__layer":"rooms","__zoom":16,"__mvtId":36992,"__building":"eszaki","__ringVerts":5,"id":36992,"catalogFloorId":6},"geometry":{"type":"Polygon","coordinates":[[[19.062313272,47.474564691],[19.062321319,47.474591885],[19.062242194,47.474600044],[19.062234147,47.474575569],[19.062313272,47.474564691]]]}},{"type":"Feature","id":36999,"properties":{"buildingId":2,"floorId":6,"roomNumber":"1.104","roomName":"Iroda","scope":"budapest/lagymanyos/eszaki/1/LÉ-1-104-02-33","roomCode":"LÉ-1-104-02-33","roomType":"administrative","__tile":"17/72476/45847","__layer":"rooms","__zoom":17,"__mvtId":36999,"__building":"eszaki","__ringVerts":7,"id":36999,"catalogFloorId":6},"geometry":{"type":"Polygon","coordinates":[[[19.06222212,47.474523537],[19.06222145,47.474522631],[19.06225833,47.474522631],[19.062268388,47.474555265],[19.062228826,47.474560251],[19.062218768,47.474524444],[19.06222212,47.474523537]]]}},{"type":"Feature","id":812,"properties":{"buildingId":2,"floorId":8,"roomNumber":"3-L7","roomName":"3.L7 Lépcsőház háromkarú","scope":"budapest/lagymanyos/eszaki/3/LÉ-3-L7-04-64","roomCode":"LÉ-3-L7-04-64","roomType":"corridor","__tile":"17/72476/45847","__layer":"rooms","__zoom":17,"__mvtId":812,"__building":"eszaki","__ringVerts":6,"id":812,"catalogFloorId":8},"geometry":{"type":"Polygon","coordinates":[[[19.062277773,47.474443608],[19.062289843,47.474482134],[19.06220133,47.474494372],[19.06218926,47.474455845],[19.062205353,47.474453579],[19.062277773,47.474443608]]]}},{"type":"Feature","id":1104,"properties":{"buildingId":2,"floorId":12,"roomNumber":"7.42","roomName":"7.42 Fotolabor","scope":"budapest/lagymanyos/eszaki/7/LÉ-7-42-01-14","roomCode":"LÉ-7-42-01-14","roomType":"educational","__tile":"17/72476/45847","__layer":"rooms","__zoom":17,"__mvtId":1104,"__building":"eszaki","__ringVerts":13,"id":1104,"catalogFloorId":12},"geometry":{"type":"Polygon","coordinates":[[[19.062090682,47.474416994],[19.062091352,47.47441926],[19.062098058,47.474418354],[19.062102752,47.474433765],[19.062096717,47.474434671],[19.062102081,47.474452348],[19.062108116,47.474451441],[19.06211281,47.474466852],[19.062106104,47.474467759],[19.062106775,47.474470025],[19.062070565,47.474475011],[19.062054472,47.47442198],[19.062090682,47.474416994]]]}}],"meta":{"building":"eszaki","polygonCount":1218,"source":"https://bis.elte.hu/tiles/rooms/{z}/{x}/{y}.pbf","dedupeKey":"scope","joinedCatalogIds":1218}}