{"type":"FeatureCollection","features":[{"type":"Feature","id":989,"properties":{"buildingId":2,"floorId":10,"roomNumber":"5-K7","roomName":"5.K7 Közlekedő D-i","scope":"budapest/lagymanyos/eszaki/5/LÉ-5-K7-04-63","roomCode":"LÉ-5-K7-04-63","roomType":"corridor","__tile":"17/72476/45847","__layer":"rooms","__zoom":17,"__mvtId":989,"__building":"eszaki","__ringVerts":14,"id":989,"catalogFloorId":10},"geometry":{"type":"Polygon","coordinates":[[[19.06246934,47.474040327],[19.062474034,47.474055284],[19.062426425,47.474062083],[19.062427766,47.474067069],[19.062416367,47.474068882],[19.062414355,47.474063443],[19.062026105,47.47411874],[19.062024094,47.474119193],[19.062025435,47.474123272],[19.062014035,47.474124632],[19.062012024,47.474119646],[19.061964415,47.474125992],[19.061959721,47.474111034],[19.06246934,47.474040327]],[[19.062024094,47.47411874],[19.062026105,47.47411874],[19.062025435,47.474117833],[19.062024094,47.474117833],[19.062024094,47.47411874]]]}},{"type":"Feature","id":936,"properties":{"buildingId":2,"floorId":10,"roomNumber":"5.61/A","roomName":"5.61/A","scope":"budapest/lagymanyos/eszaki/5/LÉ-5-61-A-01-13","roomCode":"LÉ-5-61/A-01-13","roomType":"educational","__tile":"17/72476/45847","__layer":"rooms","__zoom":17,"__mvtId":936,"__building":"eszaki","__ringVerts":5,"id":936,"catalogFloorId":10},"geometry":{"type":"Polygon","coordinates":[[[19.06191331,47.474031608],[19.061921356,47.474059256],[19.061846255,47.474068774],[19.061839549,47.474041579],[19.06191331,47.474031608]]]}},{"type":"Feature","id":953,"properties":{"buildingId":2,"floorId":10,"roomNumber":"5.79","roomName":"5.79 Oktató","scope":"budapest/lagymanyos/eszaki/5/LÉ-5-79-01-13","roomCode":"LÉ-5-79-01-13","roomType":"educational","__tile":"17/72476/45847","__layer":"rooms","__zoom":17,"__mvtId":953,"__building":"eszaki","__ringVerts":6,"id":953,"catalogFloorId":10},"geometry":{"type":"Polygon","coordinates":[[[19.062156856,47.474093325],[19.062164902,47.474093778],[19.062176302,47.474129585],[19.062136069,47.474135024],[19.062124669,47.474097857],[19.062156856,47.474093325]]]}},{"type":"Feature","id":940,"properties":{"buildingId":2,"floorId":10,"roomNumber":"5.66","roomName":"5.66 Oktató","scope":"budapest/lagymanyos/eszaki/5/LÉ-5-66-01-13","roomCode":"LÉ-5-66-01-13","roomType":"educational","__tile":"17/72476/45847","__layer":"rooms","__zoom":17,"__mvtId":940,"__building":"eszaki","__ringVerts":5,"id":940,"catalogFloorId":10},"geometry":{"type":"Polygon","coordinates":[[[19.062138384,47.474012742],[19.062157159,47.474069399],[19.062118267,47.474074838],[19.062100162,47.474018634],[19.062138384,47.474012742]]]}},{"type":"Feature","id":941,"properties":{"buildingId":2,"floorId":10,"roomNumber":"5.67","roomName":"5.67 Doktorandusz","scope":"budapest/lagymanyos/eszaki/5/LÉ-5-67-01-13","roomCode":"LÉ-5-67-01-13","roomType":"educational","__tile":"17/72476/45847","__layer":"rooms","__zoom":17,"__mvtId":941,"__building":"eszaki","__ringVerts":6,"id":941,"catalogFloorId":10},"geometry":{"type":"Polygon","coordinates":[[[19.062186383,47.474022048],[19.062202476,47.474078704],[19.062163584,47.47408369],[19.062144809,47.474027487],[19.062148161,47.474027034],[19.062186383,47.474022048]]]}},{"type":"Feature","id":942,"properties":{"buildingId":2,"floorId":10,"roomNumber":"5.68","roomName":"5.68 Oktató","scope":"budapest/lagymanyos/eszaki/5/LÉ-5-68-01-13","roomCode":"LÉ-5-68-01-13","roomType":"educational","__tile":"17/72476/45847","__layer":"rooms","__zoom":17,"__mvtId":942,"__building":"eszaki","__ringVerts":5,"id":942,"catalogFloorId":10},"geometry":{"type":"Polygon","coordinates":[[[19.062221976,47.474024598],[19.062240081,47.474080801],[19.062201189,47.47408624],[19.062183084,47.474030037],[19.062221976,47.474024598]]]}},{"type":"Feature","id":944,"properties":{"buildingId":2,"floorId":10,"roomNumber":"5.70","roomName":"5.70 Oktató","scope":"budapest/lagymanyos/eszaki/5/LÉ-5-70-01-13","roomCode":"LÉ-5-70-01-13","roomType":"educational","__tile":"17/72476/45847","__layer":"rooms","__zoom":17,"__mvtId":944,"__building":"eszaki","__ringVerts":5,"id":944,"catalogFloorId":10},"geometry":{"type":"Polygon","coordinates":[[[19.062305836,47.474036181],[19.062323271,47.474092837],[19.062283038,47.474096917],[19.062266274,47.474042073],[19.062305836,47.474036181]]]}},{"type":"Feature","id":948,"properties":{"buildingId":2,"floorId":10,"roomNumber":"5.74","roomName":"5.74 Tanszékvezető","scope":"budapest/lagymanyos/eszaki/5/LÉ-5-74-02-33","roomCode":"LÉ-5-74-02-33","roomType":"administrative","__tile":"17/72476/45847","__layer":"rooms","__zoom":17,"__mvtId":948,"__building":"eszaki","__ringVerts":5,"id":948,"catalogFloorId":10},"geometry":{"type":"Polygon","coordinates":[[[19.062476286,47.474059401],[19.06249372,47.474116058],[19.062448793,47.474121043],[19.062432029,47.474065747],[19.062476286,47.474059401]]]}},{"type":"Feature","id":994,"properties":{"buildingId":2,"floorId":10,"roomNumber":"5-L6","roomName":"5.L6 Lépcsőház DNY","scope":"budapest/lagymanyos/eszaki/5/LÉ-5-L6-04-64","roomCode":"LÉ-5-L6-04-64","roomType":"corridor","__tile":"17/72476/45847","__layer":"rooms","__zoom":17,"__mvtId":994,"__building":"eszaki","__ringVerts":6,"id":994,"catalogFloorId":10},"geometry":{"type":"Polygon","coordinates":[[[19.062030432,47.474082624],[19.062037137,47.474106193],[19.061959353,47.474117071],[19.061952648,47.474093502],[19.062027079,47.474083077],[19.062030432,47.474082624]]]}},{"type":"Feature","id":435,"properties":{"buildingId":2,"floorId":10,"roomNumber":"519/C","roomName":"5.519/c Női WC tanári","scope":"budapest/lagymanyos/eszaki/5/LK-5-519-c-05-71","roomCode":"LK-5-519/c-05-71","roomType":"social","__tile":"16/36238/22923","__layer":"rooms","__zoom":16,"__mvtId":435,"__building":"eszaki","__ringVerts":5,"id":435,"catalogFloorId":10},"geometry":{"type":"Polygon","coordinates":[[[19.061654331,47.474948484],[19.061662377,47.474974772],[19.061631532,47.474979304],[19.061623485,47.474953016],[19.061654331,47.474948484]]]}},{"type":"Feature","id":434,"properties":{"buildingId":2,"floorId":10,"roomNumber":"519/B","roomName":"5.519/B Női öltöző","scope":"budapest/lagymanyos/eszaki/5/LK-5-519-B-05-73","roomCode":"LK-5-519/B-05-73","roomType":"social","__tile":"16/36238/22923","__layer":"rooms","__zoom":16,"__mvtId":434,"__building":"eszaki","__ringVerts":5,"id":434,"catalogFloorId":10},"geometry":{"type":"Polygon","coordinates":[[[19.06164579,47.474976507],[19.061653836,47.475002795],[19.061622991,47.475007327],[19.061614944,47.474981039],[19.06164579,47.474976507]]]}},{"type":"Feature","id":433,"properties":{"buildingId":2,"floorId":10,"roomNumber":"519/A","roomName":"5.519/A Női mosdó","scope":"budapest/lagymanyos/eszaki/5/LK-5-519-A-05-71","roomCode":"LK-5-519/A-05-71","roomType":"social","__tile":"16/36238/22923","__layer":"rooms","__zoom":16,"__mvtId":433,"__building":"eszaki","__ringVerts":5,"id":433,"catalogFloorId":10},"geometry":{"type":"Polygon","coordinates":[[[19.061614141,47.47497162],[19.061622188,47.474997908],[19.061585978,47.47500244],[19.061577931,47.474977058],[19.061614141,47.47497162]]]}},{"type":"Feature","id":438,"properties":{"buildingId":2,"floorId":10,"roomNumber":"522","roomName":"5.522 Fénymásoló, fax szoba","scope":"budapest/lagymanyos/eszaki/5/LK-5-522-02-35","roomCode":"LK-5-522-02-35","roomType":"administrative","__tile":"16/36238/22923","__layer":"rooms","__zoom":16,"__mvtId":438,"__building":"eszaki","__ringVerts":5,"id":438,"catalogFloorId":10},"geometry":{"type":"Polygon","coordinates":[[[19.061678323,47.474855209],[19.06168637,47.474880591],[19.061619315,47.474890562],[19.061611268,47.474864274],[19.061678323,47.474855209]]]}},{"type":"Feature","id":436,"properties":{"buildingId":2,"floorId":10,"roomNumber":"520/A","roomName":"5.520/A FFI mosdó tanári","scope":"budapest/lagymanyos/eszaki/5/LK-5-520-A-05-71","roomCode":"LK-5-520/A-05-71","roomType":"social","__tile":"16/36238/22923","__layer":"rooms","__zoom":16,"__mvtId":436,"__building":"eszaki","__ringVerts":5,"id":436,"catalogFloorId":10},"geometry":{"type":"Polygon","coordinates":[[[19.061622683,47.474943597],[19.06163073,47.474969885],[19.06159452,47.474974417],[19.061586473,47.474949035],[19.061622683,47.474943597]]]}},{"type":"Feature","id":430,"properties":{"buildingId":2,"floorId":10,"roomNumber":"515","roomName":"5.515 Hallgatói labor","scope":"budapest/lagymanyos/eszaki/5/LK-5-515-01-14","roomCode":"LK-5-515-01-14","roomType":"educational","__tile":"16/36238/22923","__layer":"rooms","__zoom":16,"__mvtId":430,"__building":"eszaki","__ringVerts":5,"id":430,"catalogFloorId":10},"geometry":{"type":"Polygon","coordinates":[[[19.06155924,47.475176447],[19.061592768,47.475287039],[19.061525712,47.475296104],[19.061492185,47.475186418],[19.06155924,47.475176447]]]}},{"type":"Feature","id":420,"properties":{"buildingId":2,"floorId":10,"roomNumber":"505","roomName":"5.505 Labor","scope":"budapest/lagymanyos/eszaki/5/LK-5-505-01-14","roomCode":"LK-5-505-01-14","roomType":"educational","__tile":"16/36238/22923","__layer":"rooms","__zoom":16,"__mvtId":420,"__building":"eszaki","__ringVerts":5,"id":420,"catalogFloorId":10},"geometry":{"type":"Polygon","coordinates":[[[19.061576005,47.474781641],[19.061584052,47.474807023],[19.061516997,47.474816994],[19.06150895,47.474790706],[19.061576005,47.474781641]]]}},{"type":"Feature","id":432,"properties":{"buildingId":2,"floorId":10,"roomNumber":"518","roomName":"5.518 Doktorandusz","scope":"budapest/lagymanyos/eszaki/5/LK-5-518-01-13","roomCode":"LK-5-518-01-13","roomType":"educational","__tile":"16/36238/22923","__layer":"rooms","__zoom":16,"__mvtId":432,"__building":"eszaki","__ringVerts":5,"id":432,"catalogFloorId":10},"geometry":{"type":"Polygon","coordinates":[[[19.061634025,47.474999813],[19.061642072,47.475026101],[19.061573675,47.475036073],[19.061565629,47.475009785],[19.061634025,47.474999813]]]}},{"type":"Feature","id":437,"properties":{"buildingId":2,"floorId":10,"roomNumber":"521","roomName":"5.521 KKKK Labor","scope":"budapest/lagymanyos/eszaki/5/LK-5-521-01-14","roomCode":"LK-5-521-01-14","roomType":"educational","__tile":"16/36238/22923","__layer":"rooms","__zoom":16,"__mvtId":437,"__building":"eszaki","__ringVerts":5,"id":437,"catalogFloorId":10},"geometry":{"type":"Polygon","coordinates":[[[19.061661971,47.474885732],[19.061678064,47.474940121],[19.06161235,47.474949186],[19.061594915,47.474894797],[19.061661971,47.474885732]]]}},{"type":"Feature","id":985,"properties":{"buildingId":2,"floorId":10,"roomNumber":"5-K3","roomName":"5.K3 Közlekedő (átjáró KTCS dolgozó szobák felé)","scope":"budapest/lagymanyos/eszaki/5/LÉ-5-K3-04-63","roomCode":"LÉ-5-K3-04-63","roomType":"corridor","__tile":"16/36238/22923","__layer":"rooms","__zoom":16,"__mvtId":985,"__building":"eszaki","__ringVerts":6,"id":985,"catalogFloorId":10},"geometry":{"type":"Polygon","coordinates":[[[19.0622537,47.474816758],[19.062257723,47.474830355],[19.062114225,47.474850297],[19.062110201,47.4748367],[19.062137024,47.474833074],[19.0622537,47.474816758]]]}},{"type":"Feature","id":454,"properties":{"buildingId":2,"floorId":10,"roomNumber":"544","roomName":"5.544 Oktató","scope":"budapest/lagymanyos/eszaki/5/LK-5-544-01-13","roomCode":"LK-5-544-01-13","roomType":"educational","__tile":"16/36238/22923","__layer":"rooms","__zoom":16,"__mvtId":454,"__building":"eszaki","__ringVerts":5,"id":454,"catalogFloorId":10},"geometry":{"type":"Polygon","coordinates":[[[19.062111716,47.47477189],[19.062121104,47.474804523],[19.062082212,47.474809962],[19.062071483,47.474777329],[19.062111716,47.47477189]]]}},{"type":"Feature","id":452,"properties":{"buildingId":2,"floorId":10,"roomNumber":"542","roomName":"5.542 Oktató","scope":"budapest/lagymanyos/eszaki/5/LK-5-542-02-33","roomCode":"LK-5-542-02-33","roomType":"administrative","__tile":"16/36238/22923","__layer":"rooms","__zoom":16,"__mvtId":452,"__building":"eszaki","__ringVerts":5,"id":452,"catalogFloorId":10},"geometry":{"type":"Polygon","coordinates":[[[19.062012309,47.47482418],[19.062028402,47.47487585],[19.061994874,47.474880382],[19.061978781,47.474828713],[19.062012309,47.47482418]]]}},{"type":"Feature","id":453,"properties":{"buildingId":2,"floorId":10,"roomNumber":"543","roomName":"5.543 Kémiai Intézet adminisztráció","scope":"budapest/lagymanyos/eszaki/5/LK-5-543-02-33","roomCode":"LK-5-543-02-33","roomType":"administrative","__tile":"16/36238/22923","__layer":"rooms","__zoom":16,"__mvtId":453,"__building":"eszaki","__ringVerts":5,"id":453,"catalogFloorId":10},"geometry":{"type":"Polygon","coordinates":[[[19.062086998,47.474829463],[19.06210175,47.474881133],[19.062025307,47.47489201],[19.062009213,47.474840341],[19.062086998,47.474829463]]]}},{"type":"Feature","id":451,"properties":{"buildingId":2,"floorId":10,"roomNumber":"540","roomName":"5.540 Oktató","scope":"budapest/lagymanyos/eszaki/5/LK-5-540-01-13","roomCode":"LK-5-540-01-13","roomType":"educational","__tile":"16/36238/22923","__layer":"rooms","__zoom":16,"__mvtId":451,"__building":"eszaki","__ringVerts":5,"id":451,"catalogFloorId":10},"geometry":{"type":"Polygon","coordinates":[[[19.061942215,47.474814144],[19.061958308,47.47486672],[19.06192478,47.474871252],[19.061908687,47.474818676],[19.061942215,47.474814144]]]}},{"type":"Feature","id":449,"properties":{"buildingId":2,"floorId":10,"roomNumber":"540","roomName":"5.539 Oktató","scope":"budapest/lagymanyos/eszaki/5/LK-5-539-01-13","roomCode":"LK-5-539-01-13","roomType":"educational","__tile":"16/36238/22923","__layer":"rooms","__zoom":16,"__mvtId":449,"__building":"eszaki","__ringVerts":5,"id":449,"catalogFloorId":10},"geometry":{"type":"Polygon","coordinates":[[[19.061906875,47.474809086],[19.061922968,47.474861662],[19.06188944,47.474867101],[19.061873347,47.474813619],[19.061906875,47.474809086]]]}},{"type":"Feature","id":975,"properties":{"buildingId":2,"floorId":10,"roomNumber":"5.97/A","roomName":"5.97/A WC","scope":"budapest/lagymanyos/eszaki/5/LÉ-5-97-A-05-71","roomCode":"LÉ-5-97/A-05-71","roomType":"social","__tile":"17/72476/45847","__layer":"rooms","__zoom":17,"__mvtId":975,"__building":"eszaki","__ringVerts":5,"id":975,"catalogFloorId":10},"geometry":{"type":"Polygon","coordinates":[[[19.062024603,47.474432028],[19.062026615,47.47443928],[19.06200851,47.474441999],[19.062005828,47.474433841],[19.062024603,47.474432028]]]}},{"type":"Feature","id":956,"properties":{"buildingId":2,"floorId":10,"roomNumber":"5.82","roomName":"5.82 Előkészítő \"C\" labor","scope":"budapest/lagymanyos/eszaki/5/LÉ-5-82-01-14","roomCode":"LÉ-5-82-01-14","roomType":"educational","__tile":"17/72476/45847","__layer":"rooms","__zoom":17,"__mvtId":956,"__building":"eszaki","__ringVerts":5,"id":956,"catalogFloorId":10},"geometry":{"type":"Polygon","coordinates":[[[19.061999622,47.474189939],[19.062007668,47.474217134],[19.061934578,47.474228465],[19.061925861,47.474200364],[19.061999622,47.474189939]]]}},{"type":"Feature","id":970,"properties":{"buildingId":2,"floorId":10,"roomNumber":"5.96","roomName":"5.96 öltöző előtér","scope":"budapest/lagymanyos/eszaki/5/LÉ-5-96-04-63","roomCode":"LÉ-5-96-04-63","roomType":"corridor","__tile":"17/72476/45847","__layer":"rooms","__zoom":17,"__mvtId":970,"__building":"eszaki","__ringVerts":5,"id":970,"catalogFloorId":10},"geometry":{"type":"Polygon","coordinates":[[[19.062031964,47.474405799],[19.062037328,47.474423476],[19.062016541,47.474425742],[19.062011177,47.474408065],[19.062031964,47.474405799]]]}},{"type":"Feature","id":974,"properties":{"buildingId":2,"floorId":10,"roomNumber":"5.97","roomName":"5.97 öltöző előtér hallgatói","scope":"budapest/lagymanyos/eszaki/5/LÉ-5-97-04-63","roomCode":"LÉ-5-97-04-63","roomType":"corridor","__tile":"17/72476/45847","__layer":"rooms","__zoom":17,"__mvtId":974,"__building":"eszaki","__ringVerts":6,"id":974,"catalogFloorId":10},"geometry":{"type":"Polygon","coordinates":[[[19.062020995,47.474438917],[19.062026359,47.474456594],[19.062015631,47.47445886],[19.062005572,47.47446022],[19.062000208,47.474442089],[19.062020995,47.474438917]]]}},{"type":"Feature","id":931,"properties":{"buildingId":2,"floorId":10,"roomNumber":"5.58","roomName":"5.58 Vegyi műhely","scope":"budapest/lagymanyos/eszaki/5/LÉ-5-58-01-14","roomCode":"LÉ-5-58-01-14","roomType":"educational","__tile":"17/72476/45847","__layer":"rooms","__zoom":17,"__mvtId":931,"__building":"eszaki","__ringVerts":5,"id":931,"catalogFloorId":10},"geometry":{"type":"Polygon","coordinates":[[[19.061878986,47.474144299],[19.061887033,47.474171041],[19.06181126,47.474181466],[19.061805225,47.474154271],[19.061878986,47.474144299]]]}},{"type":"Feature","id":932,"properties":{"buildingId":2,"floorId":10,"roomNumber":"5.59","roomName":"5.59 Mechanikai műhely","scope":"budapest/lagymanyos/eszaki/5/LÉ-5-59-01-14","roomCode":"LÉ-5-59-01-14","roomType":"educational","__tile":"17/72476/45847","__layer":"rooms","__zoom":17,"__mvtId":932,"__building":"eszaki","__ringVerts":5,"id":932,"catalogFloorId":10},"geometry":{"type":"Polygon","coordinates":[[[19.0618876,47.474116203],[19.061896317,47.474142945],[19.061820545,47.474152916],[19.061812498,47.474126628],[19.0618876,47.474116203]]]}},{"type":"Feature","id":935,"properties":{"buildingId":2,"floorId":10,"roomNumber":"5.61","roomName":"5.61 Oktató","scope":"budapest/lagymanyos/eszaki/5/LÉ-5-61-01-13","roomCode":"LÉ-5-61-01-13","roomType":"educational","__tile":"17/72476/45847","__layer":"rooms","__zoom":17,"__mvtId":935,"__building":"eszaki","__ringVerts":5,"id":935,"catalogFloorId":10},"geometry":{"type":"Polygon","coordinates":[[[19.061905281,47.474059892],[19.061913328,47.474086634],[19.061837556,47.474096605],[19.061829509,47.474070317],[19.061905281,47.474059892]]]}},{"type":"Feature","id":937,"properties":{"buildingId":2,"floorId":10,"roomNumber":"5.63","roomName":"5.63 Oktató","scope":"budapest/lagymanyos/eszaki/5/LÉ-5-63-01-13","roomCode":"LÉ-5-63-01-13","roomType":"educational","__tile":"17/72476/45847","__layer":"rooms","__zoom":17,"__mvtId":937,"__building":"eszaki","__ringVerts":6,"id":937,"catalogFloorId":10},"geometry":{"type":"Polygon","coordinates":[[[19.062018977,47.473998334],[19.062035071,47.47405499],[19.061992155,47.474060882],[19.06197405,47.474004226],[19.061981427,47.474003319],[19.062018977,47.473998334]]]}},{"type":"Feature","id":991,"properties":{"buildingId":2,"floorId":10,"roomNumber":"5/K9","roomName":"5.K9 Közlekedő Ny-i lift előtt","scope":"budapest/lagymanyos/eszaki/5/LÉ-5-K9-04-63","roomCode":"LÉ-5-K9-04-63","roomType":"corridor","__tile":"17/72476/45847","__layer":"rooms","__zoom":17,"__mvtId":991,"__building":"eszaki","__ringVerts":55,"id":991,"catalogFloorId":10},"geometry":{"type":"Polygon","coordinates":[[[19.061844662,47.474325465],[19.061856732,47.474366711],[19.061876178,47.474363992],[19.061882883,47.474386654],[19.061886907,47.474385748],[19.061890259,47.474395266],[19.061885566,47.474395719],[19.061894953,47.474412037],[19.06189093,47.47441249],[19.061893612,47.474420648],[19.061897636,47.474419742],[19.061900318,47.474428807],[19.061896294,47.474429713],[19.061902329,47.474451016],[19.061882883,47.474453736],[19.061896294,47.474494982],[19.061893612,47.474501327],[19.061856061,47.47450586],[19.061852709,47.474494982],[19.061862767,47.474492262],[19.061852709,47.474493622],[19.061848685,47.474480931],[19.061858743,47.474479571],[19.061848685,47.474480025],[19.061843991,47.474464614],[19.061853379,47.474462348],[19.06184198,47.474463707],[19.061838627,47.474452829],[19.061850026,47.47445147],[19.061839968,47.474451923],[19.061837286,47.474442858],[19.061846003,47.474441498],[19.06182991,47.474385295],[19.061829239,47.474388014],[19.061820522,47.474388921],[19.06181784,47.474380309],[19.061828569,47.474379856],[19.061827898,47.474377589],[19.061815828,47.474379402],[19.061812475,47.474368524],[19.061824545,47.474367164],[19.061813816,47.474367164],[19.061809123,47.474352207],[19.061819181,47.474349488],[19.061809123,47.474350847],[19.061807782,47.474345862],[19.06180577,47.474340422],[19.061815828,47.474337703],[19.06180577,47.474339063],[19.061803088,47.474331811],[19.061811805,47.474330904],[19.061813816,47.474332717],[19.061817169,47.474328638],[19.061840639,47.474325465],[19.061844662,47.474325465]]]}},{"type":"Feature","id":977,"properties":{"buildingId":2,"floorId":10,"roomNumber":"5.97/C","roomName":"5.97/C Zuhanyozó","scope":"budapest/lagymanyos/eszaki/5/LÉ-5-97-C-05-71","roomCode":"LÉ-5-97/C-05-71","roomType":"social","__tile":"17/72476/45847","__layer":"rooms","__zoom":17,"__mvtId":977,"__building":"eszaki","__ringVerts":5,"id":977,"catalogFloorId":10},"geometry":{"type":"Polygon","coordinates":[[[19.061942494,47.474423736],[19.061950541,47.474446398],[19.0619378,47.474448211],[19.061927742,47.474425549],[19.061942494,47.474423736]]]}},{"type":"Feature","id":418,"properties":{"buildingId":2,"floorId":10,"roomNumber":"503","roomName":"5.503 Labor","scope":"budapest/lagymanyos/eszaki/5/LK-5-503-01-14","roomCode":"LK-5-503-01-14","roomType":"educational","__tile":"16/36238/22923","__layer":"rooms","__zoom":16,"__mvtId":418,"__building":"eszaki","__ringVerts":5,"id":418,"catalogFloorId":10},"geometry":{"type":"Polygon","coordinates":[[[19.061611366,47.47466842],[19.061618072,47.474694708],[19.061551016,47.474703772],[19.06154297,47.474678391],[19.061611366,47.47466842]]]}},{"type":"Feature","id":419,"properties":{"buildingId":2,"floorId":10,"roomNumber":"504","roomName":"5.504 Labor","scope":"budapest/lagymanyos/eszaki/5/LK-5-504-01-14","roomCode":"LK-5-504-01-14","roomType":"educational","__tile":"16/36238/22923","__layer":"rooms","__zoom":16,"__mvtId":419,"__building":"eszaki","__ringVerts":5,"id":419,"catalogFloorId":10},"geometry":{"type":"Polygon","coordinates":[[[19.061586372,47.474701993],[19.061611853,47.474784483],[19.061544797,47.474793547],[19.061519316,47.474711964],[19.061586372,47.474701993]]]}},{"type":"Feature","id":445,"properties":{"buildingId":2,"floorId":10,"roomNumber":"533","roomName":"5.533 Kutató labor","scope":"budapest/lagymanyos/eszaki/5/LK-5-533-01-14","roomCode":"LK-5-533-01-14","roomType":"educational","__tile":"17/72476/45847","__layer":"rooms","__zoom":17,"__mvtId":445,"__building":"eszaki","__ringVerts":5,"id":445,"catalogFloorId":10},"geometry":{"type":"Polygon","coordinates":[[[19.061772176,47.47451367],[19.061780222,47.474539959],[19.061712497,47.474549024],[19.06170445,47.474523188],[19.061772176,47.47451367]]]}},{"type":"Feature","id":444,"properties":{"buildingId":2,"floorId":10,"roomNumber":"532","roomName":"5.532 Kutató labor","scope":"budapest/lagymanyos/eszaki/5/LK-5-532-01-14","roomCode":"LK-5-532-01-14","roomType":"educational","__tile":"17/72476/45847","__layer":"rooms","__zoom":17,"__mvtId":444,"__building":"eszaki","__ringVerts":5,"id":444,"catalogFloorId":10},"geometry":{"type":"Polygon","coordinates":[[[19.061780409,47.474486364],[19.061788456,47.4745122],[19.061721401,47.474521718],[19.061713354,47.474495429],[19.061780409,47.474486364]]]}},{"type":"Feature","id":416,"properties":{"buildingId":2,"floorId":10,"roomNumber":"501","roomName":"5.501 Labor","scope":"budapest/lagymanyos/eszaki/5/LK-5-501-01-14","roomCode":"LK-5-501-01-14","roomType":"educational","__tile":"16/36238/22923","__layer":"rooms","__zoom":16,"__mvtId":416,"__building":"eszaki","__ringVerts":5,"id":416,"catalogFloorId":10},"geometry":{"type":"Polygon","coordinates":[[[19.061637471,47.474583378],[19.061645517,47.474612385],[19.061577121,47.474617824],[19.061570415,47.474593349],[19.061637471,47.474583378]]]}},{"type":"Feature","id":53,"properties":{"buildingId":2,"floorId":10,"roomNumber":"5.128","roomName":"5.128 Média szoba","scope":"budapest/lagymanyos/eszaki/5/LÉ-5-128-01-12","roomCode":"LÉ-5-128-01-12","roomType":"educational","__tile":"17/72476/45847","__layer":"rooms","__zoom":17,"__mvtId":53,"__building":"eszaki","__ringVerts":11,"id":53,"catalogFloorId":10},"geometry":{"type":"Polygon","coordinates":[[[19.062482316,47.474511048],[19.062492374,47.474535977],[19.062417273,47.474546402],[19.06241459,47.474544136],[19.062415261,47.474546855],[19.062406544,47.474547762],[19.062404532,47.474538697],[19.06241459,47.474537337],[19.062408555,47.4745183],[19.062458847,47.474511048],[19.062482316,47.474511048]]]}},{"type":"Feature","id":986,"properties":{"buildingId":2,"floorId":10,"roomNumber":"5/K4","roomName":"5.K4 Közlekedő (Keleti lifttől balra)","scope":"budapest/lagymanyos/eszaki/5/LÉ-5-K4-04-63","roomCode":"LÉ-5-K4-04-63","roomType":"corridor","__tile":"16/36238/22923","__layer":"rooms","__zoom":16,"__mvtId":986,"__building":"eszaki","__ringVerts":104,"id":986,"catalogFloorId":10},"geometry":{"type":"Polygon","coordinates":[[[19.062258234,47.474636113],[19.062256893,47.474636113],[19.062252869,47.474621609],[19.062260916,47.474619796],[19.062234094,47.474532774],[19.06226628,47.474528241],[19.062268962,47.4745364],[19.062279691,47.474534587],[19.062283715,47.474545465],[19.062271645,47.474546371],[19.062282374,47.474546371],[19.062286397,47.474559968],[19.062277009,47.474562688],[19.06227835,47.474569033],[19.062281032,47.474577191],[19.062291761,47.474576285],[19.062294443,47.474587163],[19.062285056,47.474589882],[19.062286397,47.474596228],[19.062289079,47.474604386],[19.062298467,47.474602573],[19.062303831,47.474617983],[19.062294443,47.474620703],[19.062305172,47.47461889],[19.062317242,47.474657868],[19.062305172,47.474658775],[19.062317242,47.474661494],[19.062315901,47.474690502],[19.062325289,47.474689595],[19.062329312,47.474700473],[19.062334677,47.47471407],[19.062322607,47.474715883],[19.062333335,47.474714977],[19.0623387,47.474730387],[19.062327971,47.4747322],[19.062331994,47.47474489],[19.062342723,47.474745797],[19.062345405,47.474756675],[19.062336018,47.474758488],[19.062346747,47.474757581],[19.06235077,47.474770272],[19.062340041,47.474772991],[19.06235077,47.474771178],[19.062354793,47.474786588],[19.062345405,47.474789308],[19.062357475,47.474787495],[19.062364181,47.474807438],[19.062354793,47.474813783],[19.06236284,47.474812876],[19.062369545,47.474826474],[19.062357475,47.47482738],[19.062368204,47.47482738],[19.062372228,47.47484279],[19.06236284,47.47484551],[19.06237491,47.474843697],[19.062377592,47.474854574],[19.062365522,47.474855481],[19.062376251,47.4748582],[19.062369545,47.474866359],[19.062456717,47.474854574],[19.062247505,47.474884488],[19.062337359,47.474870891],[19.062325289,47.474866359],[19.062336018,47.474863639],[19.062334677,47.474860013],[19.062322607,47.474861826],[19.062319924,47.474850948],[19.062331994,47.474850042],[19.062321266,47.474850042],[19.062315901,47.474834632],[19.06232663,47.474831912],[19.06231456,47.474833725],[19.062310537,47.474822848],[19.062322607,47.474821941],[19.062321266,47.474818315],[19.062311878,47.474819222],[19.062307855,47.474808344],[19.06230249,47.474794747],[19.06231456,47.47479384],[19.062303831,47.47479384],[19.062299808,47.47477843],[19.062309196,47.474775711],[19.062297126,47.474777524],[19.062294443,47.474766646],[19.06230249,47.47476302],[19.062294443,47.47476302],[19.062291761,47.474752142],[19.062285056,47.474738545],[19.062297126,47.474737639],[19.062286397,47.474737639],[19.062282374,47.474724041],[19.062291761,47.474720415],[19.062279691,47.474721322],[19.062267621,47.474682343],[19.062279691,47.474681437],[19.062268962,47.474681437],[19.062264939,47.474666027],[19.062274327,47.474663307],[19.062263598,47.47466512],[19.062259575,47.474654242],[19.062259575,47.474646084],[19.062268962,47.474644271],[19.062260916,47.474644271],[19.062258234,47.474636113]],[[19.062286397,47.474705912],[19.062277009,47.474706818],[19.062277009,47.474707725],[19.062289079,47.474709538],[19.062286397,47.474705912]],[[19.062270304,47.47464971],[19.062260916,47.474650616],[19.062260916,47.474651523],[19.062271645,47.474653336],[19.062270304,47.47464971]],[[19.062353452,47.474817409],[19.062356134,47.474817409],[19.062354793,47.474813783],[19.062353452,47.474813783],[19.062353452,47.474817409]],[[19.062297126,47.474630674],[19.062299808,47.4746343],[19.062307855,47.474633393],[19.062307855,47.474632487],[19.062297126,47.474630674]],[[19.062317242,47.474807438],[19.062318583,47.474806531],[19.062317242,47.474804718],[19.062315901,47.474804718],[19.062317242,47.474807438]],[[19.06235077,47.474801999],[19.06235077,47.474802905],[19.062360158,47.474801999],[19.06235077,47.474801999]],[[19.062291761,47.474752142],[19.062301149,47.474751236],[19.062299808,47.47474761],[19.062291761,47.474752142]],[[19.062301149,47.474645178],[19.06230249,47.474648804],[19.062303831,47.474647897],[19.06230249,47.474646084],[19.062301149,47.474645178]],[[19.062303831,47.474762114],[19.062303831,47.474765739],[19.062305172,47.474763927],[19.062305172,47.47476302],[19.062303831,47.474762114]],[[19.062319924,47.474701379],[19.062318583,47.474701379],[19.062319924,47.474705005],[19.062319924,47.474701379]],[[19.062282374,47.474695034],[19.062283715,47.474695034],[19.062283715,47.474691408],[19.062282374,47.474695034]]]}},{"type":"Feature","id":911,"properties":{"buildingId":2,"floorId":10,"roomNumber":"5.124","roomName":"5.124 Röntgen laboratórium","scope":"budapest/lagymanyos/eszaki/5/LÉ-5-124-01-14","roomCode":"LÉ-5-124-01-14","roomType":"educational","__tile":"16/36238/22923","__layer":"rooms","__zoom":16,"__mvtId":911,"__building":"eszaki","__ringVerts":6,"id":911,"catalogFloorId":10},"geometry":{"type":"Polygon","coordinates":[[[19.062429946,47.474637187],[19.062439334,47.474667101],[19.062365573,47.474677979],[19.062356186,47.474647159],[19.062384349,47.474642626],[19.062429946,47.474637187]]]}},{"type":"Feature","id":912,"properties":{"buildingId":2,"floorId":10,"roomNumber":"5.125","roomName":"5.125 Kutató laboratórium","scope":"budapest/lagymanyos/eszaki/5/LÉ-5-125-01-14","roomCode":"LÉ-5-125-01-14","roomType":"educational","__tile":"16/36238/22923","__layer":"rooms","__zoom":16,"__mvtId":912,"__building":"eszaki","__ringVerts":5,"id":912,"catalogFloorId":10},"geometry":{"type":"Polygon","coordinates":[[[19.062435536,47.474607017],[19.062444924,47.474633305],[19.062371163,47.474644183],[19.062363116,47.474616988],[19.062435536,47.474607017]]]}},{"type":"Feature","id":908,"properties":{"buildingId":2,"floorId":10,"roomNumber":"5.123","roomName":"5.123 Röntgen laboratórium/ terminálszoba","scope":"budapest/lagymanyos/eszaki/5/LÉ-5-123-01-14","roomCode":"LÉ-5-123-01-14","roomType":"educational","__tile":"16/36238/22923","__layer":"rooms","__zoom":16,"__mvtId":908,"__building":"eszaki","__ringVerts":8,"id":908,"catalogFloorId":10},"geometry":{"type":"Polygon","coordinates":[[[19.062414235,47.47467538],[19.062439716,47.47475515],[19.062395459,47.474760589],[19.062388754,47.474737021],[19.062379366,47.474708014],[19.062349862,47.474712546],[19.062341815,47.474685352],[19.062414235,47.47467538]]]}},{"type":"Feature","id":907,"properties":{"buildingId":2,"floorId":10,"roomNumber":"5.122","roomName":"5.122 Szintetikus kutató laboratórium","scope":"budapest/lagymanyos/eszaki/5/LÉ-5-122-01-14","roomCode":"LÉ-5-122-01-14","roomType":"educational","__tile":"16/36238/22923","__layer":"rooms","__zoom":16,"__mvtId":907,"__building":"eszaki","__ringVerts":9,"id":907,"catalogFloorId":10},"geometry":{"type":"Polygon","coordinates":[[[19.062403652,47.474737498],[19.062421087,47.474791887],[19.062345985,47.474802765],[19.062344644,47.474796419],[19.062335256,47.474798232],[19.062331233,47.474785542],[19.06234062,47.474783729],[19.062329892,47.474747469],[19.062403652,47.474737498]]]}},{"type":"Feature","id":902,"properties":{"buildingId":2,"floorId":10,"roomNumber":"5.117","roomName":"5.117 Kémiai Intézet-igazgató","scope":"budapest/lagymanyos/eszaki/5/LÉ-5-117-02-33","roomCode":"LÉ-5-117-02-33","roomType":"administrative","__tile":"16/36238/22923","__layer":"rooms","__zoom":16,"__mvtId":902,"__building":"eszaki","__ringVerts":6,"id":902,"catalogFloorId":10},"geometry":{"type":"Polygon","coordinates":[[[19.062150502,47.474839045],[19.062169278,47.47489434],[19.062115634,47.474901592],[19.06209954,47.474846297],[19.062118316,47.474841764],[19.062150502,47.474839045]]]}},{"type":"Feature","id":894,"properties":{"buildingId":2,"floorId":10,"roomNumber":"5.109","roomName":"5.109 Preparatív labor","scope":"budapest/lagymanyos/eszaki/5/LÉ-5-109-01-14","roomCode":"LÉ-5-109-01-14","roomType":"educational","__tile":"16/36238/22923","__layer":"rooms","__zoom":16,"__mvtId":894,"__building":"eszaki","__ringVerts":5,"id":894,"catalogFloorId":10},"geometry":{"type":"Polygon","coordinates":[[[19.062306657,47.474588617],[19.062314703,47.474615811],[19.062235578,47.474624876],[19.062232896,47.474599494],[19.062306657,47.474588617]]]}},{"type":"Feature","id":897,"properties":{"buildingId":2,"floorId":10,"roomNumber":"5.112","roomName":"5.112 IAS Spektr.labor","scope":"budapest/lagymanyos/eszaki/5/LÉ-5-112-01-14","roomCode":"LÉ-5-112-01-14","roomType":"educational","__tile":"16/36238/22923","__layer":"rooms","__zoom":16,"__mvtId":897,"__building":"eszaki","__ringVerts":5,"id":897,"catalogFloorId":10},"geometry":{"type":"Polygon","coordinates":[[[19.062280431,47.47467315],[19.062289819,47.474700344],[19.062209353,47.474709409],[19.062208011,47.474683121],[19.062280431,47.47467315]]]}},{"type":"Feature","id":903,"properties":{"buildingId":2,"floorId":10,"roomNumber":"5.118","roomName":"5.118 Titkárság","scope":"budapest/lagymanyos/eszaki/5/LÉ-5-118-02-33","roomCode":"LÉ-5-118-02-33","roomType":"administrative","__tile":"16/36238/22923","__layer":"rooms","__zoom":16,"__mvtId":903,"__building":"eszaki","__ringVerts":6,"id":903,"catalogFloorId":10},"geometry":{"type":"Polygon","coordinates":[[[19.062188185,47.474837006],[19.062204278,47.474890488],[19.062192208,47.474895927],[19.062165386,47.474898647],[19.062147951,47.474843351],[19.062188185,47.474837006]]]}},{"type":"Feature","id":919,"properties":{"buildingId":2,"floorId":10,"roomNumber":"5.133","roomName":"5.133 Fémüveg laboratórium","scope":"budapest/lagymanyos/eszaki/5/LÉ-5-133-01-14","roomCode":"LÉ-5-133-01-14","roomType":"educational","__tile":"17/72476/45847","__layer":"rooms","__zoom":17,"__mvtId":919,"__building":"eszaki","__ringVerts":5,"id":919,"catalogFloorId":10},"geometry":{"type":"Polygon","coordinates":[[[19.062548301,47.474237587],[19.06255903,47.474264329],[19.062483928,47.474274754],[19.062475211,47.474248012],[19.062548301,47.474237587]]]}},{"type":"Feature","id":993,"properties":{"buildingId":2,"floorId":10,"roomNumber":"5-L5","roomName":"5.L5 Lépcsőház DK","scope":"budapest/lagymanyos/eszaki/5/LÉ-5-L5-04-64","roomCode":"LÉ-5-L5-04-64","roomType":"corridor","__tile":"17/72476/45847","__layer":"rooms","__zoom":17,"__mvtId":993,"__building":"eszaki","__ringVerts":6,"id":993,"catalogFloorId":10},"geometry":{"type":"Polygon","coordinates":[[[19.062455516,47.474137081],[19.062462892,47.47416065],[19.062385108,47.474171528],[19.062380414,47.474156117],[19.062377732,47.474147959],[19.062455516,47.474137081]]]}},{"type":"Feature","id":922,"properties":{"buildingId":2,"floorId":10,"roomNumber":"5.135","roomName":"5.135 Difrakciós röntgen laboratórium","scope":"budapest/lagymanyos/eszaki/5/LÉ-5-135-01-14","roomCode":"LÉ-5-135-01-14","roomType":"educational","__tile":"17/72476/45847","__layer":"rooms","__zoom":17,"__mvtId":922,"__building":"eszaki","__ringVerts":20,"id":922,"catalogFloorId":10},"geometry":{"type":"Polygon","coordinates":[[[19.062601473,47.474080238],[19.062608849,47.474107433],[19.062557887,47.474115592],[19.06261019,47.474108793],[19.062620919,47.474143694],[19.062635671,47.474191285],[19.062560569,47.474201256],[19.06254917,47.47416545],[19.062539112,47.474166809],[19.062535088,47.474154118],[19.062545147,47.474152759],[19.062534418,47.474118765],[19.062542464,47.474116498],[19.062534418,47.474117405],[19.062531736,47.474109246],[19.062521677,47.474110606],[19.062517654,47.474097915],[19.062527712,47.474096555],[19.062526371,47.474090663],[19.062601473,47.474080238]]]}},{"type":"Feature","id":917,"properties":{"buildingId":2,"floorId":10,"roomNumber":"5.131","roomName":"5.131 Sarf röntgen dolgozó","scope":"budapest/lagymanyos/eszaki/5/LÉ-5-131-01-14","roomCode":"LÉ-5-131-01-14","roomType":"educational","__tile":"17/72476/45847","__layer":"rooms","__zoom":17,"__mvtId":917,"__building":"eszaki","__ringVerts":19,"id":917,"catalogFloorId":10},"geometry":{"type":"Polygon","coordinates":[[[19.062538766,47.474291847],[19.062556201,47.474345784],[19.062505239,47.474354849],[19.062556201,47.474348051],[19.062565588,47.474374793],[19.062489816,47.474385217],[19.062481769,47.474358475],[19.062489145,47.474356209],[19.062481099,47.474357116],[19.062479087,47.474348957],[19.062468358,47.474350317],[19.062465006,47.474337626],[19.062474393,47.47433536],[19.062471041,47.474323122],[19.062460982,47.474324482],[19.062456959,47.47431179],[19.062467017,47.474310431],[19.062464335,47.474301819],[19.062538766,47.474291847]]]}},{"type":"Feature","id":924,"properties":{"buildingId":2,"floorId":10,"roomNumber":"5.137","roomName":"5.137-5.138 Klasszikus fizikai labor","scope":"budapest/lagymanyos/eszaki/5/LÉ-5-137-01-14","roomCode":"LÉ-5-137-01-14","roomType":"educational","__tile":"17/72476/45847","__layer":"rooms","__zoom":17,"__mvtId":924,"__building":"eszaki","__ringVerts":10,"id":924,"catalogFloorId":10},"geometry":{"type":"Polygon","coordinates":[[[19.062404271,47.474202054],[19.062406282,47.474208399],[19.062416341,47.47420704],[19.062420364,47.474219731],[19.062410306,47.47422109],[19.062429752,47.474285452],[19.062362696,47.474295877],[19.062353979,47.474295424],[19.062329169,47.474212479],[19.062404271,47.474202054]]]}},{"type":"Feature","id":920,"properties":{"buildingId":2,"floorId":10,"roomNumber":"5.134","roomName":"5.134 Oktató","scope":"budapest/lagymanyos/eszaki/5/LÉ-5-134-01-13","roomCode":"LÉ-5-134-01-13","roomType":"educational","__tile":"17/72476/45847","__layer":"rooms","__zoom":17,"__mvtId":920,"__building":"eszaki","__ringVerts":5,"id":920,"catalogFloorId":10},"geometry":{"type":"Polygon","coordinates":[[[19.062558475,47.474209274],[19.062565181,47.474236469],[19.06249142,47.47424644],[19.062483373,47.474219698],[19.062558475,47.474209274]]]}},{"type":"Feature","id":945,"properties":{"buildingId":2,"floorId":10,"roomNumber":"5.71","roomName":"5.71 Oktató","scope":"budapest/lagymanyos/eszaki/5/LÉ-5-71-01-13","roomCode":"LÉ-5-71-01-13","roomType":"educational","__tile":"17/72476/45847","__layer":"rooms","__zoom":17,"__mvtId":945,"__building":"eszaki","__ringVerts":5,"id":945,"catalogFloorId":10},"geometry":{"type":"Polygon","coordinates":[[[19.062348002,47.474042012],[19.062364095,47.474098215],[19.062325203,47.474103654],[19.062306428,47.474047451],[19.062348002,47.474042012]]]}},{"type":"Feature","id":946,"properties":{"buildingId":2,"floorId":10,"roomNumber":"5.72","roomName":"5.72 Oktató","scope":"budapest/lagymanyos/eszaki/5/LÉ-5-72-01-13","roomCode":"LÉ-5-72-01-13","roomType":"educational","__tile":"17/72476/45847","__layer":"rooms","__zoom":17,"__mvtId":946,"__building":"eszaki","__ringVerts":5,"id":946,"catalogFloorId":10},"geometry":{"type":"Polygon","coordinates":[[[19.062389026,47.474047675],[19.062406461,47.474104331],[19.062366228,47.474108863],[19.062349464,47.474053567],[19.062389026,47.474047675]]]}},{"type":"Feature","id":429,"properties":{"buildingId":2,"floorId":10,"roomNumber":"514","roomName":"5.514 Tárgyaló","scope":"budapest/lagymanyos/eszaki/5/LK-5-514-01-17","roomCode":"LK-5-514-01-17","roomType":"educational","__tile":"16/36238/22923","__layer":"rooms","__zoom":16,"__mvtId":429,"__building":"eszaki","__ringVerts":5,"id":429,"catalogFloorId":10},"geometry":{"type":"Polygon","coordinates":[[[19.061538489,47.475260133],[19.06156397,47.475341717],[19.061484845,47.475353501],[19.061462046,47.475338997],[19.061538489,47.475260133]]]}},{"type":"Feature","id":415,"properties":{"buildingId":2,"floorId":10,"roomNumber":"500/4","roomName":"5.500/4 Menekülő lépcsőház L1","scope":"budapest/lagymanyos/eszaki/5/LK-5-500-4-04-64","roomCode":"LK-5-500/4-04-64","roomType":"corridor","__tile":"16/36238/22923","__layer":"rooms","__zoom":16,"__mvtId":415,"__building":"eszaki","__ringVerts":6,"id":415,"catalogFloorId":10},"geometry":{"type":"Polygon","coordinates":[[[19.061450318,47.47521107],[19.061467752,47.475264553],[19.061391309,47.475275431],[19.061377898,47.475272712],[19.061364487,47.475226481],[19.061450318,47.47521107]]]}},{"type":"Feature","id":424,"properties":{"buildingId":2,"floorId":10,"roomNumber":"509","roomName":"5.509 Labor","scope":"budapest/lagymanyos/eszaki/5/LK-5-509-01-14","roomCode":"LK-5-509-01-14","roomType":"educational","__tile":"16/36238/22923","__layer":"rooms","__zoom":16,"__mvtId":424,"__building":"eszaki","__ringVerts":5,"id":424,"catalogFloorId":10},"geometry":{"type":"Polygon","coordinates":[[[19.061521723,47.474954976],[19.06152977,47.474980358],[19.061462715,47.474990329],[19.061454668,47.474964041],[19.061521723,47.474954976]]]}},{"type":"Feature","id":414,"properties":{"buildingId":2,"floorId":10,"roomNumber":"500/3","roomName":"5.500/3 Közl. Hosszú laborfolyosóTanári WC","scope":"budapest/lagymanyos/eszaki/5/LK-5-500-3-04-63","roomCode":"LK-5-500/3-04-63","roomType":"corridor","__tile":"16/36238/22923","__layer":"rooms","__zoom":16,"__mvtId":414,"__building":"eszaki","__ringVerts":92,"id":414,"catalogFloorId":10},"geometry":{"type":"Polygon","coordinates":[[[19.061456122,47.474917594],[19.06147758,47.474927565],[19.061478921,47.474933911],[19.061490991,47.474933004],[19.061496355,47.474952041],[19.061485626,47.474953853],[19.061490991,47.474971077],[19.061501719,47.474969264],[19.061505743,47.474980142],[19.061493673,47.474981955],[19.061499037,47.474999178],[19.061511107,47.474997365],[19.061513789,47.475008243],[19.061501719,47.475010056],[19.061507084,47.475027279],[19.061519154,47.475025466],[19.061523177,47.475036344],[19.061511107,47.475038157],[19.061516472,47.47505538],[19.061528541,47.475053567],[19.061531224,47.475064445],[19.061519154,47.475066258],[19.061524518,47.475083481],[19.061536588,47.475081668],[19.06153927,47.475092546],[19.061528541,47.475094359],[19.061533906,47.475111582],[19.061544635,47.475109769],[19.061548658,47.475120647],[19.061536588,47.47512246],[19.061541953,47.475139683],[19.061554022,47.475137871],[19.061556705,47.475148748],[19.061544635,47.475150561],[19.061549999,47.475167785],[19.061562069,47.475165972],[19.061566092,47.475176849],[19.061554022,47.475178662],[19.061559387,47.475195886],[19.061571457,47.475194073],[19.061574139,47.47520495],[19.061562069,47.475206763],[19.061566092,47.475217641],[19.061576821,47.475215828],[19.061579503,47.475223987],[19.061567434,47.4752258],[19.061579503,47.475262059],[19.061590232,47.475260246],[19.061592914,47.475269311],[19.06155134,47.47527475],[19.061549999,47.475266591],[19.061537929,47.475268404],[19.061535247,47.475258433],[19.061545976,47.47525662],[19.061540611,47.47523849],[19.061529883,47.475240303],[19.061525859,47.475230332],[19.061537929,47.475228519],[19.061532565,47.475210389],[19.061520495,47.475212202],[19.061517813,47.475202231],[19.061529883,47.475200418],[19.061524518,47.475182288],[19.061512448,47.475184101],[19.061508425,47.475173223],[19.061520495,47.475172317],[19.06151513,47.475154187],[19.06150306,47.475156],[19.061500378,47.475145122],[19.061512448,47.475144216],[19.061507084,47.475126086],[19.061495014,47.475127899],[19.061492332,47.475117021],[19.06150306,47.475116115],[19.061497696,47.475097985],[19.061486967,47.475099798],[19.061482944,47.47508892],[19.061495014,47.475088014],[19.061489649,47.475069884],[19.06147758,47.475071697],[19.061474897,47.475060819],[19.061486967,47.475059913],[19.061481603,47.475041783],[19.061469533,47.475043596],[19.06146551,47.475032718],[19.06147758,47.475031812],[19.061472215,47.475013682],[19.061460145,47.475015495],[19.061452099,47.474986487],[19.06146551,47.474984674],[19.061445393,47.474931191],[19.061456122,47.474917594]]]}},{"type":"Feature","id":431,"properties":{"buildingId":2,"floorId":10,"roomNumber":"517","roomName":"5.517 Doktorandusz","scope":"budapest/lagymanyos/eszaki/5/LK-5-517-01-13","roomCode":"LK-5-517-01-13","roomType":"educational","__tile":"16/36238/22923","__layer":"rooms","__zoom":16,"__mvtId":431,"__building":"eszaki","__ringVerts":5,"id":431,"catalogFloorId":10},"geometry":{"type":"Polygon","coordinates":[[[19.061624947,47.47502838],[19.061632994,47.475053762],[19.061565939,47.475063733],[19.061557892,47.475037445],[19.061624947,47.47502838]]]}},{"type":"Feature","id":421,"properties":{"buildingId":2,"floorId":10,"roomNumber":"507","roomName":"5.507 Labor","scope":"budapest/lagymanyos/eszaki/5/LK-5-507-01-14","roomCode":"LK-5-507-01-14","roomType":"educational","__tile":"16/36238/22923","__layer":"rooms","__zoom":16,"__mvtId":421,"__building":"eszaki","__ringVerts":5,"id":421,"catalogFloorId":10},"geometry":{"type":"Polygon","coordinates":[[[19.061542008,47.474868975],[19.061558101,47.474923364],[19.061491046,47.474932429],[19.061474953,47.474878946],[19.061542008,47.474868975]]]}},{"type":"Feature","id":425,"properties":{"buildingId":2,"floorId":10,"roomNumber":"510","roomName":"5.510 HPLC Labor","scope":"budapest/lagymanyos/eszaki/5/LK-5-510-01-14","roomCode":"LK-5-510-01-14","roomType":"educational","__tile":"16/36238/22923","__layer":"rooms","__zoom":16,"__mvtId":425,"__building":"eszaki","__ringVerts":5,"id":425,"catalogFloorId":10},"geometry":{"type":"Polygon","coordinates":[[[19.061504901,47.474985771],[19.061522335,47.475039253],[19.06145528,47.475049225],[19.061439187,47.474994836],[19.061504901,47.474985771]]]}},{"type":"Feature","id":426,"properties":{"buildingId":2,"floorId":10,"roomNumber":"511","roomName":"5.511 HPLC labor","scope":"budapest/lagymanyos/eszaki/5/LK-5-511-01-14","roomCode":"LK-5-511-01-14","roomType":"educational","__tile":"16/36238/22923","__layer":"rooms","__zoom":16,"__mvtId":426,"__building":"eszaki","__ringVerts":5,"id":426,"catalogFloorId":10},"geometry":{"type":"Polygon","coordinates":[[[19.061488639,47.475041637],[19.061504732,47.475096027],[19.061437677,47.475105091],[19.061421584,47.475050702],[19.061488639,47.475041637]]]}},{"type":"Feature","id":427,"properties":{"buildingId":2,"floorId":10,"roomNumber":"512","roomName":"5.512 Hallgatói labor","scope":"budapest/lagymanyos/eszaki/5/LK-5-512-01-14","roomCode":"LK-5-512-01-14","roomType":"educational","__tile":"16/36238/22923","__layer":"rooms","__zoom":16,"__mvtId":427,"__building":"eszaki","__ringVerts":5,"id":427,"catalogFloorId":10},"geometry":{"type":"Polygon","coordinates":[[[19.061464088,47.475100454],[19.061488228,47.475182944],[19.061421173,47.475192009],[19.061397033,47.475109519],[19.061464088,47.475100454]]]}},{"type":"Feature","id":428,"properties":{"buildingId":2,"floorId":10,"roomNumber":"513","roomName":"5.513 Labor előkészítő","scope":"budapest/lagymanyos/eszaki/5/LK-5-513-01-14","roomCode":"LK-5-513-01-14","roomType":"educational","__tile":"16/36238/22923","__layer":"rooms","__zoom":16,"__mvtId":428,"__building":"eszaki","__ringVerts":5,"id":428,"catalogFloorId":10},"geometry":{"type":"Polygon","coordinates":[[[19.061453316,47.475178596],[19.061461363,47.475204884],[19.061394308,47.475213949],[19.061387602,47.475189474],[19.061453316,47.475178596]]]}},{"type":"Feature","id":79,"properties":{"buildingId":2,"floorId":10,"roomNumber":"5.89","roomName":"5.89 Szeminárium","scope":"budapest/lagymanyos/eszaki/5/LÉ-5-89-01-12","roomCode":"LÉ-5-89-01-12","roomType":"educational","__tile":"17/72476/45847","__layer":"rooms","__zoom":17,"__mvtId":79,"__building":"eszaki","__ringVerts":5,"id":79,"catalogFloorId":10},"geometry":{"type":"Polygon","coordinates":[[[19.062202984,47.474366511],[19.062216395,47.474405038],[19.062134588,47.474416822],[19.062122518,47.474377843],[19.062202984,47.474366511]]]}},{"type":"Feature","id":980,"properties":{"buildingId":2,"floorId":10,"roomNumber":"5.98/B","roomName":"5.98/B Öltöző hallgatói","scope":"budapest/lagymanyos/eszaki/5/LÉ-5-98-B-05-73","roomCode":"LÉ-5-98/B-05-73","roomType":"social","__tile":"17/72476/45847","__layer":"rooms","__zoom":17,"__mvtId":980,"__building":"eszaki","__ringVerts":5,"id":980,"catalogFloorId":10},"geometry":{"type":"Polygon","coordinates":[[[19.062085735,47.474439962],[19.062093782,47.474466251],[19.062050867,47.474472143],[19.06204282,47.474446307],[19.062085735,47.474439962]]]}},{"type":"Feature","id":982,"properties":{"buildingId":2,"floorId":10,"roomNumber":"5.99","roomName":"5.99 Mozgáskorlátozott WC","scope":"budapest/lagymanyos/eszaki/5/LÉ-5-99-05-71","roomCode":"LÉ-5-99-05-71","roomType":"social","__tile":"17/72476/45847","__layer":"rooms","__zoom":17,"__mvtId":982,"__building":"eszaki","__ringVerts":6,"id":982,"catalogFloorId":10},"geometry":{"type":"Polygon","coordinates":[[[19.062136233,47.474449395],[19.06214428,47.47447659],[19.06212014,47.474479763],[19.062112764,47.474456193],[19.062112093,47.474453927],[19.062136233,47.474449395]]]}},{"type":"Feature","id":961,"properties":{"buildingId":2,"floorId":10,"roomNumber":"5.90","roomName":"5.90 Oktató","scope":"budapest/lagymanyos/eszaki/5/LÉ-5-90-01-13","roomCode":"LÉ-5-90-01-13","roomType":"educational","__tile":"17/72476/45847","__layer":"rooms","__zoom":17,"__mvtId":961,"__building":"eszaki","__ringVerts":5,"id":961,"catalogFloorId":10},"geometry":{"type":"Polygon","coordinates":[[[19.062249389,47.474377448],[19.062260789,47.474416428],[19.062221897,47.474421867],[19.062209827,47.474382888],[19.062249389,47.474377448]]]}},{"type":"Feature","id":960,"properties":{"buildingId":2,"floorId":10,"roomNumber":"5.88","roomName":"5.88 Oktató","scope":"budapest/lagymanyos/eszaki/5/LÉ-5-88-01-13","roomCode":"LÉ-5-88-01-13","roomType":"educational","__tile":"17/72476/45847","__layer":"rooms","__zoom":17,"__mvtId":960,"__building":"eszaki","__ringVerts":5,"id":960,"catalogFloorId":10},"geometry":{"type":"Polygon","coordinates":[[[19.062123309,47.474360261],[19.062137391,47.474398787],[19.062098499,47.474404226],[19.062085088,47.4743657],[19.062123309,47.474360261]]]}},{"type":"Feature","id":959,"properties":{"buildingId":2,"floorId":10,"roomNumber":"5.87","roomName":"5.87 Oktatói szoba","scope":"budapest/lagymanyos/eszaki/5/LÉ-5-87-01-13","roomCode":"LÉ-5-87-01-13","roomType":"educational","__tile":"17/72476/45847","__layer":"rooms","__zoom":17,"__mvtId":959,"__building":"eszaki","__ringVerts":5,"id":959,"catalogFloorId":10},"geometry":{"type":"Polygon","coordinates":[[[19.06208341,47.474354281],[19.062094139,47.474393261],[19.062055247,47.4743987],[19.062043177,47.474359721],[19.06208341,47.474354281]]]}},{"type":"Feature","id":918,"properties":{"buildingId":2,"floorId":10,"roomNumber":"5.132","roomName":"5.132 Belső súrlódásmérő laboratórium","scope":"budapest/lagymanyos/eszaki/5/LÉ-5-132-01-14","roomCode":"LÉ-5-132-01-14","roomType":"educational","__tile":"17/72476/45847","__layer":"rooms","__zoom":17,"__mvtId":918,"__building":"eszaki","__ringVerts":5,"id":918,"catalogFloorId":10},"geometry":{"type":"Polygon","coordinates":[[[19.062540667,47.474265519],[19.062548043,47.474292714],[19.062474953,47.474302685],[19.062466906,47.474275943],[19.062540667,47.474265519]]]}},{"type":"Feature","id":988,"properties":{"buildingId":2,"floorId":10,"roomNumber":"5/K6","roomName":"5.K6 Közlekedő (Keleti lifttől jobbra)","scope":"budapest/lagymanyos/eszaki/5/LÉ-5-K6-04-63","roomCode":"LÉ-5-K6-04-63","roomType":"corridor","__tile":"17/72476/45847","__layer":"rooms","__zoom":17,"__mvtId":988,"__building":"eszaki","__ringVerts":139,"id":988,"catalogFloorId":10},"geometry":{"type":"Polygon","coordinates":[[[19.062408317,47.474149919],[19.062406976,47.474145387],[19.062404964,47.474139041],[19.062415023,47.474137681],[19.062413682,47.474133149],[19.062410999,47.474122271],[19.062400271,47.474124084],[19.062396247,47.474108673],[19.062405635,47.474105954],[19.062394236,47.474107767],[19.062391553,47.474093716],[19.0623996,47.474092809],[19.062402282,47.474095529],[19.062405635,47.47409145],[19.062428434,47.474088277],[19.062435139,47.474090996],[19.062434469,47.474087823],[19.062443186,47.474086917],[19.062445198,47.474089636],[19.06244855,47.474100061],[19.062437151,47.474101874],[19.062447209,47.474101421],[19.062451903,47.474116832],[19.062441845,47.474118191],[19.062445198,47.47412907],[19.062446539,47.474133149],[19.062456597,47.474131789],[19.06245995,47.474142667],[19.062449891,47.474144027],[19.062454585,47.474158984],[19.062455926,47.474164876],[19.062457938,47.474164423],[19.062455926,47.474158984],[19.062464644,47.474157624],[19.062469337,47.474173035],[19.06246062,47.474173942],[19.062457267,47.474168502],[19.062459279,47.474175301],[19.062471349,47.474173942],[19.062476713,47.47419887],[19.062468667,47.47420023],[19.062477384,47.474199324],[19.062479396,47.474202043],[19.062482748,47.474212468],[19.062471349,47.474214281],[19.062481407,47.474213828],[19.06248409,47.47422244],[19.062486101,47.474229238],[19.062476713,47.474231505],[19.062488113,47.474230145],[19.062490795,47.474243742],[19.062482078,47.474245102],[19.062490795,47.474244196],[19.062494148,47.474255074],[19.062485431,47.474256433],[19.062494148,47.474255527],[19.06249683,47.474258246],[19.062500183,47.474268671],[19.062488113,47.474270484],[19.062498842,47.474270031],[19.062502865,47.474283175],[19.062503536,47.474285442],[19.062493477,47.474287708],[19.062505547,47.474286348],[19.062507559,47.474299946],[19.062499512,47.474301305],[19.062508229,47.474300399],[19.062510912,47.474304931],[19.062511582,47.474311277],[19.062501524,47.474312637],[19.062507559,47.474333486],[19.062507559,47.474327594],[19.062516276,47.474326687],[19.062520299,47.474341645],[19.062512253,47.474343004],[19.0625089,47.474337112],[19.062510912,47.474344364],[19.062522311,47.474342551],[19.062525664,47.474352976],[19.062528346,47.47436748],[19.062518288,47.47436884],[19.062522982,47.474383797],[19.06253304,47.474382437],[19.062537734,47.474397848],[19.062527675,47.474399208],[19.062537734,47.474399208],[19.062541757,47.474411899],[19.062531699,47.474413258],[19.06253371,47.474418697],[19.062502194,47.47442323],[19.062475372,47.474335752],[19.062466655,47.474337112],[19.062461961,47.474322608],[19.062471349,47.474321248],[19.062467996,47.474311277],[19.062457938,47.474312183],[19.062456597,47.474307651],[19.062466655,47.474306291],[19.062465314,47.474302665],[19.062464644,47.474305838],[19.062456597,47.474307198],[19.062454585,47.474304478],[19.062451233,47.474294053],[19.062462632,47.47429224],[19.062451903,47.474292694],[19.062450562,47.474288161],[19.062447209,47.474277283],[19.062457267,47.474274563],[19.062445868,47.474276377],[19.062443186,47.474262779],[19.062451233,47.474261419],[19.062442515,47.474262326],[19.062439163,47.474251448],[19.062449221,47.474249181],[19.06244855,47.474246462],[19.062438492,47.474247822],[19.062435139,47.474237397],[19.062445198,47.474236037],[19.062443186,47.474229238],[19.062443186,47.474235131],[19.062435139,47.47423649],[19.062430445,47.474221533],[19.062438492,47.47421972],[19.062441845,47.474225159],[19.06243581,47.474204763],[19.062425752,47.474206122],[19.062422399,47.474195244],[19.062432457,47.474193885],[19.062426422,47.474174848],[19.06242441,47.474173035],[19.062426422,47.474178927],[19.062417705,47.474180287],[19.062413011,47.474164876],[19.062421728,47.474163517],[19.062425081,47.474168956],[19.062423069,47.474162157],[19.062410999,47.47416397],[19.062407647,47.474153092],[19.062408317,47.474149919]],[[19.062481407,47.474241929],[19.062479396,47.474242383],[19.062480737,47.474245555],[19.062482078,47.474245102],[19.062482078,47.474244649],[19.062481407,47.474241929]],[[19.062516276,47.474357508],[19.062516276,47.474357962],[19.062524993,47.474356149],[19.062516276,47.474357508]],[[19.062451903,47.474264592],[19.062453915,47.474264139],[19.062453244,47.474261872],[19.062451233,47.474261872],[19.062451903,47.474264592]],[[19.062468667,47.47420023],[19.062466655,47.47420023],[19.062467996,47.474203403],[19.062468667,47.47420023]],[[19.062462632,47.474186179],[19.062464644,47.474189352],[19.062473361,47.474187992],[19.062465314,47.474188899],[19.062462632,47.474186179]],[[19.062499512,47.474301305],[19.06249683,47.474298586],[19.062498171,47.474301759],[19.062499512,47.474301305]],[[19.062417034,47.474149013],[19.062419717,47.474151732],[19.062418375,47.474148559],[19.062417034,47.474149013]],[[19.062485431,47.474256433],[19.06248409,47.474256433],[19.06248476,47.474259606],[19.062485431,47.474256433]]]}},{"type":"Feature","id":916,"properties":{"buildingId":2,"floorId":10,"roomNumber":"5.130","roomName":"5.130 Sarf röntgen előkészítő","scope":"budapest/lagymanyos/eszaki/5/LÉ-5-130-01-14","roomCode":"LÉ-5-130-01-14","roomType":"educational","__tile":"17/72476/45847","__layer":"rooms","__zoom":17,"__mvtId":916,"__building":"eszaki","__ringVerts":5,"id":916,"catalogFloorId":10},"geometry":{"type":"Polygon","coordinates":[[[19.062506917,47.47437805],[19.062513623,47.474405245],[19.062440533,47.474415217],[19.062431815,47.474388022],[19.062506917,47.47437805]]]}},{"type":"Feature","id":915,"properties":{"buildingId":2,"floorId":10,"roomNumber":"5.129","roomName":"5.129 Hallgatói Laboratórium III. Éves","scope":"budapest/lagymanyos/eszaki/5/LÉ-5-129-01-14","roomCode":"LÉ-5-129-01-14","roomType":"educational","__tile":"17/72476/45847","__layer":"rooms","__zoom":17,"__mvtId":915,"__building":"eszaki","__ringVerts":10,"id":915,"catalogFloorId":10},"geometry":{"type":"Polygon","coordinates":[[[19.06251672,47.474415274],[19.062534154,47.474472384],[19.062459052,47.474482809],[19.0624443,47.474434764],[19.062434242,47.474436123],[19.06243156,47.474427512],[19.062440277,47.474426152],[19.062440947,47.474428871],[19.062441618,47.474425699],[19.06251672,47.474415274]]]}},{"type":"Feature","id":925,"properties":{"buildingId":2,"floorId":10,"roomNumber":"5.139","roomName":"5.139 Hallgatói laboratórium II.éves","scope":"budapest/lagymanyos/eszaki/5/LÉ-5-139-01-14","roomCode":"LÉ-5-139-01-14","roomType":"educational","__tile":"17/72476/45847","__layer":"rooms","__zoom":17,"__mvtId":925,"__building":"eszaki","__ringVerts":9,"id":925,"catalogFloorId":10},"geometry":{"type":"Polygon","coordinates":[[[19.062360913,47.474327488],[19.062372313,47.474362842],[19.062382371,47.474361482],[19.062385724,47.474374626],[19.062375666,47.474375986],[19.062377677,47.474381878],[19.062302575,47.474392303],[19.062285812,47.474337913],[19.062360913,47.474327488]]]}},{"type":"Feature","id":987,"properties":{"buildingId":2,"floorId":10,"roomNumber":"5/K5","roomName":"5.K5 Közlekedő Keleti lift előtt","scope":"budapest/lagymanyos/eszaki/5/LÉ-5-K5-04-63","roomCode":"LÉ-5-K5-04-63","roomType":"corridor","__tile":"17/72476/45847","__layer":"rooms","__zoom":17,"__mvtId":987,"__building":"eszaki","__ringVerts":30,"id":987,"catalogFloorId":10},"geometry":{"type":"Polygon","coordinates":[[[19.062375904,47.474401128],[19.062380598,47.474415179],[19.06237121,47.474417445],[19.062382609,47.474416085],[19.062385962,47.47442651],[19.062374563,47.47442787],[19.062396691,47.47450175],[19.062408761,47.47450039],[19.062411443,47.474510815],[19.062400044,47.474512175],[19.062410773,47.474512175],[19.062414796,47.474527586],[19.062405408,47.474528945],[19.062415466,47.474528492],[19.06241949,47.474541183],[19.062409431,47.474542543],[19.062409431,47.474543903],[19.06241949,47.474542543],[19.062423513,47.474553874],[19.062414125,47.474554781],[19.062381939,47.47455886],[19.062367857,47.474512628],[19.062349082,47.474515348],[19.06232293,47.474428323],[19.062341706,47.474426057],[19.062331647,47.474426057],[19.062329636,47.474419258],[19.062339023,47.474418351],[19.062332988,47.474401128],[19.062375904,47.474401128]]]}},{"type":"Feature","id":921,"properties":{"buildingId":2,"floorId":10,"roomNumber":"5.134/A","roomName":"A 5.134 A Oktató","scope":"budapest/lagymanyos/eszaki/5/LÉ-5-134 A-01-13","roomCode":"LÉ-5-134 A-01-13","roomType":"educational","__tile":"17/72476/45847","__layer":"rooms","__zoom":17,"__mvtId":921,"__building":"eszaki","__ringVerts":6,"id":921,"catalogFloorId":10},"geometry":{"type":"Polygon","coordinates":[[[19.062560435,47.474183748],[19.062563788,47.474184201],[19.062571834,47.474210489],[19.062496062,47.474220914],[19.062488015,47.474194172],[19.062560435,47.474183748]]]}},{"type":"Feature","id":947,"properties":{"buildingId":2,"floorId":10,"roomNumber":"5.73","roomName":"5.73 Titkárság","scope":"budapest/lagymanyos/eszaki/5/LÉ-5-73-02-33","roomCode":"LÉ-5-73-02-33","roomType":"administrative","__tile":"17/72476/45847","__layer":"rooms","__zoom":17,"__mvtId":947,"__building":"eszaki","__ringVerts":7,"id":947,"catalogFloorId":10},"geometry":{"type":"Polygon","coordinates":[[[19.06242001,47.474059013],[19.062422022,47.474064905],[19.062435433,47.474063092],[19.062449514,47.474114309],[19.062411293,47.474119748],[19.062391847,47.474063092],[19.06242001,47.474059013]]]}},{"type":"Feature","id":923,"properties":{"buildingId":2,"floorId":10,"roomNumber":"5.136","roomName":"5.136 Előkészítő","scope":"budapest/lagymanyos/eszaki/5/LÉ-5-136-01-14","roomCode":"LÉ-5-136-01-14","roomType":"educational","__tile":"17/72476/45847","__layer":"rooms","__zoom":17,"__mvtId":923,"__building":"eszaki","__ringVerts":6,"id":923,"catalogFloorId":10},"geometry":{"type":"Polygon","coordinates":[[[19.06244485,47.474163349],[19.062452897,47.474190091],[19.062377124,47.474200969],[19.062370419,47.474178306],[19.062371089,47.474173773],[19.06244485,47.474163349]]]}},{"type":"Feature","id":457,"properties":{"buildingId":2,"floorId":10,"roomNumber":"549","roomName":"5.549 Előadók (gazdasági)","scope":"budapest/lagymanyos/eszaki/5/LK-5-549-01-13","roomCode":"LK-5-549-01-13","roomType":"educational","__tile":"16/36238/22923","__layer":"rooms","__zoom":16,"__mvtId":457,"__building":"eszaki","__ringVerts":5,"id":457,"catalogFloorId":10},"geometry":{"type":"Polygon","coordinates":[[[19.061931375,47.474747769],[19.061940763,47.474780402],[19.061907235,47.474784934],[19.061897847,47.474752301],[19.061931375,47.474747769]]]}},{"type":"Feature","id":1192,"properties":{"buildingId":2,"floorId":10,"roomNumber":"529","roomName":"5.529 Hallgatói számítógép szoba 8 fő","scope":"budapest/lagymanyos/eszaki/5/LK-5-529-01-12","roomCode":"LK-5-529-01-12","roomType":"educational","__tile":"16/36238/22923","__layer":"rooms","__zoom":16,"__mvtId":1192,"__building":"eszaki","__ringVerts":5,"id":1192,"catalogFloorId":10},"geometry":{"type":"Polygon","coordinates":[[[19.06186592,47.474616048],[19.061873967,47.474643242],[19.061806912,47.474652307],[19.061798865,47.474626019],[19.06186592,47.474616048]]]}},{"type":"Feature","id":456,"properties":{"buildingId":2,"floorId":10,"roomNumber":"548","roomName":"5.548 Előadók (gazdasági)","scope":"budapest/lagymanyos/eszaki/5/LK-5-548-01-13","roomCode":"LK-5-548-01-13","roomType":"educational","__tile":"16/36238/22923","__layer":"rooms","__zoom":16,"__mvtId":456,"__building":"eszaki","__ringVerts":5,"id":456,"catalogFloorId":10},"geometry":{"type":"Polygon","coordinates":[[[19.061965154,47.474752533],[19.061975883,47.474785166],[19.061942356,47.474789698],[19.061932968,47.474757065],[19.061965154,47.474752533]]]}},{"type":"Feature","id":891,"properties":{"buildingId":2,"floorId":10,"roomNumber":"5.105","roomName":"5.105 Oktató","scope":"budapest/lagymanyos/eszaki/5/LÉ-5-105-01-13","roomCode":"LÉ-5-105-01-13","roomType":"educational","__tile":"17/72476/45847","__layer":"rooms","__zoom":17,"__mvtId":891,"__building":"eszaki","__ringVerts":5,"id":891,"catalogFloorId":10},"geometry":{"type":"Polygon","coordinates":[[[19.062168587,47.474499791],[19.062180657,47.474541037],[19.062140424,47.474546476],[19.062129025,47.47450523],[19.062168587,47.474499791]]]}},{"type":"Feature","id":443,"properties":{"buildingId":2,"floorId":10,"roomNumber":"531","roomName":"5.531 Kutató labor","scope":"budapest/lagymanyos/eszaki/5/LK-5-531-01-14","roomCode":"LK-5-531-01-14","roomType":"educational","__tile":"17/72476/45847","__layer":"rooms","__zoom":17,"__mvtId":443,"__building":"eszaki","__ringVerts":5,"id":443,"catalogFloorId":10},"geometry":{"type":"Polygon","coordinates":[[[19.061895296,47.474512742],[19.061908037,47.474553082],[19.061840982,47.4745626],[19.061825559,47.474512742],[19.061895296,47.474512742]]]}},{"type":"Feature","id":992,"properties":{"buildingId":2,"floorId":10,"roomNumber":"5-L3","roomName":"5.L3 Lépcsőház ÉK","scope":"budapest/lagymanyos/eszaki/5/LÉ-5-L3-04-64","roomCode":"LÉ-5-L3-04-64","roomType":"corridor","__tile":"16/36238/22923","__layer":"rooms","__zoom":16,"__mvtId":992,"__building":"eszaki","__ringVerts":5,"id":992,"catalogFloorId":10},"geometry":{"type":"Polygon","coordinates":[[[19.062250938,47.474785681],[19.062257643,47.474808343],[19.062179859,47.474819221],[19.062171812,47.474796559],[19.062250938,47.474785681]]]}},{"type":"Feature","id":901,"properties":{"buildingId":2,"floorId":10,"roomNumber":"5.116","roomName":"5.116 Doktorandusz","scope":"budapest/lagymanyos/eszaki/5/LÉ-5-116-01-13","roomCode":"LÉ-5-116-01-13","roomType":"educational","__tile":"16/36238/22923","__layer":"rooms","__zoom":16,"__mvtId":901,"__building":"eszaki","__ringVerts":5,"id":901,"catalogFloorId":10},"geometry":{"type":"Polygon","coordinates":[[[19.062169124,47.474777412],[19.062178512,47.474818203],[19.062130232,47.474825455],[19.062118162,47.474784663],[19.062169124,47.474777412]]]}},{"type":"Feature","id":904,"properties":{"buildingId":2,"floorId":10,"roomNumber":"5.119","roomName":"5.119 Oktató","scope":"budapest/lagymanyos/eszaki/5/LÉ-5-119-01-13","roomCode":"LÉ-5-119-01-13","roomType":"educational","__tile":"16/36238/22923","__layer":"rooms","__zoom":16,"__mvtId":904,"__building":"eszaki","__ringVerts":6,"id":904,"catalogFloorId":10},"geometry":{"type":"Polygon","coordinates":[[[19.06223312,47.474846535],[19.062242507,47.474880981],[19.062249213,47.47490183],[19.062204956,47.474908176],[19.062187522,47.47485288],[19.06223312,47.474846535]]]}},{"type":"Feature","id":913,"properties":{"buildingId":2,"floorId":10,"roomNumber":"5.126","roomName":"5.126 Kutató laboratórium","scope":"budapest/lagymanyos/eszaki/5/LÉ-5-126-01-14","roomCode":"LÉ-5-126-01-14","roomType":"educational","__tile":"16/36238/22923","__layer":"rooms","__zoom":16,"__mvtId":913,"__building":"eszaki","__ringVerts":5,"id":913,"catalogFloorId":10},"geometry":{"type":"Polygon","coordinates":[[[19.062444122,47.474578654],[19.06245351,47.474605848],[19.062379749,47.474615819],[19.062371702,47.474588625],[19.062444122,47.474578654]]]}},{"type":"Feature","id":909,"properties":{"buildingId":2,"floorId":10,"roomNumber":"5.123/A","roomName":"5.123/A Hidegszoba","scope":"budapest/lagymanyos/eszaki/5/LÉ-5-123-A-01-14","roomCode":"LÉ-5-123/A-01-14","roomType":"educational","__tile":"16/36238/22923","__layer":"rooms","__zoom":16,"__mvtId":909,"__building":"eszaki","__ringVerts":6,"id":909,"catalogFloorId":10},"geometry":{"type":"Polygon","coordinates":[[[19.062376064,47.474662585],[19.062384111,47.474682527],[19.062369359,47.474685247],[19.062361312,47.474685247],[19.062354607,47.474667117],[19.062376064,47.474662585]]]}},{"type":"Feature","id":893,"properties":{"buildingId":2,"floorId":10,"roomNumber":"5.108","roomName":"5.108 UV spektroszkóp labor","scope":"budapest/lagymanyos/eszaki/5/LÉ-5-108-01-14","roomCode":"LÉ-5-108-01-14","roomType":"educational","__tile":"16/36238/22923","__layer":"rooms","__zoom":16,"__mvtId":893,"__building":"eszaki","__ringVerts":5,"id":893,"catalogFloorId":10},"geometry":{"type":"Polygon","coordinates":[[[19.062314973,47.47456045],[19.06232302,47.474587644],[19.062243895,47.474596709],[19.062242554,47.474571327],[19.062314973,47.47456045]]]}},{"type":"Feature","id":990,"properties":{"buildingId":2,"floorId":10,"roomNumber":"5/K8","roomName":"5.K8 Közlekedő (Nyugati lifttől balra)","scope":"budapest/lagymanyos/eszaki/5/LÉ-5-K8-04-63","roomCode":"LÉ-5-K8-04-63","roomType":"corridor","__tile":"17/72476/45847","__layer":"rooms","__zoom":17,"__mvtId":990,"__building":"eszaki","__ringVerts":129,"id":990,"catalogFloorId":10},"geometry":{"type":"Polygon","coordinates":[[[19.061925513,47.474095091],[19.06193423,47.474094184],[19.061937583,47.474105062],[19.061929536,47.474106422],[19.061937583,47.474105516],[19.061940265,47.474108235],[19.061943618,47.47411866],[19.061931548,47.474120473],[19.061942276,47.47412002],[19.06194697,47.47413543],[19.061936912,47.47413815],[19.061948982,47.474136337],[19.061952335,47.474146762],[19.061950994,47.474149934],[19.061942947,47.474151294],[19.061951664,47.474150388],[19.061955017,47.474161266],[19.061944959,47.474163079],[19.061948982,47.474177583],[19.06195904,47.474176223],[19.061963734,47.474191633],[19.061953676,47.474192993],[19.06195837,47.47420795],[19.061968428,47.474206591],[19.061969769,47.474211123],[19.061959711,47.474212936],[19.061963064,47.474223361],[19.061972451,47.474222001],[19.061976475,47.474236505],[19.061967757,47.474237865],[19.061993909,47.474325342],[19.061963064,47.474329422],[19.061961052,47.474323983],[19.061950994,47.474325342],[19.06194697,47.474312198],[19.061957029,47.474310838],[19.06194697,47.474311292],[19.061944959,47.474304946],[19.061942276,47.474295881],[19.061951664,47.474293615],[19.061940265,47.474294975],[19.061937583,47.474281377],[19.0619463,47.474280017],[19.061937583,47.474280924],[19.06193423,47.474270046],[19.061942947,47.474268686],[19.06193423,47.474269593],[19.061931548,47.474266873],[19.061928195,47.474256448],[19.061940265,47.474254635],[19.061929536,47.474255089],[19.061926183,47.474243757],[19.061924842,47.474239678],[19.0619349,47.474236959],[19.06192283,47.474238772],[19.061920819,47.474225174],[19.061928865,47.474223814],[19.061920819,47.474224721],[19.061918137,47.474216562],[19.061917466,47.474213843],[19.061923501,47.474212936],[19.061916795,47.47421339],[19.061914784,47.47421067],[19.061911431,47.474200245],[19.06192283,47.474198432],[19.061912772,47.474198885],[19.06191009,47.474190274],[19.061908078,47.474183475],[19.061917466,47.474180755],[19.061906067,47.474182568],[19.061903384,47.474168971],[19.061912102,47.474167611],[19.061903384,47.474168518],[19.061900032,47.47415764],[19.06191009,47.47415628],[19.061909419,47.474152654],[19.061908078,47.474155827],[19.061900032,47.474157186],[19.061897349,47.474154467],[19.061893997,47.474144042],[19.061906067,47.474142229],[19.061894667,47.474140869],[19.061890644,47.474127272],[19.061900702,47.474124552],[19.061888632,47.474126365],[19.061886621,47.474112768],[19.061894667,47.474111408],[19.06188595,47.474112314],[19.061882597,47.474101436],[19.061892656,47.474100077],[19.061891985,47.474096451],[19.061891314,47.474099623],[19.061882597,47.474100983],[19.061880586,47.474098264],[19.061877233,47.474087839],[19.061888632,47.474086026],[19.061878574,47.474086479],[19.06187388,47.474071069],[19.061883938,47.474069709],[19.061879245,47.474054752],[19.061869186,47.474056111],[19.061865833,47.474045233],[19.061875892,47.47404342],[19.061871198,47.474028916],[19.06186114,47.474030276],[19.061856446,47.474014865],[19.06186181,47.474013959],[19.061866504,47.474013506],[19.061862481,47.473999455],[19.061866504,47.473999001],[19.061893326,47.473994922],[19.06189802,47.474008973],[19.061908078,47.474007613],[19.061912772,47.474023024],[19.061902714,47.474024384],[19.061906737,47.474038434],[19.061916795,47.474037981],[19.061920148,47.474048859],[19.061912102,47.474050219],[19.061920819,47.474049312],[19.06192283,47.474052032],[19.061926183,47.474062457],[19.061914784,47.47406427],[19.061924842,47.474063817],[19.061929536,47.474077867],[19.061920148,47.474081493],[19.061931548,47.474080134],[19.06193423,47.474093731],[19.061925513,47.474095091]],[[19.061943618,47.47426506],[19.061941606,47.474265513],[19.061942276,47.474268233],[19.061944288,47.474268233],[19.061943618,47.47426506]],[[19.061941606,47.474148121],[19.061940265,47.474148575],[19.061941606,47.474151747],[19.061942947,47.474150388],[19.061941606,47.474148121]],[[19.061928865,47.474223814],[19.061931548,47.474226534],[19.061930877,47.474223361],[19.061928865,47.474223814]],[[19.061929536,47.474106422],[19.061927524,47.474106422],[19.061928865,47.474109595],[19.061929536,47.474106422]],[[19.0619463,47.474280017],[19.061948982,47.474282737],[19.061947641,47.474279564],[19.0619463,47.474280017]],[[19.061894667,47.474111408],[19.061897349,47.474114127],[19.061896008,47.474110955],[19.061894667,47.474111408]],[[19.061925513,47.474095091],[19.06192283,47.474092371],[19.061924172,47.474095544],[19.061925513,47.474095091]],[[19.061925513,47.474212483],[19.061926854,47.47421203],[19.061926183,47.474208857],[19.061925513,47.474212483]],[[19.061912102,47.474167611],[19.061914113,47.474170331],[19.061913443,47.474167158],[19.061912102,47.474167611]],[[19.061912102,47.474050672],[19.061911431,47.474053392],[19.061912772,47.474052485],[19.061912772,47.474052032],[19.061912102,47.474050672]]]}},{"type":"Feature","id":929,"properties":{"buildingId":2,"floorId":10,"roomNumber":"5.56","roomName":"5.56 Hallgatói Laboratórium \"A\"","scope":"budapest/lagymanyos/eszaki/5/LÉ-5-56-01-14","roomCode":"LÉ-5-56-01-14","roomType":"educational","__tile":"17/72476/45847","__layer":"rooms","__zoom":17,"__mvtId":929,"__building":"eszaki","__ringVerts":19,"id":929,"catalogFloorId":10},"geometry":{"type":"Polygon","coordinates":[[[19.061816278,47.474215442],[19.06181762,47.474221787],[19.061827678,47.474220428],[19.061831701,47.474233119],[19.061821643,47.474234478],[19.061822984,47.474239011],[19.061827007,47.474252155],[19.061837066,47.474250342],[19.061841089,47.474263487],[19.061831031,47.474264846],[19.061833042,47.474271645],[19.061835054,47.474277991],[19.061845112,47.474276631],[19.061849135,47.474288869],[19.061839077,47.474290682],[19.061850477,47.474327848],[19.061774704,47.474337367],[19.061740506,47.47422632],[19.061816278,47.474215442]]]}},{"type":"Feature","id":455,"properties":{"buildingId":2,"floorId":10,"roomNumber":"547","roomName":"5.547 Előadók (gazdasági)","scope":"budapest/lagymanyos/eszaki/5/LK-5-547-01-13","roomCode":"LK-5-547-01-13","roomType":"educational","__tile":"16/36238/22923","__layer":"rooms","__zoom":16,"__mvtId":455,"__building":"eszaki","__ringVerts":5,"id":455,"catalogFloorId":10},"geometry":{"type":"Polygon","coordinates":[[[19.062001067,47.474757806],[19.062010454,47.474789533],[19.061978268,47.474794066],[19.06196888,47.474762339],[19.062001067,47.474757806]]]}},{"type":"Feature","id":458,"properties":{"buildingId":2,"floorId":10,"roomNumber":"550","roomName":"5.550 Oktató","scope":"budapest/lagymanyos/eszaki/5/LK-5-550-01-13","roomCode":"LK-5-550-01-13","roomType":"educational","__tile":"16/36238/22923","__layer":"rooms","__zoom":16,"__mvtId":458,"__building":"eszaki","__ringVerts":5,"id":458,"catalogFloorId":10},"geometry":{"type":"Polygon","coordinates":[[[19.061896572,47.474743338],[19.06190596,47.474775065],[19.061872432,47.474779598],[19.061863044,47.474747871],[19.061896572,47.474743338]]]}},{"type":"Feature","id":73,"properties":{"buildingId":2,"floorId":10,"roomNumber":"5.86","roomName":"5.86 Szeminárium","scope":"budapest/lagymanyos/eszaki/5/LÉ-5-86-01-12","roomCode":"LÉ-5-86-01-12","roomType":"educational","__tile":"17/72476/45847","__layer":"rooms","__zoom":17,"__mvtId":73,"__building":"eszaki","__ringVerts":5,"id":73,"catalogFloorId":10},"geometry":{"type":"Polygon","coordinates":[[[19.062037315,47.474343833],[19.062050056,47.474382812],[19.061972942,47.474393237],[19.061960872,47.474354711],[19.062037315,47.474343833]]]}},{"type":"Feature","id":966,"properties":{"buildingId":2,"floorId":10,"roomNumber":"5.95","roomName":"5.95 öltöző előtér","scope":"budapest/lagymanyos/eszaki/5/LÉ-5-95-04-63","roomCode":"LÉ-5-95-04-63","roomType":"corridor","__tile":"17/72476/45847","__layer":"rooms","__zoom":17,"__mvtId":966,"__building":"eszaki","__ringVerts":6,"id":966,"catalogFloorId":10},"geometry":{"type":"Polygon","coordinates":[[[19.062054591,47.474409494],[19.062060626,47.474427171],[19.062038498,47.474430797],[19.062034474,47.474412667],[19.062045203,47.474410854],[19.062054591,47.474409494]]]}},{"type":"Feature","id":976,"properties":{"buildingId":2,"floorId":10,"roomNumber":"5.97/B","roomName":"5.97/B Öltöző hallgatói","scope":"budapest/lagymanyos/eszaki/5/LÉ-5-97-B-05-73","roomCode":"LÉ-5-97/B-05-73","roomType":"social","__tile":"17/72476/45847","__layer":"rooms","__zoom":17,"__mvtId":976,"__building":"eszaki","__ringVerts":8,"id":976,"catalogFloorId":10},"geometry":{"type":"Polygon","coordinates":[[[19.062005654,47.4744278],[19.062007666,47.474432786],[19.062013701,47.474453636],[19.061957374,47.474461341],[19.061949998,47.474437772],[19.061932564,47.474440038],[19.061931893,47.474437772],[19.062005654,47.4744278]]]}},{"type":"Feature","id":967,"properties":{"buildingId":2,"floorId":10,"roomNumber":"5.95/A","roomName":"5.95/A WC","scope":"budapest/lagymanyos/eszaki/5/LÉ-5-95-A-05-71","roomCode":"LÉ-5-95/A-05-71","roomType":"social","__tile":"17/72476/45847","__layer":"rooms","__zoom":17,"__mvtId":967,"__building":"eszaki","__ringVerts":5,"id":967,"catalogFloorId":10},"geometry":{"type":"Polygon","coordinates":[[[19.062051623,47.474426257],[19.062053635,47.474434416],[19.06203553,47.474436229],[19.062033518,47.474428977],[19.062051623,47.474426257]]]}},{"type":"Feature","id":969,"properties":{"buildingId":2,"floorId":10,"roomNumber":"5.95/C","roomName":"5.95/C Zuhanyozó","scope":"budapest/lagymanyos/eszaki/5/LÉ-5-95-C-05-71","roomCode":"LÉ-5-95/C-05-71","roomType":"social","__tile":"17/72476/45847","__layer":"rooms","__zoom":17,"__mvtId":969,"__building":"eszaki","__ringVerts":7,"id":969,"catalogFloorId":10},"geometry":{"type":"Polygon","coordinates":[[[19.06210985,47.474421708],[19.062113203,47.474429867],[19.062118567,47.474429413],[19.062123261,47.474443464],[19.062105156,47.474446184],[19.062098451,47.474423521],[19.06210985,47.474421708]]]}},{"type":"Feature","id":964,"properties":{"buildingId":2,"floorId":10,"roomNumber":"5.93","roomName":"5.93 Teakonyha","scope":"budapest/lagymanyos/eszaki/5/LÉ-5-93-05-77","roomCode":"LÉ-5-93-05-77","roomType":"social","__tile":"17/72476/45847","__layer":"rooms","__zoom":17,"__mvtId":964,"__building":"eszaki","__ringVerts":5,"id":964,"catalogFloorId":10},"geometry":{"type":"Polygon","coordinates":[[[19.062171146,47.474424946],[19.062179864,47.474450781],[19.0621517,47.474455767],[19.062142983,47.474429025],[19.062171146,47.474424946]]]}},{"type":"Feature","id":995,"properties":{"buildingId":2,"floorId":10,"roomNumber":"5-L7","roomName":"5.L7 Lépcsőház 3 karú L7","scope":"budapest/lagymanyos/eszaki/5/LÉ-5-L7-04-64","roomCode":"LÉ-5-L7-04-64","roomType":"corridor","__tile":"17/72476/45847","__layer":"rooms","__zoom":17,"__mvtId":995,"__building":"eszaki","__ringVerts":6,"id":995,"catalogFloorId":10},"geometry":{"type":"Polygon","coordinates":[[[19.062277906,47.474443607],[19.062289976,47.474482133],[19.062201463,47.474494371],[19.062189393,47.474455844],[19.062204815,47.474453578],[19.062277906,47.474443607]]]}},{"type":"Feature","id":963,"properties":{"buildingId":2,"floorId":10,"roomNumber":"5.92","roomName":"5.92 Lift előtér","scope":"budapest/lagymanyos/eszaki/5/LÉ-5-92-04-63","roomCode":"LÉ-5-92-04-63","roomType":"corridor","__tile":"17/72476/45847","__layer":"rooms","__zoom":17,"__mvtId":963,"__building":"eszaki","__ringVerts":9,"id":963,"catalogFloorId":10},"geometry":{"type":"Polygon","coordinates":[[[19.062316119,47.474444327],[19.062322154,47.474471975],[19.062297343,47.474472429],[19.062294661,47.474463817],[19.06230539,47.474462004],[19.062293991,47.474462004],[19.062289967,47.474447953],[19.06230472,47.474445687],[19.062316119,47.474444327]]]}},{"type":"Feature","id":957,"properties":{"buildingId":2,"floorId":10,"roomNumber":"5.83","roomName":"5.83 Előkészítő \"D\" labor","scope":"budapest/lagymanyos/eszaki/5/LÉ-5-83-01-14","roomCode":"LÉ-5-83-01-14","roomType":"educational","__tile":"17/72476/45847","__layer":"rooms","__zoom":17,"__mvtId":957,"__building":"eszaki","__ringVerts":5,"id":957,"catalogFloorId":10},"geometry":{"type":"Polygon","coordinates":[[[19.061990651,47.474218128],[19.062000709,47.47424487],[19.061925608,47.474256655],[19.06191689,47.474228553],[19.061990651,47.474218128]]]}},{"type":"Feature","id":978,"properties":{"buildingId":2,"floorId":10,"roomNumber":"5.98","roomName":"5.98 öltöző előtér hallgatói","scope":"budapest/lagymanyos/eszaki/5/LÉ-5-98-04-63","roomCode":"LÉ-5-98-04-63","roomType":"corridor","__tile":"17/72476/45847","__layer":"rooms","__zoom":17,"__mvtId":978,"__building":"eszaki","__ringVerts":5,"id":978,"catalogFloorId":10},"geometry":{"type":"Polygon","coordinates":[[[19.062043133,47.474444497],[19.062049168,47.474462627],[19.062028381,47.474464893],[19.062021675,47.474447216],[19.062043133,47.474444497]]]}},{"type":"Feature","id":972,"properties":{"buildingId":2,"floorId":10,"roomNumber":"5.96/B","roomName":"5.96/B Férfi Öltöző","scope":"budapest/lagymanyos/eszaki/5/LÉ-5-96-B-05-73","roomCode":"LÉ-5-96/B-05-73","roomType":"social","__tile":"17/72476/45847","__layer":"rooms","__zoom":17,"__mvtId":972,"__building":"eszaki","__ringVerts":8,"id":972,"catalogFloorId":10},"geometry":{"type":"Polygon","coordinates":[[[19.062011969,47.474393689],[19.062016663,47.474405473],[19.062020015,47.474419524],[19.061946925,47.474429949],[19.061945584,47.47442723],[19.061963018,47.474424963],[19.061956313,47.474401394],[19.062011969,47.474393689]]]}},{"type":"Feature","id":958,"properties":{"buildingId":2,"floorId":10,"roomNumber":"5.84","roomName":"5.84 Hallgatói laboratórium \"D\".","scope":"budapest/lagymanyos/eszaki/5/LÉ-5-84-01-14","roomCode":"LÉ-5-84-01-14","roomType":"educational","__tile":"17/72476/45847","__layer":"rooms","__zoom":17,"__mvtId":958,"__building":"eszaki","__ringVerts":14,"id":958,"catalogFloorId":10},"geometry":{"type":"Polygon","coordinates":[[[19.061999835,47.4742507],[19.062024646,47.474332285],[19.061949544,47.474344976],[19.061938815,47.474309622],[19.061928757,47.474310982],[19.061926745,47.474302824],[19.061925404,47.474298291],[19.061935462,47.474296931],[19.061930098,47.474279254],[19.061920039,47.474280614],[19.061916016,47.474267923],[19.061926074,47.474266563],[19.061924733,47.474261124],[19.061999835,47.4742507]]]}},{"type":"Feature","id":887,"properties":{"buildingId":2,"floorId":10,"roomNumber":"5.102","roomName":"5.102 Oktató","scope":"budapest/lagymanyos/eszaki/5/LÉ-5-102-01-13","roomCode":"LÉ-5-102-01-13","roomType":"educational","__tile":"17/72476/45847","__layer":"rooms","__zoom":17,"__mvtId":887,"__building":"eszaki","__ringVerts":8,"id":887,"catalogFloorId":10},"geometry":{"type":"Polygon","coordinates":[[[19.062001722,47.474475288],[19.062011781,47.474511095],[19.061983617,47.474515175],[19.061985629,47.474520614],[19.061972889,47.474522427],[19.061960148,47.47448118],[19.061997699,47.474475741],[19.062001722,47.474475288]]]}},{"type":"Feature","id":955,"properties":{"buildingId":2,"floorId":10,"roomNumber":"5.81","roomName":"5.81 Hallgatói laboratórium \"C\".","scope":"budapest/lagymanyos/eszaki/5/LÉ-5-81-01-14","roomCode":"LÉ-5-81-01-14","roomType":"educational","__tile":"17/72476/45847","__layer":"rooms","__zoom":17,"__mvtId":955,"__building":"eszaki","__ringVerts":13,"id":955,"catalogFloorId":10},"geometry":{"type":"Polygon","coordinates":[[[19.06203645,47.474093406],[19.062061261,47.474175898],[19.061986159,47.474186323],[19.061984147,47.474180431],[19.061974089,47.47418179],[19.061970065,47.474169099],[19.061980124,47.474167739],[19.061974089,47.474150516],[19.061964701,47.474151422],[19.061960678,47.474138731],[19.061970736,47.474137372],[19.061960678,47.474103378],[19.06203645,47.474093406]]]}},{"type":"Feature","id":968,"properties":{"buildingId":2,"floorId":10,"roomNumber":"5.95/B","roomName":"5.95/B Női Öltöző","scope":"budapest/lagymanyos/eszaki/5/LÉ-5-95-B-05-73","roomCode":"LÉ-5-95/B-05-73","roomType":"social","__tile":"17/72476/45847","__layer":"rooms","__zoom":17,"__mvtId":968,"__building":"eszaki","__ringVerts":6,"id":968,"catalogFloorId":10},"geometry":{"type":"Polygon","coordinates":[[[19.06208951,47.474413616],[19.062096216,47.474423135],[19.062099569,47.474439452],[19.062056653,47.474445344],[19.062048607,47.474419055],[19.06208951,47.474413616]]]}},{"type":"Feature","id":971,"properties":{"buildingId":2,"floorId":10,"roomNumber":"5.96/A","roomName":"5.96/A WC","scope":"budapest/lagymanyos/eszaki/5/LÉ-5-96-A-05-71","roomCode":"LÉ-5-96/A-05-71","roomType":"social","__tile":"17/72476/45847","__layer":"rooms","__zoom":17,"__mvtId":971,"__building":"eszaki","__ringVerts":6,"id":971,"catalogFloorId":10},"geometry":{"type":"Polygon","coordinates":[[[19.062027077,47.474421857],[19.062029089,47.474429562],[19.062021042,47.474431375],[19.062010984,47.474432735],[19.062008972,47.474424577],[19.062027077,47.474421857]]]}},{"type":"Feature","id":951,"properties":{"buildingId":2,"floorId":10,"roomNumber":"5.77","roomName":"5.77 Oktató","scope":"budapest/lagymanyos/eszaki/5/LÉ-5-77-01-13","roomCode":"LÉ-5-77-01-13","roomType":"educational","__tile":"17/72476/45847","__layer":"rooms","__zoom":17,"__mvtId":951,"__building":"eszaki","__ringVerts":6,"id":951,"catalogFloorId":10},"geometry":{"type":"Polygon","coordinates":[[[19.062246769,47.474105061],[19.062258169,47.474140868],[19.062217936,47.47414676],[19.062206536,47.474109593],[19.062238723,47.474105061],[19.062246769,47.474105061]]]}},{"type":"Feature","id":962,"properties":{"buildingId":2,"floorId":10,"roomNumber":"5.91","roomName":"5.91 Oktató","scope":"budapest/lagymanyos/eszaki/5/LÉ-5-91-01-13","roomCode":"LÉ-5-91-01-13","roomType":"educational","__tile":"17/72476/45847","__layer":"rooms","__zoom":17,"__mvtId":962,"__building":"eszaki","__ringVerts":5,"id":962,"catalogFloorId":10},"geometry":{"type":"Polygon","coordinates":[[[19.0622867,47.474383398],[19.06229877,47.474421924],[19.062264572,47.47442691],[19.062251832,47.47438793],[19.0622867,47.474383398]]]}},{"type":"Feature","id":950,"properties":{"buildingId":2,"floorId":10,"roomNumber":"5.76","roomName":"5.76 Oktató","scope":"budapest/lagymanyos/eszaki/5/LÉ-5-76-01-13","roomCode":"LÉ-5-76-01-13","roomType":"educational","__tile":"17/72476/45847","__layer":"rooms","__zoom":17,"__mvtId":950,"__building":"eszaki","__ringVerts":5,"id":950,"catalogFloorId":10},"geometry":{"type":"Polygon","coordinates":[[[19.062287499,47.474107488],[19.06230091,47.474144654],[19.062260677,47.474150093],[19.062250619,47.474112927],[19.062287499,47.474107488]]]}},{"type":"Feature","id":983,"properties":{"buildingId":2,"floorId":10,"roomNumber":"5/K11","roomName":"5.K11 Közlekedő (közép)","scope":"budapest/lagymanyos/eszaki/5/LÉ-5-K11-04-63","roomCode":"LÉ-5-K11-04-63","roomType":"corridor","__tile":"17/72476/45847","__layer":"rooms","__zoom":17,"__mvtId":983,"__building":"eszaki","__ringVerts":10,"id":983,"catalogFloorId":10},"geometry":{"type":"Polygon","coordinates":[[[19.062279089,47.474389715],[19.062283783,47.474405579],[19.061811714,47.474471301],[19.06180702,47.474455437],[19.062129556,47.474410565],[19.062126203,47.47440422],[19.062206669,47.474392888],[19.062210693,47.474392435],[19.062210693,47.474399234],[19.062279089,47.474389715]],[[19.062151684,47.474406486],[19.062150343,47.474406939],[19.062150343,47.474407846],[19.062151684,47.474407392],[19.062151684,47.474406486]],[[19.062161072,47.474406033],[19.062162413,47.474406033],[19.062161742,47.474405126],[19.062161072,47.474405126],[19.062161072,47.474406033]],[[19.062183871,47.474401953],[19.0621832,47.474402407],[19.0621832,47.474403313],[19.062184541,47.47440286],[19.062183871,47.474401953]]]}},{"type":"Feature","id":441,"properties":{"buildingId":2,"floorId":10,"roomNumber":"528","roomName":"5.528 Rendszergazda","scope":"budapest/lagymanyos/eszaki/5/LK-5-528-02-33","roomCode":"LK-5-528-02-33","roomType":"administrative","__tile":"16/36238/22923","__layer":"rooms","__zoom":16,"__mvtId":441,"__building":"eszaki","__ringVerts":5,"id":441,"catalogFloorId":10},"geometry":{"type":"Polygon","coordinates":[[[19.061857296,47.474644435],[19.061865343,47.474670723],[19.061798288,47.474679788],[19.061790241,47.4746535],[19.061857296,47.474644435]]]}},{"type":"Feature","id":930,"properties":{"buildingId":2,"floorId":10,"roomNumber":"5.57","roomName":"5.57 Előkészítő \"A\" labor","scope":"budapest/lagymanyos/eszaki/5/LÉ-5-57-01-14","roomCode":"LÉ-5-57-01-14","roomType":"educational","__tile":"17/72476/45847","__layer":"rooms","__zoom":17,"__mvtId":930,"__building":"eszaki","__ringVerts":5,"id":930,"catalogFloorId":10},"geometry":{"type":"Polygon","coordinates":[[[19.061870828,47.474172163],[19.061878875,47.474199358],[19.061803103,47.47420933],[19.061795056,47.474183041],[19.061870828,47.474172163]]]}},{"type":"Feature","id":255,"properties":{"buildingId":2,"floorId":10,"roomNumber":"5.55","roomName":"5.55 Szeminárium","scope":"budapest/lagymanyos/eszaki/5/LÉ-5-55-01-12","roomCode":"LÉ-5-55-01-12","roomType":"educational","__tile":"17/72476/45847","__layer":"rooms","__zoom":17,"__mvtId":255,"__building":"eszaki","__ringVerts":5,"id":255,"catalogFloorId":10},"geometry":{"type":"Polygon","coordinates":[[[19.061819392,47.474315764],[19.061836826,47.474372874],[19.061761725,47.474383299],[19.06174429,47.474326189],[19.061819392,47.474315764]]]}},{"type":"Feature","id":442,"properties":{"buildingId":2,"floorId":10,"roomNumber":"530","roomName":"5.530 Kutató labor","scope":"budapest/lagymanyos/eszaki/5/LK-5-530-01-14","roomCode":"LK-5-530-01-14","roomType":"educational","__tile":"16/36238/22923","__layer":"rooms","__zoom":16,"__mvtId":442,"__building":"eszaki","__ringVerts":5,"id":442,"catalogFloorId":10},"geometry":{"type":"Polygon","coordinates":[[[19.061875224,47.474562059],[19.061892659,47.474617355],[19.061825603,47.474627326],[19.061808169,47.474572031],[19.061875224,47.474562059]]]}},{"type":"Feature","id":886,"properties":{"buildingId":2,"floorId":10,"roomNumber":"5.100","roomName":"5.100 Teakonyha","scope":"budapest/lagymanyos/eszaki/5/LÉ-5-100-05-77","roomCode":"LÉ-5-100-05-77","roomType":"social","__tile":"17/72476/45847","__layer":"rooms","__zoom":17,"__mvtId":886,"__building":"eszaki","__ringVerts":5,"id":886,"catalogFloorId":10},"geometry":{"type":"Polygon","coordinates":[[[19.062163479,47.474452856],[19.062170855,47.474478692],[19.062142692,47.474482771],[19.062134645,47.474456029],[19.062163479,47.474452856]]]}},{"type":"Feature","id":979,"properties":{"buildingId":2,"floorId":10,"roomNumber":"5.98/A","roomName":"5.98/A WC","scope":"budapest/lagymanyos/eszaki/5/LÉ-5-98-A-05-71","roomCode":"LÉ-5-98/A-05-71","roomType":"social","__tile":"17/72476/45847","__layer":"rooms","__zoom":17,"__mvtId":979,"__building":"eszaki","__ringVerts":6,"id":979,"catalogFloorId":10},"geometry":{"type":"Polygon","coordinates":[[[19.062049541,47.47443549],[19.062051552,47.474443195],[19.062033448,47.474445915],[19.062031436,47.474438663],[19.062039483,47.47443685],[19.062049541,47.47443549]]]}},{"type":"Feature","id":984,"properties":{"buildingId":2,"floorId":10,"roomNumber":"5/K12","roomName":"5.K12 Közlekedő (Közép 2000 kg lift előútt","scope":"budapest/lagymanyos/eszaki/5/LÉ-5-K12-04-63","roomCode":"LÉ-5-K12-04-63","roomType":"corridor","__tile":"17/72476/45847","__layer":"rooms","__zoom":17,"__mvtId":984,"__building":"eszaki","__ringVerts":20,"id":984,"catalogFloorId":10},"geometry":{"type":"Polygon","coordinates":[[[19.062315711,47.474448879],[19.062321075,47.47446429],[19.062251338,47.474474261],[19.062255361,47.474480607],[19.062170871,47.474492391],[19.062170871,47.474485593],[19.061848336,47.474530465],[19.061843642,47.474514601],[19.061969035,47.474497377],[19.061967024,47.474491938],[19.061979094,47.474490125],[19.061982446,47.474495111],[19.061980435,47.474488765],[19.061993175,47.474486952],[19.061995187,47.474493298],[19.062219151,47.474462477],[19.06221714,47.474457038],[19.062227868,47.474455678],[19.06222921,47.474461117],[19.062315711,47.474448879]],[[19.062192329,47.474483326],[19.06219367,47.474483326],[19.062193,47.47448242],[19.062191659,47.47448242],[19.062192329,47.474483326]],[[19.062202387,47.474481967],[19.062203729,47.474481967],[19.062203729,47.47448106],[19.062202387,47.47448106],[19.062202387,47.474481967]],[[19.062224516,47.474478794],[19.062225857,47.474478794],[19.062225857,47.474477887],[19.062224516,47.474477887],[19.062224516,47.474478794]]]}},{"type":"Feature","id":981,"properties":{"buildingId":2,"floorId":10,"roomNumber":"5.98/C","roomName":"5.98/C Zuhanyozó","scope":"budapest/lagymanyos/eszaki/5/LÉ-5-98-C-05-71","roomCode":"LÉ-5-98/C-05-71","roomType":"social","__tile":"17/72476/45847","__layer":"rooms","__zoom":17,"__mvtId":981,"__building":"eszaki","__ringVerts":7,"id":981,"catalogFloorId":10},"geometry":{"type":"Polygon","coordinates":[[[19.062105561,47.474445208],[19.062111596,47.474459259],[19.062106232,47.474460165],[19.062108914,47.474468324],[19.062096174,47.474470137],[19.062089468,47.474447474],[19.062105561,47.474445208]]]}},{"type":"Feature","id":889,"properties":{"buildingId":2,"floorId":10,"roomNumber":"5.103","roomName":"5.103 Oktató","scope":"budapest/lagymanyos/eszaki/5/LÉ-5-103-01-13","roomCode":"LÉ-5-103-01-13","roomType":"educational","__tile":"17/72476/45847","__layer":"rooms","__zoom":17,"__mvtId":889,"__building":"eszaki","__ringVerts":9,"id":889,"catalogFloorId":10},"geometry":{"type":"Polygon","coordinates":[[[19.062087175,47.4744886],[19.062098575,47.4745303],[19.062017438,47.474541631],[19.062004027,47.474500385],[19.062043589,47.474494946],[19.06204493,47.474499025],[19.062048954,47.474498572],[19.062047613,47.474494039],[19.062087175,47.4744886]]]}},{"type":"Feature","id":952,"properties":{"buildingId":2,"floorId":10,"roomNumber":"5.78","roomName":"5.78 Oktató","scope":"budapest/lagymanyos/eszaki/5/LÉ-5-78-01-13","roomCode":"LÉ-5-78-01-13","roomType":"educational","__tile":"17/72476/45847","__layer":"rooms","__zoom":17,"__mvtId":952,"__building":"eszaki","__ringVerts":6,"id":952,"catalogFloorId":10},"geometry":{"type":"Polygon","coordinates":[[[19.062205092,47.474098291],[19.062216491,47.474135457],[19.062176258,47.474140896],[19.062165529,47.47410509],[19.062197045,47.474099651],[19.062205092,47.474098291]]]}},{"type":"Feature","id":949,"properties":{"buildingId":2,"floorId":10,"roomNumber":"5.75","roomName":"5,75","scope":"budapest/lagymanyos/eszaki/5/LÉ-5-75-01-13","roomCode":"LÉ-5-75-01-13","roomType":"educational","__tile":"17/72476/45847","__layer":"rooms","__zoom":17,"__mvtId":949,"__building":"eszaki","__ringVerts":6,"id":949,"catalogFloorId":10},"geometry":{"type":"Polygon","coordinates":[[[19.062363585,47.474116927],[19.062374984,47.474154094],[19.062293847,47.474165425],[19.062282448,47.474128258],[19.06235822,47.474117833],[19.062363585,47.474116927]]]}},{"type":"Feature","id":954,"properties":{"buildingId":2,"floorId":10,"roomNumber":"5.80","roomName":"5.80 Doktorandusz","scope":"budapest/lagymanyos/eszaki/5/LÉ-5-80-01-13","roomCode":"LÉ-5-80-01-13","roomType":"educational","__tile":"17/72476/45847","__layer":"rooms","__zoom":17,"__mvtId":954,"__building":"eszaki","__ringVerts":6,"id":954,"catalogFloorId":10},"geometry":{"type":"Polygon","coordinates":[[[19.062114951,47.474082246],[19.06212635,47.474119413],[19.062045213,47.474130744],[19.062033814,47.474093577],[19.062106904,47.474083152],[19.062114951,47.474082246]]]}},{"type":"Feature","id":938,"properties":{"buildingId":2,"floorId":10,"roomNumber":"5.64","roomName":"5.64 Titkárság","scope":"budapest/lagymanyos/eszaki/5/LÉ-5-64-02-33","roomCode":"LÉ-5-64-02-33","roomType":"administrative","__tile":"17/72476/45847","__layer":"rooms","__zoom":17,"__mvtId":938,"__building":"eszaki","__ringVerts":7,"id":938,"catalogFloorId":10},"geometry":{"type":"Polygon","coordinates":[[[19.062061277,47.474005054],[19.062078712,47.474061711],[19.06203982,47.474066696],[19.062023056,47.474015932],[19.062036467,47.474014119],[19.062035126,47.47400868],[19.062061277,47.474005054]]]}},{"type":"Feature","id":939,"properties":{"buildingId":2,"floorId":10,"roomNumber":"5.65","roomName":"5.65 Tanszékvezető","scope":"budapest/lagymanyos/eszaki/5/LÉ-5-65-02-33","roomCode":"LÉ-5-65-02-33","roomType":"administrative","__tile":"17/72476/45847","__layer":"rooms","__zoom":17,"__mvtId":939,"__building":"eszaki","__ringVerts":6,"id":939,"catalogFloorId":10},"geometry":{"type":"Polygon","coordinates":[[[19.062102968,47.474010314],[19.062119062,47.47406697],[19.06208017,47.474072409],[19.062061394,47.474016206],[19.062066088,47.4740153],[19.062102968,47.474010314]]]}},{"type":"Feature","id":943,"properties":{"buildingId":2,"floorId":10,"roomNumber":"5.69","roomName":"5.69 Oktató","scope":"budapest/lagymanyos/eszaki/5/LÉ-5-69-01-13","roomCode":"LÉ-5-69-01-13","roomType":"educational","__tile":"17/72476/45847","__layer":"rooms","__zoom":17,"__mvtId":943,"__building":"eszaki","__ringVerts":5,"id":943,"catalogFloorId":10},"geometry":{"type":"Polygon","coordinates":[[[19.062264829,47.474030251],[19.062280922,47.474086907],[19.06224203,47.474092346],[19.062223255,47.47403569],[19.062264829,47.474030251]]]}},{"type":"Feature","id":417,"properties":{"buildingId":2,"floorId":10,"roomNumber":"502","roomName":"5.502 Labor","scope":"budapest/lagymanyos/eszaki/5/LK-5-502-01-14","roomCode":"LK-5-502-01-14","roomType":"educational","__tile":"16/36238/22923","__layer":"rooms","__zoom":16,"__mvtId":417,"__building":"eszaki","__ringVerts":5,"id":417,"catalogFloorId":10},"geometry":{"type":"Polygon","coordinates":[[[19.061620316,47.474615317],[19.061636409,47.474668799],[19.061569354,47.47467877],[19.061553261,47.474625288],[19.061620316,47.474615317]]]}},{"type":"Feature","id":926,"properties":{"buildingId":2,"floorId":10,"roomNumber":"5.53","roomName":"5.53 Oktató","scope":"budapest/lagymanyos/eszaki/5/LÉ-5-53-01-13","roomCode":"LÉ-5-53-01-13","roomType":"educational","__tile":"17/72476/45847","__layer":"rooms","__zoom":17,"__mvtId":926,"__building":"eszaki","__ringVerts":5,"id":926,"catalogFloorId":10},"geometry":{"type":"Polygon","coordinates":[[[19.061784972,47.474453546],[19.061793019,47.474480742],[19.061717246,47.47449026],[19.06170987,47.474463971],[19.061784972,47.474453546]]]}},{"type":"Feature","id":1193,"properties":{"buildingId":2,"floorId":10,"roomNumber":"534","roomName":"534","scope":"budapest/lagymanyos/eszaki/5/LK-5-534-01-12","roomCode":"LK-5-534-01-12","roomType":"educational","__tile":"16/36238/22923","__layer":"rooms","__zoom":16,"__mvtId":1193,"__building":"eszaki","__ringVerts":5,"id":1193,"catalogFloorId":10},"geometry":{"type":"Polygon","coordinates":[[[19.061747174,47.474548235],[19.061772655,47.474631631],[19.061705599,47.474641603],[19.061680118,47.4745573],[19.061747174,47.474548235]]]}},{"type":"Feature","id":973,"properties":{"buildingId":2,"floorId":10,"roomNumber":"5.96/C","roomName":"5.96/C Zuhanyozó","scope":"budapest/lagymanyos/eszaki/5/LÉ-5-96-C-05-71","roomCode":"LÉ-5-96/C-05-71","roomType":"social","__tile":"17/72476/45847","__layer":"rooms","__zoom":17,"__mvtId":973,"__building":"eszaki","__ringVerts":5,"id":973,"catalogFloorId":10},"geometry":{"type":"Polygon","coordinates":[[[19.06194989,47.474398764],[19.061957936,47.474420973],[19.061942514,47.47442324],[19.061939161,47.474400124],[19.06194989,47.474398764]]]}},{"type":"Feature","id":890,"properties":{"buildingId":2,"floorId":10,"roomNumber":"5.104","roomName":"5.104 Oktató","scope":"budapest/lagymanyos/eszaki/5/LÉ-5-104-01-13","roomCode":"LÉ-5-104-01-13","roomType":"educational","__tile":"17/72476/45847","__layer":"rooms","__zoom":17,"__mvtId":890,"__building":"eszaki","__ringVerts":6,"id":890,"catalogFloorId":10},"geometry":{"type":"Polygon","coordinates":[[[19.062122522,47.474496703],[19.062127216,47.474500329],[19.062138616,47.474537495],[19.062098382,47.474542934],[19.062084971,47.474501688],[19.062122522,47.474496703]]]}},{"type":"Feature","id":892,"properties":{"buildingId":2,"floorId":10,"roomNumber":"5.106","roomName":"5,106","scope":"budapest/lagymanyos/eszaki/5/LÉ-5-106-02-33","roomCode":"LÉ-5-106-02-33","roomType":"administrative","__tile":"17/72476/45847","__layer":"rooms","__zoom":17,"__mvtId":892,"__building":"eszaki","__ringVerts":13,"id":892,"catalogFloorId":10},"geometry":{"type":"Polygon","coordinates":[[[19.062245178,47.474508624],[19.062256578,47.474544885],[19.062243167,47.474546698],[19.062241826,47.474541259],[19.062227744,47.474543072],[19.062229756,47.474548511],[19.062175441,47.474555763],[19.06216203,47.47451497],[19.062201593,47.474509078],[19.062202934,47.47451361],[19.062206957,47.474512704],[19.062205616,47.474508624],[19.062245178,47.474508624]]]}}],"meta":{"building":"eszaki","floorId":10,"polygonCount":138}}