{"type": "FeatureCollection", "features": [{"type": "Feature", "id": 36862, "properties": {"buildingId": 2, "floorId": 5, "roomNumber": "071", "roomName": "B\u00fcf\u00e9", "scope": "budapest/lagymanyos/eszaki/0/LK-0-071-05-75", "roomCode": "LK-0-071-05-75", "roomType": "social", "__tile": "17/72475/45847", "__layer": "rooms", "__zoom": 17, "__mvtId": 36862, "__building": "eszaki", "__ringVerts": 12, "id": 36862, "catalogFloorId": 5}, "geometry": {"type": "Polygon", "coordinates": [[[19.061294719576836, 47.472814708606734], [19.061300083994865, 47.47283374523166], [19.061290696263313, 47.47284326354154], [19.061305448412895, 47.47285006233326], [19.061310812830925, 47.47286909894538], [19.061283990740776, 47.47287181846084], [19.06128130853176, 47.472863659914054], [19.061262533068657, 47.47285504811329], [19.06125783920288, 47.472840090771776], [19.0612705796957, 47.47282739969079], [19.06126856803894, 47.4728192411371], [19.061294719576836, 47.472814708606734]]]}}, {"type": "Feature", "id": 36789, "properties": {"buildingId": 2, "floorId": 5, "roomNumber": "000/8", "roomName": "El\u0151csarnok", "scope": "budapest/lagymanyos/eszaki/0/LK-0-000-8-04-61", "roomCode": "LK-0-000/8-04-61", "roomType": "corridor", "__tile": "16/36237/22923", "__layer": "rooms", "__zoom": 16, "__mvtId": 36789, "__building": "eszaki", "__ringVerts": 14, "id": 36789, "catalogFloorId": 5}, "geometry": {"type": "Polygon", "coordinates": [[[19.06125247478485, 47.474111449602496], [19.061291366815567, 47.47426011272633], [19.061312824487686, 47.47431178212819], [19.061307460069656, 47.47431631452944], [19.061314165592194, 47.47431540804922], [19.061328917741776, 47.474367077396714], [19.06129941344261, 47.474356199643566], [19.061275273561478, 47.474358919082064], [19.061260521411896, 47.474376142189286], [19.061108976602554, 47.474396991206255], [19.061078131198883, 47.47428730715469], [19.061146527528763, 47.47427461642321], [19.061134457588196, 47.47422566643019], [19.06125247478485, 47.474111449602496]], [[19.06110092997551, 47.474340789489425], [19.06109556555748, 47.47434169596921], [19.06109556555748, 47.47434441540845], [19.06110092997551, 47.47434441540845], [19.06110092997551, 47.474340789489425]], [[19.061170667409897, 47.47433172469076], [19.061165302991867, 47.47433172469076], [19.061166644096375, 47.47433535061041], [19.061172008514404, 47.47433444413053], [19.061170667409897, 47.47433172469076]], [[19.061159938573837, 47.47427461642321], [19.061149209737778, 47.47427552290412], [19.061150550842285, 47.47427914882766], [19.061161279678345, 47.47427733586592], [19.061159938573837, 47.47427461642321]]]}}, {"type": "Feature", "id": 36790, "properties": {"buildingId": 2, "floorId": 5, "roomNumber": "000/9", "roomName": "Sz\u00e9lfog\u00f3", "scope": "budapest/lagymanyos/eszaki/0/LK-0-000-9-04-62", "roomCode": "LK-0-000/9-04-62", "roomType": "corridor", "__tile": "16/36237/22923", "__layer": "rooms", "__zoom": 16, "__mvtId": 36790, "__building": "eszaki", "__ringVerts": 6, "id": 36790, "catalogFloorId": 5}, "geometry": {"type": "Polygon", "coordinates": [[[19.06113311648369, 47.47423473124715], [19.061145186424255, 47.474273709942274], [19.061086177825928, 47.47428186827014], [19.06107410788536, 47.47424288958108], [19.061096906661987, 47.47423926365505], [19.06113311648369, 47.47423473124715]]]}}, {"type": "Feature", "id": 36811, "properties": {"buildingId": 2, "floorId": 5, "roomNumber": "000/10", "roomName": "L\u00e9pcs\u0151h\u00e1z", "scope": "budapest/lagymanyos/eszaki/0/LK-0-000-10-04-64", "roomCode": "LK-0-000/10-04-64", "roomType": "corridor", "__tile": "16/36237/22923", "__layer": "rooms", "__zoom": 16, "__mvtId": 36811, "__building": "eszaki", "__ringVerts": 5, "id": 36811, "catalogFloorId": 5}, "geometry": {"type": "Polygon", "coordinates": [[[19.06124845147133, 47.47437886162675], [19.061265885829926, 47.47443687625915], [19.061209559440613, 47.47444503456169], [19.06119078397751, 47.4743870199383], [19.06124845147133, 47.47437886162675]]]}}, {"type": "Feature", "id": 36854, "properties": {"buildingId": 2, "floorId": 5, "roomNumber": "000/12", "roomName": "Folyos\u00f3", "scope": "budapest/lagymanyos/eszaki/0/LK-0-000-12-04-63", "roomCode": "LK-0-000/12-04-63", "roomType": "corridor", "__tile": "17/72475/45847", "__layer": "rooms", "__zoom": 17, "__mvtId": 36854, "__building": "eszaki", "__ringVerts": 10, "id": 36854, "catalogFloorId": 5}, "geometry": {"type": "Polygon", "coordinates": [[[19.061227664351463, 47.472938899797505], [19.061136469244957, 47.47263386032597], [19.061210229992867, 47.47263386032597], [19.06126856803894, 47.47282739969079], [19.06125582754612, 47.47283963751894], [19.061260521411896, 47.472855501366], [19.061279296875, 47.47286411316668], [19.061298742890358, 47.47292756849664], [19.061296731233597, 47.47293028800907], [19.061227664351463, 47.472938899797505]], [[19.061218947172165, 47.47288088351133], [19.06121291220188, 47.47288133676382], [19.06121425330639, 47.47288496278355], [19.06121961772442, 47.4728845095311], [19.061218947172165, 47.47288088351133]], [[19.061202183365822, 47.47282468017304], [19.061196818947792, 47.47282558667897], [19.0611981600523, 47.47282875944961], [19.06120352447033, 47.472828306196675], [19.061202183365822, 47.47282468017304]], [[19.06118407845497, 47.472764850746856], [19.06117871403694, 47.47276530400034], [19.061180725693703, 47.47277255605557], [19.061186090111732, 47.47277210280214], [19.06118407845497, 47.472764850746856]], [[19.061167985200882, 47.47270864728446], [19.0611619502306, 47.4727095537924], [19.061163291335106, 47.472712726570045], [19.061168655753136, 47.47271227331611], [19.061167985200882, 47.47270864728446]], [[19.061150550842285, 47.47265244376195], [19.061145186424255, 47.47265289701641], [19.061146527528763, 47.4726565230519], [19.061151891946793, 47.47265606979748], [19.061150550842285, 47.47265244376195]]]}}, {"type": "Feature", "id": 36856, "properties": {"buildingId": 2, "floorId": 5, "roomNumber": "063", "roomName": "Bruckner terem", "scope": "budapest/lagymanyos/eszaki/0/LK-0-063-01-11", "roomCode": "LK-0-063-01-11", "roomType": "educational", "__tile": "17/72475/45847", "__layer": "rooms", "__zoom": 17, "__mvtId": 36856, "__building": "eszaki", "__ringVerts": 5, "id": 36856, "catalogFloorId": 5}, "geometry": {"type": "Polygon", "coordinates": [[[19.06132221221924, 47.4727517063941], [19.06132221221924, 47.472837824507536], [19.06128130853176, 47.47284326354154], [19.061257168650627, 47.47276077146532], [19.06132221221924, 47.4727517063941]]]}}, {"type": "Feature", "id": 36810, "properties": {"buildingId": 2, "floorId": 5, "roomNumber": "067A", "roomName": "N\u0151i WC", "scope": "budapest/lagymanyos/eszaki/0/LK-0-067A-05-71", "roomCode": "LK-0-067A-05-71", "roomType": "social", "__tile": "16/36237/22923", "__layer": "rooms", "__zoom": 16, "__mvtId": 36810, "__building": "eszaki", "__ringVerts": 5, "id": 36810, "catalogFloorId": 5}, "geometry": {"type": "Polygon", "coordinates": [[[19.06129941344261, 47.474376142189286], [19.06130611896515, 47.474397897685066], [19.06125918030739, 47.474404243036304], [19.06125381588936, 47.474382487543146], [19.06129941344261, 47.474376142189286]]]}}, {"type": "Feature", "id": 36849, "properties": {"buildingId": 2, "floorId": 5, "roomNumber": "F-K.19", "roomName": "K\u00f6zleked\u0151t\u00e9r", "scope": "budapest/lagymanyos/eszaki/0/L\u00c9-0-K19-04-61", "roomCode": "L\u00c9-0-K19-04-61", "roomType": "corridor", "__tile": "17/72475/45847", "__layer": "rooms", "__zoom": 17, "__mvtId": 36849, "__building": "eszaki", "__ringVerts": 16, "id": 36849, "catalogFloorId": 5}, "geometry": {"type": "Polygon", "coordinates": [[[19.06129941344261, 47.47293028800907], [19.061314165592194, 47.472982411970094], [19.061310812830925, 47.4729828652217], [19.06132221221924, 47.47302093834284], [19.06132221221924, 47.47319408004577], [19.06114049255848, 47.47298603798284], [19.06115658581257, 47.47297606644717], [19.06114988029003, 47.472972440433715], [19.06115859746933, 47.47295340385904], [19.06116731464863, 47.47295340385904], [19.061167985200882, 47.472948418088336], [19.061225652694702, 47.47294071280542], [19.06122900545597, 47.47294343231716], [19.061239063739777, 47.4729420725613], [19.061241075396538, 47.47293799329352], [19.06129941344261, 47.47293028800907]], [[19.061283320188522, 47.47310478976235], [19.061279967427254, 47.47310796251614], [19.06128466129303, 47.47310977551822], [19.061287343502045, 47.47310660276453], [19.061283320188522, 47.47310478976235]], [[19.06126655638218, 47.47304903991455], [19.061263874173164, 47.47305175942069], [19.061267897486687, 47.47305357242471], [19.0612705796957, 47.47305085291867], [19.06126655638218, 47.47304903991455]], [[19.061249792575836, 47.472992836756085], [19.06124711036682, 47.47299555626515], [19.061251133680344, 47.4729973692711], [19.06125381588936, 47.47299464976214], [19.061249792575836, 47.472992836756085]]]}}, {"type": "Feature", "id": 36857, "properties": {"buildingId": 2, "floorId": 5, "roomNumber": "065", "roomName": "Than K\u00e1roly terem", "scope": "budapest/lagymanyos/eszaki/0/LK-0-065-01-11", "roomCode": "LK-0-065-01-11", "roomType": "educational", "__tile": "17/72475/45847", "__layer": "rooms", "__zoom": 17, "__mvtId": 36857, "__building": "eszaki", "__ringVerts": 5, "id": 36857, "catalogFloorId": 5}, "geometry": {"type": "Polygon", "coordinates": [[[19.061239063739777, 47.472699128950204], [19.06121961772442, 47.47263386032597], [19.06132221221924, 47.47263386032597], [19.06132221221924, 47.47268689108933], [19.061239063739777, 47.472699128950204]]]}}, {"type": "Feature", "id": 36807, "properties": {"buildingId": 2, "floorId": 5, "roomNumber": "066/A", "roomName": "F\u00e9rfi WC", "scope": "budapest/lagymanyos/eszaki/0/LK-0-066-A-05-71", "roomCode": "LK-0-066/A-05-71", "roomType": "social", "__tile": "16/36237/22923", "__layer": "rooms", "__zoom": 16, "__mvtId": 36807, "__building": "eszaki", "__ringVerts": 5, "id": 36807, "catalogFloorId": 5}, "geometry": {"type": "Polygon", "coordinates": [[[19.061314165592194, 47.474405149514986], [19.06132087111473, 47.47442781147706], [19.06126856803894, 47.47443687625915], [19.061261862516403, 47.47441240134392], [19.061314165592194, 47.474405149514986]]]}}, {"type": "Feature", "id": 36678, "properties": {"buildingId": 2, "floorId": 5, "roomNumber": "F.68/B", "roomName": "El\u0151t\u00e9r", "scope": "budapest/lagymanyos/eszaki/0/L\u00c9-0-098-A-04-62", "roomCode": "L\u00c9-0-098/A-04-62", "roomType": "corridor", "__tile": "17/72476/45847", "__layer": "rooms", "__zoom": 17, "__mvtId": 36678, "__building": "eszaki", "__ringVerts": 5, "id": 36678, "catalogFloorId": 5}, "geometry": {"type": "Polygon", "coordinates": [[[19.061897546052933, 47.47306263744386], [19.061900228261948, 47.473073515464776], [19.061881452798843, 47.47307578171885], [19.061878100037575, 47.47306535694929], [19.061897546052933, 47.47306263744386]]]}}, {"type": "Feature", "id": 36814, "properties": {"buildingId": 2, "floorId": 5, "roomNumber": "F.K.8", "roomName": "Folyos\u00f3", "scope": "budapest/lagymanyos/eszaki/0/L\u00c9-0-K8-A-04-63", "roomCode": "L\u00c9-0-K8/A-04-63", "roomType": "corridor", "__tile": "17/72476/45847", "__layer": "rooms", "__zoom": 17, "__mvtId": 36814, "__building": "eszaki", "__ringVerts": 5, "id": 36814, "catalogFloorId": 5}, "geometry": {"type": "Polygon", "coordinates": [[[19.06204640865326, 47.473103430010674], [19.06205043196678, 47.4731192937781], [19.061962589621544, 47.47313062503761], [19.061957895755768, 47.47311521452407], [19.06204640865326, 47.473103430010674]]]}}, {"type": "Feature", "id": 36847, "properties": {"buildingId": 2, "floorId": 5, "roomNumber": "F.64-66 B2 (0.100A)", "roomName": "0.100A El\u0151ad\u00f3", "scope": "budapest/lagymanyos/eszaki/0/L\u00c9-0-100A-01-11", "roomCode": "L\u00c9-0-100A-01-11", "roomType": "educational", "__tile": "17/72476/45847", "__layer": "rooms", "__zoom": 17, "__mvtId": 36847, "__building": "eszaki", "__ringVerts": 7, "id": 36847, "catalogFloorId": 5}, "geometry": {"type": "Polygon", "coordinates": [[[19.062044396996498, 47.473121106779786], [19.062045738101006, 47.47312427953259], [19.062051102519035, 47.47312337303181], [19.062083289027214, 47.47323260626334], [19.061997458338737, 47.47324439074777], [19.061964601278305, 47.47313379778984], [19.062044396996498, 47.473121106779786]], [[19.061984047293663, 47.4731850150493], [19.061981365084648, 47.473188187798236], [19.061986058950424, 47.47319045404736], [19.06198874115944, 47.47318728129856], [19.061984047293663, 47.4731850150493]]]}}, {"type": "Feature", "id": 36756, "properties": {"buildingId": 2, "floorId": 5, "roomNumber": "023", "roomName": "Oktat\u00f3i szoba", "scope": "budapest/lagymanyos/eszaki/0/LK-0-023A-01-13", "roomCode": "LK-0-023A-01-13", "roomType": "educational", "__tile": "16/36238/22923", "__layer": "rooms", "__zoom": 16, "__mvtId": 36756, "__building": "eszaki", "__ringVerts": 5, "id": 36756, "catalogFloorId": 5}, "geometry": {"type": "Polygon", "coordinates": [[[19.061645418405533, 47.47403258545754], [19.061661511659622, 47.47408606805153], [19.06163066625595, 47.47409060047224], [19.06161457300186, 47.47403621139784], [19.061645418405533, 47.47403258545754]]]}}, {"type": "Feature", "id": 36764, "properties": {"buildingId": 2, "floorId": 5, "roomNumber": "018", "roomName": "Kutat\u00f3 labor", "scope": "budapest/lagymanyos/eszaki/0/LK-0-018-01-14", "roomCode": "LK-0-018-01-14", "roomType": "educational", "__tile": "16/36238/22923", "__layer": "rooms", "__zoom": 16, "__mvtId": 36764, "__building": "eszaki", "__ringVerts": 5, "id": 36764, "catalogFloorId": 5}, "geometry": {"type": "Polygon", "coordinates": [[[19.061595797538757, 47.47386397895753], [19.061603844165802, 47.47389026710334], [19.061535447835922, 47.473899331978174], [19.061527401208878, 47.47387304383689], [19.061595797538757, 47.47386397895753]]]}}, {"type": "Feature", "id": 36757, "properties": {"buildingId": 2, "floorId": 5, "roomNumber": "022", "roomName": "Hallgat\u00f3i labor", "scope": "budapest/lagymanyos/eszaki/0/LK-0-022-01-14", "roomCode": "LK-0-022-01-14", "roomType": "educational", "__tile": "16/36238/22923", "__layer": "rooms", "__zoom": 16, "__mvtId": 36757, "__building": "eszaki", "__ringVerts": 5, "id": 36757, "catalogFloorId": 5}, "geometry": {"type": "Polygon", "coordinates": [[[19.061629325151443, 47.47397638335098], [19.061645418405533, 47.47402986600216], [19.06157836318016, 47.474039837337884], [19.061560928821564, 47.47398454172502], [19.061629325151443, 47.47397638335098]]]}}, {"type": "Feature", "id": 36761, "properties": {"buildingId": 2, "floorId": 5, "roomNumber": "020/A", "roomName": "F\u00e9rfi \u00f6lt\u00f6z\u0151 el\u0151t\u00e9r", "scope": "budapest/lagymanyos/eszaki/0/LK-0-020A-05-71", "roomCode": "LK-0-020A-05-71", "roomType": "social", "__tile": "16/36238/22923", "__layer": "rooms", "__zoom": 16, "__mvtId": 36761, "__building": "eszaki", "__ringVerts": 5, "id": 36761, "catalogFloorId": 5}, "geometry": {"type": "Polygon", "coordinates": [[[19.061564952135086, 47.47393468497501], [19.061570316553116, 47.47395281470776], [19.06155288219452, 47.47395462768069], [19.06154751777649, 47.47393649794857], [19.061564952135086, 47.47393468497501]]]}}, {"type": "Feature", "id": 36762, "properties": {"buildingId": 2, "floorId": 5, "roomNumber": "019", "roomName": "N\u0151i \u00f6lt\u00f6z\u0151 el\u0151t\u00e9r", "scope": "budapest/lagymanyos/eszaki/0/LK-0-019A-05-73", "roomCode": "LK-0-019A-05-73", "roomType": "social", "__tile": "16/36238/22923", "__layer": "rooms", "__zoom": 16, "__mvtId": 36762, "__building": "eszaki", "__ringVerts": 5, "id": 36762, "catalogFloorId": 5}, "geometry": {"type": "Polygon", "coordinates": [[[19.061554223299026, 47.47389842549075], [19.061559587717056, 47.47391655523601], [19.06154215335846, 47.47391836821019], [19.06153678894043, 47.47390114495295], [19.061554223299026, 47.47389842549075]]]}}, {"type": "Feature", "id": 36752, "properties": {"buildingId": 2, "floorId": 5, "roomNumber": "027", "roomName": "Termoanalitikai labor", "scope": "budapest/lagymanyos/eszaki/0/LK-0-027-01-14", "roomCode": "LK-0-027-01-14", "roomType": "educational", "__tile": "16/36238/22923", "__layer": "rooms", "__zoom": 16, "__mvtId": 36752, "__building": "eszaki", "__ringVerts": 5, "id": 36752, "catalogFloorId": 5}, "geometry": {"type": "Polygon", "coordinates": [[[19.06168833374977, 47.47417580990896], [19.061696380376816, 47.47420300438094], [19.061629325151443, 47.47421206920182], [19.0616212785244, 47.47418487473451], [19.06168833374977, 47.47417580990896]]]}}, {"type": "Feature", "id": 36754, "properties": {"buildingId": 2, "floorId": 5, "roomNumber": "025", "roomName": "T\u00f6megspektroszk\u00f3p laborat\u00f3rium", "scope": "budapest/lagymanyos/eszaki/0/LK-0-025-01-14", "roomCode": "LK-0-025-01-14", "roomType": "educational", "__tile": "16/36238/22923", "__layer": "rooms", "__zoom": 16, "__mvtId": 36754, "__building": "eszaki", "__ringVerts": 5, "id": 36754, "catalogFloorId": 5}, "geometry": {"type": "Polygon", "coordinates": [[[19.061664193868637, 47.47409241344042], [19.061680287122726, 47.4741458959735], [19.061611890792847, 47.47415586728721], [19.061597138643265, 47.47410147828036], [19.061664193868637, 47.47409241344042]]]}}, {"type": "Feature", "id": 36779, "properties": {"buildingId": 2, "floorId": 5, "roomNumber": "000/3/a", "roomName": "Folyos\u00f3", "scope": "budapest/lagymanyos/eszaki/0/LK-0-000-3-a-04-63", "roomCode": "LK-0-000/3/a-04-63", "roomType": "corridor", "__tile": "16/36238/22923", "__layer": "rooms", "__zoom": 16, "__mvtId": 36779, "__building": "eszaki", "__ringVerts": 50, "id": 36779, "catalogFloorId": 5}, "geometry": {"type": "MultiPolygon", "coordinates": [[[[19.06152069568634, 47.47402714654663], [19.061532765626907, 47.47402624006143], [19.061527401208878, 47.47400901683953], [19.06151533126831, 47.474010829810524], [19.061512649059296, 47.47399995198363], [19.061524718999863, 47.47399813901227], [19.061519354581833, 47.473980009295154], [19.061507284641266, 47.47398182226715], [19.061503261327744, 47.47397094443426], [19.06151533126831, 47.47397003794808], [19.06150996685028, 47.47395281470776], [19.06149923801422, 47.47395462768069], [19.0614952147007, 47.47394374984217], [19.061507284641266, 47.47394193686886], [19.061503261327744, 47.47392743308016], [19.061528742313385, 47.47392380713236], [19.061532765626907, 47.47393831092206], [19.061544835567474, 47.473937404435326], [19.061548858880997, 47.47394828227516], [19.06153678894043, 47.473949188761715], [19.06154215335846, 47.473966412003215], [19.06155288219452, 47.473964599030694], [19.06155690550804, 47.47397547686491], [19.061544835567474, 47.47397728983705], [19.061550199985504, 47.47399451306934], [19.06156226992607, 47.47399360658357], [19.061564952135086, 47.47400357792618], [19.06155288219452, 47.47400539089736], [19.06155824661255, 47.47402261412045], [19.061570316553116, 47.474020801149855], [19.06157299876213, 47.47403167897243], [19.06156226992607, 47.47403258545754], [19.061581045389175, 47.47409875882854], [19.061555564403534, 47.474102384764265], [19.06155288219452, 47.47409241344042], [19.061540812253952, 47.47409422640853], [19.06153678894043, 47.47408425508313], [19.061548858880997, 47.47408244211467], [19.061543494462967, 47.47406521891119], [19.061532765626907, 47.474067031880246], [19.061528742313385, 47.474056154064996], [19.061540812253952, 47.47405434109557], [19.061535447835922, 47.47403711788288], [19.061523377895355, 47.47403802436789], [19.06152069568634, 47.47402714654663]]], [[[19.06152069568634, 47.47402714654663], [19.06151533126831, 47.474011736296], [19.06152606010437, 47.474010829810524], [19.061530083417892, 47.47402533357621], [19.06152069568634, 47.47402714654663]]]]}}, {"type": "Feature", "id": 36784, "properties": {"buildingId": 2, "floorId": 5, "roomNumber": "000/2", "roomName": "Folyos\u00f3", "scope": "budapest/lagymanyos/eszaki/0/LK-0-000-2-04-63", "roomCode": "LK-0-000/2-04-63", "roomType": "corridor", "__tile": "16/36238/22923", "__layer": "rooms", "__zoom": 16, "__mvtId": 36784, "__building": "eszaki", "__ringVerts": 45, "id": 36784, "catalogFloorId": 5}, "geometry": {"type": "Polygon", "coordinates": [[[19.061581045389175, 47.4740996653125], [19.061585068702698, 47.474111449602496], [19.061597138643265, 47.47410963663498], [19.06159982085228, 47.474120514439164], [19.061587750911713, 47.47412142092274], [19.061593115329742, 47.474138644107796], [19.06160518527031, 47.474136831141216], [19.061607867479324, 47.474147708939775], [19.061595797538757, 47.47414861542288], [19.061601161956787, 47.47416765156461], [19.061613231897354, 47.474165838599035], [19.06161591410637, 47.47417671639158], [19.06160518527031, 47.47417762287419], [19.06161054968834, 47.474194846040824], [19.0616212785244, 47.474193033076176], [19.061623960733414, 47.4742039108631], [19.061613231897354, 47.47420481734524], [19.061633348464966, 47.47427280346131], [19.061607867479324, 47.474276429385036], [19.061603844165802, 47.47426555161312], [19.061591774225235, 47.474266458094206], [19.06158909201622, 47.47425648680148], [19.061601161956787, 47.47425467383896], [19.061595797538757, 47.47423745069194], [19.06158372759819, 47.47423926365505], [19.061581045389175, 47.47422838587545], [19.061593115329742, 47.47422747939371], [19.061587750911713, 47.47420844327365], [19.061575680971146, 47.47421025623777], [19.061571657657623, 47.47420028493438], [19.06158372759819, 47.47419847196993], [19.06157836318016, 47.47418124880447], [19.0615676343441, 47.47418306176953], [19.06156361103058, 47.47417309046098], [19.061575680971146, 47.474171277495586], [19.061570316553116, 47.47415314783821], [19.06155824661255, 47.474154054321225], [19.061555564403534, 47.474144083007175], [19.0615676343441, 47.47414227004078], [19.06156226992607, 47.47412504685691], [19.061550199985504, 47.4741268598239], [19.06154751777649, 47.47411688850469], [19.061559587717056, 47.47411507553735], [19.061555564403534, 47.47410329124816], [19.061581045389175, 47.4740996653125]]]}}, {"type": "Feature", "id": 36767, "properties": {"buildingId": 2, "floorId": 5, "roomNumber": "016", "roomName": "El\u0151k\u00e9sz\u00edt\u0151", "scope": "budapest/lagymanyos/eszaki/0/LK-0-016-01-15", "roomCode": "LK-0-016-01-15", "roomType": "educational", "__tile": "16/36238/22923", "__layer": "rooms", "__zoom": 16, "__mvtId": 36767, "__building": "eszaki", "__ringVerts": 5, "id": 36767, "catalogFloorId": 5}, "geometry": {"type": "Polygon", "coordinates": [[[19.06157836318016, 47.47380777667065], [19.061586409807205, 47.473834064844574], [19.061519354581833, 47.47384312972908], [19.061511307954788, 47.47381684155969], [19.06157836318016, 47.47380777667065]]]}}, {"type": "Feature", "id": 36743, "properties": {"buildingId": 2, "floorId": 5, "roomNumber": "047", "roomName": "El\u0151t\u00e9r", "scope": "budapest/lagymanyos/eszaki/0/LK-0-047-04-62", "roomCode": "LK-0-047-04-62", "roomType": "corridor", "__tile": "16/36238/22923", "__layer": "rooms", "__zoom": 16, "__mvtId": 36743, "__building": "eszaki", "__ringVerts": 5, "id": 36743, "catalogFloorId": 5}, "geometry": {"type": "Polygon", "coordinates": [[[19.062089323997498, 47.474151334872126], [19.062105417251587, 47.47420481734524], [19.062065184116364, 47.47421206920182], [19.062047749757767, 47.474154054321225], [19.062089323997498, 47.474151334872126]]]}}, {"type": "Feature", "id": 36876, "properties": {"buildingId": 2, "floorId": 5, "roomNumber": "050A", "roomName": "Mosd\u00f3", "scope": "budapest/lagymanyos/eszaki/0/LK-0-050A-05-71", "roomCode": "LK-0-050A-05-71", "roomType": "social", "__tile": "16/36238/22923", "__layer": "rooms", "__zoom": 16, "__mvtId": 36876, "__building": "eszaki", "__ringVerts": 5, "id": 36876, "catalogFloorId": 5}, "geometry": {"type": "Polygon", "coordinates": [[[19.061858654022217, 47.47425648680148], [19.06186133623123, 47.474266458094206], [19.06184121966362, 47.474269177537344], [19.061838537454605, 47.47425920624514], [19.061858654022217, 47.47425648680148]]]}}, {"type": "Feature", "id": 36745, "properties": {"buildingId": 2, "floorId": 5, "roomNumber": "043", "roomName": "G\u00e9p\u00e9szet el\u0151t\u00e9r", "scope": "budapest/lagymanyos/eszaki/0/LK-0-043-04-62", "roomCode": "LK-0-043-04-62", "roomType": "corridor", "__tile": "16/36238/22923", "__layer": "rooms", "__zoom": 16, "__mvtId": 36745, "__building": "eszaki", "__ringVerts": 7, "id": 36745, "catalogFloorId": 5}, "geometry": {"type": "Polygon", "coordinates": [[[19.061869382858276, 47.474178529356784], [19.061886817216873, 47.47423654421036], [19.061869382858276, 47.47423926365505], [19.061855971813202, 47.47419122011148], [19.061845242977142, 47.474193033076176], [19.06184121966362, 47.47418306176953], [19.061869382858276, 47.474178529356784]]]}}, {"type": "Feature", "id": 36749, "properties": {"buildingId": 2, "floorId": 5, "roomNumber": "000/6", "roomName": "Folyos\u00f3", "scope": "budapest/lagymanyos/eszaki/0/LK-0-000-6-04-63", "roomCode": "LK-0-000/6-04-63", "roomType": "corridor", "__tile": "16/36238/22923", "__layer": "rooms", "__zoom": 16, "__mvtId": 36749, "__building": "eszaki", "__ringVerts": 5, "id": 36749, "catalogFloorId": 5}, "geometry": {"type": "Polygon", "coordinates": [[[19.06179428100586, 47.47425104791374], [19.06179830431938, 47.474263738650926], [19.0617473423481, 47.47427008401836], [19.061743319034576, 47.47425739328271], [19.06179428100586, 47.47425104791374]]]}}, {"type": "Feature", "id": 36750, "properties": {"buildingId": 2, "floorId": 5, "roomNumber": "041", "roomName": "Tervt\u00e1r-t\u00e1rgyal\u00f3", "scope": "budapest/lagymanyos/eszaki/0/LK-0-041-01-17", "roomCode": "LK-0-041-01-17", "roomType": "educational", "__tile": "16/36238/22923", "__layer": "rooms", "__zoom": 16, "__mvtId": 36750, "__building": "eszaki", "__ringVerts": 5, "id": 36750, "catalogFloorId": 5}, "geometry": {"type": "Polygon", "coordinates": [[[19.06179830431938, 47.4741885006643], [19.06181573867798, 47.47424651550686], [19.06175673007965, 47.47425467383896], [19.061739295721054, 47.47419575252312], [19.06179830431938, 47.4741885006643]]]}}, {"type": "Feature", "id": 36826, "properties": {"buildingId": 2, "floorId": 5, "roomNumber": "F.61 M1", "roomName": "Teakonyha", "scope": "budapest/lagymanyos/eszaki/0/L\u00c9-0-104-05-77", "roomCode": "L\u00c9-0-104-05-77", "roomType": "social", "__tile": "17/72476/45847", "__layer": "rooms", "__zoom": 17, "__mvtId": 36826, "__building": "eszaki", "__ringVerts": 9, "id": 36826, "catalogFloorId": 5}, "geometry": {"type": "Polygon", "coordinates": [[[19.061990082263947, 47.47295431036275], [19.06200684607029, 47.47300870055691], [19.061941131949425, 47.47301776558379], [19.061930403113365, 47.472981958718485], [19.06192034482956, 47.472983318473304], [19.061916321516037, 47.47297062742691], [19.061926379799843, 47.47296926767176], [19.06192436814308, 47.47296337539902], [19.061990082263947, 47.47295431036275]]]}}, {"type": "Feature", "id": 36660, "properties": {"buildingId": 2, "floorId": 5, "roomNumber": "F.68/C", "roomName": "Zuhanyz\u00f3", "scope": "budapest/lagymanyos/eszaki/0/L\u00c9-0-098-C-05-72", "roomCode": "L\u00c9-0-098/C-05-72", "roomType": "social", "__tile": "17/72476/45847", "__layer": "rooms", "__zoom": 17, "__mvtId": 36660, "__building": "eszaki", "__ringVerts": 5, "id": 36660, "catalogFloorId": 5}, "geometry": {"type": "Polygon", "coordinates": [[[19.061892181634903, 47.473046320408265], [19.06189687550068, 47.47306173094202], [19.061878100037575, 47.473064450447495], [19.0618734061718, 47.47304903991455], [19.061892181634903, 47.473046320408265]]]}}, {"type": "Feature", "id": 36823, "properties": {"buildingId": 2, "floorId": 5, "roomNumber": "F.63 M1 - (0.106)", "roomName": "Akad\u00e1lymentes WC", "scope": "budapest/lagymanyos/eszaki/0/L\u00c9-0-106-05-71", "roomCode": "L\u00c9-0-106-05-71", "roomType": "social", "__tile": "17/72476/45847", "__layer": "rooms", "__zoom": 17, "__mvtId": 36823, "__building": "eszaki", "__ringVerts": 5, "id": 36823, "catalogFloorId": 5}, "geometry": {"type": "Polygon", "coordinates": [[[19.06192436814308, 47.47284779606945], [19.06192973256111, 47.47286547292455], [19.06189687550068, 47.47286955219796], [19.06189151108265, 47.47285232859697], [19.06192436814308, 47.47284779606945]]]}}, {"type": "Feature", "id": 36769, "properties": {"buildingId": 2, "floorId": 5, "roomNumber": "F.70 - (0.97)", "roomName": "Iroda", "scope": "budapest/lagymanyos/eszaki/0/L\u00c9-0-097-02-33", "roomCode": "L\u00c9-0-097-02-33", "roomType": "administrative", "__tile": "17/72476/45847", "__layer": "rooms", "__zoom": 17, "__mvtId": 36769, "__building": "eszaki", "__ringVerts": 5, "id": 36769, "catalogFloorId": 5}, "geometry": {"type": "Polygon", "coordinates": [[[19.061878100037575, 47.47299872902553], [19.06188614666462, 47.47302592410665], [19.061817079782486, 47.473034989130575], [19.06180903315544, 47.47300779405413], [19.061878100037575, 47.47299872902553]]]}}, {"type": "Feature", "id": 36670, "properties": {"buildingId": 2, "floorId": 5, "roomNumber": "F.74 M1 - (0.94)", "roomName": "Iroda", "scope": "budapest/lagymanyos/eszaki/0/L\u00c9-0-094-02-33", "roomCode": "L\u00c9-0-094-02-33", "roomType": "administrative", "__tile": "17/72476/45847", "__layer": "rooms", "__zoom": 17, "__mvtId": 36670, "__building": "eszaki", "__ringVerts": 5, "id": 36670, "catalogFloorId": 5}, "geometry": {"type": "Polygon", "coordinates": [[[19.06184457242489, 47.47288632254089], [19.061852619051933, 47.47291351768019], [19.0617835521698, 47.47292258272349], [19.061775505542755, 47.47289584084124], [19.06184457242489, 47.47288632254089]]]}}, {"type": "Feature", "id": 36650, "properties": {"buildingId": 2, "floorId": 5, "roomNumber": "F.K.8", "roomName": "Folyos\u00f3", "scope": "budapest/lagymanyos/eszaki/0/L\u00c9-0-K8-04-63", "roomCode": "L\u00c9-0-K8-04-63", "roomType": "corridor", "__tile": "17/72476/45847", "__layer": "rooms", "__zoom": 17, "__mvtId": 36650, "__building": "eszaki", "__ringVerts": 62, "id": 36650, "catalogFloorId": 5}, "geometry": {"type": "Polygon", "coordinates": [[[19.06193107366562, 47.47313515754074], [19.061921015381813, 47.4731007105072], [19.061910957098007, 47.47310207025895], [19.061906933784485, 47.473088472739846], [19.06191699206829, 47.47308711298774], [19.061912298202515, 47.47307170246144], [19.06190223991871, 47.47307306221395], [19.06189888715744, 47.47306263744386], [19.061908945441246, 47.47306127769108], [19.06189553439617, 47.47301549932722], [19.061885476112366, 47.47301685908118], [19.061882123351097, 47.47300643429994], [19.061892181634903, 47.47300507454571], [19.061886817216873, 47.47298739773756], [19.061876758933067, 47.47298875749225], [19.0618734061718, 47.47297833270544], [19.06188413500786, 47.47297697295049], [19.06187005341053, 47.47293119451318], [19.061859995126724, 47.47293255426933], [19.061856642365456, 47.472922129471364], [19.061867371201515, 47.47292076971495], [19.061862006783485, 47.47290309287845], [19.06185194849968, 47.47290445263531], [19.06184859573841, 47.47289402783178], [19.061858654022217, 47.47289266807465], [19.061853289604187, 47.472875444481225], [19.06184323132038, 47.47287680423881], [19.061839878559113, 47.47286592617718], [19.06188078224659, 47.472858674134834], [19.061881452798843, 47.47286094039818], [19.06189151108265, 47.472859127387515], [19.061894863843918, 47.472870005450545], [19.061884805560112, 47.47287136520828], [19.06189888715744, 47.47291714369769], [19.061908945441246, 47.472915783941154], [19.06191162765026, 47.47292666199247], [19.061901569366455, 47.47292802174873], [19.061923697590828, 47.47300054203137], [19.061933755874634, 47.47299918227699], [19.06193643808365, 47.47301006031105], [19.061927050352097, 47.47301142006514], [19.061931744217873, 47.473026830609115], [19.061941131949425, 47.47302547085542], [19.061945155262947, 47.47303725538631], [19.06193509697914, 47.4730386151397], [19.06194917857647, 47.4730857532356], [19.06195655465126, 47.47308484673416], [19.061961248517036, 47.47309935075541], [19.06195320188999, 47.473100257256604], [19.061962589621544, 47.47313062503761], [19.061957895755768, 47.47313153153827], [19.06196191906929, 47.473131984788594], [19.061973318457603, 47.4731686980517], [19.061942473053932, 47.47317277730158], [19.061937108635902, 47.473155553799955], [19.061926379799843, 47.47315691355029], [19.06192235648632, 47.47314467579603], [19.061933755874634, 47.47314331604538], [19.061931744217873, 47.47313606404131], [19.061935767531395, 47.47313561079103], [19.061935767531395, 47.47313425104015], [19.06193107366562, 47.47313515754074]]]}}, {"type": "Feature", "id": 36668, "properties": {"buildingId": 2, "floorId": 5, "roomNumber": "F.72 M1 - (0.95)", "roomName": "Iroda", "scope": "budapest/lagymanyos/eszaki/0/L\u00c9-0-095-02-33", "roomCode": "L\u00c9-0-095-02-33", "roomType": "administrative", "__tile": "17/72476/45847", "__layer": "rooms", "__zoom": 17, "__mvtId": 36668, "__building": "eszaki", "__ringVerts": 5, "id": 36668, "catalogFloorId": 5}, "geometry": {"type": "Polygon", "coordinates": [[[19.061852619051933, 47.47291442418459], [19.061869382858276, 47.47296972092347], [19.061800315976143, 47.47297878595708], [19.0617835521698, 47.47292394247985], [19.061852619051933, 47.47291442418459]]]}}, {"type": "Feature", "id": 36651, "properties": {"buildingId": 2, "floorId": 5, "roomNumber": "F.69/C", "roomName": "F\u00e9rfi mosd\u00f3", "scope": "budapest/lagymanyos/eszaki/0/L\u00c9-0-112-05-71", "roomCode": "L\u00c9-0-112-05-71", "roomType": "social", "__tile": "17/72476/45847", "__layer": "rooms", "__zoom": 17, "__mvtId": 36651, "__building": "eszaki", "__ringVerts": 5, "id": 36651, "catalogFloorId": 5}, "geometry": {"type": "Polygon", "coordinates": [[[19.061857983469963, 47.472680092276505], [19.061864018440247, 47.47270184847445], [19.061836525797844, 47.47270547450657], [19.06183049082756, 47.47268371831012], [19.061857983469963, 47.472680092276505]]]}}, {"type": "Feature", "id": 36652, "properties": {"buildingId": 2, "floorId": 5, "roomNumber": "F.69/C", "roomName": "F\u00e9rfi WC", "scope": "budapest/lagymanyos/eszaki/0/L\u00c9-0-112-A-05-71", "roomCode": "L\u00c9-0-112/A-05-71", "roomType": "social", "__tile": "17/72476/45847", "__layer": "rooms", "__zoom": 17, "__mvtId": 36652, "__building": "eszaki", "__ringVerts": 5, "id": 36652, "catalogFloorId": 5}, "geometry": {"type": "Polygon", "coordinates": [[[19.061894863843918, 47.472675106479876], [19.061901569366455, 47.47269640942581], [19.061866030097008, 47.472701395220426], [19.061859995126724, 47.47267963902229], [19.061894863843918, 47.472675106479876]]]}}, {"type": "Feature", "id": 36820, "properties": {"buildingId": 2, "floorId": 5, "roomNumber": "036/A", "roomName": "Oktat\u00f3i szoba", "scope": "budapest/lagymanyos/eszaki/0/LK-0-036A-01-13", "roomCode": "LK-0-036A-01-13", "roomType": "educational", "__tile": "17/72476/45847", "__layer": "rooms", "__zoom": 17, "__mvtId": 36820, "__building": "eszaki", "__ringVerts": 5, "id": 36820, "catalogFloorId": 5}, "geometry": {"type": "Polygon", "coordinates": [[[19.061899557709694, 47.47264156565389], [19.06190760433674, 47.472667854411206], [19.061871394515038, 47.47267238695424], [19.061864018440247, 47.4726465514537], [19.061899557709694, 47.47264156565389]]]}}, {"type": "Feature", "id": 36812, "properties": {"buildingId": 2, "floorId": 5, "roomNumber": "0.75", "roomName": "TTK H\u00d6K iroda", "scope": "budapest/lagymanyos/eszaki/0/L\u00c9-0-075-02-33", "roomCode": "L\u00c9-0-075-02-33", "roomType": "administrative", "__tile": "17/72476/45847", "__layer": "rooms", "__zoom": 17, "__mvtId": 36812, "__building": "eszaki", "__ringVerts": 5, "id": 36812, "catalogFloorId": 5}, "geometry": {"type": "Polygon", "coordinates": [[[19.06175807118416, 47.47269323664718], [19.0617748349905, 47.472750799886896], [19.061730578541756, 47.47275669218347], [19.061713814735413, 47.472699128950204], [19.06175807118416, 47.47269323664718]]]}}, {"type": "Feature", "id": 36753, "properties": {"buildingId": 2, "floorId": 5, "roomNumber": "026", "roomName": "Szol-g\u00e9l laborat\u00f3rium", "scope": "budapest/lagymanyos/eszaki/0/LK-0-026-01-14", "roomCode": "LK-0-026-01-14", "roomType": "educational", "__tile": "16/36238/22923", "__layer": "rooms", "__zoom": 16, "__mvtId": 36753, "__building": "eszaki", "__ringVerts": 5, "id": 36753, "catalogFloorId": 5}, "geometry": {"type": "Polygon", "coordinates": [[[19.061680287122726, 47.47414861542288], [19.06168833374977, 47.47417490342631], [19.0616212785244, 47.47418396825203], [19.061613231897354, 47.47415677377018], [19.061680287122726, 47.47414861542288]]]}}, {"type": "Feature", "id": 36747, "properties": {"buildingId": 2, "floorId": 5, "roomNumber": "000/5", "roomName": "Folyos\u00f3", "scope": "budapest/lagymanyos/eszaki/0/LK-0-000-5-A-04-63", "roomCode": "LK-0-000/5/A-04-63", "roomType": "corridor", "__tile": "16/36238/22923", "__layer": "rooms", "__zoom": 16, "__mvtId": 36747, "__building": "eszaki", "__ringVerts": 14, "id": 36747, "catalogFloorId": 5}, "geometry": {"type": "Polygon", "coordinates": [[[19.061723202466965, 47.47419665900541], [19.061728566884995, 47.474207536791575], [19.06174063682556, 47.47420572382737], [19.061743319034576, 47.474216601611666], [19.06173124909401, 47.474218414575496], [19.06173661351204, 47.47423563772876], [19.061748683452606, 47.47423473124715], [19.06175136566162, 47.474244702544], [19.061739295721054, 47.47424651550686], [19.061759412288666, 47.474310875647895], [19.061732590198517, 47.47431450156899], [19.061700403690338, 47.47420481734524], [19.061700403690338, 47.474199378452155], [19.061723202466965, 47.47419665900541]]]}}, {"type": "Feature", "id": 36741, "properties": {"buildingId": 2, "floorId": 5, "roomNumber": "00", "roomName": "Lift el\u0151t\u00e9r", "scope": "budapest/lagymanyos/eszaki/0/LK-0-000-04-62", "roomCode": "LK-0-000-04-62", "roomType": "corridor", "__tile": "16/36238/22923", "__layer": "rooms", "__zoom": 16, "__mvtId": 36741, "__building": "eszaki", "__ringVerts": 9, "id": 36741, "catalogFloorId": 5}, "geometry": {"type": "Polygon", "coordinates": [[[19.061717838048935, 47.47426555161312], [19.061729907989502, 47.474309062687254], [19.061721861362457, 47.47430996916758], [19.061723202466965, 47.47431540804922], [19.061658829450607, 47.47432356637062], [19.0616574883461, 47.47431903396999], [19.061649441719055, 47.47431994045016], [19.06163603067398, 47.474276429385036], [19.061717838048935, 47.47426555161312]]]}}, {"type": "Feature", "id": 36742, "properties": {"buildingId": 2, "floorId": 5, "roomNumber": "000/1", "roomName": "L\u00e9pcs\u0151h\u00e1z", "scope": "budapest/lagymanyos/eszaki/0/LK-0-000-1-04-64", "roomCode": "LK-0-000/1-04-64", "roomType": "corridor", "__tile": "16/36238/22923", "__layer": "rooms", "__zoom": 16, "__mvtId": 36742, "__building": "eszaki", "__ringVerts": 5, "id": 36742, "catalogFloorId": 5}, "geometry": {"type": "Polygon", "coordinates": [[[19.061686992645264, 47.47420663030948], [19.061705768108368, 47.474266458094206], [19.06164675951004, 47.47427461642321], [19.061629325151443, 47.474213882165806], [19.061686992645264, 47.47420663030948]]]}}, {"type": "Feature", "id": 36783, "properties": {"buildingId": 2, "floorId": 5, "roomNumber": "000/2/A", "roomName": "KTCS folyos\u00f3 csom\u00f3pont", "scope": "budapest/lagymanyos/eszaki/0/LK-0-000-2-A-04-62", "roomCode": "LK-0-000/2/A-04-62", "roomType": "corridor", "__tile": "16/36238/22923", "__layer": "rooms", "__zoom": 16, "__mvtId": 36783, "__building": "eszaki", "__ringVerts": 6, "id": 36783, "catalogFloorId": 5}, "geometry": {"type": "Polygon", "coordinates": [[[19.061633348464966, 47.47427280346131], [19.061648100614548, 47.474324472850704], [19.061540812253952, 47.47433807004999], [19.06152606010437, 47.47428730715469], [19.061607867479324, 47.474276429385036], [19.061633348464966, 47.47427280346131]]]}}, {"type": "Feature", "id": 36785, "properties": {"buildingId": 2, "floorId": 5, "roomNumber": "000/2/B", "roomName": "Folyos\u00f3", "scope": "budapest/lagymanyos/eszaki/0/LK-0-000-2-B-04-63", "roomCode": "LK-0-000/2/B-04-63", "roomType": "corridor", "__tile": "16/36238/22923", "__layer": "rooms", "__zoom": 16, "__mvtId": 36785, "__building": "eszaki", "__ringVerts": 29, "id": 36785, "catalogFloorId": 5}, "geometry": {"type": "Polygon", "coordinates": [[[19.061648100614548, 47.474324472850704], [19.061660170555115, 47.47436345147925], [19.061670899391174, 47.47436163852042], [19.061674922704697, 47.47437251627244], [19.061664193868637, 47.47437342275167], [19.061669558286667, 47.47439155233306], [19.06167894601822, 47.4743897393752], [19.06168296933174, 47.474400617121404], [19.06167224049568, 47.47440152360015], [19.06168296933174, 47.47444050217155], [19.0616574883461, 47.4744441280837], [19.061654806137085, 47.4744332503465], [19.061642736196518, 47.47443506330285], [19.061638712882996, 47.474424185563784], [19.061650782823563, 47.47442327908543], [19.061645418405533, 47.47440605599366], [19.061634689569473, 47.474406962472315], [19.06163066625595, 47.474396991206255], [19.061642736196518, 47.47439517824858], [19.061637371778488, 47.47437704866846], [19.06162530183792, 47.47437886162675], [19.061622619628906, 47.474367983876036], [19.061634689569473, 47.47436617091737], [19.061629325151443, 47.47434985428652], [19.061617255210876, 47.47435076076615], [19.06161457300186, 47.474340789489425], [19.06162664294243, 47.474338976529815], [19.061622619628906, 47.474328098770854], [19.061648100614548, 47.474324472850704]]]}}, {"type": "Feature", "id": 36687, "properties": {"buildingId": 2, "floorId": 5, "roomNumber": "F.101 F1 - (0.90)", "roomName": "Demonstr\u00e1ci\u00f3s terem", "scope": "budapest/lagymanyos/eszaki/0/L\u00c9-0-090-01-18", "roomCode": "L\u00c9-0-090-01-18", "roomType": "educational", "__tile": "17/72476/45847", "__layer": "rooms", "__zoom": 17, "__mvtId": 36687, "__building": "eszaki", "__ringVerts": 14, "id": 36687, "catalogFloorId": 5}, "geometry": {"type": "Polygon", "coordinates": [[[19.061638042330742, 47.47282513342601], [19.06165413558483, 47.47288043025885], [19.06156025826931, 47.47289312132703], [19.061558917164803, 47.47288949530786], [19.061555564403534, 47.472889948560265], [19.06155690550804, 47.4728935745794], [19.061552211642265, 47.47289493433652], [19.0615227073431, 47.472899013607645], [19.06152069568634, 47.47289130831748], [19.061514660716057, 47.47289221482226], [19.061501249670982, 47.47284643631112], [19.06154416501522, 47.47284054402461], [19.061543494462967, 47.472837371254684], [19.061638042330742, 47.47282513342601]]]}}, {"type": "Feature", "id": 36688, "properties": {"buildingId": 2, "floorId": 5, "roomNumber": "F-K.14", "roomName": "Folyos\u00f3", "scope": "budapest/lagymanyos/eszaki/0/L\u00c9-0-K14-04-63", "roomCode": "L\u00c9-0-K14-04-63", "roomType": "corridor", "__tile": "17/72476/45847", "__layer": "rooms", "__zoom": 17, "__mvtId": 36688, "__building": "eszaki", "__ringVerts": 20, "id": 36688, "catalogFloorId": 5}, "geometry": {"type": "Polygon", "coordinates": [[[19.06172052025795, 47.47275759869058], [19.061725214123726, 47.47275850519767], [19.061739966273308, 47.47280972282288], [19.06173661351204, 47.47281244234141], [19.06165413558483, 47.47282332041411], [19.061653465032578, 47.472821507402145], [19.061548858880997, 47.47283510499032], [19.06154751777649, 47.47283283872587], [19.061546847224236, 47.472835558243204], [19.061539471149445, 47.47283419848456], [19.0615401417017, 47.472837371254684], [19.06153477728367, 47.472838277760395], [19.061535447835922, 47.472840090771776], [19.061498567461967, 47.47284507655276], [19.061482474207878, 47.47279068618925], [19.061519354581833, 47.472785247149794], [19.061524718999863, 47.47278479389649], [19.061528742313385, 47.47278796666959], [19.061528742313385, 47.47278252762986], [19.06172052025795, 47.47275759869058]], [[19.061638712882996, 47.472820600896135], [19.061636701226234, 47.47282196065514], [19.06163938343525, 47.47282286716111], [19.061640724539757, 47.472821507402145], [19.061638712882996, 47.472820600896135]], [[19.06167559325695, 47.47281606836589], [19.06167358160019, 47.47281833463106], [19.061676263809204, 47.472819694390125], [19.061678275465965, 47.472817428125005], [19.06167559325695, 47.47281606836589]], [[19.061709120869637, 47.47281108258216], [19.061707109212875, 47.472813348847545], [19.061710461974144, 47.472814708606734], [19.061712473630905, 47.47281244234141], [19.061709120869637, 47.47281108258216]], [[19.061729907989502, 47.47280790981044], [19.06172789633274, 47.47280972282288], [19.061730578541756, 47.47281108258216], [19.061732590198517, 47.47280926956977], [19.061729907989502, 47.47280790981044]], [[19.061715826392174, 47.47275986495827], [19.061713814735413, 47.47276167797235], [19.061716496944427, 47.47276258447938], [19.06171850860119, 47.47276077146532], [19.061715826392174, 47.47275986495827]], [[19.061532765626907, 47.47278479389649], [19.0615314245224, 47.47278615365641], [19.06153343617916, 47.4727875134163], [19.061535447835922, 47.47278570040311], [19.061532765626907, 47.47278479389649]], [[19.061623960733414, 47.47277210280214], [19.061622619628906, 47.47277391581581], [19.061624631285667, 47.47277482232261], [19.06162664294243, 47.472773462562394], [19.061623960733414, 47.47277210280214]]]}}, {"type": "Feature", "id": 36816, "properties": {"buildingId": 2, "floorId": 5, "roomNumber": "038", "roomName": "NMR laborat\u00f3rium", "scope": "budapest/lagymanyos/eszaki/0/LK-0-038-01-14", "roomCode": "LK-0-038-01-14", "roomType": "educational", "__tile": "17/72476/45847", "__layer": "rooms", "__zoom": 17, "__mvtId": 36816, "__building": "eszaki", "__ringVerts": 6, "id": 36816, "catalogFloorId": 5}, "geometry": {"type": "Polygon", "coordinates": [[[19.0617024153471, 47.472639299381086], [19.06174063682556, 47.47263386032597], [19.06177081167698, 47.47263386032597], [19.06178556382656, 47.47268371831012], [19.061717838048935, 47.472692330138955], [19.0617024153471, 47.472639299381086]]]}}, {"type": "Feature", "id": 36794, "properties": {"buildingId": 2, "floorId": 5, "roomNumber": "028/A", "roomName": "F\u00e9rfi WC", "scope": "budapest/lagymanyos/eszaki/0/LK-0-028-A-05-71", "roomCode": "LK-0-028/A-05-71", "roomType": "social", "__tile": "16/36238/22923", "__layer": "rooms", "__zoom": 16, "__mvtId": 36794, "__building": "eszaki", "__ringVerts": 7, "id": 36794, "catalogFloorId": 5}, "geometry": {"type": "Polygon", "coordinates": [[[19.061728566884995, 47.47434169596921], [19.061737954616547, 47.47437251627244], [19.061700403690338, 47.47437704866846], [19.061696380376816, 47.47436526443801], [19.06167224049568, 47.474360732040985], [19.061669558286667, 47.47434894780689], [19.061728566884995, 47.47434169596921]]]}}, {"type": "Feature", "id": 36795, "properties": {"buildingId": 2, "floorId": 5, "roomNumber": "028", "roomName": "F\u00e9rfi mosd\u00f3", "scope": "budapest/lagymanyos/eszaki/0/LK-0-028-05-71", "roomCode": "LK-0-028-05-71", "roomType": "social", "__tile": "16/36238/22923", "__layer": "rooms", "__zoom": 16, "__mvtId": 36795, "__building": "eszaki", "__ringVerts": 5, "id": 36795, "catalogFloorId": 5}, "geometry": {"type": "Polygon", "coordinates": [[[19.06167358160019, 47.47436163852042], [19.06169503927231, 47.47436617091737], [19.061697721481323, 47.47437795514761], [19.06167894601822, 47.47438067458498], [19.06167358160019, 47.47436163852042]]]}}, {"type": "Feature", "id": 36796, "properties": {"buildingId": 2, "floorId": 5, "roomNumber": "029", "roomName": "N\u0151i mosd\u00f3", "scope": "budapest/lagymanyos/eszaki/0/LK-0-029-05-71", "roomCode": "LK-0-029-05-71", "roomType": "social", "__tile": "16/36238/22923", "__layer": "rooms", "__zoom": 16, "__mvtId": 36796, "__building": "eszaki", "__ringVerts": 5, "id": 36796, "catalogFloorId": 5}, "geometry": {"type": "Polygon", "coordinates": [[[19.06169906258583, 47.47437886162675], [19.061707109212875, 47.47440605599366], [19.061686992645264, 47.47440877542958], [19.06167894601822, 47.474381581064065], [19.06169906258583, 47.47437886162675]]]}}, {"type": "Feature", "id": 36797, "properties": {"buildingId": 2, "floorId": 5, "roomNumber": "029/A", "roomName": "N\u0151i WC", "scope": "budapest/lagymanyos/eszaki/0/LK-0-029-A-05-71", "roomCode": "LK-0-029/A-05-71", "roomType": "social", "__tile": "16/36238/22923", "__layer": "rooms", "__zoom": 16, "__mvtId": 36797, "__building": "eszaki", "__ringVerts": 5, "id": 36797, "catalogFloorId": 5}, "geometry": {"type": "Polygon", "coordinates": [[[19.061737954616547, 47.47437342275167], [19.06174600124359, 47.474400617121404], [19.061708450317383, 47.474405149514986], [19.061700403690338, 47.47437886162675], [19.061737954616547, 47.47437342275167]]]}}, {"type": "Feature", "id": 36719, "properties": {"buildingId": 2, "floorId": 5, "roomNumber": "F.52/A M1 (0.128)", "roomName": "Iroda", "scope": "budapest/lagymanyos/eszaki/0/L\u00c9-0-128-02-33", "roomCode": "L\u00c9-0-128-02-33", "roomType": "administrative", "__tile": "17/72476/45847", "__layer": "rooms", "__zoom": 17, "__mvtId": 36719, "__building": "eszaki", "__ringVerts": 5, "id": 36719, "catalogFloorId": 5}, "geometry": {"type": "Polygon", "coordinates": [[[19.06250908970833, 47.47276893002808], [19.06251646578312, 47.47279431221523], [19.062442034482956, 47.4728042837854], [19.062434658408165, 47.47277890160306], [19.06250908970833, 47.47276893002808]]]}}, {"type": "Feature", "id": 36716, "properties": {"buildingId": 2, "floorId": 5, "roomNumber": "F.41/B (0.115)", "roomName": "N\u0151i mosd\u00f3", "scope": "budapest/lagymanyos/eszaki/0/L\u00c9-0-115A-05-71", "roomCode": "L\u00c9-0-115A-05-71", "roomType": "social", "__tile": "16/36238/22923", "__layer": "rooms", "__zoom": 16, "__mvtId": 36716, "__building": "eszaki", "__ringVerts": 5, "id": 36716, "catalogFloorId": 5}, "geometry": {"type": "Polygon", "coordinates": [[[19.062338769435883, 47.47447132241684], [19.06234547495842, 47.47449217139604], [19.06231865286827, 47.47449670378174], [19.062311947345734, 47.47447494832685], [19.062338769435883, 47.47447132241684]]]}}, {"type": "Feature", "id": 36663, "properties": {"buildingId": 2, "floorId": 5, "roomNumber": "F.38/B", "roomName": "M\u0171szaki \u00fczemeltet\u0151i iroda", "scope": "budapest/lagymanyos/eszaki/0/L\u00c9-0-121-02-33", "roomCode": "L\u00c9-0-121-02-33", "roomType": "administrative", "__tile": "16/36238/22923", "__layer": "rooms", "__zoom": 16, "__mvtId": 36663, "__building": "eszaki", "__ringVerts": 5, "id": 36663, "catalogFloorId": 5}, "geometry": {"type": "Polygon", "coordinates": [[[19.062456786632538, 47.474159493219005], [19.06247153878212, 47.4742111627198], [19.06238704919815, 47.47422204050297], [19.06237229704857, 47.47417037101286], [19.062456786632538, 47.474159493219005]]]}}, {"type": "Feature", "id": 36880, "properties": {"buildingId": 2, "floorId": 5, "roomNumber": "F-42 B (0.123)", "roomName": "Iroda", "scope": "budapest/lagymanyos/eszaki/0/L\u00c9-0-123-02-33", "roomCode": "L\u00c9-0-123-02-33", "roomType": "administrative", "__tile": "16/36238/22923", "__layer": "rooms", "__zoom": 16, "__mvtId": 36880, "__building": "eszaki", "__ringVerts": 6, "id": 36880, "catalogFloorId": 5}, "geometry": {"type": "Polygon", "coordinates": [[[19.062420576810837, 47.474338976529815], [19.06242862343788, 47.474367077396714], [19.062357544898987, 47.474376142189286], [19.062352180480957, 47.47435710612309], [19.062349498271942, 47.47434894780689], [19.062420576810837, 47.474338976529815]]]}}, {"type": "Feature", "id": 36727, "properties": {"buildingId": 2, "floorId": 5, "roomNumber": "F-40/A 0.122", "roomName": "Iroda", "scope": "budapest/lagymanyos/eszaki/0/L\u00c9-0-122-02-33", "roomCode": "L\u00c9-0-122-02-33", "roomType": "administrative", "__tile": "16/36238/22923", "__layer": "rooms", "__zoom": 16, "__mvtId": 36727, "__building": "eszaki", "__ringVerts": 5, "id": 36727, "catalogFloorId": 5}, "geometry": {"type": "Polygon", "coordinates": [[[19.062412530183792, 47.47431178212819], [19.062420576810837, 47.47433807004999], [19.062348157167435, 47.47434804132723], [19.06234011054039, 47.47432175341042], [19.062412530183792, 47.47431178212819]]]}}, {"type": "Feature", "id": 36728, "properties": {"buildingId": 2, "floorId": 5, "roomNumber": "F-42 B (0.124)", "roomName": "Iroda", "scope": "budapest/lagymanyos/eszaki/0/L\u00c9-0-124-02-33", "roomCode": "L\u00c9-0-124-02-33", "roomType": "administrative", "__tile": "16/36238/22923", "__layer": "rooms", "__zoom": 16, "__mvtId": 36728, "__building": "eszaki", "__ringVerts": 5, "id": 36728, "catalogFloorId": 5}, "geometry": {"type": "Polygon", "coordinates": [[[19.062436670064926, 47.47439336529086], [19.06244605779648, 47.47442237260705], [19.062373638153076, 47.4744323438683], [19.06236559152603, 47.47440243007888], [19.062436670064926, 47.47439336529086]]]}}, {"type": "Feature", "id": 36729, "properties": {"buildingId": 2, "floorId": 5, "roomNumber": "F-44 B7 (0.124A)", "roomName": "Els\u0151seg\u00e9lyhely", "scope": "budapest/lagymanyos/eszaki/0/L\u00c9-0-124A-03-49", "roomCode": "L\u00c9-0-124A-03-49", "roomType": "misc", "__tile": "16/36238/22923", "__layer": "rooms", "__zoom": 16, "__mvtId": 36729, "__building": "eszaki", "__ringVerts": 5, "id": 36729, "catalogFloorId": 5}, "geometry": {"type": "Polygon", "coordinates": [[[19.06244605779648, 47.474424185563784], [19.062454104423523, 47.47445047342936], [19.06238302588463, 47.47446044468527], [19.062374979257584, 47.4744332503465], [19.06244605779648, 47.474424185563784]]]}}, {"type": "Feature", "id": 36667, "properties": {"buildingId": 2, "floorId": 5, "roomNumber": "F.38", "roomName": "El\u0151t\u00e9r", "scope": "budapest/lagymanyos/eszaki/0/L\u00c9-0-121D-04-62", "roomCode": "L\u00c9-0-121D-04-62", "roomType": "corridor", "__tile": "16/36238/22923", "__layer": "rooms", "__zoom": 16, "__mvtId": 36667, "__building": "eszaki", "__ringVerts": 5, "id": 36667, "catalogFloorId": 5}, "geometry": {"type": "Polygon", "coordinates": [[[19.062358886003494, 47.47422747939371], [19.062362909317017, 47.474243796062545], [19.062344133853912, 47.47424651550686], [19.062338769435883, 47.474229292357165], [19.062358886003494, 47.47422747939371]]]}}, {"type": "Feature", "id": 36735, "properties": {"buildingId": 2, "floorId": 5, "roomNumber": "F.35/A B7 (0.118)", "roomName": "Tricarb laborat\u00f3rium", "scope": "budapest/lagymanyos/eszaki/0/L\u00c9-0-118-01-14", "roomCode": "L\u00c9-0-118-01-14", "roomType": "educational", "__tile": "16/36238/22923", "__layer": "rooms", "__zoom": 16, "__mvtId": 36735, "__building": "eszaki", "__ringVerts": 5, "id": 36735, "catalogFloorId": 5}, "geometry": {"type": "Polygon", "coordinates": [[[19.062269032001495, 47.47427189698034], [19.06227707862854, 47.4742981849221], [19.062195271253586, 47.47430724972655], [19.06218856573105, 47.47428277475094], [19.062269032001495, 47.47427189698034]]]}}, {"type": "Feature", "id": 36733, "properties": {"buildingId": 2, "floorId": 5, "roomNumber": "F.38", "roomName": "Zuhanyz\u00f3", "scope": "budapest/lagymanyos/eszaki/0/L\u00c9-0-121F-05-72", "roomCode": "L\u00c9-0-121F-05-72", "roomType": "social", "__tile": "16/36238/22923", "__layer": "rooms", "__zoom": 16, "__mvtId": 36733, "__building": "eszaki", "__ringVerts": 7, "id": 36733, "catalogFloorId": 5}, "geometry": {"type": "Polygon", "coordinates": [[[19.062337428331375, 47.47423019883887], [19.062341451644897, 47.47424651550686], [19.06230926513672, 47.47425104791374], [19.062306582927704, 47.474243796062545], [19.062317311763763, 47.47424288958108], [19.06231462955475, 47.47423291828389], [19.062337428331375, 47.47423019883887]]]}}, {"type": "Feature", "id": 36738, "properties": {"buildingId": 2, "floorId": 5, "roomNumber": "F-L4", "roomName": "L\u00e9pcs\u0151h\u00e1z", "scope": "budapest/lagymanyos/eszaki/0/L\u00c9-0-L4-04-64", "roomCode": "L\u00c9-0-L4-04-64", "roomType": "corridor", "__tile": "16/36238/22923", "__layer": "rooms", "__zoom": 16, "__mvtId": 36738, "__building": "eszaki", "__ringVerts": 8, "id": 36738, "catalogFloorId": 5}, "geometry": {"type": "Polygon", "coordinates": [[[19.062278419733047, 47.47433625709029], [19.062281101942062, 47.47433625709029], [19.062283784151077, 47.47435529316404], [19.062220752239227, 47.47436345147925], [19.062212705612183, 47.47436345147925], [19.0621979534626, 47.47431450156899], [19.062267690896988, 47.47430271732452], [19.062278419733047, 47.47433625709029]], [[19.062278419733047, 47.47433625709029], [19.062262326478958, 47.47433807004999], [19.06225562095642, 47.47431450156899], [19.062220752239227, 47.47431903396999], [19.062227457761765, 47.47434350892872], [19.062278419733047, 47.47433625709029]]]}}, {"type": "Feature", "id": 36739, "properties": {"buildingId": 2, "floorId": 5, "roomNumber": "F.37 B7 (0.117)", "roomName": "Vez\u00e9rl\u0151szoba", "scope": "budapest/lagymanyos/eszaki/0/L\u00c9-0-117-01-14", "roomCode": "L\u00c9-0-117-01-14", "roomType": "educational", "__tile": "16/36238/22923", "__layer": "rooms", "__zoom": 16, "__mvtId": 36739, "__building": "eszaki", "__ringVerts": 9, "id": 36739, "catalogFloorId": 5}, "geometry": {"type": "Polygon", "coordinates": [[[19.062294512987137, 47.47435710612309], [19.062295854091644, 47.47436254499985], [19.062306582927704, 47.474360732040985], [19.06230926513672, 47.47437432923089], [19.062299877405167, 47.47437523571009], [19.062310606241226, 47.47441149486536], [19.062228798866272, 47.474419653171836], [19.06221404671669, 47.47437070331393], [19.062294512987137, 47.47435710612309]]]}}, {"type": "Feature", "id": 36702, "properties": {"buildingId": 2, "floorId": 5, "roomNumber": "F.51 M1 (0.135)", "roomName": "Iratt\u00e1r", "scope": "budapest/lagymanyos/eszaki/0/L\u00c9-0-135-02-34", "roomCode": "L\u00c9-0-135-02-34", "roomType": "administrative", "__tile": "17/72476/45847", "__layer": "rooms", "__zoom": 17, "__mvtId": 36702, "__building": "eszaki", "__ringVerts": 5, "id": 36702, "catalogFloorId": 5}, "geometry": {"type": "Polygon", "coordinates": [[[19.06242996454239, 47.47295295060717], [19.06244605779648, 47.47300643429994], [19.062381014227867, 47.47301549932722], [19.06236559152603, 47.4729611091401], [19.06242996454239, 47.47295295060717]]]}}, {"type": "Feature", "id": 36699, "properties": {"buildingId": 2, "floorId": 5, "roomNumber": "F.58-60 B1 (0.13)", "roomName": "PPK el\u0151ad\u00f3terem", "scope": "budapest/lagymanyos/eszaki/0/L\u00c9-0-133-01-11", "roomCode": "L\u00c9-0-133-01-11", "roomType": "educational", "__tile": "17/72476/45847", "__layer": "rooms", "__zoom": 17, "__mvtId": 36699, "__building": "eszaki", "__ringVerts": 26, "id": 36699, "catalogFloorId": 5}, "geometry": {"type": "Polygon", "coordinates": [[[19.062645211815834, 47.47292439573196], [19.062711596488953, 47.473147848547406], [19.062422588467598, 47.47318682804872], [19.062389060854912, 47.47307804797281], [19.06239442527294, 47.473077141471244], [19.062393084168434, 47.47307306221395], [19.062465503811836, 47.47306309069477], [19.06246617436409, 47.47306535694929], [19.06247355043888, 47.473064450447495], [19.062472879886627, 47.47306218419294], [19.06250573694706, 47.473057651683526], [19.062521159648895, 47.47310796251614], [19.06253255903721, 47.47310660276453], [19.06252384185791, 47.473076234969646], [19.06251311302185, 47.47307759472203], [19.062509760260582, 47.4730649036984], [19.062519818544388, 47.473063543945685], [19.062506407499313, 47.473020031840264], [19.062496349215508, 47.473021391594116], [19.06249299645424, 47.47300915380829], [19.062503054738045, 47.47300779405413], [19.062501043081284, 47.473001901785715], [19.06258150935173, 47.472991930253045], [19.062576815485954, 47.472987850989135], [19.06256139278412, 47.4729357270335], [19.062645211815834, 47.47292439573196]], [[19.062485620379448, 47.4731170275259], [19.06248226761818, 47.47312020027895], [19.062486961483955, 47.47312201328061], [19.062490314245224, 47.4731192937781], [19.062485620379448, 47.4731170275259]], [[19.06252719461918, 47.47311113526973], [19.062524512410164, 47.473114308023135], [19.06252920627594, 47.47311657427546], [19.062531888484955, 47.473113401522184], [19.06252719461918, 47.47311113526973]], [[19.062611013650894, 47.473100257256604], [19.062607660889626, 47.473103430010674], [19.0626123547554, 47.47310524301291], [19.06261570751667, 47.47310207025895], [19.062611013650894, 47.473100257256604]], [[19.06259424984455, 47.47304405415292], [19.062590897083282, 47.473047226910374], [19.06259559094906, 47.47304903991455], [19.062598943710327, 47.47304586715721], [19.06259424984455, 47.47304405415292]]]}}, {"type": "Feature", "id": 36770, "properties": {"buildingId": 2, "floorId": 5, "roomNumber": "014", "roomName": "Tart\u00f3zkod\u00f3", "scope": "budapest/lagymanyos/eszaki/0/LK-0-014-03-58", "roomCode": "LK-0-014-03-58", "roomType": "misc", "__tile": "16/36238/22923", "__layer": "rooms", "__zoom": 16, "__mvtId": 36770, "__building": "eszaki", "__ringVerts": 5, "id": 36770, "catalogFloorId": 5}, "geometry": {"type": "Polygon", "coordinates": [[[19.061538130044937, 47.473665457707604], [19.06156361103058, 47.47374885485372], [19.061483144760132, 47.47375973273259], [19.061461687088013, 47.47374250942334], [19.061538130044937, 47.473665457707604]], [[19.06155288219452, 47.47374613538365], [19.06155154109001, 47.47374794836371], [19.061554223299026, 47.47374885485372], [19.061555564403534, 47.473747041873686], [19.06155288219452, 47.47374613538365]], [[19.06149387359619, 47.47371984716573], [19.061491191387177, 47.473720753656224], [19.06149387359619, 47.473722566637164], [19.0614952147007, 47.473720753656224], [19.06149387359619, 47.47371984716573]], [[19.061532765626907, 47.473679961568614], [19.0615314245224, 47.47368086805979], [19.061534106731415, 47.473682681042106], [19.061535447835922, 47.47368086805979], [19.061532765626907, 47.473679961568614]]]}}, {"type": "Feature", "id": 36781, "properties": {"buildingId": 2, "floorId": 5, "roomNumber": "000/4", "roomName": "L\u00e9pcs\u0151h\u00e1z", "scope": "budapest/lagymanyos/eszaki/0/LK-0-000-4-04-64", "roomCode": "LK-0-000/4-04-64", "roomType": "corridor", "__tile": "16/36238/22923", "__layer": "rooms", "__zoom": 16, "__mvtId": 36781, "__building": "eszaki", "__ringVerts": 12, "id": 36781, "catalogFloorId": 5}, "geometry": {"type": "Polygon", "coordinates": [[[19.06143754720688, 47.47375973273259], [19.06144291162491, 47.47376245220195], [19.061444252729416, 47.473767891140255], [19.061453640460968, 47.473766984650574], [19.061464369297028, 47.47380324422553], [19.061454981565475, 47.47380505720363], [19.06145766377449, 47.47381321560426], [19.061382561922073, 47.47382228049237], [19.061377197504044, 47.47382046751488], [19.061365127563477, 47.473773330078004], [19.06136780977249, 47.473769704119576], [19.06143754720688, 47.47375973273259]], [[19.061382561922073, 47.47381865453732], [19.06137987971306, 47.47382046751488], [19.061382561922073, 47.47382137400363], [19.06138524413109, 47.473819561026104], [19.061382561922073, 47.47381865453732]], [[19.06145229935646, 47.47380868315962], [19.061450958251953, 47.473810496137524], [19.061453640460968, 47.47381230911537], [19.061454981565475, 47.473810496137524], [19.06145229935646, 47.47380868315962]], [[19.06136780977249, 47.47377151709882], [19.061366468667984, 47.473773330078004], [19.061369150877, 47.47377423656757], [19.061370491981506, 47.47377242358842], [19.06136780977249, 47.47377151709882]], [[19.061438888311386, 47.47376154571218], [19.06143620610237, 47.47376335869171], [19.061438888311386, 47.47376426518145], [19.061440229415894, 47.47376335869171], [19.061438888311386, 47.47376154571218]]]}}, {"type": "Feature", "id": 36759, "properties": {"buildingId": 2, "floorId": 5, "roomNumber": "019", "roomName": "Zuhanyz\u00f3", "scope": "budapest/lagymanyos/eszaki/0/LK-0-019D-05-73", "roomCode": "LK-0-019D-05-73", "roomType": "social", "__tile": "16/36238/22923", "__layer": "rooms", "__zoom": 16, "__mvtId": 36759, "__building": "eszaki", "__ringVerts": 11, "id": 36759, "catalogFloorId": 5}, "geometry": {"type": "Polygon", "coordinates": [[[19.061603844165802, 47.473892080078436], [19.061611890792847, 47.47391746172311], [19.061601161956787, 47.47392199415837], [19.061611890792847, 47.47392018118431], [19.06161993741989, 47.473946469302014], [19.06159982085228, 47.47394828227516], [19.061586409807205, 47.473902957927656], [19.061597138643265, 47.473902051440305], [19.061586409807205, 47.473902051440305], [19.061585068702698, 47.47389479954095], [19.061603844165802, 47.473892080078436]]]}}, {"type": "Feature", "id": 36758, "properties": {"buildingId": 2, "floorId": 5, "roomNumber": "021", "roomName": "Kutat\u00f3 labor", "scope": "budapest/lagymanyos/eszaki/0/LK-0-021-01-14", "roomCode": "LK-0-021-01-14", "roomType": "educational", "__tile": "16/36238/22923", "__layer": "rooms", "__zoom": 16, "__mvtId": 36758, "__building": "eszaki", "__ringVerts": 5, "id": 36758, "catalogFloorId": 5}, "geometry": {"type": "Polygon", "coordinates": [[[19.06161993741989, 47.4739473757886], [19.061627984046936, 47.47397366389269], [19.061560928821564, 47.47398363523908], [19.06155288219452, 47.473956440653566], [19.06161993741989, 47.4739473757886]]]}}, {"type": "Feature", "id": 36778, "properties": {"buildingId": 2, "floorId": 5, "roomNumber": "000/3", "roomName": "Folyos\u00f3", "scope": "budapest/lagymanyos/eszaki/0/LK-0-000-3-04-63", "roomCode": "LK-0-000/3-04-63", "roomType": "corridor", "__tile": "16/36238/22923", "__layer": "rooms", "__zoom": 16, "__mvtId": 36778, "__building": "eszaki", "__ringVerts": 44, "id": 36778, "catalogFloorId": 5}, "geometry": {"type": "Polygon", "coordinates": [[[19.061461687088013, 47.47374250942334], [19.061480462551117, 47.47375429379343], [19.061483144760132, 47.4737706106092], [19.0614952147007, 47.47376879762992], [19.061497896909714, 47.47377967550466], [19.061485826969147, 47.47378058199412], [19.061491191387177, 47.473797805290886], [19.061503261327744, 47.47379599231254], [19.06150594353676, 47.473806870181654], [19.06149387359619, 47.47380868315962], [19.06149923801422, 47.47382681293584], [19.061511307954788, 47.473824999958495], [19.06151533126831, 47.4738358778216], [19.061503261327744, 47.473836784310095], [19.061508625745773, 47.473854007588436], [19.061519354581833, 47.47385219461204], [19.061523377895355, 47.47386307246951], [19.061511307954788, 47.473864885445536], [19.061516672372818, 47.47388301520237], [19.061528742313385, 47.47388120222696], [19.0615314245224, 47.473892080078436], [19.061519354581833, 47.47389298656596], [19.061524718999863, 47.47391020982588], [19.06153678894043, 47.47390839685142], [19.061539471149445, 47.47391927469726], [19.061528742313385, 47.47392380713236], [19.06148985028267, 47.47392562010629], [19.061487168073654, 47.4739156487489], [19.06149923801422, 47.473913835774624], [19.06149387359619, 47.47389661251588], [19.061481803655624, 47.47389842549075], [19.06147912144661, 47.473887547640594], [19.061491191387177, 47.47388664115298], [19.06148448586464, 47.473868511397406], [19.06147375702858, 47.473870324373245], [19.061469733715057, 47.473859446517274], [19.061481803655624, 47.47385763354106], [19.061476439237595, 47.473840410263904], [19.061465710401535, 47.4738422232407], [19.061461687088013, 47.47383225186748], [19.06147375702858, 47.47383043889033], [19.061456322669983, 47.47376063922239], [19.06144693493843, 47.47375701326308], [19.061461687088013, 47.47374250942334]]]}}, {"type": "Feature", "id": 36760, "properties": {"buildingId": 2, "floorId": 5, "roomNumber": "020/", "roomName": "F\u00e9rfi \u00f6lt\u00f6z\u0151", "scope": "budapest/lagymanyos/eszaki/0/LK-0-020C-05-72", "roomCode": "LK-0-020C-05-72", "roomType": "social", "__tile": "16/36238/22923", "__layer": "rooms", "__zoom": 16, "__mvtId": 36760, "__building": "eszaki", "__ringVerts": 5, "id": 36760, "catalogFloorId": 5}, "geometry": {"type": "Polygon", "coordinates": [[[19.061590433120728, 47.47392199415837], [19.061598479747772, 47.473949188761715], [19.061571657657623, 47.47395281470776], [19.06156361103058, 47.47392562010629], [19.061590433120728, 47.47392199415837]]]}}, {"type": "Feature", "id": 36873, "properties": {"buildingId": 2, "floorId": 5, "roomNumber": "020/B", "roomName": "F\u00e9rfi WC", "scope": "budapest/lagymanyos/eszaki/0/LK-0-020B-05-71", "roomCode": "LK-0-020B-05-71", "roomType": "social", "__tile": "16/36238/22923", "__layer": "rooms", "__zoom": 16, "__mvtId": 36873, "__building": "eszaki", "__ringVerts": 5, "id": 36873, "catalogFloorId": 5}, "geometry": {"type": "Polygon", "coordinates": [[[19.06156226992607, 47.473926526593246], [19.061564952135086, 47.47393377848822], [19.061546176671982, 47.4739355914618], [19.061544835567474, 47.473928339567074], [19.06156226992607, 47.473926526593246]]]}}, {"type": "Feature", "id": 36874, "properties": {"buildingId": 2, "floorId": 5, "roomNumber": "019", "roomName": "N\u0151i WC", "scope": "budapest/lagymanyos/eszaki/0/LK-0-019B-05-71", "roomCode": "LK-0-019B-05-71", "roomType": "social", "__tile": "16/36238/22923", "__layer": "rooms", "__zoom": 16, "__mvtId": 36874, "__building": "eszaki", "__ringVerts": 5, "id": 36874, "catalogFloorId": 5}, "geometry": {"type": "Polygon", "coordinates": [[[19.061559587717056, 47.47391746172311], [19.06156226992607, 47.47392471361933], [19.061543494462967, 47.47392743308016], [19.06154215335846, 47.47392018118431], [19.061559587717056, 47.47391746172311]]]}}, {"type": "Feature", "id": 36755, "properties": {"buildingId": 2, "floorId": 5, "roomNumber": "024", "roomName": "Elektronmikroszk\u00f3p laborat\u00f3rium", "scope": "budapest/lagymanyos/eszaki/0/LK-0-024-01-14", "roomCode": "LK-0-024-01-14", "roomType": "educational", "__tile": "16/36238/22923", "__layer": "rooms", "__zoom": 16, "__mvtId": 36755, "__building": "eszaki", "__ringVerts": 7, "id": 36755, "catalogFloorId": 5}, "geometry": {"type": "Polygon", "coordinates": [[[19.06161591410637, 47.47404708921723], [19.061627984046936, 47.47409060047224], [19.061582386493683, 47.47409694586059], [19.061579704284668, 47.474087881019855], [19.06158909201622, 47.4740869745357], [19.06157836318016, 47.4740516216413], [19.06161591410637, 47.47404708921723]]]}}, {"type": "Feature", "id": 36765, "properties": {"buildingId": 2, "floorId": 5, "roomNumber": "017A", "roomName": "Dekontamin\u00e1l\u00f3 \u00e9s els\u0151seg\u00e9ly helyis\u00e9g ", "scope": "budapest/lagymanyos/eszaki/0/LK-0-017A-01-14", "roomCode": "LK-0-017A-01-14", "roomType": "educational", "__tile": "16/36238/22923", "__layer": "rooms", "__zoom": 16, "__mvtId": 36765, "__building": "eszaki", "__ringVerts": 5, "id": 36765, "catalogFloorId": 5}, "geometry": {"type": "Polygon", "coordinates": [[[19.06156361103058, 47.47383859728703], [19.061570316553116, 47.473864885445536], [19.061527401208878, 47.473870324373245], [19.061519354581833, 47.47384403621745], [19.06156361103058, 47.47383859728703]]]}}, {"type": "Feature", "id": 36771, "properties": {"buildingId": 2, "floorId": 5, "roomNumber": "007", "roomName": "Pozitronannihil\u00e1ci\u00f3s labor", "scope": "budapest/lagymanyos/eszaki/0/LK-0-007-01-14", "roomCode": "LK-0-007-01-14", "roomType": "educational", "__tile": "16/36238/22923", "__layer": "rooms", "__zoom": 16, "__mvtId": 36771, "__building": "eszaki", "__ringVerts": 5, "id": 36771, "catalogFloorId": 5}, "geometry": {"type": "Polygon", "coordinates": [[[19.061524718999863, 47.47404799570207], [19.061540812253952, 47.474102384764265], [19.06147375702858, 47.474111449602496], [19.06145766377449, 47.474057967034355], [19.061524718999863, 47.47404799570207]]]}}, {"type": "Feature", "id": 36772, "properties": {"buildingId": 2, "floorId": 5, "roomNumber": "008", "roomName": "M\u00f6ssbauer-spektrszk\u00f3pia labor", "scope": "budapest/lagymanyos/eszaki/0/LK-0-008-01-14", "roomCode": "LK-0-008-01-14", "roomType": "educational", "__tile": "16/36238/22923", "__layer": "rooms", "__zoom": 16, "__mvtId": 36772, "__building": "eszaki", "__ringVerts": 5, "id": 36772, "catalogFloorId": 5}, "geometry": {"type": "Polygon", "coordinates": [[[19.061508625745773, 47.47399179361199], [19.061524718999863, 47.47404708921723], [19.061456322669983, 47.47405524758028], [19.061440229415894, 47.47400176495494], [19.061508625745773, 47.47399179361199]]]}}, {"type": "Feature", "id": 36773, "properties": {"buildingId": 2, "floorId": 5, "roomNumber": "009", "roomName": "M\u00f6ssbauer-spektroszk\u00f3pia labor", "scope": "budapest/lagymanyos/eszaki/0/LK-0-009-01-14", "roomCode": "LK-0-009-01-14", "roomType": "educational", "__tile": "16/36238/22923", "__layer": "rooms", "__zoom": 16, "__mvtId": 36773, "__building": "eszaki", "__ringVerts": 5, "id": 36773, "catalogFloorId": 5}, "geometry": {"type": "Polygon", "coordinates": [[[19.06149923801422, 47.4739636925444], [19.061507284641266, 47.47399088712617], [19.061440229415894, 47.47399904549796], [19.06143218278885, 47.47397275740656], [19.06149923801422, 47.4739636925444]]]}}, {"type": "Feature", "id": 36774, "properties": {"buildingId": 2, "floorId": 5, "roomNumber": "010", "roomName": "Kutat\u00f3 labor", "scope": "budapest/lagymanyos/eszaki/0/LK-0-010-01-14", "roomCode": "LK-0-010-01-14", "roomType": "educational", "__tile": "16/36238/22923", "__layer": "rooms", "__zoom": 16, "__mvtId": 36774, "__building": "eszaki", "__ringVerts": 5, "id": 36774, "catalogFloorId": 5}, "geometry": {"type": "Polygon", "coordinates": [[[19.061491191387177, 47.47393649794857], [19.06149923801422, 47.47396278605811], [19.06143218278885, 47.473971850920414], [19.061424136161804, 47.473945562815416], [19.061491191387177, 47.47393649794857]]]}}, {"type": "Feature", "id": 36775, "properties": {"buildingId": 2, "floorId": 5, "roomNumber": "011", "roomName": "Hallgat\u00f3i labor", "scope": "budapest/lagymanyos/eszaki/0/LK-0-011-01-14", "roomCode": "LK-0-011-01-14", "roomType": "educational", "__tile": "16/36238/22923", "__layer": "rooms", "__zoom": 16, "__mvtId": 36775, "__building": "eszaki", "__ringVerts": 5, "id": 36775, "catalogFloorId": 5}, "geometry": {"type": "Polygon", "coordinates": [[[19.061475098133087, 47.47388029573924], [19.061491191387177, 47.47393468497501], [19.061422795057297, 47.47394284335552], [19.061406701803207, 47.47388936061578], [19.061475098133087, 47.47388029573924]]]}}, {"type": "Feature", "id": 36776, "properties": {"buildingId": 2, "floorId": 5, "roomNumber": "012", "roomName": "El\u0151k\u00e9sz\u00edt\u0151 labor", "scope": "budapest/lagymanyos/eszaki/0/LK-0-012-01-14", "roomCode": "LK-0-012-01-14", "roomType": "educational", "__tile": "16/36238/22923", "__layer": "rooms", "__zoom": 16, "__mvtId": 36776, "__building": "eszaki", "__ringVerts": 5, "id": 36776, "catalogFloorId": 5}, "geometry": {"type": "Polygon", "coordinates": [[[19.061465710401535, 47.47385219461204], [19.06147375702858, 47.473877576275974], [19.061406701803207, 47.47388664115298], [19.061398655176163, 47.47386035300536], [19.061465710401535, 47.47385219461204]]]}}, {"type": "Feature", "id": 36777, "properties": {"buildingId": 2, "floorId": 5, "roomNumber": "013", "roomName": "Oktat\u00f3i szoba", "scope": "budapest/lagymanyos/eszaki/0/LK-0-013-01-13", "roomCode": "LK-0-013-01-13", "roomType": "educational", "__tile": "16/36238/22923", "__layer": "rooms", "__zoom": 16, "__mvtId": 36777, "__building": "eszaki", "__ringVerts": 5, "id": 36777, "catalogFloorId": 5}, "geometry": {"type": "Polygon", "coordinates": [[[19.06145766377449, 47.47382409346981], [19.061465710401535, 47.47385038163557], [19.061398655176163, 47.473859446517274], [19.061390608549118, 47.473833158356044], [19.06145766377449, 47.47382409346981]]]}}, {"type": "Feature", "id": 36780, "properties": {"buildingId": 2, "floorId": 5, "roomNumber": "023", "roomName": "El\u0151t\u00e9r", "scope": "budapest/lagymanyos/eszaki/0/L\u00c9-0-023-04-62", "roomCode": "L\u00c9-0-023-04-62", "roomType": "corridor", "__tile": "16/36238/22923", "__layer": "rooms", "__zoom": 16, "__mvtId": 36780, "__building": "eszaki", "__ringVerts": 6, "id": 36780, "catalogFloorId": 5}, "geometry": {"type": "Polygon", "coordinates": [[[19.061611890792847, 47.47403621139784], [19.06161591410637, 47.47404527624749], [19.06156897544861, 47.4740516216413], [19.061566293239594, 47.47404346327768], [19.06157836318016, 47.47404165030781], [19.061611890792847, 47.47403621139784]]]}}, {"type": "Feature", "id": 36763, "properties": {"buildingId": 2, "floorId": 5, "roomNumber": "019", "roomName": "N\u0151i \u00f6lt\u00f6z\u0151", "scope": "budapest/lagymanyos/eszaki/0/LK-0-019C-05-73", "roomCode": "LK-0-019C-05-73", "roomType": "social", "__tile": "16/36238/22923", "__layer": "rooms", "__zoom": 16, "__mvtId": 36763, "__building": "eszaki", "__ringVerts": 5, "id": 36763, "catalogFloorId": 5}, "geometry": {"type": "Polygon", "coordinates": [[[19.061582386493683, 47.47389479954095], [19.061590433120728, 47.47392108767135], [19.06156361103058, 47.47392471361933], [19.061555564403534, 47.47389842549075], [19.061582386493683, 47.47389479954095]]]}}, {"type": "Feature", "id": 36768, "properties": {"buildingId": 2, "floorId": 5, "roomNumber": "015", "roomName": "Izot\u00f3plabor", "scope": "budapest/lagymanyos/eszaki/0/LK-0-015-01-14", "roomCode": "LK-0-015-01-14", "roomType": "educational", "__tile": "16/36238/22923", "__layer": "rooms", "__zoom": 16, "__mvtId": 36768, "__building": "eszaki", "__ringVerts": 5, "id": 36768, "catalogFloorId": 5}, "geometry": {"type": "Polygon", "coordinates": [[[19.06156226992607, 47.47375066783369], [19.06157836318016, 47.47380505720363], [19.06150996685028, 47.473815028582], [19.06149387359619, 47.47375973273259], [19.06156226992607, 47.47375066783369]]]}}, {"type": "Feature", "id": 36822, "properties": {"buildingId": 2, "floorId": 5, "roomNumber": "F.67", "roomName": "N\u0151i mosd\u00f3", "scope": "budapest/lagymanyos/eszaki/0/L\u00c9-0-107-05-71", "roomCode": "L\u00c9-0-107-05-71", "roomType": "social", "__tile": "17/72476/45847", "__layer": "rooms", "__zoom": 17, "__mvtId": 36822, "__building": "eszaki", "__ringVerts": 8, "id": 36822, "catalogFloorId": 5}, "geometry": {"type": "Polygon", "coordinates": [[[19.06191699206829, 47.47282377366709], [19.061923697590828, 47.4728468895639], [19.061888828873634, 47.472851422091495], [19.06188815832138, 47.472849155827745], [19.061880111694336, 47.47285051558601], [19.061874076724052, 47.47282966595547], [19.06187877058983, 47.47282875944961], [19.06191699206829, 47.47282377366709]]]}}, {"type": "Feature", "id": 36821, "properties": {"buildingId": 2, "floorId": 5, "roomNumber": "F.67", "roomName": "N\u0151i WC", "scope": "budapest/lagymanyos/eszaki/0/L\u00c9-0-107A-05-71", "roomCode": "L\u00c9-0-107A-05-71", "roomType": "social", "__tile": "17/72476/45847", "__layer": "rooms", "__zoom": 17, "__mvtId": 36821, "__building": "eszaki", "__ringVerts": 7, "id": 36821, "catalogFloorId": 5}, "geometry": {"type": "Polygon", "coordinates": [[[19.061964601278305, 47.47281697487197], [19.061971306800842, 47.472837824507536], [19.061963260173798, 47.47283918426609], [19.06196393072605, 47.47284145053027], [19.06192570924759, 47.47284643631112], [19.061918333172798, 47.47282332041411], [19.061964601278305, 47.47281697487197]]]}}, {"type": "Feature", "id": 36718, "properties": {"buildingId": 2, "floorId": 5, "roomNumber": "F-K5", "roomName": "El\u0151csarnok", "scope": "budapest/lagymanyos/eszaki/0/L\u00c9-0-K5-04-61", "roomCode": "L\u00c9-0-K5-04-61", "roomType": "corridor", "__tile": "17/72476/45847", "__layer": "rooms", "__zoom": 17, "__mvtId": 36718, "__building": "eszaki", "__ringVerts": 25, "id": 36718, "catalogFloorId": 5}, "geometry": {"type": "Polygon", "coordinates": [[[19.062351509928703, 47.4726479112172], [19.062346816062927, 47.47263386032597], [19.062378332018852, 47.47263386032597], [19.062381014227867, 47.472642472162974], [19.06242862343788, 47.4726365798536], [19.0624587982893, 47.47273856203806], [19.06241185963154, 47.472744907589664], [19.062423929572105, 47.47278479389649], [19.062393084168434, 47.47278887317616], [19.06238168478012, 47.47274808036518], [19.062362909317017, 47.472750799886896], [19.062354192137718, 47.472721791647984], [19.062350168824196, 47.472722244901846], [19.06234748661518, 47.47271363307791], [19.062351509928703, 47.472712726570045], [19.06234882771969, 47.47270456799857], [19.062344804406166, 47.472705021252565], [19.062342792749405, 47.47269686267988], [19.062346145510674, 47.47269640942581], [19.06234346330166, 47.472687797597644], [19.06234011054039, 47.472688250851796], [19.062337428331375, 47.47267963902229], [19.062341451644897, 47.472679185768065], [19.062333405017853, 47.4726506307441], [19.062351509928703, 47.4726479112172]], [[19.062415212392807, 47.47271680585531], [19.062403813004494, 47.472718165616996], [19.06240649521351, 47.47272587093255], [19.062417224049568, 47.472724511171066], [19.062415212392807, 47.47271680585531]], [[19.062398448586464, 47.472660602341534], [19.06238704919815, 47.47266196210468], [19.062389060854912, 47.47266966742847], [19.062400460243225, 47.47266830766553], [19.062398448586464, 47.472660602341534]]]}}, {"type": "Feature", "id": 36722, "properties": {"buildingId": 2, "floorId": 5, "roomNumber": "F.50/A", "roomName": "Iroda", "scope": "budapest/lagymanyos/eszaki/0/L\u00c9-0-126-02-33", "roomCode": "L\u00c9-0-126-02-33", "roomType": "administrative", "__tile": "17/72476/45847", "__layer": "rooms", "__zoom": 17, "__mvtId": 36722, "__building": "eszaki", "__ringVerts": 5, "id": 36722, "catalogFloorId": 5}, "geometry": {"type": "Polygon", "coordinates": [[[19.06249299645424, 47.472714086331834], [19.062501043081284, 47.47274128156026], [19.06246282160282, 47.472746267350615], [19.062454774975777, 47.47271907212477], [19.06249299645424, 47.472714086331834]]]}}, {"type": "Feature", "id": 36723, "properties": {"buildingId": 2, "floorId": 5, "roomNumber": "F-48", "roomName": "Sz\u00e9lfog\u00f3", "scope": "budapest/lagymanyos/eszaki/0/L\u00c9-0-048-04-62", "roomCode": "L\u00c9-0-048-04-62", "roomType": "corridor", "__tile": "17/72476/45847", "__layer": "rooms", "__zoom": 17, "__mvtId": 36723, "__building": "eszaki", "__ringVerts": 9, "id": 36723, "catalogFloorId": 5}, "geometry": {"type": "Polygon", "coordinates": [[[19.06247489154339, 47.47265289701641], [19.062481597065926, 47.472676012988394], [19.06247690320015, 47.47267646624264], [19.062480926513672, 47.47268915736007], [19.062484949827194, 47.47268870410594], [19.062492325901985, 47.472711820062166], [19.062454774975777, 47.47271680585531], [19.06243734061718, 47.47265788281515], [19.06247489154339, 47.47265289701641]]]}}, {"type": "Feature", "id": 36705, "properties": {"buildingId": 2, "floorId": 5, "roomNumber": "F.L5", "roomName": "L\u00e9pcs\u0151h\u00e1z", "scope": "budapest/lagymanyos/eszaki/0/L\u00c9-0-L5-04-64", "roomCode": "L\u00c9-0-L5-04-64", "roomType": "corridor", "__tile": "17/72476/45847", "__layer": "rooms", "__zoom": 17, "__mvtId": 36705, "__building": "eszaki", "__ringVerts": 5, "id": 36705, "catalogFloorId": 5}, "geometry": {"type": "Polygon", "coordinates": [[[19.062448740005493, 47.47300915380829], [19.06245544552803, 47.47303226962356], [19.0623776614666, 47.47304269439967], [19.06237095594406, 47.47301957858898], [19.062448740005493, 47.47300915380829]]]}}, {"type": "Feature", "id": 36706, "properties": {"buildingId": 2, "floorId": 5, "roomNumber": "0.136", "roomName": "D\u00e9k\u00e1ni iratt\u00e1r", "scope": "budapest/lagymanyos/eszaki/0/L\u00c9-0-136-02-33", "roomCode": "L\u00c9-0-136-02-33", "roomType": "administrative", "__tile": "17/72476/45847", "__layer": "rooms", "__zoom": 17, "__mvtId": 36706, "__building": "eszaki", "__ringVerts": 5, "id": 36706, "catalogFloorId": 5}, "geometry": {"type": "Polygon", "coordinates": [[[19.062393754720688, 47.47283283872587], [19.06242996454239, 47.47295159085156], [19.062364920973778, 47.4729602026365], [19.062330052256584, 47.472840997277444], [19.062393754720688, 47.47283283872587]]]}}, {"type": "Feature", "id": 36710, "properties": {"buildingId": 2, "floorId": 5, "roomNumber": "F.52/A M1 (0.129)", "roomName": "Iroda", "scope": "budapest/lagymanyos/eszaki/0/L\u00c9-0-129-02-33", "roomCode": "L\u00c9-0-129-02-33", "roomType": "administrative", "__tile": "17/72476/45847", "__layer": "rooms", "__zoom": 17, "__mvtId": 36710, "__building": "eszaki", "__ringVerts": 5, "id": 36710, "catalogFloorId": 5}, "geometry": {"type": "Polygon", "coordinates": [[[19.062517136335373, 47.472795218721686], [19.062523171305656, 47.47282241390813], [19.062450751662254, 47.47283193222007], [19.06244270503521, 47.47280519029169], [19.062517136335373, 47.472795218721686]]]}}, {"type": "Feature", "id": 36698, "properties": {"buildingId": 2, "floorId": 5, "roomNumber": "0.132B", "roomName": "Iroda", "scope": "budapest/lagymanyos/eszaki/0/L\u00c9-0-132B-02-33", "roomCode": "L\u00c9-0-132B-02-33", "roomType": "administrative", "__tile": "17/72476/45847", "__layer": "rooms", "__zoom": 17, "__mvtId": 36698, "__building": "eszaki", "__ringVerts": 5, "id": 36698, "catalogFloorId": 5}, "geometry": {"type": "Polygon", "coordinates": [[[19.062566086649895, 47.47295748312562], [19.06257413327694, 47.47299102374998], [19.062501043081284, 47.473000995282824], [19.062490984797478, 47.472967454664825], [19.062566086649895, 47.47295748312562]]]}}, {"type": "Feature", "id": 36707, "properties": {"buildingId": 2, "floorId": 5, "roomNumber": "0.137", "roomName": "Iratt\u00e1r", "scope": "budapest/lagymanyos/eszaki/0/L\u00c9-0-137-02-34", "roomCode": "L\u00c9-0-137-02-34", "roomType": "administrative", "__tile": "17/72476/45847", "__layer": "rooms", "__zoom": 17, "__mvtId": 36707, "__building": "eszaki", "__ringVerts": 5, "id": 36707, "catalogFloorId": 5}, "geometry": {"type": "Polygon", "coordinates": [[[19.062346145510674, 47.472791139442506], [19.062359556555748, 47.47283601149608], [19.062330052256584, 47.47283963751894], [19.06231664121151, 47.472794765468464], [19.062346145510674, 47.472791139442506]]]}}, {"type": "Feature", "id": 36700, "properties": {"buildingId": 2, "floorId": 5, "roomNumber": "F.56 M1 (0.131)", "roomName": "Iroda", "scope": "budapest/lagymanyos/eszaki/0/L\u00c9-0-131-02-33", "roomCode": "L\u00c9-0-131-02-33", "roomType": "administrative", "__tile": "17/72476/45847", "__layer": "rooms", "__zoom": 17, "__mvtId": 36700, "__building": "eszaki", "__ringVerts": 5, "id": 36700, "catalogFloorId": 5}, "geometry": {"type": "Polygon", "coordinates": [[[19.062540605664253, 47.47287952375386], [19.062557369470596, 47.472935273781495], [19.06248427927494, 47.472945245324915], [19.062467515468597, 47.47288949530786], [19.062540605664253, 47.47287952375386]]]}}, {"type": "Feature", "id": 36701, "properties": {"buildingId": 2, "floorId": 5, "roomNumber": "F.54 M1 (0.130)", "roomName": "Iroda", "scope": "budapest/lagymanyos/eszaki/0/L\u00c9-0-130-02-33", "roomCode": "L\u00c9-0-130-02-33", "roomType": "administrative", "__tile": "17/72476/45847", "__layer": "rooms", "__zoom": 17, "__mvtId": 36701, "__building": "eszaki", "__ringVerts": 5, "id": 36701, "catalogFloorId": 5}, "geometry": {"type": "Polygon", "coordinates": [[[19.062525182962418, 47.47282332041411], [19.062540605664253, 47.47287861724886], [19.062467515468597, 47.47288813555061], [19.062450751662254, 47.47283329197877], [19.062525182962418, 47.47282332041411]]]}}, {"type": "Feature", "id": 36703, "properties": {"buildingId": 2, "floorId": 5, "roomNumber": "F-K6", "roomName": "Folyos\u00f3", "scope": "budapest/lagymanyos/eszaki/0/L\u00c9-0-K6-04-63", "roomCode": "L\u00c9-0-K6-04-63", "roomType": "corridor", "__tile": "17/72476/45847", "__layer": "rooms", "__zoom": 17, "__mvtId": 36703, "__building": "eszaki", "__ringVerts": 46, "id": 36703, "catalogFloorId": 5}, "geometry": {"type": "Polygon", "coordinates": [[[19.062423929572105, 47.472785247149794], [19.06243532896042, 47.47278570040311], [19.062438011169434, 47.47279612522813], [19.062427952885628, 47.472797484987765], [19.062433317303658, 47.472815161859785], [19.062443375587463, 47.47281380210062], [19.062446728348732, 47.47282468017304], [19.062435999512672, 47.47282603993193], [19.06245008111, 47.4728709119557], [19.062460139393806, 47.47286955219796], [19.062463492155075, 47.47288043025885], [19.062452763319016, 47.4728817900163], [19.062458127737045, 47.472899013607645], [19.06246818602085, 47.47289765385063], [19.06247153878212, 47.4729085319057], [19.062461480498314, 47.472909891662425], [19.06247489154339, 47.472955216866445], [19.062484949827194, 47.47295385711089], [19.062488302588463, 47.47296473515432], [19.062478244304657, 47.4729660949096], [19.062505066394806, 47.47305629193062], [19.062474220991135, 47.47306037118921], [19.062465503811836, 47.473030909870005], [19.06245745718479, 47.47303181637238], [19.06245343387127, 47.47301731233249], [19.06246080994606, 47.47301640582986], [19.062446728348732, 47.47297017417519], [19.06243734061718, 47.47297108067862], [19.062434658408165, 47.47296065588831], [19.062444046139717, 47.47295929613289], [19.06242996454239, 47.47291397093238], [19.062420576810837, 47.47291533068897], [19.062417224049568, 47.47290445263531], [19.062427282333374, 47.47290309287845], [19.062421917915344, 47.47288586928844], [19.062412530183792, 47.47288722904575], [19.062409177422523, 47.472876350986276], [19.062418565154076, 47.472875444481225], [19.062405154109, 47.47282966595547], [19.062395095825195, 47.47283102571424], [19.06239241361618, 47.472820600896135], [19.062401801347733, 47.4728192411371], [19.062396436929703, 47.47280201751962], [19.06238704919815, 47.47280337727909], [19.062383696436882, 47.47279249920227], [19.062423929572105, 47.472785247149794]]]}}, {"type": "Feature", "id": 36704, "properties": {"buildingId": 2, "floorId": 5, "roomNumber": "F-K6/A", "roomName": "Folyos\u00f3", "scope": "budapest/lagymanyos/eszaki/0/L\u00c9-0-K6-A-04-63", "roomCode": "L\u00c9-0-K6/A-04-63", "roomType": "corridor", "__tile": "17/72476/45847", "__layer": "rooms", "__zoom": 17, "__mvtId": 36704, "__building": "eszaki", "__ringVerts": 5, "id": 36704, "catalogFloorId": 5}, "geometry": {"type": "Polygon", "coordinates": [[[19.06246952712536, 47.47304586715721], [19.062474220991135, 47.47306037118921], [19.06238704919815, 47.47307260896311], [19.062382355332375, 47.47305719843256], [19.06246952712536, 47.47304586715721]]]}}, {"type": "Feature", "id": 36697, "properties": {"buildingId": 2, "floorId": 5, "roomNumber": "0.132A", "roomName": "F\u00e9nym\u00e1sol\u00f3", "scope": "budapest/lagymanyos/eszaki/0/L\u00c9-0-132A-02-35", "roomCode": "L\u00c9-0-132A-02-35", "roomType": "administrative", "__tile": "17/72476/45847", "__layer": "rooms", "__zoom": 17, "__mvtId": 36697, "__building": "eszaki", "__ringVerts": 5, "id": 36697, "catalogFloorId": 5}, "geometry": {"type": "Polygon", "coordinates": [[[19.06255804002285, 47.472936180285515], [19.062566086649895, 47.472956123370125], [19.062490314245224, 47.472966548161345], [19.06248427927494, 47.47294615182877], [19.06255804002285, 47.472936180285515]]]}}, {"type": "Feature", "id": 36673, "properties": {"buildingId": 2, "floorId": 5, "roomNumber": "031", "roomName": "M\u00e9r\u0151labor", "scope": "budapest/lagymanyos/eszaki/0/LK-0-031-01-14", "roomCode": "LK-0-031-01-14", "roomType": "educational", "__tile": "16/36238/22923", "__layer": "rooms", "__zoom": 16, "__mvtId": 36673, "__building": "eszaki", "__ringVerts": 5, "id": 36673, "catalogFloorId": 5}, "geometry": {"type": "Polygon", "coordinates": [[[19.061839878559113, 47.47430181084407], [19.061847925186157, 47.474328098770854], [19.061780869960785, 47.47433716357015], [19.06177282333374, 47.474310875647895], [19.061839878559113, 47.47430181084407]]]}}, {"type": "Feature", "id": 36674, "properties": {"buildingId": 2, "floorId": 5, "roomNumber": "036", "roomName": "L\u00e9zer labor", "scope": "budapest/lagymanyos/eszaki/0/LK-0-036-01-14", "roomCode": "LK-0-036-01-14", "roomType": "educational", "__tile": "16/36238/22923", "__layer": "rooms", "__zoom": 16, "__mvtId": 36674, "__building": "eszaki", "__ringVerts": 13, "id": 36674, "catalogFloorId": 5}, "geometry": {"type": "Polygon", "coordinates": [[[19.061865359544754, 47.474386113459296], [19.0618734061718, 47.47441240134392], [19.06186670064926, 47.474416027258], [19.061874747276306, 47.474415120779504], [19.061890840530396, 47.474467696506565], [19.06188279390335, 47.47447222889436], [19.061890840530396, 47.47447041593929], [19.06189888715744, 47.47449670378174], [19.06183049082756, 47.47450576855194], [19.061806350946426, 47.47442327908543], [19.061829149723053, 47.474419653171836], [19.06182110309601, 47.47439155233306], [19.061865359544754, 47.474386113459296]]]}}, {"type": "Feature", "id": 36675, "properties": {"buildingId": 2, "floorId": 5, "roomNumber": "032", "roomName": "NMR sz\u00e1m\u00edt\u00f3g\u00e9p szoba \u00e9s szil\u00e1rd NMR laborat\u00f3rium", "scope": "budapest/lagymanyos/eszaki/0/LK-0-032-01-14", "roomCode": "LK-0-032-01-14", "roomType": "educational", "__tile": "16/36238/22923", "__layer": "rooms", "__zoom": 16, "__mvtId": 36675, "__building": "eszaki", "__ringVerts": 5, "id": 36675, "catalogFloorId": 5}, "geometry": {"type": "Polygon", "coordinates": [[[19.061847925186157, 47.47432991173084], [19.061855971813202, 47.474356199643566], [19.06178891658783, 47.47436526443801], [19.061780869960785, 47.47433807004999], [19.061847925186157, 47.47432991173084]]]}}, {"type": "Feature", "id": 36746, "properties": {"buildingId": 2, "floorId": 5, "roomNumber": "000/6/A", "roomName": "Folyos\u00f3", "scope": "budapest/lagymanyos/eszaki/0/LK-0-000-6-A-04-63", "roomCode": "LK-0-000/6/A-04-63", "roomType": "corridor", "__tile": "16/36238/22923", "__layer": "rooms", "__zoom": 16, "__mvtId": 36746, "__building": "eszaki", "__ringVerts": 5, "id": 36746, "catalogFloorId": 5}, "geometry": {"type": "Polygon", "coordinates": [[[19.061892181634903, 47.47423654421036], [19.061897546052933, 47.47425014143239], [19.06179964542389, 47.474263738650926], [19.061796963214874, 47.47425104791374], [19.061892181634903, 47.47423654421036]]]}}, {"type": "Feature", "id": 36748, "properties": {"buildingId": 2, "floorId": 5, "roomNumber": "042", "roomName": "El\u0151t\u00e9r", "scope": "budapest/lagymanyos/eszaki/0/LK-0-042A-04-62", "roomCode": "LK-0-042A-04-62", "roomType": "corridor", "__tile": "16/36238/22923", "__layer": "rooms", "__zoom": 16, "__mvtId": 36748, "__building": "eszaki", "__ringVerts": 5, "id": 36748, "catalogFloorId": 5}, "geometry": {"type": "Polygon", "coordinates": [[[19.061864018440247, 47.47422838587545], [19.06186670064926, 47.47424017013658], [19.061817079782486, 47.47424651550686], [19.06181439757347, 47.47423473124715], [19.061864018440247, 47.47422838587545]]]}}, {"type": "Feature", "id": 36819, "properties": {"buildingId": 2, "floorId": 5, "roomNumber": "037", "roomName": "Kompresszorhelyis\u00e9g", "scope": "budapest/lagymanyos/eszaki/0/LK-0-037-01-15", "roomCode": "LK-0-037-01-15", "roomType": "educational", "__tile": "17/72476/45847", "__layer": "rooms", "__zoom": 17, "__mvtId": 36819, "__building": "eszaki", "__ringVerts": 5, "id": 36819, "catalogFloorId": 5}, "geometry": {"type": "Polygon", "coordinates": [[[19.061862006783485, 47.4726465514537], [19.061869382858276, 47.472672840208524], [19.06183920800686, 47.47267646624264], [19.061831161379814, 47.4726506307441], [19.061862006783485, 47.4726465514537]]]}}, {"type": "Feature", "id": 36841, "properties": {"buildingId": 2, "floorId": 5, "roomNumber": "F.85", "roomName": "Harm\u00f3nia terem gal\u00e9ri\u00e1ja", "scope": "budapest/lagymanyos/eszaki/0/L\u00c9-0-056A-04-66", "roomCode": "L\u00c9-0-056A-04-66", "roomType": "corridor", "__tile": "17/72476/45847", "__layer": "rooms", "__zoom": 17, "__mvtId": 36841, "__building": "eszaki", "__ringVerts": 11, "id": 36841, "catalogFloorId": 5}, "geometry": {"type": "Polygon", "coordinates": [[[19.061921685934067, 47.472663775122136], [19.061912298202515, 47.47263386032597], [19.062157720327377, 47.47263386032597], [19.06215839087963, 47.4726352200898], [19.062089323997498, 47.47264428518111], [19.06208798289299, 47.47264065914478], [19.062076583504677, 47.47264201890843], [19.062077924609184, 47.47264745796271], [19.06200885772705, 47.4726565230519], [19.062007516622543, 47.472651537253036], [19.061921685934067, 47.472663775122136]]]}}, {"type": "Feature", "id": 36877, "properties": {"buildingId": 2, "floorId": 5, "roomNumber": "050B", "roomName": "WC", "scope": "budapest/lagymanyos/eszaki/0/LK-0-050B-05-71", "roomCode": "LK-0-050B-05-71", "roomType": "social", "__tile": "16/36238/22923", "__layer": "rooms", "__zoom": 16, "__mvtId": 36877, "__building": "eszaki", "__ringVerts": 5, "id": 36877, "catalogFloorId": 5}, "geometry": {"type": "Polygon", "coordinates": [[[19.061837196350098, 47.47425920624514], [19.061839878559113, 47.474269177537344], [19.061829149723053, 47.474270990499356], [19.061826467514038, 47.474261019207496], [19.061837196350098, 47.47425920624514]]]}}, {"type": "Feature", "id": 36734, "properties": {"buildingId": 2, "floorId": 5, "roomNumber": "F-36 A1", "roomName": "Folyos\u00f3", "scope": "budapest/lagymanyos/eszaki/0/L\u00c9-0-K4-A-04-63", "roomCode": "L\u00c9-0-K4/A-04-63", "roomType": "corridor", "__tile": "16/36238/22923", "__layer": "rooms", "__zoom": 16, "__mvtId": 36734, "__building": "eszaki", "__ringVerts": 5, "id": 36734, "catalogFloorId": 5}, "geometry": {"type": "Polygon", "coordinates": [[[19.062270373106003, 47.4741268598239], [19.0622878074646, 47.47418396825203], [19.06225696206093, 47.4741885006643], [19.06223952770233, 47.47413048575769], [19.062270373106003, 47.4741268598239]]]}}, {"type": "Feature", "id": 36662, "properties": {"buildingId": 2, "floorId": 5, "roomNumber": "F-36 A1 (0.120)", "roomName": "K\u00e9mia k\u00f6nyvt\u00e1r", "scope": "budapest/lagymanyos/eszaki/0/L\u00c9-0-120-03-43", "roomCode": "L\u00c9-0-120-03-43", "roomType": "misc", "__tile": "16/36238/22923", "__layer": "rooms", "__zoom": 16, "__mvtId": 36662, "__building": "eszaki", "__ringVerts": 11, "id": 36662, "catalogFloorId": 5}, "geometry": {"type": "Polygon", "coordinates": [[[19.06242325901985, 47.47404799570207], [19.062456786632538, 47.47415768025314], [19.06229853630066, 47.47417943583937], [19.062281101942062, 47.47412323388986], [19.062232822179794, 47.47412867279082], [19.062248915433884, 47.47416855804738], [19.06222477555275, 47.47417218397829], [19.06223013997078, 47.47419122011148], [19.06217247247696, 47.47419847196993], [19.062138944864273, 47.4740869745357], [19.06242325901985, 47.47404799570207]], [[19.06233474612236, 47.47413411169123], [19.062332063913345, 47.47413773762452], [19.062336087226868, 47.47413955059107], [19.06234011054039, 47.474136831141216], [19.06233474612236, 47.47413411169123]], [[19.062357544898987, 47.474111449602496], [19.062354862689972, 47.474114169053664], [19.062358886003494, 47.474115982021026], [19.06236156821251, 47.47411326256996], [19.062357544898987, 47.474111449602496]]]}}, {"type": "Feature", "id": 36665, "properties": {"buildingId": 2, "floorId": 5, "roomNumber": "F.38", "roomName": "Folyos\u00f3 (diszp\u00e9cser szob\u00e1hoz)", "scope": "budapest/lagymanyos/eszaki/0/L\u00c9-0-121C-04-63", "roomCode": "L\u00c9-0-121C-04-63", "roomType": "corridor", "__tile": "16/36238/22923", "__layer": "rooms", "__zoom": 16, "__mvtId": 36665, "__building": "eszaki", "__ringVerts": 7, "id": 36665, "catalogFloorId": 5}, "geometry": {"type": "Polygon", "coordinates": [[[19.062380343675613, 47.47420481734524], [19.062385708093643, 47.47422204050297], [19.06231328845024, 47.47423201180222], [19.06230255961418, 47.474229292357165], [19.062299877405167, 47.474218414575496], [19.06230792403221, 47.474213882165806], [19.062380343675613, 47.47420481734524]]]}}, {"type": "Feature", "id": 36666, "properties": {"buildingId": 2, "floorId": 5, "roomNumber": "F.38/C B8", "roomName": "Diszp\u00e9cser k\u00f6zpont", "scope": "budapest/lagymanyos/eszaki/0/L\u00c9-0-121A-02-33", "roomCode": "L\u00c9-0-121A-02-33", "roomType": "administrative", "__tile": "16/36238/22923", "__layer": "rooms", "__zoom": 16, "__mvtId": 36666, "__building": "eszaki", "__ringVerts": 5, "id": 36666, "catalogFloorId": 5}, "geometry": {"type": "Polygon", "coordinates": [[[19.062472879886627, 47.47421206920182], [19.062488973140717, 47.47426827105632], [19.06237632036209, 47.47428277475094], [19.062360227108, 47.47422657291196], [19.062472879886627, 47.47421206920182]], [[19.062391072511673, 47.474223853466604], [19.062388390302658, 47.47422657291196], [19.06239241361618, 47.47422838587545], [19.062395095825195, 47.47422566643019], [19.062391072511673, 47.474223853466604]]]}}, {"type": "Feature", "id": 36717, "properties": {"buildingId": 2, "floorId": 5, "roomNumber": "F.41/A (0.115B)", "roomName": "N\u0151i WC", "scope": "budapest/lagymanyos/eszaki/0/L\u00c9-0-115B-05-71", "roomCode": "L\u00c9-0-115B-05-71", "roomType": "social", "__tile": "16/36238/22923", "__layer": "rooms", "__zoom": 16, "__mvtId": 36717, "__building": "eszaki", "__ringVerts": 5, "id": 36717, "catalogFloorId": 5}, "geometry": {"type": "Polygon", "coordinates": [[[19.062310606241226, 47.47447494832685], [19.062317311763763, 47.47449670378174], [19.062279760837555, 47.474501236167036], [19.062273055315018, 47.47447948071403], [19.062310606241226, 47.47447494832685]]]}}, {"type": "Feature", "id": 36737, "properties": {"buildingId": 2, "floorId": 5, "roomNumber": "F-L3", "roomName": "L\u00e9pcs\u0151h\u00e1z", "scope": "budapest/lagymanyos/eszaki/0/L\u00c9-0-L3-04-64", "roomCode": "L\u00c9-0-L3-04-64", "roomType": "corridor", "__tile": "16/36238/22923", "__layer": "rooms", "__zoom": 16, "__mvtId": 36737, "__building": "eszaki", "__ringVerts": 5, "id": 36737, "catalogFloorId": 5}, "geometry": {"type": "Polygon", "coordinates": [[[19.06225562095642, 47.47421932105738], [19.062262326478958, 47.47424288958108], [19.062184542417526, 47.47425286087639], [19.06217783689499, 47.47423019883887], [19.06225562095642, 47.47421932105738]]]}}, {"type": "Feature", "id": 36726, "properties": {"buildingId": 2, "floorId": 5, "roomNumber": "F-40/A 0.122 A", "roomName": "Iroda", "scope": "budapest/lagymanyos/eszaki/0/L\u00c9-0-122A-02-33", "roomCode": "L\u00c9-0-122A-02-33", "roomType": "administrative", "__tile": "16/36238/22923", "__layer": "rooms", "__zoom": 16, "__mvtId": 36726, "__building": "eszaki", "__ringVerts": 6, "id": 36726, "catalogFloorId": 5}, "geometry": {"type": "Polygon", "coordinates": [[[19.06240314245224, 47.47428186827014], [19.062412530183792, 47.474310875647895], [19.06234011054039, 47.4743208469303], [19.062333405017853, 47.47429909140261], [19.062332063913345, 47.47429093307741], [19.06240314245224, 47.47428186827014]]]}}, {"type": "Feature", "id": 36731, "properties": {"buildingId": 2, "floorId": 5, "roomNumber": "P-K3/A", "roomName": "Folyos\u00f3", "scope": "budapest/lagymanyos/eszaki/0/L\u00c9-0-K3-A-04-63", "roomCode": "L\u00c9-0-K3/A-04-63", "roomType": "corridor", "__tile": "16/36238/22923", "__layer": "rooms", "__zoom": 16, "__mvtId": 36731, "__building": "eszaki", "__ringVerts": 6, "id": 36731, "catalogFloorId": 5}, "geometry": {"type": "Polygon", "coordinates": [[[19.06225562095642, 47.4741885006643], [19.062259644269943, 47.474202097898775], [19.06217649579048, 47.47421297568383], [19.06217247247696, 47.474199378452155], [19.06223013997078, 47.47419212659384], [19.06225562095642, 47.4741885006643]]]}}, {"type": "Feature", "id": 36730, "properties": {"buildingId": 2, "floorId": 5, "roomNumber": "F-K4", "roomName": "Folyos\u00f3", "scope": "budapest/lagymanyos/eszaki/0/L\u00c9-0-FK4-04-63", "roomCode": "L\u00c9-0-FK4-04-63", "roomType": "corridor", "__tile": "16/36238/22923", "__layer": "rooms", "__zoom": 16, "__mvtId": 36730, "__building": "eszaki", "__ringVerts": 55, "id": 36730, "catalogFloorId": 5}, "geometry": {"type": "Polygon", "coordinates": [[[19.0622878074646, 47.47418487473451], [19.062289148569107, 47.47419212659384], [19.062299877405167, 47.4741903136291], [19.06230255961418, 47.474199378452155], [19.062291830778122, 47.47420119141658], [19.062322676181793, 47.474300904363595], [19.062332063913345, 47.47429909140261], [19.062336087226868, 47.47430996916758], [19.062325358390808, 47.474310875647895], [19.062330722808838, 47.4743308182108], [19.062341451644897, 47.47432991173084], [19.062344133853912, 47.47433988300963], [19.06233474612236, 47.47434169596921], [19.06234011054039, 47.474358919082064], [19.06235083937645, 47.47435710612309], [19.062353521585464, 47.474367983876036], [19.062342792749405, 47.47436979683465], [19.062348157167435, 47.4743870199383], [19.062358886003494, 47.47438520698029], [19.062362909317017, 47.474397897685066], [19.062352180480957, 47.474399710642636], [19.06235620379448, 47.474415120779504], [19.06236693263054, 47.47441330782246], [19.062369614839554, 47.474424185563784], [19.062360227108, 47.474425092042125], [19.062364250421524, 47.47444322160568], [19.062374979257584, 47.47444140864961], [19.062379002571106, 47.47445409934081], [19.062368273735046, 47.47445591229645], [19.06237095594406, 47.47446225764068], [19.06234011054039, 47.474466790028956], [19.062337428331375, 47.47445772525202], [19.062326699495316, 47.47445953820754], [19.0623240172863, 47.474448660473534], [19.062333405017853, 47.47444684751765], [19.06231999397278, 47.47440152360015], [19.06230926513672, 47.47440333655761], [19.062306582927704, 47.474392458811955], [19.062317311763763, 47.47439155233306], [19.06230390071869, 47.47434985428652], [19.0622878074646, 47.474351667245756], [19.06228244304657, 47.47433625709029], [19.062299877405167, 47.474333537650615], [19.062286466360092, 47.47428912011608], [19.062275737524033, 47.47429093307741], [19.062273055315018, 47.474280055308505], [19.06228244304657, 47.47427914882766], [19.06227707862854, 47.474261019207496], [19.062267690896988, 47.47426283216979], [19.062265008687973, 47.474251954395065], [19.062274396419525, 47.47425104791374], [19.06225696206093, 47.47421932105738], [19.062265008687973, 47.474218414575496], [19.06225562095642, 47.4741885006643], [19.0622878074646, 47.47418487473451]]]}}, {"type": "Feature", "id": 36842, "properties": {"buildingId": 2, "floorId": 5, "roomNumber": "F-33-34 M2", "roomName": "Folyos\u00f3", "scope": "budapest/lagymanyos/eszaki/0/L\u00c9-0-033-34-04-63", "roomCode": "L\u00c9-0-033-34-04-63", "roomType": "corridor", "__tile": "16/36238/22923", "__layer": "rooms", "__zoom": 16, "__mvtId": 36842, "__building": "eszaki", "__ringVerts": 12, "id": 36842, "catalogFloorId": 5}, "geometry": {"type": "Polygon", "coordinates": [[[19.06214565038681, 47.47414045707432], [19.062146991491318, 47.47414680245665], [19.062153697013855, 47.4741458959735], [19.062168449163437, 47.47419393955851], [19.0621617436409, 47.474194846040824], [19.062163084745407, 47.47420119141658], [19.062171131372452, 47.47420028493438], [19.062175154685974, 47.47421297568383], [19.06217649579048, 47.474255580320225], [19.06213089823723, 47.47426192568865], [19.062097370624542, 47.474147708939775], [19.06214565038681, 47.47414045707432]]]}}, {"type": "Feature", "id": 36879, "properties": {"buildingId": 2, "floorId": 5, "roomNumber": "F-42 B (0.123A)", "roomName": "Iroda", "scope": "budapest/lagymanyos/eszaki/0/L\u00c9-0-123A-02-33", "roomCode": "L\u00c9-0-123A-02-33", "roomType": "administrative", "__tile": "16/36238/22923", "__layer": "rooms", "__zoom": 16, "__mvtId": 36879, "__building": "eszaki", "__ringVerts": 5, "id": 36879, "catalogFloorId": 5}, "geometry": {"type": "Polygon", "coordinates": [[[19.06242862343788, 47.474367983876036], [19.062436670064926, 47.47439155233306], [19.06236559152603, 47.47440152360015], [19.062357544898987, 47.47437704866846], [19.06242862343788, 47.474367983876036]]]}}, {"type": "Feature", "id": 36659, "properties": {"buildingId": 2, "floorId": 5, "roomNumber": "F.68/D", "roomName": "T\u00e1rol\u00f3", "scope": "budapest/lagymanyos/eszaki/0/L\u00c9-0-098-D-05-73", "roomCode": "L\u00c9-0-098/D-05-73", "roomType": "social", "__tile": "17/72476/45847", "__layer": "rooms", "__zoom": 17, "__mvtId": 36659, "__building": "eszaki", "__ringVerts": 5, "id": 36659, "catalogFloorId": 5}, "geometry": {"type": "Polygon", "coordinates": [[[19.061886817216873, 47.473026830609115], [19.061892181634903, 47.47304541390614], [19.061872735619545, 47.47304768016143], [19.061867371201515, 47.473029096865204], [19.061886817216873, 47.473026830609115]]]}}, {"type": "Feature", "id": 36696, "properties": {"buildingId": 2, "floorId": 5, "roomNumber": "F.68 (0.98)", "roomName": "Iroda", "scope": "budapest/lagymanyos/eszaki/0/L\u00c9-0-098-02-33", "roomCode": "L\u00c9-0-098-02-33", "roomType": "administrative", "__tile": "17/72476/45847", "__layer": "rooms", "__zoom": 17, "__mvtId": 36696, "__building": "eszaki", "__ringVerts": 5, "id": 36696, "catalogFloorId": 5}, "geometry": {"type": "Polygon", "coordinates": [[[19.061866030097008, 47.47302955011641], [19.061882123351097, 47.47308484673416], [19.06183384358883, 47.473091192243956], [19.061817079782486, 47.473035895632876], [19.061866030097008, 47.47302955011641]]]}}, {"type": "Feature", "id": 36813, "properties": {"buildingId": 2, "floorId": 5, "roomNumber": "F.L6", "roomName": "L\u00e9pcs\u0151h\u00e1z", "scope": "budapest/lagymanyos/eszaki/0/L\u00c9-0-L6-04-64", "roomCode": "L\u00c9-0-L6-04-64", "roomType": "corridor", "__tile": "17/72476/45847", "__layer": "rooms", "__zoom": 17, "__mvtId": 36813, "__building": "eszaki", "__ringVerts": 5, "id": 36813, "catalogFloorId": 5}, "geometry": {"type": "Polygon", "coordinates": [[[19.06203366816044, 47.4730649036984], [19.06204104423523, 47.473088472739846], [19.061963260173798, 47.473098897504805], [19.061955884099007, 47.47307578171885], [19.06203366816044, 47.4730649036984]]]}}, {"type": "Feature", "id": 36672, "properties": {"buildingId": 2, "floorId": 5, "roomNumber": "F.76 M1 (0.92)", "roomName": "Iroda", "scope": "budapest/lagymanyos/eszaki/0/L\u00c9-0-092-02-33", "roomCode": "L\u00c9-0-092-02-33", "roomType": "administrative", "__tile": "17/72476/45847", "__layer": "rooms", "__zoom": 17, "__mvtId": 36672, "__building": "eszaki", "__ringVerts": 5, "id": 36672, "catalogFloorId": 5}, "geometry": {"type": "Polygon", "coordinates": [[[19.061827808618546, 47.4728301192084], [19.061836525797844, 47.472859127387515], [19.06176745891571, 47.4728681924402], [19.061758741736412, 47.47283963751894], [19.061827808618546, 47.4728301192084]]]}}, {"type": "Feature", "id": 36694, "properties": {"buildingId": 2, "floorId": 5, "roomNumber": "F.64-66 B1 (0.100C)", "roomName": "T\u00e1TK kari tan\u00e1csterem", "scope": "budapest/lagymanyos/eszaki/0/L\u00c9-0-100C-01-17", "roomCode": "L\u00c9-0-100C-01-17", "roomType": "educational", "__tile": "17/72476/45847", "__layer": "rooms", "__zoom": 17, "__mvtId": 36694, "__building": "eszaki", "__ringVerts": 13, "id": 36694, "catalogFloorId": 5}, "geometry": {"type": "Polygon", "coordinates": [[[19.061919003725052, 47.47313878354296], [19.06192973256111, 47.47317459030141], [19.061876758933067, 47.47318184230016], [19.06187877058983, 47.47320813078721], [19.061871394515038, 47.47321538278132], [19.061857983469963, 47.473218102278864], [19.061871394515038, 47.47326161422028], [19.061795622110367, 47.47327203895088], [19.06176209449768, 47.47316008630093], [19.06183920800686, 47.47314966154811], [19.06184323132038, 47.47315102129859], [19.06184658408165, 47.473148301797586], [19.061919003725052, 47.47313878354296]], [[19.061858654022217, 47.47320223854126], [19.061855971813202, 47.473205411289165], [19.061860665678978, 47.473207224287876], [19.061863347887993, 47.47320405154008], [19.061858654022217, 47.47320223854126]]]}}, {"type": "Feature", "id": 36846, "properties": {"buildingId": 2, "floorId": 5, "roomNumber": "F.64-66 B1 (0.100B)", "roomName": "Cseh-Szombathy terem", "scope": "budapest/lagymanyos/eszaki/0/L\u00c9-0-100B-01-11", "roomCode": "L\u00c9-0-100B-01-11", "roomType": "educational", "__tile": "17/72476/45847", "__layer": "rooms", "__zoom": 17, "__mvtId": 36846, "__building": "eszaki", "__ringVerts": 8, "id": 36846, "catalogFloorId": 5}, "geometry": {"type": "Polygon", "coordinates": [[[19.061973318457603, 47.47317005780169], [19.06199611723423, 47.47324439074777], [19.0618734061718, 47.47326116097107], [19.061860665678978, 47.47321946202757], [19.061872735619545, 47.473216289280515], [19.061881452798843, 47.473207224287876], [19.06187877058983, 47.47318274879993], [19.061973318457603, 47.47317005780169]], [[19.061942473053932, 47.47319090729718], [19.061939120292664, 47.47319408004577], [19.06194381415844, 47.473196346294635], [19.06194716691971, 47.47319317354619], [19.061942473053932, 47.47319090729718]]]}}, {"type": "Feature", "id": 36677, "properties": {"buildingId": 2, "floorId": 5, "roomNumber": "033", "roomName": "NMR mintael\u0151k\u00e9sz\u00edt\u0151", "scope": "budapest/lagymanyos/eszaki/0/LK-0-033-01-15", "roomCode": "LK-0-033-01-15", "roomType": "educational", "__tile": "16/36238/22923", "__layer": "rooms", "__zoom": 16, "__mvtId": 36677, "__building": "eszaki", "__ringVerts": 5, "id": 36677, "catalogFloorId": 5}, "geometry": {"type": "Polygon", "coordinates": [[[19.06185731291771, 47.474358919082064], [19.061865359544754, 47.47438430050126], [19.06179830431938, 47.47439336529086], [19.061790257692337, 47.474367077396714], [19.06185731291771, 47.474358919082064]]]}}, {"type": "Feature", "id": 36818, "properties": {"buildingId": 2, "floorId": 5, "roomNumber": "000/5", "roomName": "Folyos\u00f3", "scope": "budapest/lagymanyos/eszaki/0/LK-0-000-5-04-63", "roomCode": "LK-0-000/5-04-63", "roomType": "corridor", "__tile": "17/72476/45847", "__layer": "rooms", "__zoom": 17, "__mvtId": 36818, "__building": "eszaki", "__ringVerts": 19, "id": 36818, "catalogFloorId": 5}, "geometry": {"type": "Polygon", "coordinates": [[[19.06178556382656, 47.4726365798536], [19.061784222722054, 47.47263386032597], [19.061824455857277, 47.47263386032597], [19.061827138066292, 47.47264201890843], [19.061815068125725, 47.47264337867205], [19.061820432543755, 47.472660602341534], [19.061831831932068, 47.47265878932396], [19.061835184693336, 47.47266921417416], [19.061823785305023, 47.472671027191375], [19.061825796961784, 47.472678732513835], [19.061800315976143, 47.47268235854755], [19.061797633767128, 47.47267465322562], [19.061784893274307, 47.472676012988394], [19.061782211065292, 47.47266558813954], [19.061793610453606, 47.472663775122136], [19.06178891658783, 47.4726470047082], [19.061776846647263, 47.472648364471695], [19.061774164438248, 47.47263839287194], [19.06178556382656, 47.4726365798536]]]}}, {"type": "Feature", "id": 36711, "properties": {"buildingId": 2, "floorId": 5, "roomNumber": "F.43", "roomName": "F\u00e9rfi WC", "scope": "budapest/lagymanyos/eszaki/0/L\u00c9-0-139B-05-71", "roomCode": "L\u00c9-0-139B-05-71", "roomType": "social", "__tile": "17/72476/45847", "__layer": "rooms", "__zoom": 17, "__mvtId": 36711, "__building": "eszaki", "__ringVerts": 7, "id": 36711, "catalogFloorId": 5}, "geometry": {"type": "Polygon", "coordinates": [[[19.062382355332375, 47.47276122471884], [19.062388390302658, 47.47278116786985], [19.062381014227867, 47.472782074376525], [19.06238168478012, 47.47278479389649], [19.06230054795742, 47.4727956719749], [19.062291830778122, 47.47277300930899], [19.062382355332375, 47.47276122471884]]]}}, {"type": "Feature", "id": 36831, "properties": {"buildingId": 2, "floorId": 5, "roomNumber": "F.K11", "roomName": "Folyos\u00f3", "scope": "budapest/lagymanyos/eszaki/0/L\u00c9-0-K11-04-63", "roomCode": "L\u00c9-0-K11-04-63", "roomType": "corridor", "__tile": "17/72476/45847", "__layer": "rooms", "__zoom": 17, "__mvtId": 36831, "__building": "eszaki", "__ringVerts": 5, "id": 36831, "catalogFloorId": 5}, "geometry": {"type": "Polygon", "coordinates": [[[19.061992093920708, 47.47277799509633], [19.061998799443245, 47.47279975125374], [19.061888828873634, 47.472814708606734], [19.06188279390335, 47.47279340570876], [19.061992093920708, 47.47277799509633]]]}}, {"type": "Feature", "id": 36709, "properties": {"buildingId": 2, "floorId": 5, "roomNumber": "F.45/B", "roomName": "Akad\u00e1lymentes WC", "scope": "budapest/lagymanyos/eszaki/0/L\u00c9-0-138-05-71", "roomCode": "L\u00c9-0-138-05-71", "roomType": "social", "__tile": "17/72476/45847", "__layer": "rooms", "__zoom": 17, "__mvtId": 36709, "__building": "eszaki", "__ringVerts": 5, "id": 36709, "catalogFloorId": 5}, "geometry": {"type": "Polygon", "coordinates": [[[19.062388390302658, 47.47281561511284], [19.062393084168434, 47.47283147896716], [19.06236156821251, 47.472835558243204], [19.062356874346733, 47.472820147643134], [19.062388390302658, 47.47281561511284]]]}}, {"type": "Feature", "id": 36839, "properties": {"buildingId": 2, "floorId": 5, "roomNumber": "F.55", "roomName": "G\u00f6mb Aula", "scope": "budapest/lagymanyos/eszaki/0/L\u00c9-0-055-04-61", "roomCode": "L\u00c9-0-055-04-61", "roomType": "corridor", "__tile": "17/72476/45847", "__layer": "rooms", "__zoom": 17, "__mvtId": 36839, "__building": "eszaki", "__ringVerts": 46, "id": 36839, "catalogFloorId": 5}, "geometry": {"type": "Polygon", "coordinates": [[[19.062293842434883, 47.47279249920227], [19.062295854091644, 47.47279929800055], [19.062306582927704, 47.472797484987765], [19.062320664525032, 47.47284507655276], [19.062309935688972, 47.4728468895639], [19.06231328845024, 47.4728564078714], [19.0623240172863, 47.47285504811329], [19.062337428331375, 47.47290127986924], [19.062326699495316, 47.472902639626156], [19.06232938170433, 47.472912611175765], [19.062340781092644, 47.47291125141911], [19.062354192137718, 47.47295748312562], [19.062344133853912, 47.47295884288107], [19.062346816062927, 47.47296881442003], [19.062357544898987, 47.472967454664825], [19.062371626496315, 47.47301413957323], [19.062360227108, 47.47301595257854], [19.062362238764763, 47.47302275134792], [19.062293842434883, 47.47303181637238], [19.062291830778122, 47.47302501760418], [19.062275737524033, 47.47302728386034], [19.062110111117363, 47.47304949316559], [19.062112122774124, 47.47305629193062], [19.06204305589199, 47.47306581020019], [19.06204104423523, 47.47305901143638], [19.062030985951424, 47.47306037118921], [19.062016904354095, 47.473013233070546], [19.0620269626379, 47.473011873316494], [19.062024280428886, 47.473001901785715], [19.062013551592827, 47.47300326154003], [19.062000140547752, 47.47295748312562], [19.06201019883156, 47.472956123370125], [19.062007516622543, 47.47294615182877], [19.061996787786484, 47.47294751158452], [19.061982706189156, 47.47290127986924], [19.061993435025215, 47.47289992011229], [19.061990082263947, 47.47288949530786], [19.06198002398014, 47.47289130831748], [19.06196527183056, 47.47284371679435], [19.061976671218872, 47.472842357035915], [19.06197465956211, 47.472835558243204], [19.06204305589199, 47.47282649318488], [19.062045067548752, 47.47283329197877], [19.06222678720951, 47.47280836306356], [19.06222477555275, 47.47280156426645], [19.062293842434883, 47.47279249920227]], [[19.06210944056511, 47.47302229809665], [19.06210608780384, 47.47302547085542], [19.062110781669617, 47.47302773711157], [19.062114134430885, 47.47302456435294], [19.06210944056511, 47.47302229809665]], [[19.06205914914608, 47.47299963552845], [19.06205579638481, 47.4730028082886], [19.062060490250587, 47.47300507454571], [19.062063843011856, 47.473001901785715], [19.06205914914608, 47.47299963552845]], [[19.062276408076286, 47.47299963552845], [19.062273055315018, 47.4730028082886], [19.062277749180794, 47.47300507454571], [19.062281101942062, 47.473001901785715], [19.062276408076286, 47.47299963552845]], [[19.062309935688972, 47.4729660949096], [19.062306582927704, 47.47296926767176], [19.06231127679348, 47.47297108067862], [19.06231462955475, 47.47296790791657], [19.062309935688972, 47.4729660949096]], [[19.062025621533394, 47.472887682298186], [19.062022268772125, 47.472890855065074], [19.0620269626379, 47.47289312132703], [19.06203031539917, 47.472889948560265], [19.062025621533394, 47.472887682298186]], [[19.06205914914608, 47.47285368835515], [19.06205579638481, 47.47285686112409], [19.062060490250587, 47.472859127387515], [19.062063843011856, 47.4728559546187], [19.06205914914608, 47.47285368835515]], [[19.062276408076286, 47.47285368835515], [19.062273055315018, 47.47285686112409], [19.062277749180794, 47.472859127387515], [19.062281101942062, 47.4728559546187], [19.062276408076286, 47.47285368835515]], [[19.062226116657257, 47.47283147896716], [19.062223434448242, 47.47283465173744], [19.06222812831402, 47.472836464748944], [19.062230810523033, 47.47283329197877], [19.062226116657257, 47.47283147896716]]]}}, {"type": "Feature", "id": 36713, "properties": {"buildingId": 2, "floorId": 5, "roomNumber": "F-K11/A", "roomName": "Folyos\u00f3", "scope": "budapest/lagymanyos/eszaki/0/L\u00c9-0-K11-A-04-63", "roomCode": "L\u00c9-0-K11/A-04-63", "roomType": "corridor", "__tile": "17/72476/45847", "__layer": "rooms", "__zoom": 17, "__mvtId": 36713, "__building": "eszaki", "__ringVerts": 6, "id": 36713, "catalogFloorId": 5}, "geometry": {"type": "Polygon", "coordinates": [[[19.06235620379448, 47.47272859045542], [19.062362909317017, 47.472750799886896], [19.062204658985138, 47.47277210280214], [19.062198624014854, 47.47275034663329], [19.062288478016853, 47.47273810878434], [19.06235620379448, 47.47272859045542]]]}}, {"type": "Feature", "id": 36708, "properties": {"buildingId": 2, "floorId": 5, "roomNumber": "F.45", "roomName": "F\u00e9rfi mosd\u00f3", "scope": "budapest/lagymanyos/eszaki/0/L\u00c9-0-139A-05-71", "roomCode": "L\u00c9-0-139A-05-71", "roomType": "social", "__tile": "17/72476/45847", "__layer": "rooms", "__zoom": 17, "__mvtId": 36708, "__building": "eszaki", "__ringVerts": 5, "id": 36708, "catalogFloorId": 5}, "geometry": {"type": "Polygon", "coordinates": [[[19.06237967312336, 47.47278660690971], [19.062388390302658, 47.472814708606734], [19.06235620379448, 47.47281878788409], [19.062348157167435, 47.47279068618925], [19.06237967312336, 47.47278660690971]]]}}, {"type": "Feature", "id": 36836, "properties": {"buildingId": 2, "floorId": 5, "roomNumber": "F.85", "roomName": "K\u00f6zleked\u0151t\u00e9r", "scope": "budapest/lagymanyos/eszaki/0/L\u00c9-0-056-04-61", "roomCode": "L\u00c9-0-056-04-61", "roomType": "corridor", "__tile": "17/72476/45847", "__layer": "rooms", "__zoom": 17, "__mvtId": 36836, "__building": "eszaki", "__ringVerts": 34, "id": 36836, "catalogFloorId": 5}, "geometry": {"type": "Polygon", "coordinates": [[[19.062159061431885, 47.472636126599006], [19.062161073088646, 47.47264473843563], [19.062165766954422, 47.47264383192658], [19.062171131372452, 47.47266332186778], [19.062168449163437, 47.472663775122136], [19.062171131372452, 47.472672840208524], [19.062173813581467, 47.47267238695424], [19.062202647328377, 47.47277119629529], [19.062198624014854, 47.47277164954872], [19.06221069395542, 47.47280156426645], [19.062208011746407, 47.47280156426645], [19.06221069395542, 47.47281062932907], [19.062061831355095, 47.47283102571424], [19.06205914914608, 47.47282196065514], [19.06205579638481, 47.47282241390813], [19.062049761414528, 47.47279204594902], [19.062000811100006, 47.47279929800055], [19.06199276447296, 47.47277300930899], [19.061971977353096, 47.47277210280214], [19.061953872442245, 47.47276122471884], [19.061949849128723, 47.4727517063941], [19.06195320188999, 47.47273946854548], [19.061964601278305, 47.472730403470585], [19.061978682875633, 47.47272632418637], [19.06197063624859, 47.472700035458296], [19.06201958656311, 47.472694596409475], [19.06200684607029, 47.47266558813954], [19.06201221048832, 47.472664681630846], [19.062009528279305, 47.47265788281515], [19.062078595161438, 47.47264881772619], [19.062079936265945, 47.47265335027086], [19.06209133565426, 47.472651537253036], [19.06208999454975, 47.47264564494468], [19.062159061431885, 47.472636126599006]]]}}, {"type": "Feature", "id": 36809, "properties": {"buildingId": 2, "floorId": 5, "roomNumber": "067", "roomName": "N\u0151i mosd\u00f3", "scope": "budapest/lagymanyos/eszaki/0/LK-0-067-05-71", "roomCode": "LK-0-067-05-71", "roomType": "social", "__tile": "16/36238/22923", "__layer": "rooms", "__zoom": 16, "__mvtId": 36809, "__building": "eszaki", "__ringVerts": 5, "id": 36809, "catalogFloorId": 5}, "geometry": {"type": "Polygon", "coordinates": [[[19.061330258846283, 47.474371609793195], [19.06133696436882, 47.47439336529086], [19.061307460069656, 47.474397897685066], [19.06130075454712, 47.474376142189286], [19.061330258846283, 47.474371609793195]]]}}, {"type": "Feature", "id": 36866, "properties": {"buildingId": 2, "floorId": 5, "roomNumber": "073B", "roomName": "B\u00fcf\u00e9 WC", "scope": "budapest/lagymanyos/eszaki/0/LK-0-073B-05-71", "roomCode": "LK-0-073B-05-71", "roomType": "social", "__tile": "17/72476/45847", "__layer": "rooms", "__zoom": 17, "__mvtId": 36866, "__building": "eszaki", "__ringVerts": 5, "id": 36866, "catalogFloorId": 5}, "geometry": {"type": "Polygon", "coordinates": [[[19.061335623264313, 47.472910798166886], [19.06133897602558, 47.47292303597561], [19.061324894428253, 47.47292484898407], [19.061321541666985, 47.472912611175765], [19.061335623264313, 47.472910798166886]]]}}, {"type": "Feature", "id": 36801, "properties": {"buildingId": 2, "floorId": 5, "roomNumber": "055", "roomName": "Biztons\u00e1gi \u0151r pihen\u0151 szoba", "scope": "budapest/lagymanyos/eszaki/0/LK-0-055-05-73", "roomCode": "LK-0-055-05-73", "roomType": "social", "__tile": "16/36238/22923", "__layer": "rooms", "__zoom": 16, "__mvtId": 36801, "__building": "eszaki", "__ringVerts": 5, "id": 36801, "catalogFloorId": 5}, "geometry": {"type": "Polygon", "coordinates": [[[19.06144827604294, 47.47438339402222], [19.061456322669983, 47.47440968190819], [19.061402678489685, 47.474417840214954], [19.06139463186264, 47.474390645854136], [19.06144827604294, 47.47438339402222]]]}}, {"type": "Feature", "id": 36805, "properties": {"buildingId": 2, "floorId": 5, "roomNumber": "059", "roomName": "Szemin\u00e1rium", "scope": "budapest/lagymanyos/eszaki/0/LK-0-059-01-22", "roomCode": "LK-0-059-01-22", "roomType": "educational", "__tile": "17/72476/45847", "__layer": "rooms", "__zoom": 17, "__mvtId": 36805, "__building": "eszaki", "__ringVerts": 9, "id": 36805, "catalogFloorId": 5}, "geometry": {"type": "Polygon", "coordinates": [[[19.061490520834923, 47.47266966742847], [19.06150594353676, 47.472721791647984], [19.06150057911873, 47.472722244901846], [19.061501249670982, 47.472724511171066], [19.061428159475327, 47.47273448275448], [19.06141072511673, 47.472675559734135], [19.061424806714058, 47.47267374671708], [19.061426147818565, 47.472678279259604], [19.061490520834923, 47.47266966742847]]]}}, {"type": "Feature", "id": 36806, "properties": {"buildingId": 2, "floorId": 5, "roomNumber": "063", "roomName": "Kajt\u00e1r terem", "scope": "budapest/lagymanyos/eszaki/0/LK-0-060-01-12", "roomCode": "LK-0-060-01-12", "roomType": "educational", "__tile": "17/72476/45847", "__layer": "rooms", "__zoom": 17, "__mvtId": 36806, "__building": "eszaki", "__ringVerts": 10, "id": 36806, "catalogFloorId": 5}, "geometry": {"type": "Polygon", "coordinates": [[[19.061501920223236, 47.47272677744019], [19.06150259077549, 47.47272949696301], [19.06150795519352, 47.47272859045542], [19.06152404844761, 47.47278116786985], [19.061518013477325, 47.472782074376525], [19.06151868402958, 47.47278434064317], [19.061482474207878, 47.47278932642944], [19.061445593833923, 47.47279431221523], [19.06142883002758, 47.47273674902318], [19.061501920223236, 47.47272677744019]]]}}, {"type": "Feature", "id": 36869, "properties": {"buildingId": 2, "floorId": 5, "roomNumber": "057", "roomName": "El\u0151t\u00e9r", "scope": "budapest/lagymanyos/eszaki/0/LK-0-057A-04-62", "roomCode": "LK-0-057A-04-62", "roomType": "corridor", "__tile": "16/36238/22923", "__layer": "rooms", "__zoom": 16, "__mvtId": 36869, "__building": "eszaki", "__ringVerts": 5, "id": 36869, "catalogFloorId": 5}, "geometry": {"type": "Polygon", "coordinates": [[[19.061413407325745, 47.47445772525202], [19.06141608953476, 47.47446588355133], [19.061391949653625, 47.47446950946173], [19.06138926744461, 47.47446044468527], [19.061413407325745, 47.47445772525202]]]}}, {"type": "Feature", "id": 36787, "properties": {"buildingId": 2, "floorId": 5, "roomNumber": "000/7", "roomName": "\u00c1tj\u00e1r\u00f3", "scope": "budapest/lagymanyos/eszaki/0/LK-0-000-7-04-63", "roomCode": "LK-0-000/7-04-63", "roomType": "corridor", "__tile": "16/36238/22923", "__layer": "rooms", "__zoom": 16, "__mvtId": 36787, "__building": "eszaki", "__ringVerts": 5, "id": 36787, "catalogFloorId": 5}, "geometry": {"type": "Polygon", "coordinates": [[[19.061524718999863, 47.47428549419324], [19.061540812253952, 47.474340789489425], [19.061440229415894, 47.474353480204925], [19.061424136161804, 47.47429999788311], [19.061524718999863, 47.47428549419324]], [[19.061454981565475, 47.47434713484756], [19.06145229935646, 47.47434894780689], [19.061454981565475, 47.47435076076615], [19.06145766377449, 47.47434894780689], [19.061454981565475, 47.47434713484756]], [[19.061523377895355, 47.47433807004999], [19.061522036790848, 47.47433988300963], [19.061524718999863, 47.474340789489425], [19.06152606010437, 47.474338976529815], [19.061523377895355, 47.47433807004999]], [[19.061440229415894, 47.47429909140261], [19.061438888311386, 47.474300904363595], [19.0614415705204, 47.47430181084407], [19.06144291162491, 47.47429999788311], [19.061440229415894, 47.47429909140261]], [[19.061508625745773, 47.474290026596755], [19.061507284641266, 47.47429183955805], [19.06150996685028, 47.47429274603868], [19.061511307954788, 47.47429093307741], [19.061508625745773, 47.474290026596755]]]}}, {"type": "Feature", "id": 36788, "properties": {"buildingId": 2, "floorId": 5, "roomNumber": "000/8/a", "roomName": "\u00c1tj\u00e1r\u00f3", "scope": "budapest/lagymanyos/eszaki/0/LK-0-000-8-a-04-63", "roomCode": "LK-0-000/8/a-04-63", "roomType": "corridor", "__tile": "16/36238/22923", "__layer": "rooms", "__zoom": 16, "__mvtId": 36788, "__building": "eszaki", "__ringVerts": 5, "id": 36788, "catalogFloorId": 5}, "geometry": {"type": "Polygon", "coordinates": [[[19.061422795057297, 47.474300904363595], [19.061438888311386, 47.47435257372535], [19.061328917741776, 47.474367077396714], [19.061312824487686, 47.47431178212819], [19.061422795057297, 47.474300904363595]]]}}, {"type": "Feature", "id": 36803, "properties": {"buildingId": 2, "floorId": 5, "roomNumber": "057", "roomName": "L\u00e1gym\u00e1nyosi f\u0151m\u00e9rn\u00f6ks\u00e9g", "scope": "budapest/lagymanyos/eszaki/0/LK-0-057-02-33", "roomCode": "LK-0-057-02-33", "roomType": "administrative", "__tile": "16/36238/22923", "__layer": "rooms", "__zoom": 16, "__mvtId": 36803, "__building": "eszaki", "__ringVerts": 5, "id": 36803, "catalogFloorId": 5}, "geometry": {"type": "Polygon", "coordinates": [[[19.061464369297028, 47.474439595693475], [19.061472415924072, 47.4744649770737], [19.061418771743774, 47.474474041849376], [19.061412066221237, 47.47444684751765], [19.061464369297028, 47.474439595693475]]]}}, {"type": "Feature", "id": 36858, "properties": {"buildingId": 2, "floorId": 5, "roomNumber": "063", "roomName": "El\u0151k\u00e9sz\u00edt\u0151", "scope": "budapest/lagymanyos/eszaki/0/LK-0-064-01-15", "roomCode": "LK-0-064-01-15", "roomType": "educational", "__tile": "17/72476/45847", "__layer": "rooms", "__zoom": 17, "__mvtId": 36858, "__building": "eszaki", "__ringVerts": 9, "id": 36858, "catalogFloorId": 5}, "geometry": {"type": "Polygon", "coordinates": [[[19.06137451529503, 47.472684624818484], [19.06137652695179, 47.47269097037661], [19.061382561922073, 47.472690063868356], [19.061395972967148, 47.472736295769444], [19.061390608549118, 47.47273674902318], [19.06139127910137, 47.47273992179918], [19.061357080936432, 47.472744454336], [19.061340987682343, 47.47268915736007], [19.06137451529503, 47.472684624818484]]]}}, {"type": "Feature", "id": 36868, "properties": {"buildingId": 2, "floorId": 5, "roomNumber": "055/A", "roomName": "El\u0151t\u00e9r", "scope": "budapest/lagymanyos/eszaki/0/LK-0-055A-04-62", "roomCode": "LK-0-055A-04-62", "roomType": "corridor", "__tile": "16/36238/22923", "__layer": "rooms", "__zoom": 16, "__mvtId": 36868, "__building": "eszaki", "__ringVerts": 5, "id": 36868, "catalogFloorId": 5}, "geometry": {"type": "Polygon", "coordinates": [[[19.061398655176163, 47.474407868950955], [19.061401337385178, 47.474417840214954], [19.061377197504044, 47.474420559650255], [19.06137451529503, 47.47441149486536], [19.061398655176163, 47.474407868950955]]]}}, {"type": "Feature", "id": 36786, "properties": {"buildingId": 2, "floorId": 5, "roomNumber": "F.70/A -(0.96)", "roomName": "Iroda", "scope": "budapest/lagymanyos/eszaki/0/L\u00c9-0-096-02-33", "roomCode": "L\u00c9-0-096-02-33", "roomType": "administrative", "__tile": "17/72476/45847", "__layer": "rooms", "__zoom": 17, "__mvtId": 36786, "__building": "eszaki", "__ringVerts": 5, "id": 36786, "catalogFloorId": 5}, "geometry": {"type": "Polygon", "coordinates": [[[19.06187005341053, 47.47297062742691], [19.061878100037575, 47.4729973692711], [19.061808362603188, 47.473006887551335], [19.061800315976143, 47.47297969246036], [19.06187005341053, 47.47297062742691]]]}}, {"type": "Feature", "id": 36671, "properties": {"buildingId": 2, "floorId": 5, "roomNumber": "F.74/A M1 (0.93)", "roomName": "Iroda", "scope": "budapest/lagymanyos/eszaki/0/L\u00c9-0-093-02-33", "roomCode": "L\u00c9-0-093-02-33", "roomType": "administrative", "__tile": "17/72476/45847", "__layer": "rooms", "__zoom": 17, "__mvtId": 36671, "__building": "eszaki", "__ringVerts": 5, "id": 36671, "catalogFloorId": 5}, "geometry": {"type": "Polygon", "coordinates": [[[19.061836525797844, 47.47286003389285], [19.061843901872635, 47.472885416036], [19.0617748349905, 47.47289448108415], [19.06176745891571, 47.47286955219796], [19.061836525797844, 47.47286003389285]]]}}, {"type": "Feature", "id": 36676, "properties": {"buildingId": 2, "floorId": 5, "roomNumber": "034", "roomName": "El\u0151k\u00e9sz\u00edt\u0151", "scope": "budapest/lagymanyos/eszaki/0/LK-0-034-01-15", "roomCode": "LK-0-034-01-15", "roomType": "educational", "__tile": "16/36238/22923", "__layer": "rooms", "__zoom": 16, "__mvtId": 36676, "__building": "eszaki", "__ringVerts": 5, "id": 36676, "catalogFloorId": 5}, "geometry": {"type": "Polygon", "coordinates": [[[19.0618197619915, 47.47439155233306], [19.061827808618546, 47.4744187466934], [19.061806350946426, 47.47442146612866], [19.06179830431938, 47.47439517824858], [19.0618197619915, 47.47439155233306]]]}}, {"type": "Feature", "id": 36695, "properties": {"buildingId": 2, "floorId": 5, "roomNumber": "F.64-66 B1 (0.99)", "roomName": "0.99 El\u0151ad\u00f3", "scope": "budapest/lagymanyos/eszaki/0/L\u00c9-0-092-01-16", "roomCode": "L\u00c9-0-092-01-16", "roomType": "educational", "__tile": "17/72476/45847", "__layer": "rooms", "__zoom": 17, "__mvtId": 36695, "__building": "eszaki", "__ringVerts": 9, "id": 36695, "catalogFloorId": 5}, "geometry": {"type": "Polygon", "coordinates": [[[19.061903581023216, 47.4730839402327], [19.061919674277306, 47.47313742379215], [19.06184658408165, 47.47314739529722], [19.061841890215874, 47.47314603554664], [19.061838537454605, 47.473148301797586], [19.061761423945427, 47.47315872655067], [19.061744660139084, 47.473103430010674], [19.061818420886993, 47.47309345849727], [19.061903581023216, 47.4730839402327]]]}}, {"type": "Feature", "id": 36830, "properties": {"buildingId": 2, "floorId": 5, "roomNumber": "F.K9", "roomName": "K\u00f6zleked\u0151 Ny-i lift el\u0151tt", "scope": "budapest/lagymanyos/eszaki/0/L\u00c9-0-F.K9-04-63", "roomCode": "L\u00c9-0-F.K9-04-63", "roomType": "corridor", "__tile": "17/72476/45847", "__layer": "rooms", "__zoom": 17, "__mvtId": 36830, "__building": "eszaki", "__ringVerts": 29, "id": 36830, "catalogFloorId": 5}, "geometry": {"type": "Polygon", "coordinates": [[[19.061826467514038, 47.472680092276505], [19.06183786690235, 47.472717712363114], [19.06185932457447, 47.47271499283968], [19.06186804175377, 47.47274400108234], [19.061871394515038, 47.472743547828664], [19.061874076724052, 47.472752612901296], [19.061870723962784, 47.47275306615489], [19.06188413500786, 47.47278615365641], [19.06188078224659, 47.47278660690971], [19.061888828873634, 47.472814708606734], [19.06186804175377, 47.472817428125005], [19.06188078224659, 47.47285776762948], [19.06184993684292, 47.47286230015613], [19.061845913529396, 47.4728496090805], [19.06183585524559, 47.47285096883875], [19.061831831932068, 47.47283873101325], [19.061842560768127, 47.472837371254684], [19.061837196350098, 47.472819694390125], [19.061826467514038, 47.47282105414914], [19.061823785305023, 47.47281062932907], [19.06183384358883, 47.47280926956977], [19.061815068125725, 47.472746267350615], [19.061811715364456, 47.47273493600822], [19.061802327632904, 47.472736295769444], [19.06179964542389, 47.47272587093255], [19.06180903315544, 47.472724511171066], [19.061797633767128, 47.47268643783517], [19.061800315976143, 47.472683265055934], [19.061826467514038, 47.472680092276505]]]}}, {"type": "Feature", "id": 36661, "properties": {"buildingId": 2, "floorId": 5, "roomNumber": "F.69/C", "roomName": "F\u00e9rfi WC", "scope": "budapest/lagymanyos/eszaki/0/L\u00c9-0-112-B-05-71", "roomCode": "L\u00c9-0-112/B-05-71", "roomType": "social", "__tile": "17/72476/45847", "__layer": "rooms", "__zoom": 17, "__mvtId": 36661, "__building": "eszaki", "__ringVerts": 5, "id": 36661, "catalogFloorId": 5}, "geometry": {"type": "Polygon", "coordinates": [[[19.061921015381813, 47.47267193369996], [19.061927050352097, 47.472692783393065], [19.061903581023216, 47.47269640942581], [19.06189687550068, 47.472675106479876], [19.061921015381813, 47.47267193369996]]]}}, {"type": "Feature", "id": 36832, "properties": {"buildingId": 2, "floorId": 5, "roomNumber": "F.K12", "roomName": "Folyos\u00f3", "scope": "budapest/lagymanyos/eszaki/0/L\u00c9-0-K12-04-63", "roomCode": "L\u00c9-0-K12-04-63", "roomType": "corridor", "__tile": "17/72476/45847", "__layer": "rooms", "__zoom": 17, "__mvtId": 36832, "__building": "eszaki", "__ringVerts": 6, "id": 36832, "catalogFloorId": 5}, "geometry": {"type": "Polygon", "coordinates": [[[19.061968624591827, 47.472700035458296], [19.061975330114365, 47.472722244901846], [19.06192034482956, 47.47272949696301], [19.061866030097008, 47.47273674902318], [19.06185932457447, 47.47271499283968], [19.061968624591827, 47.472700035458296]]]}}, {"type": "Feature", "id": 36840, "properties": {"buildingId": 2, "floorId": 5, "roomNumber": "F-L7", "roomName": "L\u00e9pcs\u0151h\u00e1z", "scope": "budapest/lagymanyos/eszaki/0/L\u00c9-0-L7-04-64", "roomCode": "L\u00c9-0-L7-04-64", "roomType": "corridor", "__tile": "17/72476/45847", "__layer": "rooms", "__zoom": 17, "__mvtId": 36840, "__building": "eszaki", "__ringVerts": 5, "id": 36840, "catalogFloorId": 5}, "geometry": {"type": "Polygon", "coordinates": [[[19.062274396419525, 47.47269051712248], [19.06228579580784, 47.47272904370922], [19.06219594180584, 47.47274128156026], [19.062184542417526, 47.47270275498251], [19.062274396419525, 47.47269051712248]]]}}, {"type": "Feature", "id": 36845, "properties": {"buildingId": 2, "floorId": 5, "roomNumber": "F.62", "roomName": "D\u00e9li el\u0151csarnok", "scope": "budapest/lagymanyos/eszaki/0/L\u00c9-0-062-04-61", "roomCode": "L\u00c9-0-062-04-61", "roomType": "corridor", "__tile": "17/72476/45847", "__layer": "rooms", "__zoom": 17, "__mvtId": 36845, "__building": "eszaki", "__ringVerts": 39, "id": 36845, "catalogFloorId": 5}, "geometry": {"type": "Polygon", "coordinates": [[[19.062275737524033, 47.47302728386034], [19.0622790902853, 47.473038161888574], [19.06228244304657, 47.47303770863744], [19.062289148569107, 47.4730712492106], [19.062380343675613, 47.473057651683526], [19.06238503754139, 47.47307396871559], [19.06238168478012, 47.47307442196641], [19.062382355332375, 47.473077141471244], [19.062344133853912, 47.47308258048048], [19.06236357986927, 47.47308439348343], [19.06237632036209, 47.47308937924124], [19.062386378645897, 47.47309935075541], [19.062388390302658, 47.473110228768725], [19.06238168478012, 47.47312291978142], [19.062364250421524, 47.47313153153827], [19.06234882771969, 47.473132891289225], [19.06233474612236, 47.47313017178728], [19.0623240172863, 47.47312427953259], [19.06231328845024, 47.473112948271705], [19.062321335077286, 47.473140143293726], [19.06214900314808, 47.47316371230143], [19.062140956521034, 47.4731365172916], [19.062137603759766, 47.47313697054189], [19.062136933207512, 47.47314966154811], [19.062126874923706, 47.47316053955101], [19.062110781669617, 47.47316643180164], [19.06209133565426, 47.47316643180164], [19.062071219086647, 47.47315646030018], [19.062065184116364, 47.47314240954493], [19.062073230743408, 47.473126545784474], [19.062094017863274, 47.473116121025], [19.062054455280304, 47.473121560030194], [19.062047749757767, 47.473103430010674], [19.062122851610184, 47.47309345849727], [19.062139615416527, 47.47309164549462], [19.062136262655258, 47.47308031422669], [19.06213290989399, 47.473080767477455], [19.062126204371452, 47.473047226910374], [19.062275737524033, 47.47302728386034]], [[19.062101393938065, 47.473134704290445], [19.062092006206512, 47.47313787704243], [19.06208999454975, 47.47314286279516], [19.062092006206512, 47.47314739529722], [19.062101393938065, 47.47315056804843], [19.062110781669617, 47.47314694204703], [19.06211346387863, 47.47314240954493], [19.062110781669617, 47.47313787704243], [19.062101393938065, 47.473134704290445]], [[19.06235620379448, 47.47310116375779], [19.06234547495842, 47.473101617008375], [19.062340781092644, 47.47310524301291], [19.06234212219715, 47.47311249502122], [19.06234748661518, 47.473115667774536], [19.06235821545124, 47.47311476127361], [19.062362909317017, 47.47311113526973], [19.06236156821251, 47.47310388326123], [19.06235620379448, 47.47310116375779]], [[19.06213492155075, 47.47310660276453], [19.062131568789482, 47.47310977551822], [19.062136262655258, 47.47311158852023], [19.062139615416527, 47.47310841576666], [19.06213492155075, 47.47310660276453]], [[19.062218070030212, 47.473095271499844], [19.062214717268944, 47.4730984442542], [19.06221941113472, 47.473100257256604], [19.06222276389599, 47.473097084502356], [19.062218070030212, 47.473095271499844]], [[19.062301889061928, 47.4730839402327], [19.06229853630066, 47.47308711298774], [19.062303230166435, 47.473088925990545], [19.062306582927704, 47.4730857532356], [19.062301889061928, 47.4730839402327]], [[19.06220130622387, 47.4730386151397], [19.0621979534626, 47.473041787897486], [19.062202647328377, 47.47304405415292], [19.062206000089645, 47.47304088139528], [19.06220130622387, 47.4730386151397]]]}}, {"type": "Feature", "id": 36867, "properties": {"buildingId": 2, "floorId": 5, "roomNumber": "055/B", "roomName": "Mosd\u00f3", "scope": "budapest/lagymanyos/eszaki/0/LK-0-055B-05-71", "roomCode": "LK-0-055B-05-71", "roomType": "social", "__tile": "16/36238/22923", "__layer": "rooms", "__zoom": 16, "__mvtId": 36867, "__building": "eszaki", "__ringVerts": 5, "id": 36867, "catalogFloorId": 5}, "geometry": {"type": "Polygon", "coordinates": [[[19.061393290758133, 47.474390645854136], [19.061397314071655, 47.474406962472315], [19.06137451529503, 47.47440968190819], [19.061369150877, 47.47439427176972], [19.061393290758133, 47.474390645854136]]]}}, {"type": "Feature", "id": 36808, "properties": {"buildingId": 2, "floorId": 5, "roomNumber": "066", "roomName": "F\u00e9rfi mosd\u00f3", "scope": "budapest/lagymanyos/eszaki/0/LK-0-066-05-71", "roomCode": "LK-0-066-05-71", "roomType": "social", "__tile": "16/36238/22923", "__layer": "rooms", "__zoom": 16, "__mvtId": 36808, "__building": "eszaki", "__ringVerts": 5, "id": 36808, "catalogFloorId": 5}, "geometry": {"type": "Polygon", "coordinates": [[[19.061339646577835, 47.47440152360015], [19.061346352100372, 47.47442599852045], [19.06132221221924, 47.474428717955334], [19.0613155066967, 47.474405149514986], [19.061339646577835, 47.47440152360015]]]}}, {"type": "Feature", "id": 36870, "properties": {"buildingId": 2, "floorId": 5, "roomNumber": "057", "roomName": "Mosd\u00f3", "scope": "budapest/lagymanyos/eszaki/0/LK-0-057B-05-71", "roomCode": "LK-0-057B-05-71", "roomType": "social", "__tile": "16/36238/22923", "__layer": "rooms", "__zoom": 16, "__mvtId": 36870, "__building": "eszaki", "__ringVerts": 5, "id": 36870, "catalogFloorId": 5}, "geometry": {"type": "Polygon", "coordinates": [[[19.06141608953476, 47.474467696506565], [19.061417430639267, 47.474474041849376], [19.06139463186264, 47.47447766775921], [19.061391949653625, 47.47447041593929], [19.06141608953476, 47.474467696506565]]]}}, {"type": "Feature", "id": 36850, "properties": {"buildingId": 2, "floorId": 5, "roomNumber": "0.83", "roomName": "E\u00f6tv\u00f6s Lor\u00e1nd terem", "scope": "budapest/lagymanyos/eszaki/0/L\u00c9-0-083-01-11", "roomCode": "L\u00c9-0-083-01-11", "roomType": "educational", "__tile": "17/72476/45847", "__layer": "rooms", "__zoom": 17, "__mvtId": 36850, "__building": "eszaki", "__ringVerts": 16, "id": 36850, "catalogFloorId": 5}, "geometry": {"type": "Polygon", "coordinates": [[[19.061530753970146, 47.47296065588831], [19.061535447835922, 47.47297742620214], [19.061524718999863, 47.47297878595708], [19.06152807176113, 47.472989210743805], [19.06153880059719, 47.472987850989135], [19.061542823910713, 47.47300235503716], [19.061537459492683, 47.47300371479145], [19.061543494462967, 47.4730028082886], [19.061550199985504, 47.47302637735789], [19.061539471149445, 47.47302819036279], [19.061546847224236, 47.47305085291867], [19.06155690550804, 47.47304949316559], [19.06156226992607, 47.47306626345108], [19.061393961310387, 47.473088925990545], [19.06136244535446, 47.472983318473304], [19.061530753970146, 47.47296065588831]]]}}, {"type": "Feature", "id": 36683, "properties": {"buildingId": 2, "floorId": 5, "roomNumber": "F-K.22", "roomName": "Folyos\u00f3", "scope": "budapest/lagymanyos/eszaki/0/L\u00c9-0-K22-04-63", "roomCode": "L\u00c9-0-K22-04-63", "roomType": "corridor", "__tile": "17/72476/45847", "__layer": "rooms", "__zoom": 17, "__mvtId": 36683, "__building": "eszaki", "__ringVerts": 15, "id": 36683, "catalogFloorId": 5}, "geometry": {"type": "Polygon", "coordinates": [[[19.061552211642265, 47.472896294093594], [19.06155690550804, 47.47291306442798], [19.061566293239594, 47.47291170467134], [19.061571657657623, 47.472928475000806], [19.061561599373817, 47.472929834757004], [19.0615676343441, 47.472948418088336], [19.061314165592194, 47.472982411970094], [19.061304107308388, 47.47294660508069], [19.06145431101322, 47.47292620874038], [19.061448946595192, 47.472909438410184], [19.061510637402534, 47.47290127986924], [19.061511978507042, 47.47290445263531], [19.061521366238594, 47.47290309287845], [19.06152069568634, 47.47290037336461], [19.061552211642265, 47.472896294093594]]]}}, {"type": "Feature", "id": 36684, "properties": {"buildingId": 2, "floorId": 5, "roomNumber": "0.87", "roomName": "Marx Gy\u00f6rgy terem", "scope": "budapest/lagymanyos/eszaki/0/L\u00c9-0-087-01-11", "roomCode": "L\u00c9-0-087-01-11", "roomType": "educational", "__tile": "17/72476/45847", "__layer": "rooms", "__zoom": 17, "__mvtId": 36684, "__building": "eszaki", "__ringVerts": 11, "id": 36684, "catalogFloorId": 5}, "geometry": {"type": "Polygon", "coordinates": [[[19.061689004302025, 47.47299600951664], [19.061721190810204, 47.47310388326123], [19.06161993741989, 47.4731170275259], [19.061616584658623, 47.473106149513995], [19.061625972390175, 47.47310478976235], [19.061620607972145, 47.47308529998488], [19.061611220240593, 47.473086659737035], [19.061597138643265, 47.47303997489306], [19.061606526374817, 47.473039068390825], [19.06159780919552, 47.47300824730553], [19.061689004302025, 47.47299600951664]], [[19.061638712882996, 47.47305719843256], [19.061632677912712, 47.47305810493448], [19.06163401901722, 47.47306218419294], [19.061640053987503, 47.47306127769108], [19.061638712882996, 47.47305719843256]]]}}, {"type": "Feature", "id": 36685, "properties": {"buildingId": 2, "floorId": 5, "roomNumber": "0.89", "roomName": "Jedlik \u00c1nyos terem", "scope": "budapest/lagymanyos/eszaki/0/L\u00c9-0-089-01-11", "roomCode": "L\u00c9-0-089-01-11", "roomType": "educational", "__tile": "17/72476/45847", "__layer": "rooms", "__zoom": 17, "__mvtId": 36685, "__building": "eszaki", "__ringVerts": 11, "id": 36685, "catalogFloorId": 5}, "geometry": {"type": "Polygon", "coordinates": [[[19.061654806137085, 47.47288224326877], [19.061687663197517, 47.47299238350457], [19.061586409807205, 47.47300552779713], [19.061583057045937, 47.472992836756085], [19.06159244477749, 47.472991477001514], [19.061586409807205, 47.47297198718202], [19.061577022075653, 47.47297334693711], [19.061564281582832, 47.47293074126113], [19.061573669314384, 47.472929834757004], [19.06156361103058, 47.47289448108415], [19.061654806137085, 47.47288224326877]], [[19.061605855822563, 47.47294479207298], [19.061599150300026, 47.472945698576844], [19.061600491404533, 47.47294977784402], [19.061606526374817, 47.472948871340236], [19.061605855822563, 47.47294479207298]]]}}, {"type": "Feature", "id": 36799, "properties": {"buildingId": 2, "floorId": 5, "roomNumber": "000/11", "roomName": "Folyos\u00f3", "scope": "budapest/lagymanyos/eszaki/0/LK-0-000-11-04-63", "roomCode": "LK-0-000/11-04-63", "roomType": "corridor", "__tile": "17/72476/45847", "__layer": "rooms", "__zoom": 17, "__mvtId": 36799, "__building": "eszaki", "__ringVerts": 5, "id": 36799, "catalogFloorId": 5}, "geometry": {"type": "Polygon", "coordinates": [[[19.061416760087013, 47.47279929800055], [19.061366468667984, 47.47263386032597], [19.0613966435194, 47.47263386032597], [19.06144492328167, 47.4727956719749], [19.061416760087013, 47.47279929800055]]]}}, {"type": "Feature", "id": 36680, "properties": {"buildingId": 2, "floorId": 5, "roomNumber": "F-L.9", "roomName": "L\u00e9pcs\u0151h\u00e1z", "scope": "budapest/lagymanyos/eszaki/0/L\u00c9-0-L9-04-64", "roomCode": "L\u00c9-0-L9-04-64", "roomType": "corridor", "__tile": "17/72476/45847", "__layer": "rooms", "__zoom": 17, "__mvtId": 36680, "__building": "eszaki", "__ringVerts": 5, "id": 36680, "catalogFloorId": 5}, "geometry": {"type": "Polygon", "coordinates": [[[19.061733931303024, 47.47316960455169], [19.061748683452606, 47.4732203685267], [19.061691015958786, 47.47322807376862], [19.061676263809204, 47.473177309801066], [19.061733931303024, 47.47316960455169]]]}}, {"type": "Feature", "id": 36681, "properties": {"buildingId": 2, "floorId": 5, "roomNumber": "F-K.18", "roomName": "Folyos\u00f3", "scope": "budapest/lagymanyos/eszaki/0/L\u00c9-0-K18-04-63", "roomCode": "L\u00c9-0-K18-04-63", "roomType": "corridor", "__tile": "17/72476/45847", "__layer": "rooms", "__zoom": 17, "__mvtId": 36681, "__building": "eszaki", "__ringVerts": 5, "id": 36681, "catalogFloorId": 5}, "geometry": {"type": "Polygon", "coordinates": [[[19.061632677912712, 47.473271585701774], [19.061638042330742, 47.47329016891225], [19.061487168073654, 47.4733105651113], [19.06148113310337, 47.4732915286591], [19.061632677912712, 47.473271585701774]]]}}, {"type": "Feature", "id": 36692, "properties": {"buildingId": 2, "floorId": 5, "roomNumber": "F.109", "roomName": "N\u0151i mosd\u00f3", "scope": "budapest/lagymanyos/eszaki/0/L\u00c9-0-085A-05-71", "roomCode": "L\u00c9-0-085A-05-71", "roomType": "social", "__tile": "17/72476/45847", "__layer": "rooms", "__zoom": 17, "__mvtId": 36692, "__building": "eszaki", "__ringVerts": 7, "id": 36692, "catalogFloorId": 5}, "geometry": {"type": "Polygon", "coordinates": [[[19.06168632209301, 47.47311204177072], [19.0616936981678, 47.4731365172916], [19.061668887734413, 47.473139690043475], [19.06166486442089, 47.47312427953259], [19.061647430062294, 47.473126545784474], [19.06164474785328, 47.47311748077636], [19.06168632209301, 47.47311204177072]]]}}, {"type": "Feature", "id": 36690, "properties": {"buildingId": 2, "floorId": 5, "roomNumber": "F.109/A", "roomName": "F\u00e9rfi WC", "scope": "budapest/lagymanyos/eszaki/0/L\u00c9-0-084B-05-71", "roomCode": "L\u00c9-0-084B-05-71", "roomType": "social", "__tile": "17/72476/45847", "__layer": "rooms", "__zoom": 17, "__mvtId": 36690, "__building": "eszaki", "__ringVerts": 7, "id": 36690, "catalogFloorId": 5}, "geometry": {"type": "Polygon", "coordinates": [[[19.06173527240753, 47.47313697054189], [19.06174063682556, 47.47315510054984], [19.061737284064293, 47.473155553799955], [19.06174398958683, 47.47316643180164], [19.061695709824562, 47.47317277730158], [19.061687663197517, 47.47314331604538], [19.06173527240753, 47.47313697054189]]]}}, {"type": "Feature", "id": 36691, "properties": {"buildingId": 2, "floorId": 5, "roomNumber": "F.109/A", "roomName": "F\u00e9rfi mosd\u00f3", "scope": "budapest/lagymanyos/eszaki/0/L\u00c9-0-084A-05-71", "roomCode": "L\u00c9-0-084A-05-71", "roomType": "social", "__tile": "17/72476/45847", "__layer": "rooms", "__zoom": 17, "__mvtId": 36691, "__building": "eszaki", "__ringVerts": 9, "id": 36691, "catalogFloorId": 5}, "geometry": {"type": "Polygon", "coordinates": [[[19.061684980988503, 47.473139690043475], [19.061694368720055, 47.47317277730158], [19.06167559325695, 47.47317549680131], [19.06167358160019, 47.4731691513017], [19.061660170555115, 47.47317096430167], [19.061656817793846, 47.47316053955101], [19.06166821718216, 47.47315917980077], [19.06166285276413, 47.47314286279516], [19.061684980988503, 47.473139690043475]]]}}, {"type": "Feature", "id": 36802, "properties": {"buildingId": 2, "floorId": 5, "roomNumber": "056", "roomName": "L\u00e1gym\u00e1nyosi f\u0151m\u00e9rn\u00f6ks\u00e9g", "scope": "budapest/lagymanyos/eszaki/0/LK-0-056-02-33", "roomCode": "LK-0-056-02-33", "roomType": "administrative", "__tile": "16/36238/22923", "__layer": "rooms", "__zoom": 16, "__mvtId": 36802, "__building": "eszaki", "__ringVerts": 7, "id": 36802, "catalogFloorId": 5}, "geometry": {"type": "Polygon", "coordinates": [[[19.061456322669983, 47.47441330782246], [19.061464369297028, 47.47443868921538], [19.061409384012222, 47.474445941039676], [19.061412066221237, 47.47445681877425], [19.06139463186264, 47.47445863172978], [19.06137853860855, 47.47442237260705], [19.061456322669983, 47.47441330782246]]]}}, {"type": "Feature", "id": 36829, "properties": {"buildingId": 2, "floorId": 5, "roomNumber": "F.78", "roomName": "Zsibong\u00f3", "scope": "budapest/lagymanyos/eszaki/0/L\u00c9-0-078-04-61", "roomCode": "L\u00c9-0-078-04-61", "roomType": "corridor", "__tile": "17/72476/45847", "__layer": "rooms", "__zoom": 17, "__mvtId": 36829, "__building": "eszaki", "__ringVerts": 5, "id": 36829, "catalogFloorId": 5}, "geometry": {"type": "Polygon", "coordinates": [[[19.061815068125725, 47.472746267350615], [19.06183049082756, 47.472797484987765], [19.061741307377815, 47.47280926956977], [19.061726555228233, 47.47275805194412], [19.061815068125725, 47.472746267350615]]]}}, {"type": "Feature", "id": 36852, "properties": {"buildingId": 2, "floorId": 5, "roomNumber": "0.76A", "roomName": "\u00dcgyf\u00e9lfogad\u00f3", "scope": "budapest/lagymanyos/eszaki/0/L\u00c9-0-76A-03-57", "roomCode": "L\u00c9-0-76A-03-57", "roomType": "misc", "__tile": "17/72476/45847", "__layer": "rooms", "__zoom": 17, "__mvtId": 36852, "__building": "eszaki", "__ringVerts": 5, "id": 36852, "catalogFloorId": 5}, "geometry": {"type": "Polygon", "coordinates": [[[19.0613604336977, 47.472983771724905], [19.06139262020588, 47.47308937924124], [19.061345010995865, 47.47309572475048], [19.061312824487686, 47.472990117246894], [19.0613604336977, 47.472983771724905]]]}}, {"type": "Feature", "id": 36865, "properties": {"buildingId": 2, "floorId": 5, "roomNumber": "073A", "roomName": "B\u00fcf\u00e9 \u00f6lt\u00f6z\u0151", "scope": "budapest/lagymanyos/eszaki/0/LK-0-073A-05-73", "roomCode": "LK-0-073A-05-73", "roomType": "social", "__tile": "17/72476/45847", "__layer": "rooms", "__zoom": 17, "__mvtId": 36865, "__building": "eszaki", "__ringVerts": 5, "id": 36865, "catalogFloorId": 5}, "geometry": {"type": "Polygon", "coordinates": [[[19.061327576637268, 47.472885416036], [19.06133495271206, 47.472909891662425], [19.06132087111473, 47.47291170467134], [19.06131349503994, 47.47288722904575], [19.061327576637268, 47.472885416036]]]}}, {"type": "Feature", "id": 36848, "properties": {"buildingId": 2, "floorId": 5, "roomNumber": "0.81", "roomName": "Ortvay Rudolf terem", "scope": "budapest/lagymanyos/eszaki/0/L\u00c9-0-081-01-11", "roomCode": "L\u00c9-0-081-01-11", "roomType": "educational", "__tile": "17/72476/45847", "__layer": "rooms", "__zoom": 17, "__mvtId": 36848, "__building": "eszaki", "__ringVerts": 13, "id": 36848, "catalogFloorId": 5}, "geometry": {"type": "Polygon", "coordinates": [[[19.061564281582832, 47.47307306221395], [19.061568304896355, 47.47308801948915], [19.06155824661255, 47.47308937924124], [19.061560928821564, 47.47309980400601], [19.061571657657623, 47.4730984442542], [19.06158372759819, 47.47314059654398], [19.061573669314384, 47.47314195629469], [19.06158037483692, 47.47316461880151], [19.061590433120728, 47.473163259051375], [19.061595126986504, 47.47317866955083], [19.061460345983505, 47.473196346294635], [19.061428159475327, 47.47309073899328], [19.061564281582832, 47.47307306221395]]]}}, {"type": "Feature", "id": 36682, "properties": {"buildingId": 2, "floorId": 5, "roomNumber": "F.K17", "roomName": "Folyos\u00f3", "scope": "budapest/lagymanyos/eszaki/0/L\u00c9-0-K17-04-63", "roomCode": "L\u00c9-0-K17-04-63", "roomType": "corridor", "__tile": "17/72476/45847", "__layer": "rooms", "__zoom": 17, "__mvtId": 36682, "__building": "eszaki", "__ringVerts": 41, "id": 36682, "catalogFloorId": 5}, "geometry": {"type": "Polygon", "coordinates": [[[19.0615676343441, 47.472948418088336], [19.061575680971146, 47.47297515994383], [19.061585068702698, 47.4729738001888], [19.061589762568474, 47.472990570498446], [19.06158037483692, 47.472991930253045], [19.061589762568474, 47.47302229809665], [19.061599150300026, 47.473021391594116], [19.061603844165802, 47.47303770863744], [19.061595126986504, 47.473039068390825], [19.061609208583832, 47.473088472739846], [19.061619266867638, 47.47308711298774], [19.061623960733414, 47.47310388326123], [19.06161457300186, 47.47310478976235], [19.061619266867638, 47.47312065352937], [19.061642736196518, 47.47311748077636], [19.061658829450607, 47.47317277730158], [19.061665534973145, 47.47317187080163], [19.06169906258583, 47.47328201043041], [19.061638042330742, 47.47329016891225], [19.061631336808205, 47.473268412957864], [19.061623960733414, 47.47326931945614], [19.061619266867638, 47.47325209598617], [19.06162530183792, 47.47325164273688], [19.061603844165802, 47.473177309801066], [19.061597138643265, 47.473178216300916], [19.06159244477749, 47.47316235255126], [19.061598479747772, 47.473161446051144], [19.061577022075653, 47.473087566238455], [19.061570316553116, 47.473088472739846], [19.06156562268734, 47.47307215571227], [19.061571657657623, 47.47307170246144], [19.061569646000862, 47.47306535694929], [19.061564281582832, 47.47306626345108], [19.061558917164803, 47.47304949316559], [19.061564952135086, 47.473048586663516], [19.061543494462967, 47.47297606644717], [19.061537459492683, 47.472976519698825], [19.061532095074654, 47.4729597493847], [19.0615401417017, 47.47295884288107], [19.061538130044937, 47.47295249735531], [19.0615676343441, 47.472948418088336]]]}}, {"type": "Feature", "id": 36686, "properties": {"buildingId": 2, "floorId": 5, "roomNumber": "F-K.17", "roomName": "Folyos\u00f3", "scope": "budapest/lagymanyos/eszaki/0/L\u00c9-0-K16-04-63", "roomCode": "L\u00c9-0-K16-04-63", "roomType": "corridor", "__tile": "17/72476/45847", "__layer": "rooms", "__zoom": 17, "__mvtId": 36686, "__building": "eszaki", "__ringVerts": 5, "id": 36686, "catalogFloorId": 5}, "geometry": {"type": "Polygon", "coordinates": [[[19.061482474207878, 47.47279068618925], [19.061514660716057, 47.472899013607645], [19.061448946595192, 47.47290807865345], [19.061416760087013, 47.47279929800055], [19.061482474207878, 47.47279068618925]]]}}, {"type": "Feature", "id": 36800, "properties": {"buildingId": 2, "floorId": 5, "roomNumber": "054", "roomName": "Post\u00e1z\u00f3", "scope": "budapest/lagymanyos/eszaki/0/LK-0-054-02-33", "roomCode": "LK-0-054-02-33", "roomType": "administrative", "__tile": "16/36238/22923", "__layer": "rooms", "__zoom": 16, "__mvtId": 36800, "__building": "eszaki", "__ringVerts": 5, "id": 36800, "catalogFloorId": 5}, "geometry": {"type": "Polygon", "coordinates": [[[19.061438888311386, 47.474354386684496], [19.06144827604294, 47.474382487543146], [19.061369150877, 47.47439336529086], [19.061361104249954, 47.47436345147925], [19.061438888311386, 47.474354386684496]]]}}, {"type": "Feature", "id": 36689, "properties": {"buildingId": 2, "floorId": 5, "roomNumber": "0.79", "roomName": "J\u00e1nossy Lajos terem", "scope": "budapest/lagymanyos/eszaki/0/L\u00c9-0-079-01-11", "roomCode": "L\u00c9-0-079-01-11", "roomType": "educational", "__tile": "17/72476/45847", "__layer": "rooms", "__zoom": 17, "__mvtId": 36689, "__building": "eszaki", "__ringVerts": 5, "id": 36689, "catalogFloorId": 5}, "geometry": {"type": "Polygon", "coordinates": [[[19.061597138643265, 47.473183655299685], [19.061622619628906, 47.47326931945614], [19.061487168073654, 47.47328744941844], [19.061462357640266, 47.47320178529154], [19.061597138643265, 47.473183655299685]]]}}, {"type": "Feature", "id": 36679, "properties": {"buildingId": 2, "floorId": 5, "roomNumber": "F.111", "roomName": "L\u00e9pcs\u0151 el\u0151t\u00e9r", "scope": "budapest/lagymanyos/eszaki/0/L\u00c9-0-K18-A-04-62", "roomCode": "L\u00c9-0-K18/A-04-62", "roomType": "corridor", "__tile": "17/72476/45847", "__layer": "rooms", "__zoom": 17, "__mvtId": 36679, "__building": "eszaki", "__ringVerts": 6, "id": 36679, "catalogFloorId": 5}, "geometry": {"type": "Polygon", "coordinates": [[[19.061760753393173, 47.47321946202757], [19.06177617609501, 47.47327113245265], [19.061774164438248, 47.47327385194731], [19.061701074242592, 47.473283823426485], [19.061684980988503, 47.47322988676655], [19.061760753393173, 47.47321946202757]]]}}, {"type": "Feature", "id": 36669, "properties": {"buildingId": 2, "floorId": 5, "roomNumber": "F.76/A M1 (0.91)", "roomName": "Iroda", "scope": "budapest/lagymanyos/eszaki/0/L\u00c9-0-091-02-33", "roomCode": "L\u00c9-0-091-02-33", "roomType": "administrative", "__tile": "17/72476/45847", "__layer": "rooms", "__zoom": 17, "__mvtId": 36669, "__building": "eszaki", "__ringVerts": 5, "id": 36669, "catalogFloorId": 5}, "geometry": {"type": "Polygon", "coordinates": [[[19.061819091439247, 47.472800204506925], [19.061827138066292, 47.47282921270255], [19.06175807118416, 47.472838277760395], [19.06174935400486, 47.47280926956977], [19.061819091439247, 47.472800204506925]]]}}, {"type": "Feature", "id": 36693, "properties": {"buildingId": 2, "floorId": 5, "roomNumber": "F.109", "roomName": "N\u0151i WC", "scope": "budapest/lagymanyos/eszaki/0/L\u00c9-0-085B-05-71", "roomCode": "L\u00c9-0-085B-05-71", "roomType": "social", "__tile": "17/72476/45847", "__layer": "rooms", "__zoom": 17, "__mvtId": 36693, "__building": "eszaki", "__ringVerts": 5, "id": 36693, "catalogFloorId": 5}, "geometry": {"type": "Polygon", "coordinates": [[[19.06172588467598, 47.47310660276453], [19.06173326075077, 47.47313153153827], [19.061695709824562, 47.4731365172916], [19.06168833374977, 47.47311158852023], [19.06172588467598, 47.47310660276453]]]}}, {"type": "Feature", "id": 36804, "properties": {"buildingId": 2, "floorId": 5, "roomNumber": "058", "roomName": "Ruff terem", "scope": "budapest/lagymanyos/eszaki/0/LK-0-058-01-22", "roomCode": "LK-0-058-01-22", "roomType": "educational", "__tile": "17/72476/45847", "__layer": "rooms", "__zoom": 17, "__mvtId": 36804, "__building": "eszaki", "__ringVerts": 9, "id": 36804, "catalogFloorId": 5}, "geometry": {"type": "Polygon", "coordinates": [[[19.06141072511673, 47.47267465322562], [19.06139798462391, 47.47263386032597], [19.061479791998863, 47.47263386032597], [19.061489179730415, 47.47266558813954], [19.061483815312386, 47.47266604139388], [19.06148448586464, 47.47266921417416], [19.06147040426731, 47.47267148044567], [19.061469063162804, 47.47266694790255], [19.06141072511673, 47.47267465322562]]]}}, {"type": "Feature", "id": 36864, "properties": {"buildingId": 2, "floorId": 5, "roomNumber": "073", "roomName": "B\u00fcf\u00e9 iroda", "scope": "budapest/lagymanyos/eszaki/0/LK-0-073-02-33", "roomCode": "LK-0-073-02-33", "roomType": "administrative", "__tile": "17/72476/45847", "__layer": "rooms", "__zoom": 17, "__mvtId": 36864, "__building": "eszaki", "__ringVerts": 5, "id": 36864, "catalogFloorId": 5}, "geometry": {"type": "Polygon", "coordinates": [[[19.061312153935432, 47.472887682298186], [19.061323553323746, 47.472925302236185], [19.06130075454712, 47.472928475000806], [19.061289355158806, 47.472890855065074], [19.061312153935432, 47.472887682298186]]]}}, {"type": "Feature", "id": 36798, "properties": {"buildingId": 2, "floorId": 5, "roomNumber": "040", "roomName": "G\u00e9p\u00e9sz l\u00e9pcs\u0151", "scope": "budapest/lagymanyos/eszaki/0/LK-0-040-04-64", "roomCode": "LK-0-040-04-64", "roomType": "corridor", "__tile": "16/36238/22923", "__layer": "rooms", "__zoom": 16, "__mvtId": 36798, "__building": "eszaki", "__ringVerts": 5, "id": 36798, "catalogFloorId": 5}, "geometry": {"type": "Polygon", "coordinates": [[[19.061744660139084, 47.47440152360015], [19.06175136566162, 47.474419653171836], [19.061686992645264, 47.474428717955334], [19.061681628227234, 47.474410588386775], [19.061744660139084, 47.47440152360015]]]}}, {"type": "Feature", "id": 36815, "properties": {"buildingId": 2, "floorId": 5, "roomNumber": "039", "roomName": "NMR laborat\u00f3rium", "scope": "budapest/lagymanyos/eszaki/0/LK-0-039-01-14", "roomCode": "LK-0-039-01-14", "roomType": "educational", "__tile": "16/36238/22923", "__layer": "rooms", "__zoom": 16, "__mvtId": 36815, "__building": "eszaki", "__ringVerts": 5, "id": 36815, "catalogFloorId": 5}, "geometry": {"type": "Polygon", "coordinates": [[[19.06175136566162, 47.47442146612866], [19.061768800020218, 47.474484919578124], [19.061701744794846, 47.47449307787321], [19.06168296933174, 47.47443053091185], [19.06175136566162, 47.47442146612866]]]}}, {"type": "Feature", "id": 36855, "properties": {"buildingId": 2, "floorId": 5, "roomNumber": "062", "roomName": "Gr\u00f3h terem", "scope": "budapest/lagymanyos/eszaki/0/LK-0-062-01-11", "roomCode": "LK-0-062-01-11", "roomType": "educational", "__tile": "17/72476/45847", "__layer": "rooms", "__zoom": 17, "__mvtId": 36855, "__building": "eszaki", "__ringVerts": 15, "id": 36855, "catalogFloorId": 5}, "geometry": {"type": "Polygon", "coordinates": [[[19.061422795057297, 47.47282694643784], [19.061428159475327, 47.47284326354154], [19.06142145395279, 47.47284417004716], [19.06142681837082, 47.47286139365083], [19.061422795057297, 47.472861846903484], [19.06142681837082, 47.47286230015613], [19.061434864997864, 47.47288949530786], [19.061431512236595, 47.47289040181268], [19.061434864997864, 47.472889948560265], [19.06143620610237, 47.47289402783178], [19.06144291162491, 47.47289312132703], [19.061447605490685, 47.4729085319057], [19.06130611896515, 47.47292756849664], [19.061281979084015, 47.472845983058335], [19.061422795057297, 47.47282694643784]]]}}, {"type": "Feature", "id": 36828, "properties": {"buildingId": 2, "floorId": 5, "roomNumber": "0.113", "roomName": "Teakonyha", "scope": "budapest/lagymanyos/eszaki/0/L\u00c9-0-113-05-77", "roomCode": "L\u00c9-0-113-05-77", "roomType": "social", "__tile": "17/72476/45847", "__layer": "rooms", "__zoom": 17, "__mvtId": 36828, "__building": "eszaki", "__ringVerts": 6, "id": 36828, "catalogFloorId": 5}, "geometry": {"type": "Polygon", "coordinates": [[[19.062004163861275, 47.47266286861342], [19.062012881040573, 47.472692783393065], [19.061969965696335, 47.472698675696144], [19.061960577964783, 47.472667854411206], [19.061994776129723, 47.47266332186778], [19.062004163861275, 47.47266286861342]]]}}, {"type": "Feature", "id": 36740, "properties": {"buildingId": 2, "floorId": 5, "roomNumber": "F.39 B7 (0.116)", "roomName": "M\u00e9r\u0151labor", "scope": "budapest/lagymanyos/eszaki/0/L\u00c9-0-116-01-14", "roomCode": "L\u00c9-0-116-01-14", "roomType": "educational", "__tile": "16/36238/22923", "__layer": "rooms", "__zoom": 16, "__mvtId": 36740, "__building": "eszaki", "__ringVerts": 10, "id": 36740, "catalogFloorId": 5}, "geometry": {"type": "Polygon", "coordinates": [[[19.062310606241226, 47.47441240134392], [19.06231328845024, 47.4744187466934], [19.062322676181793, 47.474416933736485], [19.062326699495316, 47.4744296244336], [19.062315970659256, 47.47443143739008], [19.062328040599823, 47.474467696506565], [19.062322676181793, 47.47446407059604], [19.062243551015854, 47.47447132241684], [19.06223013997078, 47.474426904998765], [19.062310606241226, 47.47441240134392]]]}}, {"type": "Feature", "id": 36715, "properties": {"buildingId": 2, "floorId": 5, "roomNumber": "F.83", "roomName": "Iroda", "scope": "budapest/lagymanyos/eszaki/0/L\u00c9-0-114-02-33", "roomCode": "L\u00c9-0-114-02-33", "roomType": "administrative", "__tile": "17/72476/45847", "__layer": "rooms", "__zoom": 17, "__mvtId": 36715, "__building": "eszaki", "__ringVerts": 11, "id": 36715, "catalogFloorId": 5}, "geometry": {"type": "Polygon", "coordinates": [[[19.06221203505993, 47.47263386032597], [19.062252268195152, 47.47263386032597], [19.062259644269943, 47.47265924257836], [19.062175825238228, 47.47267057393707], [19.06216710805893, 47.47264156565389], [19.06217448413372, 47.47264065914478], [19.062171801924706, 47.47263386032597], [19.062207341194153, 47.47263386032597], [19.062208011746407, 47.472636126599006], [19.062212705612183, 47.472635673344406], [19.06221203505993, 47.47263386032597]]]}}, {"type": "Feature", "id": 36714, "properties": {"buildingId": 2, "floorId": 5, "roomNumber": "F-K12/A", "roomName": "Folyos\u00f3", "scope": "budapest/lagymanyos/eszaki/0/L\u00c9-0-K12-A-04-63", "roomCode": "L\u00c9-0-K12/A-04-63", "roomType": "corridor", "__tile": "17/72476/45847", "__layer": "rooms", "__zoom": 17, "__mvtId": 36714, "__building": "eszaki", "__ringVerts": 5, "id": 36714, "catalogFloorId": 5}, "geometry": {"type": "Polygon", "coordinates": [[[19.062333405017853, 47.4726506307441], [19.062339439988136, 47.47267238695424], [19.06218186020851, 47.47269368990127], [19.062175825238228, 47.47267193369996], [19.062333405017853, 47.4726506307441]]]}}], "meta": {"building": "eszaki", "floorId": 5, "polygonCount": 189}}