{"type": "FeatureCollection", "features": [{"type": "Feature", "id": 705, "properties": {"buildingId": 2, "floorId": 7, "roomNumber": "2-K7", "roomName": "2.K7 K\u00f6zleked\u0151 D\u00e9li oldal", "scope": "budapest/lagymanyos/eszaki/2/L\u00c9-2-K7-04-63", "roomCode": "L\u00c9-2-K7-04-63", "roomType": "corridor", "__tile": "17/72476/45847", "__layer": "rooms", "__zoom": 17, "__mvtId": 705, "__building": "eszaki", "__ringVerts": 14, "id": 705, "catalogFloorId": 7}, "geometry": {"type": "Polygon", "coordinates": [[[19.062475562095642, 47.47305039966764], [19.062480255961418, 47.47306535694929], [19.062432646751404, 47.47307215571227], [19.06243398785591, 47.473077141471244], [19.062422588467598, 47.47307895447438], [19.062420576810837, 47.473073515464776], [19.062086641788483, 47.473121106779786], [19.06203031539917, 47.473127905535556], [19.062031656503677, 47.47313334453954], [19.062020257115364, 47.473134704290445], [19.062018245458603, 47.47312971853695], [19.061971306800842, 47.47313606404131], [19.061966612935066, 47.473121106779786], [19.062475562095642, 47.47305039966764]]]}}, {"type": "Feature", "id": 673, "properties": {"buildingId": 2, "floorId": 7, "roomNumber": "2.63", "roomName": "2.63 PC-8 Laborat\u00f3rium", "scope": "budapest/lagymanyos/eszaki/2/L\u00c9-2-63-01-14", "roomCode": "L\u00c9-2-63-01-14", "roomType": "educational", "__tile": "17/72476/45847", "__layer": "rooms", "__zoom": 17, "__mvtId": 673, "__building": "eszaki", "__ringVerts": 5, "id": 673, "catalogFloorId": 7}, "geometry": {"type": "Polygon", "coordinates": [[[19.06192034482956, 47.47311748077636], [19.061945155262947, 47.47319997229264], [19.06187005341053, 47.47321039703547], [19.061845242977142, 47.473127905535556], [19.06192034482956, 47.47311748077636]]]}}, {"type": "Feature", "id": 674, "properties": {"buildingId": 2, "floorId": 7, "roomNumber": "2.64", "roomName": "2.64 Oktat\u00f3", "scope": "budapest/lagymanyos/eszaki/2/L\u00c9-2-64-01-13", "roomCode": "L\u00c9-2-64-01-13", "roomType": "educational", "__tile": "17/72476/45847", "__layer": "rooms", "__zoom": 17, "__mvtId": 674, "__building": "eszaki", "__ringVerts": 6, "id": 674, "catalogFloorId": 7}, "geometry": {"type": "Polygon", "coordinates": [[[19.062016904354095, 47.47313107828795], [19.062036350369453, 47.47318728129856], [19.061990082263947, 47.47319362679598], [19.061973318457603, 47.473139690043475], [19.061990082263947, 47.47313334453954], [19.062016904354095, 47.47313107828795]]]}}, {"type": "Feature", "id": 675, "properties": {"buildingId": 2, "floorId": 7, "roomNumber": "2.65", "roomName": "2.65 Oktat\u00f3", "scope": "budapest/lagymanyos/eszaki/2/L\u00c9-2-65-01-13", "roomCode": "L\u00c9-2-65-01-13", "roomType": "educational", "__tile": "17/72476/45847", "__layer": "rooms", "__zoom": 17, "__mvtId": 675, "__building": "eszaki", "__ringVerts": 8, "id": 675, "catalogFloorId": 7}, "geometry": {"type": "Polygon", "coordinates": [[[19.06205579638481, 47.47312563928373], [19.06205914914608, 47.4731274522852], [19.062075912952423, 47.47318184230016], [19.0620356798172, 47.47318592154901], [19.062020257115364, 47.47313606404131], [19.06203366816044, 47.47313425104015], [19.062031656503677, 47.473127905535556], [19.06205579638481, 47.47312563928373]]]}}, {"type": "Feature", "id": 677, "properties": {"buildingId": 2, "floorId": 7, "roomNumber": "2.67", "roomName": "2.67 Titk\u00e1rs\u00e1g", "scope": "budapest/lagymanyos/eszaki/2/L\u00c9-2-67-02-33", "roomCode": "L\u00c9-2-67-02-33", "roomType": "administrative", "__tile": "17/72476/45847", "__layer": "rooms", "__zoom": 17, "__mvtId": 677, "__building": "eszaki", "__ringVerts": 7, "id": 677, "catalogFloorId": 7}, "geometry": {"type": "Polygon", "coordinates": [[[19.062138944864273, 47.473113854772656], [19.06214229762554, 47.473116121025], [19.062159061431885, 47.47317005780169], [19.0621168166399, 47.47317595005126], [19.06210206449032, 47.4731192937781], [19.062115475535393, 47.473116121025], [19.062138944864273, 47.473113854772656]]]}}, {"type": "Feature", "id": 679, "properties": {"buildingId": 2, "floorId": 7, "roomNumber": "2.69", "roomName": "2.69 Oktat\u00f3", "scope": "budapest/lagymanyos/eszaki/2/L\u00c9-2-69-01-13", "roomCode": "L\u00c9-2-69-01-13", "roomType": "educational", "__tile": "17/72476/45847", "__layer": "rooms", "__zoom": 17, "__mvtId": 679, "__building": "eszaki", "__ringVerts": 7, "id": 679, "catalogFloorId": 7}, "geometry": {"type": "Polygon", "coordinates": [[[19.062222093343735, 47.47310252350953], [19.062226116657257, 47.473104336511796], [19.062242209911346, 47.47315827330059], [19.062201976776123, 47.47316280580132], [19.06218521296978, 47.47310750926561], [19.062198624014854, 47.47310478976235], [19.062222093343735, 47.47310252350953]]]}}, {"type": "Feature", "id": 678, "properties": {"buildingId": 2, "floorId": 7, "roomNumber": "2.68", "roomName": "2.68 Oktat\u00f3", "scope": "budapest/lagymanyos/eszaki/2/L\u00c9-2-68-01-13", "roomCode": "L\u00c9-2-68-01-13", "roomType": "educational", "__tile": "17/72476/45847", "__layer": "rooms", "__zoom": 17, "__mvtId": 678, "__building": "eszaki", "__ringVerts": 6, "id": 678, "catalogFloorId": 7}, "geometry": {"type": "Polygon", "coordinates": [[[19.06218320131302, 47.47310796251614], [19.062199294567108, 47.47316461880151], [19.062160402536392, 47.47316960455169], [19.062144309282303, 47.473115667774536], [19.062146320939064, 47.473112948271705], [19.06218320131302, 47.47310796251614]]]}}, {"type": "Feature", "id": 681, "properties": {"buildingId": 2, "floorId": 7, "roomNumber": "2.71", "roomName": "2.71 Oktat\u00f3", "scope": "budapest/lagymanyos/eszaki/2/L\u00c9-2-71-01-13", "roomCode": "L\u00c9-2-71-01-13", "roomType": "educational", "__tile": "17/72476/45847", "__layer": "rooms", "__zoom": 17, "__mvtId": 681, "__building": "eszaki", "__ringVerts": 7, "id": 681, "catalogFloorId": 7}, "geometry": {"type": "Polygon", "coordinates": [[[19.062305241823196, 47.47309073899328], [19.06230926513672, 47.47309300524661], [19.062325358390808, 47.47314694204703], [19.062285125255585, 47.47315102129859], [19.06226836144924, 47.47309617800111], [19.062281772494316, 47.47309391174792], [19.062305241823196, 47.47309073899328]]]}}, {"type": "Feature", "id": 682, "properties": {"buildingId": 2, "floorId": 7, "roomNumber": "2.72", "roomName": "2.72 Tansz\u00e9kvezet\u0151", "scope": "budapest/lagymanyos/eszaki/2/L\u00c9-2-72-01-13", "roomCode": "L\u00c9-2-72-01-13", "roomType": "educational", "__tile": "17/72476/45847", "__layer": "rooms", "__zoom": 17, "__mvtId": 682, "__building": "eszaki", "__ringVerts": 7, "id": 682, "catalogFloorId": 7}, "geometry": {"type": "Polygon", "coordinates": [[[19.062349498271942, 47.47308484673416], [19.06236559152603, 47.473141049794215], [19.06232737004757, 47.473146488796836], [19.062310606241226, 47.47309255199595], [19.062312617897987, 47.473089832491915], [19.062323346734047, 47.47308801948915], [19.062349498271942, 47.47308484673416]]]}}, {"type": "Feature", "id": 272, "properties": {"buildingId": 2, "floorId": 7, "roomNumber": "215", "roomName": "2.215 KKKK Labor", "scope": "budapest/lagymanyos/eszaki/2/LK-2-215-01-14", "roomCode": "LK-2-215-01-14", "roomType": "educational", "__tile": "16/36238/22923", "__layer": "rooms", "__zoom": 16, "__mvtId": 272, "__building": "eszaki", "__ringVerts": 6, "id": 272, "catalogFloorId": 7}, "geometry": {"type": "Polygon", "coordinates": [[[19.061613231897354, 47.47392290064537], [19.06163066625595, 47.47397638335098], [19.06156361103058, 47.473986354696855], [19.061554223299026, 47.473958253626364], [19.061546176671982, 47.47393196551456], [19.061613231897354, 47.47392290064537]]]}}, {"type": "Feature", "id": 274, "properties": {"buildingId": 2, "floorId": 7, "roomNumber": "217", "roomName": "2.217 Kutat\u00f3i labor", "scope": "budapest/lagymanyos/eszaki/2/LK-2-217-01-14", "roomCode": "LK-2-217-01-14", "roomType": "educational", "__tile": "16/36238/22923", "__layer": "rooms", "__zoom": 16, "__mvtId": 274, "__building": "eszaki", "__ringVerts": 5, "id": 274, "catalogFloorId": 7}, "geometry": {"type": "Polygon", "coordinates": [[[19.061638712882996, 47.47400629738292], [19.06164675951004, 47.47403258545754], [19.061579704284668, 47.47404255679276], [19.061571657657623, 47.47401626872312], [19.061638712882996, 47.47400629738292]]]}}, {"type": "Feature", "id": 275, "properties": {"buildingId": 2, "floorId": 7, "roomNumber": "218", "roomName": "2.218 El\u0151t\u00e9r", "scope": "budapest/lagymanyos/eszaki/2/LK-2-218-04-63", "roomCode": "LK-2-218-04-63", "roomType": "corridor", "__tile": "16/36238/22923", "__layer": "rooms", "__zoom": 16, "__mvtId": 275, "__building": "eszaki", "__ringVerts": 5, "id": 275, "catalogFloorId": 7}, "geometry": {"type": "Polygon", "coordinates": [[[19.061613231897354, 47.474039837337884], [19.0616212785244, 47.47406612539573], [19.06158909201622, 47.47406975133371], [19.061581045389175, 47.474044369762595], [19.061613231897354, 47.474039837337884]]]}}, {"type": "Feature", "id": 277, "properties": {"buildingId": 2, "floorId": 7, "roomNumber": "220", "roomName": "2.220 Reakci\u00f3kinetikai Kut.labor", "scope": "budapest/lagymanyos/eszaki/2/LK-2-220-01-14", "roomCode": "LK-2-220-01-14", "roomType": "educational", "__tile": "16/36238/22923", "__layer": "rooms", "__zoom": 16, "__mvtId": 277, "__building": "eszaki", "__ringVerts": 5, "id": 277, "catalogFloorId": 7}, "geometry": {"type": "Polygon", "coordinates": [[[19.061666876077652, 47.474096039376576], [19.06168296933174, 47.47414952190598], [19.06161591410637, 47.47415858673608], [19.06159982085228, 47.47410510421591], [19.061666876077652, 47.474096039376576]]]}}, {"type": "Feature", "id": 270, "properties": {"buildingId": 2, "floorId": 7, "roomNumber": "213", "roomName": "2.213 Kutat\u00f3labor", "scope": "budapest/lagymanyos/eszaki/2/LK-2-213-01-14", "roomCode": "LK-2-213-01-14", "roomType": "educational", "__tile": "16/36238/22923", "__layer": "rooms", "__zoom": 16, "__mvtId": 270, "__building": "eszaki", "__ringVerts": 5, "id": 270, "catalogFloorId": 7}, "geometry": {"type": "Polygon", "coordinates": [[[19.061587750911713, 47.47383859728703], [19.061595797538757, 47.473864885445536], [19.061528742313385, 47.47387395032474], [19.06152069568634, 47.47384766217076], [19.061587750911713, 47.47383859728703]]]}}, {"type": "Feature", "id": 269, "properties": {"buildingId": 2, "floorId": 7, "roomNumber": "212", "roomName": "2.212 K\u00e9miai Kut.labor", "scope": "budapest/lagymanyos/eszaki/2/LK-2-212-01-14", "roomCode": "LK-2-212-01-14", "roomType": "educational", "__tile": "16/36238/22923", "__layer": "rooms", "__zoom": 16, "__mvtId": 269, "__building": "eszaki", "__ringVerts": 5, "id": 269, "catalogFloorId": 7}, "geometry": {"type": "Polygon", "coordinates": [[[19.061579704284668, 47.473810496137524], [19.061587750911713, 47.473836784310095], [19.06152069568634, 47.473845849194134], [19.061512649059296, 47.473819561026104], [19.061579704284668, 47.473810496137524]]]}}, {"type": "Feature", "id": 293, "properties": {"buildingId": 2, "floorId": 7, "roomNumber": "238", "roomName": "2.238 Oktat\u00f3", "scope": "budapest/lagymanyos/eszaki/2/LK-2-238-01-13", "roomCode": "LK-2-238-01-13", "roomType": "educational", "__tile": "16/36238/22923", "__layer": "rooms", "__zoom": 16, "__mvtId": 293, "__building": "eszaki", "__ringVerts": 5, "id": 293, "catalogFloorId": 7}, "geometry": {"type": "Polygon", "coordinates": [[[19.061908274888992, 47.474178529356784], [19.06192436814308, 47.47423019883887], [19.061890840530396, 47.47423563772876], [19.061874747276306, 47.47418306176953], [19.061908274888992, 47.474178529356784]]]}}, {"type": "Feature", "id": 1191, "properties": {"buildingId": 2, "floorId": 7, "roomNumber": "241", "roomName": "2.241 Oktat\u00f3", "scope": "budapest/lagymanyos/eszaki/2/LK-2-241-01-12", "roomCode": "LK-2-241-01-12", "roomType": "educational", "__tile": "16/36238/22923", "__layer": "rooms", "__zoom": 16, "__mvtId": 1191, "__building": "eszaki", "__ringVerts": 5, "id": 1191, "catalogFloorId": 7}, "geometry": {"type": "Polygon", "coordinates": [[[19.06201422214508, 47.474164025633385], [19.06203031539917, 47.47421569512973], [19.061996787786484, 47.47422022753926], [19.061980694532394, 47.47416855804738], [19.06201422214508, 47.474164025633385]]]}}, {"type": "Feature", "id": 298, "properties": {"buildingId": 2, "floorId": 7, "roomNumber": "243", "roomName": "2.243 Oktat\u00f3", "scope": "budapest/lagymanyos/eszaki/2/LK-2-243-01-13", "roomCode": "LK-2-243-01-13", "roomType": "educational", "__tile": "16/36238/22923", "__layer": "rooms", "__zoom": 16, "__mvtId": 298, "__building": "eszaki", "__ringVerts": 5, "id": 298, "catalogFloorId": 7}, "geometry": {"type": "Polygon", "coordinates": [[[19.062090665102005, 47.47415314783821], [19.062105417251587, 47.47420481734524], [19.06206652522087, 47.47421025623777], [19.06205043196678, 47.47415858673608], [19.062090665102005, 47.47415314783821]]]}}, {"type": "Feature", "id": 279, "properties": {"buildingId": 2, "floorId": 7, "roomNumber": "224", "roomName": "2.224 T\u00e1rgyal\u00f3", "scope": "budapest/lagymanyos/eszaki/2/LK-2-224-01-17", "roomCode": "LK-2-224-01-17", "roomType": "educational", "__tile": "16/36238/22923", "__layer": "rooms", "__zoom": 16, "__mvtId": 279, "__building": "eszaki", "__ringVerts": 5, "id": 279, "catalogFloorId": 7}, "geometry": {"type": "Polygon", "coordinates": [[[19.06180500984192, 47.474193033076176], [19.06182110309601, 47.47424560902544], [19.06175673007965, 47.47425376735768], [19.06174063682556, 47.47420119141658], [19.06180500984192, 47.474193033076176]]]}}, {"type": "Feature", "id": 291, "properties": {"buildingId": 2, "floorId": 7, "roomNumber": "236", "roomName": "2.236 KKKK Doktorandusz ", "scope": "budapest/lagymanyos/eszaki/2/LK-2-236-01-13", "roomCode": "LK-2-236-01-13", "roomType": "educational", "__tile": "16/36238/22923", "__layer": "rooms", "__zoom": 16, "__mvtId": 291, "__building": "eszaki", "__ringVerts": 5, "id": 291, "catalogFloorId": 7}, "geometry": {"type": "Polygon", "coordinates": [[[19.061838537454605, 47.47418759418188], [19.061854630708694, 47.47424017013658], [19.06182110309601, 47.474244702544], [19.06180500984192, 47.47419212659384], [19.061838537454605, 47.47418759418188]]]}}, {"type": "Feature", "id": 701, "properties": {"buildingId": 2, "floorId": 7, "roomNumber": "2-K3", "roomName": "2.K3 K\u00f6zleked\u0151 (\u00e1tj\u00e1r\u00f3  KTCS dolgoz\u00f3szob\u00e1khoz)", "scope": "budapest/lagymanyos/eszaki/2/L\u00c9-2-K3-04-63", "roomCode": "L\u00c9-2-K3-04-63", "roomType": "corridor", "__tile": "16/36238/22923", "__layer": "rooms", "__zoom": 16, "__mvtId": 701, "__building": "eszaki", "__ringVerts": 6, "id": 701, "catalogFloorId": 7}, "geometry": {"type": "Polygon", "coordinates": [[[19.062258303165436, 47.47419122011148], [19.062262326478958, 47.47420481734524], [19.062121510505676, 47.474223853466604], [19.062117487192154, 47.4742111627198], [19.06222477555275, 47.474194846040824], [19.062258303165436, 47.47419122011148]]]}}, {"type": "Feature", "id": 292, "properties": {"buildingId": 2, "floorId": 7, "roomNumber": "237", "roomName": "2.237 Oktat\u00f3", "scope": "budapest/lagymanyos/eszaki/2/LK-2-237-01-13", "roomCode": "LK-2-237-01-13", "roomType": "educational", "__tile": "16/36238/22923", "__layer": "rooms", "__zoom": 16, "__mvtId": 292, "__building": "eszaki", "__ringVerts": 5, "id": 292, "catalogFloorId": 7}, "geometry": {"type": "Polygon", "coordinates": [[[19.0618734061718, 47.47418306176953], [19.061889499425888, 47.47423563772876], [19.061855971813202, 47.47424017013658], [19.061839878559113, 47.47418759418188], [19.0618734061718, 47.47418306176953]]]}}, {"type": "Feature", "id": 294, "properties": {"buildingId": 2, "floorId": 7, "roomNumber": "239", "roomName": "2.239 Oktat\u00f3", "scope": "budapest/lagymanyos/eszaki/2/LK-2-239-01-13", "roomCode": "LK-2-239-01-13", "roomType": "educational", "__tile": "16/36238/22923", "__layer": "rooms", "__zoom": 16, "__mvtId": 294, "__building": "eszaki", "__ringVerts": 5, "id": 294, "catalogFloorId": 7}, "geometry": {"type": "Polygon", "coordinates": [[[19.061944484710693, 47.47417309046098], [19.061960577964783, 47.47422566643019], [19.06192570924759, 47.47423019883887], [19.0619096159935, 47.47417762287419], [19.061944484710693, 47.47417309046098]]]}}, {"type": "Feature", "id": 295, "properties": {"buildingId": 2, "floorId": 7, "roomNumber": "240", "roomName": "2.240 Oktat\u00f3", "scope": "budapest/lagymanyos/eszaki/2/LK-2-240-01-13", "roomCode": "LK-2-240-01-13", "roomType": "educational", "__tile": "16/36238/22923", "__layer": "rooms", "__zoom": 16, "__mvtId": 295, "__building": "eszaki", "__ringVerts": 5, "id": 295, "catalogFloorId": 7}, "geometry": {"type": "Polygon", "coordinates": [[[19.061979353427887, 47.47416855804738], [19.061995446681976, 47.47422113402112], [19.061960577964783, 47.47422566643019], [19.061944484710693, 47.47417309046098], [19.061979353427887, 47.47416855804738]]]}}, {"type": "Feature", "id": 297, "properties": {"buildingId": 2, "floorId": 7, "roomNumber": "242", "roomName": "2.242 Oktat\u00f3", "scope": "budapest/lagymanyos/eszaki/2/LK-2-242-01-13", "roomCode": "LK-2-242-01-13", "roomType": "educational", "__tile": "16/36238/22923", "__layer": "rooms", "__zoom": 16, "__mvtId": 297, "__building": "eszaki", "__ringVerts": 5, "id": 297, "catalogFloorId": 7}, "geometry": {"type": "Polygon", "coordinates": [[[19.062049090862274, 47.474159493219005], [19.062065184116364, 47.4742111627198], [19.062031656503677, 47.47421569512973], [19.062015563249588, 47.474164025633385], [19.062049090862274, 47.474159493219005]]]}}, {"type": "Feature", "id": 706, "properties": {"buildingId": 2, "floorId": 7, "roomNumber": "2-K8", "roomName": "2.K8 K\u00f6zleked\u0151 (Nyugati  liftt\u0151l D)", "scope": "budapest/lagymanyos/eszaki/2/L\u00c9-2-K8-04-63", "roomCode": "L\u00c9-2-K8-04-63", "roomType": "corridor", "__tile": "17/72476/45847", "__layer": "rooms", "__zoom": 17, "__mvtId": 706, "__building": "eszaki", "__ringVerts": 143, "id": 706, "catalogFloorId": 7}, "geometry": {"type": "Polygon", "coordinates": [[[19.06194046139717, 47.473031363121194], [19.06194917857647, 47.47303045661881], [19.06195119023323, 47.47303317612592], [19.0619545429945, 47.473043600901846], [19.061943143606186, 47.47304541390614], [19.06195320188999, 47.47304496065507], [19.061957895755768, 47.47306037118921], [19.061948508024216, 47.47306309069477], [19.06195990741253, 47.47306127769108], [19.061963260173798, 47.47307170246144], [19.061962589621544, 47.47307487521722], [19.061953872442245, 47.473076234969646], [19.061962589621544, 47.47307532846804], [19.06196393072605, 47.47307986097593], [19.061953872442245, 47.473081673978974], [19.061957225203514, 47.47309209874528], [19.061966612935066, 47.47309073899328], [19.06197063624859, 47.47310524301291], [19.06196191906929, 47.47310660276453], [19.061988070607185, 47.47319408004577], [19.061957225203514, 47.47319815929367], [19.06195119023323, 47.47317866955083], [19.061941131949425, 47.473180029300565], [19.06193844974041, 47.473170511051684], [19.06193643808365, 47.47316461880151], [19.0619458258152, 47.47316235255126], [19.061934426426888, 47.47316371230143], [19.061932414770126, 47.473152834299185], [19.061931744217873, 47.47315011479828], [19.06194046139717, 47.47314875504777], [19.06194046139717, 47.473148301797586], [19.061931744217873, 47.47314966154811], [19.061928391456604, 47.47313878354296], [19.061937108635902, 47.47313742379215], [19.061928391456604, 47.4731383302927], [19.06192235648632, 47.47312518603336], [19.061934426426888, 47.47312337303181], [19.061923697590828, 47.473123826282205], [19.061919003725052, 47.47310841576666], [19.061929062008858, 47.47310569626345], [19.061919003725052, 47.47310750926561], [19.061914309859276, 47.473097084502356], [19.06191498041153, 47.47309391174792], [19.061923027038574, 47.47309255199595], [19.06191498041153, 47.47309345849727], [19.06191162765026, 47.47308258048048], [19.061917662620544, 47.473081673978974], [19.061910957098007, 47.47308212722974], [19.061908945441246, 47.47307940772516], [19.061905592679977, 47.473068982956335], [19.06191699206829, 47.47306716995285], [19.061906933784485, 47.47306762320372], [19.06190223991871, 47.4730522126717], [19.06191162765026, 47.47304949316559], [19.061901569366455, 47.47305085291867], [19.06189687550068, 47.47304042814417], [19.061897546052933, 47.47303770863744], [19.06190626323223, 47.47303634888402], [19.061897546052933, 47.47303725538631], [19.061894193291664, 47.47302637735789], [19.061902910470963, 47.47302501760418], [19.061903581023216, 47.473021391594116], [19.06190223991871, 47.47302456435294], [19.061894193291664, 47.47302592410665], [19.06188815832138, 47.4730127798192], [19.061900228261948, 47.47301096681377], [19.061889499425888, 47.47301142006514], [19.061884805560112, 47.47299600951664], [19.061894863843918, 47.472993290007615], [19.06188279390335, 47.472995103013645], [19.061880111694336, 47.472984678228094], [19.06188078224659, 47.472981958718485], [19.061890840530396, 47.47298059896362], [19.061880111694336, 47.472981052215246], [19.06187742948532, 47.47297108067862], [19.061886817216873, 47.472967454664825], [19.061876758933067, 47.47296881442003], [19.061871394515038, 47.47295657662196], [19.06188279390335, 47.472954763614595], [19.061872735619545, 47.472955216866445], [19.06186804175377, 47.472941166057375], [19.06187742948532, 47.47293708678952], [19.061866030097008, 47.472938899797505], [19.06186267733574, 47.47292711524456], [19.061871394515038, 47.47292348922773], [19.061863347887993, 47.47292484898407], [19.061859995126724, 47.47291397093238], [19.06186804175377, 47.47291215792356], [19.061857983469963, 47.47291215792356], [19.06185396015644, 47.47290037336461], [19.061866030097008, 47.47289856035531], [19.061855301260948, 47.472899013607645], [19.061853289604187, 47.472891761569876], [19.061850607395172, 47.472883603026176], [19.061860665678978, 47.47288088351133], [19.06184859573841, 47.472882696521246], [19.061845242977142, 47.4728722717134], [19.061845913529396, 47.472868645692785], [19.061854630708694, 47.4728677391876], [19.06185731291771, 47.47287045870313], [19.061859995126724, 47.47286637942979], [19.061883464455605, 47.472863206661415], [19.061887487769127, 47.472863659914054], [19.061892181634903, 47.47287771074384], [19.06190223991871, 47.472876350986276], [19.061906933784485, 47.472891761569876], [19.06189687550068, 47.47289402783178], [19.061908945441246, 47.47289266807465], [19.061910957098007, 47.47290626564442], [19.061902910470963, 47.47290762540119], [19.06191162765026, 47.47290671889668], [19.061914309859276, 47.47291759694986], [19.06190626323223, 47.47291895670635], [19.06191498041153, 47.47291805020203], [19.06192034482956, 47.47293119451318], [19.061908945441246, 47.47293300752136], [19.061919003725052, 47.47293255426933], [19.061923697590828, 47.47294796483643], [19.061914309859276, 47.47295023109592], [19.06192570924759, 47.472948871340236], [19.061929062008858, 47.47295929613289], [19.061928391456604, 47.47296246889545], [19.061919674277306, 47.472963828650784], [19.061917662620544, 47.4729611091401], [19.061918333172798, 47.472963828650784], [19.061919674277306, 47.472964281902556], [19.061928391456604, 47.47296292214724], [19.061931744217873, 47.4729738001888], [19.061923697590828, 47.47297515994383], [19.061931744217873, 47.472974253440476], [19.061934426426888, 47.47297697295049], [19.061937779188156, 47.47298739773756], [19.06192570924759, 47.472989210743805], [19.06193643808365, 47.47298875749225], [19.061941131949425, 47.47300416804288], [19.061931744217873, 47.47300643429994], [19.061943143606186, 47.47300507454571], [19.061946496367455, 47.47301549932722], [19.061945155262947, 47.47301867208639], [19.061937108635902, 47.473020031840264], [19.0619458258152, 47.47301912533769], [19.06194917857647, 47.47303000336761], [19.06194046139717, 47.473031363121194]], [[19.061921685934067, 47.47308529998488], [19.061913639307022, 47.473086659737035], [19.061914309859276, 47.47308937924124], [19.06192235648632, 47.47308801948915], [19.061921685934067, 47.47308529998488]], [[19.06191162765026, 47.472910798166886], [19.061903581023216, 47.47291215792356], [19.06190425157547, 47.472914877436786], [19.061912298202515, 47.47291351768019], [19.06191162765026, 47.472910798166886]], [[19.06193844974041, 47.47314150304445], [19.061930403113365, 47.47314286279516], [19.061931744217873, 47.47314558229644], [19.061939120292664, 47.47314422254582], [19.06193844974041, 47.47314150304445]], [[19.0619458258152, 47.47302320459917], [19.061937779188156, 47.47302456435294], [19.061939120292664, 47.47302728386034], [19.061946496367455, 47.47302592410665], [19.0619458258152, 47.47302320459917]], [[19.061928391456604, 47.47296700141309], [19.061921015381813, 47.4729683611683], [19.061921685934067, 47.47297108067862], [19.06192973256111, 47.47296972092347], [19.061928391456604, 47.47296700141309]], [[19.06187005341053, 47.472916690445516], [19.061862006783485, 47.47291805020203], [19.06186267733574, 47.47292031646281], [19.061870723962784, 47.472919409958514], [19.06187005341053, 47.472916690445516]], [[19.06190425157547, 47.473029096865204], [19.061896204948425, 47.47303045661881], [19.061897546052933, 47.473032722874734], [19.061904922127724, 47.47303181637238], [19.06190425157547, 47.473029096865204]], [[19.061886817216873, 47.472972893685416], [19.061879441142082, 47.472974253440476], [19.061880111694336, 47.472976519698825], [19.06188815832138, 47.4729756131955], [19.061886817216873, 47.472972893685416]], [[19.06193643808365, 47.47313697054189], [19.06193844974041, 47.47313697054189], [19.061937779188156, 47.47313425104015], [19.061935767531395, 47.47313425104015], [19.06193643808365, 47.47313697054189]], [[19.06193643808365, 47.47301685908118], [19.061934426426888, 47.47301731233249], [19.061935767531395, 47.47302048509155], [19.061937108635902, 47.47301912533769], [19.06193643808365, 47.47301685908118]], [[19.061906933784485, 47.473039521641944], [19.061908945441246, 47.473039068390825], [19.061908274888992, 47.47303680213516], [19.06190626323223, 47.47303680213516], [19.061906933784485, 47.473039521641944]], [[19.061868712306023, 47.47290898515794], [19.061867371201515, 47.472909438410184], [19.06186804175377, 47.47291170467134], [19.06187005341053, 47.47291215792356], [19.061868712306023, 47.47290898515794]], [[19.061901569366455, 47.47290445263531], [19.061900228261948, 47.4729049058876], [19.0619008988142, 47.472907172148936], [19.061902910470963, 47.47290762540119], [19.061901569366455, 47.47290445263531]], [[19.061921685934067, 47.47297515994383], [19.061923027038574, 47.47297833270544], [19.06192436814308, 47.47297833270544], [19.061923697590828, 47.47297606644717], [19.061921685934067, 47.47297515994383]], [[19.0618734061718, 47.47292394247985], [19.06187206506729, 47.47292484898407], [19.061872735619545, 47.47292711524456], [19.061874076724052, 47.47292666199247], [19.0618734061718, 47.47292394247985]], [[19.06190626323223, 47.472919409958514], [19.061904922127724, 47.47291986321066], [19.061905592679977, 47.472922129471364], [19.061906933784485, 47.472922129471364], [19.06190626323223, 47.472919409958514]], [[19.06192436814308, 47.47309255199595], [19.061923697590828, 47.47309345849727], [19.06192436814308, 47.47309572475048], [19.06192570924759, 47.473095271499844], [19.06192436814308, 47.47309255199595]], [[19.061953872442245, 47.473076234969646], [19.061951860785484, 47.473073515464776], [19.061952531337738, 47.47307668822045], [19.061953872442245, 47.473076234969646]], [[19.06194046139717, 47.473031363121194], [19.061939120292664, 47.47303181637238], [19.061939790844917, 47.473034989130575], [19.06194046139717, 47.473031363121194]], [[19.061919674277306, 47.47308122072822], [19.061921015381813, 47.473080767477455], [19.06192034482956, 47.47307804797281], [19.061919674277306, 47.47308122072822]]]}}, {"type": "Feature", "id": 669, "properties": {"buildingId": 2, "floorId": 7, "roomNumber": "2.58", "roomName": "2.58 Modern fizikai  laborat\u00f3rium 6.", "scope": "budapest/lagymanyos/eszaki/2/L\u00c9-2-58-01-14", "roomCode": "L\u00c9-2-58-01-14", "roomType": "educational", "__tile": "17/72476/45847", "__layer": "rooms", "__zoom": 17, "__mvtId": 669, "__building": "eszaki", "__ringVerts": 5, "id": 669, "catalogFloorId": 7}, "geometry": {"type": "Polygon", "coordinates": [[[19.061868712306023, 47.47294796483643], [19.061876758933067, 47.47297515994383], [19.06180165708065, 47.47298558473126], [19.061794951558113, 47.47295838962926], [19.061868712306023, 47.47294796483643]]]}}, {"type": "Feature", "id": 670, "properties": {"buildingId": 2, "floorId": 7, "roomNumber": "2.59", "roomName": "2.59 Modern fizikai  laborat\u00f3rium 7. ", "scope": "budapest/lagymanyos/eszaki/2/L\u00c9-2-59-01-14", "roomCode": "L\u00c9-2-59-01-14", "roomType": "educational", "__tile": "17/72476/45847", "__layer": "rooms", "__zoom": 17, "__mvtId": 670, "__building": "eszaki", "__ringVerts": 5, "id": 670, "catalogFloorId": 7}, "geometry": {"type": "Polygon", "coordinates": [[[19.06187742948532, 47.472976519698825], [19.061885476112366, 47.47300326154003], [19.061809703707695, 47.473013233070546], [19.06180165708065, 47.472986944486], [19.06187742948532, 47.472976519698825]]]}}, {"type": "Feature", "id": 671, "properties": {"buildingId": 2, "floorId": 7, "roomNumber": "2.61", "roomName": "2.61 Modern fizikai  laborat\u00f3rium 15.", "scope": "budapest/lagymanyos/eszaki/2/L\u00c9-2-61-01-14", "roomCode": "L\u00c9-2-61-01-14", "roomType": "educational", "__tile": "17/72476/45847", "__layer": "rooms", "__zoom": 17, "__mvtId": 671, "__building": "eszaki", "__ringVerts": 5, "id": 671, "catalogFloorId": 7}, "geometry": {"type": "Polygon", "coordinates": [[[19.061894193291664, 47.473032722874734], [19.061910957098007, 47.473087566238455], [19.06183585524559, 47.47309799100359], [19.061819091439247, 47.473043147650756], [19.061894193291664, 47.473032722874734]]]}}, {"type": "Feature", "id": 689, "properties": {"buildingId": 2, "floorId": 7, "roomNumber": "2.81", "roomName": "2.81 Modern fizikai laborat\u00f3rium", "scope": "budapest/lagymanyos/eszaki/2/L\u00c9-2-81-01-13", "roomCode": "L\u00c9-2-81-01-13", "roomType": "educational", "__tile": "17/72476/45847", "__layer": "rooms", "__zoom": 17, "__mvtId": 689, "__building": "eszaki", "__ringVerts": 5, "id": 689, "catalogFloorId": 7}, "geometry": {"type": "Polygon", "coordinates": [[[19.062024280428886, 47.47301459282456], [19.062030985951424, 47.473041787897486], [19.061957225203514, 47.47305175942069], [19.06194917857647, 47.47302501760418], [19.062024280428886, 47.47301459282456]]]}}, {"type": "Feature", "id": 667, "properties": {"buildingId": 2, "floorId": 7, "roomNumber": "2.56", "roomName": "2.56 Oktat\u00f3", "scope": "budapest/lagymanyos/eszaki/2/L\u00c9-2-56-01-13", "roomCode": "L\u00c9-2-56-01-13", "roomType": "educational", "__tile": "17/72476/45847", "__layer": "rooms", "__zoom": 17, "__mvtId": 667, "__building": "eszaki", "__ringVerts": 5, "id": 667, "catalogFloorId": 7}, "geometry": {"type": "Polygon", "coordinates": [[[19.06185194849968, 47.47289266807465], [19.061859995126724, 47.47291895670635], [19.061784222722054, 47.47292938150494], [19.06177617609501, 47.47290309287845], [19.06185194849968, 47.47289266807465]]]}}, {"type": "Feature", "id": 710, "properties": {"buildingId": 2, "floorId": 7, "roomNumber": "2-L6", "roomName": "2.L6 L\u00e9pcs\u0151h\u00e1z Fizika DNy-i", "scope": "budapest/lagymanyos/eszaki/2/L\u00c9-2-L6-04-64", "roomCode": "L\u00c9-2-L6-04-64", "roomType": "corridor", "__tile": "17/72476/45847", "__layer": "rooms", "__zoom": 17, "__mvtId": 710, "__building": "eszaki", "__ringVerts": 6, "id": 710, "catalogFloorId": 7}, "geometry": {"type": "Polygon", "coordinates": [[[19.062041714787483, 47.47307079595975], [19.062049090862274, 47.47309436499856], [19.06197063624859, 47.47310524301291], [19.06196393072605, 47.473081673978974], [19.062038362026215, 47.4730712492106], [19.062041714787483, 47.47307079595975]]]}}, {"type": "Feature", "id": 666, "properties": {"buildingId": 2, "floorId": 7, "roomNumber": "2.53/B", "roomName": "2.53/B Oktat\u00f3", "scope": "budapest/lagymanyos/eszaki/2/L\u00c9-2-53-B-01-13", "roomCode": "L\u00c9-2-53/B-01-13", "roomType": "educational", "__tile": "17/72476/45847", "__layer": "rooms", "__zoom": 17, "__mvtId": 666, "__building": "eszaki", "__ringVerts": 10, "id": 666, "catalogFloorId": 7}, "geometry": {"type": "Polygon", "coordinates": [[[19.061791598796844, 47.472695049663564], [19.061793610453606, 47.47270094196639], [19.06180366873741, 47.47269958220425], [19.061807692050934, 47.472712726570045], [19.061797633767128, 47.472714086331834], [19.061800315976143, 47.47272405791723], [19.061727225780487, 47.47273402950073], [19.06172387301922, 47.47273176323192], [19.061716496944427, 47.47270547450657], [19.061791598796844, 47.472695049663564]]]}}, {"type": "Feature", "id": 287, "properties": {"buildingId": 2, "floorId": 7, "roomNumber": "232", "roomName": "2.232 fot\u00f3 szoba, vizdesztill\u00e1l\u00f3", "scope": "budapest/lagymanyos/eszaki/2/LK-2-232-01-14", "roomCode": "LK-2-232-01-14", "roomType": "educational", "__tile": "17/72476/45847", "__layer": "rooms", "__zoom": 17, "__mvtId": 287, "__building": "eszaki", "__ringVerts": 5, "id": 287, "catalogFloorId": 7}, "geometry": {"type": "Polygon", "coordinates": [[[19.061786234378815, 47.47266332186778], [19.06179428100586, 47.47268915736007], [19.061727225780487, 47.472698675696144], [19.061719179153442, 47.47267238695424], [19.061786234378815, 47.47266332186778]]]}}, {"type": "Feature", "id": 257, "properties": {"buildingId": 2, "floorId": 7, "roomName": "2.200/2 K\u00f6zleked\u0151 labor hossz\u00fa folyos\u00f3", "scope": "budapest/lagymanyos/eszaki/2/LK-2-200-2-04-63", "roomCode": "LK-2-200/2-04-63", "roomType": "corridor", "__tile": "16/36238/22923", "__layer": "rooms", "__zoom": 16, "__mvtId": 257, "__building": "eszaki", "__ringVerts": 77, "id": 257, "catalogFloorId": 7}, "geometry": {"type": "Polygon", "coordinates": [[[19.061586409807205, 47.47410147828036], [19.061590433120728, 47.47411507553735], [19.061601161956787, 47.47411326256996], [19.06160518527031, 47.4741241403734], [19.06159445643425, 47.47412504685691], [19.06159982085228, 47.47414317652398], [19.06161054968834, 47.47414136355756], [19.061613231897354, 47.47415224135518], [19.061602503061295, 47.47415314783821], [19.061607867479324, 47.474171277495586], [19.061618596315384, 47.47416946453013], [19.061622619628906, 47.47418034232193], [19.061611890792847, 47.47418124880447], [19.061617255210876, 47.474199378452155], [19.061627984046936, 47.47419756548767], [19.06163066625595, 47.47420844327365], [19.06161993741989, 47.47420934975572], [19.06166821718216, 47.474367983876036], [19.061680287122726, 47.47436617091737], [19.06168296933174, 47.47437704866846], [19.06167224049568, 47.47437795514761], [19.06167760491371, 47.47439608472743], [19.06168833374977, 47.47439427176972], [19.061692357063293, 47.47440605599366], [19.061680287122726, 47.474407868950955], [19.061691015958786, 47.47444503456169], [19.061661511659622, 47.47444956695145], [19.061658829450607, 47.47444140864961], [19.06164675951004, 47.47444322160568], [19.061642736196518, 47.47443143739008], [19.061654806137085, 47.47443053091185], [19.061649441719055, 47.47441330782246], [19.061638712882996, 47.474415120779504], [19.061634689569473, 47.47440333655761], [19.061645418405533, 47.47440243007888], [19.06164139509201, 47.47438520698029], [19.061629325151443, 47.4743870199383], [19.06162664294243, 47.47437523571009], [19.061637371778488, 47.47437342275167], [19.06163200736046, 47.47435710612309], [19.0616212785244, 47.474358919082064], [19.061617255210876, 47.47434713484756], [19.061627984046936, 47.47434532188817], [19.061623960733414, 47.47432900525085], [19.061611890792847, 47.47432991173084], [19.061609208583832, 47.47431812748983], [19.0616212785244, 47.47431722100964], [19.06161591410637, 47.47429999788311], [19.061603844165802, 47.47430181084407], [19.06159982085228, 47.47429093307741], [19.06161054968834, 47.47428912011608], [19.061606526374817, 47.47427189698034], [19.06159445643425, 47.474273709942274], [19.061590433120728, 47.474261019207496], [19.061602503061295, 47.47425920624514], [19.061597138643265, 47.474243796062545], [19.061586409807205, 47.474244702544], [19.061582386493683, 47.474233824765534], [19.06159445643425, 47.47423201180222], [19.06158909201622, 47.474213882165806], [19.061577022075653, 47.47421478864777], [19.061574339866638, 47.47420481734524], [19.061585068702698, 47.47420300438094], [19.061579704284668, 47.47418668769944], [19.06156897544861, 47.47418759418188], [19.061564952135086, 47.47417671639158], [19.061577022075653, 47.47417490342631], [19.061571657657623, 47.47415768025314], [19.061560928821564, 47.474159493219005], [19.06155690550804, 47.47414861542288], [19.06156897544861, 47.474147708939775], [19.06156361103058, 47.47412957927426], [19.06155154109001, 47.474131392241105], [19.061548858880997, 47.474120514439164], [19.061559587717056, 47.47411870147196], [19.061555564403534, 47.47410601069975], [19.061586409807205, 47.47410147828036]]]}}, {"type": "Feature", "id": 278, "properties": {"buildingId": 2, "floorId": 7, "roomNumber": "221", "roomName": "2.221 Reakci\u00f3kinetikai Kut.labor", "scope": "budapest/lagymanyos/eszaki/2/LK-2-221-01-14", "roomCode": "LK-2-221-01-14", "roomType": "educational", "__tile": "16/36238/22923", "__layer": "rooms", "__zoom": 16, "__mvtId": 278, "__building": "eszaki", "__ringVerts": 5, "id": 278, "catalogFloorId": 7}, "geometry": {"type": "Polygon", "coordinates": [[[19.06168431043625, 47.474151334872126], [19.061700403690338, 47.47420572382737], [19.061633348464966, 47.47421478864777], [19.06161591410637, 47.4741613061848], [19.06168431043625, 47.474151334872126]]]}}, {"type": "Feature", "id": 261, "properties": {"buildingId": 2, "floorId": 7, "roomNumber": "202", "roomName": "202 (m\u00f3dszertan)", "scope": "budapest/lagymanyos/eszaki/2/LK-2-202-01-14", "roomCode": "LK-2-202-01-14", "roomType": "educational", "__tile": "16/36238/22923", "__layer": "rooms", "__zoom": 16, "__mvtId": 261, "__building": "eszaki", "__ringVerts": 5, "id": 261, "catalogFloorId": 7}, "geometry": {"type": "Polygon", "coordinates": [[[19.061598479747772, 47.47428186827014], [19.06163200736046, 47.47439336529086], [19.061564952135086, 47.47440243007888], [19.061530083417892, 47.47429093307741], [19.061598479747772, 47.47428186827014]]]}}, {"type": "Feature", "id": 262, "properties": {"buildingId": 2, "floorId": 7, "roomNumber": "203", "roomName": "2.203 el\u0151k\u00e9sz\u00edt\u0151", "scope": "budapest/lagymanyos/eszaki/2/LK-2-203-01-14", "roomCode": "LK-2-203-01-14", "roomType": "educational", "__tile": "16/36238/22923", "__layer": "rooms", "__zoom": 16, "__mvtId": 262, "__building": "eszaki", "__ringVerts": 5, "id": 262, "catalogFloorId": 7}, "geometry": {"type": "Polygon", "coordinates": [[[19.06158909201622, 47.47425376735768], [19.061597138643265, 47.474280055308505], [19.061530083417892, 47.47428912011608], [19.061522036790848, 47.47426283216979], [19.06158909201622, 47.47425376735768]]]}}, {"type": "Feature", "id": 703, "properties": {"buildingId": 2, "floorId": 7, "roomNumber": "2-K5", "roomName": "2.K5 El\u0151t\u00e9r Keleti lift el\u0151tt", "scope": "budapest/lagymanyos/eszaki/2/L\u00c9-2-K5-04-63", "roomCode": "L\u00c9-2-K5-04-63", "roomType": "corridor", "__tile": "17/72476/45847", "__layer": "rooms", "__zoom": 17, "__mvtId": 703, "__building": "eszaki", "__ringVerts": 54, "id": 703, "catalogFloorId": 7}, "geometry": {"type": "Polygon", "coordinates": [[[19.062391072511673, 47.47263386032597], [19.06239576637745, 47.4726479112172], [19.062386378645897, 47.472650177489626], [19.06239777803421, 47.472648364471695], [19.06240113079548, 47.47265924257836], [19.062389731407166, 47.472660602341534], [19.06239040195942, 47.47266332186778], [19.06239978969097, 47.472660602341534], [19.062400460243225, 47.472662415359046], [19.062402471899986, 47.47266966742847], [19.06240113079548, 47.47266694790255], [19.062391743063927, 47.47266830766553], [19.062409847974777, 47.472727230694005], [19.062418565154076, 47.47272587093255], [19.06241923570633, 47.47272315140955], [19.062421917915344, 47.47273221648569], [19.062411189079285, 47.47273221648569], [19.06241185963154, 47.47273448275448], [19.06242325901985, 47.47273312299322], [19.06242661178112, 47.472743547828664], [19.062415212392807, 47.472744907589664], [19.062425941228867, 47.472744907589664], [19.062430635094643, 47.4727603182118], [19.062420576810837, 47.47276167797235], [19.062420576810837, 47.47276258447938], [19.062430635094643, 47.47276122471884], [19.062434658408165, 47.47277391581581], [19.06242460012436, 47.47277527557601], [19.06242460012436, 47.472776635336196], [19.062434658408165, 47.47277527557601], [19.062438011169434, 47.47278615365641], [19.062429293990135, 47.4727875134163], [19.06238704919815, 47.47279340570876], [19.062385708093643, 47.47278887317616], [19.062395095825195, 47.47278660690971], [19.06238302588463, 47.47274536084332], [19.062364250421524, 47.47274808036518], [19.06235821545124, 47.472725417678724], [19.062354192137718, 47.47272587093255], [19.06235083937645, 47.47271680585531], [19.062355533242226, 47.47271635260141], [19.06235285103321, 47.47270864728446], [19.06234882771969, 47.47270910053843], [19.062346145510674, 47.472700035458296], [19.062350168824196, 47.472699128950204], [19.062340781092644, 47.47268281180174], [19.062344804406166, 47.47268235854755], [19.062338769435883, 47.47266105559592], [19.062356874346733, 47.47265878932396], [19.062346816062927, 47.47265878932396], [19.062344804406166, 47.4726519905075], [19.062354192137718, 47.47265108399857], [19.062348157167435, 47.47263386032597], [19.062391072511673, 47.47263386032597]], [[19.06243532896042, 47.47277935485643], [19.062427282333374, 47.4727807146165], [19.062427952885628, 47.472782980883196], [19.062435999512672, 47.472782074376525], [19.06243532896042, 47.47277935485643]]]}}, {"type": "Feature", "id": 648, "properties": {"buildingId": 2, "floorId": 7, "roomNumber": "2.118", "roomName": "2.118 ICP-MS laborat\u00f3rium", "scope": "budapest/lagymanyos/eszaki/2/L\u00c9-2-118-01-14", "roomCode": "L\u00c9-2-118-01-14", "roomType": "educational", "__tile": "16/36238/22923", "__layer": "rooms", "__zoom": 16, "__mvtId": 648, "__building": "eszaki", "__ringVerts": 6, "id": 648, "catalogFloorId": 7}, "geometry": {"type": "Polygon", "coordinates": [[[19.06235620379448, 47.47411779498833], [19.062360227108, 47.474122327406306], [19.062373638153076, 47.47417218397829], [19.062299877405167, 47.47418306176953], [19.06228244304657, 47.47412776630737], [19.06235620379448, 47.47411779498833]]]}}, {"type": "Feature", "id": 649, "properties": {"buildingId": 2, "floorId": 7, "roomNumber": "2.119", "roomName": "2.119 ICP-MS el\u0151k\u00e9sz\u00edt\u0151", "scope": "budapest/lagymanyos/eszaki/2/L\u00c9-2-119-01-14", "roomCode": "L\u00c9-2-119-01-14", "roomType": "educational", "__tile": "16/36238/22923", "__layer": "rooms", "__zoom": 16, "__mvtId": 649, "__building": "eszaki", "__ringVerts": 6, "id": 649, "catalogFloorId": 7}, "geometry": {"type": "Polygon", "coordinates": [[[19.062373638153076, 47.47417399694365], [19.0623776614666, 47.474178529356784], [19.06238168478012, 47.47420028493438], [19.06230792403221, 47.4742111627198], [19.062299877405167, 47.47418396825203], [19.062373638153076, 47.47417399694365]]]}}, {"type": "Feature", "id": 650, "properties": {"buildingId": 2, "floorId": 7, "roomNumber": "2.120", "roomName": "2.120 TXRF laborat\u00f3rium", "scope": "budapest/lagymanyos/eszaki/2/L\u00c9-2-120-01-14", "roomCode": "L\u00c9-2-120-01-14", "roomType": "educational", "__tile": "16/36238/22923", "__layer": "rooms", "__zoom": 16, "__mvtId": 650, "__building": "eszaki", "__ringVerts": 6, "id": 650, "catalogFloorId": 7}, "geometry": {"type": "Polygon", "coordinates": [[[19.06238168478012, 47.474202097898775], [19.062385708093643, 47.47420663030948], [19.062389731407166, 47.47422838587545], [19.062317311763763, 47.47423926365505], [19.06230926513672, 47.47421206920182], [19.06238168478012, 47.474202097898775]]]}}, {"type": "Feature", "id": 654, "properties": {"buildingId": 2, "floorId": 7, "roomNumber": "2.128", "roomName": "2.128 Hallgat\u00f3i m\u00e9rlegszoba el\u0151k\u00e9sz\u00edt\u0151", "scope": "budapest/lagymanyos/eszaki/2/L\u00c9-2-128-01-14", "roomCode": "L\u00c9-2-128-01-14", "roomType": "educational", "__tile": "17/72476/45847", "__layer": "rooms", "__zoom": 17, "__mvtId": 654, "__building": "eszaki", "__ringVerts": 6, "id": 654, "catalogFloorId": 7}, "geometry": {"type": "Polygon", "coordinates": [[[19.06246952712536, 47.47263386032597], [19.062479585409164, 47.47265878932396], [19.062404483556747, 47.47266921417416], [19.06239576637745, 47.47264020589022], [19.062441363930702, 47.47263386032597], [19.06246952712536, 47.47263386032597]]]}}, {"type": "Feature", "id": 300, "properties": {"buildingId": 2, "floorId": 7, "roomNumber": "245", "roomName": "2.245 Oktat\u00f3", "scope": "budapest/lagymanyos/eszaki/2/LK-2-245-01-13", "roomCode": "LK-2-245-01-13", "roomType": "educational", "__tile": "16/36238/22923", "__layer": "rooms", "__zoom": 16, "__mvtId": 300, "__building": "eszaki", "__ringVerts": 5, "id": 300, "catalogFloorId": 7}, "geometry": {"type": "Polygon", "coordinates": [[[19.062073230743408, 47.47423745069194], [19.06208261847496, 47.474270990499356], [19.06205043196678, 47.47427552290412], [19.062039703130722, 47.474241983099596], [19.062073230743408, 47.47423745069194]]]}}, {"type": "Feature", "id": 642, "properties": {"buildingId": 2, "floorId": 7, "roomNumber": "2.112", "roomName": "2.112 Hallgat\u00f3i Labor", "scope": "budapest/lagymanyos/eszaki/2/L\u00c9-2-112-01-14", "roomCode": "L\u00c9-2-112-01-14", "roomType": "educational", "__tile": "16/36238/22923", "__layer": "rooms", "__zoom": 16, "__mvtId": 642, "__building": "eszaki", "__ringVerts": 7, "id": 642, "catalogFloorId": 7}, "geometry": {"type": "Polygon", "coordinates": [[[19.06227171421051, 47.474276429385036], [19.0622878074646, 47.4743308182108], [19.06220868229866, 47.47433988300963], [19.062201976776123, 47.47431722100964], [19.062207341194153, 47.47431631452944], [19.06219393014908, 47.47428912011608], [19.06227171421051, 47.474276429385036]]]}}, {"type": "Feature", "id": 647, "properties": {"buildingId": 2, "floorId": 7, "roomNumber": "2.117", "roomName": "2.117 Oktat\u00f3", "scope": "budapest/lagymanyos/eszaki/2/L\u00c9-2-117-01-13", "roomCode": "L\u00c9-2-117-01-13", "roomType": "educational", "__tile": "16/36238/22923", "__layer": "rooms", "__zoom": 16, "__mvtId": 647, "__building": "eszaki", "__ringVerts": 6, "id": 647, "catalogFloorId": 7}, "geometry": {"type": "Polygon", "coordinates": [[[19.06223952770233, 47.47413501817457], [19.06225562095642, 47.4741885006643], [19.06222477555275, 47.474194846040824], [19.062211364507675, 47.47419665900541], [19.06219393014908, 47.47414136355756], [19.06223952770233, 47.47413501817457]]]}}, {"type": "Feature", "id": 1200, "properties": {"buildingId": 2, "floorId": 7, "roomNumber": "2.138", "roomName": "2.138 sz\u00e1m\u00edt\u00f3g\u00e9p labor", "scope": "budapest/lagymanyos/eszaki/2/L\u00c9-2-138-01-12", "roomCode": "L\u00c9-2-138-01-12", "roomType": "educational", "__tile": "17/72476/45847", "__layer": "rooms", "__zoom": 17, "__mvtId": 1200, "__building": "eszaki", "__ringVerts": 10, "id": 1200, "catalogFloorId": 7}, "geometry": {"type": "Polygon", "coordinates": [[[19.06240113079548, 47.472844623299956], [19.062402471899986, 47.47285096883875], [19.062412530183792, 47.472849155827745], [19.062416553497314, 47.47286230015613], [19.06240649521351, 47.472863659914054], [19.062417894601822, 47.47289992011229], [19.06234212219715, 47.47291034491466], [19.062325358390808, 47.472855501366], [19.06236693263054, 47.47284870257498], [19.06240113079548, 47.472844623299956]]]}}, {"type": "Feature", "id": 664, "properties": {"buildingId": 2, "floorId": 7, "roomNumber": "2.139", "roomName": "2.139 Tan\u00e1ri Klub", "scope": "budapest/lagymanyos/eszaki/2/L\u00c9-2-139-01-17", "roomCode": "L\u00c9-2-139-01-17", "roomType": "educational", "__tile": "17/72476/45847", "__layer": "rooms", "__zoom": 17, "__mvtId": 664, "__building": "eszaki", "__ringVerts": 9, "id": 664, "catalogFloorId": 7}, "geometry": {"type": "Polygon", "coordinates": [[[19.062383696436882, 47.47278932642944], [19.062395095825195, 47.47282468017304], [19.062405154109, 47.47282332041411], [19.06240850687027, 47.472836464748944], [19.062398448586464, 47.472837824507536], [19.062400460243225, 47.47284371679435], [19.062325358390808, 47.47285414160787], [19.062308594584465, 47.47279975125374], [19.062383696436882, 47.47278932642944]]]}}, {"type": "Feature", "id": 658, "properties": {"buildingId": 2, "floorId": 7, "roomNumber": "2.133", "roomName": "2.133 K\u00e1rm\u00e1n Labor", "scope": "budapest/lagymanyos/eszaki/2/L\u00c9-2-133-01-14", "roomCode": "L\u00c9-2-133-01-14", "roomType": "educational", "__tile": "17/72476/45847", "__layer": "rooms", "__zoom": 17, "__mvtId": 658, "__building": "eszaki", "__ringVerts": 9, "id": 658, "catalogFloorId": 7}, "geometry": {"type": "Polygon", "coordinates": [[[19.06256541609764, 47.47293935304949], [19.062582179903984, 47.47299419651063], [19.062506407499313, 47.4730046212943], [19.062494337558746, 47.4729683611683], [19.062485620379448, 47.47296972092347], [19.062481597065926, 47.47295702987379], [19.06249165534973, 47.47295567011829], [19.06248964369297, 47.47294977784402], [19.06256541609764, 47.47293935304949]]]}}, {"type": "Feature", "id": 660, "properties": {"buildingId": 2, "floorId": 7, "roomNumber": "2.136", "roomName": "2.136 Sug\u00e1r laborat\u00f3rium", "scope": "budapest/lagymanyos/eszaki/2/L\u00c9-2-136-01-14", "roomCode": "L\u00c9-2-136-01-14", "roomType": "educational", "__tile": "17/72476/45847", "__layer": "rooms", "__zoom": 17, "__mvtId": 660, "__building": "eszaki", "__ringVerts": 14, "id": 660, "catalogFloorId": 7}, "geometry": {"type": "Polygon", "coordinates": [[[19.06243532896042, 47.47295702987379], [19.06243734061718, 47.47296337539902], [19.062447398900986, 47.47296201564368], [19.062450751662254, 47.472974706692156], [19.062430635094643, 47.47297742620214], [19.062441363930702, 47.47297697295049], [19.06244605779648, 47.47299238350457], [19.062435999512672, 47.47299374325913], [19.06244806945324, 47.472993290007615], [19.062452092766762, 47.473011873316494], [19.06237632036209, 47.47302275134792], [19.062359556555748, 47.47296790791657], [19.062414541840553, 47.4729597493847], [19.06243532896042, 47.47295702987379]]]}}, {"type": "Feature", "id": 661, "properties": {"buildingId": 2, "floorId": 7, "roomNumber": "2.137", "roomName": "2.137 S\u00f6t\u00e9tszoba", "scope": "budapest/lagymanyos/eszaki/2/L\u00c9-2-137-01-14", "roomCode": "L\u00c9-2-137-01-14", "roomType": "educational", "__tile": "17/72476/45847", "__layer": "rooms", "__zoom": 17, "__mvtId": 661, "__building": "eszaki", "__ringVerts": 10, "id": 661, "catalogFloorId": 7}, "geometry": {"type": "Polygon", "coordinates": [[[19.06241588294506, 47.47290127986924], [19.062429293990135, 47.47293754004153], [19.06243935227394, 47.472936180285515], [19.062443375587463, 47.472948871340236], [19.062433317303658, 47.47295023109592], [19.062434658408165, 47.472956123370125], [19.062427282333374, 47.47295793637745], [19.062359556555748, 47.472966548161345], [19.062342792749405, 47.47291170467134], [19.06241588294506, 47.47290127986924]]]}}, {"type": "Feature", "id": 685, "properties": {"buildingId": 2, "floorId": 7, "roomNumber": "2.75", "roomName": "2.75 Oktat\u00f3", "scope": "budapest/lagymanyos/eszaki/2/L\u00c9-2-75-01-13", "roomCode": "L\u00c9-2-75-01-13", "roomType": "educational", "__tile": "17/72476/45847", "__layer": "rooms", "__zoom": 17, "__mvtId": 685, "__building": "eszaki", "__ringVerts": 7, "id": 685, "catalogFloorId": 7}, "geometry": {"type": "Polygon", "coordinates": [[[19.06247153878212, 47.47306762320372], [19.062472209334373, 47.473069889458046], [19.062479585409164, 47.473068982956335], [19.062496349215508, 47.47312291978142], [19.062451422214508, 47.473127905535556], [19.062434658408165, 47.47307260896311], [19.06247153878212, 47.47306762320372]]]}}, {"type": "Feature", "id": 709, "properties": {"buildingId": 2, "floorId": 7, "roomNumber": "2-L5", "roomName": "2.L5 L\u00e9pcs\u0151h\u00e1z Fizika DK-i", "scope": "budapest/lagymanyos/eszaki/2/L\u00c9-2-L5-04-64", "roomCode": "L\u00c9-2-L5-04-64", "roomType": "corridor", "__tile": "17/72476/45847", "__layer": "rooms", "__zoom": 17, "__mvtId": 709, "__building": "eszaki", "__ringVerts": 6, "id": 709, "catalogFloorId": 7}, "geometry": {"type": "Polygon", "coordinates": [[[19.062454774975777, 47.473013233070546], [19.062462151050568, 47.47303680213516], [19.062384366989136, 47.47304768016143], [19.062376990914345, 47.47302411110169], [19.06242661178112, 47.47301731233249], [19.062454774975777, 47.473013233070546]]]}}, {"type": "Feature", "id": 68, "properties": {"buildingId": 2, "floorId": 7, "roomNumber": "210", "roomName": "210 Haj\u00f3orr II.", "scope": "budapest/lagymanyos/eszaki/2/LK-2-210-01-12", "roomCode": "LK-2-210-01-12", "roomType": "educational", "__tile": "16/36238/22923", "__layer": "rooms", "__zoom": 16, "__mvtId": 68, "__building": "eszaki", "__ringVerts": 5, "id": 68, "catalogFloorId": 7}, "geometry": {"type": "Polygon", "coordinates": [[[19.06153678894043, 47.4736699901646], [19.06156226992607, 47.47375157432365], [19.061483144760132, 47.47376335869171], [19.061460345983505, 47.47374885485372], [19.06153678894043, 47.4736699901646]]]}}, {"type": "Feature", "id": 268, "properties": {"buildingId": 2, "floorId": 7, "roomNumber": "211", "roomName": "2.211 ICP-AES Kutat\u00f3labor", "scope": "budapest/lagymanyos/eszaki/2/LK-2-211-01-14", "roomCode": "LK-2-211-01-14", "roomType": "educational", "__tile": "16/36238/22923", "__layer": "rooms", "__zoom": 16, "__mvtId": 268, "__building": "eszaki", "__ringVerts": 6, "id": 268, "catalogFloorId": 7}, "geometry": {"type": "Polygon", "coordinates": [[[19.06156226992607, 47.47375429379343], [19.06157836318016, 47.47380868315962], [19.061511307954788, 47.47381774804851], [19.061503261327744, 47.47378964688786], [19.0614952147007, 47.47376426518145], [19.06156226992607, 47.47375429379343]]]}}, {"type": "Feature", "id": 259, "properties": {"buildingId": 2, "floorId": 7, "roomNumber": "200/4", "roomName": "2.200/4 Menek\u00fcl\u0151 l\u00e9pcs\u0151h\u00e1z L1", "scope": "budapest/lagymanyos/eszaki/2/LK-2-200-4-04-64", "roomCode": "LK-2-200/4-04-64", "roomType": "corridor", "__tile": "16/36238/22923", "__layer": "rooms", "__zoom": 16, "__mvtId": 259, "__building": "eszaki", "__ringVerts": 6, "id": 259, "catalogFloorId": 7}, "geometry": {"type": "Polygon", "coordinates": [[[19.06145229935646, 47.47376245220195], [19.061469733715057, 47.47381593507086], [19.061393290758133, 47.47382681293584], [19.06137987971306, 47.47382409346981], [19.061366468667984, 47.473777862525694], [19.06145229935646, 47.47376245220195]]]}}, {"type": "Feature", "id": 271, "properties": {"buildingId": 2, "floorId": 7, "roomNumber": "214", "roomName": "2.214 K\u00e9miai Kut.labor", "scope": "budapest/lagymanyos/eszaki/2/LK-2-214-01-14", "roomCode": "LK-2-214-01-14", "roomType": "educational", "__tile": "16/36238/22923", "__layer": "rooms", "__zoom": 16, "__mvtId": 271, "__building": "eszaki", "__ringVerts": 6, "id": 271, "catalogFloorId": 7}, "geometry": {"type": "Polygon", "coordinates": [[[19.061597138643265, 47.47386669842151], [19.06160518527031, 47.47389479954095], [19.061613231897354, 47.47392108767135], [19.061546176671982, 47.47393015254085], [19.061528742313385, 47.473875763300384], [19.061597138643265, 47.47386669842151]]]}}, {"type": "Feature", "id": 266, "properties": {"buildingId": 2, "floorId": 7, "roomNumber": "208", "roomName": "2.208 HPLC labor", "scope": "budapest/lagymanyos/eszaki/2/LK-2-208-01-14", "roomCode": "LK-2-208-01-14", "roomType": "educational", "__tile": "16/36238/22923", "__layer": "rooms", "__zoom": 16, "__mvtId": 266, "__building": "eszaki", "__ringVerts": 5, "id": 266, "catalogFloorId": 7}, "geometry": {"type": "Polygon", "coordinates": [[[19.061476439237595, 47.473883921690046], [19.061492532491684, 47.47393831092206], [19.06142547726631, 47.4739473757886], [19.061409384012222, 47.47389298656596], [19.061476439237595, 47.473883921690046]]]}}, {"type": "Feature", "id": 258, "properties": {"buildingId": 2, "floorId": 7, "roomNumber": "200/3", "roomName": "2.200/3 K\u00f6zleked\u0151 labor hossz\u00fa folyos\u00f3", "scope": "budapest/lagymanyos/eszaki/2/LK-2-200-3-04-63", "roomCode": "LK-2-200/3-04-63", "roomType": "corridor", "__tile": "16/36238/22923", "__layer": "rooms", "__zoom": 16, "__mvtId": 258, "__building": "eszaki", "__ringVerts": 92, "id": 258, "catalogFloorId": 7}, "geometry": {"type": "Polygon", "coordinates": [[[19.061460345983505, 47.47374885485372], [19.061481803655624, 47.47375882624277], [19.061483144760132, 47.473765171671175], [19.0614952147007, 47.47376426518145], [19.06150057911873, 47.47378330146241], [19.06148985028267, 47.473785114441185], [19.0614952147007, 47.47380233773646], [19.06150594353676, 47.47380052475828], [19.06150996685028, 47.47381140262645], [19.061497896909714, 47.47381321560426], [19.061503261327744, 47.47383043889033], [19.06151533126831, 47.473828625913114], [19.061518013477325, 47.47383950377547], [19.06150594353676, 47.47384131675231], [19.061511307954788, 47.47385854002917], [19.061523377895355, 47.47385672705292], [19.061527401208878, 47.473867604909465], [19.06151533126831, 47.47386941788533], [19.06152069568634, 47.47388664115298], [19.061532765626907, 47.47388482817771], [19.061535447835922, 47.47389570602843], [19.061523377895355, 47.47389751900333], [19.061528742313385, 47.47391474226177], [19.061540812253952, 47.47391292928746], [19.061543494462967, 47.47392380713236], [19.061532765626907, 47.47392562010629], [19.061538130044937, 47.47394284335552], [19.061548858880997, 47.473941030382186], [19.06155288219452, 47.473951908221274], [19.061540812253952, 47.473953721194235], [19.061546176671982, 47.47397094443426], [19.06155824661255, 47.473969131461885], [19.061560928821564, 47.473980009295154], [19.061548858880997, 47.47398182226715], [19.061554223299026, 47.47399904549796], [19.061566293239594, 47.473997232526564], [19.061570316553116, 47.47400811035401], [19.06155824661255, 47.474009923325035], [19.06156361103058, 47.47402714654663], [19.061575680971146, 47.47402533357621], [19.06157836318016, 47.47403621139784], [19.061566293239594, 47.47403802436789], [19.061570316553116, 47.47404890218691], [19.061581045389175, 47.47404708921723], [19.06158372759819, 47.47405524758028], [19.061571657657623, 47.47405706054969], [19.06158372759819, 47.474093319924485], [19.06159445643425, 47.474091506956334], [19.061597138643265, 47.47410057179644], [19.061555564403534, 47.47410601069975], [19.061554223299026, 47.47409785234458], [19.06154215335846, 47.4740996653125], [19.061539471149445, 47.47408969398813], [19.061550199985504, 47.474087881019855], [19.061544835567474, 47.47406975133371], [19.061534106731415, 47.4740715643026], [19.061530083417892, 47.474061592972895], [19.06154215335846, 47.47405978000366], [19.06153678894043, 47.47404165030781], [19.061524718999863, 47.47404346327768], [19.061522036790848, 47.474033491942635], [19.061534106731415, 47.47403167897243], [19.061528742313385, 47.47401354926689], [19.061516672372818, 47.47401536223773], [19.061512649059296, 47.47400448441178], [19.061524718999863, 47.47400357792618], [19.061519354581833, 47.47398544821095], [19.061507284641266, 47.47398726118276], [19.06150460243225, 47.47397638335098], [19.061516672372818, 47.47397547686491], [19.061511307954788, 47.47395734713997], [19.06149923801422, 47.47395916011275], [19.061496555805206, 47.47394828227516], [19.061507284641266, 47.4739473757886], [19.061501920223236, 47.47392924605397], [19.061491191387177, 47.47393105902771], [19.061487168073654, 47.47392018118431], [19.06149923801422, 47.47391927469726], [19.06149387359619, 47.47390114495295], [19.061481803655624, 47.473902957927656], [19.06147912144661, 47.473892080078436], [19.061491191387177, 47.4738911735909], [19.061485826969147, 47.47387304383689], [19.06147375702858, 47.473874856812564], [19.061469733715057, 47.47386397895753], [19.061481803655624, 47.47386307246951], [19.061476439237595, 47.4738449427058], [19.061464369297028, 47.47384675568245], [19.061456322669983, 47.47381774804851], [19.061469733715057, 47.47381593507086], [19.061449617147446, 47.47376245220195], [19.061460345983505, 47.47374885485372]]]}}, {"type": "Feature", "id": 273, "properties": {"buildingId": 2, "floorId": 7, "roomNumber": "216", "roomName": "2.216 KKKK Labor", "scope": "budapest/lagymanyos/eszaki/2/LK-2-216-01-14", "roomCode": "LK-2-216-01-14", "roomType": "educational", "__tile": "16/36238/22923", "__layer": "rooms", "__zoom": 16, "__mvtId": 273, "__building": "eszaki", "__ringVerts": 5, "id": 273, "catalogFloorId": 7}, "geometry": {"type": "Polygon", "coordinates": [[[19.06163066625595, 47.47397910280913], [19.061638712882996, 47.47400448441178], [19.061571657657623, 47.474014455752325], [19.06156361103058, 47.47398816766863], [19.06163066625595, 47.47397910280913]]]}}, {"type": "Feature", "id": 265, "properties": {"buildingId": 2, "floorId": 7, "roomNumber": "207", "roomName": "207", "scope": "budapest/lagymanyos/eszaki/2/LK-2-207-01-14", "roomCode": "LK-2-207-01-14", "roomType": "educational", "__tile": "16/36238/22923", "__layer": "rooms", "__zoom": 16, "__mvtId": 265, "__building": "eszaki", "__ringVerts": 5, "id": 265, "catalogFloorId": 7}, "geometry": {"type": "Polygon", "coordinates": [[[19.06149387359619, 47.473940123895495], [19.061535447835922, 47.47407790969325], [19.06146839261055, 47.474087881019855], [19.06142681837082, 47.473949188761715], [19.06149387359619, 47.473940123895495]]]}}, {"type": "Feature", "id": 267, "properties": {"buildingId": 2, "floorId": 7, "roomNumber": "209", "roomName": "2.209 GC/MS kut.", "scope": "budapest/lagymanyos/eszaki/2/LK-2-209-01-14", "roomCode": "LK-2-209-01-14", "roomType": "educational", "__tile": "16/36238/22923", "__layer": "rooms", "__zoom": 16, "__mvtId": 267, "__building": "eszaki", "__ringVerts": 5, "id": 267, "catalogFloorId": 7}, "geometry": {"type": "Polygon", "coordinates": [[[19.061459004878998, 47.473827719424484], [19.061475098133087, 47.47388210871467], [19.061409384012222, 47.4738911735909], [19.061393290758133, 47.47383859728703], [19.061459004878998, 47.473827719424484]]]}}, {"type": "Feature", "id": 276, "properties": {"buildingId": 2, "floorId": 7, "roomNumber": "219", "roomName": "2.219 El\u0151t\u00e9r", "scope": "budapest/lagymanyos/eszaki/2/LK-2-219-04-63", "roomCode": "LK-2-219-04-63", "roomType": "corridor", "__tile": "16/36238/22923", "__layer": "rooms", "__zoom": 16, "__mvtId": 276, "__building": "eszaki", "__ringVerts": 5, "id": 276, "catalogFloorId": 7}, "geometry": {"type": "Polygon", "coordinates": [[[19.0616212785244, 47.47406793836475], [19.061629325151443, 47.474093319924485], [19.061597138643265, 47.47409785234458], [19.06158909201622, 47.47407247078703], [19.0616212785244, 47.47406793836475]]]}}, {"type": "Feature", "id": 698, "properties": {"buildingId": 2, "floorId": 7, "roomNumber": "2.92", "roomName": "2.92 Oktat\u00f3", "scope": "budapest/lagymanyos/eszaki/2/L\u00c9-2-92-01-13", "roomCode": "L\u00c9-2-92-01-13", "roomType": "educational", "__tile": "17/72476/45847", "__layer": "rooms", "__zoom": 17, "__mvtId": 698, "__building": "eszaki", "__ringVerts": 6, "id": 698, "catalogFloorId": 7}, "geometry": {"type": "Polygon", "coordinates": [[[19.062252268195152, 47.472764850746856], [19.062262997031212, 47.47280383053225], [19.062224105000496, 47.47280926956977], [19.062212705612183, 47.47277028978842], [19.062225446105003, 47.472767570267706], [19.062252268195152, 47.472764850746856]]]}}, {"type": "Feature", "id": 699, "properties": {"buildingId": 2, "floorId": 7, "roomNumber": "2.93", "roomName": "2.93 Oktat\u00f3", "scope": "budapest/lagymanyos/eszaki/2/L\u00c9-2-93-01-13", "roomCode": "L\u00c9-2-93-01-13", "roomType": "educational", "__tile": "17/72476/45847", "__layer": "rooms", "__zoom": 17, "__mvtId": 699, "__building": "eszaki", "__ringVerts": 6, "id": 699, "catalogFloorId": 7}, "geometry": {"type": "Polygon", "coordinates": [[[19.06228981912136, 47.472759411704736], [19.062301218509674, 47.472798391494166], [19.062265679240227, 47.47280201751962], [19.062254279851913, 47.47276439749337], [19.062267020344734, 47.47276167797235], [19.06228981912136, 47.472759411704736]]]}}, {"type": "Feature", "id": 694, "properties": {"buildingId": 2, "floorId": 7, "roomNumber": "2.88", "roomName": "2.88 Oktat\u00f3", "scope": "budapest/lagymanyos/eszaki/2/L\u00c9-2-88-01-13", "roomCode": "L\u00c9-2-88-01-13", "roomType": "educational", "__tile": "17/72476/45847", "__layer": "rooms", "__zoom": 17, "__mvtId": 694, "__building": "eszaki", "__ringVerts": 6, "id": 694, "catalogFloorId": 7}, "geometry": {"type": "Polygon", "coordinates": [[[19.062002822756767, 47.47279975125374], [19.062013551592827, 47.47283873101325], [19.061979353427887, 47.47284326354154], [19.06196728348732, 47.472804737038544], [19.06197600066662, 47.47280201751962], [19.062002822756767, 47.47279975125374]]]}}, {"type": "Feature", "id": 704, "properties": {"buildingId": 2, "floorId": 7, "roomNumber": "2-K6", "roomName": "2.K6 K\u00f6zleked\u0151 (Keleti liftt\u0151l D)", "scope": "budapest/lagymanyos/eszaki/2/L\u00c9-2-K6-04-63", "roomCode": "L\u00c9-2-K6-04-63", "roomType": "corridor", "__tile": "17/72476/45847", "__layer": "rooms", "__zoom": 17, "__mvtId": 704, "__building": "eszaki", "__ringVerts": 124, "id": 704, "catalogFloorId": 7}, "geometry": {"type": "Polygon", "coordinates": [[[19.062438011169434, 47.47278660690971], [19.062444046139717, 47.47279975125374], [19.062432646751404, 47.47280201751962], [19.06244270503521, 47.472801111013275], [19.062447398900986, 47.47281652161893], [19.06243734061718, 47.47281788137804], [19.062441363930702, 47.47283193222007], [19.062452092766762, 47.47283238547298], [19.06245544552803, 47.472842357035915], [19.062445387244225, 47.47284507655276], [19.062451422214508, 47.47286456641932], [19.062451422214508, 47.47285822088216], [19.062460139393806, 47.47285731437679], [19.062464833259583, 47.47287272496596], [19.062456116080284, 47.47287363147106], [19.062452763319016, 47.4728681924402], [19.062454774975777, 47.47287499122869], [19.062466844916344, 47.47287363147106], [19.06246952712536, 47.47288405627863], [19.062468856573105, 47.47288722904575], [19.06246080994606, 47.47288858880303], [19.062458127737045, 47.47288586928844], [19.0624587982893, 47.47288858880303], [19.062460139393806, 47.47288904205545], [19.062468856573105, 47.472887682298186], [19.062472209334373, 47.47289856035531], [19.06246416270733, 47.47289992011229], [19.062474220991135, 47.47289992011229], [19.062478244304657, 47.47291215792356], [19.062466844916344, 47.472914877436786], [19.06247690320015, 47.47291351768019], [19.062481597065926, 47.47292892825288], [19.06247153878212, 47.47293028800907], [19.062476232647896, 47.472945245324915], [19.0624862909317, 47.4729438855691], [19.06248964369297, 47.472954763614595], [19.062479585409164, 47.47295657662196], [19.06248226761818, 47.472965641657844], [19.06248427927494, 47.47297108067862], [19.062494337558746, 47.47296972092347], [19.062499031424522, 47.47298513147968], [19.062488973140717, 47.47298739773756], [19.062501043081284, 47.47298603798284], [19.062504395842552, 47.47299646276813], [19.062503054738045, 47.47299963552845], [19.062495008111, 47.473000995282824], [19.0625037252903, 47.47300008877991], [19.062507078051567, 47.47301096681377], [19.06249701976776, 47.473013233070546], [19.062503054738045, 47.47303317612592], [19.062503054738045, 47.47302728386034], [19.06251110136509, 47.47302592410665], [19.062521159648895, 47.47305266592271], [19.06252048909664, 47.47305583867964], [19.062512442469597, 47.473057651683526], [19.06252048909664, 47.47305629193062], [19.06252384185791, 47.47306716995285], [19.062515795230865, 47.473068529705465], [19.06252384185791, 47.47306762320372], [19.062529876828194, 47.473080767477455], [19.062517806887627, 47.47308258048048], [19.062528535723686, 47.47308212722974], [19.06253255903721, 47.47309617800111], [19.062523171305656, 47.473098897504805], [19.06252920627594, 47.47311838727723], [19.062497690320015, 47.47312291978142], [19.062470868229866, 47.47303544238173], [19.062462151050568, 47.47303634888402], [19.062458127737045, 47.47302229809665], [19.062466844916344, 47.47302093834284], [19.062463492155075, 47.47301096681377], [19.06245343387127, 47.473011873316494], [19.062452763319016, 47.47300915380829], [19.062452092766762, 47.47300734080274], [19.062462151050568, 47.47300552779713], [19.062461480498314, 47.47300235503716], [19.062460139393806, 47.47300552779713], [19.062452092766762, 47.473006887551335], [19.062451422214508, 47.47300371479145], [19.06244806945324, 47.472993290007615], [19.062458127737045, 47.472991930253045], [19.062447398900986, 47.47299238350457], [19.06244270503521, 47.47297697295049], [19.062452763319016, 47.4729756131955], [19.062452092766762, 47.47297334693711], [19.062448740005493, 47.47296156239189], [19.062438011169434, 47.47296201564368], [19.06243734061718, 47.47295838962926], [19.062434658408165, 47.47295113759968], [19.06244471669197, 47.472948871340236], [19.06244069337845, 47.472934820529474], [19.062430635094643, 47.472936180285515], [19.062425941228867, 47.47292076971495], [19.062433317303658, 47.472918503454196], [19.062423929572105, 47.47291986321066], [19.06242124736309, 47.47290581239215], [19.062417894601822, 47.47289493433652], [19.062425941228867, 47.47289312132703], [19.062417894601822, 47.47289448108415], [19.062415212392807, 47.47289221482226], [19.0624138712883, 47.47288088351133], [19.062423929572105, 47.47287952375386], [19.062413200736046, 47.47287997700636], [19.06240850687027, 47.47286456641932], [19.062418565154076, 47.472863206661415], [19.062414541840553, 47.4728496090805], [19.062403813004494, 47.4728496090805], [19.062402471899986, 47.47284371679435], [19.062400460243225, 47.47283873101325], [19.06241051852703, 47.472837371254684], [19.06240649521351, 47.47282196065514], [19.062396436929703, 47.47282377366709], [19.062391743063927, 47.47280836306356], [19.06240113079548, 47.47280564354482], [19.062389731407166, 47.472807456557334], [19.062386378645897, 47.47279657848135], [19.06238704919815, 47.47279340570876], [19.062395095825195, 47.47279249920227], [19.062396436929703, 47.472795218721686], [19.06240113079548, 47.47279204594902], [19.06242460012436, 47.47278887317616], [19.06242996454239, 47.47279068618925], [19.06242996454239, 47.4727875134163], [19.062438011169434, 47.47278660690971]], [[19.06242661178112, 47.47289765385063], [19.062419906258583, 47.47289856035531], [19.062420576810837, 47.47290127986924], [19.06242862343788, 47.47290037336461], [19.06242661178112, 47.47289765385063]], [[19.062513783574104, 47.473068529705465], [19.06251512467861, 47.47307215571227], [19.06251646578312, 47.47307170246144], [19.06251512467861, 47.47306943620719], [19.062513783574104, 47.473068529705465]], [[19.062409177422523, 47.47284145053027], [19.06240314245224, 47.472842357035915], [19.062403813004494, 47.47284507655276], [19.06241185963154, 47.47284417004716], [19.062409177422523, 47.47284145053027]], [[19.062519818544388, 47.473060824440154], [19.06251311302185, 47.47306173094202], [19.062513783574104, 47.473064450447495], [19.06252183020115, 47.47306309069477], [19.062519818544388, 47.473060824440154]], [[19.06250238418579, 47.4730046212943], [19.062495678663254, 47.47300552779713], [19.06249701976776, 47.47300824730553], [19.062504395842552, 47.473006887551335], [19.06250238418579, 47.4730046212943]], [[19.06251110136509, 47.4730540256757], [19.062509760260582, 47.4730544789267], [19.062511771917343, 47.47305719843256], [19.062511771917343, 47.47305583867964], [19.06251110136509, 47.4730540256757]], [[19.062504395842552, 47.47303680213516], [19.062506407499313, 47.47304405415292], [19.06251512467861, 47.473042241148576], [19.06250774860382, 47.47304269439967], [19.062504395842552, 47.47303680213516]], [[19.062484949827194, 47.472948418088336], [19.06247891485691, 47.47294932459213], [19.062479585409164, 47.47295204410344], [19.06248763203621, 47.47295068434781], [19.062484949827194, 47.472948418088336]], [[19.062443375587463, 47.47295431036275], [19.06243734061718, 47.472954763614595], [19.062438011169434, 47.47295748312562], [19.06244605779648, 47.47295657662196], [19.062443375587463, 47.47295431036275]], [[19.06246818602085, 47.47289221482226], [19.062461480498314, 47.47289312132703], [19.062462151050568, 47.472895387588885], [19.062470197677612, 47.47289448108415], [19.06246818602085, 47.47289221482226]], [[19.062493667006493, 47.47299782252258], [19.062492325901985, 47.47299827577405], [19.06249299645424, 47.47300008877991], [19.062495008111, 47.47300054203137], [19.062493667006493, 47.47299782252258]], [[19.062450751662254, 47.47283601149608], [19.06244471669197, 47.47283691800182], [19.062445387244225, 47.47283918426609], [19.06245343387127, 47.472838277760395], [19.062450751662254, 47.47283601149608]], [[19.06242661178112, 47.472889948560265], [19.062425270676613, 47.47289040181268], [19.062425941228867, 47.47289312132703], [19.062427282333374, 47.4728935745794], [19.06242661178112, 47.472889948560265]], [[19.062430635094643, 47.47290762540119], [19.06243197619915, 47.47290762540119], [19.062431305646896, 47.4729049058876], [19.06242996454239, 47.4729049058876], [19.062430635094643, 47.47290762540119]], [[19.06246282160282, 47.47289992011229], [19.062463492155075, 47.47290309287845], [19.062464833259583, 47.472902639626156], [19.06246416270733, 47.47290037336461], [19.06246282160282, 47.47289992011229]], [[19.06243532896042, 47.47291805020203], [19.06243398785591, 47.472918503454196], [19.062434658408165, 47.472919409958514], [19.062435999512672, 47.472919409958514], [19.06243532896042, 47.47291805020203]]]}}, {"type": "Feature", "id": 659, "properties": {"buildingId": 2, "floorId": 7, "roomNumber": "2.134", "roomName": "2.134 K\u00e1rm\u00e1n laborat\u00f3rium", "scope": "budapest/lagymanyos/eszaki/2/L\u00c9-2-134-01-14", "roomCode": "L\u00c9-2-134-01-14", "roomType": "educational", "__tile": "17/72476/45847", "__layer": "rooms", "__zoom": 17, "__mvtId": 659, "__building": "eszaki", "__ringVerts": 9, "id": 659, "catalogFloorId": 7}, "geometry": {"type": "Polygon", "coordinates": [[[19.06258150935173, 47.47299555626515], [19.062598943710327, 47.47305039966764], [19.06252384185791, 47.473060824440154], [19.062512442469597, 47.47302456435294], [19.06250238418579, 47.47302592410665], [19.06249836087227, 47.473013233070546], [19.062508419156075, 47.473011873316494], [19.062507078051567, 47.47300598104853], [19.06258150935173, 47.47299555626515]]]}}, {"type": "Feature", "id": 1199, "properties": {"buildingId": 2, "floorId": 7, "roomNumber": "2.132", "roomName": "2.132 Szupersz\u00e1m\u00edt\u00f3g\u00e9p laborat\u00f3rium", "scope": "budapest/lagymanyos/eszaki/2/L\u00c9-2-132-01-12", "roomCode": "L\u00c9-2-132-01-12", "roomType": "educational", "__tile": "17/72476/45847", "__layer": "rooms", "__zoom": 17, "__mvtId": 1199, "__building": "eszaki", "__ringVerts": 10, "id": 1199, "catalogFloorId": 7}, "geometry": {"type": "Polygon", "coordinates": [[[19.062547981739044, 47.472882696521246], [19.062564745545387, 47.47293799329352], [19.06248964369297, 47.472948418088336], [19.06248763203621, 47.47294252581326], [19.062477573752403, 47.4729438855691], [19.06247355043888, 47.47293119451318], [19.062483608722687, 47.472929834757004], [19.062472879886627, 47.4728935745794], [19.062480255961418, 47.472891761569876], [19.062547981739044, 47.472882696521246]]]}}, {"type": "Feature", "id": 684, "properties": {"buildingId": 2, "floorId": 7, "roomNumber": "2.74", "roomName": "2.74 Oktat\u00f3", "scope": "budapest/lagymanyos/eszaki/2/L\u00c9-2-74-01-13", "roomCode": "L\u00c9-2-74-01-13", "roomType": "educational", "__tile": "17/72476/45847", "__layer": "rooms", "__zoom": 17, "__mvtId": 684, "__building": "eszaki", "__ringVerts": 8, "id": 684, "catalogFloorId": 7}, "geometry": {"type": "Polygon", "coordinates": [[[19.06241923570633, 47.47307442196641], [19.06242124736309, 47.47308031422669], [19.062434658408165, 47.4730785012236], [19.062449410557747, 47.47312971853695], [19.06241051852703, 47.47313515754074], [19.062393754720688, 47.47308122072822], [19.06240649521351, 47.473076234969646], [19.06241923570633, 47.47307442196641]]]}}, {"type": "Feature", "id": 304, "properties": {"buildingId": 2, "floorId": 7, "roomNumber": "249", "roomName": "2.249 Oktat\u00f3", "scope": "budapest/lagymanyos/eszaki/2/LK-2-249-01-13", "roomCode": "LK-2-249-01-13", "roomType": "educational", "__tile": "16/36238/22923", "__layer": "rooms", "__zoom": 16, "__mvtId": 304, "__building": "eszaki", "__ringVerts": 5, "id": 304, "catalogFloorId": 7}, "geometry": {"type": "Polygon", "coordinates": [[[19.061933755874634, 47.47425739328271], [19.061943143606186, 47.474290026596755], [19.061910957098007, 47.47429546548045], [19.061900228261948, 47.47426192568865], [19.061933755874634, 47.47425739328271]]]}}, {"type": "Feature", "id": 289, "properties": {"buildingId": 2, "floorId": 7, "roomNumber": "234", "roomName": "2.234 kutat\u00f3 labor", "scope": "budapest/lagymanyos/eszaki/2/LK-2-234-01-14", "roomCode": "LK-2-234-01-14", "roomType": "educational", "__tile": "16/36238/22923", "__layer": "rooms", "__zoom": 16, "__mvtId": 289, "__building": "eszaki", "__ringVerts": 5, "id": 289, "catalogFloorId": 7}, "geometry": {"type": "Polygon", "coordinates": [[[19.061768800020218, 47.47446407059604], [19.061776846647263, 47.474489451964445], [19.06170979142189, 47.47449942321296], [19.061701744794846, 47.47447313537187], [19.061768800020218, 47.47446407059604]]]}}, {"type": "Feature", "id": 288, "properties": {"buildingId": 2, "floorId": 7, "roomNumber": "233", "roomName": "2.233 ultracentrifuga  labor", "scope": "budapest/lagymanyos/eszaki/2/LK-2-233-01-14", "roomCode": "LK-2-233-01-14", "roomType": "educational", "__tile": "17/72476/45847", "__layer": "rooms", "__zoom": 17, "__mvtId": 288, "__building": "eszaki", "__ringVerts": 5, "id": 288, "catalogFloorId": 7}, "geometry": {"type": "Polygon", "coordinates": [[[19.061777517199516, 47.472635673344406], [19.06178556382656, 47.47266196210468], [19.061719179153442, 47.472671027191375], [19.061711132526398, 47.472645191690155], [19.061777517199516, 47.472635673344406]]]}}, {"type": "Feature", "id": 303, "properties": {"buildingId": 2, "floorId": 7, "roomNumber": "248", "roomName": "2.248 Oktat\u00f3", "scope": "budapest/lagymanyos/eszaki/2/LK-2-248-01-13", "roomCode": "LK-2-248-01-13", "roomType": "educational", "__tile": "16/36238/22923", "__layer": "rooms", "__zoom": 16, "__mvtId": 303, "__building": "eszaki", "__ringVerts": 5, "id": 303, "catalogFloorId": 7}, "geometry": {"type": "Polygon", "coordinates": [[[19.061968624591827, 47.47425286087639], [19.061979353427887, 47.47428549419324], [19.0619458258152, 47.474290026596755], [19.06193509697914, 47.47425739328271], [19.061968624591827, 47.47425286087639]]]}}, {"type": "Feature", "id": 307, "properties": {"buildingId": 2, "floorId": 7, "roomNumber": "225, 252", "roomName": "2.252 teakonyha", "scope": "budapest/lagymanyos/eszaki/2/LK-2-252-05-77", "roomCode": "LK-2-252-05-77", "roomType": "social", "__tile": "16/36238/22923", "__layer": "rooms", "__zoom": 16, "__mvtId": 307, "__building": "eszaki", "__ringVerts": 5, "id": 307, "catalogFloorId": 7}, "geometry": {"type": "Polygon", "coordinates": [[[19.061829149723053, 47.47427189698034], [19.061838537454605, 47.47430543676578], [19.061802327632904, 47.474310875647895], [19.061791598796844, 47.47427733586592], [19.061829149723053, 47.47427189698034]]]}}, {"type": "Feature", "id": 58, "properties": {"buildingId": 2, "floorId": 7, "roomNumber": "2.105", "roomName": "2.105 Szemin\u00e1rium", "scope": "budapest/lagymanyos/eszaki/2/L\u00c9-2-105-01-12", "roomCode": "L\u00c9-2-105-01-12", "roomType": "educational", "__tile": "17/72476/45847", "__layer": "rooms", "__zoom": 17, "__mvtId": 58, "__building": "eszaki", "__ringVerts": 10, "id": 58, "catalogFloorId": 7}, "geometry": {"type": "Polygon", "coordinates": [[[19.062167778611183, 47.47264065914478], [19.062171801924706, 47.47264292541752], [19.062183871865273, 47.47268145203914], [19.06210206449032, 47.472692783393065], [19.06209133565426, 47.47265108399857], [19.062128216028214, 47.47264609819919], [19.06212955713272, 47.472650177489626], [19.062133580446243, 47.472649724235154], [19.062132239341736, 47.47264564494468], [19.062167778611183, 47.47264065914478]]]}}, {"type": "Feature", "id": 306, "properties": {"buildingId": 2, "floorId": 7, "roomNumber": "251", "roomName": "2.251 Oktat\u00f3", "scope": "budapest/lagymanyos/eszaki/2/LK-2-251-01-13", "roomCode": "LK-2-251-01-13", "roomType": "educational", "__tile": "16/36238/22923", "__layer": "rooms", "__zoom": 16, "__mvtId": 306, "__building": "eszaki", "__ringVerts": 5, "id": 306, "catalogFloorId": 7}, "geometry": {"type": "Polygon", "coordinates": [[[19.061864018440247, 47.47426736457527], [19.061874747276306, 47.47429999788311], [19.06184121966362, 47.47430453028538], [19.06183049082756, 47.47427189698034], [19.061864018440247, 47.47426736457527]]]}}, {"type": "Feature", "id": 302, "properties": {"buildingId": 2, "floorId": 7, "roomNumber": "247", "roomName": "2.247 Oktat\u00f3", "scope": "budapest/lagymanyos/eszaki/2/LK-2-247-01-13", "roomCode": "LK-2-247-01-13", "roomType": "educational", "__tile": "16/36238/22923", "__layer": "rooms", "__zoom": 16, "__mvtId": 302, "__building": "eszaki", "__ringVerts": 5, "id": 302, "catalogFloorId": 7}, "geometry": {"type": "Polygon", "coordinates": [[[19.06200349330902, 47.474247421988274], [19.06201422214508, 47.47428096178934], [19.061980694532394, 47.47428549419324], [19.061969965696335, 47.474251954395065], [19.06200349330902, 47.474247421988274]]]}}, {"type": "Feature", "id": 305, "properties": {"buildingId": 2, "floorId": 7, "roomNumber": "250", "roomName": "2.250 Oktat\u00f3", "scope": "budapest/lagymanyos/eszaki/2/LK-2-250-01-13", "roomCode": "LK-2-250-01-13", "roomType": "educational", "__tile": "16/36238/22923", "__layer": "rooms", "__zoom": 16, "__mvtId": 305, "__building": "eszaki", "__ringVerts": 5, "id": 305, "catalogFloorId": 7}, "geometry": {"type": "Polygon", "coordinates": [[[19.06189888715744, 47.47426192568865], [19.0619096159935, 47.47429546548045], [19.061876088380814, 47.47429999788311], [19.061865359544754, 47.47426736457527], [19.06189888715744, 47.47426192568865]]]}}, {"type": "Feature", "id": 284, "properties": {"buildingId": 2, "floorId": 7, "roomNumber": "229", "roomName": "2.229 Oktat\u00f3", "scope": "budapest/lagymanyos/eszaki/2/LK-2-229-01-13", "roomCode": "LK-2-229-01-13", "roomType": "educational", "__tile": "16/36238/22923", "__layer": "rooms", "__zoom": 16, "__mvtId": 284, "__building": "eszaki", "__ringVerts": 5, "id": 284, "catalogFloorId": 7}, "geometry": {"type": "Polygon", "coordinates": [[[19.061880111694336, 47.4744187466934], [19.06188815832138, 47.47444503456169], [19.06182110309601, 47.47445409934081], [19.061813056468964, 47.47442781147706], [19.061880111694336, 47.4744187466934]]]}}, {"type": "Feature", "id": 708, "properties": {"buildingId": 2, "floorId": 7, "roomNumber": "2-L3", "roomName": "2.L3 L\u00e9pcs\u0151h\u00e1z Fizika \u00c9K-i", "scope": "budapest/lagymanyos/eszaki/2/L\u00c9-2-L3-04-64", "roomCode": "L\u00c9-2-L3-04-64", "roomType": "corridor", "__tile": "16/36238/22923", "__layer": "rooms", "__zoom": 16, "__mvtId": 708, "__building": "eszaki", "__ringVerts": 6, "id": 708, "catalogFloorId": 7}, "geometry": {"type": "Polygon", "coordinates": [[[19.06225562095642, 47.474222946984796], [19.062262326478958, 47.47424651550686], [19.06218722462654, 47.47425648680148], [19.062179177999496, 47.474233824765534], [19.062243551015854, 47.474224759948406], [19.06225562095642, 47.474222946984796]]]}}, {"type": "Feature", "id": 702, "properties": {"buildingId": 2, "floorId": 7, "roomNumber": "2-K4", "roomName": "2.K4 K\u00f6zleked\u0151  (Keleti lift\u0151l \u00c9)", "scope": "budapest/lagymanyos/eszaki/2/L\u00c9-2-K4-04-63", "roomCode": "L\u00c9-2-K4-04-63", "roomType": "corridor", "__tile": "16/36238/22923", "__layer": "rooms", "__zoom": 16, "__mvtId": 702, "__building": "eszaki", "__ringVerts": 123, "id": 702, "catalogFloorId": 7}, "geometry": {"type": "Polygon", "coordinates": [[[19.062321335077286, 47.47426011272633], [19.062326699495316, 47.47427552290412], [19.062315970659256, 47.4742782423468], [19.062328040599823, 47.474276429385036], [19.062332063913345, 47.47428730715469], [19.06231999397278, 47.47428821363539], [19.062330722808838, 47.47429093307741], [19.06233474612236, 47.47430181084407], [19.062325358390808, 47.47430271732452], [19.062337428331375, 47.47430453028538], [19.06234011054039, 47.47431540804922], [19.062328040599823, 47.47431631452944], [19.062338769435883, 47.47431631452944], [19.062344133853912, 47.47433172469076], [19.062333405017853, 47.474333537650615], [19.06234547495842, 47.47433263117069], [19.062348157167435, 47.47434622836787], [19.06234011054039, 47.47434713484756], [19.062348157167435, 47.47434713484756], [19.062349498271942, 47.474353480204925], [19.06235083937645, 47.474358012602586], [19.062341451644897, 47.47435982556153], [19.062342792749405, 47.47436435795864], [19.06234547495842, 47.47437432923089], [19.06235620379448, 47.47437251627244], [19.062360227108, 47.474387926417286], [19.06235083937645, 47.4743897393752], [19.062354862689972, 47.47440333655761], [19.06236559152603, 47.47440333655761], [19.06236693263054, 47.47440968190819], [19.062368273735046, 47.474414214300985], [19.062374979257584, 47.47442781147706], [19.062362909317017, 47.474428717955334], [19.062373638153076, 47.474428717955334], [19.0623776614666, 47.4744441280837], [19.062368273735046, 47.47444684751765], [19.062380343675613, 47.47444503456169], [19.06238302588463, 47.47445591229645], [19.06237095594406, 47.47445681877425], [19.062384366989136, 47.47446407059604], [19.06237095594406, 47.47446950946173], [19.062332063913345, 47.47447132241684], [19.062330722808838, 47.47446588355133], [19.062341451644897, 47.4744649770737], [19.06234011054039, 47.47446135116299], [19.06232938170433, 47.47446316411837], [19.062325358390808, 47.474452286385116], [19.062337428331375, 47.474451379907244], [19.062325358390808, 47.47444775399559], [19.062321335077286, 47.47443596978101], [19.062332063913345, 47.4744332503465], [19.06231999397278, 47.47443506330285], [19.062317311763763, 47.474424185563784], [19.062328040599823, 47.47442327908543], [19.062317311763763, 47.474420559650255], [19.06231328845024, 47.47440968190819], [19.06230926513672, 47.47439608472743], [19.06231999397278, 47.47439427176972], [19.06230926513672, 47.47439517824858], [19.062305241823196, 47.47437976810587], [19.06231462955475, 47.47437795514761], [19.062311947345734, 47.47437070331393], [19.062310606241226, 47.47436435795864], [19.062299877405167, 47.47436435795864], [19.06229853630066, 47.474358012602586], [19.06229719519615, 47.474353480204925], [19.062291830778122, 47.47433988300963], [19.06230255961418, 47.47433807004999], [19.062291830778122, 47.474338976529815], [19.0622878074646, 47.47432356637062], [19.06229719519615, 47.4743208469303], [19.062286466360092, 47.474322659890525], [19.06228244304657, 47.47431178212819], [19.062291830778122, 47.47430724972655], [19.06228244304657, 47.47430815620691], [19.062279760837555, 47.47429727844157], [19.062289148569107, 47.47429546548045], [19.062286466360092, 47.47428549419324], [19.062285125255585, 47.47428096178934], [19.062274396419525, 47.47428277475094], [19.062270373106003, 47.47426736457527], [19.062279760837555, 47.47426464513203], [19.062269032001495, 47.474266458094206], [19.06226634979248, 47.474255580320225], [19.06227707862854, 47.47425467383896], [19.062265008687973, 47.47424923495103], [19.062274396419525, 47.47424560902544], [19.06227171421051, 47.47423563772876], [19.062262326478958, 47.47423745069194], [19.062262326478958, 47.47424651550686], [19.06225562095642, 47.474222946984796], [19.06226634979248, 47.47422113402112], [19.062243551015854, 47.47413229872449], [19.06227171421051, 47.47412957927426], [19.062273055315018, 47.474136831141216], [19.062285125255585, 47.47413411169123], [19.062289148569107, 47.4741458959735], [19.06227707862854, 47.47414861542288], [19.0622878074646, 47.474147708939775], [19.062291830778122, 47.47416311915054], [19.06228244304657, 47.474164025633385], [19.062294512987137, 47.474164025633385], [19.06229719519615, 47.47417399694365], [19.062285125255585, 47.47417580990896], [19.06229719519615, 47.47417762287419], [19.062299877405167, 47.4741885006643], [19.062291830778122, 47.4741903136291], [19.062290489673615, 47.47419393955851], [19.06230255961418, 47.47419212659384], [19.062305241823196, 47.47420300438094], [19.062294512987137, 47.4742039108631], [19.06230390071869, 47.4742039108631], [19.06230926513672, 47.47421932105738], [19.062299877405167, 47.47422204050297], [19.062310606241226, 47.47422022753926], [19.06231328845024, 47.474233824765534], [19.06231462955475, 47.4742383571735], [19.062317311763763, 47.474244702544], [19.062306582927704, 47.47424651550686], [19.06230792403221, 47.47425014143239], [19.062317311763763, 47.47424560902544], [19.062322676181793, 47.47425920624514], [19.062321335077286, 47.47426011272633]], [[19.0623240172863, 47.47441330782246], [19.062315970659256, 47.474414214300985], [19.062317311763763, 47.474416933736485], [19.062325358390808, 47.474416027258], [19.0623240172863, 47.47441330782246]], [[19.062358886003494, 47.4744187466934], [19.06236156821251, 47.4744187466934], [19.062360227108, 47.474415120779504], [19.062358886003494, 47.474415120779504], [19.062358886003494, 47.4744187466934]], [[19.06236559152603, 47.474406962472315], [19.062357544898987, 47.474407868950955], [19.062358886003494, 47.474410588386775], [19.06236693263054, 47.47440968190819], [19.06236559152603, 47.474406962472315]], [[19.062306582927704, 47.47435710612309], [19.06229853630066, 47.474358012602586], [19.062299877405167, 47.474360732040985], [19.06230792403221, 47.47435982556153], [19.062306582927704, 47.47435710612309]], [[19.062322676181793, 47.474407868950955], [19.0623240172863, 47.474407868950955], [19.062322676181793, 47.474405149514986], [19.062321335077286, 47.474405149514986], [19.062322676181793, 47.474407868950955]], [[19.062348157167435, 47.47435076076615], [19.06234011054039, 47.474351667245756], [19.062341451644897, 47.474354386684496], [19.062349498271942, 47.474353480204925], [19.062348157167435, 47.47435076076615]], [[19.06231462955475, 47.4742383571735], [19.062306582927704, 47.47423926365505], [19.062306582927704, 47.474241983099596], [19.06231462955475, 47.47424107661809], [19.06231462955475, 47.4742383571735]], [[19.062330722808838, 47.47429455899988], [19.0623240172863, 47.47429546548045], [19.0623240172863, 47.4742981849221], [19.062332063913345, 47.47429727844157], [19.062330722808838, 47.47429455899988]], [[19.062338769435883, 47.47434713484756], [19.06234011054039, 47.47434713484756], [19.062338769435883, 47.47434441540845], [19.062337428331375, 47.47434441540845], [19.062337428331375, 47.47434713484756], [19.062338769435883, 47.47434713484756]], [[19.06229719519615, 47.47418215528701], [19.062289148569107, 47.47418306176953], [19.062290489673615, 47.47418578121698], [19.06229719519615, 47.47418487473451], [19.06229719519615, 47.47418215528701]], [[19.062291830778122, 47.474310875647895], [19.062294512987137, 47.474310875647895], [19.06229317188263, 47.47430815620691], [19.062291830778122, 47.47430815620691], [19.062291830778122, 47.474310875647895]], [[19.062325358390808, 47.47430634324618], [19.062326699495316, 47.47430543676578], [19.062326699495316, 47.47430362380496], [19.0623240172863, 47.47430362380496], [19.062325358390808, 47.47430634324618]], [[19.062289148569107, 47.474300904363595], [19.06228244304657, 47.47430181084407], [19.06228244304657, 47.47430453028538], [19.062290489673615, 47.47430271732452], [19.062289148569107, 47.474300904363595]], [[19.06229719519615, 47.474353480204925], [19.062306582927704, 47.47435257372535], [19.062305241823196, 47.47434894780689], [19.06229719519615, 47.474353480204925]]]}}, {"type": "Feature", "id": 299, "properties": {"buildingId": 2, "floorId": 7, "roomNumber": "244", "roomName": "2.244 Oktat\u00f3", "scope": "budapest/lagymanyos/eszaki/2/LK-2-244-01-13", "roomCode": "LK-2-244-01-13", "roomType": "educational", "__tile": "16/36238/22923", "__layer": "rooms", "__zoom": 16, "__mvtId": 299, "__building": "eszaki", "__ringVerts": 5, "id": 299, "catalogFloorId": 7}, "geometry": {"type": "Polygon", "coordinates": [[[19.06211346387863, 47.47423201180222], [19.06212419271469, 47.47426464513203], [19.062085300683975, 47.47427008401836], [19.062074571847916, 47.47423745069194], [19.06211346387863, 47.47423201180222]]]}}, {"type": "Feature", "id": 643, "properties": {"buildingId": 2, "floorId": 7, "roomNumber": "2.114", "roomName": "2.114 Oktat\u00f3", "scope": "budapest/lagymanyos/eszaki/2/L\u00c9-2-114-01-13", "roomCode": "L\u00c9-2-114-01-13", "roomType": "educational", "__tile": "16/36238/22923", "__layer": "rooms", "__zoom": 16, "__mvtId": 643, "__building": "eszaki", "__ringVerts": 5, "id": 643, "catalogFloorId": 7}, "geometry": {"type": "Polygon", "coordinates": [[[19.06217247247696, 47.474218414575496], [19.06218186020851, 47.47425920624514], [19.062133580446243, 47.474266458094206], [19.062121510505676, 47.47422566643019], [19.06217247247696, 47.474218414575496]]]}}, {"type": "Feature", "id": 644, "properties": {"buildingId": 2, "floorId": 7, "roomNumber": "2.115", "roomName": "2.115 Oktat\u00f3", "scope": "budapest/lagymanyos/eszaki/2/L\u00c9-2-115-01-13", "roomCode": "L\u00c9-2-115-01-13", "roomType": "educational", "__tile": "16/36238/22923", "__layer": "rooms", "__zoom": 16, "__mvtId": 644, "__building": "eszaki", "__ringVerts": 6, "id": 644, "catalogFloorId": 7}, "geometry": {"type": "Polygon", "coordinates": [[[19.06215101480484, 47.474147708939775], [19.062164425849915, 47.47420300438094], [19.062116146087646, 47.47421025623777], [19.062100052833557, 47.47415496080423], [19.06211882829666, 47.47415042838906], [19.06215101480484, 47.474147708939775]]]}}, {"type": "Feature", "id": 672, "properties": {"buildingId": 2, "floorId": 7, "roomNumber": "2.62", "roomName": "2.62 Modern fizikai  laborat\u00f3rium   10.", "scope": "budapest/lagymanyos/eszaki/2/L\u00c9-2-62-01-14", "roomCode": "L\u00c9-2-62-01-14", "roomType": "educational", "__tile": "17/72476/45847", "__layer": "rooms", "__zoom": 17, "__mvtId": 672, "__building": "eszaki", "__ringVerts": 5, "id": 672, "catalogFloorId": 7}, "geometry": {"type": "Polygon", "coordinates": [[[19.06191162765026, 47.473088925990545], [19.061919674277306, 47.47311521452407], [19.061843901872635, 47.47312563928373], [19.06183585524559, 47.47309935075541], [19.06191162765026, 47.473088925990545]]]}}, {"type": "Feature", "id": 690, "properties": {"buildingId": 2, "floorId": 7, "roomNumber": "2.82", "roomName": "2.82 Modern fizikai laborat\u00f3rium", "scope": "budapest/lagymanyos/eszaki/2/L\u00c9-2-82-01-14", "roomCode": "L\u00c9-2-82-01-14", "roomType": "educational", "__tile": "17/72476/45847", "__layer": "rooms", "__zoom": 17, "__mvtId": 690, "__building": "eszaki", "__ringVerts": 6, "id": 690, "catalogFloorId": 7}, "geometry": {"type": "Polygon", "coordinates": [[[19.06201623380184, 47.472986944486], [19.062024280428886, 47.473013233070546], [19.061948508024216, 47.47302365785043], [19.06194046139717, 47.47299691601962], [19.061947837471962, 47.47299464976214], [19.06201623380184, 47.472986944486]]]}}, {"type": "Feature", "id": 285, "properties": {"buildingId": 2, "floorId": 7, "roomNumber": "230", "roomName": "2.230 Kutat\u00f3", "scope": "budapest/lagymanyos/eszaki/2/LK-2-230-01-13", "roomCode": "LK-2-230-01-13", "roomType": "educational", "__tile": "16/36238/22923", "__layer": "rooms", "__zoom": 16, "__mvtId": 285, "__building": "eszaki", "__ringVerts": 5, "id": 285, "catalogFloorId": 7}, "geometry": {"type": "Polygon", "coordinates": [[[19.061889499425888, 47.47444684751765], [19.061897546052933, 47.47447313537187], [19.06183049082756, 47.47448220014615], [19.061822444200516, 47.47445681877425], [19.061889499425888, 47.47444684751765]]]}}, {"type": "Feature", "id": 281, "properties": {"buildingId": 2, "floorId": 7, "roomNumber": "226", "roomName": "2.226 Oktat\u00f3", "scope": "budapest/lagymanyos/eszaki/2/LK-2-226-01-13", "roomCode": "LK-2-226-01-13", "roomType": "educational", "__tile": "16/36238/22923", "__layer": "rooms", "__zoom": 16, "__mvtId": 281, "__building": "eszaki", "__ringVerts": 5, "id": 281, "catalogFloorId": 7}, "geometry": {"type": "Polygon", "coordinates": [[[19.061845242977142, 47.47430543676578], [19.061853289604187, 47.47433172469076], [19.061786234378815, 47.474340789489425], [19.06177818775177, 47.47431540804922], [19.061845242977142, 47.47430543676578]]]}}, {"type": "Feature", "id": 282, "properties": {"buildingId": 2, "floorId": 7, "roomNumber": "227", "roomName": "2.227 kutat\u00f3i labor", "scope": "budapest/lagymanyos/eszaki/2/LK-2-227-01-14", "roomCode": "LK-2-227-01-14", "roomType": "educational", "__tile": "16/36238/22923", "__layer": "rooms", "__zoom": 16, "__mvtId": 282, "__building": "eszaki", "__ringVerts": 5, "id": 282, "catalogFloorId": 7}, "geometry": {"type": "Polygon", "coordinates": [[[19.061854630708694, 47.47433535061041], [19.061870723962784, 47.474388832896246], [19.06180366873741, 47.474397897685066], [19.061787575483322, 47.47434441540845], [19.061854630708694, 47.47433535061041]]]}}, {"type": "Feature", "id": 301, "properties": {"buildingId": 2, "floorId": 7, "roomNumber": "246", "roomName": "2.246 Oktat\u00f3", "scope": "budapest/lagymanyos/eszaki/2/LK-2-246-01-13", "roomCode": "LK-2-246-01-13", "roomType": "educational", "__tile": "16/36238/22923", "__layer": "rooms", "__zoom": 16, "__mvtId": 301, "__building": "eszaki", "__ringVerts": 5, "id": 301, "catalogFloorId": 7}, "geometry": {"type": "Polygon", "coordinates": [[[19.062038362026215, 47.47424288958108], [19.062047749757767, 47.47427552290412], [19.062015563249588, 47.474280055308505], [19.06200483441353, 47.474247421988274], [19.062038362026215, 47.47424288958108]]]}}, {"type": "Feature", "id": 691, "properties": {"buildingId": 2, "floorId": 7, "roomNumber": "2.83", "roomName": "2.83 Modern fizikai laborat\u00f3rium", "scope": "budapest/lagymanyos/eszaki/2/L\u00c9-2-83-01-14", "roomCode": "L\u00c9-2-83-01-14", "roomType": "educational", "__tile": "17/72476/45847", "__layer": "rooms", "__zoom": 17, "__mvtId": 691, "__building": "eszaki", "__ringVerts": 6, "id": 691, "catalogFloorId": 7}, "geometry": {"type": "Polygon", "coordinates": [[[19.062007516622543, 47.47295838962926], [19.062015563249588, 47.4729842249765], [19.061939790844917, 47.47299555626515], [19.061931744217873, 47.47296881442003], [19.061939790844917, 47.47296700141309], [19.062007516622543, 47.47295838962926]]]}}, {"type": "Feature", "id": 693, "properties": {"buildingId": 2, "floorId": 7, "roomNumber": "2.85", "roomName": "2.85 Modern fizikai laborat\u00f3rium", "scope": "budapest/lagymanyos/eszaki/2/L\u00c9-2-85-01-14", "roomCode": "L\u00c9-2-85-01-14", "roomType": "educational", "__tile": "17/72476/45847", "__layer": "rooms", "__zoom": 17, "__mvtId": 693, "__building": "eszaki", "__ringVerts": 5, "id": 693, "catalogFloorId": 7}, "geometry": {"type": "Polygon", "coordinates": [[[19.061990082263947, 47.47290218637386], [19.06199611723423, 47.47292938150494], [19.061923027038574, 47.47293935304949], [19.06191498041153, 47.472912611175765], [19.061990082263947, 47.47290218637386]]]}}, {"type": "Feature", "id": 692, "properties": {"buildingId": 2, "floorId": 7, "roomNumber": "2.84", "roomName": "2.84 Modern fizikai laborat\u00f3rium", "scope": "budapest/lagymanyos/eszaki/2/L\u00c9-2-84-01-14", "roomCode": "L\u00c9-2-84-01-14", "roomType": "educational", "__tile": "17/72476/45847", "__layer": "rooms", "__zoom": 17, "__mvtId": 692, "__building": "eszaki", "__ringVerts": 6, "id": 692, "catalogFloorId": 7}, "geometry": {"type": "Polygon", "coordinates": [[[19.061998799443245, 47.47293074126113], [19.06200684607029, 47.47295702987379], [19.061931744217873, 47.472967454664825], [19.061923027038574, 47.47294071280542], [19.06193107366562, 47.472938446545506], [19.061998799443245, 47.47293074126113]]]}}, {"type": "Feature", "id": 72, "properties": {"buildingId": 2, "floorId": 7, "roomNumber": "2.104", "roomName": "2.104 Szemin\u00e1rium", "scope": "budapest/lagymanyos/eszaki/2/L\u00c9-2-104-01-12", "roomCode": "L\u00c9-2-104-01-12", "roomType": "educational", "__tile": "17/72476/45847", "__layer": "rooms", "__zoom": 17, "__mvtId": 72, "__building": "eszaki", "__ringVerts": 11, "id": 72, "catalogFloorId": 7}, "geometry": {"type": "Polygon", "coordinates": [[[19.062088653445244, 47.472651537253036], [19.06208463013172, 47.47265244376195], [19.062088653445244, 47.472654710034185], [19.06210072338581, 47.472692783393065], [19.062018916010857, 47.47270456799857], [19.062008187174797, 47.47266286861342], [19.062045067548752, 47.47265788281515], [19.06204640865326, 47.47266196210468], [19.06205043196678, 47.47266105559592], [19.062049090862274, 47.47265697630632], [19.062088653445244, 47.472651537253036]]]}}, {"type": "Feature", "id": 683, "properties": {"buildingId": 2, "floorId": 7, "roomNumber": "2.73", "roomName": "2.73 Oktat\u00f3", "scope": "budapest/lagymanyos/eszaki/2/L\u00c9-2-73-01-13", "roomCode": "L\u00c9-2-73-01-13", "roomType": "educational", "__tile": "17/72476/45847", "__layer": "rooms", "__zoom": 17, "__mvtId": 683, "__building": "eszaki", "__ringVerts": 6, "id": 683, "catalogFloorId": 7}, "geometry": {"type": "Polygon", "coordinates": [[[19.062388390302658, 47.47307940772516], [19.06239241361618, 47.47308122072822], [19.06240850687027, 47.47313515754074], [19.062368273735046, 47.473139690043475], [19.062351509928703, 47.47308439348343], [19.062388390302658, 47.47307940772516]]]}}, {"type": "Feature", "id": 696, "properties": {"buildingId": 2, "floorId": 7, "roomNumber": "2.90", "roomName": "2.90 Oktat\u00f3", "scope": "budapest/lagymanyos/eszaki/2/L\u00c9-2-90-01-13", "roomCode": "L\u00c9-2-90-01-13", "roomType": "educational", "__tile": "17/72476/45847", "__layer": "rooms", "__zoom": 17, "__mvtId": 696, "__building": "eszaki", "__ringVerts": 6, "id": 696, "catalogFloorId": 7}, "geometry": {"type": "Polygon", "coordinates": [[[19.06208597123623, 47.47278796666959], [19.06209670007229, 47.47282694643784], [19.062057808041573, 47.47283238547298], [19.062045738101006, 47.47279340570876], [19.06205914914608, 47.47279068618925], [19.06208597123623, 47.47278796666959]]]}}, {"type": "Feature", "id": 695, "properties": {"buildingId": 2, "floorId": 7, "roomNumber": "2.89", "roomName": "2.89 Oktat\u00f3", "scope": "budapest/lagymanyos/eszaki/2/L\u00c9-2-89-01-13", "roomCode": "L\u00c9-2-89-01-13", "roomType": "educational", "__tile": "17/72476/45847", "__layer": "rooms", "__zoom": 17, "__mvtId": 695, "__building": "eszaki", "__ringVerts": 6, "id": 695, "catalogFloorId": 7}, "geometry": {"type": "Polygon", "coordinates": [[[19.062044396996498, 47.47279385896199], [19.062056466937065, 47.47283283872587], [19.062015563249588, 47.47283691800182], [19.062004163861275, 47.47279929800055], [19.06201757490635, 47.47279657848135], [19.062044396996498, 47.47279385896199]]]}}, {"type": "Feature", "id": 697, "properties": {"buildingId": 2, "floorId": 7, "roomNumber": "2.91", "roomName": "2.91 Doktorandusz", "scope": "budapest/lagymanyos/eszaki/2/L\u00c9-2-91-01-13", "roomCode": "L\u00c9-2-91-01-13", "roomType": "educational", "__tile": "17/72476/45847", "__layer": "rooms", "__zoom": 17, "__mvtId": 697, "__building": "eszaki", "__ringVerts": 6, "id": 697, "catalogFloorId": 7}, "geometry": {"type": "Polygon", "coordinates": [[[19.06221069395542, 47.472770743041856], [19.06222276389599, 47.47280926956977], [19.062182530760765, 47.47281380210062], [19.062171131372452, 47.47277618208281], [19.062183871865273, 47.472773462562394], [19.06221069395542, 47.472770743041856]]]}}, {"type": "Feature", "id": 707, "properties": {"buildingId": 2, "floorId": 7, "roomNumber": "2-K9", "roomName": "2.K9 El\u0151t\u00e9r Ny-i lift el\u0151tt", "scope": "budapest/lagymanyos/eszaki/2/L\u00c9-2-K9-04-63", "roomCode": "L\u00c9-2-K9-04-63", "roomType": "corridor", "__tile": "17/72476/45847", "__layer": "rooms", "__zoom": 17, "__mvtId": 707, "__building": "eszaki", "__ringVerts": 58, "id": 707, "catalogFloorId": 7}, "geometry": {"type": "Polygon", "coordinates": [[[19.061808362603188, 47.472744907589664], [19.061805680394173, 47.47274218806764], [19.06180366873741, 47.47273130997814], [19.06181439757347, 47.4727299502168], [19.06180366873741, 47.4727299502168], [19.061798974871635, 47.47271499283968], [19.06180903315544, 47.472713179823984], [19.06180500984192, 47.472698222442084], [19.061794951558113, 47.47269958220425], [19.061792939901352, 47.472694596409475], [19.061831831932068, 47.47268734434349], [19.06184658408165, 47.47272949696301], [19.06186670064926, 47.47272677744019], [19.061872735619545, 47.47274944012606], [19.061876758933067, 47.472748533618805], [19.061880111694336, 47.47275805194412], [19.06187541782856, 47.47275850519767], [19.061878100037575, 47.4727662105073], [19.061882123351097, 47.47276575725382], [19.061884805560112, 47.47277482232261], [19.06188078224659, 47.47277527557601], [19.061883464455605, 47.472782980883196], [19.061887487769127, 47.47278252762986], [19.061890169978142, 47.47279159269576], [19.06188614666462, 47.47279249920227], [19.061892852187157, 47.472813348847545], [19.061872735619545, 47.47281652161893], [19.06188279390335, 47.47281606836589], [19.061884805560112, 47.47282332041411], [19.06187541782856, 47.47282422692006], [19.06188614666462, 47.47285776762948], [19.061896204948425, 47.47285731437679], [19.061897546052933, 47.47286139365083], [19.061855971813202, 47.472867285935], [19.061845913529396, 47.472868645692785], [19.061842560768127, 47.47285776762948], [19.061852619051933, 47.47285504811329], [19.061842560768127, 47.4728564078714], [19.061838537454605, 47.47284371679435], [19.06184859573841, 47.4728419037831], [19.061838537454605, 47.47284281028873], [19.06183384358883, 47.47282739969079], [19.06184323132038, 47.47282468017304], [19.061831831932068, 47.47282649318488], [19.0618284791708, 47.47281561511284], [19.061829149723053, 47.47281244234141], [19.06183786690235, 47.47281153583525], [19.061839878559113, 47.472814255353676], [19.06183920800686, 47.47281062932907], [19.0618284791708, 47.47281153583525], [19.061827138066292, 47.47280564354482], [19.0618284791708, 47.47280790981044], [19.061837196350098, 47.47280564354482], [19.061820432543755, 47.47274898687243], [19.061811044812202, 47.47274898687243], [19.06181037425995, 47.4727517063941], [19.061809703707695, 47.47274898687243], [19.061808362603188, 47.472744907589664]], [[19.061852619051933, 47.47286048714551], [19.061845242977142, 47.47286139365083], [19.061845913529396, 47.47286411316668], [19.06185396015644, 47.472863206661415], [19.061852619051933, 47.47286048714551]], [[19.061817079782486, 47.472743547828664], [19.061818420886993, 47.472743547828664], [19.06181775033474, 47.47274037505288], [19.061817079782486, 47.472743547828664]]]}}, {"type": "Feature", "id": 286, "properties": {"buildingId": 2, "floorId": 7, "roomNumber": "231", "roomName": "2.231 kutat\u00f3i labor", "scope": "budapest/lagymanyos/eszaki/2/LK-2-231-01-14", "roomCode": "LK-2-231-01-14", "roomType": "educational", "__tile": "17/72476/45847", "__layer": "rooms", "__zoom": 17, "__mvtId": 286, "__building": "eszaki", "__ringVerts": 5, "id": 286, "catalogFloorId": 7}, "geometry": {"type": "Polygon", "coordinates": [[[19.061901569366455, 47.47263386032597], [19.061913639307022, 47.47267238695424], [19.06184658408165, 47.47268145203914], [19.06183250248432, 47.47263386032597], [19.061901569366455, 47.47263386032597]]]}}, {"type": "Feature", "id": 446, "properties": {"buildingId": 2, "floorId": 7, "roomNumber": "2.54", "roomName": "2.54 Novob\u00e1tzky Terem", "scope": "budapest/lagymanyos/eszaki/2/L\u00c9-2-54-01-12", "roomCode": "L\u00c9-2-54-01-12", "roomType": "educational", "__tile": "17/72476/45847", "__layer": "rooms", "__zoom": 17, "__mvtId": 446, "__building": "eszaki", "__ringVerts": 5, "id": 446, "catalogFloorId": 7}, "geometry": {"type": "Polygon", "coordinates": [[[19.061825796961784, 47.47280655005108], [19.061851277947426, 47.47289040181268], [19.061775505542755, 47.47290037336461], [19.061750024557114, 47.472817428125005], [19.061825796961784, 47.47280655005108]]]}}, {"type": "Feature", "id": 283, "properties": {"buildingId": 2, "floorId": 7, "roomNumber": "228", "roomName": "2.228 Oktat\u00f3", "scope": "budapest/lagymanyos/eszaki/2/LK-2-228-01-13", "roomCode": "LK-2-228-01-13", "roomType": "educational", "__tile": "16/36238/22923", "__layer": "rooms", "__zoom": 16, "__mvtId": 283, "__building": "eszaki", "__ringVerts": 5, "id": 283, "catalogFloorId": 7}, "geometry": {"type": "Polygon", "coordinates": [[[19.06187206506729, 47.474390645854136], [19.061880111694336, 47.474416933736485], [19.061813056468964, 47.47442599852045], [19.06180500984192, 47.474399710642636], [19.06187206506729, 47.474390645854136]]]}}, {"type": "Feature", "id": 641, "properties": {"buildingId": 2, "floorId": 7, "roomNumber": "2.103", "roomName": "2.103 Oktat\u00f3i", "scope": "budapest/lagymanyos/eszaki/2/L\u00c9-2-103-01-13", "roomCode": "L\u00c9-2-103-01-13", "roomType": "educational", "__tile": "17/72476/45847", "__layer": "rooms", "__zoom": 17, "__mvtId": 641, "__building": "eszaki", "__ringVerts": 10, "id": 641, "catalogFloorId": 7}, "geometry": {"type": "Polygon", "coordinates": [[[19.06200148165226, 47.472663775122136], [19.062005504965782, 47.47266604139388], [19.06201757490635, 47.47270547450657], [19.06200483441353, 47.47270728752253], [19.062002822756767, 47.47270094196639], [19.061988070607185, 47.472703208236524], [19.061990082263947, 47.47270819403049], [19.061976671218872, 47.47271046030031], [19.06196393072605, 47.47266921417416], [19.06200148165226, 47.472663775122136]]]}}, {"type": "Feature", "id": 686, "properties": {"buildingId": 2, "floorId": 7, "roomNumber": "2.76", "roomName": "2.76 Oktat\u00f3", "scope": "budapest/lagymanyos/eszaki/2/L\u00c9-2-76-01-13", "roomCode": "L\u00c9-2-76-01-13", "roomType": "educational", "__tile": "17/72476/45847", "__layer": "rooms", "__zoom": 17, "__mvtId": 686, "__building": "eszaki", "__ringVerts": 6, "id": 686, "catalogFloorId": 7}, "geometry": {"type": "Polygon", "coordinates": [[[19.06237430870533, 47.47302456435294], [19.062385708093643, 47.47306173094202], [19.062304571270943, 47.47307306221395], [19.06229317188263, 47.473035895632876], [19.0623689442873, 47.47302547085542], [19.06237430870533, 47.47302456435294]]]}}, {"type": "Feature", "id": 687, "properties": {"buildingId": 2, "floorId": 7, "roomNumber": "2.77", "roomName": "2.77 Hallgat\u00f3i Laborat\u00f3rium \"B\"", "scope": "budapest/lagymanyos/eszaki/2/L\u00c9-2-77-01-14", "roomCode": "L\u00c9-2-77-01-14", "roomType": "educational", "__tile": "17/72476/45847", "__layer": "rooms", "__zoom": 17, "__mvtId": 687, "__building": "eszaki", "__ringVerts": 5, "id": 687, "catalogFloorId": 7}, "geometry": {"type": "Polygon", "coordinates": [[[19.062291830778122, 47.47303634888402], [19.062303230166435, 47.473073515464776], [19.062222093343735, 47.47308439348343], [19.06221069395542, 47.47304768016143], [19.062291830778122, 47.47303634888402]]]}}, {"type": "Feature", "id": 676, "properties": {"buildingId": 2, "floorId": 7, "roomNumber": "2.66", "roomName": "2.66 Int\u00e9zet igazgat\u00f3", "scope": "budapest/lagymanyos/eszaki/2/L\u00c9-2-66-01-13", "roomCode": "L\u00c9-2-66-01-13", "roomType": "educational", "__tile": "17/72476/45847", "__layer": "rooms", "__zoom": 17, "__mvtId": 676, "__building": "eszaki", "__ringVerts": 6, "id": 676, "catalogFloorId": 7}, "geometry": {"type": "Polygon", "coordinates": [[[19.062100052833557, 47.4731192937781], [19.062116146087646, 47.47317595005126], [19.06207725405693, 47.47318138905027], [19.06206116080284, 47.4731274522852], [19.062063172459602, 47.47312473278297], [19.062100052833557, 47.4731192937781]]]}}, {"type": "Feature", "id": 680, "properties": {"buildingId": 2, "floorId": 7, "roomNumber": "2.70", "roomName": "2.70 Oktat\u00f3", "scope": "budapest/lagymanyos/eszaki/2/L\u00c9-2-70-01-13", "roomCode": "L\u00c9-2-70-01-13", "roomType": "educational", "__tile": "17/72476/45847", "__layer": "rooms", "__zoom": 17, "__mvtId": 680, "__building": "eszaki", "__ringVerts": 6, "id": 680, "catalogFloorId": 7}, "geometry": {"type": "Polygon", "coordinates": [[[19.06226634979248, 47.47309617800111], [19.06228244304657, 47.473152834299185], [19.062243551015854, 47.47315827330059], [19.062227457761765, 47.473104336511796], [19.062229469418526, 47.47310116375779], [19.06226634979248, 47.47309617800111]]]}}, {"type": "Feature", "id": 290, "properties": {"buildingId": 2, "floorId": 7, "roomNumber": "235", "roomName": "2.235 Dinamikus f\u00e9nysz\u00f3r\u00f3d\u00e1s labor", "scope": "budapest/lagymanyos/eszaki/2/LK-2-235-01-14", "roomCode": "LK-2-235-01-14", "roomType": "educational", "__tile": "16/36238/22923", "__layer": "rooms", "__zoom": 16, "__mvtId": 290, "__building": "eszaki", "__ringVerts": 5, "id": 290, "catalogFloorId": 7}, "geometry": {"type": "Polygon", "coordinates": [[[19.06175270676613, 47.474406962472315], [19.061768800020218, 47.47446225764068], [19.061701744794846, 47.47447222889436], [19.06168431043625, 47.474416027258], [19.06175270676613, 47.474406962472315]]]}}, {"type": "Feature", "id": 260, "properties": {"buildingId": 2, "floorId": 7, "roomNumber": "201", "roomName": "2.201 kutat\u00f3i k\u00e9miai labor", "scope": "budapest/lagymanyos/eszaki/2/LK-2-201-01-14", "roomCode": "LK-2-201-01-14", "roomType": "educational", "__tile": "16/36238/22923", "__layer": "rooms", "__zoom": 16, "__mvtId": 260, "__building": "eszaki", "__ringVerts": 5, "id": 260, "catalogFloorId": 7}, "geometry": {"type": "Polygon", "coordinates": [[[19.06163200736046, 47.47439517824858], [19.061649441719055, 47.47445047342936], [19.061581045389175, 47.47445681877425], [19.061564952135086, 47.474405149514986], [19.06163200736046, 47.47439517824858]]]}}, {"type": "Feature", "id": 665, "properties": {"buildingId": 2, "floorId": 7, "roomNumber": "2.53", "roomName": " 2.53/A  Oktat\u00f3", "scope": "budapest/lagymanyos/eszaki/2/L\u00c9-2-53-A -01-13", "roomCode": "L\u00c9-2-53/A -01-13", "roomType": "educational", "__tile": "17/72476/45847", "__layer": "rooms", "__zoom": 17, "__mvtId": 665, "__building": "eszaki", "__ringVerts": 5, "id": 665, "catalogFloorId": 7}, "geometry": {"type": "Polygon", "coordinates": [[[19.061800315976143, 47.47272405791723], [19.06180903315544, 47.4727521596477], [19.06173326075077, 47.47276258447938], [19.061725214123726, 47.47273448275448], [19.061800315976143, 47.47272405791723]]]}}, {"type": "Feature", "id": 711, "properties": {"buildingId": 2, "floorId": 7, "roomNumber": "2-L7", "roomName": "2.L7 L\u00e9pcs\u0151h\u00e1z  L7 ( 3 kar\u00fa)", "scope": "budapest/lagymanyos/eszaki/2/L\u00c9-2-L7-04-64", "roomCode": "L\u00c9-2-L7-04-64", "roomType": "corridor", "__tile": "17/72476/45847", "__layer": "rooms", "__zoom": 17, "__mvtId": 711, "__building": "eszaki", "__ringVerts": 6, "id": 711, "catalogFloorId": 7}, "geometry": {"type": "Polygon", "coordinates": [[[19.062278419733047, 47.472694596409475], [19.062290489673615, 47.47273312299322], [19.062201976776123, 47.47274536084332], [19.062189906835556, 47.47270683426854], [19.062245562672615, 47.472699128950204], [19.062278419733047, 47.472694596409475]]]}}, {"type": "Feature", "id": 700, "properties": {"buildingId": 2, "floorId": 7, "roomNumber": "2.98", "roomName": "2.98 Teakonyha", "scope": "budapest/lagymanyos/eszaki/2/L\u00c9-2-98-05-77", "roomCode": "L\u00c9-2-98-05-77", "roomType": "social", "__tile": "17/72476/45847", "__layer": "rooms", "__zoom": 17, "__mvtId": 700, "__building": "eszaki", "__ringVerts": 5, "id": 700, "catalogFloorId": 7}, "geometry": {"type": "Polygon", "coordinates": [[[19.062165766954422, 47.47270275498251], [19.062173143029213, 47.47272859045542], [19.062144979834557, 47.47273266973945], [19.062136933207512, 47.472705927760565], [19.062165766954422, 47.47270275498251]]]}}], "meta": {"building": "eszaki", "floorId": 7, "polygonCount": 113}}