{"type":"FeatureCollection","features":[{"type":"Feature","id":806,"properties":{"buildingId":2,"floorId":8,"roomNumber":"3-K7","roomName":"3.K7 Közlekedő D-i","scope":"budapest/lagymanyos/eszaki/3/LÉ-3-K7-04-63","roomCode":"LÉ-3-K7-04-63","roomType":"corridor","__tile":"17/72476/45847","__layer":"rooms","__zoom":17,"__mvtId":806,"__building":"eszaki","__ringVerts":14,"id":806,"catalogFloorId":8},"geometry":{"type":"Polygon","coordinates":[[[19.062455503,47.474042529],[19.062460197,47.474057487],[19.062412587,47.474064285],[19.062413929,47.474069271],[19.0624032,47.474070631],[19.062400517,47.474065645],[19.06220874,47.474092387],[19.062010256,47.474120035],[19.062011597,47.474125474],[19.062000198,47.474126834],[19.061998186,47.474121848],[19.061950577,47.474128194],[19.061945883,47.474113236],[19.062455503,47.474042529]]]}},{"type":"Feature","id":51,"properties":{"buildingId":2,"floorId":8,"roomNumber":"3.74","roomName":"3.74 Tanácsterem","scope":"budapest/lagymanyos/eszaki/3/LÉ-3-74-01-12","roomCode":"LÉ-3-74-01-12","roomType":"educational","__tile":"17/72476/45847","__layer":"rooms","__zoom":17,"__mvtId":51,"__building":"eszaki","__ringVerts":9,"id":51,"catalogFloorId":8},"geometry":{"type":"Polygon","coordinates":[[[19.061905592,47.47397123],[19.061916992,47.47400749],[19.06192705,47.474006131],[19.061931073,47.474018822],[19.061921015,47.474020181],[19.061922356,47.474026074],[19.061847254,47.474036498],[19.061830491,47.473981655],[19.061905592,47.47397123]]]}},{"type":"Feature","id":785,"properties":{"buildingId":2,"floorId":8,"roomNumber":"3.85","roomName":"3.85 Oktató","scope":"budapest/lagymanyos/eszaki/3/LÉ-3-85-01-13","roomCode":"LÉ-3-85-01-13","roomType":"educational","__tile":"17/72476/45847","__layer":"rooms","__zoom":17,"__mvtId":785,"__building":"eszaki","__ringVerts":10,"id":785,"catalogFloorId":8},"geometry":{"type":"Polygon","coordinates":[[[19.062421778,47.474058058],[19.06242379,47.474063497],[19.062437201,47.474061684],[19.062439883,47.474064856],[19.062452624,47.474111541],[19.062413061,47.47411834],[19.062411049,47.474111994],[19.062396297,47.474064403],[19.062398979,47.47406123],[19.062421778,47.474058058]]]}},{"type":"Feature","id":777,"properties":{"buildingId":2,"floorId":8,"roomNumber":"3.77","roomName":"3.77 Oktató","scope":"budapest/lagymanyos/eszaki/3/LÉ-3-77-01-13","roomCode":"LÉ-3-77-01-13","roomType":"educational","__tile":"17/72476/45847","__layer":"rooms","__zoom":17,"__mvtId":777,"__building":"eszaki","__ringVerts":7,"id":777,"catalogFloorId":8},"geometry":{"type":"Polygon","coordinates":[[[19.062104182,47.474005305],[19.062120946,47.474060601],[19.062081384,47.4740674],[19.062080042,47.474061055],[19.06206529,47.474013463],[19.062067302,47.47401029],[19.062104182,47.474005305]]]}},{"type":"Feature","id":775,"properties":{"buildingId":2,"floorId":8,"roomNumber":"3.75","roomName":"3.75 Tanszékvezető","scope":"budapest/lagymanyos/eszaki/3/LÉ-3-75-01-13","roomCode":"LÉ-3-75-01-13","roomType":"educational","__tile":"17/72476/45847","__layer":"rooms","__zoom":17,"__mvtId":775,"__building":"eszaki","__ringVerts":8,"id":775,"catalogFloorId":8},"geometry":{"type":"Polygon","coordinates":[[[19.062023305,47.473995345],[19.062039398,47.474052001],[19.061996483,47.474057894],[19.061994471,47.474052001],[19.061979719,47.474003957],[19.061987095,47.474002597],[19.061986424,47.474000331],[19.062023305,47.473995345]]]}},{"type":"Feature","id":781,"properties":{"buildingId":2,"floorId":8,"roomNumber":"3.81","roomName":"3.81 Oktató","scope":"budapest/lagymanyos/eszaki/3/LÉ-3-81-01-13","roomCode":"LÉ-3-81-01-13","roomType":"educational","__tile":"17/72476/45847","__layer":"rooms","__zoom":17,"__mvtId":781,"__building":"eszaki","__ringVerts":7,"id":781,"catalogFloorId":8},"geometry":{"type":"Polygon","coordinates":[[[19.062270448,47.474028358],[19.062287212,47.474083654],[19.06224765,47.474090453],[19.062246308,47.474084108],[19.062231556,47.474036516],[19.062233568,47.474033343],[19.062270448,47.474028358]]]}},{"type":"Feature","id":338,"properties":{"buildingId":2,"floorId":8,"roomNumber":"330","roomName":"3.330 Vegyes labor","scope":"budapest/lagymanyos/eszaki/3/LK-3-330-01-14","roomCode":"LK-3-330-01-14","roomType":"educational","__tile":"16/36238/22923","__layer":"rooms","__zoom":16,"__mvtId":338,"__building":"eszaki","__ringVerts":5,"id":338,"catalogFloorId":8},"geometry":{"type":"Polygon","coordinates":[[[19.061678323,47.474855209],[19.06168637,47.474880591],[19.061619315,47.474890562],[19.061611268,47.474864274],[19.061678323,47.474855209]]]}},{"type":"Feature","id":333,"properties":{"buildingId":2,"floorId":8,"roomNumber":"325/A","roomName":"3.325/A Kutatói műszer szoba","scope":"budapest/lagymanyos/eszaki/3/LK-3-325-A-01-14","roomCode":"LK-3-325/A-01-14","roomType":"educational","__tile":"16/36238/22923","__layer":"rooms","__zoom":16,"__mvtId":333,"__building":"eszaki","__ringVerts":5,"id":333,"catalogFloorId":8},"geometry":{"type":"Polygon","coordinates":[[[19.061646571,47.474951179],[19.061662664,47.475005568],[19.061631819,47.475010101],[19.061614385,47.474955712],[19.061646571,47.474951179]]]}},{"type":"Feature","id":335,"properties":{"buildingId":2,"floorId":8,"roomNumber":"327","roomName":"3.327 Előtér","scope":"budapest/lagymanyos/eszaki/3/LK-3-327-04-63","roomCode":"LK-3-327-04-63","roomType":"corridor","__tile":"16/36238/22923","__layer":"rooms","__zoom":16,"__mvtId":335,"__building":"eszaki","__ringVerts":5,"id":335,"catalogFloorId":8},"geometry":{"type":"Polygon","coordinates":[[[19.061618856,47.474943831],[19.061626903,47.474969213],[19.061594716,47.474973745],[19.061586669,47.474948364],[19.061618856,47.474943831]]]}},{"type":"Feature","id":332,"properties":{"buildingId":2,"floorId":8,"roomNumber":"325","roomName":"3.325 Kutatói mérő labor","scope":"budapest/lagymanyos/eszaki/3/LK-3-325-01-14","roomCode":"LK-3-325-01-14","roomType":"educational","__tile":"16/36238/22923","__layer":"rooms","__zoom":16,"__mvtId":332,"__building":"eszaki","__ringVerts":5,"id":332,"catalogFloorId":8},"geometry":{"type":"Polygon","coordinates":[[[19.061633289,47.474999785],[19.061641336,47.475026073],[19.061574281,47.475036045],[19.061566234,47.475009757],[19.061633289,47.474999785]]]}},{"type":"Feature","id":325,"properties":{"buildingId":2,"floorId":8,"roomNumber":"318","roomName":"3.318 Hallgatói labor","scope":"budapest/lagymanyos/eszaki/3/LK-3-318-01-14","roomCode":"LK-3-318-01-14","roomType":"educational","__tile":"16/36238/22923","__layer":"rooms","__zoom":16,"__mvtId":325,"__building":"eszaki","__ringVerts":6,"id":325,"catalogFloorId":8},"geometry":{"type":"Polygon","coordinates":[[[19.061563904,47.475225289],[19.061579997,47.475279679],[19.061512942,47.475288744],[19.061504895,47.475260642],[19.061496849,47.475235261],[19.061563904,47.475225289]]]}},{"type":"Feature","id":336,"properties":{"buildingId":2,"floorId":8,"roomNumber":"328","roomName":"3.328 Kutatói labor","scope":"budapest/lagymanyos/eszaki/3/LK-3-328-01-14","roomCode":"LK-3-328-01-14","roomType":"educational","__tile":"16/36238/22923","__layer":"rooms","__zoom":16,"__mvtId":336,"__building":"eszaki","__ringVerts":5,"id":336,"catalogFloorId":8},"geometry":{"type":"Polygon","coordinates":[[[19.061661142,47.474911284],[19.061669189,47.474936666],[19.061602134,47.474946637],[19.061594087,47.474920349],[19.061661142,47.474911284]]]}},{"type":"Feature","id":339,"properties":{"buildingId":2,"floorId":8,"roomNumber":"331","roomName":"3.331 Kutatói labor","scope":"budapest/lagymanyos/eszaki/3/LK-3-331-01-14","roomCode":"LK-3-331-01-14","roomType":"educational","__tile":"16/36238/22923","__layer":"rooms","__zoom":16,"__mvtId":339,"__building":"eszaki","__ringVerts":5,"id":339,"catalogFloorId":8},"geometry":{"type":"Polygon","coordinates":[[[19.061686632,47.474825993],[19.061694679,47.474852281],[19.061628965,47.474861345],[19.061620918,47.474835964],[19.061686632,47.474825993]]]}},{"type":"Feature","id":356,"properties":{"buildingId":2,"floorId":8,"roomNumber":"354","roomName":"3.354 Oktató","scope":"budapest/lagymanyos/eszaki/3/LK-3-354-01-13","roomCode":"LK-3-354-01-13","roomType":"educational","__tile":"16/36238/22923","__layer":"rooms","__zoom":16,"__mvtId":356,"__building":"eszaki","__ringVerts":5,"id":356,"catalogFloorId":8},"geometry":{"type":"Polygon","coordinates":[[[19.062047396,47.474828446],[19.062063489,47.474881022],[19.062029961,47.474885555],[19.062013868,47.474833885],[19.062047396,47.474828446]]]}},{"type":"Feature","id":60,"properties":{"buildingId":2,"floorId":8,"roomNumber":"334","roomName":"334","scope":"budapest/lagymanyos/eszaki/3/LK-É-334-01-12","roomCode":"LK-É-334-01-12","roomType":"educational","__tile":"16/36238/22923","__layer":"rooms","__zoom":16,"__mvtId":60,"__building":"eszaki","__ringVerts":5,"id":60,"catalogFloorId":8},"geometry":{"type":"Polygon","coordinates":[[[19.061799119,47.474791252],[19.061815213,47.474844734],[19.061756204,47.474852892],[19.06173877,47.47479941],[19.061799119,47.474791252]]]}},{"type":"Feature","id":359,"properties":{"buildingId":2,"floorId":8,"roomNumber":"357","roomName":"3.357 Oktató","scope":"budapest/lagymanyos/eszaki/3/LK-3-357-01-13","roomCode":"LK-3-357-01-13","roomType":"educational","__tile":"16/36238/22923","__layer":"rooms","__zoom":16,"__mvtId":359,"__building":"eszaki","__ringVerts":5,"id":359,"catalogFloorId":8},"geometry":{"type":"Polygon","coordinates":[[[19.062070887,47.474766989],[19.062080275,47.474799622],[19.062046747,47.474804154],[19.062037359,47.474771521],[19.062070887,47.474766989]]]}},{"type":"Feature","id":353,"properties":{"buildingId":2,"floorId":8,"roomNumber":"350","roomName":"3.350 Oktató","scope":"budapest/lagymanyos/eszaki/3/LK-3-350-01-13","roomCode":"LK-3-350-01-13","roomType":"educational","__tile":"16/36238/22923","__layer":"rooms","__zoom":16,"__mvtId":353,"__building":"eszaki","__ringVerts":5,"id":353,"catalogFloorId":8},"geometry":{"type":"Polygon","coordinates":[[[19.061906849,47.474809124],[19.061924283,47.4748617],[19.061889414,47.474867139],[19.061873321,47.474813657],[19.061906849,47.474809124]]]}},{"type":"Feature","id":354,"properties":{"buildingId":2,"floorId":8,"roomNumber":"351","roomName":"3.351 Oktató","scope":"budapest/lagymanyos/eszaki/3/LK-3-351-01-13","roomCode":"LK-3-351-01-13","roomType":"educational","__tile":"16/36238/22923","__layer":"rooms","__zoom":16,"__mvtId":354,"__building":"eszaki","__ringVerts":5,"id":354,"catalogFloorId":8},"geometry":{"type":"Polygon","coordinates":[[[19.061942215,47.474814144],[19.061958308,47.47486672],[19.06192478,47.474871252],[19.061908687,47.474818676],[19.061942215,47.474814144]]]}},{"type":"Feature","id":358,"properties":{"buildingId":2,"floorId":8,"roomNumber":"356","roomName":"3.356 Oktató","scope":"budapest/lagymanyos/eszaki/3/LK-3-356-01-13","roomCode":"LK-3-356-01-13","roomType":"educational","__tile":"16/36238/22923","__layer":"rooms","__zoom":16,"__mvtId":358,"__building":"eszaki","__ringVerts":5,"id":358,"catalogFloorId":8},"geometry":{"type":"Polygon","coordinates":[[[19.062111716,47.47477189],[19.062121104,47.474804523],[19.062082212,47.474809962],[19.062071483,47.474777329],[19.062111716,47.47477189]]]}},{"type":"Feature","id":746,"properties":{"buildingId":2,"floorId":8,"roomNumber":"3.122","roomName":"3.122 Oktató","scope":"budapest/lagymanyos/eszaki/3/LÉ-3-122-01-13","roomCode":"LÉ-3-122-01-13","roomType":"educational","__tile":"16/36238/22923","__layer":"rooms","__zoom":16,"__mvtId":746,"__building":"eszaki","__ringVerts":5,"id":746,"catalogFloorId":8},"geometry":{"type":"Polygon","coordinates":[[[19.06216912,47.474777419],[19.062178508,47.47481821],[19.062130228,47.474825462],[19.062118158,47.47478467],[19.06216912,47.474777419]]]}},{"type":"Feature","id":355,"properties":{"buildingId":2,"floorId":8,"roomNumber":"353","roomName":"3.353 Oktató","scope":"budapest/lagymanyos/eszaki/3/LK-3-353-01-13","roomCode":"LK-3-353-01-13","roomType":"educational","__tile":"16/36238/22923","__layer":"rooms","__zoom":16,"__mvtId":355,"__building":"eszaki","__ringVerts":5,"id":355,"catalogFloorId":8},"geometry":{"type":"Polygon","coordinates":[[[19.062012309,47.47482418],[19.062028402,47.47487585],[19.061994874,47.474880382],[19.061978781,47.474828713],[19.062012309,47.47482418]]]}},{"type":"Feature","id":811,"properties":{"buildingId":2,"floorId":8,"roomNumber":"3-L6","roomName":"3.L6 Lépcsőház DNY","scope":"budapest/lagymanyos/eszaki/3/LÉ-3-L6-04-64","roomCode":"LÉ-3-L6-04-64","roomType":"corridor","__tile":"17/72476/45847","__layer":"rooms","__zoom":17,"__mvtId":811,"__building":"eszaki","__ringVerts":5,"id":811,"catalogFloorId":8},"geometry":{"type":"Polygon","coordinates":[[[19.062034629,47.474080417],[19.062041335,47.474103986],[19.061963551,47.474114864],[19.061956845,47.474091295],[19.062034629,47.474080417]]]}},{"type":"Feature","id":774,"properties":{"buildingId":2,"floorId":8,"roomNumber":"3.73","roomName":"3.73 Teakonyha","scope":"budapest/lagymanyos/eszaki/3/LÉ-3-73-05-77","roomCode":"LÉ-3-73-05-77","roomType":"social","__tile":"17/72476/45847","__layer":"rooms","__zoom":17,"__mvtId":774,"__building":"eszaki","__ringVerts":6,"id":774,"catalogFloorId":8},"geometry":{"type":"Polygon","coordinates":[[[19.061921664,47.474031411],[19.061929711,47.474059513],[19.061853939,47.474068578],[19.061847904,47.474047275],[19.061847904,47.474041383],[19.061921664,47.474031411]]]}},{"type":"Feature","id":807,"properties":{"buildingId":2,"floorId":8,"roomNumber":"3-K8","roomName":"3.K8 Közlekedő (Nyugati lifttől balra)","scope":"budapest/lagymanyos/eszaki/3/LÉ-3-K8-04-63","roomCode":"LÉ-3-K8-04-63","roomType":"corridor","__tile":"17/72476/45847","__layer":"rooms","__zoom":17,"__mvtId":807,"__building":"eszaki","__ringVerts":128,"id":807,"catalogFloorId":8},"geometry":{"type":"Polygon","coordinates":[[[19.06194575,47.474177498],[19.061954467,47.474176591],[19.061959831,47.474189735],[19.061948432,47.474191548],[19.06195849,47.474191095],[19.061963184,47.474206506],[19.061953796,47.474209225],[19.061965196,47.474207412],[19.061968548,47.474217837],[19.061967878,47.47422101],[19.061959161,47.474222369],[19.061967878,47.474221463],[19.061969219,47.474225089],[19.061959161,47.474227808],[19.061962513,47.474238233],[19.061971901,47.474236873],[19.061975924,47.474251378],[19.061967207,47.474252737],[19.061992688,47.474337948],[19.061993359,47.474340215],[19.061962513,47.474344294],[19.061956478,47.474324804],[19.06194642,47.474326164],[19.061942397,47.474312113],[19.061951114,47.474308034],[19.061939715,47.474309847],[19.061937032,47.474296249],[19.06194575,47.47429489],[19.06194575,47.474294436],[19.061937032,47.474295796],[19.06193368,47.474284918],[19.061942397,47.474283558],[19.06193368,47.474284465],[19.061931668,47.474281745],[19.061929656,47.474270867],[19.061939715,47.474269508],[19.061928986,47.474269961],[19.061924962,47.47425591],[19.06193435,47.474251831],[19.061922951,47.474253644],[19.061920269,47.474240046],[19.061928315,47.474238686],[19.061920269,47.474239593],[19.061916916,47.474228715],[19.061926974,47.474227355],[19.061924962,47.474221916],[19.06192228,47.474212398],[19.061912222,47.474213758],[19.061907528,47.474198347],[19.061917586,47.474196987],[19.061905516,47.474197441],[19.061902834,47.474183843],[19.061911551,47.474182483],[19.061902834,47.47418339],[19.061899481,47.474172512],[19.061908199,47.474171152],[19.061908869,47.474168433],[19.061907528,47.474170699],[19.061899481,47.474172059],[19.061896799,47.474169339],[19.061893446,47.474158914],[19.061905516,47.474157101],[19.061894788,47.474157555],[19.061890094,47.474142144],[19.061900152,47.474140784],[19.06189814,47.474134439],[19.061895458,47.474125827],[19.0618854,47.474127187],[19.061882047,47.474116309],[19.061892105,47.474114949],[19.061888082,47.474099992],[19.061878024,47.474101351],[19.06187333,47.474085941],[19.061882718,47.474083221],[19.061871989,47.474085034],[19.061867965,47.47407325],[19.061877353,47.474070077],[19.061868636,47.474070983],[19.061865283,47.474060105],[19.061875342,47.474058746],[19.061871989,47.474047414],[19.061870648,47.474043788],[19.061860589,47.474045148],[19.061855896,47.474029738],[19.061865954,47.474027018],[19.061854554,47.474028831],[19.061851202,47.47401478],[19.061859919,47.474013874],[19.061860589,47.474016593],[19.061861931,47.474014327],[19.061888753,47.474010248],[19.061895458,47.474012061],[19.061894117,47.474008888],[19.061902834,47.474007981],[19.061908869,47.474021126],[19.061896799,47.474022939],[19.061907528,47.474022485],[19.061912222,47.474037896],[19.061902164,47.474040162],[19.061914234,47.474038803],[19.061916916,47.474049227],[19.061916245,47.4740524],[19.061908199,47.47405376],[19.061916245,47.474052853],[19.061919598,47.474063731],[19.061911551,47.474065091],[19.061920269,47.474064185],[19.061925633,47.474077329],[19.061914234,47.474079142],[19.061924292,47.474078689],[19.061928986,47.474094099],[19.061918927,47.474095459],[19.061923621,47.474109963],[19.06193368,47.474109057],[19.061937032,47.474119935],[19.061926974,47.474121294],[19.061930997,47.474135345],[19.061941726,47.474134892],[19.061944408,47.474143051],[19.06194642,47.474150303],[19.061936362,47.474153022],[19.061948432,47.474151209],[19.061951114,47.474161634],[19.061950443,47.474164807],[19.061942397,47.474166166],[19.061951114,47.47416526],[19.061954467,47.474176138],[19.06194575,47.474177498]],[[19.061926974,47.474231434],[19.061918927,47.474232794],[19.061919598,47.474235514],[19.061927645,47.474234154],[19.061926974,47.474231434]],[[19.061943738,47.474287638],[19.061937703,47.474288544],[19.061937032,47.474291717],[19.061944408,47.474290357],[19.061943738,47.474287638]],[[19.061943067,47.474279932],[19.061941726,47.474281292],[19.061941726,47.474282652],[19.061943738,47.474283105],[19.061943067,47.474279932]],[[19.061916916,47.474056933],[19.061908869,47.474058292],[19.06190954,47.474061012],[19.061917586,47.474059652],[19.061916916,47.474056933]],[[19.061951114,47.474169339],[19.061943067,47.474170699],[19.061944408,47.474173418],[19.061951785,47.474172059],[19.061951114,47.474169339]],[[19.06193368,47.474113136],[19.061927645,47.474114042],[19.061926974,47.474117215],[19.061935021,47.474115855],[19.06193368,47.474113136]],[[19.061875342,47.474062825],[19.061867295,47.474064185],[19.061867965,47.474066451],[19.061876012,47.474065544],[19.061875342,47.474062825]],[[19.061892105,47.474119028],[19.061884729,47.474120388],[19.0618854,47.474122654],[19.061893446,47.474121748],[19.061892105,47.474119028]],[[19.06190954,47.474175231],[19.061903505,47.474176138],[19.061902834,47.474178857],[19.06191021,47.474177951],[19.06190954,47.474175231]],[[19.061912222,47.474184296],[19.061913563,47.474185203],[19.061913563,47.474182937],[19.061911551,47.474182937],[19.061912222,47.474184296]],[[19.061906858,47.474050587],[19.061905516,47.47405104],[19.061906187,47.474053307],[19.061908199,47.474053307],[19.061906858,47.474050587]],[[19.061941056,47.47416662],[19.061942397,47.47416526],[19.061940385,47.474163447],[19.061939715,47.474163447],[19.061941056,47.47416662]],[[19.061928315,47.474238686],[19.061930997,47.474241406],[19.061930327,47.474238233],[19.061928315,47.474238686]],[[19.061878694,47.474069624],[19.061878024,47.474072796],[19.061879365,47.474072796],[19.061879365,47.474071437],[19.061878694,47.474069624]],[[19.061911551,47.474065544],[19.061910881,47.474066451],[19.061910881,47.474068264],[19.061912222,47.474068264],[19.061911551,47.474065544]],[[19.061959161,47.474222369],[19.061957149,47.47421965],[19.061957819,47.474222823],[19.061959161,47.474222369]],[[19.06194575,47.474177498],[19.061944408,47.474177951],[19.061945079,47.47418067],[19.06194575,47.474177498]]]}},{"type":"Feature","id":348,"properties":{"buildingId":2,"floorId":8,"roomNumber":"343","roomName":"3.343 III. Mikroanalitikai labor","scope":"budapest/lagymanyos/eszaki/3/LK-3-343-01-14","roomCode":"LK-3-343-01-14","roomType":"educational","__tile":"17/72476/45847","__layer":"rooms","__zoom":17,"__mvtId":348,"__building":"eszaki","__ringVerts":5,"id":348,"catalogFloorId":8},"geometry":{"type":"Polygon","coordinates":[[[19.061901004,47.474502106],[19.061909051,47.474528848],[19.061841996,47.474538366],[19.061833949,47.474511624],[19.061901004,47.474502106]]]}},{"type":"Feature","id":349,"properties":{"buildingId":2,"floorId":8,"roomNumber":"344","roomName":"3.344 Immunkémiai labor","scope":"budapest/lagymanyos/eszaki/3/LK-3-344-01-14","roomCode":"LK-3-344-01-14","roomType":"educational","__tile":"17/72476/45847","__layer":"rooms","__zoom":17,"__mvtId":349,"__building":"eszaki","__ringVerts":5,"id":349,"catalogFloorId":8},"geometry":{"type":"Polygon","coordinates":[[[19.061773074,47.474488963],[19.061789167,47.474542447],[19.061722112,47.474551965],[19.061705348,47.474498481],[19.061773074,47.474488963]]]}},{"type":"Feature","id":808,"properties":{"buildingId":2,"floorId":8,"roomNumber":"3-K9","roomName":"3.K9 Előtér Ny-i lift előtt","scope":"budapest/lagymanyos/eszaki/3/LÉ-3-K9-04-63","roomCode":"LÉ-3-K9-04-63","roomType":"corridor","__tile":"17/72476/45847","__layer":"rooms","__zoom":17,"__mvtId":808,"__building":"eszaki","__ringVerts":59,"id":808,"catalogFloorId":8},"geometry":{"type":"Polygon","coordinates":[[[19.061835863,47.474312945],[19.061850615,47.474355098],[19.061870061,47.474352378],[19.061876766,47.474375041],[19.06188079,47.474374134],[19.061884142,47.474383653],[19.061879449,47.474384106],[19.061882131,47.474391811],[19.061886154,47.474391358],[19.061888836,47.474400423],[19.061884813,47.474400876],[19.061887495,47.474409035],[19.061891519,47.474408128],[19.061894201,47.474417193],[19.061890177,47.4744181],[19.061896883,47.47443895],[19.061876766,47.474442122],[19.061886825,47.474441669],[19.061888836,47.474448921],[19.061879449,47.474449828],[19.061890177,47.474483368],[19.061900236,47.474482915],[19.061901577,47.474486994],[19.061849944,47.474494246],[19.061846592,47.474483368],[19.06185665,47.474480649],[19.061846592,47.474482009],[19.061842568,47.474469318],[19.061852627,47.474467505],[19.061842568,47.474468411],[19.061837874,47.474453],[19.061847262,47.474450281],[19.061836533,47.474451641],[19.061833181,47.474441216],[19.061843909,47.474439856],[19.061843239,47.47443759],[19.061833851,47.474440309],[19.061831169,47.474431244],[19.06183251,47.474433511],[19.061841898,47.474432151],[19.061825134,47.474376854],[19.061823793,47.474373681],[19.061815076,47.474374588],[19.061814405,47.474377307],[19.061811723,47.474368695],[19.061822452,47.474368242],[19.061821781,47.474365976],[19.061809711,47.474367789],[19.061807029,47.474356911],[19.061818428,47.474355551],[19.0618077,47.474355551],[19.061803006,47.474340594],[19.061812393,47.474339234],[19.061803006,47.474339234],[19.061798982,47.474326543],[19.061807029,47.474324276],[19.061798982,47.474325183],[19.061796971,47.474320197],[19.061835863,47.474312945]],[[19.06185665,47.474486088],[19.061850615,47.474486994],[19.061849944,47.474489714],[19.06185732,47.474488807],[19.06185665,47.474486088]]]}},{"type":"Feature","id":318,"properties":{"buildingId":2,"floorId":8,"roomNumber":"309","roomName":"3.309 Kutatói labor","scope":"budapest/lagymanyos/eszaki/3/LK-3-309-01-14","roomCode":"LK-3-309-01-14","roomType":"educational","__tile":"16/36238/22923","__layer":"rooms","__zoom":16,"__mvtId":318,"__building":"eszaki","__ringVerts":5,"id":318,"catalogFloorId":8},"geometry":{"type":"Polygon","coordinates":[[[19.061549462,47.474866622],[19.061557509,47.47489291],[19.061490454,47.474901975],[19.061482407,47.474875687],[19.061549462,47.474866622]]]}},{"type":"Feature","id":314,"properties":{"buildingId":2,"floorId":8,"roomNumber":"305","roomName":"3.305 PHD Dolgozói","scope":"budapest/lagymanyos/eszaki/3/LK-3-305-01-13","roomCode":"LK-3-305-01-13","roomType":"educational","__tile":"16/36238/22923","__layer":"rooms","__zoom":16,"__mvtId":314,"__building":"eszaki","__ringVerts":5,"id":314,"catalogFloorId":8},"geometry":{"type":"Polygon","coordinates":[[[19.061601905,47.474696476],[19.061609952,47.474722764],[19.061542897,47.474731828],[19.06153485,47.474706447],[19.061601905,47.474696476]]]}},{"type":"Feature","id":337,"properties":{"buildingId":2,"floorId":8,"roomNumber":"329","roomName":"3.329 Preparatív labor","scope":"budapest/lagymanyos/eszaki/3/LK-3-329-01-14","roomCode":"LK-3-329-01-14","roomType":"educational","__tile":"16/36238/22923","__layer":"rooms","__zoom":16,"__mvtId":337,"__building":"eszaki","__ringVerts":5,"id":337,"catalogFloorId":8},"geometry":{"type":"Polygon","coordinates":[[[19.061669278,47.474882833],[19.061677325,47.474909121],[19.061611611,47.474918186],[19.061603564,47.474891898],[19.061669278,47.474882833]]]}},{"type":"Feature","id":351,"properties":{"buildingId":2,"floorId":8,"roomNumber":"346","roomName":"3.346 Tömegspektrometria labor","scope":"budapest/lagymanyos/eszaki/3/LK-3-346-01-14","roomCode":"LK-3-346-01-14","roomType":"educational","__tile":"16/36238/22923","__layer":"rooms","__zoom":16,"__mvtId":351,"__building":"eszaki","__ringVerts":5,"id":351,"catalogFloorId":8},"geometry":{"type":"Polygon","coordinates":[[[19.061754616,47.474570696],[19.061762662,47.474596984],[19.061695607,47.474606955],[19.061686219,47.47457976],[19.061754616,47.474570696]]]}},{"type":"Feature","id":311,"properties":{"buildingId":2,"floorId":8,"roomNumber":"302","roomName":"3.302 Oktató","scope":"budapest/lagymanyos/eszaki/3/LK-3-302-01-13","roomCode":"LK-3-302-01-13","roomType":"educational","__tile":"16/36238/22923","__layer":"rooms","__zoom":16,"__mvtId":311,"__building":"eszaki","__ringVerts":5,"id":311,"catalogFloorId":8},"geometry":{"type":"Polygon","coordinates":[[[19.061627764,47.474613028],[19.061635811,47.47463841],[19.061568756,47.474648381],[19.061560709,47.474622093],[19.061627764,47.474613028]]]}},{"type":"Feature","id":312,"properties":{"buildingId":2,"floorId":8,"roomNumber":"303","roomName":"3.303 PHD dolgozói szoba","scope":"budapest/lagymanyos/eszaki/3/LK-3-303-01-13","roomCode":"LK-3-303-01-13","roomType":"educational","__tile":"16/36238/22923","__layer":"rooms","__zoom":16,"__mvtId":312,"__building":"eszaki","__ringVerts":5,"id":312,"catalogFloorId":8},"geometry":{"type":"Polygon","coordinates":[[[19.061619304,47.474639905],[19.061627351,47.474666193],[19.061560296,47.474676164],[19.061552249,47.474649877],[19.061619304,47.474639905]]]}},{"type":"Feature","id":753,"properties":{"buildingId":2,"floorId":8,"roomNumber":"3.131","roomName":"3.131 Kőrös könyvtár","scope":"budapest/lagymanyos/eszaki/3/LÉ-3-131-03-43","roomCode":"LÉ-3-131-03-43","roomType":"misc","__tile":"17/72476/45847","__layer":"rooms","__zoom":17,"__mvtId":753,"__building":"eszaki","__ringVerts":6,"id":753,"catalogFloorId":8},"geometry":{"type":"Polygon","coordinates":[[[19.062464381,47.474521585],[19.062472428,47.474546514],[19.062397326,47.474556939],[19.062388609,47.474527931],[19.06243823,47.474521585],[19.062464381,47.474521585]]]}},{"type":"Feature","id":752,"properties":{"buildingId":2,"floorId":8,"roomNumber":"3.130","roomName":"3.130 Desztilláló","scope":"budapest/lagymanyos/eszaki/3/LÉ-3-130-01-14","roomCode":"LÉ-3-130-01-14","roomType":"educational","__tile":"16/36238/22923","__layer":"rooms","__zoom":16,"__mvtId":752,"__building":"eszaki","__ringVerts":5,"id":752,"catalogFloorId":8},"geometry":{"type":"Polygon","coordinates":[[[19.06245577,47.474546404],[19.062462476,47.474574505],[19.062388715,47.474584476],[19.062380668,47.474557282],[19.06245577,47.474546404]]]}},{"type":"Feature","id":750,"properties":{"buildingId":2,"floorId":8,"roomNumber":"3.128","roomName":"3.128 Mérlegszoba","scope":"budapest/lagymanyos/eszaki/3/LÉ-3-128-01-14","roomCode":"LÉ-3-128-01-14","roomType":"educational","__tile":"16/36238/22923","__layer":"rooms","__zoom":16,"__mvtId":750,"__building":"eszaki","__ringVerts":10,"id":750,"catalogFloorId":8},"geometry":{"type":"Polygon","coordinates":[[[19.062432745,47.474628471],[19.062436769,47.474633004],[19.06245018,47.47468286],[19.062376419,47.474693738],[19.062375078,47.474687392],[19.062364349,47.474689205],[19.062360326,47.474676515],[19.062371055,47.474674702],[19.062358985,47.474638442],[19.062432745,47.474628471]]]}},{"type":"Feature","id":748,"properties":{"buildingId":2,"floorId":8,"roomNumber":"3.125-126","roomName":"3.125-126 Hallgatói laboratórium I.","scope":"budapest/lagymanyos/eszaki/3/LÉ-3-125-01-14","roomCode":"LÉ-3-125-01-14","roomType":"educational","__tile":"16/36238/22923","__layer":"rooms","__zoom":16,"__mvtId":748,"__building":"eszaki","__ringVerts":28,"id":748,"catalogFloorId":8},"geometry":{"type":"Polygon","coordinates":[[[19.062385113,47.474711734],[19.062414617,47.47480057],[19.062445462,47.474906628],[19.062371702,47.474917506],[19.06236902,47.474909347],[19.062358291,47.474910254],[19.062355608,47.474897563],[19.062364996,47.47489575],[19.062360973,47.474883059],[19.062351585,47.474884872],[19.062347562,47.474874901],[19.06235695,47.474870369],[19.062347562,47.474837735],[19.062343539,47.474826858],[19.062334151,47.474828671],[19.062330128,47.474815073],[19.062339515,47.474814167],[19.062334151,47.474796037],[19.062324763,47.47479785],[19.06232074,47.474785159],[19.062331469,47.474783346],[19.062328786,47.474777908],[19.062318058,47.474739835],[19.062307329,47.474741648],[19.062303305,47.474728957],[19.062314034,47.474727145],[19.062311352,47.474721706],[19.062385113,47.474711734]]]}},{"type":"Feature","id":809,"properties":{"buildingId":2,"floorId":8,"roomNumber":"3-L3","roomName":"3.L3 Lépcsőház ÉK","scope":"budapest/lagymanyos/eszaki/3/LÉ-3-L3-04-64","roomCode":"LÉ-3-L3-04-64","roomType":"corridor","__tile":"16/36238/22923","__layer":"rooms","__zoom":16,"__mvtId":809,"__building":"eszaki","__ringVerts":6,"id":809,"catalogFloorId":8},"geometry":{"type":"Polygon","coordinates":[[[19.06225375,47.474782937],[19.062260455,47.474805599],[19.062208152,47.474812851],[19.062182671,47.474816477],[19.062174625,47.474793815],[19.06225375,47.474782937]]]}},{"type":"Feature","id":743,"properties":{"buildingId":2,"floorId":8,"roomNumber":"3.117","roomName":"3.117 Műszeres előkészítő laboratórium","scope":"budapest/lagymanyos/eszaki/3/LÉ-3-117-01-14","roomCode":"LÉ-3-117-01-14","roomType":"educational","__tile":"16/36238/22923","__layer":"rooms","__zoom":16,"__mvtId":743,"__building":"eszaki","__ringVerts":6,"id":743,"catalogFloorId":8},"geometry":{"type":"Polygon","coordinates":[[[19.062321384,47.474556774],[19.062329431,47.474583969],[19.062257011,47.47459394],[19.062250306,47.474593033],[19.062248964,47.474567652],[19.062321384,47.474556774]]]}},{"type":"Feature","id":766,"properties":{"buildingId":2,"floorId":8,"roomNumber":"3.144","roomName":"3.144 ICP laboratórium","scope":"budapest/lagymanyos/eszaki/3/LÉ-3-144-01-14","roomCode":"LÉ-3-144-01-14","roomType":"educational","__tile":"17/72476/45847","__layer":"rooms","__zoom":17,"__mvtId":766,"__building":"eszaki","__ringVerts":10,"id":766,"catalogFloorId":8},"geometry":{"type":"Polygon","coordinates":[[[19.062397254,47.474211768],[19.062408653,47.474248481],[19.062418711,47.474247121],[19.062422735,47.474259812],[19.062412677,47.474261172],[19.062414018,47.474267064],[19.062369761,47.47427341],[19.062338916,47.474277489],[19.062322152,47.474222646],[19.062397254,47.474211768]]]}},{"type":"Feature","id":805,"properties":{"buildingId":2,"floorId":8,"roomNumber":"3-K6","roomName":"3.K6 Közlekedő (Keleti lifttől D-i)","scope":"budapest/lagymanyos/eszaki/3/LÉ-3-K6-04-63","roomCode":"LÉ-3-K6-04-63","roomType":"corridor","__tile":"17/72476/45847","__layer":"rooms","__zoom":17,"__mvtId":805,"__building":"eszaki","__ringVerts":133,"id":805,"catalogFloorId":8},"geometry":{"type":"Polygon","coordinates":[[[19.062404096,47.474140165],[19.062400743,47.474129287],[19.062410802,47.474127474],[19.062406778,47.474112517],[19.06239672,47.47411433],[19.062392026,47.474098919],[19.062401414,47.4740962],[19.062390015,47.474098013],[19.062386662,47.474087134],[19.062387332,47.474083962],[19.062395379,47.474083055],[19.06239672,47.474085775],[19.062401414,47.474082602],[19.062424883,47.474079429],[19.062428907,47.474078976],[19.06243293,47.474093027],[19.062442988,47.474091667],[19.062447682,47.474107078],[19.062438294,47.474109344],[19.062449694,47.474107984],[19.062452376,47.474121582],[19.062443659,47.474122941],[19.062452376,47.474122035],[19.062455729,47.474132913],[19.06244567,47.474135633],[19.062450364,47.47415059],[19.062453717,47.474154669],[19.062451705,47.474148777],[19.062460423,47.47414787],[19.062465116,47.474163281],[19.062456399,47.474164187],[19.062453047,47.474158748],[19.062455058,47.474165547],[19.062467128,47.474164187],[19.06246981,47.474174612],[19.06246914,47.474177785],[19.062458411,47.474177332],[19.062460423,47.474179598],[19.06246914,47.474178238],[19.062472493,47.474189116],[19.062464446,47.474190476],[19.062473163,47.47418957],[19.062475175,47.474192289],[19.062477186,47.474202714],[19.062467128,47.474204074],[19.062477186,47.474204074],[19.06248188,47.474219484],[19.062472493,47.474221751],[19.062483892,47.474220391],[19.062487245,47.474232629],[19.062477857,47.474235348],[19.062486574,47.474234442],[19.062489927,47.47424532],[19.06248121,47.474246679],[19.062489927,47.474245773],[19.062495962,47.474258917],[19.062483892,47.47426073],[19.062494621,47.474260277],[19.062499315,47.474275687],[19.062489256,47.474277047],[19.062492609,47.474289285],[19.062495962,47.474291551],[19.062504009,47.474290645],[19.062507361,47.474301523],[19.062498644,47.474302883],[19.062507361,47.474301976],[19.062509373,47.474304696],[19.062512726,47.47431512],[19.062501326,47.474316933],[19.062503338,47.474323732],[19.062503338,47.47431784],[19.062511385,47.47431648],[19.062516078,47.474331891],[19.062508032,47.47433325],[19.062504679,47.474328265],[19.062510714,47.474347301],[19.062520772,47.474346848],[19.062524125,47.474357726],[19.062516078,47.474359086],[19.062524125,47.474358179],[19.06253016,47.474371323],[19.06251809,47.474373136],[19.062528819,47.474372683],[19.062532842,47.474386734],[19.062523455,47.474390813],[19.062535524,47.474389],[19.062538877,47.474399425],[19.062538207,47.474402598],[19.06252949,47.474403958],[19.062526807,47.474401238],[19.06252949,47.474408943],[19.062497974,47.474413476],[19.062471151,47.474325998],[19.062462434,47.474327358],[19.06245774,47.474312854],[19.062467128,47.474311494],[19.062463775,47.474301523],[19.062453717,47.47430107],[19.062452376,47.474297897],[19.062462434,47.474296084],[19.062461093,47.474292911],[19.062460423,47.474296084],[19.062452376,47.474297444],[19.062446341,47.474284299],[19.06245774,47.47428158],[19.062447682,47.47428294],[19.06244567,47.474275687],[19.062442988,47.474267529],[19.062453047,47.474266169],[19.062440977,47.474266622],[19.062438965,47.474252572],[19.062438294,47.474252572],[19.062434942,47.474241694],[19.062445,47.474238521],[19.062438965,47.474219484],[19.062438965,47.474225377],[19.062430918,47.474226736],[19.062429577,47.474223564],[19.062426224,47.474211326],[19.062434271,47.474209966],[19.062437624,47.474215405],[19.062435612,47.474208606],[19.062424213,47.474210419],[19.062421531,47.474196368],[19.062418178,47.47418549],[19.062428236,47.474183677],[19.062423542,47.47416872],[19.062413484,47.474170533],[19.06240879,47.474155122],[19.062418848,47.474152403],[19.062406778,47.474154216],[19.062403426,47.474143338],[19.062404096,47.474140165]],[[19.062521443,47.474350927],[19.062513396,47.474352287],[19.062514067,47.474355006],[19.062522113,47.474353647],[19.062521443,47.474350927]],[[19.062428236,47.47418821],[19.062420189,47.474189116],[19.06242086,47.474191836],[19.062428907,47.474190929],[19.062428236,47.47418821]],[[19.062514067,47.474359539],[19.062515408,47.474362712],[19.062516749,47.474362258],[19.062514067,47.474359539]],[[19.062504009,47.474294724],[19.062495962,47.474296084],[19.062497303,47.474298803],[19.062504679,47.474297444],[19.062504009,47.474294724]],[[19.062486574,47.474238521],[19.062479198,47.474239881],[19.062479869,47.4742426],[19.062487915,47.47424124],[19.062486574,47.474238521]],[[19.06246981,47.474182318],[19.062461764,47.474183677],[19.062462434,47.474185944],[19.062470481,47.474185037],[19.06246981,47.474182318]],[[19.062410802,47.474132007],[19.062403426,47.474132913],[19.062404096,47.474135633],[19.062411472,47.474134726],[19.062410802,47.474132007]],[[19.062445,47.474244413],[19.062437624,47.474245773],[19.062438294,47.474248039],[19.062446341,47.474247133],[19.062445,47.474244413]],[[19.062452376,47.474126114],[19.062445,47.474127474],[19.06244567,47.47412974],[19.062453717,47.474128834],[19.062452376,47.474126114]],[[19.062477186,47.474232175],[19.062475175,47.474232629],[19.062476516,47.474235801],[19.062477857,47.474235348],[19.062477857,47.474234895],[19.062477186,47.474232175]],[[19.062447682,47.474254385],[19.062449694,47.474254385],[19.062449023,47.474252118],[19.062447012,47.474252118],[19.062447682,47.474254385]],[[19.062498644,47.474302883],[19.062497303,47.474303789],[19.062497974,47.474306509],[19.062499315,47.474306055],[19.062498644,47.474302883]],[[19.062479869,47.474247133],[19.062480539,47.474248946],[19.062480539,47.474249852],[19.06248188,47.474248039],[19.062479869,47.474247133]],[[19.062462434,47.474190476],[19.062463775,47.474193649],[19.062465116,47.474193649],[19.062464446,47.474191383],[19.062462434,47.474190476]],[[19.062442988,47.474119769],[19.062441647,47.474122488],[19.062443659,47.474122941],[19.062442988,47.474119769]],[[19.062412813,47.474139259],[19.062415496,47.474141978],[19.062414155,47.474138805],[19.062412813,47.474139259]],[[19.062430248,47.474195462],[19.062430918,47.474198181],[19.062432259,47.474198181],[19.062430918,47.474195915],[19.062430248,47.474195462]]]}},{"type":"Feature","id":761,"properties":{"buildingId":2,"floorId":8,"roomNumber":"3.139","roomName":"3.139 Atomfizikai Tanszék Média szoba","scope":"budapest/lagymanyos/eszaki/3/LÉ-3-139-01-14","roomCode":"LÉ-3-139-01-14","roomType":"educational","__tile":"17/72476/45847","__layer":"rooms","__zoom":17,"__mvtId":761,"__building":"eszaki","__ringVerts":9,"id":761,"catalogFloorId":8},"geometry":{"type":"Polygon","coordinates":[[[19.062594709,47.474115069],[19.062611473,47.474169912],[19.062536371,47.474180337],[19.06253436,47.474174445],[19.062524301,47.474175804],[19.062520278,47.474163113],[19.062530336,47.474161754],[19.062519607,47.474125494],[19.062594709,47.474115069]]]}},{"type":"Feature","id":759,"properties":{"buildingId":2,"floorId":8,"roomNumber":"3.137","roomName":"3.137 K+F labor","scope":"budapest/lagymanyos/eszaki/3/LÉ-3-137-01-14","roomCode":"LÉ-3-137-01-14","roomType":"educational","__tile":"17/72476/45847","__layer":"rooms","__zoom":17,"__mvtId":759,"__building":"eszaki","__ringVerts":5,"id":759,"catalogFloorId":8},"geometry":{"type":"Polygon","coordinates":[[[19.062549802,47.474238023],[19.062557849,47.474264312],[19.062482747,47.474274737],[19.06247403,47.474247995],[19.062549802,47.474238023]],[[19.062533038,47.474266578],[19.062534379,47.474266578],[19.062530356,47.474252981],[19.06249884,47.474257513],[19.062500181,47.474260233],[19.062500181,47.474257966],[19.062529015,47.474253887],[19.062532368,47.474264765],[19.062533038,47.474266578]],[[19.062533038,47.474266578],[19.062502864,47.474269298],[19.062503534,47.474271564],[19.062533038,47.474266578]]]}},{"type":"Feature","id":763,"properties":{"buildingId":2,"floorId":8,"roomNumber":"3.141","roomName":"3.141 Oktató","scope":"budapest/lagymanyos/eszaki/3/LÉ-3-141-01-13","roomCode":"LÉ-3-141-01-13","roomType":"educational","__tile":"17/72476/45847","__layer":"rooms","__zoom":17,"__mvtId":763,"__building":"eszaki","__ringVerts":5,"id":763,"catalogFloorId":8},"geometry":{"type":"Polygon","coordinates":[[[19.062600079,47.474069107],[19.062610137,47.474095849],[19.062534365,47.474106274],[19.062526989,47.474079532],[19.062600079,47.474069107]]]}},{"type":"Feature","id":762,"properties":{"buildingId":2,"floorId":8,"roomNumber":"3.140","roomName":"3.140 LB-film laboratórium","scope":"budapest/lagymanyos/eszaki/3/LÉ-3-140-01-14","roomCode":"LÉ-3-140-01-14","roomType":"educational","__tile":"17/72476/45847","__layer":"rooms","__zoom":17,"__mvtId":762,"__building":"eszaki","__ringVerts":5,"id":762,"catalogFloorId":8},"geometry":{"type":"Polygon","coordinates":[[[19.062593166,47.474096958],[19.062599201,47.474124153],[19.06252611,47.474134124],[19.062517393,47.474107382],[19.062593166,47.474096958]]]}},{"type":"Feature","id":768,"properties":{"buildingId":2,"floorId":8,"roomNumber":"3.146","roomName":"3.146 AFM/STM laboratórium","scope":"budapest/lagymanyos/eszaki/3/LÉ-3-146-01-14","roomCode":"LÉ-3-146-01-14","roomType":"educational","__tile":"17/72476/45847","__layer":"rooms","__zoom":17,"__mvtId":768,"__building":"eszaki","__ringVerts":9,"id":768,"catalogFloorId":8},"geometry":{"type":"Polygon","coordinates":[[[19.062360952,47.474327516],[19.062372352,47.47436287],[19.06238241,47.47436151],[19.062385763,47.474374654],[19.062375705,47.474376014],[19.062377716,47.474381906],[19.062302614,47.474392331],[19.062285851,47.474337941],[19.062360952,47.474327516]]]}},{"type":"Feature","id":760,"properties":{"buildingId":2,"floorId":8,"roomNumber":"3.138","roomName":"3.138 Biofizika laboratórium 1.","scope":"budapest/lagymanyos/eszaki/3/LÉ-3-138-01-14","roomCode":"LÉ-3-138-01-14","roomType":"educational","__tile":"17/72476/45847","__layer":"rooms","__zoom":17,"__mvtId":760,"__building":"eszaki","__ringVerts":9,"id":760,"catalogFloorId":8},"geometry":{"type":"Polygon","coordinates":[[[19.062577791,47.474171006],[19.062594555,47.474226303],[19.062518783,47.474236728],[19.062516771,47.474230835],[19.062506713,47.474232195],[19.06250336,47.474219504],[19.062513418,47.474218144],[19.062502019,47.474181884],[19.062577791,47.474171006]]]}},{"type":"Feature","id":786,"properties":{"buildingId":2,"floorId":8,"roomNumber":"3.86","roomName":"3.86 Oktató","scope":"budapest/lagymanyos/eszaki/3/LÉ-3-86-02-33","roomCode":"LÉ-3-86-02-33","roomType":"administrative","__tile":"17/72476/45847","__layer":"rooms","__zoom":17,"__mvtId":786,"__building":"eszaki","__ringVerts":8,"id":786,"catalogFloorId":8},"geometry":{"type":"Polygon","coordinates":[[[19.062470803,47.474061499],[19.062471474,47.474063765],[19.06247885,47.474062859],[19.062495614,47.474116796],[19.062452028,47.474123141],[19.062449346,47.474116796],[19.062433923,47.474066485],[19.062470803,47.474061499]]]}},{"type":"Feature","id":77,"properties":{"buildingId":2,"floorId":8,"roomNumber":"317","roomName":"317 Hajóorr III.","scope":"budapest/lagymanyos/eszaki/3/LK-3-317-01-12","roomCode":"LK-3-317-01-12","roomType":"educational","__tile":"16/36238/22923","__layer":"rooms","__zoom":16,"__mvtId":77,"__building":"eszaki","__ringVerts":5,"id":77,"catalogFloorId":8},"geometry":{"type":"Polygon","coordinates":[[[19.061538489,47.475260133],[19.06156397,47.475341717],[19.061484845,47.475353501],[19.061462046,47.475338997],[19.061538489,47.475260133]]]}},{"type":"Feature","id":309,"properties":{"buildingId":2,"floorId":8,"roomNumber":"300/4","roomName":"3.300/4 Menekülő lépcsőház L1","scope":"budapest/lagymanyos/eszaki/3/LK-3-300-4-04-64","roomCode":"LK-3-300/4-04-64","roomType":"corridor","__tile":"16/36238/22923","__layer":"rooms","__zoom":16,"__mvtId":309,"__building":"eszaki","__ringVerts":6,"id":309,"catalogFloorId":8},"geometry":{"type":"Polygon","coordinates":[[[19.061450318,47.47521107],[19.061467752,47.475264553],[19.061391309,47.475275431],[19.061377898,47.475272712],[19.061364487,47.475226481],[19.061450318,47.47521107]]]}},{"type":"Feature","id":323,"properties":{"buildingId":2,"floorId":8,"roomNumber":"315","roomName":"3.315 Mérleg szoba, centrifugaszoba","scope":"budapest/lagymanyos/eszaki/3/LK-3-315-01-14","roomCode":"LK-3-315-01-14","roomType":"educational","__tile":"16/36238/22923","__layer":"rooms","__zoom":16,"__mvtId":323,"__building":"eszaki","__ringVerts":5,"id":323,"catalogFloorId":8},"geometry":{"type":"Polygon","coordinates":[[[19.061470524,47.47512294],[19.061478571,47.475149228],[19.061411516,47.475158293],[19.061403469,47.475132005],[19.061470524,47.47512294]]]}},{"type":"Feature","id":322,"properties":{"buildingId":2,"floorId":8,"roomNumber":"314","roomName":"3.314 Kutató labor","scope":"budapest/lagymanyos/eszaki/3/LK-3-314-01-14","roomCode":"LK-3-314-01-14","roomType":"educational","__tile":"16/36238/22923","__layer":"rooms","__zoom":16,"__mvtId":322,"__building":"eszaki","__ringVerts":5,"id":322,"catalogFloorId":8},"geometry":{"type":"Polygon","coordinates":[[[19.061478789,47.475094916],[19.061486836,47.475121204],[19.061419781,47.475130269],[19.061413075,47.475103981],[19.061478789,47.475094916]]]}},{"type":"Feature","id":328,"properties":{"buildingId":2,"floorId":8,"roomNumber":"321","roomName":"3.321 Műszeres labor","scope":"budapest/lagymanyos/eszaki/3/LK-3-321-01-14","roomCode":"LK-3-321-01-14","roomType":"educational","__tile":"16/36238/22923","__layer":"rooms","__zoom":16,"__mvtId":328,"__building":"eszaki","__ringVerts":5,"id":328,"catalogFloorId":8},"geometry":{"type":"Polygon","coordinates":[[[19.061599122,47.47511224],[19.061607169,47.475138528],[19.061540114,47.475147593],[19.061532067,47.475121305],[19.061599122,47.47511224]]]}},{"type":"Feature","id":334,"properties":{"buildingId":2,"floorId":8,"roomNumber":"326","roomName":"3.326 Előtér","scope":"budapest/lagymanyos/eszaki/3/LK-3-326-04-63","roomCode":"LK-3-326-04-63","roomType":"corridor","__tile":"16/36238/22923","__layer":"rooms","__zoom":16,"__mvtId":334,"__building":"eszaki","__ringVerts":5,"id":334,"catalogFloorId":8},"geometry":{"type":"Polygon","coordinates":[[[19.061610314,47.474971673],[19.061618361,47.474997961],[19.061586174,47.475001587],[19.061578127,47.474976206],[19.061610314,47.474971673]]]}},{"type":"Feature","id":321,"properties":{"buildingId":2,"floorId":8,"roomNumber":"313","roomName":"3.313 Hallgatói labor","scope":"budapest/lagymanyos/eszaki/3/LK-3-313-01-14","roomCode":"LK-3-313-01-14","roomType":"educational","__tile":"16/36238/22923","__layer":"rooms","__zoom":16,"__mvtId":321,"__building":"eszaki","__ringVerts":5,"id":321,"catalogFloorId":8},"geometry":{"type":"Polygon","coordinates":[[[19.061488639,47.475041637],[19.061504732,47.475096027],[19.061437677,47.475105091],[19.061421584,47.475050702],[19.061488639,47.475041637]]]}},{"type":"Feature","id":320,"properties":{"buildingId":2,"floorId":8,"roomNumber":"311","roomName":"3.311 Műszeres labor","scope":"budapest/lagymanyos/eszaki/3/LK-3-311-01-14","roomCode":"LK-3-311-01-14","roomType":"educational","__tile":"16/36238/22923","__layer":"rooms","__zoom":16,"__mvtId":320,"__building":"eszaki","__ringVerts":5,"id":320,"catalogFloorId":8},"geometry":{"type":"Polygon","coordinates":[[[19.061522504,47.474929903],[19.061538597,47.474983386],[19.061472883,47.47499245],[19.061455448,47.474938968],[19.061522504,47.474929903]]]}},{"type":"Feature","id":329,"properties":{"buildingId":2,"floorId":8,"roomNumber":"322","roomName":"3.322 Kémiai labor","scope":"budapest/lagymanyos/eszaki/3/LK-3-322-01-14","roomCode":"LK-3-322-01-14","roomType":"educational","__tile":"16/36238/22923","__layer":"rooms","__zoom":16,"__mvtId":329,"__building":"eszaki","__ringVerts":5,"id":329,"catalogFloorId":8},"geometry":{"type":"Polygon","coordinates":[[[19.061607664,47.475084398],[19.061615711,47.47510978],[19.061548656,47.475119751],[19.061540609,47.475093463],[19.061607664,47.475084398]]]}},{"type":"Feature","id":319,"properties":{"buildingId":2,"floorId":8,"roomNumber":"310","roomName":"3.310 Kutatói mérőszoba","scope":"budapest/lagymanyos/eszaki/3/LK-3-310-01-14","roomCode":"LK-3-310-01-14","roomType":"educational","__tile":"16/36238/22923","__layer":"rooms","__zoom":16,"__mvtId":319,"__building":"eszaki","__ringVerts":5,"id":319,"catalogFloorId":8},"geometry":{"type":"Polygon","coordinates":[[[19.061541259,47.474893979],[19.061549305,47.474920267],[19.061480909,47.474929331],[19.061474203,47.47490395],[19.061541259,47.474893979]]]}},{"type":"Feature","id":317,"properties":{"buildingId":2,"floorId":8,"roomNumber":"308","roomName":"3.308 Kutatói labor","scope":"budapest/lagymanyos/eszaki/3/LK-3-308-01-14","roomCode":"LK-3-308-01-14","roomType":"educational","__tile":"16/36238/22923","__layer":"rooms","__zoom":16,"__mvtId":317,"__building":"eszaki","__ringVerts":5,"id":317,"catalogFloorId":8},"geometry":{"type":"Polygon","coordinates":[[[19.061559734,47.474812138],[19.061575827,47.474866527],[19.061508772,47.474875592],[19.061492679,47.474821203],[19.061559734,47.474812138]]]}},{"type":"Feature","id":308,"properties":{"buildingId":2,"floorId":8,"roomNumber":"300/3","roomName":"3.300/3 Hosszú laborfolyosó","scope":"budapest/lagymanyos/eszaki/3/LK-3-300-3-04-63","roomCode":"LK-3-300/3-04-63","roomType":"corridor","__tile":"16/36238/22923","__layer":"rooms","__zoom":16,"__mvtId":308,"__building":"eszaki","__ringVerts":92,"id":308,"catalogFloorId":8},"geometry":{"type":"Polygon","coordinates":[[[19.061456122,47.474917594],[19.06147758,47.474927565],[19.061478921,47.474933911],[19.061490991,47.474933004],[19.061496355,47.474952041],[19.061485626,47.474953853],[19.061490991,47.474971077],[19.061501719,47.474969264],[19.061505743,47.474980142],[19.061493673,47.474981955],[19.061499037,47.474999178],[19.061511107,47.474997365],[19.061513789,47.475008243],[19.061501719,47.475010056],[19.061507084,47.475027279],[19.061519154,47.475025466],[19.061523177,47.475036344],[19.061511107,47.475038157],[19.061516472,47.47505538],[19.061528541,47.475053567],[19.061531224,47.475064445],[19.061519154,47.475066258],[19.061524518,47.475083481],[19.061536588,47.475081668],[19.06153927,47.475092546],[19.061528541,47.475094359],[19.061533906,47.475111582],[19.061544635,47.475109769],[19.061548658,47.475120647],[19.061536588,47.47512246],[19.061541953,47.475139683],[19.061554022,47.475137871],[19.061556705,47.475148748],[19.061544635,47.475150561],[19.061549999,47.475167785],[19.061562069,47.475165972],[19.061566092,47.475176849],[19.061554022,47.475178662],[19.061559387,47.475195886],[19.061571457,47.475194073],[19.061574139,47.47520495],[19.061562069,47.475206763],[19.061566092,47.475217641],[19.061576821,47.475215828],[19.061579503,47.475223987],[19.061567434,47.4752258],[19.061579503,47.475262059],[19.061590232,47.475260246],[19.061592914,47.475269311],[19.06155134,47.47527475],[19.061549999,47.475266591],[19.061537929,47.475268404],[19.061535247,47.475258433],[19.061545976,47.47525662],[19.061540611,47.47523849],[19.061529883,47.475240303],[19.061525859,47.475230332],[19.061537929,47.475228519],[19.061532565,47.475210389],[19.061520495,47.475212202],[19.061517813,47.475202231],[19.061529883,47.475200418],[19.061524518,47.475182288],[19.061512448,47.475184101],[19.061508425,47.475173223],[19.061520495,47.475172317],[19.06151513,47.475154187],[19.06150306,47.475156],[19.061500378,47.475145122],[19.061512448,47.475144216],[19.061507084,47.475126086],[19.061495014,47.475127899],[19.061492332,47.475117021],[19.06150306,47.475116115],[19.061497696,47.475097985],[19.061486967,47.475099798],[19.061482944,47.47508892],[19.061495014,47.475088014],[19.061489649,47.475069884],[19.06147758,47.475071697],[19.061474897,47.475060819],[19.061486967,47.475059913],[19.061481603,47.475041783],[19.061469533,47.475043596],[19.06146551,47.475032718],[19.06147758,47.475031812],[19.061472215,47.475013682],[19.061460145,47.475015495],[19.061452099,47.474986487],[19.06146551,47.474984674],[19.061445393,47.474931191],[19.061456122,47.474917594]]]}},{"type":"Feature","id":330,"properties":{"buildingId":2,"floorId":8,"roomNumber":"323","roomName":"3.323 Fluorimetria Labor, Optika","scope":"budapest/lagymanyos/eszaki/3/LK-3-323-01-14","roomCode":"LK-3-323-01-14","roomType":"educational","__tile":"16/36238/22923","__layer":"rooms","__zoom":16,"__mvtId":330,"__building":"eszaki","__ringVerts":5,"id":330,"catalogFloorId":8},"geometry":{"type":"Polygon","coordinates":[[[19.061616206,47.475056375],[19.061624253,47.475081757],[19.061557198,47.475091728],[19.061549151,47.47506544],[19.061616206,47.475056375]]]}},{"type":"Feature","id":331,"properties":{"buildingId":2,"floorId":8,"roomNumber":"324","roomName":"3.324 Langmuir labor","scope":"budapest/lagymanyos/eszaki/3/LK-3-324-01-14","roomCode":"LK-3-324-01-14","roomType":"educational","__tile":"16/36238/22923","__layer":"rooms","__zoom":16,"__mvtId":331,"__building":"eszaki","__ringVerts":5,"id":331,"catalogFloorId":8},"geometry":{"type":"Polygon","coordinates":[[[19.061624747,47.475028352],[19.061632794,47.475053734],[19.061565739,47.475063705],[19.061557692,47.475037417],[19.061624747,47.475028352]]]}},{"type":"Feature","id":324,"properties":{"buildingId":2,"floorId":8,"roomNumber":"316","roomName":"3.316 Hallgatói labor","scope":"budapest/lagymanyos/eszaki/3/LK-3-316-01-14","roomCode":"LK-3-316-01-14","roomType":"educational","__tile":"16/36238/22923","__layer":"rooms","__zoom":16,"__mvtId":324,"__building":"eszaki","__ringVerts":5,"id":324,"catalogFloorId":8},"geometry":{"type":"Polygon","coordinates":[[[19.061454037,47.475153333],[19.061470131,47.475207722],[19.061404416,47.475216787],[19.061388323,47.475164211],[19.061454037,47.475153333]]]}},{"type":"Feature","id":326,"properties":{"buildingId":2,"floorId":8,"roomNumber":"319","roomName":"3.319 Hallgatói műszeres labor","scope":"budapest/lagymanyos/eszaki/3/LK-3-319-01-14","roomCode":"LK-3-319-01-14","roomType":"educational","__tile":"16/36238/22923","__layer":"rooms","__zoom":16,"__mvtId":326,"__building":"eszaki","__ringVerts":6,"id":326,"catalogFloorId":8},"geometry":{"type":"Polygon","coordinates":[[[19.061580987,47.475169394],[19.06159708,47.475223784],[19.061530025,47.475232849],[19.061521978,47.475204747],[19.061513932,47.475178459],[19.061580987,47.475169394]]]}},{"type":"Feature","id":327,"properties":{"buildingId":2,"floorId":8,"roomNumber":"320","roomName":"3.320 Hallgatói előkészítő labor","scope":"budapest/lagymanyos/eszaki/3/LK-3-320-01-14","roomCode":"LK-3-320-01-14","roomType":"educational","__tile":"16/36238/22923","__layer":"rooms","__zoom":16,"__mvtId":327,"__building":"eszaki","__ringVerts":5,"id":327,"catalogFloorId":8},"geometry":{"type":"Polygon","coordinates":[[[19.061591118,47.475140263],[19.061599165,47.475166551],[19.061530768,47.475175616],[19.061522722,47.475149328],[19.061591118,47.475140263]]]}},{"type":"Feature","id":712,"properties":{"buildingId":2,"floorId":8,"roomNumber":"3.100/A","roomName":"3.100/A Oktató","scope":"budapest/lagymanyos/eszaki/3/LÉ-3-100-A-01-13","roomCode":"LÉ-3-100/A-01-13","roomType":"educational","__tile":"17/72476/45847","__layer":"rooms","__zoom":17,"__mvtId":712,"__building":"eszaki","__ringVerts":5,"id":712,"catalogFloorId":8},"geometry":{"type":"Polygon","coordinates":[[[19.062165402,47.474366144],[19.062176801,47.474403764],[19.06213858,47.47441011],[19.06212651,47.474371583],[19.062165402,47.474366144]]]}},{"type":"Feature","id":717,"properties":{"buildingId":2,"floorId":8,"roomNumber":"3.103","roomName":"3.103 Teakonyha","scope":"budapest/lagymanyos/eszaki/3/LÉ-3-103-05-77","roomCode":"LÉ-3-103-05-77","roomType":"social","__tile":"17/72476/45847","__layer":"rooms","__zoom":17,"__mvtId":717,"__building":"eszaki","__ringVerts":5,"id":717,"catalogFloorId":8},"geometry":{"type":"Polygon","coordinates":[[[19.062171565,47.474424951],[19.062179611,47.474450786],[19.062151448,47.474455772],[19.062142731,47.47442903],[19.062171565,47.474424951]]]}},{"type":"Feature","id":797,"properties":{"buildingId":2,"floorId":8,"roomNumber":"3.98/A","roomName":"3.98/A Tanszékvezető","scope":"budapest/lagymanyos/eszaki/3/LÉ-3-98-A-01-13","roomCode":"LÉ-3-98/A-01-13","roomType":"educational","__tile":"17/72476/45847","__layer":"rooms","__zoom":17,"__mvtId":797,"__building":"eszaki","__ringVerts":5,"id":797,"catalogFloorId":8},"geometry":{"type":"Polygon","coordinates":[[[19.061999324,47.474343461],[19.062010724,47.474381081],[19.061977196,47.474386974],[19.061965126,47.474348447],[19.061999324,47.474343461]]]}},{"type":"Feature","id":800,"properties":{"buildingId":2,"floorId":8,"roomNumber":"3.99/B","roomName":"3.99/B Oktató","scope":"budapest/lagymanyos/eszaki/3/LÉ-3-99-B-01-13","roomCode":"LÉ-3-99/B-01-13","roomType":"educational","__tile":"17/72476/45847","__layer":"rooms","__zoom":17,"__mvtId":800,"__building":"eszaki","__ringVerts":5,"id":800,"catalogFloorId":8},"geometry":{"type":"Polygon","coordinates":[[[19.062124638,47.474360032],[19.062136708,47.474399012],[19.062093122,47.474403544],[19.062081723,47.474365924],[19.062124638,47.474360032]]]}},{"type":"Feature","id":799,"properties":{"buildingId":2,"floorId":8,"roomNumber":"3.99/A","roomName":"3.99/A Oktató","scope":"budapest/lagymanyos/eszaki/3/LÉ-3-99-A-01-13","roomCode":"LÉ-3-99/A-01-13","roomType":"educational","__tile":"17/72476/45847","__layer":"rooms","__zoom":17,"__mvtId":799,"__building":"eszaki","__ringVerts":5,"id":799,"catalogFloorId":8},"geometry":{"type":"Polygon","coordinates":[[[19.062082201,47.474354468],[19.0620936,47.474392088],[19.062055379,47.474398887],[19.062043309,47.474359907],[19.062082201,47.474354468]]]}},{"type":"Feature","id":804,"properties":{"buildingId":2,"floorId":8,"roomNumber":"3-K5","roomName":"3.K5 Közlekedő Keleti lift előtt","scope":"budapest/lagymanyos/eszaki/3/LÉ-3-K5-04-63","roomCode":"LÉ-3-K5-04-63","roomType":"corridor","__tile":"17/72476/45847","__layer":"rooms","__zoom":17,"__mvtId":804,"__building":"eszaki","__ringVerts":51,"id":804,"catalogFloorId":8},"geometry":{"type":"Polygon","coordinates":[[[19.062386372,47.474406335],[19.062389054,47.474406788],[19.062393078,47.474420386],[19.06238369,47.474422652],[19.062395089,47.474420839],[19.062398442,47.474431717],[19.062387043,47.474433077],[19.062387713,47.474435796],[19.062397101,47.474433077],[19.062399783,47.474442142],[19.062398442,47.474439422],[19.062389054,47.474440782],[19.062407159,47.474499705],[19.062409171,47.474506957],[19.062421241,47.474505597],[19.062423923,47.474516022],[19.062412524,47.474517382],[19.062423252,47.474517382],[19.062427946,47.474532793],[19.062417888,47.474535059],[19.062427946,47.474533699],[19.06243197,47.47454639],[19.062421911,47.47454775],[19.062421911,47.474548657],[19.06243197,47.47454775],[19.062435322,47.474558628],[19.06238436,47.47456588],[19.062383019,47.474561348],[19.062392407,47.474559081],[19.062387713,47.474543218],[19.062380337,47.474517835],[19.062361562,47.474520555],[19.062355527,47.474497892],[19.062351503,47.474498345],[19.062348151,47.47448928],[19.062352844,47.474488827],[19.062350162,47.474481122],[19.062346139,47.474481575],[19.062343457,47.47447251],[19.06234748,47.474472057],[19.062344798,47.474463898],[19.062340775,47.474464805],[19.062338092,47.474455286],[19.062342116,47.474454833],[19.06233541,47.47443353],[19.062354186,47.474431264],[19.062344127,47.474431264],[19.062342116,47.474424465],[19.062351503,47.474423558],[19.062344798,47.474406335],[19.062386372,47.474406335]],[[19.06243264,47.474551829],[19.062424594,47.474553189],[19.062425264,47.474555455],[19.062433311,47.474554549],[19.06243264,47.474551829]]]}},{"type":"Feature","id":810,"properties":{"buildingId":2,"floorId":8,"roomNumber":"3-L5","roomName":"3.L5 Lépcsőház DK","scope":"budapest/lagymanyos/eszaki/3/LÉ-3-L5-04-64","roomCode":"LÉ-3-L5-04-64","roomType":"corridor","__tile":"17/72476/45847","__layer":"rooms","__zoom":17,"__mvtId":810,"__building":"eszaki","__ringVerts":6,"id":810,"catalogFloorId":8},"geometry":{"type":"Polygon","coordinates":[[[19.062452817,47.47413483],[19.062460193,47.474158399],[19.062393808,47.474167464],[19.062382409,47.474169277],[19.062375033,47.474145708],[19.062452817,47.47413483]]]}},{"type":"Feature","id":756,"properties":{"buildingId":2,"floorId":8,"roomNumber":"3.134","roomName":"3.134 Spektroszkópia laboratórium","scope":"budapest/lagymanyos/eszaki/3/LÉ-3-134-01-14","roomCode":"LÉ-3-134-01-14","roomType":"educational","__tile":"17/72476/45847","__layer":"rooms","__zoom":17,"__mvtId":756,"__building":"eszaki","__ringVerts":9,"id":756,"catalogFloorId":8},"geometry":{"type":"Polygon","coordinates":[[[19.062530121,47.4743541],[19.062546885,47.474409397],[19.062471783,47.474419822],[19.062460384,47.474383562],[19.062450325,47.474384921],[19.062446302,47.47437223],[19.06245636,47.474370871],[19.062454349,47.474364525],[19.062530121,47.4743541]]]}},{"type":"Feature","id":764,"properties":{"buildingId":2,"floorId":8,"roomNumber":"3.142","roomName":"3.142 Sejt tenyésztő hidegszoba, Előkészítő, hidegszoba","scope":"budapest/lagymanyos/eszaki/3/LÉ-3-142-01-14","roomCode":"LÉ-3-142-01-14","roomType":"educational","__tile":"17/72476/45847","__layer":"rooms","__zoom":17,"__mvtId":764,"__building":"eszaki","__ringVerts":17,"id":764,"catalogFloorId":8},"geometry":{"type":"Polygon","coordinates":[[[19.06242207,47.474168109],[19.062440845,47.47416539],[19.062448892,47.474192131],[19.062373119,47.474202556],[19.062365073,47.474176721],[19.062382507,47.474173548],[19.062416705,47.474169016],[19.062391224,47.474172642],[19.062395918,47.474188959],[19.062427434,47.474184426],[19.062426093,47.4741808],[19.062426093,47.474183973],[19.062396589,47.474188052],[19.062392565,47.474173095],[19.062421399,47.474169016],[19.062423411,47.474171735],[19.06242207,47.474168109]]]}},{"type":"Feature","id":754,"properties":{"buildingId":2,"floorId":8,"roomNumber":"3.132","roomName":"3.132 Doktorandusz","scope":"budapest/lagymanyos/eszaki/3/LÉ-3-132-01-13","roomCode":"LÉ-3-132-01-13","roomType":"educational","__tile":"17/72476/45847","__layer":"rooms","__zoom":17,"__mvtId":754,"__building":"eszaki","__ringVerts":5,"id":754,"catalogFloorId":8},"geometry":{"type":"Polygon","coordinates":[[[19.062493237,47.474412521],[19.062510001,47.474469631],[19.062462392,47.47447643],[19.062444958,47.47441932],[19.062493237,47.474412521]]]}},{"type":"Feature","id":758,"properties":{"buildingId":2,"floorId":8,"roomNumber":"3.136","roomName":"3.136 Laser II. laboratórium","scope":"budapest/lagymanyos/eszaki/3/LÉ-3-136-01-14","roomCode":"LÉ-3-136-01-14","roomType":"educational","__tile":"17/72476/45847","__layer":"rooms","__zoom":17,"__mvtId":758,"__building":"eszaki","__ringVerts":5,"id":758,"catalogFloorId":8},"geometry":{"type":"Polygon","coordinates":[[[19.062541289,47.474265327],[19.062547324,47.474292975],[19.062474234,47.474302947],[19.062466188,47.474276205],[19.062541289,47.474265327]]]}},{"type":"Feature","id":757,"properties":{"buildingId":2,"floorId":8,"roomNumber":"3.135","roomName":"3.135 Laser I. laboratórium","scope":"budapest/lagymanyos/eszaki/3/LÉ-3-135-01-14","roomCode":"LÉ-3-135-01-14","roomType":"educational","__tile":"17/72476/45847","__layer":"rooms","__zoom":17,"__mvtId":757,"__building":"eszaki","__ringVerts":9,"id":757,"catalogFloorId":8},"geometry":{"type":"Polygon","coordinates":[[[19.06254704,47.474297813],[19.062564474,47.47435311],[19.062488702,47.474363535],[19.062475961,47.474327274],[19.062467914,47.474328634],[19.062463891,47.474315943],[19.062473949,47.474314583],[19.062471938,47.474308691],[19.06254704,47.474297813]]]}},{"type":"Feature","id":783,"properties":{"buildingId":2,"floorId":8,"roomNumber":"3.83","roomName":"3.83 Oktató","scope":"budapest/lagymanyos/eszaki/3/LÉ-3-83-01-13","roomCode":"LÉ-3-83-01-13","roomType":"educational","__tile":"17/72476/45847","__layer":"rooms","__zoom":17,"__mvtId":783,"__building":"eszaki","__ringVerts":7,"id":783,"catalogFloorId":8},"geometry":{"type":"Polygon","coordinates":[[[19.062353842,47.474039813],[19.062370606,47.47409511],[19.062331043,47.474101909],[19.062329031,47.474096016],[19.062314279,47.474047972],[19.062316962,47.474045252],[19.062353842,47.474039813]]]}},{"type":"Feature","id":363,"properties":{"buildingId":2,"floorId":8,"roomNumber":"361","roomName":"3.361 Titkárság","scope":"budapest/lagymanyos/eszaki/3/LK-3-361-02-33","roomCode":"LK-3-361-02-33","roomType":"administrative","__tile":"16/36238/22923","__layer":"rooms","__zoom":16,"__mvtId":363,"__building":"eszaki","__ringVerts":5,"id":363,"catalogFloorId":8},"geometry":{"type":"Polygon","coordinates":[[[19.061931374,47.47474777],[19.061940762,47.474780403],[19.061907234,47.474784935],[19.061897846,47.474752302],[19.061931374,47.47474777]]]}},{"type":"Feature","id":361,"properties":{"buildingId":2,"floorId":8,"roomNumber":"359","roomName":"3.359 Titkárság","scope":"budapest/lagymanyos/eszaki/3/LK-3-359-02-33","roomCode":"LK-3-359-02-33","roomType":"administrative","__tile":"16/36238/22923","__layer":"rooms","__zoom":16,"__mvtId":361,"__building":"eszaki","__ringVerts":5,"id":361,"catalogFloorId":8},"geometry":{"type":"Polygon","coordinates":[[[19.062001068,47.474757803],[19.062010455,47.47478953],[19.061978269,47.474794063],[19.061968881,47.474762336],[19.062001068,47.474757803]]]}},{"type":"Feature","id":340,"properties":{"buildingId":2,"floorId":8,"roomNumber":"335, 364","roomName":"3.335 Teakonyha","scope":"budapest/lagymanyos/eszaki/3/LK-3-335-05-77","roomCode":"LK-3-335-05-77","roomType":"social","__tile":"16/36238/22923","__layer":"rooms","__zoom":16,"__mvtId":340,"__building":"eszaki","__ringVerts":5,"id":340,"catalogFloorId":8},"geometry":{"type":"Polygon","coordinates":[[[19.061826272,47.474732949],[19.06183566,47.474765583],[19.061798109,47.474770115],[19.061788721,47.474738388],[19.061826272,47.474732949]]]}},{"type":"Feature","id":745,"properties":{"buildingId":2,"floorId":8,"roomNumber":"3.121","roomName":"3.121 Anyagkiadó laboratórium","scope":"budapest/lagymanyos/eszaki/3/LÉ-3-121-01-14","roomCode":"LÉ-3-121-01-14","roomType":"educational","__tile":"16/36238/22923","__layer":"rooms","__zoom":16,"__mvtId":745,"__building":"eszaki","__ringVerts":5,"id":745,"catalogFloorId":8},"geometry":{"type":"Polygon","coordinates":[[[19.062255301,47.474757717],[19.062263348,47.474784005],[19.062184223,47.474793069],[19.062182882,47.474767688],[19.062255301,47.474757717]]]}},{"type":"Feature","id":803,"properties":{"buildingId":2,"floorId":8,"roomNumber":"3-K4","roomName":"3.K4 Közlekedő (Keleti lifttől É-i)","scope":"budapest/lagymanyos/eszaki/3/LÉ-3-K4-04-63","roomCode":"LÉ-3-K4-04-63","roomType":"corridor","__tile":"16/36238/22923","__layer":"rooms","__zoom":16,"__mvtId":803,"__building":"eszaki","__ringVerts":111,"id":803,"catalogFloorId":8},"geometry":{"type":"Polygon","coordinates":[[[19.062365632,47.474865869],[19.062337468,47.474870401],[19.062322716,47.474869495],[19.062321375,47.474864056],[19.062332104,47.47486315],[19.062320034,47.474861337],[19.062316011,47.474850459],[19.062328081,47.474849552],[19.062317352,47.474849552],[19.062311987,47.474834142],[19.062322716,47.474831423],[19.062310646,47.474833236],[19.062307964,47.474822358],[19.062318693,47.474821452],[19.062317352,47.474817826],[19.062307964,47.474818732],[19.062303941,47.474807854],[19.06231467,47.474806042],[19.062310646,47.474793351],[19.062299917,47.474793351],[19.062295894,47.474777941],[19.062305282,47.474775221],[19.062293212,47.474777034],[19.06229053,47.474766156],[19.062298576,47.474762531],[19.06229053,47.474762531],[19.062289189,47.474756185],[19.062287847,47.474751653],[19.062297235,47.474750746],[19.062293212,47.474735336],[19.062282483,47.474737149],[19.062283824,47.474706329],[19.062273095,47.474706329],[19.062270413,47.474695451],[19.062265049,47.474681854],[19.062275778,47.474679134],[19.062265049,47.474680947],[19.062261025,47.474665537],[19.062269072,47.474664631],[19.062259684,47.474664631],[19.062257002,47.474653753],[19.062267731,47.474652846],[19.062257002,47.474650127],[19.062255661,47.474645595],[19.062265049,47.474643782],[19.062248955,47.47462112],[19.062257002,47.474619307],[19.06223018,47.474532284],[19.062262366,47.474527752],[19.062267731,47.474547694],[19.06227846,47.474545881],[19.062282483,47.474559479],[19.062273095,47.474564011],[19.062285165,47.474562198],[19.062286506,47.474575795],[19.062287847,47.474575795],[19.06229053,47.474586673],[19.062281142,47.474589393],[19.062285165,47.474603896],[19.062294553,47.474602083],[19.062299917,47.474617494],[19.06229053,47.47462112],[19.062294553,47.474632904],[19.062303941,47.474631997],[19.062305282,47.47463653],[19.062307964,47.474642875],[19.062299917,47.474644688],[19.062310646,47.474646501],[19.062313328,47.474657379],[19.062301259,47.474658285],[19.062311987,47.474658285],[19.062317352,47.474673695],[19.062307964,47.474677321],[19.062311987,47.474690012],[19.062321375,47.474688199],[19.062325398,47.474699983],[19.06231467,47.474701796],[19.062318693,47.4747163],[19.062329422,47.474714487],[19.062330763,47.474719926],[19.062334786,47.474729897],[19.062324057,47.474732617],[19.062336127,47.474730804],[19.062338809,47.474744401],[19.062330763,47.474745307],[19.062338809,47.474745307],[19.062340151,47.474751653],[19.062341492,47.474756185],[19.062333445,47.474757092],[19.062332104,47.474757998],[19.062344174,47.474757998],[19.062346856,47.474769782],[19.062336127,47.474770689],[19.062346856,47.474770689],[19.062350879,47.474786099],[19.062342833,47.474791538],[19.062345515,47.474801509],[19.062356244,47.474801509],[19.062357585,47.474807854],[19.062358926,47.474812387],[19.062349538,47.474813293],[19.062352221,47.474824171],[19.062353562,47.474828703],[19.06236429,47.474826891],[19.062368314,47.474842301],[19.062358926,47.47484502],[19.062370996,47.474843207],[19.062373678,47.474854085],[19.062361608,47.474854991],[19.062373678,47.47486043],[19.062365632,47.474865869]],[[19.062356244,47.474805135],[19.062348197,47.474806042],[19.062349538,47.474808761],[19.062357585,47.474807854],[19.062356244,47.474805135]],[[19.062297235,47.474755279],[19.062289189,47.474756185],[19.06229053,47.474758905],[19.062298576,47.474757998],[19.062297235,47.474755279]],[[19.062338809,47.474748933],[19.062330763,47.47474984],[19.062332104,47.474752559],[19.062340151,47.474751653],[19.062338809,47.474748933]],[[19.06231467,47.47481148],[19.062306623,47.474812387],[19.062307964,47.474815106],[19.06231467,47.4748142],[19.06231467,47.47481148]],[[19.062305282,47.47463653],[19.062297235,47.474637436],[19.062297235,47.474640156],[19.062305282,47.474639249],[19.062305282,47.47463653]],[[19.062299917,47.474761624],[19.062299917,47.47476525],[19.062301259,47.47476525],[19.062301259,47.474762531],[19.062299917,47.474761624]],[[19.062279801,47.474699077],[19.062273095,47.474699983],[19.062273095,47.474702703],[19.062281142,47.474701796],[19.062279801,47.474699077]],[[19.062321375,47.474692732],[19.06231467,47.474693638],[19.06231467,47.474696357],[19.062322716,47.474695451],[19.062321375,47.474692732]],[[19.062328081,47.474745307],[19.062330763,47.474745307],[19.062329422,47.474742588],[19.062328081,47.474742588],[19.062328081,47.474745307]],[[19.062281142,47.474583954],[19.062287847,47.474583047],[19.062287847,47.474581234],[19.062279801,47.474581234],[19.062281142,47.474583954]],[[19.06227846,47.474694545],[19.062279801,47.474693638],[19.062279801,47.474690919],[19.062277119,47.474690919],[19.06227846,47.474694545]],[[19.062297235,47.474644688],[19.062298576,47.474648314],[19.062299917,47.474647408],[19.062299917,47.474645595],[19.062297235,47.474644688]],[[19.062269072,47.474664631],[19.062270413,47.474663724],[19.062270413,47.474662818],[19.062269072,47.474662818],[19.062269072,47.474664631]]]}},{"type":"Feature","id":751,"properties":{"buildingId":2,"floorId":8,"roomNumber":"3.129","roomName":"3.129 Műszeres hallgatói laboratórium","scope":"budapest/lagymanyos/eszaki/3/LÉ-3-129-01-14","roomCode":"LÉ-3-129-01-14","roomType":"educational","__tile":"16/36238/22923","__layer":"rooms","__zoom":16,"__mvtId":751,"__building":"eszaki","__ringVerts":10,"id":751,"catalogFloorId":8},"geometry":{"type":"Polygon","coordinates":[[[19.062453556,47.474585113],[19.06245758,47.474589646],[19.062470991,47.474640409],[19.06239723,47.47465038],[19.062386501,47.474614121],[19.062375772,47.474615027],[19.062371749,47.474602336],[19.062382478,47.47460143],[19.062379796,47.474595085],[19.062453556,47.474585113]]]}},{"type":"Feature","id":62,"properties":{"buildingId":2,"floorId":8,"roomNumber":"3.123","roomName":"3.123-3.124 Számítógépes Tanterem","scope":"budapest/lagymanyos/eszaki/3/LÉ-3-123-01-12","roomCode":"LÉ-3-123-01-12","roomType":"educational","__tile":"16/36238/22923","__layer":"rooms","__zoom":16,"__mvtId":62,"__building":"eszaki","__ringVerts":5,"id":62,"catalogFloorId":8},"geometry":{"type":"Polygon","coordinates":[[[19.06223389,47.474846],[19.062249984,47.474899483],[19.062181587,47.474911267],[19.062164153,47.474855065],[19.06223389,47.474846]]]}},{"type":"Feature","id":744,"properties":{"buildingId":2,"floorId":8,"roomNumber":"3.118","roomName":"3.118-120 Hallgatói laboratórium II.","scope":"budapest/lagymanyos/eszaki/3/LÉ-3-118-01-14","roomCode":"LÉ-3-118-01-14","roomType":"educational","__tile":"16/36238/22923","__layer":"rooms","__zoom":16,"__mvtId":744,"__building":"eszaki","__ringVerts":12,"id":744,"catalogFloorId":8},"geometry":{"type":"Polygon","coordinates":[[[19.062300293,47.474594536],[19.062302975,47.474601787],[19.062313704,47.474602694],[19.062316386,47.474614478],[19.062306999,47.474616291],[19.062317727,47.474649831],[19.062238602,47.474658896],[19.062230556,47.474636234],[19.062237261,47.474635327],[19.062222509,47.474608133],[19.062227873,47.474604507],[19.062300293,47.474594536]]]}},{"type":"Feature","id":749,"properties":{"buildingId":2,"floorId":8,"roomNumber":"3.127","roomName":"3.127 Előkészítő laboratórium","scope":"budapest/lagymanyos/eszaki/3/LÉ-3-127-01-14","roomCode":"LÉ-3-127-01-14","roomType":"educational","__tile":"16/36238/22923","__layer":"rooms","__zoom":16,"__mvtId":749,"__building":"eszaki","__ringVerts":6,"id":749,"catalogFloorId":8},"geometry":{"type":"Polygon","coordinates":[[[19.062405583,47.474693051],[19.062409606,47.474697584],[19.06241363,47.474719339],[19.062339869,47.474730217],[19.062331822,47.474703022],[19.062405583,47.474693051]]]}},{"type":"Feature","id":357,"properties":{"buildingId":2,"floorId":8,"roomNumber":"355","roomName":"3.355 Oktató","scope":"budapest/lagymanyos/eszaki/3/LK-3-355-01-13","roomCode":"LK-3-355-01-13","roomType":"educational","__tile":"16/36238/22923","__layer":"rooms","__zoom":16,"__mvtId":357,"__building":"eszaki","__ringVerts":5,"id":357,"catalogFloorId":8},"geometry":{"type":"Polygon","coordinates":[[[19.062090524,47.474834046],[19.062105276,47.474885715],[19.062063702,47.474891154],[19.062047609,47.474839485],[19.062090524,47.474834046]]]}},{"type":"Feature","id":791,"properties":{"buildingId":2,"floorId":8,"roomNumber":"3.91","roomName":"3.91 MTA kutatócsoport","scope":"budapest/lagymanyos/eszaki/3/LÉ-3-91-01-13","roomCode":"LÉ-3-91-01-13","roomType":"educational","__tile":"17/72476/45847","__layer":"rooms","__zoom":17,"__mvtId":791,"__building":"eszaki","__ringVerts":5,"id":791,"catalogFloorId":8},"geometry":{"type":"Polygon","coordinates":[[[19.062026275,47.474106879],[19.062034322,47.474133167],[19.061958549,47.474141779],[19.061951173,47.47411685],[19.062026275,47.474106879]]]}},{"type":"Feature","id":794,"properties":{"buildingId":2,"floorId":8,"roomNumber":"3.94","roomName":"3.94 Biológia hidrodinamika laboratórium","scope":"budapest/lagymanyos/eszaki/3/LÉ-3-94-01-14","roomCode":"LÉ-3-94-01-14","roomType":"educational","__tile":"17/72476/45847","__layer":"rooms","__zoom":17,"__mvtId":794,"__building":"eszaki","__ringVerts":10,"id":794,"catalogFloorId":8},"geometry":{"type":"Polygon","coordinates":[[[19.062005635,47.474206722],[19.062022399,47.474262019],[19.061946626,47.474271537],[19.061945285,47.474266551],[19.061935227,47.474267911],[19.061932545,47.474260206],[19.061931204,47.47425522],[19.061941262,47.47425386],[19.061930533,47.4742176],[19.062005635,47.474206722]]]}},{"type":"Feature","id":795,"properties":{"buildingId":2,"floorId":8,"roomNumber":"3.95","roomName":"3.95 Oktató","scope":"budapest/lagymanyos/eszaki/3/LÉ-3-95-01-13","roomCode":"LÉ-3-95-01-13","roomType":"educational","__tile":"17/72476/45847","__layer":"rooms","__zoom":17,"__mvtId":795,"__building":"eszaki","__ringVerts":6,"id":795,"catalogFloorId":8},"geometry":{"type":"Polygon","coordinates":[[[19.061980915,47.474274152],[19.061991644,47.474300894],[19.061915871,47.474311319],[19.061910507,47.474292735],[19.061907825,47.474284577],[19.061980915,47.474274152]]]}},{"type":"Feature","id":776,"properties":{"buildingId":2,"floorId":8,"roomNumber":"3.76","roomName":"3.76 Titkárság","scope":"budapest/lagymanyos/eszaki/3/LÉ-3-76-02-33","roomCode":"LÉ-3-76-02-33","roomType":"administrative","__tile":"17/72476/45847","__layer":"rooms","__zoom":17,"__mvtId":776,"__building":"eszaki","__ringVerts":9,"id":776,"catalogFloorId":8},"geometry":{"type":"Polygon","coordinates":[[[19.06205846,47.474002782],[19.062065836,47.474010941],[19.062078576,47.474058985],[19.062039684,47.474063971],[19.062037002,47.474058079],[19.062022921,47.474013207],[19.062036332,47.474011394],[19.06203499,47.474005955],[19.06205846,47.474002782]]]}},{"type":"Feature","id":778,"properties":{"buildingId":2,"floorId":8,"roomNumber":"3.78","roomName":"3.78 Oktató","scope":"budapest/lagymanyos/eszaki/3/LÉ-3-78-01-13","roomCode":"LÉ-3-78-01-13","roomType":"educational","__tile":"17/72476/45847","__layer":"rooms","__zoom":17,"__mvtId":778,"__building":"eszaki","__ringVerts":7,"id":778,"catalogFloorId":8},"geometry":{"type":"Polygon","coordinates":[[[19.0621382,47.474011746],[19.062141553,47.474014012],[19.062158317,47.474067949],[19.062119425,47.474073388],[19.062116072,47.474067042],[19.06210132,47.474017185],[19.0621382,47.474011746]]]}},{"type":"Feature","id":342,"properties":{"buildingId":2,"floorId":8,"roomNumber":"337","roomName":"3.337 HPLC labor","scope":"budapest/lagymanyos/eszaki/3/LK-3-337-01-14","roomCode":"LK-3-337-01-14","roomType":"educational","__tile":"16/36238/22923","__layer":"rooms","__zoom":16,"__mvtId":342,"__building":"eszaki","__ringVerts":5,"id":342,"catalogFloorId":8},"geometry":{"type":"Polygon","coordinates":[[[19.061848871,47.474671963],[19.061856918,47.474698251],[19.061789863,47.474708222],[19.061781816,47.474681027],[19.061848871,47.474671963]]]}},{"type":"Feature","id":360,"properties":{"buildingId":2,"floorId":8,"roomNumber":"358","roomName":"3.358 Oktató","scope":"budapest/lagymanyos/eszaki/3/LK-3-358-01-13","roomCode":"LK-3-358-01-13","roomType":"educational","__tile":"16/36238/22923","__layer":"rooms","__zoom":16,"__mvtId":360,"__building":"eszaki","__ringVerts":5,"id":360,"catalogFloorId":8},"geometry":{"type":"Polygon","coordinates":[[[19.062036008,47.474762185],[19.062045396,47.474794818],[19.062011868,47.47479935],[19.06200248,47.474766717],[19.062036008,47.474762185]]]}},{"type":"Feature","id":362,"properties":{"buildingId":2,"floorId":8,"roomNumber":"360","roomName":"3.360 Oktató","scope":"budapest/lagymanyos/eszaki/3/LK-3-360-01-13","roomCode":"LK-3-360-01-13","roomType":"educational","__tile":"16/36238/22923","__layer":"rooms","__zoom":16,"__mvtId":362,"__building":"eszaki","__ringVerts":5,"id":362,"catalogFloorId":8},"geometry":{"type":"Polygon","coordinates":[[[19.061965156,47.474752533],[19.061975885,47.474785166],[19.061942358,47.474789698],[19.06193297,47.474757065],[19.061965156,47.474752533]]]}},{"type":"Feature","id":364,"properties":{"buildingId":2,"floorId":8,"roomNumber":"362","roomName":"3.362 Iroda","scope":"budapest/lagymanyos/eszaki/3/LK-3-362-02-33","roomCode":"LK-3-362-02-33","roomType":"administrative","__tile":"16/36238/22923","__layer":"rooms","__zoom":16,"__mvtId":364,"__building":"eszaki","__ringVerts":5,"id":364,"catalogFloorId":8},"geometry":{"type":"Polygon","coordinates":[[[19.061896571,47.47474334],[19.061905959,47.474775067],[19.061872431,47.4747796],[19.061863043,47.474747873],[19.061896571,47.47474334]]]}},{"type":"Feature","id":798,"properties":{"buildingId":2,"floorId":8,"roomNumber":"3.98/B","roomName":"3.98/B Titkárság","scope":"budapest/lagymanyos/eszaki/3/LÉ-3-98-B-02-33","roomCode":"LÉ-3-98/B-02-33","roomType":"administrative","__tile":"17/72476/45847","__layer":"rooms","__zoom":17,"__mvtId":798,"__building":"eszaki","__ringVerts":5,"id":798,"catalogFloorId":8},"geometry":{"type":"Polygon","coordinates":[[[19.062041454,47.474348449],[19.062053524,47.474387429],[19.062009938,47.474391961],[19.061998539,47.474354341],[19.062041454,47.474348449]]]}},{"type":"Feature","id":790,"properties":{"buildingId":2,"floorId":8,"roomNumber":"3.90","roomName":"3.90 MTA kutatócsoport","scope":"budapest/lagymanyos/eszaki/3/LÉ-3-90-01-13","roomCode":"LÉ-3-90-01-13","roomType":"educational","__tile":"17/72476/45847","__layer":"rooms","__zoom":17,"__mvtId":790,"__building":"eszaki","__ringVerts":8,"id":790,"catalogFloorId":8},"geometry":{"type":"Polygon","coordinates":[[[19.062130259,47.474070953],[19.062141659,47.47410812],[19.062073933,47.474118545],[19.062072592,47.474115372],[19.062071921,47.474112199],[19.06205851,47.474114012],[19.062049122,47.474082285],[19.062130259,47.474070953]]]}},{"type":"Feature","id":801,"properties":{"buildingId":2,"floorId":8,"roomNumber":"3-K11","roomName":"3.K11 Közlekedő(közép)","scope":"budapest/lagymanyos/eszaki/3/LÉ-3-K11-04-63","roomCode":"LÉ-3-K11-04-63","roomType":"corridor","__tile":"17/72476/45847","__layer":"rooms","__zoom":17,"__mvtId":801,"__building":"eszaki","__ringVerts":11,"id":801,"catalogFloorId":8},"geometry":{"type":"Polygon","coordinates":[[[19.062267699,47.474391504],[19.062272393,47.474407368],[19.061800994,47.474472637],[19.061796301,47.474457226],[19.062118166,47.474411447],[19.062114813,47.474406008],[19.062199302,47.474394224],[19.062199302,47.474401023],[19.062226795,47.474394677],[19.062227466,47.474397397],[19.062267699,47.474391504]],[[19.062140294,47.474408275],[19.062138953,47.474408728],[19.062138953,47.474409634],[19.062140294,47.474409181],[19.062140294,47.474408275]],[[19.062149682,47.474407821],[19.062151023,47.474407821],[19.062151023,47.474406915],[19.062149682,47.474406915],[19.062149682,47.474407821]],[[19.06217248,47.474403742],[19.06217181,47.474404195],[19.06217181,47.474405102],[19.062173151,47.474404649],[19.06217248,47.474403742]]]}},{"type":"Feature","id":719,"properties":{"buildingId":2,"floorId":8,"roomNumber":"3.105/A","roomName":"3.105/A öltöző WC","scope":"budapest/lagymanyos/eszaki/3/LÉ-3-105-A-05-73","roomCode":"LÉ-3-105/A-05-73","roomType":"social","__tile":"17/72476/45847","__layer":"rooms","__zoom":17,"__mvtId":719,"__building":"eszaki","__ringVerts":9,"id":719,"catalogFloorId":8},"geometry":{"type":"Polygon","coordinates":[[[19.062056267,47.474409482],[19.062064314,47.474435317],[19.062046879,47.474438037],[19.062038833,47.474423533],[19.062038162,47.474420813],[19.062048891,47.474419453],[19.062040174,47.474419453],[19.062038162,47.474411748],[19.062056267,47.474409482]]]}},{"type":"Feature","id":715,"properties":{"buildingId":2,"floorId":8,"roomNumber":"3.101/B","roomName":"3.101/B Oktató","scope":"budapest/lagymanyos/eszaki/3/LÉ-3-101-B-01-13","roomCode":"LÉ-3-101/B-01-13","roomType":"educational","__tile":"17/72476/45847","__layer":"rooms","__zoom":17,"__mvtId":715,"__building":"eszaki","__ringVerts":5,"id":715,"catalogFloorId":8},"geometry":{"type":"Polygon","coordinates":[[[19.062287226,47.474383084],[19.062298625,47.474422064],[19.062260404,47.474426143],[19.062248334,47.474388523],[19.062287226,47.474383084]]]}},{"type":"Feature","id":713,"properties":{"buildingId":2,"floorId":8,"roomNumber":"3.100/B","roomName":"3.100/B Oktató","scope":"budapest/lagymanyos/eszaki/3/LÉ-3-100-B-01-13","roomCode":"LÉ-3-100/B-01-13","roomType":"educational","__tile":"17/72476/45847","__layer":"rooms","__zoom":17,"__mvtId":713,"__building":"eszaki","__ringVerts":5,"id":713,"catalogFloorId":8},"geometry":{"type":"Polygon","coordinates":[[[19.062207839,47.474371708],[19.062219909,47.474410234],[19.062176323,47.47441522],[19.062164924,47.4743776],[19.062207839,47.474371708]]]}},{"type":"Feature","id":720,"properties":{"buildingId":2,"floorId":8,"roomNumber":"3.105/B","roomName":"3.105/B Női öltöző","scope":"budapest/lagymanyos/eszaki/3/LÉ-3-105-B-05-71","roomCode":"LÉ-3-105/B-05-71","roomType":"social","__tile":"17/72476/45847","__layer":"rooms","__zoom":17,"__mvtId":720,"__building":"eszaki","__ringVerts":6,"id":720,"catalogFloorId":8},"geometry":{"type":"Polygon","coordinates":[[[19.06209837,47.474412161],[19.062106416,47.47443845],[19.062063501,47.474444342],[19.062058807,47.474429385],[19.062055454,47.474418054],[19.06209837,47.474412161]]]}},{"type":"Feature","id":721,"properties":{"buildingId":2,"floorId":8,"roomNumber":"3.105/C","roomName":"3.105/C öltöző zuhanyozó","scope":"budapest/lagymanyos/eszaki/3/LÉ-3-105-C-05-73","roomCode":"LÉ-3-105/C-05-73","roomType":"social","__tile":"17/72476/45847","__layer":"rooms","__zoom":17,"__mvtId":721,"__building":"eszaki","__ringVerts":7,"id":721,"catalogFloorId":8},"geometry":{"type":"Polygon","coordinates":[[[19.062110521,47.474421661],[19.062113204,47.47442982],[19.062118568,47.474429367],[19.062121921,47.474443871],[19.062105157,47.474446137],[19.062098452,47.474423474],[19.062110521,47.474421661]]]}},{"type":"Feature","id":727,"properties":{"buildingId":2,"floorId":8,"roomNumber":"3.109/A","roomName":"3.109/A öltöző WC","scope":"budapest/lagymanyos/eszaki/3/LÉ-3-109-A-05-71","roomCode":"LÉ-3-109/A-05-71","roomType":"social","__tile":"17/72476/45847","__layer":"rooms","__zoom":17,"__mvtId":727,"__building":"eszaki","__ringVerts":7,"id":727,"catalogFloorId":8},"geometry":{"type":"Polygon","coordinates":[[[19.062107,47.474445221],[19.062111023,47.474459272],[19.062105659,47.474460178],[19.062108341,47.474468337],[19.062095601,47.47447015],[19.062088895,47.474447487],[19.062107,47.474445221]]]}},{"type":"Feature","id":726,"properties":{"buildingId":2,"floorId":8,"roomNumber":"3.108","roomName":"3.108 Mozgáskorlátozott WC","scope":"budapest/lagymanyos/eszaki/3/LÉ-3-108-05-71","roomCode":"LÉ-3-108-05-71","roomType":"social","__tile":"17/72476/45847","__layer":"rooms","__zoom":17,"__mvtId":726,"__building":"eszaki","__ringVerts":5,"id":726,"catalogFloorId":8},"geometry":{"type":"Polygon","coordinates":[[[19.06213374,47.474448703],[19.062141116,47.474474991],[19.062116976,47.474478164],[19.062108929,47.474452329],[19.06213374,47.474448703]]]}},{"type":"Feature","id":716,"properties":{"buildingId":2,"floorId":8,"roomNumber":"3.102","roomName":"3.102 Lift előtér","scope":"budapest/lagymanyos/eszaki/3/LÉ-3-102-04-63","roomCode":"LÉ-3-102-04-63","roomType":"corridor","__tile":"17/72476/45847","__layer":"rooms","__zoom":17,"__mvtId":716,"__building":"eszaki","__ringVerts":8,"id":716,"catalogFloorId":8},"geometry":{"type":"Polygon","coordinates":[[[19.062315686,47.474444033],[19.062321721,47.474468509],[19.06229691,47.474472135],[19.062294228,47.474463523],[19.062304957,47.47446171],[19.062293558,47.47446171],[19.062289534,47.474447659],[19.062315686,47.474444033]]]}},{"type":"Feature","id":738,"properties":{"buildingId":2,"floorId":8,"roomNumber":"30113","roomName":"3.113 Oktató","scope":"budapest/lagymanyos/eszaki/3/LÉ-3-113-01-13","roomCode":"LÉ-3-113-01-13","roomType":"educational","__tile":"17/72476/45847","__layer":"rooms","__zoom":17,"__mvtId":738,"__building":"eszaki","__ringVerts":6,"id":738,"catalogFloorId":8},"geometry":{"type":"Polygon","coordinates":[[[19.062046697,47.474483953],[19.062059437,47.474525199],[19.062020545,47.474530638],[19.062008475,47.474492112],[19.062011157,47.474488939],[19.062046697,47.474483953]]]}},{"type":"Feature","id":787,"properties":{"buildingId":2,"floorId":8,"roomNumber":"3.87","roomName":"3.87 Doktorandusz","scope":"budapest/lagymanyos/eszaki/3/LÉ-3-87-01-13","roomCode":"LÉ-3-87-01-13","roomType":"educational","__tile":"17/72476/45847","__layer":"rooms","__zoom":17,"__mvtId":787,"__building":"eszaki","__ringVerts":7,"id":787,"catalogFloorId":8},"geometry":{"type":"Polygon","coordinates":[[[19.062377388,47.47410601],[19.062388787,47.474143177],[19.062321732,47.474153602],[19.062307651,47.474154508],[19.06230698,47.474152242],[19.062296251,47.474117341],[19.062377388,47.47410601]]]}},{"type":"Feature","id":784,"properties":{"buildingId":2,"floorId":8,"roomNumber":"3.84","roomName":"3.84 Oktató","scope":"budapest/lagymanyos/eszaki/3/LÉ-3-84-01-13","roomCode":"LÉ-3-84-01-13","roomType":"educational","__tile":"17/72476/45847","__layer":"rooms","__zoom":17,"__mvtId":784,"__building":"eszaki","__ringVerts":7,"id":784,"catalogFloorId":8},"geometry":{"type":"Polygon","coordinates":[[[19.062387577,47.474046759],[19.0623916,47.474048572],[19.062407693,47.474102509],[19.062368801,47.474107948],[19.062366119,47.474102055],[19.062350696,47.474051744],[19.062387577,47.474046759]]]}},{"type":"Feature","id":788,"properties":{"buildingId":2,"floorId":8,"roomNumber":"3.88","roomName":"3.88 Oktató","scope":"budapest/lagymanyos/eszaki/3/LÉ-3-88-01-13","roomCode":"LÉ-3-88-01-13","roomType":"educational","__tile":"17/72476/45847","__layer":"rooms","__zoom":17,"__mvtId":788,"__building":"eszaki","__ringVerts":7,"id":788,"catalogFloorId":8},"geometry":{"type":"Polygon","coordinates":[[[19.062294821,47.474094525],[19.062306221,47.474131238],[19.062238495,47.474142116],[19.062224413,47.474143023],[19.062223743,47.474140757],[19.062213014,47.474105856],[19.062294821,47.474094525]]]}},{"type":"Feature","id":796,"properties":{"buildingId":2,"floorId":8,"roomNumber":"3.96","roomName":"3.96 Oktató","scope":"budapest/lagymanyos/eszaki/3/LÉ-3-96-01-13","roomCode":"LÉ-3-96-01-13","roomType":"educational","__tile":"17/72476/45847","__layer":"rooms","__zoom":17,"__mvtId":796,"__building":"eszaki","__ringVerts":6,"id":796,"catalogFloorId":8},"geometry":{"type":"Polygon","coordinates":[[[19.061974469,47.474302652],[19.061981846,47.474328034],[19.061906744,47.474339366],[19.061900709,47.474318516],[19.061898697,47.474313077],[19.061974469,47.474302652]]]}},{"type":"Feature","id":793,"properties":{"buildingId":2,"floorId":8,"roomNumber":"3.93","roomName":"3.93 Oktató","scope":"budapest/lagymanyos/eszaki/3/LÉ-3-93-01-14","roomCode":"LÉ-3-93-01-14","roomType":"educational","__tile":"17/72476/45847","__layer":"rooms","__zoom":17,"__mvtId":793,"__building":"eszaki","__ringVerts":10,"id":793,"catalogFloorId":8},"geometry":{"type":"Polygon","coordinates":[[[19.062026521,47.474167896],[19.062043285,47.474222739],[19.061967513,47.474233164],[19.061956784,47.474196904],[19.061946725,47.474198263],[19.061942702,47.474185572],[19.06195276,47.474184213],[19.061951419,47.474180133],[19.061950749,47.47417832],[19.062026521,47.474167896]]]}},{"type":"Feature","id":767,"properties":{"buildingId":2,"floorId":8,"roomNumber":"3.145","roomName":"3.145 ESR laboratórium","scope":"budapest/lagymanyos/eszaki/3/LÉ-3-145-01-14","roomCode":"LÉ-3-145-01-14","roomType":"educational","__tile":"17/72476/45847","__layer":"rooms","__zoom":17,"__mvtId":767,"__building":"eszaki","__ringVerts":10,"id":767,"catalogFloorId":8},"geometry":{"type":"Polygon","coordinates":[[[19.062381865,47.47427368],[19.062392594,47.474310393],[19.062402652,47.47430858],[19.062406676,47.474321725],[19.062396617,47.474323084],[19.062398629,47.474328977],[19.062322857,47.474339401],[19.062306093,47.474284558],[19.062340291,47.474279572],[19.062381865,47.47427368]]]}},{"type":"Feature","id":714,"properties":{"buildingId":2,"floorId":8,"roomNumber":"3.101/A","roomName":"3.101/A Intézet igazgató","scope":"budapest/lagymanyos/eszaki/3/LÉ-3-101-A-01-13","roomCode":"LÉ-3-101/A-01-13","roomType":"educational","__tile":"17/72476/45847","__layer":"rooms","__zoom":17,"__mvtId":714,"__building":"eszaki","__ringVerts":5,"id":714,"catalogFloorId":8},"geometry":{"type":"Polygon","coordinates":[[[19.062248317,47.474377636],[19.062260387,47.474415256],[19.062221495,47.474422055],[19.062210095,47.474383075],[19.062248317,47.474377636]]]}},{"type":"Feature","id":792,"properties":{"buildingId":2,"floorId":8,"roomNumber":"3.92","roomName":"3.92 MTA kutatócsoport","scope":"budapest/lagymanyos/eszaki/3/LÉ-3-92-01-13","roomCode":"LÉ-3-92-01-13","roomType":"educational","__tile":"17/72476/45847","__layer":"rooms","__zoom":17,"__mvtId":792,"__building":"eszaki","__ringVerts":5,"id":792,"catalogFloorId":8},"geometry":{"type":"Polygon","coordinates":[[[19.062017742,47.474134125],[19.062024448,47.47416132],[19.061951358,47.474171291],[19.06194264,47.474144549],[19.062017742,47.474134125]]]}},{"type":"Feature","id":315,"properties":{"buildingId":2,"floorId":8,"roomNumber":"306","roomName":"3.306 Oktató","scope":"budapest/lagymanyos/eszaki/3/LK-3-306-01-13","roomCode":"LK-3-306-01-13","roomType":"educational","__tile":"16/36238/22923","__layer":"rooms","__zoom":16,"__mvtId":315,"__building":"eszaki","__ringVerts":5,"id":315,"catalogFloorId":8},"geometry":{"type":"Polygon","coordinates":[[[19.061593488,47.474723756],[19.061601535,47.474750044],[19.06153448,47.474759108],[19.061526433,47.474733727],[19.061593488,47.474723756]]]}},{"type":"Feature","id":316,"properties":{"buildingId":2,"floorId":8,"roomNumber":"307","roomName":"3.307 Kutatói labor","scope":"budapest/lagymanyos/eszaki/3/LK-3-307-01-14","roomCode":"LK-3-307-01-14","roomType":"educational","__tile":"16/36238/22923","__layer":"rooms","__zoom":16,"__mvtId":316,"__building":"eszaki","__ringVerts":5,"id":316,"catalogFloorId":8},"geometry":{"type":"Polygon","coordinates":[[[19.061577121,47.474755952],[19.061593214,47.47481034],[19.061526159,47.474819405],[19.061510066,47.474765016],[19.061577121,47.474755952]]]}},{"type":"Feature","id":773,"properties":{"buildingId":2,"floorId":8,"roomNumber":"3.71","roomName":"3.71-72 Doktorandusz szoba","scope":"budapest/lagymanyos/eszaki/3/LÉ-3-71-01-13","roomCode":"LÉ-3-71-01-13","roomType":"educational","__tile":"17/72476/45847","__layer":"rooms","__zoom":17,"__mvtId":773,"__building":"eszaki","__ringVerts":9,"id":773,"catalogFloorId":8},"geometry":{"type":"Polygon","coordinates":[[[19.061871369,47.474083495],[19.061882769,47.474119755],[19.061892827,47.474118396],[19.06189685,47.474131087],[19.061886792,47.474132446],[19.061888133,47.474138339],[19.061813031,47.474148763],[19.061796268,47.47409392],[19.061871369,47.474083495]]]}},{"type":"Feature","id":344,"properties":{"buildingId":2,"floorId":8,"roomNumber":"339","roomName":"3.339 FACS labor","scope":"budapest/lagymanyos/eszaki/3/LK-3-339-01-14","roomCode":"LK-3-339-01-14","roomType":"educational","__tile":"16/36238/22923","__layer":"rooms","__zoom":16,"__mvtId":344,"__building":"eszaki","__ringVerts":5,"id":344,"catalogFloorId":8},"geometry":{"type":"Polygon","coordinates":[[[19.06186592,47.474616048],[19.061873967,47.474643242],[19.061806912,47.474652307],[19.061798865,47.474626019],[19.06186592,47.474616048]]]}},{"type":"Feature","id":346,"properties":{"buildingId":2,"floorId":8,"roomNumber":"341","roomName":"3.341 I. Mikroanalitikai labor","scope":"budapest/lagymanyos/eszaki/3/LK-3-341-01-14","roomCode":"LK-3-341-01-14","roomType":"educational","__tile":"16/36238/22923","__layer":"rooms","__zoom":16,"__mvtId":346,"__building":"eszaki","__ringVerts":5,"id":346,"catalogFloorId":8},"geometry":{"type":"Polygon","coordinates":[[[19.061883164,47.47455974],[19.061891211,47.474586028],[19.061824156,47.474595999],[19.061816109,47.474568804],[19.061883164,47.47455974]]]}},{"type":"Feature","id":347,"properties":{"buildingId":2,"floorId":8,"roomNumber":"342","roomName":"3.342 II. Mikroanalitikai labor","scope":"budapest/lagymanyos/eszaki/3/LK-3-342-01-14","roomCode":"LK-3-342-01-14","roomType":"educational","__tile":"16/36238/22923","__layer":"rooms","__zoom":16,"__mvtId":347,"__building":"eszaki","__ringVerts":5,"id":347,"catalogFloorId":8},"geometry":{"type":"Polygon","coordinates":[[[19.061892012,47.47453063],[19.0619014,47.474556917],[19.061833004,47.474566889],[19.061824957,47.474539694],[19.061892012,47.47453063]]]}},{"type":"Feature","id":1023,"properties":{"buildingId":2,"floorId":8,"roomNumber":"3.67","roomName":"3.67 Békéssy György Terem","scope":"budapest/lagymanyos/eszaki/3/LÉ-3-67-01-12","roomCode":"LÉ-3-67-01-12","roomType":"educational","__tile":"17/72476/45847","__layer":"rooms","__zoom":17,"__mvtId":1023,"__building":"eszaki","__ringVerts":5,"id":1023,"catalogFloorId":8},"geometry":{"type":"Polygon","coordinates":[[[19.061819973,47.474316985],[19.061836737,47.474371375],[19.061760965,47.4743818],[19.061744201,47.47432741],[19.061819973,47.474316985]]]}},{"type":"Feature","id":343,"properties":{"buildingId":2,"floorId":8,"roomNumber":"338","roomName":"3.338 Kriokémia labor","scope":"budapest/lagymanyos/eszaki/3/LK-3-338-01-14","roomCode":"LK-3-338-01-14","roomType":"educational","__tile":"16/36238/22923","__layer":"rooms","__zoom":16,"__mvtId":343,"__building":"eszaki","__ringVerts":5,"id":343,"catalogFloorId":8},"geometry":{"type":"Polygon","coordinates":[[[19.061857063,47.474644433],[19.061866451,47.474670721],[19.061798055,47.474679786],[19.061790008,47.474653498],[19.061857063,47.474644433]]]}},{"type":"Feature","id":345,"properties":{"buildingId":2,"floorId":8,"roomNumber":"340","roomName":"3.340 Aminosav analizátor labor","scope":"budapest/lagymanyos/eszaki/3/LK-3-340-01-14","roomCode":"LK-3-340-01-14","roomType":"educational","__tile":"16/36238/22923","__layer":"rooms","__zoom":16,"__mvtId":345,"__building":"eszaki","__ringVerts":5,"id":345,"catalogFloorId":8},"geometry":{"type":"Polygon","coordinates":[[[19.061874728,47.474587871],[19.061882775,47.474615065],[19.06181572,47.47462413],[19.061807673,47.474597842],[19.061874728,47.474587871]]]}},{"type":"Feature","id":772,"properties":{"buildingId":2,"floorId":8,"roomNumber":"3.70","roomName":"3.70 Komplex rendszerek laboratórium","scope":"budapest/lagymanyos/eszaki/3/LÉ-3-70-01-14","roomCode":"LÉ-3-70-01-14","roomType":"educational","__tile":"17/72476/45847","__layer":"rooms","__zoom":17,"__mvtId":772,"__building":"eszaki","__ringVerts":9,"id":772,"catalogFloorId":8},"geometry":{"type":"Polygon","coordinates":[[[19.061858422,47.474153789],[19.061860433,47.474160134],[19.061870492,47.474158774],[19.061873844,47.474171465],[19.061863786,47.474172825],[19.061875186,47.474209085],[19.061799413,47.47421951],[19.061782649,47.474164667],[19.061858422,47.474153789]]]}},{"type":"Feature","id":771,"properties":{"buildingId":2,"floorId":8,"roomNumber":"3.69","roomName":"3.69 Környezetoptika laboratórium","scope":"budapest/lagymanyos/eszaki/3/LÉ-3-69-01-14","roomCode":"LÉ-3-69-01-14","roomType":"educational","__tile":"17/72476/45847","__layer":"rooms","__zoom":17,"__mvtId":771,"__building":"eszaki","__ringVerts":20,"id":771,"catalogFloorId":8},"geometry":{"type":"Polygon","coordinates":[[[19.061832046,47.474203812],[19.061834057,47.474211517],[19.061844116,47.474209704],[19.061848139,47.474222848],[19.061838081,47.474224208],[19.061840092,47.4742301],[19.061834057,47.474231913],[19.061840092,47.474231007],[19.061851492,47.47426772],[19.06186155,47.474266361],[19.061865573,47.474279052],[19.061855515,47.474280411],[19.061856856,47.474286304],[19.061850821,47.474288117],[19.061781754,47.474296728],[19.061764991,47.474241885],[19.061820646,47.47423282],[19.06176432,47.474240525],[19.061756273,47.474214237],[19.061832046,47.474203812]]]}},{"type":"Feature","id":802,"properties":{"buildingId":2,"floorId":8,"roomNumber":"3-K12","roomName":"3.K12 Közlekedő (Közép 2000 kg lift előútt","scope":"budapest/lagymanyos/eszaki/3/LÉ-3-K12-04-63","roomCode":"LÉ-3-K12-04-63","roomType":"corridor","__tile":"17/72476/45847","__layer":"rooms","__zoom":17,"__mvtId":802,"__building":"eszaki","__ringVerts":26,"id":802,"catalogFloorId":8},"geometry":{"type":"Polygon","coordinates":[[[19.062293496,47.4744496],[19.06229886,47.474465011],[19.062257957,47.474470903],[19.062259298,47.474473623],[19.062241863,47.474475889],[19.062240522,47.474473169],[19.062231135,47.474474529],[19.062233146,47.474481328],[19.062184866,47.474488127],[19.062148657,47.474493113],[19.062148657,47.474486314],[19.061826121,47.474531186],[19.061821427,47.474515322],[19.061947491,47.474497645],[19.061945479,47.474492659],[19.061956879,47.474490846],[19.061960231,47.474495832],[19.06195889,47.474492206],[19.06195822,47.474489487],[19.06197096,47.474487673],[19.061972972,47.474494019],[19.062196936,47.474463198],[19.062194925,47.474457759],[19.062205654,47.474456399],[19.062206995,47.474461838],[19.062293496,47.4744496]],[[19.062170114,47.474484047],[19.062171455,47.474484047],[19.062170785,47.474483141],[19.062169444,47.474483141],[19.062170114,47.474484047]],[[19.062180173,47.474482688],[19.062181514,47.474482688],[19.062181514,47.474481781],[19.062180173,47.474481781],[19.062180173,47.474482688]],[[19.062202301,47.474479515],[19.062203642,47.474479515],[19.062203642,47.474478608],[19.062202301,47.474478608],[19.062202301,47.474479515]]]}},{"type":"Feature","id":725,"properties":{"buildingId":2,"floorId":8,"roomNumber":"3.107","roomName":"3.107 Teakonyha","scope":"budapest/lagymanyos/eszaki/3/LÉ-3-107-05-77","roomCode":"LÉ-3-107-05-77","roomType":"social","__tile":"17/72476/45847","__layer":"rooms","__zoom":17,"__mvtId":725,"__building":"eszaki","__ringVerts":5,"id":725,"catalogFloorId":8},"geometry":{"type":"Polygon","coordinates":[[[19.06216362,47.474452549],[19.062170996,47.474478385],[19.062142833,47.474482464],[19.062134786,47.474456628],[19.06216362,47.474452549]]]}},{"type":"Feature","id":779,"properties":{"buildingId":2,"floorId":8,"roomNumber":"3.79","roomName":"3.79 Oktató","scope":"budapest/lagymanyos/eszaki/3/LÉ-3-79-01-13","roomCode":"LÉ-3-79-01-13","roomType":"educational","__tile":"17/72476/45847","__layer":"rooms","__zoom":17,"__mvtId":779,"__building":"eszaki","__ringVerts":7,"id":779,"catalogFloorId":8},"geometry":{"type":"Polygon","coordinates":[[[19.06218736,47.474017035],[19.062204124,47.474071878],[19.062164561,47.474078677],[19.06216255,47.474072331],[19.062148468,47.47402474],[19.06215048,47.47402202],[19.06218736,47.474017035]]]}},{"type":"Feature","id":780,"properties":{"buildingId":2,"floorId":8,"roomNumber":"3.80","roomName":"3.80 Oktató","scope":"budapest/lagymanyos/eszaki/3/LÉ-3-80-01-13","roomCode":"LÉ-3-80-01-13","roomType":"educational","__tile":"17/72476/45847","__layer":"rooms","__zoom":17,"__mvtId":780,"__building":"eszaki","__ringVerts":7,"id":780,"catalogFloorId":8},"geometry":{"type":"Polygon","coordinates":[[[19.06222121,47.474023592],[19.062225233,47.474025405],[19.062241326,47.474079342],[19.062202434,47.474084781],[19.062199752,47.474078888],[19.062184329,47.474028577],[19.06222121,47.474023592]]]}},{"type":"Feature","id":782,"properties":{"buildingId":2,"floorId":8,"roomNumber":"3.82","roomName":"3.82 Oktató","scope":"budapest/lagymanyos/eszaki/3/LÉ-3-82-01-13","roomCode":"LÉ-3-82-01-13","roomType":"educational","__tile":"17/72476/45847","__layer":"rooms","__zoom":17,"__mvtId":782,"__building":"eszaki","__ringVerts":7,"id":782,"catalogFloorId":8},"geometry":{"type":"Polygon","coordinates":[[[19.062304393,47.474034851],[19.062308416,47.474037117],[19.062324509,47.474091054],[19.062285617,47.474096493],[19.062282935,47.474090601],[19.062267512,47.47404029],[19.062304393,47.474034851]]]}},{"type":"Feature","id":789,"properties":{"buildingId":2,"floorId":8,"roomNumber":"3.89","roomName":"3.89 Oktató","scope":"budapest/lagymanyos/eszaki/3/LÉ-3-89-01-13","roomCode":"LÉ-3-89-01-13","roomType":"educational","__tile":"17/72476/45847","__layer":"rooms","__zoom":17,"__mvtId":789,"__building":"eszaki","__ringVerts":7,"id":789,"catalogFloorId":8},"geometry":{"type":"Polygon","coordinates":[[[19.062211638,47.474083007],[19.062223038,47.474120173],[19.062155312,47.474130598],[19.06214123,47.474131505],[19.06214056,47.474128332],[19.062129831,47.474094338],[19.062211638,47.474083007]]]}},{"type":"Feature","id":352,"properties":{"buildingId":2,"floorId":8,"roomNumber":"347","roomName":"3.347 Hideg szoba","scope":"budapest/lagymanyos/eszaki/3/LK-3-347-01-14","roomCode":"LK-3-347-01-14","roomType":"educational","__tile":"16/36238/22923","__layer":"rooms","__zoom":16,"__mvtId":352,"__building":"eszaki","__ringVerts":5,"id":352,"catalogFloorId":8},"geometry":{"type":"Polygon","coordinates":[[[19.061745293,47.474599894],[19.06175334,47.474626182],[19.061686285,47.474635247],[19.061678238,47.474608959],[19.061745293,47.474599894]]]}},{"type":"Feature","id":310,"properties":{"buildingId":2,"floorId":8,"roomNumber":"301","roomName":"3.301 Adatelőkészítő és feldolgozó szoba","scope":"budapest/lagymanyos/eszaki/3/LK-3-301-01-13","roomCode":"LK-3-301-01-13","roomType":"educational","__tile":"16/36238/22923","__layer":"rooms","__zoom":16,"__mvtId":310,"__building":"eszaki","__ringVerts":5,"id":310,"catalogFloorId":8},"geometry":{"type":"Polygon","coordinates":[[[19.061637385,47.474583072],[19.061645432,47.474612079],[19.061575695,47.474618424],[19.061567648,47.474593043],[19.061637385,47.474583072]]]}},{"type":"Feature","id":350,"properties":{"buildingId":2,"floorId":8,"roomNumber":"345","roomName":"3.345 MS labor","scope":"budapest/lagymanyos/eszaki/3/LK-3-345-01-14","roomCode":"LK-3-345-01-14","roomType":"educational","__tile":"16/36238/22923","__layer":"rooms","__zoom":16,"__mvtId":350,"__building":"eszaki","__ringVerts":5,"id":350,"catalogFloorId":8},"geometry":{"type":"Polygon","coordinates":[[[19.061763064,47.474542425],[19.061771111,47.474568713],[19.061704056,47.474578684],[19.061696009,47.474551489],[19.061763064,47.474542425]]]}},{"type":"Feature","id":770,"properties":{"buildingId":2,"floorId":8,"roomNumber":"3.66","roomName":"3.66 Oktató","scope":"budapest/lagymanyos/eszaki/3/LÉ-3-66-01-13","roomCode":"LÉ-3-66-01-13","roomType":"educational","__tile":"17/72476/45847","__layer":"rooms","__zoom":17,"__mvtId":770,"__building":"eszaki","__ringVerts":5,"id":770,"catalogFloorId":8},"geometry":{"type":"Polygon","coordinates":[[[19.061761118,47.474425761],[19.061778552,47.474482871],[19.061730273,47.47448967],[19.061713509,47.47443256],[19.061761118,47.474425761]]]}},{"type":"Feature","id":729,"properties":{"buildingId":2,"floorId":8,"roomNumber":"3.109/C","roomName":"3.109/C öltöző zuhanyozó","scope":"budapest/lagymanyos/eszaki/3/LÉ-3-109-C-05-71","roomCode":"LÉ-3-109/C-05-71","roomType":"social","__tile":"17/72476/45847","__layer":"rooms","__zoom":17,"__mvtId":729,"__building":"eszaki","__ringVerts":8,"id":729,"catalogFloorId":8},"geometry":{"type":"Polygon","coordinates":[[[19.06204528,47.474433928],[19.062053326,47.474459763],[19.062035221,47.474462483],[19.06203321,47.474455231],[19.062041256,47.474453871],[19.062030527,47.474454324],[19.062028516,47.474436194],[19.06204528,47.474433928]]]}},{"type":"Feature","id":740,"properties":{"buildingId":2,"floorId":8,"roomNumber":"3.114/A","roomName":"3.114/A Oktató","scope":"budapest/lagymanyos/eszaki/3/LÉ-3-114-A-01-13","roomCode":"LÉ-3-114/A-01-13","roomType":"educational","__tile":"17/72476/45847","__layer":"rooms","__zoom":17,"__mvtId":740,"__building":"eszaki","__ringVerts":8,"id":740,"catalogFloorId":8},"geometry":{"type":"Polygon","coordinates":[[[19.06217048,47.474503932],[19.062174503,47.474506198],[19.062186573,47.474544725],[19.062143658,47.474550617],[19.062132259,47.47451345],[19.062136282,47.474512997],[19.062134941,47.474508918],[19.06217048,47.474503932]]]}},{"type":"Feature","id":728,"properties":{"buildingId":2,"floorId":8,"roomNumber":"3.109/B","roomName":"3.109/B Öltöző","scope":"budapest/lagymanyos/eszaki/3/LÉ-3-109-B-05-73","roomCode":"LÉ-3-109/B-05-73","roomType":"social","__tile":"17/72476/45847","__layer":"rooms","__zoom":17,"__mvtId":728,"__building":"eszaki","__ringVerts":5,"id":728,"catalogFloorId":8},"geometry":{"type":"Polygon","coordinates":[[[19.062085841,47.474439978],[19.062093888,47.474466267],[19.062050973,47.474472159],[19.062042926,47.474446323],[19.062085841,47.474439978]]]}},{"type":"Feature","id":736,"properties":{"buildingId":2,"floorId":8,"roomNumber":"3.112","roomName":"3.112 Oktató","scope":"budapest/lagymanyos/eszaki/3/LÉ-3-112-01-13","roomCode":"LÉ-3-112-01-13","roomType":"educational","__tile":"17/72476/45847","__layer":"rooms","__zoom":17,"__mvtId":736,"__building":"eszaki","__ringVerts":8,"id":736,"catalogFloorId":8},"geometry":{"type":"Polygon","coordinates":[[[19.061997987,47.474475431],[19.062002011,47.474477244],[19.062012069,47.474510332],[19.061984576,47.474514411],[19.061986588,47.474519397],[19.061973177,47.474521663],[19.061960436,47.474480417],[19.061997987,47.474475431]]]}},{"type":"Feature","id":739,"properties":{"buildingId":2,"floorId":8,"roomNumber":"3.113/A","roomName":"3.113/A Oktató","scope":"budapest/lagymanyos/eszaki/3/LÉ-3-113-A-01-13","roomCode":"LÉ-3-113/A-01-13","roomType":"educational","__tile":"17/72476/45847","__layer":"rooms","__zoom":17,"__mvtId":739,"__building":"eszaki","__ringVerts":8,"id":739,"catalogFloorId":8},"geometry":{"type":"Polygon","coordinates":[[[19.062087263,47.474492457],[19.062091286,47.474494723],[19.062103356,47.474532797],[19.062060441,47.474539142],[19.062049042,47.474501975],[19.062053065,47.474501069],[19.062051724,47.474497443],[19.062087263,47.474492457]]]}},{"type":"Feature","id":742,"properties":{"buildingId":2,"floorId":8,"roomNumber":"3.115","roomName":"3.115 Oktató","scope":"budapest/lagymanyos/eszaki/3/LÉ-3-115-01-13","roomCode":"LÉ-3-115-01-13","roomType":"educational","__tile":"17/72476/45847","__layer":"rooms","__zoom":17,"__mvtId":742,"__building":"eszaki","__ringVerts":16,"id":742,"catalogFloorId":8},"geometry":{"type":"Polygon","coordinates":[[[19.062250897,47.474508474],[19.062262296,47.474544735],[19.062248885,47.474546548],[19.062247544,47.474541109],[19.062233463,47.474542922],[19.062235474,47.474548361],[19.062195241,47.474555159],[19.06218116,47.474555613],[19.06216976,47.474517539],[19.062171772,47.474514367],[19.062207311,47.474509381],[19.062208652,47.47451346],[19.062212676,47.474512554],[19.062211334,47.474508928],[19.062216028,47.474508474],[19.062250897,47.474508474]]]}},{"type":"Feature","id":741,"properties":{"buildingId":2,"floorId":8,"roomNumber":"3.114/B","roomName":"3.114/B Oktató","scope":"budapest/lagymanyos/eszaki/3/LÉ-3-114-B-01-13","roomCode":"LÉ-3-114/B-01-13","roomType":"educational","__tile":"17/72476/45847","__layer":"rooms","__zoom":17,"__mvtId":741,"__building":"eszaki","__ringVerts":6,"id":741,"catalogFloorId":8},"geometry":{"type":"Polygon","coordinates":[[[19.062129898,47.474495765],[19.062142638,47.474536558],[19.062103746,47.474541997],[19.062091676,47.47450347],[19.062094358,47.47450075],[19.062129898,47.474495765]]]}},{"type":"Feature","id":812,"properties":{"buildingId":2,"floorId":8,"roomNumber":"3-L7","roomName":"3.L7 Lépcsőház háromkarú","scope":"budapest/lagymanyos/eszaki/3/LÉ-3-L7-04-64","roomCode":"LÉ-3-L7-04-64","roomType":"corridor","__tile":"17/72476/45847","__layer":"rooms","__zoom":17,"__mvtId":812,"__building":"eszaki","__ringVerts":6,"id":812,"catalogFloorId":8},"geometry":{"type":"Polygon","coordinates":[[[19.062277773,47.474443608],[19.062289843,47.474482134],[19.06220133,47.474494372],[19.06218926,47.474455845],[19.062205353,47.474453579],[19.062277773,47.474443608]]]}}],"meta":{"building":"eszaki","floorId":8,"polygonCount":146}}