{"type": "FeatureCollection", "features": [{"type": "Feature", "id": 36914, "properties": {"buildingId": 2, "floorId": 6, "roomNumber": "164/A", "roomName": "N\u0151i WC", "scope": "budapest/lagymanyos/eszaki/1/LK-1-164-A-05-71", "roomCode": "LK-1-164/A-05-71", "roomType": "social", "__tile": "16/36237/22923", "__layer": "rooms", "__zoom": 16, "__mvtId": 36914, "__building": "eszaki", "__ringVerts": 5, "id": 36914, "catalogFloorId": 6}, "geometry": {"type": "Polygon", "coordinates": [[[19.06129941344261, 47.47437704866846], [19.06130611896515, 47.47439880416386], [19.061260521411896, 47.474405149514986], [19.06125381588936, 47.47438339402222], [19.06129941344261, 47.47437704866846]]]}}, {"type": "Feature", "id": 36916, "properties": {"buildingId": 2, "floorId": 6, "roomNumber": "1-163A", "roomName": "F\u00e9rfi WC", "scope": "budapest/lagymanyos/eszaki/1/LK-1-163-A-05-71", "roomCode": "LK-1-163/A-05-71", "roomType": "social", "__tile": "16/36237/22923", "__layer": "rooms", "__zoom": 16, "__mvtId": 36916, "__building": "eszaki", "__ringVerts": 5, "id": 36916, "catalogFloorId": 6}, "geometry": {"type": "Polygon", "coordinates": [[[19.061314165592194, 47.47440605599366], [19.06132087111473, 47.4744296244336], [19.061269909143448, 47.47443687625915], [19.06126320362091, 47.47441330782246], [19.061314165592194, 47.47440605599366]]]}}, {"type": "Feature", "id": 36918, "properties": {"buildingId": 2, "floorId": 6, "roomNumber": "-", "roomName": "Folyos\u00f3", "scope": "budapest/lagymanyos/eszaki/1/LK-1-100-8-04-63", "roomCode": "LK-1-100/8-04-63", "roomType": "corridor", "__tile": "16/36237/22923", "__layer": "rooms", "__zoom": 16, "__mvtId": 36918, "__building": "eszaki", "__ringVerts": 6, "id": 36918, "catalogFloorId": 6}, "geometry": {"type": "Polygon", "coordinates": [[[19.061365127563477, 47.47430543676578], [19.061365127563477, 47.47436254499985], [19.061359763145447, 47.47436345147925], [19.061182737350464, 47.4743870199383], [19.061166644096375, 47.47433535061041], [19.061365127563477, 47.47430543676578]]]}}, {"type": "Feature", "id": 37064, "properties": {"buildingId": 2, "floorId": 6, "roomNumber": "-", "roomName": "Folyos\u00f3", "scope": "budapest/lagymanyos/eszaki/1/LK-1-100-11-04-63", "roomCode": "LK-1-100/11-04-63", "roomType": "corridor", "__tile": "17/72475/45847", "__layer": "rooms", "__zoom": 17, "__mvtId": 37064, "__building": "eszaki", "__ringVerts": 7, "id": 37064, "catalogFloorId": 6}, "geometry": {"type": "Polygon", "coordinates": [[[19.06122900545597, 47.47294025955344], [19.061136469244957, 47.47263386032597], [19.061212241649628, 47.47263386032597], [19.06129941344261, 47.47292802174873], [19.06129740178585, 47.47293028800907], [19.061230346560478, 47.47293799329352], [19.06122900545597, 47.47294025955344]], [[19.06121961772442, 47.47288224326877], [19.06121425330639, 47.472882696521246], [19.061214923858643, 47.47288632254089], [19.061220288276672, 47.472885416036], [19.06121961772442, 47.47288224326877]], [[19.061202853918076, 47.47282603993193], [19.061197489500046, 47.47282649318488], [19.0611981600523, 47.4728301192084], [19.061204195022583, 47.47282966595547], [19.061202853918076, 47.47282603993193]], [[19.061184749007225, 47.4727662105073], [19.061179384589195, 47.47276666376077], [19.061181396245956, 47.47277391581581], [19.061186760663986, 47.472773462562394], [19.061184749007225, 47.4727662105073]], [[19.061167985200882, 47.47271000704635], [19.061162620782852, 47.47271091355427], [19.061163291335106, 47.472714539585766], [19.061168655753136, 47.47271363307791], [19.061167985200882, 47.47271000704635]], [[19.061150550842285, 47.47265380352531], [19.061145186424255, 47.472654710034185], [19.061146527528763, 47.47265788281515], [19.061151891946793, 47.47265742956074], [19.061150550842285, 47.47265380352531]]]}}, {"type": "Feature", "id": 37065, "properties": {"buildingId": 2, "floorId": 6, "roomNumber": "-", "roomName": "T\u00e9rgeometriai gy\u0171jtem\u00e9ny", "scope": "budapest/lagymanyos/eszaki/1/LK-1-100-12-01-20", "roomCode": "LK-1-100/12-01-20", "roomType": "educational", "__tile": "16/36237/22923", "__layer": "rooms", "__zoom": 16, "__mvtId": 37065, "__building": "eszaki", "__ringVerts": 10, "id": 37065, "catalogFloorId": 6}, "geometry": {"type": "Polygon", "coordinates": [[[19.061130434274673, 47.47422747939371], [19.061139822006226, 47.474231105320555], [19.061167985200882, 47.47433172469076], [19.061092883348465, 47.47434441540845], [19.061075448989868, 47.47428912011608], [19.061083495616913, 47.47428912011608], [19.061082154512405, 47.474283681231725], [19.061075448989868, 47.47428730715469], [19.06105935573578, 47.47423654421036], [19.061130434274673, 47.47422747939371]]]}}, {"type": "Feature", "id": 36907, "properties": {"buildingId": 2, "floorId": 6, "roomNumber": "-", "roomName": "K\u00f6zleked\u0151t\u00e9r", "scope": "budapest/lagymanyos/eszaki/1/L\u00c9-1-K19-04-63", "roomCode": "L\u00c9-1-K19-04-63", "roomType": "corridor", "__tile": "17/72475/45847", "__layer": "rooms", "__zoom": 17, "__mvtId": 36907, "__building": "eszaki", "__ringVerts": 22, "id": 36907, "catalogFloorId": 6}, "geometry": {"type": "Polygon", "coordinates": [[[19.061300083994865, 47.47293119451318], [19.0613155066967, 47.47298150546686], [19.06130813062191, 47.472982411970094], [19.06131014227867, 47.472990117246894], [19.06132221221924, 47.4729883042407], [19.06132221221924, 47.47300552779713], [19.061317518353462, 47.47300643429994], [19.06132221221924, 47.47302184484539], [19.06132221221924, 47.47314920829794], [19.06128130853176, 47.47311521452407], [19.061267226934433, 47.47309345849727], [19.06125381588936, 47.47305311917371], [19.06123772263527, 47.473032722874734], [19.061215594410896, 47.47301459282456], [19.061155915260315, 47.47297787945379], [19.061165302991867, 47.472965641657844], [19.061167985200882, 47.47294932459213], [19.061228334903717, 47.472941166057375], [19.06122900545597, 47.4729438855691], [19.06123973429203, 47.47294252581326], [19.061238393187523, 47.472938899797505], [19.061300083994865, 47.47293119451318]], [[19.061283990740776, 47.47310524301291], [19.06128130853176, 47.47310796251614], [19.061285331845284, 47.473110228768725], [19.0612880140543, 47.473107056015074], [19.061283990740776, 47.47310524301291]], [[19.061267226934433, 47.47304903991455], [19.061263874173164, 47.4730522126717], [19.06126856803894, 47.4730540256757], [19.061271250247955, 47.47305130616968], [19.061267226934433, 47.47304903991455]], [[19.06125046312809, 47.472992836756085], [19.06124711036682, 47.47299600951664], [19.061251804232597, 47.47299782252258], [19.061254486441612, 47.472995103013645], [19.06125046312809, 47.472992836756085]]]}}, {"type": "Feature", "id": 37063, "properties": {"buildingId": 2, "floorId": 6, "roomNumber": "100/9", "roomName": "L\u00e9pcs\u0151h\u00e1z", "scope": "budapest/lagymanyos/eszaki/1/L\u00c9-1-100-9-04-64", "roomCode": "L\u00c9-1-100/9-04-64", "roomType": "corridor", "__tile": "16/36237/22923", "__layer": "rooms", "__zoom": 16, "__mvtId": 37063, "__building": "eszaki", "__ringVerts": 6, "id": 37063, "catalogFloorId": 6}, "geometry": {"type": "Polygon", "coordinates": [[[19.061197489500046, 47.474406962472315], [19.06119078397751, 47.474386113459296], [19.06124845147133, 47.47437886162675], [19.061265885829926, 47.47443687625915], [19.061208218336105, 47.47444503456169], [19.061197489500046, 47.474406962472315]], [[19.061233699321747, 47.47440243007888], [19.061218947172165, 47.474404243036304], [19.06122699379921, 47.47442781147706], [19.061240404844284, 47.474425092042125], [19.061233699321747, 47.47440243007888]]]}}, {"type": "Feature", "id": 37067, "properties": {"buildingId": 2, "floorId": 6, "roomNumber": "-", "roomName": "Csigal\u00e9pcs\u0151", "scope": "budapest/lagymanyos/eszaki/1/L\u00c9-1-L10-04-64", "roomCode": "L\u00c9-1-L10-04-64", "roomType": "corridor", "__tile": "17/72475/45847", "__layer": "rooms", "__zoom": 17, "__mvtId": 37067, "__building": "eszaki", "__ringVerts": 18, "id": 37067, "catalogFloorId": 6}, "geometry": {"type": "Polygon", "coordinates": [[[19.061114341020584, 47.47292666199247], [19.061128422617912, 47.47292802174873], [19.061143845319748, 47.47293346077339], [19.06115524470806, 47.47294252581326], [19.061159268021584, 47.47295431036275], [19.06116731464863, 47.47295385711089], [19.061165302991867, 47.4729660949096], [19.061157256364822, 47.472976519698825], [19.061150550842285, 47.472972893685416], [19.061136469244957, 47.47298059896362], [19.061116352677345, 47.472983771724905], [19.061089530587196, 47.47297742620214], [19.061078131198883, 47.47296790791657], [19.06107410788536, 47.47295838962926], [19.061076119542122, 47.47294615182877], [19.06108483672142, 47.472936180285515], [19.061096906661987, 47.47293028800907], [19.061114341020584, 47.47292666199247]], [[19.061119705438614, 47.4729420725613], [19.061107635498047, 47.47294343231716], [19.061096906661987, 47.47295340385904], [19.06109891831875, 47.47296156239189], [19.06111367046833, 47.47296881442003], [19.061125740408897, 47.472967454664825], [19.061136469244957, 47.47295748312562], [19.061131104826927, 47.47294615182877], [19.061119705438614, 47.4729420725613]], [[19.06114585697651, 47.47294705833261], [19.061145186424255, 47.47294751158452], [19.06114585697651, 47.472948418088336], [19.061146527528763, 47.47294796483643], [19.06114585697651, 47.47294705833261]]]}}, {"type": "Feature", "id": 37070, "properties": {"buildingId": 2, "floorId": 6, "roomNumber": "-", "roomName": "Gal\u00e9ria", "scope": "budapest/lagymanyos/eszaki/1/L\u00c9-1-100-D-04-66", "roomCode": "L\u00c9-1-100/D-04-66", "roomType": "corridor", "__tile": "17/72476/45847", "__layer": "rooms", "__zoom": 17, "__mvtId": 37070, "__building": "eszaki", "__ringVerts": 7, "id": 37070, "catalogFloorId": 6}, "geometry": {"type": "Polygon", "coordinates": [[[19.061855301260948, 47.473088472739846], [19.06188279390335, 47.47318184230016], [19.062063172459602, 47.473157820050496], [19.06206652522087, 47.47317685655113], [19.06185932457447, 47.47320405154008], [19.061827138066292, 47.47309255199595], [19.061855301260948, 47.473088472739846]]]}}, {"type": "Feature", "id": 37026, "properties": {"buildingId": 2, "floorId": 6, "roomNumber": "1.92", "roomName": "Iratt\u00e1r", "scope": "budapest/lagymanyos/eszaki/1/L\u00c9-1-92-02-34", "roomCode": "L\u00c9-1-92-02-34", "roomType": "administrative", "__tile": "17/72476/45847", "__layer": "rooms", "__zoom": 17, "__mvtId": 37026, "__building": "eszaki", "__ringVerts": 11, "id": 37026, "catalogFloorId": 6}, "geometry": {"type": "Polygon", "coordinates": [[[19.062043726444244, 47.47312065352937], [19.062045067548752, 47.47312518603336], [19.06205378472805, 47.47312427953259], [19.062063172459602, 47.47315691355029], [19.061943143606186, 47.47317277730158], [19.061931744217873, 47.47313561079103], [19.06196393072605, 47.47313107828795], [19.06196527183056, 47.47313379778984], [19.061973989009857, 47.473132891289225], [19.06197264790535, 47.47313017178728], [19.062043726444244, 47.47312065352937]]]}}, {"type": "Feature", "id": 37033, "properties": {"buildingId": 2, "floorId": 6, "roomNumber": "1.90", "roomName": "Iroda", "scope": "budapest/lagymanyos/eszaki/1/L\u00c9-1-90-02-33", "roomCode": "L\u00c9-1-90-02-33", "roomType": "administrative", "__tile": "17/72476/45847", "__layer": "rooms", "__zoom": 17, "__mvtId": 37033, "__building": "eszaki", "__ringVerts": 5, "id": 37033, "catalogFloorId": 6}, "geometry": {"type": "Polygon", "coordinates": [[[19.06189553439617, 47.4730544789267], [19.061903581023216, 47.473080767477455], [19.061829149723053, 47.47309073899328], [19.061823785305023, 47.47306535694929], [19.06189553439617, 47.4730544789267]]]}}, {"type": "Feature", "id": 37035, "properties": {"buildingId": 2, "floorId": 6, "roomNumber": "1.91", "roomName": "Iratt\u00e1r", "scope": "budapest/lagymanyos/eszaki/1/L\u00c9-1-91-02-34", "roomCode": "L\u00c9-1-91-02-34", "roomType": "administrative", "__tile": "17/72476/45847", "__layer": "rooms", "__zoom": 17, "__mvtId": 37035, "__building": "eszaki", "__ringVerts": 9, "id": 37035, "catalogFloorId": 6}, "geometry": {"type": "Polygon", "coordinates": [[[19.06190425157547, 47.473081673978974], [19.061923027038574, 47.47314603554664], [19.06193308532238, 47.47314467579603], [19.061937779188156, 47.473161446051144], [19.061928391456604, 47.47316280580132], [19.061931744217873, 47.47317413705146], [19.06188413500786, 47.47318048255047], [19.06185731291771, 47.47308801948915], [19.06190425157547, 47.473081673978974]]]}}, {"type": "Feature", "id": 37066, "properties": {"buildingId": 2, "floorId": 6, "roomNumber": "F.L6", "roomName": "L\u00e9pcs\u0151h\u00e1z", "scope": "budapest/lagymanyos/eszaki/1/L\u00c9-1-L6-04-64", "roomCode": "L\u00c9-1-L6-04-64", "roomType": "corridor", "__tile": "17/72476/45847", "__layer": "rooms", "__zoom": 17, "__mvtId": 37066, "__building": "eszaki", "__ringVerts": 5, "id": 37066, "catalogFloorId": 6}, "geometry": {"type": "Polygon", "coordinates": [[[19.062034338712692, 47.4730649036984], [19.06204104423523, 47.473088472739846], [19.061955213546753, 47.47309980400601], [19.061948508024216, 47.47307668822045], [19.062034338712692, 47.4730649036984]]]}}, {"type": "Feature", "id": 36939, "properties": {"buildingId": 2, "floorId": 6, "roomNumber": "122", "roomName": "Labor", "scope": "budapest/lagymanyos/eszaki/1/LK-1-122-01-14", "roomCode": "LK-1-122-01-14", "roomType": "educational", "__tile": "16/36238/22923", "__layer": "rooms", "__zoom": 16, "__mvtId": 36939, "__building": "eszaki", "__ringVerts": 5, "id": 36939, "catalogFloorId": 6}, "geometry": {"type": "Polygon", "coordinates": [[[19.061629325151443, 47.47397638335098], [19.061637371778488, 47.47400267144057], [19.06156897544861, 47.474011736296], [19.06156226992607, 47.47398544821095], [19.061629325151443, 47.47397638335098]]]}}, {"type": "Feature", "id": 36943, "properties": {"buildingId": 2, "floorId": 6, "roomNumber": "119", "roomName": "Labor", "scope": "budapest/lagymanyos/eszaki/1/LK-1-119-01-14", "roomCode": "LK-1-119-01-14", "roomType": "educational", "__tile": "16/36238/22923", "__layer": "rooms", "__zoom": 16, "__mvtId": 36943, "__building": "eszaki", "__ringVerts": 6, "id": 36943, "catalogFloorId": 6}, "geometry": {"type": "Polygon", "coordinates": [[[19.061595797538757, 47.47386397895753], [19.061611890792847, 47.47391746172311], [19.061544835567474, 47.47392743308016], [19.061527401208878, 47.47387213734902], [19.061585068702698, 47.473864885445536], [19.061595797538757, 47.47386397895753]]]}}, {"type": "Feature", "id": 36945, "properties": {"buildingId": 2, "floorId": 6, "roomNumber": "117", "roomName": "Labor", "scope": "budapest/lagymanyos/eszaki/1/LK-1-117-01-14", "roomCode": "LK-1-117-01-14", "roomType": "educational", "__tile": "16/36238/22923", "__layer": "rooms", "__zoom": 16, "__mvtId": 36945, "__building": "eszaki", "__ringVerts": 5, "id": 36945, "catalogFloorId": 6}, "geometry": {"type": "Polygon", "coordinates": [[[19.06157836318016, 47.47380868315962], [19.061586409807205, 47.473834064844574], [19.061519354581833, 47.47384312972908], [19.061511307954788, 47.47381593507086], [19.06157836318016, 47.47380868315962]]]}}, {"type": "Feature", "id": 36933, "properties": {"buildingId": 2, "floorId": 6, "roomNumber": "126", "roomName": "Labor", "scope": "budapest/lagymanyos/eszaki/1/LK-1-126-01-14", "roomCode": "LK-1-126-01-14", "roomType": "educational", "__tile": "16/36238/22923", "__layer": "rooms", "__zoom": 16, "__mvtId": 36933, "__building": "eszaki", "__ringVerts": 5, "id": 36933, "catalogFloorId": 6}, "geometry": {"type": "Polygon", "coordinates": [[[19.061664193868637, 47.47409241344042], [19.061670899391174, 47.47411870147196], [19.061603844165802, 47.47412776630737], [19.061597138643265, 47.47410147828036], [19.061664193868637, 47.47409241344042]]]}}, {"type": "Feature", "id": 36934, "properties": {"buildingId": 2, "floorId": 6, "roomNumber": "125", "roomName": "Labor", "scope": "budapest/lagymanyos/eszaki/1/LK-1-125-01-14", "roomCode": "LK-1-125-01-14", "roomType": "educational", "__tile": "16/36238/22923", "__layer": "rooms", "__zoom": 16, "__mvtId": 36934, "__building": "eszaki", "__ringVerts": 7, "id": 36934, "catalogFloorId": 6}, "geometry": {"type": "Polygon", "coordinates": [[[19.061645418405533, 47.47403167897243], [19.061661511659622, 47.4740869745357], [19.061654806137085, 47.474087881019855], [19.061656147241592, 47.47409241344042], [19.06163066625595, 47.47409060047224], [19.06161457300186, 47.47403621139784], [19.061645418405533, 47.47403167897243]]]}}, {"type": "Feature", "id": 36935, "properties": {"buildingId": 2, "floorId": 6, "roomNumber": "123", "roomName": "Labor", "scope": "budapest/lagymanyos/eszaki/1/LK-1-123-01-14", "roomCode": "LK-1-123-01-14", "roomType": "educational", "__tile": "16/36238/22923", "__layer": "rooms", "__zoom": 16, "__mvtId": 36935, "__building": "eszaki", "__ringVerts": 5, "id": 36935, "catalogFloorId": 6}, "geometry": {"type": "Polygon", "coordinates": [[[19.061637371778488, 47.47400448441178], [19.061645418405533, 47.47402986600216], [19.06157836318016, 47.474039837337884], [19.061570316553116, 47.47401264278145], [19.061637371778488, 47.47400448441178]]]}}, {"type": "Feature", "id": 36950, "properties": {"buildingId": 2, "floorId": 6, "roomNumber": "124", "roomName": "N\u0151i WC", "scope": "budapest/lagymanyos/eszaki/1/LK-1-124-05-71", "roomCode": "LK-1-124-05-71", "roomType": "social", "__tile": "16/36238/22923", "__layer": "rooms", "__zoom": 16, "__mvtId": 36950, "__building": "eszaki", "__ringVerts": 11, "id": 36950, "catalogFloorId": 6}, "geometry": {"type": "Polygon", "coordinates": [[[19.06161054968834, 47.47403621139784], [19.061618596315384, 47.474063405942076], [19.061585068702698, 47.47406793836475], [19.061582386493683, 47.474060686488286], [19.061597138643265, 47.47405706054969], [19.061581045389175, 47.47405978000366], [19.061579704284668, 47.4740516216413], [19.06159445643425, 47.474049808671715], [19.061570316553116, 47.4740516216413], [19.061566293239594, 47.47404255679276], [19.06161054968834, 47.47403621139784]]]}}, {"type": "Feature", "id": 36969, "properties": {"buildingId": 2, "floorId": 6, "roomNumber": "145", "roomName": "Oktat\u00f3i szoba", "scope": "budapest/lagymanyos/eszaki/1/LK-1-145-02-33", "roomCode": "LK-1-145-02-33", "roomType": "administrative", "__tile": "16/36238/22923", "__layer": "rooms", "__zoom": 16, "__mvtId": 36969, "__building": "eszaki", "__ringVerts": 7, "id": 36969, "catalogFloorId": 6}, "geometry": {"type": "Polygon", "coordinates": [[[19.061976671218872, 47.474164025633385], [19.06199410557747, 47.47421750809359], [19.061980694532394, 47.47421932105738], [19.061982035636902, 47.474224759948406], [19.061959236860275, 47.47422204050297], [19.06194716691971, 47.474171277495586], [19.061976671218872, 47.474164025633385]]]}}, {"type": "Feature", "id": 36973, "properties": {"buildingId": 2, "floorId": 6, "roomNumber": "147", "roomName": "Oktat\u00f3i szoba", "scope": "budapest/lagymanyos/eszaki/1/LK-1-147-02-33", "roomCode": "LK-1-147-02-33", "roomType": "administrative", "__tile": "16/36238/22923", "__layer": "rooms", "__zoom": 16, "__mvtId": 36973, "__building": "eszaki", "__ringVerts": 7, "id": 36973, "catalogFloorId": 6}, "geometry": {"type": "Polygon", "coordinates": [[[19.062047749757767, 47.474154054321225], [19.062063843011856, 47.47420844327365], [19.06205043196678, 47.47421025623777], [19.062053114175797, 47.47421478864777], [19.06203031539917, 47.47421297568383], [19.062018245458603, 47.4741613061848], [19.062047749757767, 47.474154054321225]]]}}, {"type": "Feature", "id": 36971, "properties": {"buildingId": 2, "floorId": 6, "roomNumber": "146", "roomName": "Oktat\u00f3i szoba", "scope": "budapest/lagymanyos/eszaki/1/LK-1-146-02-33", "roomCode": "LK-1-146-02-33", "roomType": "administrative", "__tile": "16/36238/22923", "__layer": "rooms", "__zoom": 16, "__mvtId": 36971, "__building": "eszaki", "__ringVerts": 6, "id": 36971, "catalogFloorId": 6}, "geometry": {"type": "Polygon", "coordinates": [[[19.062012881040573, 47.4741613061848], [19.062028974294662, 47.47421297568383], [19.062023609876633, 47.47421932105738], [19.061995446681976, 47.47421750809359], [19.06197801232338, 47.474164025633385], [19.062012881040573, 47.4741613061848]]]}}, {"type": "Feature", "id": 36979, "properties": {"buildingId": 2, "floorId": 6, "roomNumber": "1.116A", "roomName": "Iratt\u00e1r", "scope": "budapest/lagymanyos/eszaki/1/L\u00c9-1-116A-02-34", "roomCode": "L\u00c9-1-116A-02-34", "roomType": "administrative", "__tile": "16/36238/22923", "__layer": "rooms", "__zoom": 16, "__mvtId": 36979, "__building": "eszaki", "__ringVerts": 5, "id": 36979, "catalogFloorId": 6}, "geometry": {"type": "Polygon", "coordinates": [[[19.062243551015854, 47.474151334872126], [19.062252938747406, 47.47418487473451], [19.062165766954422, 47.47419665900541], [19.06215637922287, 47.47416221266768], [19.062243551015854, 47.474151334872126]]]}}, {"type": "Feature", "id": 36968, "properties": {"buildingId": 2, "floorId": 6, "roomNumber": "144*", "roomName": "Oktat\u00f3i szoba", "scope": "budapest/lagymanyos/eszaki/1/LK-1-144-02-33", "roomCode": "LK-1-144-02-33", "roomType": "administrative", "__tile": "16/36238/22923", "__layer": "rooms", "__zoom": 16, "__mvtId": 36968, "__building": "eszaki", "__ringVerts": 6, "id": 36968, "catalogFloorId": 6}, "geometry": {"type": "Polygon", "coordinates": [[[19.061943143606186, 47.474171277495586], [19.061957895755768, 47.474222946984796], [19.061952531337738, 47.47422838587545], [19.06192436814308, 47.47422657291196], [19.061908274888992, 47.47417309046098], [19.061943143606186, 47.474171277495586]]]}}, {"type": "Feature", "id": 36961, "properties": {"buildingId": 2, "floorId": 6, "roomNumber": "141", "roomName": "Oktat\u00f3i szoba", "scope": "budapest/lagymanyos/eszaki/1/LK-1-141-01-13", "roomCode": "LK-1-141-01-13", "roomType": "educational", "__tile": "16/36238/22923", "__layer": "rooms", "__zoom": 16, "__mvtId": 36961, "__building": "eszaki", "__ringVerts": 7, "id": 36961, "catalogFloorId": 6}, "geometry": {"type": "Polygon", "coordinates": [[[19.06183585524559, 47.47418306176953], [19.06185194849968, 47.47423745069194], [19.061838537454605, 47.47423926365505], [19.061839878559113, 47.474243796062545], [19.061818420886993, 47.474241983099596], [19.061802327632904, 47.4741903136291], [19.06183585524559, 47.47418306176953]]]}}, {"type": "Feature", "id": 36965, "properties": {"buildingId": 2, "floorId": 6, "roomNumber": "143", "roomName": "Oktat\u00f3i szoba", "scope": "budapest/lagymanyos/eszaki/1/LK-1-143-01-13", "roomCode": "LK-1-143-01-13", "roomType": "educational", "__tile": "16/36238/22923", "__layer": "rooms", "__zoom": 16, "__mvtId": 36965, "__building": "eszaki", "__ringVerts": 7, "id": 36965, "catalogFloorId": 6}, "geometry": {"type": "Polygon", "coordinates": [[[19.061906933784485, 47.47417399694365], [19.061921685934067, 47.474223853466604], [19.061908274888992, 47.47422566643019], [19.061910957098007, 47.474233824765534], [19.06188815832138, 47.47423201180222], [19.0618734061718, 47.47418124880447], [19.061906933784485, 47.47417399694365]]]}}, {"type": "Feature", "id": 36952, "properties": {"buildingId": 2, "floorId": 6, "roomNumber": "132", "roomName": "Szemin\u00e1riumi terem", "scope": "budapest/lagymanyos/eszaki/1/LK-1-132-01-12", "roomCode": "LK-1-132-01-12", "roomType": "educational", "__tile": "16/36238/22923", "__layer": "rooms", "__zoom": 16, "__mvtId": 36952, "__building": "eszaki", "__ringVerts": 5, "id": 36952, "catalogFloorId": 6}, "geometry": {"type": "Polygon", "coordinates": [[[19.061796963214874, 47.4741885006643], [19.061818420886993, 47.47424651550686], [19.06175673007965, 47.474255580320225], [19.061737954616547, 47.47419665900541], [19.061796963214874, 47.4741885006643]]]}}, {"type": "Feature", "id": 36974, "properties": {"buildingId": 2, "floorId": 6, "roomNumber": "150", "roomName": "Oktat\u00f3i szoba", "scope": "budapest/lagymanyos/eszaki/1/LK-1-150-02-33", "roomCode": "LK-1-150-02-33", "roomType": "administrative", "__tile": "16/36238/22923", "__layer": "rooms", "__zoom": 16, "__mvtId": 36974, "__building": "eszaki", "__ringVerts": 6, "id": 36974, "catalogFloorId": 6}, "geometry": {"type": "Polygon", "coordinates": [[[19.062043726444244, 47.47423201180222], [19.0620718896389, 47.47423291828389], [19.06208261847496, 47.474269177537344], [19.06205177307129, 47.474273709942274], [19.062038362026215, 47.4742383571735], [19.062043726444244, 47.47423201180222]]]}}, {"type": "Feature", "id": 37032, "properties": {"buildingId": 2, "floorId": 6, "roomNumber": "1.89", "roomName": "Iroda", "scope": "budapest/lagymanyos/eszaki/1/L\u00c9-1-89-02-33", "roomCode": "L\u00c9-1-89-02-33", "roomType": "administrative", "__tile": "17/72476/45847", "__layer": "rooms", "__zoom": 17, "__mvtId": 37032, "__building": "eszaki", "__ringVerts": 5, "id": 37032, "catalogFloorId": 6}, "geometry": {"type": "Polygon", "coordinates": [[[19.061887487769127, 47.47302592410665], [19.06189553439617, 47.47305311917371], [19.061820432543755, 47.47306173094202], [19.061813056468964, 47.47303634888402], [19.061887487769127, 47.47302592410665]]]}}, {"type": "Feature", "id": 37025, "properties": {"buildingId": 2, "floorId": 6, "roomNumber": "-", "roomName": "Akad\u00e1lymentes WC", "scope": "budapest/lagymanyos/eszaki/1/L\u00c9-1-98-05-71", "roomCode": "L\u00c9-1-98-05-71", "roomType": "social", "__tile": "17/72476/45847", "__layer": "rooms", "__zoom": 17, "__mvtId": 37025, "__building": "eszaki", "__ringVerts": 5, "id": 37025, "catalogFloorId": 6}, "geometry": {"type": "Polygon", "coordinates": [[[19.06192570924759, 47.47284779606945], [19.061930403113365, 47.472865019671936], [19.061898216605186, 47.47286909894538], [19.061892852187157, 47.47285232859697], [19.06192570924759, 47.47284779606945]]]}}, {"type": "Feature", "id": 37022, "properties": {"buildingId": 2, "floorId": 6, "roomNumber": "1.96", "roomName": "Jegyzetbolt", "scope": "budapest/lagymanyos/eszaki/1/L\u00c9-1-96-03-59", "roomCode": "L\u00c9-1-96-03-59", "roomType": "misc", "__tile": "17/72476/45847", "__layer": "rooms", "__zoom": 17, "__mvtId": 37022, "__building": "eszaki", "__ringVerts": 7, "id": 37022, "catalogFloorId": 6}, "geometry": {"type": "Polygon", "coordinates": [[[19.0619907528162, 47.47289946685997], [19.06200483441353, 47.47294751158452], [19.06199611723423, 47.472948418088336], [19.061996787786484, 47.47295113759968], [19.061925038695335, 47.47296065588831], [19.0619096159935, 47.47290898515794], [19.0619907528162, 47.47289946685997]]]}}, {"type": "Feature", "id": 37048, "properties": {"buildingId": 2, "floorId": 6, "roomNumber": "-", "roomName": "N\u0151i mosd\u00f3", "scope": "budapest/lagymanyos/eszaki/1/L\u00c9-1-99-05-71", "roomCode": "L\u00c9-1-99-05-71", "roomType": "social", "__tile": "17/72476/45847", "__layer": "rooms", "__zoom": 17, "__mvtId": 37048, "__building": "eszaki", "__ringVerts": 5, "id": 37048, "catalogFloorId": 6}, "geometry": {"type": "Polygon", "coordinates": [[[19.06191498041153, 47.47282286716111], [19.06192235648632, 47.47284643631112], [19.06188078224659, 47.47285006233326], [19.061874076724052, 47.47282875944961], [19.06191498041153, 47.47282286716111]]]}}, {"type": "Feature", "id": 37049, "properties": {"buildingId": 2, "floorId": 6, "roomNumber": "-", "roomName": "N\u0151i WC", "scope": "budapest/lagymanyos/eszaki/1/L\u00c9-1-99-A-05-71", "roomCode": "L\u00c9-1-99/A-05-71", "roomType": "social", "__tile": "17/72476/45847", "__layer": "rooms", "__zoom": 17, "__mvtId": 37049, "__building": "eszaki", "__ringVerts": 7, "id": 37049, "catalogFloorId": 6}, "geometry": {"type": "Polygon", "coordinates": [[[19.061965942382812, 47.47281652161893], [19.061971977353096, 47.47283691800182], [19.061964601278305, 47.472837824507536], [19.061965942382812, 47.472840997277444], [19.061923697590828, 47.47284643631112], [19.06191699206829, 47.47282286716111], [19.061965942382812, 47.47281652161893]]]}}, {"type": "Feature", "id": 37016, "properties": {"buildingId": 2, "floorId": 6, "roomNumber": "1.94", "roomName": "El\u0151t\u00e9r", "scope": "budapest/lagymanyos/eszaki/1/L\u00c9-1-94A-04-62", "roomCode": "L\u00c9-1-94A-04-62", "roomType": "corridor", "__tile": "17/72476/45847", "__layer": "rooms", "__zoom": 17, "__mvtId": 37016, "__building": "eszaki", "__ringVerts": 5, "id": 37016, "catalogFloorId": 6}, "geometry": {"type": "Polygon", "coordinates": [[[19.06196393072605, 47.47302547085542], [19.06196929514408, 47.47304405415292], [19.061950519680977, 47.473046320408265], [19.061945155262947, 47.47302773711157], [19.06196393072605, 47.47302547085542]]]}}, {"type": "Feature", "id": 37019, "properties": {"buildingId": 2, "floorId": 6, "roomNumber": "1.94", "roomName": "Mosd\u00f3", "scope": "budapest/lagymanyos/eszaki/1/L\u00c9-1-94C-05-72", "roomCode": "L\u00c9-1-94C-05-72", "roomType": "social", "__tile": "17/72476/45847", "__layer": "rooms", "__zoom": 17, "__mvtId": 37019, "__building": "eszaki", "__ringVerts": 5, "id": 37019, "catalogFloorId": 6}, "geometry": {"type": "Polygon", "coordinates": [[[19.061960577964783, 47.473013686321885], [19.061963260173798, 47.47302411110169], [19.061944484710693, 47.473026830609115], [19.06194180250168, 47.47301595257854], [19.061960577964783, 47.473013686321885]]]}}, {"type": "Feature", "id": 37014, "properties": {"buildingId": 2, "floorId": 6, "roomNumber": "1.88", "roomName": "El\u0151t\u00e9r", "scope": "budapest/lagymanyos/eszaki/1/L\u00c9-1-95-a-04-62", "roomCode": "L\u00c9-1-95/a-04-62", "roomType": "corridor", "__tile": "17/72476/45847", "__layer": "rooms", "__zoom": 17, "__mvtId": 37014, "__building": "eszaki", "__ringVerts": 7, "id": 37014, "catalogFloorId": 6}, "geometry": {"type": "Polygon", "coordinates": [[[19.061968624591827, 47.472995103013645], [19.06197063624859, 47.47300144853427], [19.06197600066662, 47.47300054203137], [19.061978682875633, 47.47300960705966], [19.061941131949425, 47.47301459282456], [19.06193643808365, 47.47299918227699], [19.061968624591827, 47.472995103013645]]]}}, {"type": "Feature", "id": 36886, "properties": {"buildingId": 2, "floorId": 6, "roomNumber": "-", "roomName": "F\u00e9rfi mosd\u00f3", "scope": "budapest/lagymanyos/eszaki/1/L\u00c9-1-102-05-71", "roomCode": "L\u00c9-1-102-05-71", "roomType": "social", "__tile": "17/72476/45847", "__layer": "rooms", "__zoom": 17, "__mvtId": 36886, "__building": "eszaki", "__ringVerts": 5, "id": 36886, "catalogFloorId": 6}, "geometry": {"type": "Polygon", "coordinates": [[[19.061858654022217, 47.47268054553073], [19.061865359544754, 47.47270230172848], [19.061837196350098, 47.472705927760565], [19.061831161379814, 47.4726841715643], [19.061858654022217, 47.47268054553073]]]}}, {"type": "Feature", "id": 36888, "properties": {"buildingId": 2, "floorId": 6, "roomNumber": "-", "roomName": "F\u00e9rfi WC", "scope": "budapest/lagymanyos/eszaki/1/L\u00c9-1-102-B-05-71", "roomCode": "L\u00c9-1-102/B-05-71", "roomType": "social", "__tile": "17/72476/45847", "__layer": "rooms", "__zoom": 17, "__mvtId": 36888, "__building": "eszaki", "__ringVerts": 5, "id": 36888, "catalogFloorId": 6}, "geometry": {"type": "Polygon", "coordinates": [[[19.061921015381813, 47.47267193369996], [19.06192772090435, 47.47269414315538], [19.061903581023216, 47.47269731593396], [19.06189687550068, 47.472675106479876], [19.061921015381813, 47.47267193369996]]]}}, {"type": "Feature", "id": 36885, "properties": {"buildingId": 2, "floorId": 6, "roomNumber": "1.66", "roomName": "ELTE Szolg\u00e1ltat\u00f3 Kft.", "scope": "budapest/lagymanyos/eszaki/1/L\u00c9-1-66-02-33", "roomCode": "L\u00c9-1-66-02-33", "roomType": "administrative", "__tile": "17/72476/45847", "__layer": "rooms", "__zoom": 17, "__mvtId": 36885, "__building": "eszaki", "__ringVerts": 11, "id": 36885, "catalogFloorId": 6}, "geometry": {"type": "Polygon", "coordinates": [[[19.061784222722054, 47.47269051712248], [19.061786234378815, 47.47269686267988], [19.061798974871635, 47.472695049663564], [19.061802327632904, 47.472706381014554], [19.061789587140083, 47.47270819403049], [19.061800986528397, 47.472747173857904], [19.061729907989502, 47.47275669218347], [19.06172789633274, 47.47274944012606], [19.061724543571472, 47.47274989337967], [19.06170979142189, 47.47270048871234], [19.061784222722054, 47.47269051712248]]]}}, {"type": "Feature", "id": 36883, "properties": {"buildingId": 2, "floorId": 6, "roomNumber": "-", "roomName": "Folyos\u00f3", "scope": "budapest/lagymanyos/eszaki/1/L\u00c9-1-K9-04-63", "roomCode": "L\u00c9-1-K9-04-63", "roomType": "corridor", "__tile": "17/72476/45847", "__layer": "rooms", "__zoom": 17, "__mvtId": 36883, "__building": "eszaki", "__ringVerts": 26, "id": 36883, "catalogFloorId": 6}, "geometry": {"type": "Polygon", "coordinates": [[[19.06182512640953, 47.472680092276505], [19.0618284791708, 47.47268235854755], [19.061840549111366, 47.4727249644249], [19.061934426426888, 47.47271227331611], [19.061939120292664, 47.472727230694005], [19.061866030097008, 47.4727372022769], [19.061868712306023, 47.472744454336], [19.06187206506729, 47.47274400108234], [19.06187877058983, 47.4727784483497], [19.061882123351097, 47.47277799509633], [19.061884805560112, 47.47278660690971], [19.061881452798843, 47.472787060163014], [19.06188279390335, 47.47279249920227], [19.06195320188999, 47.472782980883196], [19.061957895755768, 47.472798391494166], [19.06186670064926, 47.47281062932907], [19.061881452798843, 47.47285776762948], [19.06184993684292, 47.472861846903484], [19.061831161379814, 47.472797938240966], [19.06174197793007, 47.47280972282288], [19.061726555228233, 47.47275850519767], [19.06181573867798, 47.472746267350615], [19.061797633767128, 47.47268643783517], [19.06180165708065, 47.472685984581005], [19.061800986528397, 47.472683265055934], [19.06182512640953, 47.472680092276505]]]}}, {"type": "Feature", "id": 37036, "properties": {"buildingId": 2, "floorId": 6, "roomNumber": "1.103", "roomName": "T\u0171zv\u00e9delmi felel\u0151s", "scope": "budapest/lagymanyos/eszaki/1/L\u00c9-1-103-02-33", "roomCode": "L\u00c9-1-103-02-33", "roomType": "administrative", "__tile": "17/72476/45847", "__layer": "rooms", "__zoom": 17, "__mvtId": 37036, "__building": "eszaki", "__ringVerts": 5, "id": 37036, "catalogFloorId": 6}, "geometry": {"type": "Polygon", "coordinates": [[[19.06195655465126, 47.4726651348852], [19.061960577964783, 47.47267963902229], [19.061927050352097, 47.4726841715643], [19.06192235648632, 47.47266966742847], [19.06195655465126, 47.4726651348852]]]}}, {"type": "Feature", "id": 36932, "properties": {"buildingId": 2, "floorId": 6, "roomNumber": "127", "roomName": "Labor", "scope": "budapest/lagymanyos/eszaki/1/LK-1-127-01-14", "roomCode": "LK-1-127-01-14", "roomType": "educational", "__tile": "16/36238/22923", "__layer": "rooms", "__zoom": 16, "__mvtId": 36932, "__building": "eszaki", "__ringVerts": 5, "id": 36932, "catalogFloorId": 6}, "geometry": {"type": "Polygon", "coordinates": [[[19.06167224049568, 47.474120514439164], [19.061680287122726, 47.47414680245665], [19.061613231897354, 47.47415586728721], [19.06160518527031, 47.47412867279082], [19.06167224049568, 47.474120514439164]]]}}, {"type": "Feature", "id": 36930, "properties": {"buildingId": 2, "floorId": 6, "roomNumber": "128", "roomName": "Labor", "scope": "budapest/lagymanyos/eszaki/1/LK-1-128-01-14", "roomCode": "LK-1-128-01-14", "roomType": "educational", "__tile": "16/36238/22923", "__layer": "rooms", "__zoom": 16, "__mvtId": 36930, "__building": "eszaki", "__ringVerts": 5, "id": 36930, "catalogFloorId": 6}, "geometry": {"type": "Polygon", "coordinates": [[[19.061680287122726, 47.47414952190598], [19.06168833374977, 47.47417490342631], [19.0616212785244, 47.47418396825203], [19.061613231897354, 47.47415768025314], [19.061680287122726, 47.47414952190598]]]}}, {"type": "Feature", "id": 36923, "properties": {"buildingId": 2, "floorId": 6, "roomNumber": "-", "roomName": "Folyos\u00f3", "scope": "budapest/lagymanyos/eszaki/1/LK-1-100-2-04-63", "roomCode": "LK-1-100/2-04-63", "roomType": "corridor", "__tile": "16/36238/22923", "__layer": "rooms", "__zoom": 16, "__mvtId": 36923, "__building": "eszaki", "__ringVerts": 33, "id": 36923, "catalogFloorId": 6}, "geometry": {"type": "Polygon", "coordinates": [[[19.061649441719055, 47.474324472850704], [19.061660170555115, 47.47436435795864], [19.061670899391174, 47.47436254499985], [19.061674922704697, 47.47437251627244], [19.061664193868637, 47.47437432923089], [19.061669558286667, 47.474392458811955], [19.06167894601822, 47.474390645854136], [19.06168296933174, 47.474400617121404], [19.06167224049568, 47.47440243007888], [19.06167760491371, 47.474420559650255], [19.06168967485428, 47.4744187466934], [19.061692357063293, 47.474428717955334], [19.061680287122726, 47.47443053091185], [19.06168296933174, 47.47444050217155], [19.061656147241592, 47.4744441280837], [19.061653465032578, 47.47443415682469], [19.06164139509201, 47.47443506330285], [19.061638712882996, 47.474424185563784], [19.061650782823563, 47.47442327908543], [19.061645418405533, 47.47440605599366], [19.061633348464966, 47.474407868950955], [19.06163066625595, 47.474396991206255], [19.061642736196518, 47.47439608472743], [19.061637371778488, 47.47437795514761], [19.06162530183792, 47.47437886162675], [19.061622619628906, 47.474367983876036], [19.061633348464966, 47.474367077396714], [19.061629325151443, 47.47434985428652], [19.061617255210876, 47.474351667245756], [19.06161457300186, 47.474340789489425], [19.06162664294243, 47.47433988300963], [19.061622619628906, 47.474328098770854], [19.061649441719055, 47.474324472850704]]]}}, {"type": "Feature", "id": 36924, "properties": {"buildingId": 2, "floorId": 6, "roomNumber": "-", "roomName": "Folyos\u00f3", "scope": "budapest/lagymanyos/eszaki/1/LK-1-100-2-A-04-63", "roomCode": "LK-1-100/2/A-04-63", "roomType": "corridor", "__tile": "16/36238/22923", "__layer": "rooms", "__zoom": 16, "__mvtId": 36924, "__building": "eszaki", "__ringVerts": 5, "id": 36924, "catalogFloorId": 6}, "geometry": {"type": "Polygon", "coordinates": [[[19.061633348464966, 47.474273709942274], [19.061649441719055, 47.474324472850704], [19.061540812253952, 47.474338976529815], [19.06152606010437, 47.47428730715469], [19.061633348464966, 47.474273709942274]]]}}, {"type": "Feature", "id": 36925, "properties": {"buildingId": 2, "floorId": 6, "roomNumber": "-", "roomName": "L\u00e9pcs\u0151 \u00e9s lift el\u0151t\u00e9r", "scope": "budapest/lagymanyos/eszaki/1/LK-1-100-04-62", "roomCode": "LK-1-100-04-62", "roomType": "corridor", "__tile": "16/36238/22923", "__layer": "rooms", "__zoom": 16, "__mvtId": 36925, "__building": "eszaki", "__ringVerts": 10, "id": 36925, "catalogFloorId": 6}, "geometry": {"type": "Polygon", "coordinates": [[[19.061717838048935, 47.474266458094206], [19.061729907989502, 47.474309062687254], [19.061721861362457, 47.474310875647895], [19.061723202466965, 47.47431540804922], [19.061658829450607, 47.474324472850704], [19.0616574883461, 47.47431903396999], [19.061648100614548, 47.4743208469303], [19.06163603067398, 47.47427733586592], [19.06164675951004, 47.47427552290412], [19.061717838048935, 47.474266458094206]]]}}, {"type": "Feature", "id": 36927, "properties": {"buildingId": 2, "floorId": 6, "roomNumber": "129", "roomName": "Labor", "scope": "budapest/lagymanyos/eszaki/1/LK-1-129-01-14", "roomCode": "LK-1-129-01-14", "roomType": "educational", "__tile": "16/36238/22923", "__layer": "rooms", "__zoom": 16, "__mvtId": 36927, "__building": "eszaki", "__ringVerts": 5, "id": 36927, "catalogFloorId": 6}, "geometry": {"type": "Polygon", "coordinates": [[[19.06168833374977, 47.47417671639158], [19.061696380376816, 47.47420300438094], [19.061629325151443, 47.4742111627198], [19.0616212785244, 47.47418487473451], [19.06168833374977, 47.47417671639158]]]}}, {"type": "Feature", "id": 36928, "properties": {"buildingId": 2, "floorId": 6, "roomNumber": "105", "roomName": "Labor", "scope": "budapest/lagymanyos/eszaki/1/LK-1-105-01-14", "roomCode": "LK-1-105-01-14", "roomType": "educational", "__tile": "16/36238/22923", "__layer": "rooms", "__zoom": 16, "__mvtId": 36928, "__building": "eszaki", "__ringVerts": 5, "id": 36928, "catalogFloorId": 6}, "geometry": {"type": "Polygon", "coordinates": [[[19.0615676343441, 47.47419212659384], [19.061575680971146, 47.47421932105738], [19.061508625745773, 47.47422838587545], [19.06150057911873, 47.47420119141658], [19.0615676343441, 47.47419212659384]]]}}, {"type": "Feature", "id": 37062, "properties": {"buildingId": 2, "floorId": 6, "roomNumber": "100/1", "roomName": "L\u00e9pcs\u0151h\u00e1z", "scope": "budapest/lagymanyos/eszaki/1/LK-1-100-1-04-64", "roomCode": "LK-1-100/1-04-64", "roomType": "corridor", "__tile": "16/36238/22923", "__layer": "rooms", "__zoom": 16, "__mvtId": 37062, "__building": "eszaki", "__ringVerts": 5, "id": 37062, "catalogFloorId": 6}, "geometry": {"type": "Polygon", "coordinates": [[[19.061686992645264, 47.47420663030948], [19.061705768108368, 47.47426736457527], [19.06164675951004, 47.47427461642321], [19.061629325151443, 47.474213882165806], [19.061686992645264, 47.47420663030948]], [[19.061669558286667, 47.474223853466604], [19.061654806137085, 47.47422566643019], [19.061661511659622, 47.47424923495103], [19.061676263809204, 47.474247421988274], [19.061669558286667, 47.474223853466604]]]}}, {"type": "Feature", "id": 36959, "properties": {"buildingId": 2, "floorId": 6, "roomNumber": "139", "roomName": "Labor", "scope": "budapest/lagymanyos/eszaki/1/LK-1-139-01-14", "roomCode": "LK-1-139-01-14", "roomType": "educational", "__tile": "17/72476/45847", "__layer": "rooms", "__zoom": 17, "__mvtId": 36959, "__building": "eszaki", "__ringVerts": 5, "id": 36959, "catalogFloorId": 6}, "geometry": {"type": "Polygon", "coordinates": [[[19.061777517199516, 47.47265788281515], [19.06178556382656, 47.4726841715643], [19.061717838048935, 47.47269323664718], [19.061710461974144, 47.47266694790255], [19.061777517199516, 47.47265788281515]]]}}, {"type": "Feature", "id": 36889, "properties": {"buildingId": 2, "floorId": 6, "roomNumber": "-", "roomName": "Folyos\u00f3", "scope": "budapest/lagymanyos/eszaki/1/L\u00c9-1-K14-04-63", "roomCode": "L\u00c9-1-K14-04-63", "roomType": "corridor", "__tile": "17/72476/45847", "__layer": "rooms", "__zoom": 17, "__mvtId": 36889, "__building": "eszaki", "__ringVerts": 11, "id": 36889, "catalogFloorId": 6}, "geometry": {"type": "Polygon", "coordinates": [[[19.06172253191471, 47.47275759869058], [19.06174063682556, 47.47280972282288], [19.061731919646263, 47.472813348847545], [19.061656147241592, 47.47282377366709], [19.061647430062294, 47.47282196065514], [19.06163938343525, 47.47282286716111], [19.061633348464966, 47.47282377366709], [19.06163401901722, 47.47282694643784], [19.06154416501522, 47.472838277760395], [19.06152807176113, 47.47278434064317], [19.06172253191471, 47.47275759869058]], [[19.06154751777649, 47.47283283872587], [19.061545506119728, 47.47283465173744], [19.061548188328743, 47.472835558243204], [19.06154952943325, 47.47283419848456], [19.06154751777649, 47.47283283872587]], [[19.061638712882996, 47.472820600896135], [19.061637371778488, 47.47282196065514], [19.06163938343525, 47.47282286716111], [19.06164139509201, 47.472821507402145], [19.061638712882996, 47.472820600896135]], [[19.061729907989502, 47.47280836306356], [19.061728566884995, 47.47280972282288], [19.061730578541756, 47.47281108258216], [19.061732590198517, 47.47280926956977], [19.061729907989502, 47.47280836306356]], [[19.06153343617916, 47.47278479389649], [19.061532095074654, 47.47278615365641], [19.061534106731415, 47.4727875134163], [19.061536118388176, 47.47278570040311], [19.06153343617916, 47.47278479389649]], [[19.061624631285667, 47.47277255605557], [19.06162329018116, 47.47277391581581], [19.06162530183792, 47.47277482232261], [19.061627313494682, 47.472773462562394], [19.061624631285667, 47.47277255605557]], [[19.061716496944427, 47.4727603182118], [19.061714485287666, 47.47276167797235], [19.06171716749668, 47.47276303773288], [19.06171850860119, 47.47276122471884], [19.061716496944427, 47.4727603182118]]]}}, {"type": "Feature", "id": 36891, "properties": {"buildingId": 2, "floorId": 6, "roomNumber": "1.81", "roomName": "TTK Tanulm\u00e1nyi Hivatal", "scope": "budapest/lagymanyos/eszaki/1/L\u00c9-1-81-02-33", "roomCode": "L\u00c9-1-81-02-33", "roomType": "administrative", "__tile": "17/72476/45847", "__layer": "rooms", "__zoom": 17, "__mvtId": 36891, "__building": "eszaki", "__ringVerts": 7, "id": 36891, "catalogFloorId": 6}, "geometry": {"type": "Polygon", "coordinates": [[[19.0616487711668, 47.47285414160787], [19.061649441719055, 47.47285776762948], [19.061653465032578, 47.47285686112409], [19.061660170555115, 47.472879070501364], [19.06158372759819, 47.47288949530786], [19.0615763515234, 47.472863659914054], [19.0616487711668, 47.47285414160787]]]}}, {"type": "Feature", "id": 37059, "properties": {"buildingId": 2, "floorId": 6, "roomNumber": "-", "roomName": "F\u00e9rfi WC", "scope": "budapest/lagymanyos/eszaki/1/LK-1-130-A-05-71", "roomCode": "LK-1-130/A-05-71", "roomType": "social", "__tile": "16/36238/22923", "__layer": "rooms", "__zoom": 16, "__mvtId": 37059, "__building": "eszaki", "__ringVerts": 8, "id": 37059, "catalogFloorId": 6}, "geometry": {"type": "Polygon", "coordinates": [[[19.061728566884995, 47.47434169596921], [19.06173661351204, 47.47437251627244], [19.061700403690338, 47.47437795514761], [19.061697721481323, 47.474367077396714], [19.06168431043625, 47.47435982556153], [19.06167224049568, 47.474360732040985], [19.061669558286667, 47.47434985428652], [19.061728566884995, 47.47434169596921]]]}}, {"type": "Feature", "id": 37061, "properties": {"buildingId": 2, "floorId": 6, "roomNumber": "-", "roomName": "N\u0151i mosd\u00f3", "scope": "budapest/lagymanyos/eszaki/1/LK-1-131-05-71", "roomCode": "LK-1-131-05-71", "roomType": "social", "__tile": "16/36238/22923", "__layer": "rooms", "__zoom": 16, "__mvtId": 37061, "__building": "eszaki", "__ringVerts": 5, "id": 37061, "catalogFloorId": 6}, "geometry": {"type": "Polygon", "coordinates": [[[19.06169906258583, 47.47437976810587], [19.061707109212875, 47.47440605599366], [19.061686992645264, 47.47440877542958], [19.06167894601822, 47.474382487543146], [19.06169906258583, 47.47437976810587]]]}}, {"type": "Feature", "id": 37060, "properties": {"buildingId": 2, "floorId": 6, "roomNumber": "-", "roomName": "N\u0151i WC", "scope": "budapest/lagymanyos/eszaki/1/LK-1-131-A-05-71", "roomCode": "LK-1-131/A-05-71", "roomType": "social", "__tile": "16/36238/22923", "__layer": "rooms", "__zoom": 16, "__mvtId": 37060, "__building": "eszaki", "__ringVerts": 5, "id": 37060, "catalogFloorId": 6}, "geometry": {"type": "Polygon", "coordinates": [[[19.061737954616547, 47.47437342275167], [19.06174600124359, 47.47440152360015], [19.061708450317383, 47.47440605599366], [19.061700403690338, 47.47437886162675], [19.061737954616547, 47.47437342275167]]]}}, {"type": "Feature", "id": 36921, "properties": {"buildingId": 2, "floorId": 6, "roomNumber": "102", "roomName": "Labor", "scope": "budapest/lagymanyos/eszaki/1/LK-1-102-01-14", "roomCode": "LK-1-102-01-14", "roomType": "educational", "__tile": "16/36238/22923", "__layer": "rooms", "__zoom": 16, "__mvtId": 36921, "__building": "eszaki", "__ringVerts": 5, "id": 36921, "catalogFloorId": 6}, "geometry": {"type": "Polygon", "coordinates": [[[19.06162664294243, 47.474388832896246], [19.061634689569473, 47.474416027258], [19.0615676343441, 47.474425092042125], [19.061559587717056, 47.474397897685066], [19.06162664294243, 47.474388832896246]]]}}, {"type": "Feature", "id": 36922, "properties": {"buildingId": 2, "floorId": 6, "roomNumber": "101", "roomName": "Labor", "scope": "budapest/lagymanyos/eszaki/1/LK-1-101-01-14", "roomCode": "LK-1-101-01-14", "roomType": "educational", "__tile": "16/36238/22923", "__layer": "rooms", "__zoom": 16, "__mvtId": 36922, "__building": "eszaki", "__ringVerts": 5, "id": 36922, "catalogFloorId": 6}, "geometry": {"type": "Polygon", "coordinates": [[[19.061634689569473, 47.474416933736485], [19.061642736196518, 47.474445941039676], [19.061575680971146, 47.474452286385116], [19.0615676343441, 47.47442599852045], [19.061634689569473, 47.474416933736485]]]}}, {"type": "Feature", "id": 37002, "properties": {"buildingId": 2, "floorId": 6, "roomNumber": "1.126", "roomName": "Iroda", "scope": "budapest/lagymanyos/eszaki/1/L\u00c9-1-126-02-33", "roomCode": "L\u00c9-1-126-02-33", "roomType": "administrative", "__tile": "17/72476/45847", "__layer": "rooms", "__zoom": 17, "__mvtId": 37002, "__building": "eszaki", "__ringVerts": 5, "id": 37002, "catalogFloorId": 6}, "geometry": {"type": "Polygon", "coordinates": [[[19.06248964369297, 47.47270864728446], [19.062497690320015, 47.47273584251571], [19.062425270676613, 47.472745814096974], [19.062417224049568, 47.472718618870886], [19.06248964369297, 47.47270864728446]]]}}, {"type": "Feature", "id": 37003, "properties": {"buildingId": 2, "floorId": 6, "roomNumber": "1.127", "roomName": "TTK D\u00e9k\u00e1ni Tikt\u00e1rs\u00e1g", "scope": "budapest/lagymanyos/eszaki/1/L\u00c9-1-127-02-33", "roomCode": "L\u00c9-1-127-02-33", "roomType": "administrative", "__tile": "17/72476/45847", "__layer": "rooms", "__zoom": 17, "__mvtId": 37003, "__building": "eszaki", "__ringVerts": 5, "id": 37003, "catalogFloorId": 6}, "geometry": {"type": "Polygon", "coordinates": [[[19.06249836087227, 47.47273674902318], [19.06250774860382, 47.472767570267706], [19.062434658408165, 47.47277754184295], [19.062425941228867, 47.47274672060426], [19.06249836087227, 47.47273674902318]]]}}, {"type": "Feature", "id": 37050, "properties": {"buildingId": 2, "floorId": 6, "roomNumber": "-", "roomName": "N\u0151i mosd\u00f3", "scope": "budapest/lagymanyos/eszaki/1/L\u00c9-1-105-05-71", "roomCode": "L\u00c9-1-105-05-71", "roomType": "social", "__tile": "16/36238/22923", "__layer": "rooms", "__zoom": 16, "__mvtId": 37050, "__building": "eszaki", "__ringVerts": 5, "id": 37050, "catalogFloorId": 6}, "geometry": {"type": "Polygon", "coordinates": [[[19.062338769435883, 47.47447041593929], [19.06234547495842, 47.47449217139604], [19.06231865286827, 47.47449579730463], [19.062311947345734, 47.474474041849376], [19.062338769435883, 47.47447041593929]]]}}, {"type": "Feature", "id": 37004, "properties": {"buildingId": 2, "floorId": 6, "roomNumber": "1.128", "roomName": "TTK D\u00e9k\u00e1n", "scope": "budapest/lagymanyos/eszaki/1/L\u00c9-1-128-02-33", "roomCode": "L\u00c9-1-128-02-33", "roomType": "administrative", "__tile": "17/72476/45847", "__layer": "rooms", "__zoom": 17, "__mvtId": 37004, "__building": "eszaki", "__ringVerts": 9, "id": 37004, "catalogFloorId": 6}, "geometry": {"type": "Polygon", "coordinates": [[[19.06250774860382, 47.47276893002808], [19.06252384185791, 47.47282196065514], [19.062451422214508, 47.47283193222007], [19.062449410557747, 47.47282694643784], [19.06243935227394, 47.472828306196675], [19.06243532896042, 47.472813348847545], [19.062445387244225, 47.47281198908832], [19.06243532896042, 47.47277890160306], [19.06250774860382, 47.47276893002808]]]}}, {"type": "Feature", "id": 37069, "properties": {"buildingId": 2, "floorId": 6, "roomNumber": "1.116", "roomName": "El\u0151t\u00e9r", "scope": "budapest/lagymanyos/eszaki/1/L\u00c9-1-116-04-62", "roomCode": "L\u00c9-1-116-04-62", "roomType": "corridor", "__tile": "16/36238/22923", "__layer": "rooms", "__zoom": 16, "__mvtId": 37069, "__building": "eszaki", "__ringVerts": 9, "id": 37069, "catalogFloorId": 6}, "geometry": {"type": "Polygon", "coordinates": [[[19.06227707862854, 47.47414680245665], [19.062281101942062, 47.4741613061848], [19.062290489673615, 47.47416039970191], [19.06229317188263, 47.474171277495586], [19.062283784151077, 47.47417218397829], [19.062286466360092, 47.47417943583937], [19.062254279851913, 47.47418306176953], [19.06224489212036, 47.47415042838906], [19.06227707862854, 47.47414680245665]]]}}, {"type": "Feature", "id": 36985, "properties": {"buildingId": 2, "floorId": 6, "roomNumber": "1.119", "roomName": "Iroda", "scope": "budapest/lagymanyos/eszaki/1/L\u00c9-1-119-02-33", "roomCode": "L\u00c9-1-119-02-33", "roomType": "administrative", "__tile": "16/36238/22923", "__layer": "rooms", "__zoom": 16, "__mvtId": 36985, "__building": "eszaki", "__ringVerts": 5, "id": 36985, "catalogFloorId": 6}, "geometry": {"type": "Polygon", "coordinates": [[[19.062404483556747, 47.47428277475094], [19.062412530183792, 47.47430996916758], [19.06234011054039, 47.47431994045016], [19.062332063913345, 47.47429274603868], [19.062404483556747, 47.47428277475094]]]}}, {"type": "Feature", "id": 36977, "properties": {"buildingId": 2, "floorId": 6, "roomNumber": "1.114", "roomName": "Iroda", "scope": "budapest/lagymanyos/eszaki/1/L\u00c9-1-114-02-33", "roomCode": "L\u00c9-1-114-02-33", "roomType": "administrative", "__tile": "16/36238/22923", "__layer": "rooms", "__zoom": 16, "__mvtId": 36977, "__building": "eszaki", "__ringVerts": 6, "id": 36977, "catalogFloorId": 6}, "geometry": {"type": "Polygon", "coordinates": [[[19.062171131372452, 47.47421478864777], [19.062180519104004, 47.47424923495103], [19.06217783689499, 47.47425648680148], [19.06213089823723, 47.47426283216979], [19.06211882829666, 47.47422204050297], [19.062171131372452, 47.47421478864777]]]}}, {"type": "Feature", "id": 36982, "properties": {"buildingId": 2, "floorId": 6, "roomNumber": "1.112", "roomName": "Iroda", "scope": "budapest/lagymanyos/eszaki/1/L\u00c9-1-112-02-33", "roomCode": "L\u00c9-1-112-02-33", "roomType": "administrative", "__tile": "16/36238/22923", "__layer": "rooms", "__zoom": 16, "__mvtId": 36982, "__building": "eszaki", "__ringVerts": 5, "id": 36982, "catalogFloorId": 6}, "geometry": {"type": "Polygon", "coordinates": [[[19.062269032001495, 47.47427280346131], [19.06227707862854, 47.47429909140261], [19.0621979534626, 47.47430724972655], [19.062189906835556, 47.47428277475094], [19.062269032001495, 47.47427280346131]]]}}, {"type": "Feature", "id": 36976, "properties": {"buildingId": 2, "floorId": 6, "roomNumber": "149", "roomName": "Oktat\u00f3i szoba", "scope": "budapest/lagymanyos/eszaki/1/LK-1-149-02-33", "roomCode": "LK-1-149-02-33", "roomType": "administrative", "__tile": "16/36238/22923", "__layer": "rooms", "__zoom": 16, "__mvtId": 36976, "__building": "eszaki", "__ringVerts": 7, "id": 36976, "catalogFloorId": 6}, "geometry": {"type": "Polygon", "coordinates": [[[19.062097370624542, 47.474224759948406], [19.06209871172905, 47.47423019883887], [19.062112122774124, 47.47422838587545], [19.062122851610184, 47.474263738650926], [19.062083959579468, 47.474269177537344], [19.0620718896389, 47.47422838587545], [19.062097370624542, 47.474224759948406]]]}}, {"type": "Feature", "id": 36984, "properties": {"buildingId": 2, "floorId": 6, "roomNumber": "1.111", "roomName": "Iroda", "scope": "budapest/lagymanyos/eszaki/1/L\u00c9-1-111-02-33", "roomCode": "L\u00c9-1-111-02-33", "roomType": "administrative", "__tile": "16/36238/22923", "__layer": "rooms", "__zoom": 16, "__mvtId": 36984, "__building": "eszaki", "__ringVerts": 6, "id": 36984, "catalogFloorId": 6}, "geometry": {"type": "Polygon", "coordinates": [[[19.062278419733047, 47.474300904363595], [19.062286466360092, 47.474327192290836], [19.062207341194153, 47.47433807004999], [19.062199294567108, 47.47431359508873], [19.062204658985138, 47.47431268860847], [19.062278419733047, 47.474300904363595]]]}}, {"type": "Feature", "id": 36989, "properties": {"buildingId": 2, "floorId": 6, "roomNumber": "1.109", "roomName": "Iroda", "scope": "budapest/lagymanyos/eszaki/1/L\u00c9-1-109-02-33", "roomCode": "L\u00c9-1-109-02-33", "roomType": "administrative", "__tile": "16/36238/22923", "__layer": "rooms", "__zoom": 16, "__mvtId": 36989, "__building": "eszaki", "__ringVerts": 5, "id": 36989, "catalogFloorId": 6}, "geometry": {"type": "Polygon", "coordinates": [[[19.062294512987137, 47.474356199643566], [19.06230255961418, 47.47438339402222], [19.062223434448242, 47.47439427176972], [19.062222093343735, 47.47436889035536], [19.062294512987137, 47.474356199643566]]]}}, {"type": "Feature", "id": 36975, "properties": {"buildingId": 2, "floorId": 6, "roomNumber": "148", "roomName": "Oktat\u00f3i szoba", "scope": "budapest/lagymanyos/eszaki/1/LK-1-148-02-33", "roomCode": "LK-1-148-02-33", "roomType": "administrative", "__tile": "16/36238/22923", "__layer": "rooms", "__zoom": 16, "__mvtId": 36975, "__building": "eszaki", "__ringVerts": 6, "id": 36975, "catalogFloorId": 6}, "geometry": {"type": "Polygon", "coordinates": [[[19.062089323997498, 47.474151334872126], [19.062105417251587, 47.47420572382737], [19.062097370624542, 47.47420934975572], [19.062065184116364, 47.474207536791575], [19.062049090862274, 47.474154054321225], [19.062089323997498, 47.474151334872126]]]}}, {"type": "Feature", "id": 37044, "properties": {"buildingId": 2, "floorId": 6, "roomNumber": "1.135A", "roomName": "B\u00fcf\u00e9 mosd\u00f3", "scope": "budapest/lagymanyos/eszaki/1/L\u00c9-1-135A-05-71", "roomCode": "L\u00c9-1-135A-05-71", "roomType": "social", "__tile": "17/72476/45847", "__layer": "rooms", "__zoom": 17, "__mvtId": 37044, "__building": "eszaki", "__ringVerts": 5, "id": 37044, "catalogFloorId": 6}, "geometry": {"type": "Polygon", "coordinates": [[[19.062419906258583, 47.472919409958514], [19.06242325901985, 47.47293164776523], [19.06239241361618, 47.4729357270335], [19.062388390302658, 47.47292348922773], [19.062419906258583, 47.472919409958514]]]}}, {"type": "Feature", "id": 37006, "properties": {"buildingId": 2, "floorId": 6, "roomNumber": "1.137", "roomName": "Iratt\u00e1r", "scope": "budapest/lagymanyos/eszaki/1/L\u00c9-1-137-02-34", "roomCode": "L\u00c9-1-137-02-34", "roomType": "administrative", "__tile": "17/72476/45847", "__layer": "rooms", "__zoom": 17, "__mvtId": 37006, "__building": "eszaki", "__ringVerts": 13, "id": 37006, "catalogFloorId": 6}, "geometry": {"type": "Polygon", "coordinates": [[[19.062380343675613, 47.47278660690971], [19.06239040195942, 47.472820600896135], [19.062400460243225, 47.4728192411371], [19.062404483556747, 47.47283193222007], [19.06239442527294, 47.47283329197877], [19.062397107481956, 47.47284281028873], [19.062322676181793, 47.47285232859697], [19.062313959002495, 47.47282332041411], [19.062323346734047, 47.47282196065514], [19.06232200562954, 47.47281788137804], [19.062312617897987, 47.4728192411371], [19.062306582927704, 47.47279657848135], [19.062380343675613, 47.47278660690971]]]}}, {"type": "Feature", "id": 37011, "properties": {"buildingId": 2, "floorId": 6, "roomNumber": "1.131", "roomName": "K\u00f6nyvrakt\u00e1r", "scope": "budapest/lagymanyos/eszaki/1/L\u00c9-1-131-02-34", "roomCode": "L\u00c9-1-131-02-34", "roomType": "administrative", "__tile": "17/72476/45847", "__layer": "rooms", "__zoom": 17, "__mvtId": 37011, "__building": "eszaki", "__ringVerts": 23, "id": 37011, "catalogFloorId": 6}, "geometry": {"type": "Polygon", "coordinates": [[[19.062530547380447, 47.47293980630147], [19.062574803829193, 47.473086659737035], [19.062528535723686, 47.47309300524661], [19.06252384185791, 47.47307668822045], [19.062512442469597, 47.47307804797281], [19.062517136335373, 47.47309436499856], [19.062397107481956, 47.47311113526973], [19.06238704919815, 47.4730785012236], [19.06239442527294, 47.47307759472203], [19.062393084168434, 47.47307306221395], [19.06250573694706, 47.473057651683526], [19.062508419156075, 47.47306535694929], [19.062519818544388, 47.47306399719659], [19.062507078051567, 47.473020031840264], [19.06249701976776, 47.473021391594116], [19.062493667006493, 47.47300870055691], [19.062503054738045, 47.47300779405413], [19.062490314245224, 47.472964281902556], [19.062480255961418, 47.472965641657844], [19.06247690320015, 47.47295295060717], [19.0624862909317, 47.47295159085156], [19.062484949827194, 47.47294615182877], [19.062530547380447, 47.47293980630147]]]}}, {"type": "Feature", "id": 36947, "properties": {"buildingId": 2, "floorId": 6, "roomNumber": "116", "roomName": "Labor", "scope": "budapest/lagymanyos/eszaki/1/LK-1-116-01-14", "roomCode": "LK-1-116-01-14", "roomType": "educational", "__tile": "16/36238/22923", "__layer": "rooms", "__zoom": 16, "__mvtId": 36947, "__building": "eszaki", "__ringVerts": 5, "id": 36947, "catalogFloorId": 6}, "geometry": {"type": "Polygon", "coordinates": [[[19.06156226992607, 47.47375157432365], [19.06157836318016, 47.47380505720363], [19.061511307954788, 47.473815028582], [19.0614952147007, 47.47376063922239], [19.06156226992607, 47.47375157432365]]]}}, {"type": "Feature", "id": 36948, "properties": {"buildingId": 2, "floorId": 6, "roomNumber": "115", "roomName": "Szemin\u00e1riumi terem", "scope": "budapest/lagymanyos/eszaki/1/LK-1-115-01-12", "roomCode": "LK-1-115-01-12", "roomType": "educational", "__tile": "16/36238/22923", "__layer": "rooms", "__zoom": 16, "__mvtId": 36948, "__building": "eszaki", "__ringVerts": 5, "id": 36948, "catalogFloorId": 6}, "geometry": {"type": "Polygon", "coordinates": [[[19.061538130044937, 47.473665457707604], [19.06156361103058, 47.47374885485372], [19.061483144760132, 47.47375973273259], [19.061461687088013, 47.47374250942334], [19.061538130044937, 47.473665457707604]], [[19.06155288219452, 47.47374613538365], [19.06155154109001, 47.47374794836371], [19.061554223299026, 47.47374885485372], [19.061555564403534, 47.473747041873686], [19.06155288219452, 47.47374613538365]], [[19.061492532491684, 47.47371894067523], [19.061491191387177, 47.473720753656224], [19.06149387359619, 47.473722566637164], [19.0614952147007, 47.473720753656224], [19.061492532491684, 47.47371894067523]], [[19.061532765626907, 47.47367905507741], [19.0615314245224, 47.47368086805979], [19.061532765626907, 47.47368177455096], [19.061535447835922, 47.473679961568614], [19.061532765626907, 47.47367905507741]]]}}, {"type": "Feature", "id": 36940, "properties": {"buildingId": 2, "floorId": 6, "roomNumber": "111", "roomName": "Spektrok\u00e9miai m\u00e9r\u0151szoba/hallgat\u00f3i labor", "scope": "budapest/lagymanyos/eszaki/1/LK-1-111-01-14", "roomCode": "LK-1-111-01-14", "roomType": "educational", "__tile": "16/36238/22923", "__layer": "rooms", "__zoom": 16, "__mvtId": 36940, "__building": "eszaki", "__ringVerts": 8, "id": 36940, "catalogFloorId": 6}, "geometry": {"type": "Polygon", "coordinates": [[[19.061483144760132, 47.47390839685142], [19.061508625745773, 47.47399088712617], [19.061440229415894, 47.47399995198363], [19.061424136161804, 47.473946469302014], [19.061434864997864, 47.47394193686886], [19.061422795057297, 47.47394374984217], [19.061414748430252, 47.47391746172311], [19.061483144760132, 47.47390839685142]]]}}, {"type": "Feature", "id": 36938, "properties": {"buildingId": 2, "floorId": 6, "roomNumber": "109", "roomName": "Labor", "scope": "budapest/lagymanyos/eszaki/1/LK-1-109-01-14", "roomCode": "LK-1-109-01-14", "roomType": "educational", "__tile": "16/36238/22923", "__layer": "rooms", "__zoom": 16, "__mvtId": 36938, "__building": "eszaki", "__ringVerts": 5, "id": 36938, "catalogFloorId": 6}, "geometry": {"type": "Polygon", "coordinates": [[[19.061524718999863, 47.47404799570207], [19.061532765626907, 47.47407428375583], [19.061465710401535, 47.47408334859891], [19.06145766377449, 47.47405706054969], [19.061524718999863, 47.47404799570207]]]}}, {"type": "Feature", "id": 36941, "properties": {"buildingId": 2, "floorId": 6, "roomNumber": "121", "roomName": "Labor", "scope": "budapest/lagymanyos/eszaki/1/LK-1-121-01-14", "roomCode": "LK-1-121-01-14", "roomType": "educational", "__tile": "16/36238/22923", "__layer": "rooms", "__zoom": 16, "__mvtId": 36941, "__building": "eszaki", "__ringVerts": 5, "id": 36941, "catalogFloorId": 6}, "geometry": {"type": "Polygon", "coordinates": [[[19.06161993741989, 47.4739473757886], [19.061627984046936, 47.47397366389269], [19.061560928821564, 47.47398363523908], [19.06155288219452, 47.473956440653566], [19.06161993741989, 47.4739473757886]]]}}, {"type": "Feature", "id": 36931, "properties": {"buildingId": 2, "floorId": 6, "roomNumber": "107", "roomName": "Labor", "scope": "budapest/lagymanyos/eszaki/1/LK-1-107-01-14", "roomCode": "LK-1-107-01-14", "roomType": "educational", "__tile": "16/36238/22923", "__layer": "rooms", "__zoom": 16, "__mvtId": 36931, "__building": "eszaki", "__ringVerts": 5, "id": 36931, "catalogFloorId": 6}, "geometry": {"type": "Polygon", "coordinates": [[[19.061543494462967, 47.474108730151194], [19.061559587717056, 47.47416311915054], [19.061491191387177, 47.474171277495586], [19.061475098133087, 47.47411779498833], [19.061543494462967, 47.474108730151194]]]}}, {"type": "Feature", "id": 36946, "properties": {"buildingId": 2, "floorId": 6, "roomNumber": "114", "roomName": "Labor", "scope": "budapest/lagymanyos/eszaki/1/LK-1-114-01-14", "roomCode": "LK-1-114-01-14", "roomType": "educational", "__tile": "16/36238/22923", "__layer": "rooms", "__zoom": 16, "__mvtId": 36946, "__building": "eszaki", "__ringVerts": 9, "id": 36946, "catalogFloorId": 6}, "geometry": {"type": "Polygon", "coordinates": [[[19.061459004878998, 47.47382409346981], [19.061483144760132, 47.4739065838769], [19.061414748430252, 47.4739156487489], [19.061406701803207, 47.47389026710334], [19.061414748430252, 47.47388573466535], [19.061406701803207, 47.47388664115298], [19.061390608549118, 47.473833158356044], [19.061398655176163, 47.47383225186748], [19.061459004878998, 47.47382409346981]]]}}, {"type": "Feature", "id": 36942, "properties": {"buildingId": 2, "floorId": 6, "roomNumber": "120", "roomName": "Labor", "scope": "budapest/lagymanyos/eszaki/1/LK-1-120-01-14", "roomCode": "LK-1-120-01-14", "roomType": "educational", "__tile": "16/36238/22923", "__layer": "rooms", "__zoom": 16, "__mvtId": 36942, "__building": "eszaki", "__ringVerts": 5, "id": 36942, "catalogFloorId": 6}, "geometry": {"type": "Polygon", "coordinates": [[[19.061611890792847, 47.47392018118431], [19.06161993741989, 47.473946469302014], [19.06155288219452, 47.47395553416714], [19.061544835567474, 47.47392924605397], [19.061611890792847, 47.47392018118431]]]}}, {"type": "Feature", "id": 36929, "properties": {"buildingId": 2, "floorId": 6, "roomNumber": "106", "roomName": "Labor", "scope": "budapest/lagymanyos/eszaki/1/LK-1-106-01-14", "roomCode": "LK-1-106-01-14", "roomType": "educational", "__tile": "16/36238/22923", "__layer": "rooms", "__zoom": 16, "__mvtId": 36929, "__building": "eszaki", "__ringVerts": 5, "id": 36929, "catalogFloorId": 6}, "geometry": {"type": "Polygon", "coordinates": [[[19.061559587717056, 47.47416493211622], [19.0615676343441, 47.47419122011148], [19.06150057911873, 47.47420028493438], [19.061492532491684, 47.47417399694365], [19.061559587717056, 47.47416493211622]]]}}, {"type": "Feature", "id": 36937, "properties": {"buildingId": 2, "floorId": 6, "roomNumber": "108", "roomName": "Hallgat\u00f3i m\u0171szeres XRF labor", "scope": "budapest/lagymanyos/eszaki/1/LK-1-108-01-14", "roomCode": "LK-1-108-01-14", "roomType": "educational", "__tile": "16/36238/22923", "__layer": "rooms", "__zoom": 16, "__mvtId": 36937, "__building": "eszaki", "__ringVerts": 5, "id": 36937, "catalogFloorId": 6}, "geometry": {"type": "Polygon", "coordinates": [[[19.061532765626907, 47.47407609672457], [19.061540812253952, 47.474102384764265], [19.06147375702858, 47.474111449602496], [19.061465710401535, 47.47408516156734], [19.061532765626907, 47.47407609672457]]]}}, {"type": "Feature", "id": 36944, "properties": {"buildingId": 2, "floorId": 6, "roomNumber": "118", "roomName": "Labor", "scope": "budapest/lagymanyos/eszaki/1/LK-1-118-01-14", "roomCode": "LK-1-118-01-14", "roomType": "educational", "__tile": "16/36238/22923", "__layer": "rooms", "__zoom": 16, "__mvtId": 36944, "__building": "eszaki", "__ringVerts": 5, "id": 36944, "catalogFloorId": 6}, "geometry": {"type": "Polygon", "coordinates": [[[19.061586409807205, 47.4738358778216], [19.06159445643425, 47.47386125949342], [19.061527401208878, 47.473871230861135], [19.061519354581833, 47.47384403621745], [19.061586409807205, 47.4738358778216]]]}}, {"type": "Feature", "id": 36949, "properties": {"buildingId": 2, "floorId": 6, "roomNumber": "-", "roomName": "Folyos\u00f3", "scope": "budapest/lagymanyos/eszaki/1/LK-1-100-3-04-63", "roomCode": "LK-1-100/3-04-63", "roomType": "corridor", "__tile": "16/36238/22923", "__layer": "rooms", "__zoom": 16, "__mvtId": 36949, "__building": "eszaki", "__ringVerts": 127, "id": 36949, "catalogFloorId": 6}, "geometry": {"type": "Polygon", "coordinates": [[[19.061461687088013, 47.47374250942334], [19.061480462551117, 47.47375429379343], [19.061483144760132, 47.473769704119576], [19.0614952147007, 47.47376879762992], [19.061497896909714, 47.47377967550466], [19.061487168073654, 47.47378148848357], [19.061492532491684, 47.473797805290886], [19.061503261327744, 47.47379599231254], [19.061507284641266, 47.47380777667065], [19.0614952147007, 47.47380868315962], [19.06150057911873, 47.47382681293584], [19.061511307954788, 47.473824999958495], [19.06151533126831, 47.4738358778216], [19.061503261327744, 47.47383769079857], [19.061508625745773, 47.473854007588436], [19.06152069568634, 47.47385219461204], [19.061523377895355, 47.47386307246951], [19.061512649059296, 47.473864885445536], [19.061516672372818, 47.47388210871467], [19.061528742313385, 47.47388120222696], [19.0615314245224, 47.473892080078436], [19.06152069568634, 47.47389298656596], [19.06152606010437, 47.47391020982588], [19.06153678894043, 47.47390839685142], [19.061540812253952, 47.47392018118431], [19.061528742313385, 47.47392108767135], [19.061534106731415, 47.47393921740879], [19.061544835567474, 47.473937404435326], [19.061548858880997, 47.47394828227516], [19.06153678894043, 47.47395009524824], [19.06154215335846, 47.473966412003215], [19.061554223299026, 47.473964599030694], [19.06155690550804, 47.47397547686491], [19.061544835567474, 47.47397728983705], [19.061550199985504, 47.4739954195551], [19.06156226992607, 47.47399360658357], [19.061564952135086, 47.47400448441178], [19.061554223299026, 47.47400539089736], [19.061559587717056, 47.47402261412045], [19.061570316553116, 47.474020801149855], [19.061574339866638, 47.47403167897243], [19.06156226992607, 47.474033491942635], [19.061585068702698, 47.474111449602496], [19.061597138643265, 47.47410963663498], [19.06159982085228, 47.474120514439164], [19.06158909201622, 47.47412142092274], [19.061593115329742, 47.474138644107796], [19.06160518527031, 47.474136831141216], [19.061607867479324, 47.474147708939775], [19.061597138643265, 47.47414952190598], [19.061602503061295, 47.47416765156461], [19.061613231897354, 47.474165838599035], [19.061617255210876, 47.47417671639158], [19.06160518527031, 47.47417762287419], [19.06161054968834, 47.474194846040824], [19.061622619628906, 47.474193033076176], [19.06162530183792, 47.4742039108631], [19.061613231897354, 47.47420572382737], [19.061633348464966, 47.474273709942274], [19.061607867479324, 47.474276429385036], [19.061603844165802, 47.47426555161312], [19.061591774225235, 47.474266458094206], [19.06158909201622, 47.47425648680148], [19.061601161956787, 47.47425467383896], [19.061595797538757, 47.47423745069194], [19.06158372759819, 47.47423926365505], [19.061581045389175, 47.47422838587545], [19.061591774225235, 47.47422747939371], [19.061586409807205, 47.47420934975572], [19.061575680971146, 47.47421025623777], [19.061571657657623, 47.474199378452155], [19.06158372759819, 47.47419847196993], [19.06157836318016, 47.47418215528701], [19.0615676343441, 47.47418396825203], [19.06156361103058, 47.47417309046098], [19.061575680971146, 47.474171277495586], [19.061570316553116, 47.47415314783821], [19.06155824661255, 47.47415496080423], [19.061555564403534, 47.474144083007175], [19.0615676343441, 47.47414227004078], [19.06156226992607, 47.47412504685691], [19.061550199985504, 47.4741268598239], [19.06154751777649, 47.474115982021026], [19.061559587717056, 47.47411507553735], [19.06155288219452, 47.474093319924485], [19.061540812253952, 47.47409422640853], [19.061538130044937, 47.47408425508313], [19.061548858880997, 47.47408244211467], [19.061544835567474, 47.47406521891119], [19.061532765626907, 47.474067031880246], [19.061530083417892, 47.474056154064996], [19.061540812253952, 47.47405434109557], [19.061535447835922, 47.47403711788288], [19.061524718999863, 47.47403802436789], [19.06152069568634, 47.47402805303182], [19.061532765626907, 47.47402624006143], [19.061527401208878, 47.47400901683953], [19.06151533126831, 47.474010829810524], [19.061512649059296, 47.47399995198363], [19.061524718999863, 47.47399904549796], [19.061519354581833, 47.47398091578116], [19.061507284641266, 47.47398182226715], [19.06150460243225, 47.473971850920414], [19.06151533126831, 47.47397003794808], [19.061511307954788, 47.47395281470776], [19.06149923801422, 47.47395462768069], [19.061496555805206, 47.47394374984217], [19.061507284641266, 47.47394193686886], [19.061501920223236, 47.47392471361933], [19.061491191387177, 47.473926526593246], [19.061487168073654, 47.4739156487489], [19.06149923801422, 47.473913835774624], [19.06149387359619, 47.47389751900333], [19.061483144760132, 47.47389842549075], [19.06147912144661, 47.473887547640594], [19.061491191387177, 47.47388664115298], [19.061485826969147, 47.473868511397406], [19.06147375702858, 47.47386941788533], [19.061471074819565, 47.473859446517274], [19.061483144760132, 47.47385763354106], [19.061477780342102, 47.473840410263904], [19.061465710401535, 47.4738422232407], [19.06146302819252, 47.47383134537892], [19.06147375702858, 47.47382953240173], [19.061456322669983, 47.47376063922239], [19.06144693493843, 47.47375701326308], [19.061461687088013, 47.47374250942334]]]}}, {"type": "Feature", "id": 36951, "properties": {"buildingId": 2, "floorId": 6, "roomNumber": "125", "roomName": "F\u00e9rfi WC", "scope": "budapest/lagymanyos/eszaki/1/LK-1-125-05-71", "roomCode": "LK-1-125-05-71", "roomType": "social", "__tile": "16/36238/22923", "__layer": "rooms", "__zoom": 16, "__mvtId": 36951, "__building": "eszaki", "__ringVerts": 11, "id": 36951, "catalogFloorId": 6}, "geometry": {"type": "Polygon", "coordinates": [[[19.06161993741989, 47.47406431242664], [19.06162664294243, 47.474091506956334], [19.061582386493683, 47.47409694586059], [19.061581045389175, 47.474087881019855], [19.061602503061295, 47.47408516156734], [19.06158909201622, 47.47408606805153], [19.061586409807205, 47.47407790969325], [19.061602503061295, 47.47407519024021], [19.061587750911713, 47.47407700320892], [19.061585068702698, 47.47406975133371], [19.06161993741989, 47.47406431242664]]]}}, {"type": "Feature", "id": 36936, "properties": {"buildingId": 2, "floorId": 6, "roomNumber": "110", "roomName": "Hallgat\u00f3i labor", "scope": "budapest/lagymanyos/eszaki/1/LK-1-110-01-14", "roomCode": "LK-1-110-01-14", "roomType": "educational", "__tile": "16/36238/22923", "__layer": "rooms", "__zoom": 16, "__mvtId": 36936, "__building": "eszaki", "__ringVerts": 5, "id": 36936, "catalogFloorId": 6}, "geometry": {"type": "Polygon", "coordinates": [[[19.061508625745773, 47.47399179361199], [19.061524718999863, 47.47404708921723], [19.061456322669983, 47.474056154064996], [19.061440229415894, 47.474000858469296], [19.061508625745773, 47.47399179361199]]]}}, {"type": "Feature", "id": 37001, "properties": {"buildingId": 2, "floorId": 6, "roomNumber": "1.125A", "roomName": "Iroda", "scope": "budapest/lagymanyos/eszaki/1/L\u00c9-1-125A-02-33", "roomCode": "L\u00c9-1-125A-02-33", "roomType": "administrative", "__tile": "17/72476/45847", "__layer": "rooms", "__zoom": 17, "__mvtId": 37001, "__building": "eszaki", "__ringVerts": 5, "id": 37001, "catalogFloorId": 6}, "geometry": {"type": "Polygon", "coordinates": [[[19.062474220991135, 47.47265697630632], [19.06248964369297, 47.472707740776514], [19.062407165765762, 47.47271907212477], [19.062391743063927, 47.472667854411206], [19.062474220991135, 47.47265697630632]]]}}, {"type": "Feature", "id": 37007, "properties": {"buildingId": 2, "floorId": 6, "roomNumber": "1.129", "roomName": "D\u00e9k\u00e1ni t\u00e1rgyal\u00f3", "scope": "budapest/lagymanyos/eszaki/1/L\u00c9-1-129-01-17", "roomCode": "L\u00c9-1-129-01-17", "roomType": "educational", "__tile": "17/72476/45847", "__layer": "rooms", "__zoom": 17, "__mvtId": 37007, "__building": "eszaki", "__ringVerts": 5, "id": 37007, "catalogFloorId": 6}, "geometry": {"type": "Polygon", "coordinates": [[[19.06252384185791, 47.47282286716111], [19.06255804002285, 47.472935273781495], [19.062484949827194, 47.47294479207298], [19.062451422214508, 47.47283283872587], [19.06252384185791, 47.47282286716111]]]}}, {"type": "Feature", "id": 37052, "properties": {"buildingId": 2, "floorId": 6, "roomNumber": "138", "roomName": "F\u00e9rfi mosd\u00f3", "scope": "budapest/lagymanyos/eszaki/1/L\u00c9-1-138-05-71", "roomCode": "L\u00c9-1-138-05-71", "roomType": "social", "__tile": "17/72476/45847", "__layer": "rooms", "__zoom": 17, "__mvtId": 37052, "__building": "eszaki", "__ringVerts": 5, "id": 37052, "catalogFloorId": 6}, "geometry": {"type": "Polygon", "coordinates": [[[19.06238302588463, 47.4727603182118], [19.062389060854912, 47.47278116786985], [19.062362238764763, 47.4727875134163], [19.062354862689972, 47.47276394423987], [19.06238302588463, 47.4727603182118]]]}}, {"type": "Feature", "id": 37009, "properties": {"buildingId": 2, "floorId": 6, "roomNumber": "1.133", "roomName": "K\u00f6zl\u00f6nyt\u00e1r", "scope": "budapest/lagymanyos/eszaki/1/L\u00c9-1-133-03-44", "roomCode": "L\u00c9-1-133-03-44", "roomType": "misc", "__tile": "17/72476/45847", "__layer": "rooms", "__zoom": 17, "__mvtId": 37009, "__building": "eszaki", "__ringVerts": 5, "id": 37009, "catalogFloorId": 6}, "geometry": {"type": "Polygon", "coordinates": [[[19.062438011169434, 47.472981052215246], [19.06244605779648, 47.473006887551335], [19.062372967600822, 47.47301685908118], [19.06236559152603, 47.472990570498446], [19.062438011169434, 47.472981052215246]]]}}, {"type": "Feature", "id": 37010, "properties": {"buildingId": 2, "floorId": 6, "roomNumber": "1.131A", "roomName": "K\u00f6nyvt\u00e1r gal\u00e9ri\u00e1ja", "scope": "budapest/lagymanyos/eszaki/1/L\u00c9-1-131A-04-66", "roomCode": "L\u00c9-1-131A-04-66", "roomType": "corridor", "__tile": "17/72476/45847", "__layer": "rooms", "__zoom": 17, "__mvtId": 37010, "__building": "eszaki", "__ringVerts": 14, "id": 37010, "catalogFloorId": 6}, "geometry": {"type": "Polygon", "coordinates": [[[19.06256340444088, 47.472935273781495], [19.062609672546387, 47.47309073899328], [19.062615036964417, 47.473091192243956], [19.062613025307655, 47.47309980400601], [19.06260833144188, 47.473103430010674], [19.062405824661255, 47.473131984788594], [19.06239777803421, 47.47311249502122], [19.06251847743988, 47.47309572475048], [19.062522500753403, 47.47310796251614], [19.0625312179327, 47.47310660276453], [19.062527865171432, 47.47309436499856], [19.062576815485954, 47.473087566238455], [19.06253255903721, 47.47293980630147], [19.06256340444088, 47.472935273781495]]]}}, {"type": "Feature", "id": 37037, "properties": {"buildingId": 2, "floorId": 6, "roomNumber": "-", "roomName": "Folyos\u00f3", "scope": "budapest/lagymanyos/eszaki/1/L\u00c9-1-K6-04-62", "roomCode": "L\u00c9-1-K6-04-62", "roomType": "corridor", "__tile": "17/72476/45847", "__layer": "rooms", "__zoom": 17, "__mvtId": 37037, "__building": "eszaki", "__ringVerts": 37, "id": 37037, "catalogFloorId": 6}, "geometry": {"type": "Polygon", "coordinates": [[[19.06243532896042, 47.472785247149794], [19.062438681721687, 47.47279612522813], [19.06242862343788, 47.472797484987765], [19.062442034482956, 47.47284281028873], [19.062452763319016, 47.47284145053027], [19.06245544552803, 47.47285232859697], [19.062445387244225, 47.47285368835515], [19.062466844916344, 47.47292711524456], [19.062477573752403, 47.472925755488276], [19.062480926513672, 47.47293663353752], [19.062470197677612, 47.47293799329352], [19.06250573694706, 47.473056745181594], [19.062381014227867, 47.473073515464776], [19.06237632036209, 47.473058558185436], [19.062470197677612, 47.47304586715721], [19.06245544552803, 47.47299827577405], [19.062445387244225, 47.47299963552845], [19.062442034482956, 47.472989210743805], [19.062452763319016, 47.472987850989135], [19.062447398900986, 47.47297017417519], [19.06243734061718, 47.47297153393032], [19.06243398785591, 47.4729611091401], [19.062444046139717, 47.4729597493847], [19.062438681721687, 47.472941619309346], [19.06242862343788, 47.472942979065216], [19.062425270676613, 47.47293255426933], [19.062435999512672, 47.47293119451318], [19.0624138712883, 47.47285776762948], [19.062403813004494, 47.472859127387515], [19.062400460243225, 47.47284870257498], [19.06241051852703, 47.47284734281668], [19.062397107481956, 47.47280201751962], [19.06238704919815, 47.47280292402594], [19.062383696436882, 47.47279249920227], [19.062393754720688, 47.472791139442506], [19.062393084168434, 47.47278841992288], [19.06243532896042, 47.472785247149794]]]}}, {"type": "Feature", "id": 37038, "properties": {"buildingId": 2, "floorId": 6, "roomNumber": "F.L5", "roomName": "L\u00e9pcs\u0151h\u00e1z", "scope": "budapest/lagymanyos/eszaki/1/L\u00c9-1-L5-04-64", "roomCode": "L\u00c9-1-L5-04-64", "roomType": "corridor", "__tile": "17/72476/45847", "__layer": "rooms", "__zoom": 17, "__mvtId": 37038, "__building": "eszaki", "__ringVerts": 7, "id": 37038, "catalogFloorId": 6}, "geometry": {"type": "Polygon", "coordinates": [[[19.062448740005493, 47.47300915380829], [19.062451422214508, 47.47301776558379], [19.062459468841553, 47.47301685908118], [19.06246416270733, 47.473031363121194], [19.062378332018852, 47.47304269439967], [19.062371626496315, 47.47301957858898], [19.062448740005493, 47.47300915380829]]]}}, {"type": "Feature", "id": 37039, "properties": {"buildingId": 2, "floorId": 6, "roomNumber": "-", "roomName": "B\u00fcf\u00e9", "scope": "budapest/lagymanyos/eszaki/1/L\u00c9-1-135-C-05-75", "roomCode": "L\u00c9-1-135/C-05-75", "roomType": "social", "__tile": "17/72476/45847", "__layer": "rooms", "__zoom": 17, "__mvtId": 37039, "__building": "eszaki", "__ringVerts": 14, "id": 37039, "catalogFloorId": 6}, "geometry": {"type": "Polygon", "coordinates": [[[19.062357544898987, 47.472849155827745], [19.062360227108, 47.472858674134834], [19.062367603182793, 47.47285776762948], [19.06239241361618, 47.472942979065216], [19.062385708093643, 47.4729438855691], [19.062388390302658, 47.47295340385904], [19.062348157167435, 47.47295793637745], [19.06233474612236, 47.472910798166886], [19.062342792749405, 47.472909891662425], [19.06234011054039, 47.47290218637386], [19.062332063913345, 47.47290309287845], [19.06231865286827, 47.4728559546187], [19.062323346734047, 47.47285368835515], [19.062357544898987, 47.472849155827745]]]}}, {"type": "Feature", "id": 37046, "properties": {"buildingId": 2, "floorId": 6, "roomNumber": "1.134", "roomName": "El\u0151t\u00e9r", "scope": "budapest/lagymanyos/eszaki/1/L\u00c9-1-134-04-62", "roomCode": "L\u00c9-1-134-04-62", "roomType": "corridor", "__tile": "17/72476/45847", "__layer": "rooms", "__zoom": 17, "__mvtId": 37046, "__building": "eszaki", "__ringVerts": 5, "id": 37046, "catalogFloorId": 6}, "geometry": {"type": "Polygon", "coordinates": [[[19.06243197619915, 47.4729611091401], [19.062438011169434, 47.47298014571199], [19.06241923570633, 47.472982411970094], [19.0624138712883, 47.47296337539902], [19.06243197619915, 47.4729611091401]]]}}, {"type": "Feature", "id": 37053, "properties": {"buildingId": 2, "floorId": 6, "roomNumber": "138/A", "roomName": "F\u00e9rfi WC", "scope": "budapest/lagymanyos/eszaki/1/L\u00c9-1-138-A-05-71", "roomCode": "L\u00c9-1-138/A-05-71", "roomType": "social", "__tile": "17/72476/45847", "__layer": "rooms", "__zoom": 17, "__mvtId": 37053, "__building": "eszaki", "__ringVerts": 5, "id": 37053, "catalogFloorId": 6}, "geometry": {"type": "Polygon", "coordinates": [[[19.062353521585464, 47.47276439749337], [19.062360227108, 47.47278796666959], [19.062324687838554, 47.47279249920227], [19.062317982316017, 47.47276938328152], [19.062353521585464, 47.47276439749337]]]}}, {"type": "Feature", "id": 36970, "properties": {"buildingId": 2, "floorId": 6, "roomNumber": "152", "roomName": "Oktat\u00f3i szoba", "scope": "budapest/lagymanyos/eszaki/1/LK-1-152-02-33", "roomCode": "LK-1-152-02-33", "roomType": "administrative", "__tile": "16/36238/22923", "__layer": "rooms", "__zoom": 16, "__mvtId": 36970, "__building": "eszaki", "__ringVerts": 6, "id": 36970, "catalogFloorId": 6}, "geometry": {"type": "Polygon", "coordinates": [[[19.06197264790535, 47.474241983099596], [19.062000811100006, 47.47424288958108], [19.062012881040573, 47.47427914882766], [19.061982035636902, 47.474283681231725], [19.061968624591827, 47.474247421988274], [19.06197264790535, 47.474241983099596]]]}}, {"type": "Feature", "id": 36986, "properties": {"buildingId": 2, "floorId": 6, "roomNumber": "-", "roomName": "Folyos\u00f3", "scope": "budapest/lagymanyos/eszaki/1/LK-1-100-6-04-63", "roomCode": "LK-1-100/6-04-63", "roomType": "corridor", "__tile": "16/36238/22923", "__layer": "rooms", "__zoom": 16, "__mvtId": 36986, "__building": "eszaki", "__ringVerts": 5, "id": 36986, "catalogFloorId": 6}, "geometry": {"type": "Polygon", "coordinates": [[[19.062116146087646, 47.474207536791575], [19.06211882829666, 47.47422113402112], [19.061748683452606, 47.474270990499356], [19.061744660139084, 47.47425829976394], [19.062116146087646, 47.474207536791575]]]}}, {"type": "Feature", "id": 36962, "properties": {"buildingId": 2, "floorId": 6, "roomNumber": "156", "roomName": "Oktat\u00f3i szoba", "scope": "budapest/lagymanyos/eszaki/1/LK-1-156-01-13", "roomCode": "LK-1-156-01-13", "roomType": "educational", "__tile": "16/36238/22923", "__layer": "rooms", "__zoom": 16, "__mvtId": 36962, "__building": "eszaki", "__ringVerts": 5, "id": 36962, "catalogFloorId": 6}, "geometry": {"type": "Polygon", "coordinates": [[[19.061831831932068, 47.474261019207496], [19.061859995126724, 47.47426283216979], [19.06187206506729, 47.47429909140261], [19.061837196350098, 47.47429999788311], [19.061831831932068, 47.474261019207496]]]}}, {"type": "Feature", "id": 36963, "properties": {"buildingId": 2, "floorId": 6, "roomNumber": "155", "roomName": "Oktat\u00f3i szoba", "scope": "budapest/lagymanyos/eszaki/1/LK-1-155-02-33", "roomCode": "LK-1-155-02-33", "roomType": "administrative", "__tile": "16/36238/22923", "__layer": "rooms", "__zoom": 16, "__mvtId": 36963, "__building": "eszaki", "__ringVerts": 7, "id": 36963, "catalogFloorId": 6}, "geometry": {"type": "Polygon", "coordinates": [[[19.0618734061718, 47.474255580320225], [19.061896204948425, 47.47425739328271], [19.061902910470963, 47.47429455899988], [19.0618734061718, 47.4742981849221], [19.06186133623123, 47.47426283216979], [19.061874747276306, 47.474261019207496], [19.0618734061718, 47.474255580320225]]]}}, {"type": "Feature", "id": 36981, "properties": {"buildingId": 2, "floorId": 6, "roomNumber": "1.113", "roomName": "Iroda", "scope": "budapest/lagymanyos/eszaki/1/L\u00c9-1-113A-02-33", "roomCode": "L\u00c9-1-113A-02-33", "roomType": "administrative", "__tile": "16/36238/22923", "__layer": "rooms", "__zoom": 16, "__mvtId": 36981, "__building": "eszaki", "__ringVerts": 5, "id": 36981, "catalogFloorId": 6}, "geometry": {"type": "Polygon", "coordinates": [[[19.06226098537445, 47.474244702544], [19.062269032001495, 47.474270990499356], [19.062189906835556, 47.47428186827014], [19.06218320131302, 47.47425829976394], [19.06226098537445, 47.474244702544]]]}}, {"type": "Feature", "id": 36980, "properties": {"buildingId": 2, "floorId": 6, "roomNumber": "1.117", "roomName": "Iroda", "scope": "budapest/lagymanyos/eszaki/1/L\u00c9-1-116B-02-33", "roomCode": "L\u00c9-1-116B-02-33", "roomType": "administrative", "__tile": "16/36238/22923", "__layer": "rooms", "__zoom": 16, "__mvtId": 36980, "__building": "eszaki", "__ringVerts": 15, "id": 36980, "catalogFloorId": 6}, "geometry": {"type": "Polygon", "coordinates": [[[19.06242325901985, 47.47404890218691], [19.062490314245224, 47.47427008401836], [19.062332063913345, 47.47429183955805], [19.062321335077286, 47.47425467383896], [19.062310606241226, 47.47425648680148], [19.06230792403221, 47.474243796062545], [19.062317311763763, 47.474241983099596], [19.06230390071869, 47.47419847196993], [19.062294512987137, 47.47420028493438], [19.062290489673615, 47.47418759418188], [19.062299877405167, 47.47418668769944], [19.0622878074646, 47.474144083007175], [19.06224489212036, 47.47414952190598], [19.062223434448242, 47.47407519024021], [19.06242325901985, 47.47404890218691]], [[19.062391072511673, 47.474223853466604], [19.062388390302658, 47.47422657291196], [19.06239241361618, 47.47422838587545], [19.062395095825195, 47.47422566643019], [19.062391072511673, 47.474223853466604]], [[19.062374979257584, 47.47416765156461], [19.06237229704857, 47.47417037101286], [19.06237632036209, 47.47417218397829], [19.062379002571106, 47.47416946453013], [19.062374979257584, 47.47416765156461]], [[19.06233474612236, 47.47413411169123], [19.062332063913345, 47.47413773762452], [19.062336087226868, 47.47413955059107], [19.06234011054039, 47.474136831141216], [19.06233474612236, 47.47413411169123]], [[19.062274396419525, 47.474122327406306], [19.06227171421051, 47.47412504685691], [19.062275737524033, 47.4741268598239], [19.062278419733047, 47.4741241403734], [19.062274396419525, 47.474122327406306]], [[19.062357544898987, 47.474110543118755], [19.062354862689972, 47.47411326256996], [19.062358886003494, 47.47411507553735], [19.06236156821251, 47.47411235608624], [19.062357544898987, 47.474110543118755]], [[19.062301218509674, 47.474091506956334], [19.062286466360092, 47.474093319924485], [19.0622878074646, 47.4740996653125], [19.0622878074646, 47.47409422640853], [19.062299877405167, 47.47409241344042], [19.06230255961418, 47.47409785234458], [19.062301218509674, 47.474091506956334]]]}}, {"type": "Feature", "id": 36983, "properties": {"buildingId": 2, "floorId": 6, "roomNumber": "1.117", "roomName": "Iroda", "scope": "budapest/lagymanyos/eszaki/1/L\u00c9-1-117B-02-33", "roomCode": "L\u00c9-1-117B-02-33", "roomType": "administrative", "__tile": "16/36238/22923", "__layer": "rooms", "__zoom": 16, "__mvtId": 36983, "__building": "eszaki", "__ringVerts": 5, "id": 36983, "catalogFloorId": 6}, "geometry": {"type": "Polygon", "coordinates": [[[19.062220752239227, 47.47407519024021], [19.062243551015854, 47.47414952190598], [19.06215637922287, 47.4741613061848], [19.06213492155075, 47.47408516156734], [19.062220752239227, 47.47407519024021]], [[19.062231481075287, 47.47412776630737], [19.062228798866272, 47.47413048575769], [19.062232822179794, 47.47413229872449], [19.06223550438881, 47.47412957927426], [19.062231481075287, 47.47412776630737]]]}}, {"type": "Feature", "id": 36997, "properties": {"buildingId": 2, "floorId": 6, "roomNumber": "F-L3", "roomName": "L\u00e9pcs\u0151h\u00e1z", "scope": "budapest/lagymanyos/eszaki/1/L\u00c9-1-L3-04-64", "roomCode": "L\u00c9-1-L3-04-64", "roomType": "corridor", "__tile": "16/36238/22923", "__layer": "rooms", "__zoom": 16, "__mvtId": 36997, "__building": "eszaki", "__ringVerts": 7, "id": 36997, "catalogFloorId": 6}, "geometry": {"type": "Polygon", "coordinates": [[[19.062262326478958, 47.474218414575496], [19.06226634979248, 47.47423291828389], [19.062259644269943, 47.474233824765534], [19.062262326478958, 47.47424288958108], [19.062184542417526, 47.47425286087639], [19.06217783689499, 47.47423019883887], [19.062262326478958, 47.474218414575496]]]}}, {"type": "Feature", "id": 36996, "properties": {"buildingId": 2, "floorId": 6, "roomNumber": "1.120", "roomName": "Iroda", "scope": "budapest/lagymanyos/eszaki/1/L\u00c9-1-120-02-33", "roomCode": "L\u00c9-1-120-02-33", "roomType": "administrative", "__tile": "16/36238/22923", "__layer": "rooms", "__zoom": 16, "__mvtId": 36996, "__building": "eszaki", "__ringVerts": 5, "id": 36996, "catalogFloorId": 6}, "geometry": {"type": "Polygon", "coordinates": [[[19.0624138712883, 47.474310875647895], [19.062421917915344, 47.47433807004999], [19.062348157167435, 47.47434804132723], [19.06234011054039, 47.47432175341042], [19.0624138712883, 47.474310875647895]]]}}, {"type": "Feature", "id": 36987, "properties": {"buildingId": 2, "floorId": 6, "roomNumber": "-", "roomName": "Folyos\u00f3", "scope": "budapest/lagymanyos/eszaki/1/L\u00c9-1-K4-04-63", "roomCode": "L\u00c9-1-K4-04-63", "roomType": "corridor", "__tile": "16/36238/22923", "__layer": "rooms", "__zoom": 16, "__mvtId": 36987, "__building": "eszaki", "__ringVerts": 71, "id": 36987, "catalogFloorId": 6}, "geometry": {"type": "Polygon", "coordinates": [[[19.062286466360092, 47.47418034232193], [19.06229853630066, 47.474218414575496], [19.06230792403221, 47.474216601611666], [19.062310606241226, 47.47422747939371], [19.062301218509674, 47.47422838587545], [19.06231462955475, 47.47427461642321], [19.0623240172863, 47.474273709942274], [19.062328040599823, 47.474283681231725], [19.062317311763763, 47.47428458771249], [19.062322676181793, 47.47430271732452], [19.062332063913345, 47.474300904363595], [19.062336087226868, 47.47431178212819], [19.062326699495316, 47.47431268860847], [19.062332063913345, 47.4743308182108], [19.062341451644897, 47.47432900525085], [19.062344133853912, 47.47433988300963], [19.06233474612236, 47.474340789489425], [19.06234011054039, 47.474358919082064], [19.062349498271942, 47.47435710612309], [19.062353521585464, 47.474367983876036], [19.062342792749405, 47.47436889035536], [19.062348157167435, 47.474386113459296], [19.062357544898987, 47.47438520698029], [19.06236156821251, 47.47439608472743], [19.062352180480957, 47.474396991206255], [19.062357544898987, 47.474415120779504], [19.06236693263054, 47.47441330782246], [19.062369614839554, 47.474424185563784], [19.062360227108, 47.474425092042125], [19.06236559152603, 47.474442315127654], [19.062374979257584, 47.47444140864961], [19.062379002571106, 47.474452286385116], [19.062368273735046, 47.474453192862974], [19.06237095594406, 47.47446225764068], [19.06234011054039, 47.47446588355133], [19.062337428331375, 47.47445772525202], [19.062326699495316, 47.47445863172978], [19.0623240172863, 47.474448660473534], [19.062333405017853, 47.47444684751765], [19.06232938170433, 47.4744296244336], [19.06231865286827, 47.47443143739008], [19.062315970659256, 47.474420559650255], [19.062325358390808, 47.4744187466934], [19.06231999397278, 47.47440152360015], [19.062310606241226, 47.47440333655761], [19.062306582927704, 47.474392458811955], [19.062317311763763, 47.474390645854136], [19.062311947345734, 47.47437342275167], [19.062301218509674, 47.47437523571009], [19.06229853630066, 47.47436435795864], [19.06230792403221, 47.47436254499985], [19.06230390071869, 47.47434532188817], [19.06229317188263, 47.47434713484756], [19.062290489673615, 47.47433625709029], [19.062299877405167, 47.47433444413053], [19.062294512987137, 47.47431722100964], [19.062285125255585, 47.47431903396999], [19.062281101942062, 47.47430815620691], [19.062291830778122, 47.47430634324618], [19.062286466360092, 47.47428912011608], [19.062275737524033, 47.47429093307741], [19.062273055315018, 47.474280055308505], [19.062283784151077, 47.47427914882766], [19.062278419733047, 47.474261019207496], [19.062267690896988, 47.47426283216979], [19.062265008687973, 47.474251954395065], [19.062274396419525, 47.47425104791374], [19.062259644269943, 47.47420119141658], [19.062121510505676, 47.47422022753926], [19.062117487192154, 47.47420663030948], [19.062286466360092, 47.47418034232193]]]}}, {"type": "Feature", "id": 36988, "properties": {"buildingId": 2, "floorId": 6, "roomNumber": "1.110", "roomName": "Iroda", "scope": "budapest/lagymanyos/eszaki/1/L\u00c9-1-110-02-33", "roomCode": "L\u00c9-1-110-02-33", "roomType": "administrative", "__tile": "16/36238/22923", "__layer": "rooms", "__zoom": 16, "__mvtId": 36988, "__building": "eszaki", "__ringVerts": 5, "id": 36988, "catalogFloorId": 6}, "geometry": {"type": "Polygon", "coordinates": [[[19.062286466360092, 47.47432900525085], [19.062294512987137, 47.47435529316404], [19.062215387821198, 47.47436345147925], [19.062207341194153, 47.474338976529815], [19.062286466360092, 47.47432900525085]]]}}, {"type": "Feature", "id": 36993, "properties": {"buildingId": 2, "floorId": 6, "roomNumber": "1.124", "roomName": "Iroda", "scope": "budapest/lagymanyos/eszaki/1/L\u00c9-1-124-02-33", "roomCode": "L\u00c9-1-124-02-33", "roomType": "administrative", "__tile": "16/36238/22923", "__layer": "rooms", "__zoom": 16, "__mvtId": 36993, "__building": "eszaki", "__ringVerts": 5, "id": 36993, "catalogFloorId": 6}, "geometry": {"type": "Polygon", "coordinates": [[[19.062447398900986, 47.47442327908543], [19.06245544552803, 47.47445047342936], [19.06238302588463, 47.47446044468527], [19.062374979257584, 47.4744332503465], [19.062447398900986, 47.47442327908543]]]}}, {"type": "Feature", "id": 36994, "properties": {"buildingId": 2, "floorId": 6, "roomNumber": "1.123", "roomName": "Iroda", "scope": "budapest/lagymanyos/eszaki/1/L\u00c9-1-123-02-33", "roomCode": "L\u00c9-1-123-02-33", "roomType": "administrative", "__tile": "16/36238/22923", "__layer": "rooms", "__zoom": 16, "__mvtId": 36994, "__building": "eszaki", "__ringVerts": 5, "id": 36994, "catalogFloorId": 6}, "geometry": {"type": "Polygon", "coordinates": [[[19.062432646751404, 47.47437342275167], [19.062447398900986, 47.47442237260705], [19.062373638153076, 47.4744323438683], [19.062358886003494, 47.474382487543146], [19.062432646751404, 47.47437342275167]]]}}, {"type": "Feature", "id": 36995, "properties": {"buildingId": 2, "floorId": 6, "roomNumber": "1.121", "roomName": "Iroda", "scope": "budapest/lagymanyos/eszaki/1/L\u00c9-1-121-02-33", "roomCode": "L\u00c9-1-121-02-33", "roomType": "administrative", "__tile": "16/36238/22923", "__layer": "rooms", "__zoom": 16, "__mvtId": 36995, "__building": "eszaki", "__ringVerts": 5, "id": 36995, "catalogFloorId": 6}, "geometry": {"type": "Polygon", "coordinates": [[[19.062421917915344, 47.474338976529815], [19.062431305646896, 47.474371609793195], [19.062358886003494, 47.474381581064065], [19.062349498271942, 47.47434894780689], [19.062421917915344, 47.474338976529815]]]}}, {"type": "Feature", "id": 37000, "properties": {"buildingId": 2, "floorId": 6, "roomNumber": "1.125", "roomName": "Iroda", "scope": "budapest/lagymanyos/eszaki/1/L\u00c9-1-125-02-33", "roomCode": "L\u00c9-1-125-02-33", "roomType": "administrative", "__tile": "17/72476/45847", "__layer": "rooms", "__zoom": 17, "__mvtId": 37000, "__building": "eszaki", "__ringVerts": 7, "id": 37000, "catalogFloorId": 6}, "geometry": {"type": "Polygon", "coordinates": [[[19.06238503754139, 47.47264473843563], [19.062381014227867, 47.47263386032597], [19.062466844916344, 47.47263386032597], [19.06247355043888, 47.47265561654305], [19.062400460243225, 47.47266558813954], [19.06239442527294, 47.47264383192658], [19.06238503754139, 47.47264473843563]]]}}, {"type": "Feature", "id": 36978, "properties": {"buildingId": 2, "floorId": 6, "roomNumber": "1.115", "roomName": "Iroda", "scope": "budapest/lagymanyos/eszaki/1/L\u00c9-1-115-02-33", "roomCode": "L\u00c9-1-115-02-33", "roomType": "administrative", "__tile": "16/36238/22923", "__layer": "rooms", "__zoom": 16, "__mvtId": 36978, "__building": "eszaki", "__ringVerts": 5, "id": 36978, "catalogFloorId": 6}, "geometry": {"type": "Polygon", "coordinates": [[[19.062144309282303, 47.474144083007175], [19.062165766954422, 47.474199378452155], [19.062117487192154, 47.47420572382737], [19.062097370624542, 47.47414952190598], [19.062144309282303, 47.474144083007175]]]}}, {"type": "Feature", "id": 37034, "properties": {"buildingId": 2, "floorId": 6, "roomNumber": "\u00c91-K8", "roomName": "Folyos\u00f3", "scope": "budapest/lagymanyos/eszaki/1/L\u00c9-1-K8-04-63", "roomCode": "L\u00c9-1-K8-04-63", "roomType": "corridor", "__tile": "17/72476/45847", "__layer": "rooms", "__zoom": 17, "__mvtId": 37034, "__building": "eszaki", "__ringVerts": 61, "id": 37034, "catalogFloorId": 6}, "geometry": {"type": "Polygon", "coordinates": [[[19.061892852187157, 47.472858674134834], [19.061896204948425, 47.472870005450545], [19.061885476112366, 47.47287136520828], [19.061890169978142, 47.47288813555061], [19.061901569366455, 47.47288677579332], [19.06190425157547, 47.47289765385063], [19.06189352273941, 47.472899013607645], [19.06189888715744, 47.47291623719334], [19.0619096159935, 47.472914877436786], [19.06191296875477, 47.47292620874038], [19.06190223991871, 47.47292756849664], [19.061923697590828, 47.47300054203137], [19.061934426426888, 47.47299918227699], [19.061937779188156, 47.47301006031105], [19.061927050352097, 47.473011873316494], [19.061932414770126, 47.47302955011641], [19.061943143606186, 47.47302819036279], [19.061946496367455, 47.473039068390825], [19.061935767531395, 47.47304042814417], [19.061941131949425, 47.473057651683526], [19.06195119023323, 47.47305629193062], [19.0619545429945, 47.47306716995285], [19.061944484710693, 47.473068529705465], [19.061957895755768, 47.47311521452407], [19.062049090862274, 47.4731029767601], [19.06205378472805, 47.47311838727723], [19.061931744217873, 47.47313425104015], [19.06192973256111, 47.47312835878591], [19.061919674277306, 47.47312971853695], [19.061916321516037, 47.473118840527675], [19.061926379799843, 47.47311748077636], [19.06191296875477, 47.47307215571227], [19.061902910470963, 47.473073515464776], [19.061899557709694, 47.47306263744386], [19.0619096159935, 47.47306127769108], [19.061904922127724, 47.47304405415292], [19.061894863843918, 47.47304541390614], [19.06189151108265, 47.473034535879414], [19.061901569366455, 47.47303317612592], [19.061896204948425, 47.47301595257854], [19.06188614666462, 47.47301731233249], [19.06188279390335, 47.47300643429994], [19.061892852187157, 47.47300507454571], [19.061887487769127, 47.472987850989135], [19.061878100037575, 47.472989210743805], [19.061874747276306, 47.47297833270544], [19.061884805560112, 47.47297697295049], [19.061870723962784, 47.47293164776523], [19.06186133623123, 47.47293300752136], [19.061857983469963, 47.472922129471364], [19.06186804175377, 47.47292076971495], [19.06186267733574, 47.47290354613074], [19.061852619051933, 47.4729049058876], [19.061849266290665, 47.47289402783178], [19.06185932457447, 47.47289312132703], [19.06185396015644, 47.472875444481225], [19.061843901872635, 47.47287680423881], [19.06184121966362, 47.47286592617718], [19.061851277947426, 47.47286456641932], [19.061850607395172, 47.47286275340877], [19.061892852187157, 47.472858674134834]]]}}, {"type": "Feature", "id": 37012, "properties": {"buildingId": 2, "floorId": 6, "roomNumber": "1.88", "roomName": "Mosd\u00f3", "scope": "budapest/lagymanyos/eszaki/1/L\u00c9-1-95-b-05-71", "roomCode": "L\u00c9-1-95/b-05-71", "roomType": "social", "__tile": "17/72476/45847", "__layer": "rooms", "__zoom": 17, "__mvtId": 37012, "__building": "eszaki", "__ringVerts": 5, "id": 37012, "catalogFloorId": 6}, "geometry": {"type": "Polygon", "coordinates": [[[19.061964601278305, 47.472981958718485], [19.061968624591827, 47.47299374325913], [19.06193643808365, 47.47299827577405], [19.06193308532238, 47.47298649123443], [19.061964601278305, 47.472981958718485]]]}}, {"type": "Feature", "id": 37030, "properties": {"buildingId": 2, "floorId": 6, "roomNumber": "1.87", "roomName": "Iroda", "scope": "budapest/lagymanyos/eszaki/1/L\u00c9-1-87-02-33", "roomCode": "L\u00c9-1-87-02-33", "roomType": "administrative", "__tile": "17/72476/45847", "__layer": "rooms", "__zoom": 17, "__mvtId": 37030, "__building": "eszaki", "__ringVerts": 5, "id": 37030, "catalogFloorId": 6}, "geometry": {"type": "Polygon", "coordinates": [[[19.061870723962784, 47.47297017417519], [19.06187877058983, 47.47299691601962], [19.061806350946426, 47.47300643429994], [19.06179629266262, 47.47298059896362], [19.061870723962784, 47.47297017417519]]]}}, {"type": "Feature", "id": 37031, "properties": {"buildingId": 2, "floorId": 6, "roomNumber": "1.88", "roomName": "Iroda", "scope": "budapest/lagymanyos/eszaki/1/L\u00c9-1-88-02-33", "roomCode": "L\u00c9-1-88-02-33", "roomType": "administrative", "__tile": "17/72476/45847", "__layer": "rooms", "__zoom": 17, "__mvtId": 37031, "__building": "eszaki", "__ringVerts": 5, "id": 37031, "catalogFloorId": 6}, "geometry": {"type": "Polygon", "coordinates": [[[19.06187877058983, 47.47299827577405], [19.061886817216873, 47.47302501760418], [19.06181238591671, 47.473034989130575], [19.06180500984192, 47.47301006031105], [19.06187877058983, 47.47299827577405]]]}}, {"type": "Feature", "id": 37018, "properties": {"buildingId": 2, "floorId": 6, "roomNumber": "1.94", "roomName": "Zuhanyz\u00f3", "scope": "budapest/lagymanyos/eszaki/1/L\u00c9-1-94D-05-72", "roomCode": "L\u00c9-1-94D-05-72", "roomType": "social", "__tile": "17/72476/45847", "__layer": "rooms", "__zoom": 17, "__mvtId": 37018, "__building": "eszaki", "__ringVerts": 5, "id": 37018, "catalogFloorId": 6}, "geometry": {"type": "Polygon", "coordinates": [[[19.061984717845917, 47.47301006031105], [19.061988070607185, 47.47302093834284], [19.06196527183056, 47.47302411110169], [19.061962589621544, 47.473013233070546], [19.061984717845917, 47.47301006031105]]]}}, {"type": "Feature", "id": 36972, "properties": {"buildingId": 2, "floorId": 6, "roomNumber": "151", "roomName": "Oktat\u00f3i szoba", "scope": "budapest/lagymanyos/eszaki/1/LK-1-151-02-33", "roomCode": "LK-1-151-02-33", "roomType": "administrative", "__tile": "16/36238/22923", "__layer": "rooms", "__zoom": 16, "__mvtId": 36972, "__building": "eszaki", "__ringVerts": 7, "id": 36972, "catalogFloorId": 6}, "geometry": {"type": "Polygon", "coordinates": [[[19.06201422214508, 47.47423654421036], [19.062037020921707, 47.4742383571735], [19.062043726444244, 47.47427461642321], [19.06201422214508, 47.47427914882766], [19.062002152204514, 47.47424288958108], [19.062015563249588, 47.47424107661809], [19.06201422214508, 47.47423654421036]]]}}, {"type": "Feature", "id": 36966, "properties": {"buildingId": 2, "floorId": 6, "roomNumber": "154", "roomName": "Oktat\u00f3i szoba", "scope": "budapest/lagymanyos/eszaki/1/LK-1-154-02-33", "roomCode": "LK-1-154-02-33", "roomType": "administrative", "__tile": "16/36238/22923", "__layer": "rooms", "__zoom": 16, "__mvtId": 36966, "__building": "eszaki", "__ringVerts": 6, "id": 36966, "catalogFloorId": 6}, "geometry": {"type": "Polygon", "coordinates": [[[19.061902910470963, 47.47425104791374], [19.06193107366562, 47.47425286087639], [19.06194180250168, 47.47428912011608], [19.061906933784485, 47.47429093307741], [19.061897546052933, 47.47425739328271], [19.061902910470963, 47.47425104791374]]]}}, {"type": "Feature", "id": 36953, "properties": {"buildingId": 2, "floorId": 6, "roomNumber": "-", "roomName": "Folyos\u00f3", "scope": "budapest/lagymanyos/eszaki/1/LK-1-100-5-04-63", "roomCode": "LK-1-100/5-04-63", "roomType": "corridor", "__tile": "17/72476/45847", "__layer": "rooms", "__zoom": 17, "__mvtId": 36953, "__building": "eszaki", "__ringVerts": 19, "id": 36953, "catalogFloorId": 6}, "geometry": {"type": "Polygon", "coordinates": [[[19.06178556382656, 47.4726365798536], [19.061784222722054, 47.47263386032597], [19.061824455857277, 47.47263386032597], [19.061827138066292, 47.47264201890843], [19.06181573867798, 47.47264383192658], [19.061820432543755, 47.472660149087154], [19.061831831932068, 47.47265878932396], [19.061835184693336, 47.47266966742847], [19.061823785305023, 47.47267148044567], [19.061825796961784, 47.472679185768065], [19.061798974871635, 47.47268235854755], [19.061796963214874, 47.47267465322562], [19.061784893274307, 47.472676012988394], [19.06178154051304, 47.4726651348852], [19.061793610453606, 47.472663775122136], [19.06178891658783, 47.4726470047082], [19.061776846647263, 47.47264881772619], [19.061773493885994, 47.47263793961736], [19.06178556382656, 47.4726365798536]]]}}, {"type": "Feature", "id": 36954, "properties": {"buildingId": 2, "floorId": 6, "roomNumber": "133", "roomName": "Teakonyha", "scope": "budapest/lagymanyos/eszaki/1/LK-1-133-05-77", "roomCode": "LK-1-133-05-77", "roomType": "social", "__tile": "16/36238/22923", "__layer": "rooms", "__zoom": 16, "__mvtId": 36954, "__building": "eszaki", "__ringVerts": 5, "id": 36954, "catalogFloorId": 6}, "geometry": {"type": "Polygon", "coordinates": [[[19.06183049082756, 47.47428458771249], [19.061834514141083, 47.47429999788311], [19.061760753393173, 47.474310875647895], [19.061755388975143, 47.47429455899988], [19.06183049082756, 47.47428458771249]]]}}, {"type": "Feature", "id": 36955, "properties": {"buildingId": 2, "floorId": 6, "roomNumber": "134", "roomName": "Labor", "scope": "budapest/lagymanyos/eszaki/1/LK-1-134-01-14", "roomCode": "LK-1-134-01-14", "roomType": "educational", "__tile": "16/36238/22923", "__layer": "rooms", "__zoom": 16, "__mvtId": 36955, "__building": "eszaki", "__ringVerts": 8, "id": 36955, "catalogFloorId": 6}, "geometry": {"type": "Polygon", "coordinates": [[[19.06184121966362, 47.47430362380496], [19.06185731291771, 47.474356199643566], [19.061849266290665, 47.47435982556153], [19.06185731291771, 47.474358919082064], [19.061865359544754, 47.47438430050126], [19.06179830431938, 47.47439336529086], [19.06177282333374, 47.474310875647895], [19.06184121966362, 47.47430362380496]]]}}, {"type": "Feature", "id": 36967, "properties": {"buildingId": 2, "floorId": 6, "roomNumber": "153", "roomName": "Oktat\u00f3i szoba", "scope": "budapest/lagymanyos/eszaki/1/LK-1-153-02-33", "roomCode": "LK-1-153-02-33", "roomType": "administrative", "__tile": "16/36238/22923", "__layer": "rooms", "__zoom": 16, "__mvtId": 36967, "__building": "eszaki", "__ringVerts": 7, "id": 36967, "catalogFloorId": 6}, "geometry": {"type": "Polygon", "coordinates": [[[19.061943143606186, 47.47424560902544], [19.061964601278305, 47.47424832846966], [19.061973989009857, 47.47428458771249], [19.061943143606186, 47.47428912011608], [19.061932414770126, 47.47425286087639], [19.0619458258152, 47.47425104791374], [19.061943143606186, 47.47424560902544]]]}}, {"type": "Feature", "id": 37008, "properties": {"buildingId": 2, "floorId": 6, "roomNumber": "-", "roomName": "Foyer", "scope": "budapest/lagymanyos/eszaki/1/L\u00c9-1-185-04-61", "roomCode": "L\u00c9-1-185-04-61", "roomType": "corridor", "__tile": "17/72476/45847", "__layer": "rooms", "__zoom": 17, "__mvtId": 37008, "__building": "eszaki", "__ringVerts": 79, "id": 37008, "catalogFloorId": 6}, "geometry": {"type": "Polygon", "coordinates": [[[19.062005504965782, 47.47265788281515], [19.06218521296978, 47.47263386032597], [19.0622066706419, 47.47263386032597], [19.062218740582466, 47.47267465322562], [19.062273055315018, 47.47266604139388], [19.062277749180794, 47.47268054553073], [19.06218186020851, 47.47269368990127], [19.062198624014854, 47.47274989337967], [19.06229518353939, 47.47273674902318], [19.062299877405167, 47.4727517063941], [19.06228244304657, 47.472754425915625], [19.062296524643898, 47.47279975125374], [19.06230390071869, 47.47279657848135], [19.06231127679348, 47.47282377366709], [19.062305241823196, 47.47282468017304], [19.06231127679348, 47.472849155827745], [19.06231328845024, 47.47285686112409], [19.062317311763763, 47.4728559546187], [19.062330722808838, 47.47290354613074], [19.06232737004757, 47.47290399938303], [19.062330052256584, 47.47291170467134], [19.062333405017853, 47.47291125141911], [19.062346816062927, 47.47295793637745], [19.06234346330166, 47.47295838962926], [19.062346145510674, 47.4729660949096], [19.062354862689972, 47.472991930253045], [19.062362909317017, 47.47299102374998], [19.062370285391808, 47.47301549932722], [19.062360897660255, 47.47301685908118], [19.062381014227867, 47.47307578171885], [19.062341451644897, 47.47308122072822], [19.06234748661518, 47.47310116375779], [19.06234212219715, 47.47310569626345], [19.062342792749405, 47.47311158852023], [19.062320664525032, 47.47311748077636], [19.062317982316017, 47.47311158852023], [19.06231127679348, 47.47311249502122], [19.062303230166435, 47.4730857532356], [19.06213492155075, 47.47310886901718], [19.062142968177795, 47.47313515754074], [19.06213492155075, 47.47313606404131], [19.062136262655258, 47.47314286279516], [19.06211346387863, 47.47314240954493], [19.062110111117363, 47.47313697054189], [19.062102735042572, 47.473134704290445], [19.06209670007229, 47.473113854772656], [19.062054455280304, 47.47311838727723], [19.06205043196678, 47.473104336511796], [19.062054455280304, 47.473103430010674], [19.062041714787483, 47.47305946468734], [19.06202830374241, 47.47306127769108], [19.06202159821987, 47.47303634888402], [19.06203232705593, 47.473034989130575], [19.061991423368454, 47.472891761569876], [19.061982706189156, 47.472867285935], [19.061973318457603, 47.472868645692785], [19.06197063624859, 47.47286637942979], [19.06196393072605, 47.47284417004716], [19.061976671218872, 47.47284281028873], [19.061963260173798, 47.472797484987765], [19.061959236860275, 47.472797938240966], [19.0619545429945, 47.47278252762986], [19.061994776129723, 47.472777088589574], [19.062018916010857, 47.47276349098638], [19.062000140547752, 47.47275578567634], [19.062002152204514, 47.47274762711154], [19.061994776129723, 47.47274037505288], [19.062005504965782, 47.472730403470585], [19.061993435025215, 47.47272677744019], [19.061978682875633, 47.47272677744019], [19.061977341771126, 47.472722244901846], [19.06194046139717, 47.472727230694005], [19.06193643808365, 47.47271227331611], [19.061965942382812, 47.47270819403049], [19.06197600066662, 47.472707740776514], [19.061973989009857, 47.47269958220425], [19.06197063624859, 47.472700035458296], [19.06195990741253, 47.472664681630846], [19.062005504965782, 47.47265788281515]], [[19.062123522162437, 47.473048586663516], [19.062112122774124, 47.47304994641662], [19.06211480498314, 47.47305810493448], [19.062126204371452, 47.47305629193062], [19.062123522162437, 47.473048586663516]], [[19.06226970255375, 47.47282785294373], [19.06201757490635, 47.47286230015613], [19.062068536877632, 47.47303045661881], [19.062319323420525, 47.47299691601962], [19.06226970255375, 47.47282785294373]]]}}, {"type": "Feature", "id": 37047, "properties": {"buildingId": 2, "floorId": 6, "roomNumber": "1.134", "roomName": "Zuhanyz\u00f3", "scope": "budapest/lagymanyos/eszaki/1/L\u00c9-1-134B-05-72", "roomCode": "L\u00c9-1-134B-05-72", "roomType": "social", "__tile": "17/72476/45847", "__layer": "rooms", "__zoom": 17, "__mvtId": 37047, "__building": "eszaki", "__ringVerts": 5, "id": 37047, "catalogFloorId": 6}, "geometry": {"type": "Polygon", "coordinates": [[[19.06242862343788, 47.47294977784402], [19.06243197619915, 47.4729602026365], [19.062389060854912, 47.472965641657844], [19.062385708093643, 47.472955216866445], [19.06242862343788, 47.47294977784402]]]}}, {"type": "Feature", "id": 37054, "properties": {"buildingId": 2, "floorId": 6, "roomNumber": "138/B", "roomName": "F\u00e9rfi WC", "scope": "budapest/lagymanyos/eszaki/1/L\u00c9-1-138-B-05-71", "roomCode": "L\u00c9-1-138/B-05-71", "roomType": "social", "__tile": "17/72476/45847", "__layer": "rooms", "__zoom": 17, "__mvtId": 37054, "__building": "eszaki", "__ringVerts": 5, "id": 37054, "catalogFloorId": 6}, "geometry": {"type": "Polygon", "coordinates": [[[19.062315970659256, 47.47276938328152], [19.062323346734047, 47.472792952455514], [19.06229853630066, 47.47279385896199], [19.062292501330376, 47.47277300930899], [19.062315970659256, 47.47276938328152]]]}}, {"type": "Feature", "id": 37021, "properties": {"buildingId": 2, "floorId": 6, "roomNumber": "1.95", "roomName": "Questura Pont", "scope": "budapest/lagymanyos/eszaki/1/L\u00c9-1-95-03-59", "roomCode": "L\u00c9-1-95-03-59", "roomType": "misc", "__tile": "17/72476/45847", "__layer": "rooms", "__zoom": 17, "__mvtId": 37021, "__building": "eszaki", "__ringVerts": 9, "id": 37021, "catalogFloorId": 6}, "geometry": {"type": "Polygon", "coordinates": [[[19.061997458338737, 47.47295204410344], [19.061998799443245, 47.472956123370125], [19.06200684607029, 47.472955216866445], [19.062020927667618, 47.47300235503716], [19.061980694532394, 47.47300960705966], [19.06197801232338, 47.47299918227699], [19.061971977353096, 47.47299963552845], [19.06195990741253, 47.47295748312562], [19.061997458338737, 47.47295204410344]]]}}, {"type": "Feature", "id": 37042, "properties": {"buildingId": 2, "floorId": 6, "roomNumber": "1.135", "roomName": "El\u0151t\u00e9r", "scope": "budapest/lagymanyos/eszaki/1/L\u00c9-1-135-04-62", "roomCode": "L\u00c9-1-135-04-62", "roomType": "corridor", "__tile": "17/72476/45847", "__layer": "rooms", "__zoom": 17, "__mvtId": 37042, "__building": "eszaki", "__ringVerts": 7, "id": 37042, "catalogFloorId": 6}, "geometry": {"type": "Polygon", "coordinates": [[[19.062423929572105, 47.47293300752136], [19.06242862343788, 47.47294796483643], [19.062389731407166, 47.47295295060717], [19.062387719750404, 47.47294479207298], [19.06239442527294, 47.4729438855691], [19.06239241361618, 47.47293708678952], [19.062423929572105, 47.47293300752136]]]}}, {"type": "Feature", "id": 37045, "properties": {"buildingId": 2, "floorId": 6, "roomNumber": "1.134A", "roomName": "Teakonyha", "scope": "budapest/lagymanyos/eszaki/1/L\u00c9-1-134A-05-77", "roomCode": "L\u00c9-1-134A-05-77", "roomType": "social", "__tile": "17/72476/45847", "__layer": "rooms", "__zoom": 17, "__mvtId": 37045, "__building": "eszaki", "__ringVerts": 5, "id": 37045, "catalogFloorId": 6}, "geometry": {"type": "Polygon", "coordinates": [[[19.06241185963154, 47.472963828650784], [19.062417894601822, 47.4729828652217], [19.062395095825195, 47.47298558473126], [19.062389060854912, 47.47296700141309], [19.06241185963154, 47.472963828650784]]]}}, {"type": "Feature", "id": 36910, "properties": {"buildingId": 2, "floorId": 6, "roomNumber": "160", "roomName": "Szemin\u00e1rium", "scope": "budapest/lagymanyos/eszaki/1/LK-1-160-01-12", "roomCode": "LK-1-160-01-12", "roomType": "educational", "__tile": "17/72476/45847", "__layer": "rooms", "__zoom": 17, "__mvtId": 36910, "__building": "eszaki", "__ringVerts": 13, "id": 36910, "catalogFloorId": 6}, "geometry": {"type": "Polygon", "coordinates": [[[19.06143754720688, 47.47276666376077], [19.06139798462391, 47.47263386032597], [19.06147912144661, 47.47263386032597], [19.061489179730415, 47.47266558813954], [19.061483815312386, 47.47266604139388], [19.06148448586464, 47.47266966742847], [19.06148985028267, 47.472668760919845], [19.06150594353676, 47.472721791647984], [19.06150057911873, 47.472722244901846], [19.06150259077549, 47.47272949696301], [19.06150795519352, 47.47272904370922], [19.061516672372818, 47.47275578567634], [19.06143754720688, 47.47276666376077]]]}}, {"type": "Feature", "id": 36912, "properties": {"buildingId": 2, "floorId": 6, "roomNumber": "158", "roomName": "Szemin\u00e1rium", "scope": "budapest/lagymanyos/eszaki/1/LK-1-158-01-12", "roomCode": "LK-1-158-01-12", "roomType": "educational", "__tile": "16/36238/22923", "__layer": "rooms", "__zoom": 16, "__mvtId": 36912, "__building": "eszaki", "__ringVerts": 6, "id": 36912, "catalogFloorId": 6}, "geometry": {"type": "Polygon", "coordinates": [[[19.061433523893356, 47.474354386684496], [19.0614415705204, 47.474358012602586], [19.061454981565475, 47.47440968190819], [19.061377197504044, 47.474420559650255], [19.061361104249954, 47.47436435795864], [19.061433523893356, 47.474354386684496]]]}}, {"type": "Feature", "id": 36913, "properties": {"buildingId": 2, "floorId": 6, "roomNumber": "-", "roomName": "Folyos\u00f3", "scope": "budapest/lagymanyos/eszaki/1/LK-1-100-10-04-63", "roomCode": "LK-1-100/10-04-63", "roomType": "corridor", "__tile": "17/72476/45847", "__layer": "rooms", "__zoom": 17, "__mvtId": 36913, "__building": "eszaki", "__ringVerts": 5, "id": 36913, "catalogFloorId": 6}, "geometry": {"type": "Polygon", "coordinates": [[[19.06141608953476, 47.47279884474736], [19.061366468667984, 47.47263386032597], [19.061395972967148, 47.47263386032597], [19.061444252729416, 47.472794765468464], [19.06141608953476, 47.47279884474736]]]}}, {"type": "Feature", "id": 36915, "properties": {"buildingId": 2, "floorId": 6, "roomNumber": "1-164", "roomName": "N\u0151i mosd\u00f3", "scope": "budapest/lagymanyos/eszaki/1/LK-1-164-05-71", "roomCode": "LK-1-164-05-71", "roomType": "social", "__tile": "16/36238/22923", "__layer": "rooms", "__zoom": 16, "__mvtId": 36915, "__building": "eszaki", "__ringVerts": 5, "id": 36915, "catalogFloorId": 6}, "geometry": {"type": "Polygon", "coordinates": [[[19.061330258846283, 47.47437251627244], [19.06133696436882, 47.47439427176972], [19.061307460069656, 47.47439880416386], [19.06130075454712, 47.47437704866846], [19.061330258846283, 47.47437251627244]]]}}, {"type": "Feature", "id": 36920, "properties": {"buildingId": 2, "floorId": 6, "roomNumber": "103", "roomName": "TTK P\u00e1ly\u00e1zati Iroda", "scope": "budapest/lagymanyos/eszaki/1/LK-1-103-02-33", "roomCode": "LK-1-103-02-33", "roomType": "administrative", "__tile": "16/36238/22923", "__layer": "rooms", "__zoom": 16, "__mvtId": 36920, "__building": "eszaki", "__ringVerts": 5, "id": 36920, "catalogFloorId": 6}, "geometry": {"type": "Polygon", "coordinates": [[[19.061609208583832, 47.4743308182108], [19.06162664294243, 47.474387926417286], [19.061559587717056, 47.474396991206255], [19.06154215335846, 47.47433988300963], [19.061609208583832, 47.4743308182108]]]}}, {"type": "Feature", "id": 36919, "properties": {"buildingId": 2, "floorId": 6, "roomNumber": "-", "roomName": "\u00c1tj\u00e1r\u00f3", "scope": "budapest/lagymanyos/eszaki/1/LK-1-100-7-04-63", "roomCode": "LK-1-100/7-04-63", "roomType": "corridor", "__tile": "16/36238/22923", "__layer": "rooms", "__zoom": 16, "__mvtId": 36919, "__building": "eszaki", "__ringVerts": 6, "id": 36919, "catalogFloorId": 6}, "geometry": {"type": "Polygon", "coordinates": [[[19.061524718999863, 47.47428549419324], [19.061539471149445, 47.474340789489425], [19.061440229415894, 47.474353480204925], [19.061424136161804, 47.47429999788311], [19.061450958251953, 47.474296371961024], [19.061524718999863, 47.47428549419324]], [[19.061454981565475, 47.47434713484756], [19.06145229935646, 47.47434894780689], [19.061454981565475, 47.47435076076615], [19.06145766377449, 47.47434894780689], [19.061454981565475, 47.47434713484756]], [[19.061523377895355, 47.47433807004999], [19.061522036790848, 47.47433988300963], [19.061524718999863, 47.474340789489425], [19.06152606010437, 47.474338976529815], [19.061523377895355, 47.47433807004999]], [[19.061440229415894, 47.47429909140261], [19.061438888311386, 47.474300904363595], [19.0614415705204, 47.47430271732452], [19.06144291162491, 47.474300904363595], [19.061440229415894, 47.47429909140261]], [[19.06150996685028, 47.474290026596755], [19.061507284641266, 47.47429183955805], [19.06150996685028, 47.47429274603868], [19.061512649059296, 47.47429093307741], [19.06150996685028, 47.474290026596755]]]}}, {"type": "Feature", "id": 36926, "properties": {"buildingId": 2, "floorId": 6, "roomNumber": "104", "roomName": "Sz\u00e1m\u00edt\u00f3g\u00e9pes labor", "scope": "budapest/lagymanyos/eszaki/1/LK-1-104-01-16", "roomCode": "LK-1-104-01-16", "roomType": "educational", "__tile": "16/36238/22923", "__layer": "rooms", "__zoom": 16, "__mvtId": 36926, "__building": "eszaki", "__ringVerts": 5, "id": 36926, "catalogFloorId": 6}, "geometry": {"type": "Polygon", "coordinates": [[[19.061577022075653, 47.47422022753926], [19.061593115329742, 47.47427733586592], [19.061528742313385, 47.47428640067397], [19.061508625745773, 47.474229292357165], [19.061577022075653, 47.47422022753926]]]}}, {"type": "Feature", "id": 36887, "properties": {"buildingId": 2, "floorId": 6, "roomNumber": "-", "roomName": "F\u00e9rfi WC", "scope": "budapest/lagymanyos/eszaki/1/L\u00c9-1-102-A-05-71", "roomCode": "L\u00c9-1-102/A-05-71", "roomType": "social", "__tile": "17/72476/45847", "__layer": "rooms", "__zoom": 17, "__mvtId": 36887, "__building": "eszaki", "__ringVerts": 5, "id": 36887, "catalogFloorId": 6}, "geometry": {"type": "Polygon", "coordinates": [[[19.061894863843918, 47.472675559734135], [19.061901569366455, 47.47269731593396], [19.061867371201515, 47.47270184847445], [19.061860665678978, 47.472680092276505], [19.061894863843918, 47.472675559734135]]]}}, {"type": "Feature", "id": 37029, "properties": {"buildingId": 2, "floorId": 6, "roomNumber": "1.86", "roomName": "Iroda", "scope": "budapest/lagymanyos/eszaki/1/L\u00c9-1-86-02-33", "roomCode": "L\u00c9-1-86-02-33", "roomType": "administrative", "__tile": "17/72476/45847", "__layer": "rooms", "__zoom": 17, "__mvtId": 37029, "__building": "eszaki", "__ringVerts": 12, "id": 37029, "catalogFloorId": 6}, "geometry": {"type": "Polygon", "coordinates": [[[19.06185396015644, 47.47291442418459], [19.0618646889925, 47.47295113759968], [19.061874747276306, 47.47294977784402], [19.06187877058983, 47.47296292214724], [19.061868712306023, 47.472964281902556], [19.06187005341053, 47.47296926767176], [19.061795622110367, 47.47297969246036], [19.061788246035576, 47.47295340385904], [19.061790257692337, 47.47295023109592], [19.06178690493107, 47.47295068434781], [19.061779528856277, 47.47292439573196], [19.06185396015644, 47.47291442418459]]]}}, {"type": "Feature", "id": 36958, "properties": {"buildingId": 2, "floorId": 6, "roomNumber": "137", "roomName": "Labor", "scope": "budapest/lagymanyos/eszaki/1/LK-1-137-01-14", "roomCode": "LK-1-137-01-14", "roomType": "educational", "__tile": "17/72476/45847", "__layer": "rooms", "__zoom": 17, "__mvtId": 36958, "__building": "eszaki", "__ringVerts": 5, "id": 36958, "catalogFloorId": 6}, "geometry": {"type": "Polygon", "coordinates": [[[19.06183920800686, 47.47267691949689], [19.061825796961784, 47.47263386032597], [19.061896204948425, 47.47263386032597], [19.061906933784485, 47.47266830766553], [19.06183920800686, 47.47267691949689]]]}}, {"type": "Feature", "id": 36956, "properties": {"buildingId": 2, "floorId": 6, "roomNumber": "136", "roomName": "El\u0151k\u00e9sz\u00edt\u0151", "scope": "budapest/lagymanyos/eszaki/1/LK-1-136-01-15", "roomCode": "LK-1-136-01-15", "roomType": "educational", "__tile": "16/36238/22923", "__layer": "rooms", "__zoom": 16, "__mvtId": 36956, "__building": "eszaki", "__ringVerts": 5, "id": 36956, "catalogFloorId": 6}, "geometry": {"type": "Polygon", "coordinates": [[[19.061865359544754, 47.474386113459296], [19.0618734061718, 47.47441240134392], [19.061806350946426, 47.47442146612866], [19.06179830431938, 47.47439517824858], [19.061865359544754, 47.474386113459296]]]}}, {"type": "Feature", "id": 37028, "properties": {"buildingId": 2, "floorId": 6, "roomNumber": "1.85", "roomName": "Iroda", "scope": "budapest/lagymanyos/eszaki/1/L\u00c9-1-85-02-33", "roomCode": "L\u00c9-1-85-02-33", "roomType": "administrative", "__tile": "17/72476/45847", "__layer": "rooms", "__zoom": 17, "__mvtId": 37028, "__building": "eszaki", "__ringVerts": 5, "id": 37028, "catalogFloorId": 6}, "geometry": {"type": "Polygon", "coordinates": [[[19.061845242977142, 47.47288677579332], [19.061853289604187, 47.47291306442798], [19.061778858304024, 47.47292348922773], [19.061774164438248, 47.47289810710297], [19.061845242977142, 47.47288677579332]]]}}, {"type": "Feature", "id": 37017, "properties": {"buildingId": 2, "floorId": 6, "roomNumber": "1.94", "roomName": "Teakonyha", "scope": "budapest/lagymanyos/eszaki/1/L\u00c9-1-94B-05-77", "roomCode": "L\u00c9-1-94B-05-77", "roomType": "social", "__tile": "17/72476/45847", "__layer": "rooms", "__zoom": 17, "__mvtId": 37017, "__building": "eszaki", "__ringVerts": 5, "id": 37017, "catalogFloorId": 6}, "geometry": {"type": "Polygon", "coordinates": [[[19.061988070607185, 47.47302229809665], [19.061993435025215, 47.47304088139528], [19.061971306800842, 47.473043600901846], [19.061965942382812, 47.47302501760418], [19.061988070607185, 47.47302229809665]]]}}, {"type": "Feature", "id": 37020, "properties": {"buildingId": 2, "floorId": 6, "roomNumber": "1.93", "roomName": "Iratt\u00e1r", "scope": "budapest/lagymanyos/eszaki/1/L\u00c9-1-93-02-34", "roomCode": "L\u00c9-1-93-02-34", "roomType": "administrative", "__tile": "17/72476/45847", "__layer": "rooms", "__zoom": 17, "__mvtId": 37020, "__building": "eszaki", "__ringVerts": 5, "id": 37020, "catalogFloorId": 6}, "geometry": {"type": "Polygon", "coordinates": [[[19.062020257115364, 47.4730386151397], [19.0620269626379, 47.47306309069477], [19.06195856630802, 47.47307260896311], [19.06195119023323, 47.47304768016143], [19.062020257115364, 47.4730386151397]]]}}, {"type": "Feature", "id": 36901, "properties": {"buildingId": 2, "floorId": 6, "roomNumber": "-", "roomName": "F\u00e9rfi mosd\u00f3", "scope": "budapest/lagymanyos/eszaki/1/L\u00c9-1-75-05-71", "roomCode": "L\u00c9-1-75-05-71", "roomType": "social", "__tile": "17/72476/45847", "__layer": "rooms", "__zoom": 17, "__mvtId": 36901, "__building": "eszaki", "__ringVerts": 9, "id": 36901, "catalogFloorId": 6}, "geometry": {"type": "Polygon", "coordinates": [[[19.061691015958786, 47.47313878354296], [19.061701074242592, 47.4731723240516], [19.061676263809204, 47.47317549680131], [19.061674252152443, 47.4731686980517], [19.061667546629906, 47.47316960455169], [19.06166486442089, 47.47315917980077], [19.06167559325695, 47.473157820050496], [19.061670899391174, 47.47314195629469], [19.061691015958786, 47.47313878354296]]]}}, {"type": "Feature", "id": 36902, "properties": {"buildingId": 2, "floorId": 6, "roomNumber": "-", "roomName": "F\u00e9rfi WC", "scope": "budapest/lagymanyos/eszaki/1/L\u00c9-1-75-A-05-71", "roomCode": "L\u00c9-1-75/A-05-71", "roomType": "social", "__tile": "17/72476/45847", "__layer": "rooms", "__zoom": 17, "__mvtId": 36902, "__building": "eszaki", "__ringVerts": 5, "id": 36902, "catalogFloorId": 6}, "geometry": {"type": "Polygon", "coordinates": [[[19.061737954616547, 47.4731365172916], [19.06174600124359, 47.47316461880151], [19.061703085899353, 47.4731723240516], [19.061694368720055, 47.47314240954493], [19.061737954616547, 47.4731365172916]]]}}, {"type": "Feature", "id": 37027, "properties": {"buildingId": 2, "floorId": 6, "roomNumber": "1.84", "roomName": "Iroda", "scope": "budapest/lagymanyos/eszaki/1/L\u00c9-1-84-02-33", "roomCode": "L\u00c9-1-84-02-33", "roomType": "administrative", "__tile": "17/72476/45847", "__layer": "rooms", "__zoom": 17, "__mvtId": 37027, "__building": "eszaki", "__ringVerts": 5, "id": 37027, "catalogFloorId": 6}, "geometry": {"type": "Polygon", "coordinates": [[[19.06183786690235, 47.47286003389285], [19.061845242977142, 47.472885416036], [19.061773493885994, 47.47289493433652], [19.061762765049934, 47.472870005450545], [19.06183786690235, 47.47286003389285]]]}}, {"type": "Feature", "id": 36905, "properties": {"buildingId": 2, "floorId": 6, "roomNumber": "-", "roomName": "Folyos\u00f3", "scope": "budapest/lagymanyos/eszaki/1/L\u00c9-1-K17-04-63", "roomCode": "L\u00c9-1-K17-04-63", "roomType": "corridor", "__tile": "17/72476/45847", "__layer": "rooms", "__zoom": 17, "__mvtId": 36905, "__building": "eszaki", "__ringVerts": 14, "id": 36905, "catalogFloorId": 6}, "geometry": {"type": "Polygon", "coordinates": [[[19.06159780919552, 47.47294343231716], [19.061684980988503, 47.473233059512786], [19.061699733138084, 47.47328201043041], [19.06163938343525, 47.47329016891225], [19.061620607972145, 47.473234872510545], [19.061635360121727, 47.473233059512786], [19.06158708035946, 47.473068529705465], [19.061571657657623, 47.47307079595975], [19.061566963791847, 47.47305311917371], [19.06158171594143, 47.47305085291867], [19.061557576060295, 47.47297017417519], [19.06154215335846, 47.472972440433715], [19.061538130044937, 47.47295159085156], [19.06159780919552, 47.47294343231716]]]}}, {"type": "Feature", "id": 36917, "properties": {"buildingId": 2, "floorId": 6, "roomNumber": "1-163", "roomName": "F\u00e9rfi mosd\u00f3", "scope": "budapest/lagymanyos/eszaki/1/LK-1-163-05-71", "roomCode": "LK-1-163-05-71", "roomType": "social", "__tile": "16/36238/22923", "__layer": "rooms", "__zoom": 16, "__mvtId": 36917, "__building": "eszaki", "__ringVerts": 5, "id": 36917, "catalogFloorId": 6}, "geometry": {"type": "Polygon", "coordinates": [[[19.061339646577835, 47.47440243007888], [19.061346352100372, 47.47442599852045], [19.06132221221924, 47.4744296244336], [19.0613155066967, 47.47440605599366], [19.061339646577835, 47.47440243007888]]]}}, {"type": "Feature", "id": 36957, "properties": {"buildingId": 2, "floorId": 6, "roomNumber": "140", "roomName": "Labor", "scope": "budapest/lagymanyos/eszaki/1/LK-1-140-01-14", "roomCode": "LK-1-140-01-14", "roomType": "educational", "__tile": "17/72476/45847", "__layer": "rooms", "__zoom": 17, "__mvtId": 36957, "__building": "eszaki", "__ringVerts": 9, "id": 36957, "catalogFloorId": 6}, "geometry": {"type": "Polygon", "coordinates": [[[19.061701744794846, 47.47263703310819], [19.061700403690338, 47.47263386032597], [19.061770141124725, 47.47263386032597], [19.061777517199516, 47.47265697630632], [19.06170979142189, 47.47266604139388], [19.0617024153471, 47.47263975263565], [19.061710461974144, 47.472638846126515], [19.06170979142189, 47.472636126599006], [19.061701744794846, 47.47263703310819]]]}}, {"type": "Feature", "id": 36896, "properties": {"buildingId": 2, "floorId": 6, "roomNumber": "1.78", "roomName": "TTK Tanulm\u00e1nyi Hivatal", "scope": "budapest/lagymanyos/eszaki/1/L\u00c9-1-78-02-33", "roomCode": "L\u00c9-1-78-02-33", "roomType": "administrative", "__tile": "17/72476/45847", "__layer": "rooms", "__zoom": 17, "__mvtId": 36896, "__building": "eszaki", "__ringVerts": 7, "id": 36896, "catalogFloorId": 6}, "geometry": {"type": "Polygon", "coordinates": [[[19.061700403690338, 47.47302229809665], [19.061710461974144, 47.47304586715721], [19.06170643866062, 47.473046320408265], [19.06170777976513, 47.47304949316559], [19.061634689569473, 47.47305810493448], [19.06162664294243, 47.47303226962356], [19.061700403690338, 47.47302229809665]]]}}, {"type": "Feature", "id": 36898, "properties": {"buildingId": 2, "floorId": 6, "roomNumber": "1.77", "roomName": "TTK Tanulm\u00e1nyi Hivatal", "scope": "budapest/lagymanyos/eszaki/1/L\u00c9-1-77-02-33", "roomCode": "L\u00c9-1-77-02-33", "roomType": "administrative", "__tile": "17/72476/45847", "__layer": "rooms", "__zoom": 17, "__mvtId": 36898, "__building": "eszaki", "__ringVerts": 6, "id": 36898, "catalogFloorId": 6}, "geometry": {"type": "Polygon", "coordinates": [[[19.06171716749668, 47.4730785012236], [19.06172052025795, 47.47308031422669], [19.061728566884995, 47.47310569626345], [19.061651453375816, 47.473114308023135], [19.06164340674877, 47.473088472739846], [19.06171716749668, 47.4730785012236]]]}}, {"type": "Feature", "id": 36899, "properties": {"buildingId": 2, "floorId": 6, "roomNumber": "-", "roomName": "N\u0151i mosd\u00f3", "scope": "budapest/lagymanyos/eszaki/1/L\u00c9-1-76-05-71", "roomCode": "L\u00c9-1-76-05-71", "roomType": "social", "__tile": "17/72476/45847", "__layer": "rooms", "__zoom": 17, "__mvtId": 36899, "__building": "eszaki", "__ringVerts": 8, "id": 36899, "catalogFloorId": 6}, "geometry": {"type": "Polygon", "coordinates": [[[19.061690345406532, 47.47311158852023], [19.061697721481323, 47.4731365172916], [19.06167559325695, 47.473139236793216], [19.061670899391174, 47.47312427953259], [19.061654806137085, 47.473126545784474], [19.06165212392807, 47.473117934026796], [19.061658158898354, 47.4731170275259], [19.061690345406532, 47.47311158852023]]]}}, {"type": "Feature", "id": 36890, "properties": {"buildingId": 2, "floorId": 6, "roomNumber": "1.82", "roomName": "TTK Tanulm\u00e1nyi Hivatal", "scope": "budapest/lagymanyos/eszaki/1/L\u00c9-1-82-02-33", "roomCode": "L\u00c9-1-82-02-33", "roomType": "administrative", "__tile": "17/72476/45847", "__layer": "rooms", "__zoom": 17, "__mvtId": 36890, "__building": "eszaki", "__ringVerts": 5, "id": 36890, "catalogFloorId": 6}, "geometry": {"type": "Polygon", "coordinates": [[[19.061644077301025, 47.47282694643784], [19.06165212392807, 47.47285232859697], [19.061575680971146, 47.47286275340877], [19.061568304896355, 47.47283691800182], [19.061644077301025, 47.47282694643784]]]}}, {"type": "Feature", "id": 36895, "properties": {"buildingId": 2, "floorId": 6, "roomNumber": "1.78A", "roomName": "TTK Tanulm\u00e1nyi Hivatal", "scope": "budapest/lagymanyos/eszaki/1/L\u00c9-1-78A-02-33", "roomCode": "L\u00c9-1-78A-02-33", "roomType": "administrative", "__tile": "17/72476/45847", "__layer": "rooms", "__zoom": 17, "__mvtId": 36895, "__building": "eszaki", "__ringVerts": 7, "id": 36895, "catalogFloorId": 6}, "geometry": {"type": "Polygon", "coordinates": [[[19.06169503927231, 47.47299419651063], [19.0617024153471, 47.4730182188351], [19.061700403690338, 47.473021391594116], [19.06162664294243, 47.473031363121194], [19.061618596315384, 47.47300552779713], [19.061624631285667, 47.4730046212943], [19.06169503927231, 47.47299419651063]]]}}, {"type": "Feature", "id": 36906, "properties": {"buildingId": 2, "floorId": 6, "roomNumber": "-", "roomName": "Folyos\u00f3", "scope": "budapest/lagymanyos/eszaki/1/L\u00c9-1-K18-04-63", "roomCode": "L\u00c9-1-K18-04-63", "roomType": "corridor", "__tile": "17/72476/45847", "__layer": "rooms", "__zoom": 17, "__mvtId": 36906, "__building": "eszaki", "__ringVerts": 6, "id": 36906, "catalogFloorId": 6}, "geometry": {"type": "Polygon", "coordinates": [[[19.061634689569473, 47.47327385194731], [19.06163938343525, 47.47329016891225], [19.061485826969147, 47.47331147160885], [19.06148113310337, 47.47329515465053], [19.061624631285667, 47.47327521169458], [19.061634689569473, 47.47327385194731]]]}}, {"type": "Feature", "id": 37057, "properties": {"buildingId": 2, "floorId": 6, "roomNumber": "F-L.9", "roomName": "L\u00e9pcs\u0151h\u00e1z", "scope": "budapest/lagymanyos/eszaki/1/L\u00c9-1-L9-04-64", "roomCode": "L\u00c9-1-L9-04-64", "roomType": "corridor", "__tile": "17/72476/45847", "__layer": "rooms", "__zoom": 17, "__mvtId": 37057, "__building": "eszaki", "__ringVerts": 5, "id": 37057, "catalogFloorId": 6}, "geometry": {"type": "Polygon", "coordinates": [[[19.061734601855278, 47.47316960455169], [19.061750024557114, 47.4732203685267], [19.061692357063293, 47.47322807376862], [19.061676934361458, 47.473177309801066], [19.061734601855278, 47.47316960455169]], [[19.06171850860119, 47.47318728129856], [19.061705768108368, 47.473188641048075], [19.061703085899353, 47.4731890942979], [19.06170979142189, 47.473212663283654], [19.061725214123726, 47.47321085028512], [19.06171850860119, 47.47318728129856]]]}}, {"type": "Feature", "id": 36911, "properties": {"buildingId": 2, "floorId": 6, "roomNumber": "159", "roomName": "Szemin\u00e1rium", "scope": "budapest/lagymanyos/eszaki/1/LK-1-159-01-12", "roomCode": "LK-1-159-01-12", "roomType": "educational", "__tile": "16/36238/22923", "__layer": "rooms", "__zoom": 16, "__mvtId": 36911, "__building": "eszaki", "__ringVerts": 5, "id": 36911, "catalogFloorId": 6}, "geometry": {"type": "Polygon", "coordinates": [[[19.061454981565475, 47.474410588386775], [19.061472415924072, 47.47446860298415], [19.06139463186264, 47.47447857423663], [19.061377197504044, 47.47442146612866], [19.061454981565475, 47.474410588386775]]]}}, {"type": "Feature", "id": 36903, "properties": {"buildingId": 2, "floorId": 6, "roomNumber": "1.71", "roomName": "P\u00f3cza Jen\u0151 terem", "scope": "budapest/lagymanyos/eszaki/1/L\u00c9-1-71-01-11", "roomCode": "L\u00c9-1-71-01-11", "roomType": "educational", "__tile": "17/72476/45847", "__layer": "rooms", "__zoom": 17, "__mvtId": 36903, "__building": "eszaki", "__ringVerts": 9, "id": 36903, "catalogFloorId": 6}, "geometry": {"type": "Polygon", "coordinates": [[[19.06159780919552, 47.473184561799435], [19.061623960733414, 47.473271585701774], [19.061489179730415, 47.47329016891225], [19.06148448586464, 47.47327385194731], [19.06148850917816, 47.47327339869821], [19.06147174537182, 47.473219008778], [19.06146839261055, 47.473219915277134], [19.06146302819252, 47.473202691790966], [19.06159780919552, 47.473184561799435]]]}}, {"type": "Feature", "id": 36909, "properties": {"buildingId": 2, "floorId": 6, "roomNumber": "1.61", "roomName": "F\u00e9nym\u00e1sol\u00f3", "scope": "budapest/lagymanyos/eszaki/1/LK-1-61-02-35", "roomCode": "LK-1-61-02-35", "roomType": "administrative", "__tile": "17/72476/45847", "__layer": "rooms", "__zoom": 17, "__mvtId": 36909, "__building": "eszaki", "__ringVerts": 7, "id": 36909, "catalogFloorId": 6}, "geometry": {"type": "Polygon", "coordinates": [[[19.061516672372818, 47.47275714543702], [19.06152404844761, 47.47278116786985], [19.06151868402958, 47.472782074376525], [19.061519354581833, 47.47278434064317], [19.061446264386177, 47.472794765468464], [19.061438217759132, 47.472767570267706], [19.061516672372818, 47.47275714543702]]]}}, {"type": "Feature", "id": 36904, "properties": {"buildingId": 2, "floorId": 6, "roomNumber": "-", "roomName": "Technikai szoba", "scope": "budapest/lagymanyos/eszaki/1/L\u00c9-1-180-03-55", "roomCode": "L\u00c9-1-180-03-55", "roomType": "misc", "__tile": "17/72476/45847", "__layer": "rooms", "__zoom": 17, "__mvtId": 36904, "__building": "eszaki", "__ringVerts": 5, "id": 36904, "catalogFloorId": 6}, "geometry": {"type": "Polygon", "coordinates": [[[19.061355739831924, 47.47300235503716], [19.061377197504044, 47.473073515464776], [19.06134031713009, 47.4730785012236], [19.061319530010223, 47.47300734080274], [19.061355739831924, 47.47300235503716]]]}}, {"type": "Feature", "id": 37058, "properties": {"buildingId": 2, "floorId": 6, "roomNumber": "-", "roomName": "F\u00e9rfi mosd\u00f3", "scope": "budapest/lagymanyos/eszaki/1/LK-1-130-05-71", "roomCode": "LK-1-130-05-71", "roomType": "social", "__tile": "16/36238/22923", "__layer": "rooms", "__zoom": 16, "__mvtId": 37058, "__building": "eszaki", "__ringVerts": 6, "id": 37058, "catalogFloorId": 6}, "geometry": {"type": "Polygon", "coordinates": [[[19.06168296933174, 47.474360732040985], [19.06169503927231, 47.474367983876036], [19.06169906258583, 47.47437795514761], [19.06167894601822, 47.47438067458498], [19.06167358160019, 47.47436254499985], [19.06168296933174, 47.474360732040985]]]}}, {"type": "Feature", "id": 36884, "properties": {"buildingId": 2, "floorId": 6, "roomNumber": "1.83", "roomName": "Iroda", "scope": "budapest/lagymanyos/eszaki/1/L\u00c9-1-83-02-33", "roomCode": "L\u00c9-1-83-02-33", "roomType": "administrative", "__tile": "17/72476/45847", "__layer": "rooms", "__zoom": 17, "__mvtId": 36884, "__building": "eszaki", "__ringVerts": 5, "id": 36884, "catalogFloorId": 6}, "geometry": {"type": "Polygon", "coordinates": [[[19.0618197619915, 47.472800204506925], [19.061837196350098, 47.472859127387515], [19.061762765049934, 47.47286909894538], [19.0617473423481, 47.47281017607598], [19.0618197619915, 47.472800204506925]]]}}, {"type": "Feature", "id": 36897, "properties": {"buildingId": 2, "floorId": 6, "roomNumber": "1.77A", "roomName": "TTK Tanulm\u00e1nyi Hivatal", "scope": "budapest/lagymanyos/eszaki/1/L\u00c9-1-77A-02-33", "roomCode": "L\u00c9-1-77A-02-33", "roomType": "administrative", "__tile": "17/72476/45847", "__layer": "rooms", "__zoom": 17, "__mvtId": 36897, "__building": "eszaki", "__ringVerts": 7, "id": 36897, "catalogFloorId": 6}, "geometry": {"type": "Polygon", "coordinates": [[[19.06171180307865, 47.47304994641662], [19.061719179153442, 47.47307532846804], [19.06171716749668, 47.47307759472203], [19.06164340674877, 47.473087566238455], [19.061635360121727, 47.47306173094202], [19.06164139509201, 47.473060824440154], [19.06171180307865, 47.47304994641662]]]}}, {"type": "Feature", "id": 36900, "properties": {"buildingId": 2, "floorId": 6, "roomNumber": "-", "roomName": "N\u0151i WC", "scope": "budapest/lagymanyos/eszaki/1/L\u00c9-1-76-A-05-71", "roomCode": "L\u00c9-1-76/A-05-71", "roomType": "social", "__tile": "17/72476/45847", "__layer": "rooms", "__zoom": 17, "__mvtId": 36900, "__building": "eszaki", "__ringVerts": 5, "id": 36900, "catalogFloorId": 6}, "geometry": {"type": "Polygon", "coordinates": [[[19.061728566884995, 47.47310660276453], [19.061735942959785, 47.47313107828795], [19.06169906258583, 47.47313606404131], [19.06169168651104, 47.47311158852023], [19.061728566884995, 47.47310660276453]]]}}, {"type": "Feature", "id": 36892, "properties": {"buildingId": 2, "floorId": 6, "roomNumber": "1.80", "roomName": "TTK Tanulm\u00e1nyi Hivatal", "scope": "budapest/lagymanyos/eszaki/1/L\u00c9-1-80-02-33", "roomCode": "L\u00c9-1-80-02-33", "roomType": "administrative", "__tile": "17/72476/45847", "__layer": "rooms", "__zoom": 17, "__mvtId": 36892, "__building": "eszaki", "__ringVerts": 9, "id": 36892, "catalogFloorId": 6}, "geometry": {"type": "Polygon", "coordinates": [[[19.06166084110737, 47.47288088351133], [19.061667546629906, 47.47291442418459], [19.061670899391174, 47.47291397093238], [19.061676263809204, 47.47293300752136], [19.061672911047935, 47.47293346077339], [19.061674252152443, 47.47293754004153], [19.061601161956787, 47.47294615182877], [19.061584398150444, 47.47289130831748], [19.06166084110737, 47.47288088351133]]]}}, {"type": "Feature", "id": 36893, "properties": {"buildingId": 2, "floorId": 6, "roomNumber": "-", "roomName": "Folyos\u00f3", "scope": "budapest/lagymanyos/eszaki/1/L\u00c9-1-K16-04-63", "roomCode": "L\u00c9-1-K16-04-63", "roomType": "corridor", "__tile": "17/72476/45847", "__layer": "rooms", "__zoom": 17, "__mvtId": 36893, "__building": "eszaki", "__ringVerts": 13, "id": 36893, "catalogFloorId": 6}, "geometry": {"type": "Polygon", "coordinates": [[[19.061525389552116, 47.47278479389649], [19.061540812253952, 47.472837371254684], [19.06153477728367, 47.472837824507536], [19.061536118388176, 47.4728419037831], [19.061541482806206, 47.472840997277444], [19.061542823910713, 47.47284417004716], [19.0615676343441, 47.472840997277444], [19.06159780919552, 47.47294343231716], [19.0613155066967, 47.47298150546686], [19.061305448412895, 47.47294705833261], [19.06145565211773, 47.47292620874038], [19.061416760087013, 47.47279975125374], [19.061525389552116, 47.47278479389649]], [[19.061519354581833, 47.4728972005983], [19.06150996685028, 47.47289856035531], [19.061511307954788, 47.4729049058876], [19.061521366238594, 47.47290354613074], [19.061519354581833, 47.4728972005983]], [[19.06156226992607, 47.47288722904575], [19.061552211642265, 47.47288858880303], [19.061553552746773, 47.47289221482226], [19.061548188328743, 47.47289312132703], [19.061550199985504, 47.47289946685997], [19.06156562268734, 47.47289765385063], [19.06156226992607, 47.47288722904575]]]}}, {"type": "Feature", "id": 36894, "properties": {"buildingId": 2, "floorId": 6, "roomNumber": "1.79", "roomName": "Felv\u00e9teli Iroda", "scope": "budapest/lagymanyos/eszaki/1/L\u00c9-1-79-02-33", "roomCode": "L\u00c9-1-79-02-33", "roomType": "administrative", "__tile": "17/72476/45847", "__layer": "rooms", "__zoom": 17, "__mvtId": 36894, "__building": "eszaki", "__ringVerts": 8, "id": 36894, "catalogFloorId": 6}, "geometry": {"type": "Polygon", "coordinates": [[[19.061678275465965, 47.472938446545506], [19.06168431043625, 47.47296926767176], [19.061687663197517, 47.47296881442003], [19.061694368720055, 47.472992836756085], [19.06161792576313, 47.473001901785715], [19.06160183250904, 47.47294977784402], [19.06160719692707, 47.472948871340236], [19.061678275465965, 47.472938446545506]]]}}, {"type": "Feature", "id": 36908, "properties": {"buildingId": 2, "floorId": 6, "roomNumber": "-", "roomName": "L\u00e9pcs\u0151 el\u0151t\u00e9r", "scope": "budapest/lagymanyos/eszaki/1/L\u00c9-1-K18-A-04-62", "roomCode": "L\u00c9-1-K18/A-04-62", "roomType": "corridor", "__tile": "17/72476/45847", "__layer": "rooms", "__zoom": 17, "__mvtId": 36908, "__building": "eszaki", "__ringVerts": 8, "id": 36908, "catalogFloorId": 6}, "geometry": {"type": "Polygon", "coordinates": [[[19.06176209449768, 47.473219915277134], [19.061774164438248, 47.47326116097107], [19.061703085899353, 47.47327067920353], [19.061707109212875, 47.47328337017747], [19.061701744794846, 47.473283823426485], [19.061685651540756, 47.47323260626334], [19.061685651540756, 47.47322988676655], [19.06176209449768, 47.473219915277134]]]}}, {"type": "Feature", "id": 37005, "properties": {"buildingId": 2, "floorId": 6, "roomNumber": "\u00c91-K5", "roomName": "Folyos\u00f3", "scope": "budapest/lagymanyos/eszaki/1/L\u00c9-1-K5-04-62", "roomCode": "L\u00c9-1-K5-04-62", "roomType": "corridor", "__tile": "17/72476/45847", "__layer": "rooms", "__zoom": 17, "__mvtId": 37005, "__building": "eszaki", "__ringVerts": 26, "id": 37005, "catalogFloorId": 6}, "geometry": {"type": "Polygon", "coordinates": [[[19.062353521585464, 47.47265516328862], [19.062346816062927, 47.47263386032597], [19.062379002571106, 47.47263386032597], [19.06238302588463, 47.4726465514537], [19.062393084168434, 47.472645191690155], [19.06239576637745, 47.47265606979748], [19.062386378645897, 47.47265697630632], [19.06240850687027, 47.472730403470585], [19.062418565154076, 47.47272904370922], [19.062421917915344, 47.47273992179918], [19.06241185963154, 47.47274128156026], [19.062416553497314, 47.47275850519767], [19.062427282333374, 47.47275714543702], [19.062430635094643, 47.47276802352116], [19.062419906258583, 47.47276938328152], [19.062423929572105, 47.47278388738985], [19.062393084168434, 47.47278796666959], [19.06237967312336, 47.47274082830658], [19.062301889061928, 47.4727517063941], [19.06229719519615, 47.47273674902318], [19.062354862689972, 47.47272859045542], [19.062342792749405, 47.472687797597644], [19.06233809888363, 47.47267238695424], [19.0622790902853, 47.47268054553073], [19.06227506697178, 47.47266558813954], [19.062353521585464, 47.47265516328862]]]}}, {"type": "Feature", "id": 37051, "properties": {"buildingId": 2, "floorId": 6, "roomNumber": "-", "roomName": "N\u0151i WC", "scope": "budapest/lagymanyos/eszaki/1/L\u00c9-1-105-A-05-71", "roomCode": "L\u00c9-1-105/A-05-71", "roomType": "social", "__tile": "16/36238/22923", "__layer": "rooms", "__zoom": 16, "__mvtId": 37051, "__building": "eszaki", "__ringVerts": 5, "id": 37051, "catalogFloorId": 6}, "geometry": {"type": "Polygon", "coordinates": [[[19.062310606241226, 47.47447494832685], [19.062315970659256, 47.47449670378174], [19.062279760837555, 47.474501236167036], [19.062273055315018, 47.47447948071403], [19.062310606241226, 47.47447494832685]]]}}, {"type": "Feature", "id": 36998, "properties": {"buildingId": 2, "floorId": 6, "roomNumber": "F-L7", "roomName": "L\u00e9pcs\u0151h\u00e1z", "scope": "budapest/lagymanyos/eszaki/1/L\u00c9-1-L7-04-64", "roomCode": "L\u00c9-1-L7-04-64", "roomType": "corridor", "__tile": "17/72476/45847", "__layer": "rooms", "__zoom": 17, "__mvtId": 36998, "__building": "eszaki", "__ringVerts": 5, "id": 36998, "catalogFloorId": 6}, "geometry": {"type": "Polygon", "coordinates": [[[19.062274396419525, 47.47269051712248], [19.06228579580784, 47.47272904370922], [19.06219594180584, 47.47274128156026], [19.062184542417526, 47.47270275498251], [19.062274396419525, 47.47269051712248]]]}}, {"type": "Feature", "id": 36990, "properties": {"buildingId": 2, "floorId": 6, "roomNumber": "1.108", "roomName": "Iroda", "scope": "budapest/lagymanyos/eszaki/1/L\u00c9-1-108-02-33", "roomCode": "L\u00c9-1-108-02-33", "roomType": "administrative", "__tile": "16/36238/22923", "__layer": "rooms", "__zoom": 16, "__mvtId": 36990, "__building": "eszaki", "__ringVerts": 5, "id": 36990, "catalogFloorId": 6}, "geometry": {"type": "Polygon", "coordinates": [[[19.06230255961418, 47.47438430050126], [19.062311947345734, 47.47441149486536], [19.062231481075287, 47.474419653171836], [19.06222477555275, 47.47439517824858], [19.06230255961418, 47.47438430050126]]]}}, {"type": "Feature", "id": 36991, "properties": {"buildingId": 2, "floorId": 6, "roomNumber": "1.107", "roomName": "Iroda", "scope": "budapest/lagymanyos/eszaki/1/L\u00c9-1-107-02-33", "roomCode": "L\u00c9-1-107-02-33", "roomType": "administrative", "__tile": "16/36238/22923", "__layer": "rooms", "__zoom": 16, "__mvtId": 36991, "__building": "eszaki", "__ringVerts": 5, "id": 36991, "catalogFloorId": 6}, "geometry": {"type": "Polygon", "coordinates": [[[19.062311947345734, 47.47441240134392], [19.06231999397278, 47.474439595693475], [19.06224086880684, 47.47445047342936], [19.062232822179794, 47.47442599852045], [19.062311947345734, 47.47441240134392]]]}}, {"type": "Feature", "id": 36992, "properties": {"buildingId": 2, "floorId": 6, "roomNumber": "1.106", "roomName": "Iroda", "scope": "budapest/lagymanyos/eszaki/1/L\u00c9-1-106-02-33", "roomCode": "L\u00c9-1-106-02-33", "roomType": "administrative", "__tile": "16/36238/22923", "__layer": "rooms", "__zoom": 16, "__mvtId": 36992, "__building": "eszaki", "__ringVerts": 5, "id": 36992, "catalogFloorId": 6}, "geometry": {"type": "Polygon", "coordinates": [[[19.06231999397278, 47.47444050217155], [19.062328040599823, 47.474467696506565], [19.062248915433884, 47.47447585480432], [19.06224086880684, 47.474451379907244], [19.06231999397278, 47.47444050217155]]]}}, {"type": "Feature", "id": 36999, "properties": {"buildingId": 2, "floorId": 6, "roomNumber": "1.104", "roomName": "Iroda", "scope": "budapest/lagymanyos/eszaki/1/L\u00c9-1-104-02-33", "roomCode": "L\u00c9-1-104-02-33", "roomType": "administrative", "__tile": "17/72476/45847", "__layer": "rooms", "__zoom": 17, "__mvtId": 36999, "__building": "eszaki", "__ringVerts": 7, "id": 36999, "catalogFloorId": 6}, "geometry": {"type": "Polygon", "coordinates": [[[19.062213376164436, 47.4726347668352], [19.062212705612183, 47.47263386032597], [19.062249585986137, 47.47263386032597], [19.062259644269943, 47.472666494648216], [19.062220081686974, 47.47267148044567], [19.062210023403168, 47.472635673344406], [19.062213376164436, 47.4726347668352]]]}}], "meta": {"building": "eszaki", "floorId": 6, "polygonCount": 176}}