{"type": "FeatureCollection", "features": [{"type": "Feature", "id": 36615, "properties": {"buildingId": 2, "floorId": 4, "roomNumber": "-100/8", "roomName": "Folyos\u00f3", "scope": "budapest/lagymanyos/eszaki/-1/LK--1-100-8-04-63", "roomCode": "LK--1-100/8-04-63", "roomType": "corridor", "__tile": "16/36237/22923", "__layer": "rooms", "__zoom": 16, "__mvtId": 36615, "__building": "eszaki", "__ringVerts": 11, "id": 36615, "catalogFloorId": 4}, "geometry": {"type": "Polygon", "coordinates": [[[19.061365127563477, 47.474338976529815], [19.061365127563477, 47.474367077396714], [19.061334282159805, 47.474371609793195], [19.06133159995079, 47.47436526443801], [19.061177372932434, 47.474386113459296], [19.06118005514145, 47.474392458811955], [19.06112238764763, 47.474400617121404], [19.06112104654312, 47.47439336529086], [19.06104326248169, 47.474406962472315], [19.061036556959152, 47.47438430050126], [19.061365127563477, 47.474338976529815]]]}}, {"type": "Feature", "id": 36431, "properties": {"buildingId": 2, "floorId": 4, "roomNumber": "xyz", "roomName": "V\u00e9szkij\u00e1rat", "scope": "budapest/lagymanyos/eszaki/-1/LK--1-018-04-64", "roomCode": "LK--1-018-04-64", "roomType": "corridor", "__tile": "16/36237/22923", "__layer": "rooms", "__zoom": 16, "__mvtId": 36431, "__building": "eszaki", "__ringVerts": 5, "id": 36431, "catalogFloorId": 4}, "geometry": {"type": "Polygon", "coordinates": [[[19.06124845147133, 47.47437886162675], [19.061265885829926, 47.47443687625915], [19.061209559440613, 47.47444503456169], [19.061192125082016, 47.474386113459296], [19.06124845147133, 47.47437886162675]]]}}, {"type": "Feature", "id": 36484, "properties": {"buildingId": 2, "floorId": 4, "roomNumber": "P.K17", "roomName": "Folyos\u00f3", "scope": "budapest/lagymanyos/eszaki/-1/L\u00c9--1-K17-04-63", "roomCode": "L\u00c9--1-K17-04-63", "roomType": "corridor", "__tile": "17/72475/45847", "__layer": "rooms", "__zoom": 17, "__mvtId": 36484, "__building": "eszaki", "__ringVerts": 11, "id": 36484, "catalogFloorId": 4}, "geometry": {"type": "Polygon", "coordinates": [[[19.06132221221924, 47.472941166057375], [19.06132221221924, 47.4729597493847], [19.06130477786064, 47.47296246889545], [19.06131148338318, 47.4729842249765], [19.061285331845284, 47.472987850989135], [19.061278626322746, 47.472965641657844], [19.061188101768494, 47.47297742620214], [19.06118005514145, 47.47295068434781], [19.06121961772442, 47.47294479207298], [19.06122364103794, 47.472954763614595], [19.06132221221924, 47.472941166057375]]]}}, {"type": "Feature", "id": 36622, "properties": {"buildingId": 2, "floorId": 4, "roomNumber": "*P-Lxx", "roomName": "L\u00e9pcs\u0151h\u00e1z", "scope": "budapest/lagymanyos/eszaki/-1/L\u00c9--1-L10-04-64", "roomCode": "L\u00c9--1-L10-04-64", "roomType": "corridor", "__tile": "17/72475/45847", "__layer": "rooms", "__zoom": 17, "__mvtId": 36622, "__building": "eszaki", "__ringVerts": 19, "id": 36622, "catalogFloorId": 4}, "geometry": {"type": "Polygon", "coordinates": [[[19.06111568212509, 47.47292620874038], [19.061133787035942, 47.472928475000806], [19.06114585697651, 47.472933914025425], [19.061154574155807, 47.4729420725613], [19.061159268021584, 47.47295385711089], [19.06117871403694, 47.47295068434781], [19.061186760663986, 47.47297742620214], [19.061150550842285, 47.472982411970094], [19.061149209737778, 47.47297833270544], [19.061154574155807, 47.4729738001888], [19.061150550842285, 47.47297153393032], [19.061130434274673, 47.472981958718485], [19.061104953289032, 47.472982411970094], [19.061083495616913, 47.472972893685416], [19.06107410788536, 47.472954763614595], [19.061076119542122, 47.47294479207298], [19.061086177825928, 47.472934820529474], [19.061098247766495, 47.47292892825288], [19.06111568212509, 47.47292620874038]]]}}, {"type": "Feature", "id": 36435, "properties": {"buildingId": 2, "floorId": 4, "roomNumber": "P.92 B1 (-1.30)", "roomName": "Tanm\u0171hely", "scope": "budapest/lagymanyos/eszaki/-1/L\u00c9--1-130-01-18", "roomCode": "L\u00c9--1-130-01-18", "roomType": "educational", "__tile": "17/72475/45847", "__layer": "rooms", "__zoom": 17, "__mvtId": 36435, "__building": "eszaki", "__ringVerts": 6, "id": 36435, "catalogFloorId": 4}, "geometry": {"type": "Polygon", "coordinates": [[[19.06130075454712, 47.473047226910374], [19.06131684780121, 47.47310207025895], [19.06125582754612, 47.473110228768725], [19.06121090054512, 47.47305901143638], [19.061264544725418, 47.4730522126717], [19.06130075454712, 47.473047226910374]]]}}, {"type": "Feature", "id": 36434, "properties": {"buildingId": 2, "floorId": 4, "roomNumber": "P.90 B1 -(-1.29)", "roomName": "Tanm\u0171hely", "scope": "budapest/lagymanyos/eszaki/-1/L\u00c9--1-129-01-18", "roomCode": "L\u00c9--1-129-01-18", "roomType": "educational", "__tile": "17/72475/45847", "__layer": "rooms", "__zoom": 17, "__mvtId": 36434, "__building": "eszaki", "__ringVerts": 9, "id": 36434, "catalogFloorId": 4}, "geometry": {"type": "Polygon", "coordinates": [[[19.061283990740776, 47.472990117246894], [19.06130075454712, 47.47304586715721], [19.061209559440613, 47.47305810493448], [19.061164632439613, 47.473006887551335], [19.06124174594879, 47.47299646276813], [19.061243757605553, 47.473001901785715], [19.061260521411896, 47.47299963552845], [19.061258509755135, 47.472993290007615], [19.061283990740776, 47.472990117246894]]]}}, {"type": "Feature", "id": 36451, "properties": {"buildingId": 2, "floorId": 4, "roomNumber": "P.75/C (-1.64)", "roomName": "Ryb\u00e1r Istv\u00e1n terem", "scope": "budapest/lagymanyos/eszaki/-1/L\u00c9--1-164-01-11", "roomCode": "L\u00c9--1-164-01-11", "roomType": "educational", "__tile": "17/72476/45847", "__layer": "rooms", "__zoom": 17, "__mvtId": 36451, "__building": "eszaki", "__ringVerts": 9, "id": 36451, "catalogFloorId": 4}, "geometry": {"type": "Polygon", "coordinates": [[[19.062045738101006, 47.47312337303181], [19.062081947922707, 47.473233512762235], [19.062002152204514, 47.47324393749842], [19.061986729502678, 47.47319136054699], [19.0619907528162, 47.47319045404736], [19.06198874115944, 47.47318410854956], [19.061982706189156, 47.473184561799435], [19.061968624591827, 47.47313379778984], [19.062045738101006, 47.47312337303181]]]}}, {"type": "Feature", "id": 36473, "properties": {"buildingId": 2, "floorId": 4, "roomNumber": "P.47/D", "roomName": "Bels\u0151 udvar", "scope": "budapest/lagymanyos/eszaki/-1/L\u00c9--1-P47-D-07-108", "roomCode": "L\u00c9--1-P47/D-07-108", "roomType": "outdoor", "__tile": "17/72476/45847", "__layer": "rooms", "__zoom": 17, "__mvtId": 36473, "__building": "eszaki", "__ringVerts": 5, "id": 36473, "catalogFloorId": 4}, "geometry": {"type": "Polygon", "coordinates": [[[19.062398448586464, 47.4731383302927], [19.06241185963154, 47.47318274879993], [19.062342792749405, 47.473191813796795], [19.062325358390808, 47.473147848547406], [19.062398448586464, 47.4731383302927]]]}}, {"type": "Feature", "id": 36499, "properties": {"buildingId": 2, "floorId": 4, "roomNumber": "P.50 B6", "roomName": "El\u0151ad\u00f3terem", "scope": "budapest/lagymanyos/eszaki/-1/L\u00c9--1-162-01-11", "roomCode": "L\u00c9--1-162-01-11", "roomType": "educational", "__tile": "17/72476/45847", "__layer": "rooms", "__zoom": 17, "__mvtId": 36499, "__building": "eszaki", "__ringVerts": 7, "id": 36499, "catalogFloorId": 4}, "geometry": {"type": "Polygon", "coordinates": [[[19.06184323132038, 47.47315102129859], [19.061857983469963, 47.47320178529154], [19.06185396015644, 47.47320223854126], [19.0618734061718, 47.47326116097107], [19.061794951558113, 47.47327113245265], [19.061762765049934, 47.47316189930121], [19.06184323132038, 47.47315102129859]]]}}, {"type": "Feature", "id": 36503, "properties": {"buildingId": 2, "floorId": 4, "roomNumber": "P.52/A B5 (-1,61)", "roomName": "R\u00f6ntgen laborat\u00f3rium", "scope": "budapest/lagymanyos/eszaki/-1/L\u00c9--1-161-B-01-14", "roomCode": "L\u00c9--1-161/B-01-14", "roomType": "educational", "__tile": "17/72476/45847", "__layer": "rooms", "__zoom": 17, "__mvtId": 36503, "__building": "eszaki", "__ringVerts": 11, "id": 36503, "catalogFloorId": 4}, "geometry": {"type": "Polygon", "coordinates": [[[19.06190223991871, 47.47308258048048], [19.06190425157547, 47.473088925990545], [19.061913639307022, 47.473087566238455], [19.061917662620544, 47.4731007105072], [19.061908274888992, 47.47310207025895], [19.06191162765026, 47.47311249502122], [19.061884805560112, 47.473116121025], [19.061886817216873, 47.47312201328061], [19.06183920800686, 47.47312835878591], [19.061829149723053, 47.47309255199595], [19.06190223991871, 47.47308258048048]]]}}, {"type": "Feature", "id": 36628, "properties": {"buildingId": 2, "floorId": 4, "roomNumber": "*P.47/B", "roomName": "El\u0151t\u00e9r", "scope": "budapest/lagymanyos/eszaki/-1/L\u00c9--1-166-A-04-62", "roomCode": "L\u00c9--1-166/A-04-62", "roomType": "corridor", "__tile": "17/72476/45847", "__layer": "rooms", "__zoom": 17, "__mvtId": 36628, "__building": "eszaki", "__ringVerts": 5, "id": 36628, "catalogFloorId": 4}, "geometry": {"type": "Polygon", "coordinates": [[[19.062305241823196, 47.47317685655113], [19.062312617897987, 47.473202691790966], [19.062301218509674, 47.47320405154008], [19.062293842434883, 47.473178216300916], [19.062305241823196, 47.47317685655113]]]}}, {"type": "Feature", "id": 36627, "properties": {"buildingId": 2, "floorId": 4, "roomNumber": "*P.47/B (-1.66)", "roomName": "IK H\u00d6K", "scope": "budapest/lagymanyos/eszaki/-1/L\u00c9--1-166-03-58", "roomCode": "L\u00c9--1-166-03-58", "roomType": "misc", "__tile": "17/72476/45847", "__layer": "rooms", "__zoom": 17, "__mvtId": 36627, "__building": "eszaki", "__ringVerts": 12, "id": 36627, "catalogFloorId": 4}, "geometry": {"type": "Polygon", "coordinates": [[[19.062315300107002, 47.47314059654398], [19.062324687838554, 47.4731723240516], [19.06229116022587, 47.47317685655113], [19.062299206852913, 47.47320450478978], [19.06225562095642, 47.47321039703547], [19.062250927090645, 47.47320813078721], [19.062247574329376, 47.47321130353476], [19.062203988432884, 47.4732171957797], [19.062196612358093, 47.4731922670466], [19.062238186597824, 47.47318728129856], [19.062228798866272, 47.47315238104905], [19.062315300107002, 47.47314059654398]], [[19.062236174941063, 47.4731519277989], [19.062231481075287, 47.473154194049584], [19.062234833836555, 47.47315736680039], [19.062238857150078, 47.47315510054984], [19.062236174941063, 47.4731519277989]]]}}, {"type": "Feature", "id": 36614, "properties": {"buildingId": 2, "floorId": 4, "roomNumber": "-100/6", "roomName": "Folyos\u00f3", "scope": "budapest/lagymanyos/eszaki/-1/LK--1-100-6-04-63", "roomCode": "LK--1-100/6-04-63", "roomType": "corridor", "__tile": "16/36238/22923", "__layer": "rooms", "__zoom": 16, "__mvtId": 36614, "__building": "eszaki", "__ringVerts": 6, "id": 36614, "catalogFloorId": 4}, "geometry": {"type": "Polygon", "coordinates": [[[19.06211882829666, 47.47420663030948], [19.06212419271469, 47.474223853466604], [19.061787575483322, 47.474269177537344], [19.061750024557114, 47.47427189698034], [19.06174600124359, 47.47425739328271], [19.06211882829666, 47.47420663030948]]]}}, {"type": "Feature", "id": 36561, "properties": {"buildingId": 2, "floorId": 4, "roomNumber": "P-L6", "roomName": "L\u00e9pcs\u0151h\u00e1z", "scope": "budapest/lagymanyos/eszaki/-1/L\u00c9--1-L6-04-64", "roomCode": "L\u00c9--1-L6-04-64", "roomType": "corridor", "__tile": "17/72476/45847", "__layer": "rooms", "__zoom": 17, "__mvtId": 36561, "__building": "eszaki", "__ringVerts": 12, "id": 36561, "catalogFloorId": 4}, "geometry": {"type": "Polygon", "coordinates": [[[19.062032997608185, 47.47306535694929], [19.062040373682976, 47.473088472739846], [19.062027633190155, 47.4730902857426], [19.06202293932438, 47.473076234969646], [19.06199276447296, 47.47308031422669], [19.06202159821987, 47.47307759472203], [19.062025621533394, 47.47309073899328], [19.061955213546753, 47.473100257256604], [19.061952531337738, 47.473091192243956], [19.061959236860275, 47.4730902857426], [19.061955213546753, 47.47307578171885], [19.062032997608185, 47.47306535694929]]]}}, {"type": "Feature", "id": 36505, "properties": {"buildingId": 2, "floorId": 4, "roomNumber": "P.54. B1", "roomName": "Elektronmikroszk\u00f3p labor", "scope": "budapest/lagymanyos/eszaki/-1/L\u00c9--1-160-01-14", "roomCode": "L\u00c9--1-160-01-14", "roomType": "educational", "__tile": "17/72476/45847", "__layer": "rooms", "__zoom": 17, "__mvtId": 36505, "__building": "eszaki", "__ringVerts": 9, "id": 36505, "catalogFloorId": 4}, "geometry": {"type": "Polygon", "coordinates": [[[19.06188614666462, 47.47302819036279], [19.06189687550068, 47.47306309069477], [19.06190760433674, 47.47306173094202], [19.061910957098007, 47.47307396871559], [19.061900228261948, 47.47307532846804], [19.06190223991871, 47.47308122072822], [19.0618284791708, 47.473091192243956], [19.06181238591671, 47.473038161888574], [19.06188614666462, 47.47302819036279]]]}}, {"type": "Feature", "id": 36507, "properties": {"buildingId": 2, "floorId": 4, "roomNumber": "P.56/A B1 (-1.60)", "roomName": "El\u0151t\u00e9r", "scope": "budapest/lagymanyos/eszaki/-1/L\u00c9--1-160-A-04-62", "roomCode": "L\u00c9--1-160/A-04-62", "roomType": "corridor", "__tile": "17/72476/45847", "__layer": "rooms", "__zoom": 17, "__mvtId": 36507, "__building": "eszaki", "__ringVerts": 5, "id": 36507, "catalogFloorId": 4}, "geometry": {"type": "Polygon", "coordinates": [[[19.06187742948532, 47.47299872902553], [19.061885476112366, 47.47302547085542], [19.061866030097008, 47.47302819036279], [19.061857983469963, 47.473001901785715], [19.06187742948532, 47.47299872902553]]]}}, {"type": "Feature", "id": 36508, "properties": {"buildingId": 2, "floorId": 4, "roomNumber": "P.56/B B1 (-1.59)", "roomName": "El\u0151k\u00e9sz\u00edt\u0151", "scope": "budapest/lagymanyos/eszaki/-1/L\u00c9--1-159-01-15", "roomCode": "L\u00c9--1-159-01-15", "roomType": "educational", "__tile": "17/72476/45847", "__layer": "rooms", "__zoom": 17, "__mvtId": 36508, "__building": "eszaki", "__ringVerts": 9, "id": 36508, "catalogFloorId": 4}, "geometry": {"type": "Polygon", "coordinates": [[[19.061869382858276, 47.47297153393032], [19.061870723962784, 47.472976519698825], [19.061881452798843, 47.47297515994383], [19.061885476112366, 47.472987850989135], [19.061874747276306, 47.472989210743805], [19.061876758933067, 47.4729973692711], [19.06180366873741, 47.47300870055691], [19.061795622110367, 47.472981052215246], [19.061869382858276, 47.47297153393032]]]}}, {"type": "Feature", "id": 36530, "properties": {"buildingId": 2, "floorId": 4, "roomNumber": "VI./A", "roomName": "Konferenciaterem el\u0151t\u00e9r", "scope": "budapest/lagymanyos/eszaki/-1/L\u00c9--1-175-04-62", "roomCode": "L\u00c9--1-175-04-62", "roomType": "corridor", "__tile": "17/72476/45847", "__layer": "rooms", "__zoom": 17, "__mvtId": 36530, "__building": "eszaki", "__ringVerts": 5, "id": 36530, "catalogFloorId": 4}, "geometry": {"type": "Polygon", "coordinates": [[[19.06204640865326, 47.47283102571424], [19.062053114175797, 47.47285323510243], [19.06201958656311, 47.47285776762948], [19.062012881040573, 47.472835558243204], [19.06204640865326, 47.47283102571424]]]}}, {"type": "Feature", "id": 36509, "properties": {"buildingId": 2, "floorId": 4, "roomNumber": "P.58. B1 (-1.58)", "roomName": "F\u00e9nyzsilip", "scope": "budapest/lagymanyos/eszaki/-1/L\u00c9--1-158-A-04-62", "roomCode": "L\u00c9--1-158/A-04-62", "roomType": "corridor", "__tile": "17/72476/45847", "__layer": "rooms", "__zoom": 17, "__mvtId": 36509, "__building": "eszaki", "__ringVerts": 5, "id": 36509, "catalogFloorId": 4}, "geometry": {"type": "Polygon", "coordinates": [[[19.06186133623123, 47.472945698576844], [19.061868712306023, 47.47297017417519], [19.06184993684292, 47.472972893685416], [19.06184323132038, 47.472948418088336], [19.06186133623123, 47.472945698576844]]]}}, {"type": "Feature", "id": 36518, "properties": {"buildingId": 2, "floorId": 4, "roomNumber": "P-K11", "roomName": "Folyos\u00f3", "scope": "budapest/lagymanyos/eszaki/-1/L\u00c9--1-K11-04-63", "roomCode": "L\u00c9--1-K11-04-63", "roomType": "corridor", "__tile": "17/72476/45847", "__layer": "rooms", "__zoom": 17, "__mvtId": 36518, "__building": "eszaki", "__ringVerts": 5, "id": 36518, "catalogFloorId": 4}, "geometry": {"type": "Polygon", "coordinates": [[[19.061969965696335, 47.472782074376525], [19.06197600066662, 47.472802470772784], [19.06188815832138, 47.472814708606734], [19.061882123351097, 47.47279385896199], [19.061969965696335, 47.472782074376525]]]}}, {"type": "Feature", "id": 36447, "properties": {"buildingId": 2, "floorId": 4, "roomNumber": "P.62 B1", "roomName": "Elektronmikroszk\u00f3p labor", "scope": "budapest/lagymanyos/eszaki/-1/L\u00c9--1-124-A-01-14", "roomCode": "L\u00c9--1-124/A-01-14", "roomType": "educational", "__tile": "17/72476/45847", "__layer": "rooms", "__zoom": 17, "__mvtId": 36447, "__building": "eszaki", "__ringVerts": 9, "id": 36447, "catalogFloorId": 4}, "geometry": {"type": "Polygon", "coordinates": [[[19.06181037425995, 47.472774369069214], [19.06181573867798, 47.47279068618925], [19.061823785305023, 47.472789779682714], [19.061826467514038, 47.472798391494166], [19.06181775033474, 47.47279975125374], [19.061827138066292, 47.47282966595547], [19.061755388975143, 47.47283918426609], [19.0617386251688, 47.47278388738985], [19.06181037425995, 47.472774369069214]]]}}, {"type": "Feature", "id": 36527, "properties": {"buildingId": 2, "floorId": 4, "roomNumber": "P.62", "roomName": "F\u00e9rfi WC", "scope": "budapest/lagymanyos/eszaki/-1/L\u00c9--1-183-A-05-71", "roomCode": "L\u00c9--1-183/A-05-71", "roomType": "social", "__tile": "17/72476/45847", "__layer": "rooms", "__zoom": 17, "__mvtId": 36527, "__building": "eszaki", "__ringVerts": 5, "id": 36527, "catalogFloorId": 4}, "geometry": {"type": "Polygon", "coordinates": [[[19.06189687550068, 47.472676012988394], [19.061903581023216, 47.47269731593396], [19.06186670064926, 47.47270230172848], [19.061860665678978, 47.47268099878494], [19.06189687550068, 47.472676012988394]]]}}, {"type": "Feature", "id": 36519, "properties": {"buildingId": 2, "floorId": 4, "roomNumber": "P-K12", "roomName": "Folyos\u00f3", "scope": "budapest/lagymanyos/eszaki/-1/L\u00c9--1-K12-04-63", "roomCode": "L\u00c9--1-K12-04-63", "roomType": "corridor", "__tile": "17/72476/45847", "__layer": "rooms", "__zoom": 17, "__mvtId": 36519, "__building": "eszaki", "__ringVerts": 5, "id": 36519, "catalogFloorId": 4}, "geometry": {"type": "Polygon", "coordinates": [[[19.061947837471962, 47.47270366149054], [19.061953872442245, 47.47272405791723], [19.0618646889925, 47.472736295769444], [19.061858654022217, 47.47271544609359], [19.061947837471962, 47.47270366149054]]]}}, {"type": "Feature", "id": 36524, "properties": {"buildingId": 2, "floorId": 4, "roomNumber": "P.67/a", "roomName": "Akad\u00e1lymentes WC", "scope": "budapest/lagymanyos/eszaki/-1/L\u00c9--1-173-05-71", "roomCode": "L\u00c9--1-173-05-71", "roomType": "social", "__tile": "17/72476/45847", "__layer": "rooms", "__zoom": 17, "__mvtId": 36524, "__building": "eszaki", "__ringVerts": 5, "id": 36524, "catalogFloorId": 4}, "geometry": {"type": "Polygon", "coordinates": [[[19.061896204948425, 47.47282558667897], [19.061902910470963, 47.47284870257498], [19.061880111694336, 47.47285006233326], [19.061874076724052, 47.47282875944961], [19.061896204948425, 47.47282558667897]]]}}, {"type": "Feature", "id": 36526, "properties": {"buildingId": 2, "floorId": 4, "roomNumber": "P.61 (-1.83)", "roomName": "F\u00e9rfi mosd\u00f3", "scope": "budapest/lagymanyos/eszaki/-1/L\u00c9--1-183-05-71", "roomCode": "L\u00c9--1-183-05-71", "roomType": "social", "__tile": "17/72476/45847", "__layer": "rooms", "__zoom": 17, "__mvtId": 36526, "__building": "eszaki", "__ringVerts": 5, "id": 36526, "catalogFloorId": 4}, "geometry": {"type": "Polygon", "coordinates": [[[19.061858654022217, 47.47268099878494], [19.0618646889925, 47.47270275498251], [19.06183786690235, 47.472706381014554], [19.061831161379814, 47.472684624818484], [19.061858654022217, 47.47268099878494]]]}}, {"type": "Feature", "id": 36611, "properties": {"buildingId": 2, "floorId": 4, "roomNumber": "-100/5", "roomName": "Folyos\u00f3", "scope": "budapest/lagymanyos/eszaki/-1/LK--1-100-5-04-63", "roomCode": "LK--1-100/5-04-63", "roomType": "corridor", "__tile": "16/36238/22923", "__layer": "rooms", "__zoom": 16, "__mvtId": 36611, "__building": "eszaki", "__ringVerts": 25, "id": 36611, "catalogFloorId": 4}, "geometry": {"type": "Polygon", "coordinates": [[[19.06173661351204, 47.474199378452155], [19.06175270676613, 47.47425286087639], [19.061744660139084, 47.47425376735768], [19.061750024557114, 47.47427189698034], [19.061770141124725, 47.474309062687254], [19.061760753393173, 47.47430996916758], [19.06176209449768, 47.47431268860847], [19.061771482229233, 47.47431178212819], [19.061787575483322, 47.47436526443801], [19.06177818775177, 47.47436617091737], [19.061787575483322, 47.474367983876036], [19.06180366873741, 47.47442146612866], [19.061645418405533, 47.474442315127654], [19.06163066625595, 47.474388832896246], [19.061637371778488, 47.474387926417286], [19.061629325151443, 47.474386113459296], [19.061613231897354, 47.474333537650615], [19.0616212785244, 47.47433263117069], [19.061613231897354, 47.4743308182108], [19.061597138643265, 47.474276429385036], [19.061603844165802, 47.474273709942274], [19.061595797538757, 47.47427461642321], [19.061579704284668, 47.47422022753926], [19.061587750911713, 47.47421932105738], [19.06173661351204, 47.474199378452155]], [[19.0616936981678, 47.474218414575496], [19.061629325151443, 47.47422747939371], [19.06164139509201, 47.47426736457527], [19.061633348464966, 47.474269177537344], [19.06167894601822, 47.474424185563784], [19.061760753393173, 47.47441330782246], [19.061748683452606, 47.47436889035536], [19.061739295721054, 47.47436979683465], [19.061729907989502, 47.47433988300963], [19.061737954616547, 47.474338976529815], [19.061713814735413, 47.47425286087639], [19.06170442700386, 47.47425376735768], [19.0616936981678, 47.474218414575496]]]}}, {"type": "Feature", "id": 36446, "properties": {"buildingId": 2, "floorId": 4, "roomNumber": "P.64/A B1 (-1.23)", "roomName": "El\u0151k\u00e9sz\u00edt\u0151", "scope": "budapest/lagymanyos/eszaki/-1/L\u00c9--1-123-01-15", "roomCode": "L\u00c9--1-123-01-15", "roomType": "educational", "__tile": "17/72476/45847", "__layer": "rooms", "__zoom": 17, "__mvtId": 36446, "__building": "eszaki", "__ringVerts": 5, "id": 36446, "catalogFloorId": 4}, "geometry": {"type": "Polygon", "coordinates": [[[19.061786234378815, 47.47269323664718], [19.061792939901352, 47.472715899347506], [19.061721190810204, 47.47272587093255], [19.061714485287666, 47.47270275498251], [19.061786234378815, 47.47269323664718]]]}}, {"type": "Feature", "id": 36555, "properties": {"buildingId": 2, "floorId": 4, "roomNumber": "P.26 T\u00c9R (-1.106)", "roomName": "Nyomdai el\u0151k\u00e9sz\u00edt\u0151", "scope": "budapest/lagymanyos/eszaki/-1/L\u00c9--1-106-02-35", "roomCode": "L\u00c9--1-106-02-35", "roomType": "administrative", "__tile": "17/72476/45847", "__layer": "rooms", "__zoom": 17, "__mvtId": 36555, "__building": "eszaki", "__ringVerts": 9, "id": 36555, "catalogFloorId": 4}, "geometry": {"type": "Polygon", "coordinates": [[[19.06239442527294, 47.4726365798536], [19.062393084168434, 47.47263386032597], [19.062468856573105, 47.47263386032597], [19.06247489154339, 47.47265380352531], [19.06239978969097, 47.4726651348852], [19.062399119138718, 47.47266286861342], [19.06239040195942, 47.472663775122136], [19.062382355332375, 47.47263793961736], [19.06239442527294, 47.4726365798536]]]}}, {"type": "Feature", "id": 36553, "properties": {"buildingId": 2, "floorId": 4, "roomNumber": "P.28", "roomName": "Bel\u00e9p\u0151t\u00e9r", "scope": "budapest/lagymanyos/eszaki/-1/L\u00c9--1-028-04-62", "roomCode": "L\u00c9--1-028-04-62", "roomType": "corridor", "__tile": "17/72476/45847", "__layer": "rooms", "__zoom": 17, "__mvtId": 36553, "__building": "eszaki", "__ringVerts": 9, "id": 36553, "catalogFloorId": 4}, "geometry": {"type": "Polygon", "coordinates": [[[19.06245544552803, 47.47265924257836], [19.062456786632538, 47.47266332186778], [19.06247690320015, 47.472660602341534], [19.062490314245224, 47.47270456799857], [19.062470197677612, 47.47270728752253], [19.06247153878212, 47.47271136680823], [19.062407165765762, 47.47271997863252], [19.062391072511673, 47.472667854411206], [19.06245544552803, 47.47265924257836]]]}}, {"type": "Feature", "id": 36577, "properties": {"buildingId": 2, "floorId": 4, "roomNumber": "P-K4 /A", "roomName": "Folyos\u00f3", "scope": "budapest/lagymanyos/eszaki/-1/L\u00c9--1-K4-04-63", "roomCode": "L\u00c9--1-K4-04-63", "roomType": "corridor", "__tile": "16/36238/22923", "__layer": "rooms", "__zoom": 16, "__mvtId": 36577, "__building": "eszaki", "__ringVerts": 29, "id": 36577, "catalogFloorId": 4}, "geometry": {"type": "Polygon", "coordinates": [[[19.06230390071869, 47.47423926365505], [19.062332063913345, 47.4743308182108], [19.062342792749405, 47.47432900525085], [19.06234547495842, 47.47433988300963], [19.06233474612236, 47.474340789489425], [19.062348157167435, 47.4743870199383], [19.062358886003494, 47.47438520698029], [19.062362909317017, 47.47439608472743], [19.06235083937645, 47.474397897685066], [19.06235620379448, 47.474415120779504], [19.062368273735046, 47.47441330782246], [19.06237095594406, 47.474424185563784], [19.062317311763763, 47.47443143739008], [19.06231328845024, 47.47442146612866], [19.062325358390808, 47.474419653171836], [19.06231999397278, 47.47440152360015], [19.062310606241226, 47.47440333655761], [19.062306582927704, 47.474392458811955], [19.062317311763763, 47.47439155233306], [19.062305241823196, 47.47435257372535], [19.062289148569107, 47.47435529316404], [19.06228244304657, 47.47433625709029], [19.062299877405167, 47.474333537650615], [19.062286466360092, 47.47428821363539], [19.062275737524033, 47.474290026596755], [19.06227171421051, 47.474280055308505], [19.062283784151077, 47.4742782423468], [19.062273055315018, 47.474243796062545], [19.06230390071869, 47.47423926365505]]]}}, {"type": "Feature", "id": 36580, "properties": {"buildingId": 2, "floorId": 4, "roomNumber": "P.24 B7 (-1.104)", "roomName": "\u00d6lt\u00f6z\u0151 el\u0151t\u00e9r", "scope": "budapest/lagymanyos/eszaki/-1/L\u00c9--1-104-04-62", "roomCode": "L\u00c9--1-104-04-62", "roomType": "corridor", "__tile": "16/36238/22923", "__layer": "rooms", "__zoom": 16, "__mvtId": 36580, "__building": "eszaki", "__ringVerts": 5, "id": 36580, "catalogFloorId": 4}, "geometry": {"type": "Polygon", "coordinates": [[[19.062384366989136, 47.47440333655761], [19.062391072511673, 47.4744296244336], [19.06237632036209, 47.47443143739008], [19.062368273735046, 47.47440605599366], [19.062384366989136, 47.47440333655761]]]}}, {"type": "Feature", "id": 36581, "properties": {"buildingId": 2, "floorId": 4, "roomNumber": "P.24 B7 (-1.05)", "roomName": "\u00d6lt\u00f6z\u0151", "scope": "budapest/lagymanyos/eszaki/-1/L\u00c9--1-105-A-05-73", "roomCode": "L\u00c9--1-105/A-05-73", "roomType": "social", "__tile": "16/36238/22923", "__layer": "rooms", "__zoom": 16, "__mvtId": 36581, "__building": "eszaki", "__ringVerts": 5, "id": 36581, "catalogFloorId": 4}, "geometry": {"type": "Polygon", "coordinates": [[[19.062421917915344, 47.474426904998765], [19.06242996454239, 47.474453192862974], [19.062401801347733, 47.47445681877425], [19.062393754720688, 47.47443053091185], [19.062421917915344, 47.474426904998765]]]}}, {"type": "Feature", "id": 36584, "properties": {"buildingId": 2, "floorId": 4, "roomNumber": "P.22 B7 (-1.103)", "roomName": "Gamma spektroszk\u00f3piai labor", "scope": "budapest/lagymanyos/eszaki/-1/L\u00c9--1-103-01-14", "roomCode": "L\u00c9--1-103-01-14", "roomType": "educational", "__tile": "16/36238/22923", "__layer": "rooms", "__zoom": 16, "__mvtId": 36584, "__building": "eszaki", "__ringVerts": 9, "id": 36584, "catalogFloorId": 4}, "geometry": {"type": "Polygon", "coordinates": [[[19.06242460012436, 47.474338976529815], [19.06243935227394, 47.474388832896246], [19.06236559152603, 47.47439880416386], [19.06235620379448, 47.474367983876036], [19.06234547495842, 47.47436889035536], [19.062341451644897, 47.47435710612309], [19.062352180480957, 47.47435529316404], [19.06235083937645, 47.47434894780689], [19.06242460012436, 47.474338976529815]]]}}, {"type": "Feature", "id": 36588, "properties": {"buildingId": 2, "floorId": 4, "roomNumber": "P.16-18 B8 (-1.101)", "roomName": "H\u00e9lium visszanyer\u0151", "scope": "budapest/lagymanyos/eszaki/-1/L\u00c9--1-101-01-14", "roomCode": "L\u00c9--1-101-01-14", "roomType": "educational", "__tile": "16/36238/22923", "__layer": "rooms", "__zoom": 16, "__mvtId": 36588, "__building": "eszaki", "__ringVerts": 9, "id": 36588, "catalogFloorId": 4}, "geometry": {"type": "Polygon", "coordinates": [[[19.062373638153076, 47.474171277495586], [19.062407165765762, 47.47428096178934], [19.062333405017853, 47.47429093307741], [19.062330722808838, 47.47428549419324], [19.06231999397278, 47.47428640067397], [19.062317311763763, 47.47427552290412], [19.062328040599823, 47.474273709942274], [19.062299877405167, 47.47418124880447], [19.062373638153076, 47.474171277495586]]]}}, {"type": "Feature", "id": 36597, "properties": {"buildingId": 2, "floorId": 4, "roomNumber": "P-K3", "roomName": "Folyos\u00f3", "scope": "budapest/lagymanyos/eszaki/-1/L\u00c9--1-K4-C-04-63", "roomCode": "L\u00c9--1-K4/C-04-63", "roomType": "corridor", "__tile": "16/36238/22923", "__layer": "rooms", "__zoom": 16, "__mvtId": 36597, "__building": "eszaki", "__ringVerts": 5, "id": 36597, "catalogFloorId": 4}, "geometry": {"type": "Polygon", "coordinates": [[[19.06231462955475, 47.47403802436789], [19.0623240172863, 47.47405524758028], [19.06217247247696, 47.47407609672457], [19.06216710805893, 47.474057967034355], [19.06231462955475, 47.47403802436789]]]}}, {"type": "Feature", "id": 36589, "properties": {"buildingId": 2, "floorId": 4, "roomNumber": "*P.L3", "roomName": "L\u00e9pcs\u0151h\u00e1z", "scope": "budapest/lagymanyos/eszaki/-1/L\u00c9--1-L3-04-64", "roomCode": "L\u00c9--1-L3-04-64", "roomType": "corridor", "__tile": "16/36238/22923", "__layer": "rooms", "__zoom": 16, "__mvtId": 36589, "__building": "eszaki", "__ringVerts": 5, "id": 36589, "catalogFloorId": 4}, "geometry": {"type": "Polygon", "coordinates": [[[19.062259644269943, 47.47421932105738], [19.062263667583466, 47.47424288958108], [19.062184542417526, 47.47425286087639], [19.06217783689499, 47.47423019883887], [19.062259644269943, 47.47421932105738]]]}}, {"type": "Feature", "id": 36587, "properties": {"buildingId": 2, "floorId": 4, "roomNumber": "P.11 B7 (-1.93)", "roomName": "CERN labor", "scope": "budapest/lagymanyos/eszaki/-1/L\u00c9--1-193-01-14", "roomCode": "L\u00c9--1-193-01-14", "roomType": "educational", "__tile": "16/36238/22923", "__layer": "rooms", "__zoom": 16, "__mvtId": 36587, "__building": "eszaki", "__ringVerts": 5, "id": 36587, "catalogFloorId": 4}, "geometry": {"type": "Polygon", "coordinates": [[[19.062259644269943, 47.47424651550686], [19.062275737524033, 47.47429909140261], [19.062201976776123, 47.47430815620691], [19.062185883522034, 47.474255580320225], [19.062259644269943, 47.47424651550686]]]}}, {"type": "Feature", "id": 36556, "properties": {"buildingId": 2, "floorId": 4, "roomNumber": "P.32; 34/B BB (-1.108)", "roomName": "Krioszt\u00e1t laborat\u00f3rium", "scope": "budapest/lagymanyos/eszaki/-1/L\u00c9--1-108-01-14", "roomCode": "L\u00c9--1-108-01-14", "roomType": "educational", "__tile": "17/72476/45847", "__layer": "rooms", "__zoom": 17, "__mvtId": 36556, "__building": "eszaki", "__ringVerts": 11, "id": 36556, "catalogFloorId": 4}, "geometry": {"type": "Polygon", "coordinates": [[[19.062509760260582, 47.472768476774625], [19.062524512410164, 47.47281697487197], [19.062519147992134, 47.472817428125005], [19.06252920627594, 47.47285096883875], [19.06246080994606, 47.47286003389285], [19.062441363930702, 47.472795218721686], [19.062431305646896, 47.47279657848135], [19.062427952885628, 47.47278479389649], [19.06243734061718, 47.472783434136524], [19.062435999512672, 47.4727784483497], [19.062509760260582, 47.472768476774625]]]}}, {"type": "Feature", "id": 36564, "properties": {"buildingId": 2, "floorId": 4, "roomNumber": "P.38/B B4", "roomName": "Oktat\u00f3i szoba", "scope": "budapest/lagymanyos/eszaki/-1/L\u00c9--1-109-A-01-13", "roomCode": "L\u00c9--1-109/A-01-13", "roomType": "educational", "__tile": "17/72476/45847", "__layer": "rooms", "__zoom": 17, "__mvtId": 36564, "__building": "eszaki", "__ringVerts": 7, "id": 36564, "catalogFloorId": 4}, "geometry": {"type": "Polygon", "coordinates": [[[19.06254731118679, 47.472909891662425], [19.062562733888626, 47.47296337539902], [19.062528535723686, 47.4729683611683], [19.062519818544388, 47.47293935304949], [19.0624862909317, 47.4729438855691], [19.062478244304657, 47.47291895670635], [19.06254731118679, 47.472909891662425]]]}}, {"type": "Feature", "id": 36566, "properties": {"buildingId": 2, "floorId": 4, "roomNumber": "P.38/A B4", "roomName": "M\u00f6ssbauer laborat\u00f3rium", "scope": "budapest/lagymanyos/eszaki/-1/L\u00c9--1-110-01-14", "roomCode": "L\u00c9--1-110-01-14", "roomType": "educational", "__tile": "17/72476/45847", "__layer": "rooms", "__zoom": 17, "__mvtId": 36566, "__building": "eszaki", "__ringVerts": 5, "id": 36566, "catalogFloorId": 4}, "geometry": {"type": "Polygon", "coordinates": [[[19.062562733888626, 47.4729660949096], [19.062571451067924, 47.47299646276813], [19.0625037252903, 47.47300552779713], [19.062495008111, 47.4729756131955], [19.062562733888626, 47.4729660949096]]]}}, {"type": "Feature", "id": 36567, "properties": {"buildingId": 2, "floorId": 4, "roomNumber": "P.40-42 B6 (-1.111)", "roomName": "Korecz laborat\u00f3rium", "scope": "budapest/lagymanyos/eszaki/-1/L\u00c9--1-111-01-14", "roomCode": "L\u00c9--1-111-01-14", "roomType": "educational", "__tile": "17/72476/45847", "__layer": "rooms", "__zoom": 17, "__mvtId": 36567, "__building": "eszaki", "__ringVerts": 12, "id": 36567, "catalogFloorId": 4}, "geometry": {"type": "Polygon", "coordinates": [[[19.062572121620178, 47.4729973692711], [19.062603637576103, 47.473103430010674], [19.062535911798477, 47.47311204177072], [19.06253457069397, 47.473106149513995], [19.062523171305656, 47.47310750926561], [19.062519818544388, 47.473095271499844], [19.062530547380447, 47.47309391174792], [19.062508419156075, 47.473020031840264], [19.062499031424522, 47.473021391594116], [19.062495008111, 47.47300915380829], [19.062504395842552, 47.47300779405413], [19.062572121620178, 47.4729973692711]]]}}, {"type": "Feature", "id": 36516, "properties": {"buildingId": 2, "floorId": 4, "roomNumber": "P.45/A", "roomName": "El\u0151t\u00e9r", "scope": "budapest/lagymanyos/eszaki/-1/L\u00c9--1-167-A-04-62", "roomCode": "L\u00c9--1-167/A-04-62", "roomType": "corridor", "__tile": "17/72476/45847", "__layer": "rooms", "__zoom": 17, "__mvtId": 36516, "__building": "eszaki", "__ringVerts": 6, "id": 36516, "catalogFloorId": 4}, "geometry": {"type": "Polygon", "coordinates": [[[19.062350168824196, 47.472963828650784], [19.062366262078285, 47.47301776558379], [19.062328711152077, 47.47302275134792], [19.062313959002495, 47.47297153393032], [19.06231462955475, 47.47296881442003], [19.062350168824196, 47.472963828650784]]]}}, {"type": "Feature", "id": 36558, "properties": {"buildingId": 2, "floorId": 4, "roomNumber": "P-K6", "roomName": "Folyos\u00f3", "scope": "budapest/lagymanyos/eszaki/-1/L\u00c9--1-K6-04-63", "roomCode": "L\u00c9--1-K6-04-63", "roomType": "corridor", "__tile": "17/72476/45847", "__layer": "rooms", "__zoom": 17, "__mvtId": 36558, "__building": "eszaki", "__ringVerts": 38, "id": 36558, "catalogFloorId": 4}, "geometry": {"type": "Polygon", "coordinates": [[[19.062422588467598, 47.47277754184295], [19.06243398785591, 47.47281561511284], [19.062444046139717, 47.47281380210062], [19.062447398900986, 47.47282422692006], [19.062436670064926, 47.47282558667897], [19.062442034482956, 47.47284371679435], [19.062452763319016, 47.472842357035915], [19.06245544552803, 47.47285232859697], [19.062445387244225, 47.47285414160787], [19.0624587982893, 47.47289992011229], [19.06246952712536, 47.47289856035531], [19.062472879886627, 47.4729085319057], [19.062462151050568, 47.47291034491466], [19.062467515468597, 47.47292756849664], [19.062478244304657, 47.47292620874038], [19.062480926513672, 47.47293663353752], [19.062470197677612, 47.47293799329352], [19.062475562095642, 47.47295567011829], [19.0624862909317, 47.47295431036275], [19.06248964369297, 47.47296473515432], [19.06247891485691, 47.4729660949096], [19.06248427927494, 47.4729842249765], [19.062495008111, 47.472982411970094], [19.06249836087227, 47.472992836756085], [19.062486961483955, 47.47299419651063], [19.062501043081284, 47.473039521641944], [19.062511771917343, 47.47303770863744], [19.06251512467861, 47.473048586663516], [19.0625037252903, 47.47304994641662], [19.062509760260582, 47.473068529705465], [19.06252048909664, 47.47306671670196], [19.062523171305656, 47.47307668822045], [19.062512442469597, 47.47307804797281], [19.062523171305656, 47.473113854772656], [19.06249165534973, 47.47311838727723], [19.06242460012436, 47.47289266807465], [19.062391743063927, 47.472782074376525], [19.062422588467598, 47.47277754184295]]]}}, {"type": "Feature", "id": 36517, "properties": {"buildingId": 2, "floorId": 4, "roomNumber": "P.L5", "roomName": "L\u00e9pcs\u0151h\u00e1z", "scope": "budapest/lagymanyos/eszaki/-1/L\u00c9--1-L5-04-64", "roomCode": "L\u00c9--1-L5-04-64", "roomType": "corridor", "__tile": "17/72476/45847", "__layer": "rooms", "__zoom": 17, "__mvtId": 36517, "__building": "eszaki", "__ringVerts": 7, "id": 36517, "catalogFloorId": 4}, "geometry": {"type": "Polygon", "coordinates": [[[19.06245008111, 47.47300915380829], [19.062454104423523, 47.47302365785043], [19.06246080994606, 47.47302275134792], [19.062463492155075, 47.473031363121194], [19.0623776614666, 47.473043147650756], [19.06237095594406, 47.473020031840264], [19.06245008111, 47.47300915380829]]]}}, {"type": "Feature", "id": 36623, "properties": {"buildingId": 2, "floorId": 4, "roomNumber": "*P-KX - A006/4", "roomName": "L\u00e9pcs\u0151h\u00e1z", "scope": "budapest/lagymanyos/eszaki/-1/LK--1-L1-04-64", "roomCode": "LK--1-L1-04-64", "roomType": "corridor", "__tile": "16/36238/22923", "__layer": "rooms", "__zoom": 16, "__mvtId": 36623, "__building": "eszaki", "__ringVerts": 7, "id": 36623, "catalogFloorId": 4}, "geometry": {"type": "Polygon", "coordinates": [[[19.06144291162491, 47.47375973273259], [19.061454981565475, 47.47378058199412], [19.06144827604294, 47.47378148848357], [19.06145766377449, 47.47381321560426], [19.06137987971306, 47.47382318698109], [19.06136378645897, 47.4737706106092], [19.06144291162491, 47.47375973273259]], [[19.061382561922073, 47.47381865453732], [19.061381220817566, 47.47382046751488], [19.06138390302658, 47.47382137400363], [19.06138524413109, 47.473819561026104], [19.061382561922073, 47.47381865453732]], [[19.061453640460968, 47.473809589648575], [19.061450958251953, 47.473810496137524], [19.061453640460968, 47.47381140262645], [19.061454981565475, 47.473810496137524], [19.061453640460968, 47.473809589648575]], [[19.06136780977249, 47.47377151709882], [19.061366468667984, 47.473773330078004], [19.061369150877, 47.47377423656757], [19.061370491981506, 47.47377242358842], [19.06136780977249, 47.47377151709882]], [[19.061438888311386, 47.47376245220195], [19.06143754720688, 47.47376335869171], [19.061440229415894, 47.47376426518145], [19.0614415705204, 47.47376335869171], [19.061438888311386, 47.47376245220195]]]}}, {"type": "Feature", "id": 36616, "properties": {"buildingId": 2, "floorId": 4, "roomNumber": "-100/3", "roomName": "Folyos\u00f3", "scope": "budapest/lagymanyos/eszaki/-1/LK--1-100-3-04-63", "roomCode": "LK--1-100/3-04-63", "roomType": "corridor", "__tile": "16/36238/22923", "__layer": "rooms", "__zoom": 16, "__mvtId": 36616, "__building": "eszaki", "__ringVerts": 52, "id": 36616, "catalogFloorId": 4}, "geometry": {"type": "Polygon", "coordinates": [[[19.061481803655624, 47.47375701326308], [19.06148448586464, 47.47376245220195], [19.061491191387177, 47.47376154571218], [19.061507284641266, 47.473815028582], [19.06150057911873, 47.47381865453732], [19.061508625745773, 47.47381774804851], [19.061524718999863, 47.473871230861135], [19.061516672372818, 47.47387213734902], [19.061524718999863, 47.47387395032474], [19.061540812253952, 47.47392743308016], [19.061532765626907, 47.473928339567074], [19.06154215335846, 47.47393015254085], [19.06155690550804, 47.47398363523908], [19.061550199985504, 47.47398454172502], [19.06155824661255, 47.473986354696855], [19.061574339866638, 47.474039837337884], [19.061566293239594, 47.47404074382285], [19.061575680971146, 47.47404165030781], [19.061591774225235, 47.474096039376576], [19.06158372759819, 47.47409694586059], [19.061585068702698, 47.47410329124816], [19.061593115329742, 47.474102384764265], [19.061609208583832, 47.47415586728721], [19.061602503061295, 47.474159493219005], [19.06161054968834, 47.47415768025314], [19.06162530183792, 47.47421206920182], [19.061618596315384, 47.47421569512973], [19.061579704284668, 47.474218414575496], [19.06156361103058, 47.474164025633385], [19.061570316553116, 47.4741613061848], [19.06156226992607, 47.47416221266768], [19.061546176671982, 47.474108730151194], [19.061554223299026, 47.474107823667396], [19.06155154109001, 47.47410147828036], [19.061544835567474, 47.474102384764265], [19.061528742313385, 47.47404890218691], [19.061535447835922, 47.474044369762595], [19.061527401208878, 47.47404618273236], [19.061511307954788, 47.47399270009779], [19.061518013477325, 47.473989074154495], [19.061511307954788, 47.47398998064035], [19.0614952147007, 47.47393649794857], [19.061503261327744, 47.47393468497501], [19.06149387359619, 47.47393377848822], [19.061477780342102, 47.47388029573924], [19.061485826969147, 47.473875763300384], [19.061477780342102, 47.47387666978819], [19.061461687088013, 47.47382409346981], [19.061469733715057, 47.47382318698109], [19.06145229935646, 47.47376426518145], [19.061459004878998, 47.47376335869171], [19.061481803655624, 47.47375701326308]]]}}, {"type": "Feature", "id": 36619, "properties": {"buildingId": 2, "floorId": 4, "roomNumber": "A 001/A", "roomName": "Vegyszer el\u0151k\u00e9sz\u00edt\u0151", "scope": "budapest/lagymanyos/eszaki/-1/LK--1-001-A-01-15", "roomCode": "LK--1-001/A-01-15", "roomType": "educational", "__tile": "16/36238/22923", "__layer": "rooms", "__zoom": 16, "__mvtId": 36619, "__building": "eszaki", "__ringVerts": 5, "id": 36619, "catalogFloorId": 4}, "geometry": {"type": "Polygon", "coordinates": [[[19.061579704284668, 47.47380868315962], [19.06159445643425, 47.47386216598148], [19.06152606010437, 47.473871230861135], [19.06150996685028, 47.47381774804851], [19.061579704284668, 47.47380868315962]]]}}, {"type": "Feature", "id": 36537, "properties": {"buildingId": 2, "floorId": 4, "roomNumber": "VI./F", "roomName": "Tolm\u00e1csf\u00fclke", "scope": "budapest/lagymanyos/eszaki/-1/L\u00c9--1-178-B-03-55", "roomCode": "L\u00c9--1-178/B-03-55", "roomType": "misc", "__tile": "17/72476/45847", "__layer": "rooms", "__zoom": 17, "__mvtId": 36537, "__building": "eszaki", "__ringVerts": 7, "id": 36537, "catalogFloorId": 4}, "geometry": {"type": "Polygon", "coordinates": [[[19.062226116657257, 47.472817428125005], [19.062229469418526, 47.47282966595547], [19.062220081686974, 47.472830572461326], [19.062222093343735, 47.472838277760395], [19.06219594180584, 47.47284145053027], [19.06219057738781, 47.47282196065514], [19.062226116657257, 47.472817428125005]]]}}, {"type": "Feature", "id": 36523, "properties": {"buildingId": 2, "floorId": 4, "roomNumber": "P.67", "roomName": "N\u0151i mosd\u00f3", "scope": "budapest/lagymanyos/eszaki/-1/L\u00c9--1-174-05-71", "roomCode": "L\u00c9--1-174-05-71", "roomType": "social", "__tile": "17/72476/45847", "__layer": "rooms", "__zoom": 17, "__mvtId": 36523, "__building": "eszaki", "__ringVerts": 7, "id": 36523, "catalogFloorId": 4}, "geometry": {"type": "Polygon", "coordinates": [[[19.061998799443245, 47.472801111013275], [19.062008187174797, 47.47283329197877], [19.06196393072605, 47.47283918426609], [19.061957225203514, 47.472817428125005], [19.061962589621544, 47.47281652161893], [19.061959236860275, 47.47280609679795], [19.061998799443245, 47.472801111013275]]]}}, {"type": "Feature", "id": 36535, "properties": {"buildingId": 2, "floorId": 4, "roomNumber": "VI./I", "roomName": "Tolm\u00e1csf\u00fclke k\u00f6zleked\u0151", "scope": "budapest/lagymanyos/eszaki/-1/L\u00c9--1-178-A-04-62", "roomCode": "L\u00c9--1-178/A-04-62", "roomType": "corridor", "__tile": "17/72476/45847", "__layer": "rooms", "__zoom": 17, "__mvtId": 36535, "__building": "eszaki", "__ringVerts": 5, "id": 36535, "catalogFloorId": 4}, "geometry": {"type": "Polygon", "coordinates": [[[19.062223434448242, 47.472807003304204], [19.062226116657257, 47.47281606836589], [19.062155708670616, 47.47282513342601], [19.062153697013855, 47.47281652161893], [19.062223434448242, 47.472807003304204]]]}}, {"type": "Feature", "id": 36562, "properties": {"buildingId": 2, "floorId": 4, "roomNumber": "P.36; 34/A B4", "roomName": "P\u00e1szt\u00e1z\u00f3 elektronmikroszk\u00f3p laborat\u00f3rium", "scope": "budapest/lagymanyos/eszaki/-1/L\u00c9--1-109-01-14", "roomCode": "L\u00c9--1-109-01-14", "roomType": "educational", "__tile": "17/72476/45847", "__layer": "rooms", "__zoom": 17, "__mvtId": 36562, "__building": "eszaki", "__ringVerts": 9, "id": 36562, "catalogFloorId": 4}, "geometry": {"type": "Polygon", "coordinates": [[[19.062529876828194, 47.47285232859697], [19.062546640634537, 47.472907172148936], [19.062477573752403, 47.47291623719334], [19.062467515468597, 47.4728817900163], [19.062458127737045, 47.472883149773715], [19.062454104423523, 47.47287045870313], [19.062463492155075, 47.47286955219796], [19.062461480498314, 47.472861846903484], [19.062529876828194, 47.47285232859697]]]}}, {"type": "Feature", "id": 36547, "properties": {"buildingId": 2, "floorId": 4, "roomNumber": "P.69", "roomName": "F\u00e9rfi WC", "scope": "budapest/lagymanyos/eszaki/-1/L\u00c9--1-179-B-05-71", "roomCode": "L\u00c9--1-179/B-05-71", "roomType": "social", "__tile": "17/72476/45847", "__layer": "rooms", "__zoom": 17, "__mvtId": 36547, "__building": "eszaki", "__ringVerts": 7, "id": 36547, "catalogFloorId": 4}, "geometry": {"type": "Polygon", "coordinates": [[[19.06238302588463, 47.4727603182118], [19.062389060854912, 47.47278116786985], [19.062380343675613, 47.47278252762986], [19.062381014227867, 47.47278479389649], [19.062355533242226, 47.47278796666959], [19.06234882771969, 47.472764850746856], [19.06238302588463, 47.4727603182118]]]}}, {"type": "Feature", "id": 36565, "properties": {"buildingId": 2, "floorId": 4, "roomNumber": "P.38C B4", "roomName": "Teakonyha", "scope": "budapest/lagymanyos/eszaki/-1/L\u00c9--1-109-B-05-77", "roomCode": "L\u00c9--1-109/B-05-77", "roomType": "social", "__tile": "17/72476/45847", "__layer": "rooms", "__zoom": 17, "__mvtId": 36565, "__building": "eszaki", "__ringVerts": 5, "id": 36565, "catalogFloorId": 4}, "geometry": {"type": "Polygon", "coordinates": [[[19.062517806887627, 47.47294252581326], [19.06252585351467, 47.47296881442003], [19.062496349215508, 47.472972893685416], [19.062488302588463, 47.47294660508069], [19.062517806887627, 47.47294252581326]]]}}, {"type": "Feature", "id": 36557, "properties": {"buildingId": 2, "floorId": 4, "roomNumber": "P-K7", "roomName": "Folyos\u00f3", "scope": "budapest/lagymanyos/eszaki/-1/L\u00c9--1-K7-04-63", "roomCode": "L\u00c9--1-K7-04-63", "roomType": "corridor", "__tile": "17/72476/45847", "__layer": "rooms", "__zoom": 17, "__mvtId": 36557, "__building": "eszaki", "__ringVerts": 6, "id": 36557, "catalogFloorId": 4}, "geometry": {"type": "Polygon", "coordinates": [[[19.062470197677612, 47.47304586715721], [19.06247489154339, 47.47306218419294], [19.062387719750404, 47.473073515464776], [19.062384366989136, 47.47307396871559], [19.06237967312336, 47.473057651683526], [19.062470197677612, 47.47304586715721]]]}}, {"type": "Feature", "id": 36554, "properties": {"buildingId": 2, "floorId": 4, "roomNumber": "P.30 T\u00c9R (-1.107)", "roomName": "Nyomda", "scope": "budapest/lagymanyos/eszaki/-1/L\u00c9--1-107-02-35", "roomCode": "L\u00c9--1-107-02-35", "roomType": "administrative", "__tile": "17/72476/45847", "__layer": "rooms", "__zoom": 17, "__mvtId": 36554, "__building": "eszaki", "__ringVerts": 11, "id": 36554, "catalogFloorId": 4}, "geometry": {"type": "Polygon", "coordinates": [[[19.062492325901985, 47.47271136680823], [19.06250774860382, 47.47276122471884], [19.062501713633537, 47.47276167797235], [19.0625037252903, 47.47276666376077], [19.062434658408165, 47.47277572882942], [19.062422588467598, 47.47273538926197], [19.06241185963154, 47.47273674902318], [19.06240850687027, 47.47272405791723], [19.062417224049568, 47.47272269815569], [19.062416553497314, 47.47271997863252], [19.062492325901985, 47.47271136680823]]]}}, {"type": "Feature", "id": 36552, "properties": {"buildingId": 2, "floorId": 4, "roomNumber": "P-K5", "roomName": "El\u0151csarnok", "scope": "budapest/lagymanyos/eszaki/-1/L\u00c9--1-K5-04-61", "roomCode": "L\u00c9--1-K5-04-61", "roomType": "corridor", "__tile": "17/72476/45847", "__layer": "rooms", "__zoom": 17, "__mvtId": 36552, "__building": "eszaki", "__ringVerts": 26, "id": 36552, "catalogFloorId": 4}, "geometry": {"type": "Polygon", "coordinates": [[[19.062351509928703, 47.472648364471695], [19.062346816062927, 47.47263386032597], [19.062378332018852, 47.47263386032597], [19.062405824661255, 47.47271997863252], [19.06241051852703, 47.47273810878434], [19.062420576810837, 47.47273674902318], [19.06242460012436, 47.472748533618805], [19.0624138712883, 47.47275034663329], [19.062421917915344, 47.472776635336196], [19.062391072511673, 47.47278116786985], [19.06238168478012, 47.472748533618805], [19.062362909317017, 47.472750799886896], [19.062354192137718, 47.472721791647984], [19.062350168824196, 47.472722244901846], [19.06234748661518, 47.47271363307791], [19.062351509928703, 47.472712726570045], [19.062349498271942, 47.47270456799857], [19.062344804406166, 47.472705021252565], [19.062342792749405, 47.47269686267988], [19.062346816062927, 47.472695956171734], [19.062344133853912, 47.47268734434349], [19.06234011054039, 47.472688250851796], [19.062337428331375, 47.47267963902229], [19.062341451644897, 47.472679185768065], [19.062333405017853, 47.4726506307441], [19.062351509928703, 47.472648364471695]]]}}, {"type": "Feature", "id": 36595, "properties": {"buildingId": 2, "floorId": 4, "roomNumber": "P.12A B8 (-1,97)", "roomName": "Szupersz\u00e1m\u00edt\u00f3g\u00e9p", "scope": "budapest/lagymanyos/eszaki/-1/L\u00c9--1-197-01-14", "roomCode": "L\u00c9--1-197-01-14", "roomType": "educational", "__tile": "16/36238/22923", "__layer": "rooms", "__zoom": 16, "__mvtId": 36595, "__building": "eszaki", "__ringVerts": 10, "id": 36595, "catalogFloorId": 4}, "geometry": {"type": "Polygon", "coordinates": [[[19.062220752239227, 47.47407428375583], [19.062236845493317, 47.47412867279082], [19.062228798866272, 47.47413320520786], [19.062238186597824, 47.47413229872449], [19.062248915433884, 47.47416855804738], [19.062199294567108, 47.47418215528701], [19.06220331788063, 47.47419393955851], [19.06217247247696, 47.47419847196993], [19.062136262655258, 47.47408516156734], [19.062220752239227, 47.47407428375583]]]}}, {"type": "Feature", "id": 36592, "properties": {"buildingId": 2, "floorId": 4, "roomNumber": "P-K3", "roomName": "Folyos\u00f3", "scope": "budapest/lagymanyos/eszaki/-1/L\u00c9--1-K3-04-63", "roomCode": "L\u00c9--1-K3-04-63", "roomType": "corridor", "__tile": "16/36238/22923", "__layer": "rooms", "__zoom": 16, "__mvtId": 36592, "__building": "eszaki", "__ringVerts": 14, "id": 36592, "catalogFloorId": 4}, "geometry": {"type": "Polygon", "coordinates": [[[19.06225696206093, 47.47418759418188], [19.06226098537445, 47.474202097898775], [19.06225562095642, 47.47420300438094], [19.062259644269943, 47.474216601611666], [19.062238186597824, 47.47421932105738], [19.062236845493317, 47.47421297568383], [19.062222093343735, 47.47421478864777], [19.06222477555275, 47.47422113402112], [19.06217649579048, 47.47422747939371], [19.06217247247696, 47.474213882165806], [19.062126874923706, 47.47422022753926], [19.062122851610184, 47.47420663030948], [19.062138944864273, 47.4742039108631], [19.06225696206093, 47.47418759418188]]]}}, {"type": "Feature", "id": 36593, "properties": {"buildingId": 2, "floorId": 4, "roomNumber": "P-K3", "roomName": "Folyos\u00f3", "scope": "budapest/lagymanyos/eszaki/-1/L\u00c9--1-K4-A-04-63", "roomCode": "L\u00c9--1-K4/A-04-63", "roomType": "corridor", "__tile": "16/36238/22923", "__layer": "rooms", "__zoom": 16, "__mvtId": 36593, "__building": "eszaki", "__ringVerts": 9, "id": 36593, "catalogFloorId": 4}, "geometry": {"type": "Polygon", "coordinates": [[[19.062254279851913, 47.47406975133371], [19.062289148569107, 47.4741903136291], [19.062299877405167, 47.47418940714671], [19.06230390071869, 47.47420028493438], [19.06229317188263, 47.47420119141658], [19.06230390071869, 47.4742383571735], [19.062273055315018, 47.47424288958108], [19.062223434448242, 47.47407337727144], [19.062254279851913, 47.47406975133371]]]}}, {"type": "Feature", "id": 36572, "properties": {"buildingId": 2, "floorId": 4, "roomNumber": "P.15 B7 (-1.89)", "roomName": "\u00d6lt\u00f6z\u0151 el\u0151t\u00e9r", "scope": "budapest/lagymanyos/eszaki/-1/L\u00c9--1-189-04-62", "roomCode": "L\u00c9--1-189-04-62", "roomType": "corridor", "__tile": "16/36238/22923", "__layer": "rooms", "__zoom": 16, "__mvtId": 36572, "__building": "eszaki", "__ringVerts": 5, "id": 36572, "catalogFloorId": 4}, "geometry": {"type": "Polygon", "coordinates": [[[19.062317311763763, 47.47444140864961], [19.062325358390808, 47.474466790028956], [19.06230926513672, 47.47446860298415], [19.062301218509674, 47.47444322160568], [19.062317311763763, 47.47444140864961]]]}}, {"type": "Feature", "id": 36549, "properties": {"buildingId": 2, "floorId": 4, "roomNumber": "P.17", "roomName": "N\u0151i WC", "scope": "budapest/lagymanyos/eszaki/-1/L\u00c9--1-188-A-05-71", "roomCode": "L\u00c9--1-188/A-05-71", "roomType": "social", "__tile": "16/36238/22923", "__layer": "rooms", "__zoom": 16, "__mvtId": 36549, "__building": "eszaki", "__ringVerts": 5, "id": 36549, "catalogFloorId": 4}, "geometry": {"type": "Polygon", "coordinates": [[[19.062310606241226, 47.47447585480432], [19.062317311763763, 47.47449761025882], [19.062279760837555, 47.47450304912104], [19.062273055315018, 47.47448038719142], [19.062310606241226, 47.47447585480432]]]}}, {"type": "Feature", "id": 36578, "properties": {"buildingId": 2, "floorId": 4, "roomNumber": "P.13 B7 (-1.91)", "roomName": "Szonolumineszcencia labor", "scope": "budapest/lagymanyos/eszaki/-1/L\u00c9--1-191-01-14", "roomCode": "L\u00c9--1-191-01-14", "roomType": "educational", "__tile": "16/36238/22923", "__layer": "rooms", "__zoom": 16, "__mvtId": 36578, "__building": "eszaki", "__ringVerts": 5, "id": 36578, "catalogFloorId": 4}, "geometry": {"type": "Polygon", "coordinates": [[[19.06229719519615, 47.47436617091737], [19.062310606241226, 47.474410588386775], [19.06223550438881, 47.474420559650255], [19.062222093343735, 47.474376142189286], [19.06229719519615, 47.47436617091737]]]}}, {"type": "Feature", "id": 36583, "properties": {"buildingId": 2, "floorId": 4, "roomNumber": "P.24 B7", "roomName": "Zuhanyz\u00f3", "scope": "budapest/lagymanyos/eszaki/-1/L\u00c9--1-104-B-05-72", "roomCode": "L\u00c9--1-104/B-05-72", "roomType": "social", "__tile": "16/36238/22923", "__layer": "rooms", "__zoom": 16, "__mvtId": 36583, "__building": "eszaki", "__ringVerts": 11, "id": 36583, "catalogFloorId": 4}, "geometry": {"type": "Polygon", "coordinates": [[[19.06244069337845, 47.47439608472743], [19.062456786632538, 47.47444956695145], [19.06244471669197, 47.47445047342936], [19.06244069337845, 47.47444322160568], [19.062443375587463, 47.474451379907244], [19.062431305646896, 47.474452286385116], [19.062415212392807, 47.474399710642636], [19.062427282333374, 47.474397897685066], [19.06242996454239, 47.47440605599366], [19.06242996454239, 47.474397897685066], [19.06244069337845, 47.47439608472743]]]}}, {"type": "Feature", "id": 36579, "properties": {"buildingId": 2, "floorId": 4, "roomNumber": "P.24 B7 (-1.05)", "roomName": "\u00d6lt\u00f6z\u0151 el\u0151t\u00e9r", "scope": "budapest/lagymanyos/eszaki/-1/L\u00c9--1-105-04-62", "roomCode": "L\u00c9--1-105-04-62", "roomType": "corridor", "__tile": "16/36238/22923", "__layer": "rooms", "__zoom": 16, "__mvtId": 36579, "__building": "eszaki", "__ringVerts": 5, "id": 36579, "catalogFloorId": 4}, "geometry": {"type": "Polygon", "coordinates": [[[19.06239241361618, 47.47443143739008], [19.062399119138718, 47.47445681877425], [19.062384366989136, 47.47445863172978], [19.06237632036209, 47.4744332503465], [19.06239241361618, 47.47443143739008]]]}}, {"type": "Feature", "id": 36585, "properties": {"buildingId": 2, "floorId": 4, "roomNumber": "P.20 B7 (-1.102)", "roomName": "R\u00f6ntgen fluoreszcencia labor", "scope": "budapest/lagymanyos/eszaki/-1/L\u00c9--1-102-01-14", "roomCode": "L\u00c9--1-102-01-14", "roomType": "educational", "__tile": "16/36238/22923", "__layer": "rooms", "__zoom": 16, "__mvtId": 36585, "__building": "eszaki", "__ringVerts": 7, "id": 36585, "catalogFloorId": 4}, "geometry": {"type": "Polygon", "coordinates": [[[19.062407165765762, 47.474283681231725], [19.06242325901985, 47.47433716357015], [19.062349498271942, 47.47434713484756], [19.062338769435883, 47.474310875647895], [19.062328040599823, 47.47431268860847], [19.062333405017853, 47.474293652519286], [19.062407165765762, 47.474283681231725]]]}}, {"type": "Feature", "id": 36586, "properties": {"buildingId": 2, "floorId": 4, "roomNumber": "P.L4", "roomName": "L\u00e9pcs\u0151h\u00e1z", "scope": "budapest/lagymanyos/eszaki/-1/L\u00c9--1-L4-04-64", "roomCode": "L\u00c9--1-L4-04-64", "roomType": "corridor", "__tile": "16/36238/22923", "__layer": "rooms", "__zoom": 16, "__mvtId": 36586, "__building": "eszaki", "__ringVerts": 5, "id": 36586, "catalogFloorId": 4}, "geometry": {"type": "Polygon", "coordinates": [[[19.062269032001495, 47.47430271732452], [19.062283784151077, 47.474351667245756], [19.062216728925705, 47.47435982556153], [19.06220331788063, 47.474310875647895], [19.062269032001495, 47.47430271732452]], [[19.06225562095642, 47.47431450156899], [19.062222093343735, 47.47431903396999], [19.062228798866272, 47.47434260244897], [19.062263667583466, 47.47433807004999], [19.06225562095642, 47.47431450156899]]]}}, {"type": "Feature", "id": 36444, "properties": {"buildingId": 2, "floorId": 4, "roomNumber": "P.K8", "roomName": "Folyos\u00f3", "scope": "budapest/lagymanyos/eszaki/-1/L\u00c9--1-K8-04-63", "roomCode": "L\u00c9--1-K8-04-63", "roomType": "corridor", "__tile": "17/72476/45847", "__layer": "rooms", "__zoom": 17, "__mvtId": 36444, "__building": "eszaki", "__ringVerts": 24, "id": 36444, "catalogFloorId": 4}, "geometry": {"type": "Polygon", "coordinates": [[[19.06187877058983, 47.47285323510243], [19.061929062008858, 47.4730182188351], [19.061957895755768, 47.473114308023135], [19.062047079205513, 47.47310252350953], [19.062052443623543, 47.473118840527675], [19.061931744217873, 47.47313515754074], [19.06192973256111, 47.473129265286595], [19.061919003725052, 47.47313062503761], [19.061915650963783, 47.4731192937781], [19.061926379799843, 47.473117934026796], [19.06190425157547, 47.473043600901846], [19.06189352273941, 47.47304541390614], [19.061890169978142, 47.473034082628246], [19.0619008988142, 47.473032722874734], [19.06189553439617, 47.47301640582986], [19.061884805560112, 47.47301776558379], [19.061881452798843, 47.47300643429994], [19.061892852187157, 47.47300507454571], [19.06187877058983, 47.4729597493847], [19.06186804175377, 47.47296156239189], [19.0618646889925, 47.47295068434781], [19.061876088380814, 47.472948871340236], [19.06184859573841, 47.47285731437679], [19.06187877058983, 47.47285323510243]]]}}, {"type": "Feature", "id": 36510, "properties": {"buildingId": 2, "floorId": 4, "roomNumber": "P.58. B1 (-1.58)", "roomName": "Elektronmikroszk\u00f3p labor", "scope": "budapest/lagymanyos/eszaki/-1/L\u00c9--1-158-01-14", "roomCode": "L\u00c9--1-158-01-14", "roomType": "educational", "__tile": "17/72476/45847", "__layer": "rooms", "__zoom": 17, "__mvtId": 36510, "__building": "eszaki", "__ringVerts": 15, "id": 36510, "catalogFloorId": 4}, "geometry": {"type": "Polygon", "coordinates": [[[19.06184457242489, 47.472889948560265], [19.061847254633904, 47.47289856035531], [19.061857983469963, 47.47289674734594], [19.061860665678978, 47.47290445263531], [19.06184993684292, 47.47290581239215], [19.061854630708694, 47.47292303597561], [19.061865359544754, 47.47292167621923], [19.06186804175377, 47.47293074126113], [19.06185731291771, 47.47293210101728], [19.06186133623123, 47.47294479207298], [19.06184121966362, 47.47294751158452], [19.06184859573841, 47.472972893685416], [19.061794951558113, 47.47298014571199], [19.061771482229233, 47.47289992011229], [19.06184457242489, 47.472889948560265]]]}}, {"type": "Feature", "id": 36525, "properties": {"buildingId": 2, "floorId": 4, "roomNumber": "P.67", "roomName": "N\u0151i WC", "scope": "budapest/lagymanyos/eszaki/-1/L\u00c9--1-174-A-05-71", "roomCode": "L\u00c9--1-174/A-05-71", "roomType": "social", "__tile": "17/72476/45847", "__layer": "rooms", "__zoom": 17, "__mvtId": 36525, "__building": "eszaki", "__ringVerts": 5, "id": 36525, "catalogFloorId": 4}, "geometry": {"type": "Polygon", "coordinates": [[[19.061955213546753, 47.472817428125005], [19.061961248517036, 47.472840997277444], [19.061904922127724, 47.47284870257498], [19.061898216605186, 47.47282558667897], [19.061955213546753, 47.472817428125005]]]}}, {"type": "Feature", "id": 36536, "properties": {"buildingId": 2, "floorId": 4, "roomNumber": "VI./E", "roomName": "Tolm\u00e1csf\u00fclke", "scope": "budapest/lagymanyos/eszaki/-1/L\u00c9--1-178-C-03-55", "roomCode": "L\u00c9--1-178/C-03-55", "roomType": "misc", "__tile": "17/72476/45847", "__layer": "rooms", "__zoom": 17, "__mvtId": 36536, "__building": "eszaki", "__ringVerts": 5, "id": 36536, "catalogFloorId": 4}, "geometry": {"type": "Polygon", "coordinates": [[[19.06218856573105, 47.47282241390813], [19.06219393014908, 47.4728419037831], [19.0621617436409, 47.47284643631112], [19.06215637922287, 47.47282649318488], [19.06218856573105, 47.47282241390813]]]}}, {"type": "Feature", "id": 36515, "properties": {"buildingId": 2, "floorId": 4, "roomNumber": "P.49/A", "roomName": "El\u0151t\u00e9r", "scope": "budapest/lagymanyos/eszaki/-1/L\u00c9--1-169-A-04-62", "roomCode": "L\u00c9--1-169/A-04-62", "roomType": "corridor", "__tile": "17/72476/45847", "__layer": "rooms", "__zoom": 17, "__mvtId": 36515, "__building": "eszaki", "__ringVerts": 5, "id": 36515, "catalogFloorId": 4}, "geometry": {"type": "Polygon", "coordinates": [[[19.06205914914608, 47.47300507454571], [19.06207524240017, 47.47305719843256], [19.062037020921707, 47.47306218419294], [19.062020927667618, 47.47300915380829], [19.06205914914608, 47.47300507454571]]]}}, {"type": "Feature", "id": 36472, "properties": {"buildingId": 2, "floorId": 4, "roomNumber": "P.48/D", "roomName": "Bels\u0151 udvar", "scope": "budapest/lagymanyos/eszaki/-1/L\u00c9--1-P48-D-07-108", "roomCode": "L\u00c9--1-P48/D-07-108", "roomType": "outdoor", "__tile": "17/72476/45847", "__layer": "rooms", "__zoom": 17, "__mvtId": 36472, "__building": "eszaki", "__ringVerts": 5, "id": 36472, "catalogFloorId": 4}, "geometry": {"type": "Polygon", "coordinates": [[[19.062144309282303, 47.4731723240516], [19.062157049775124, 47.473216742530106], [19.062089323997498, 47.4732253542716], [19.062076583504677, 47.47318184230016], [19.062144309282303, 47.4731723240516]]]}}, {"type": "Feature", "id": 36500, "properties": {"buildingId": 2, "floorId": 4, "roomNumber": "P.48/B F1", "roomName": "El\u0151ad\u00f3terem", "scope": "budapest/lagymanyos/eszaki/-1/L\u00c9--1-163-01-11", "roomCode": "L\u00c9--1-163-01-11", "roomType": "educational", "__tile": "17/72476/45847", "__layer": "rooms", "__zoom": 17, "__mvtId": 36500, "__building": "eszaki", "__ringVerts": 9, "id": 36500, "catalogFloorId": 4}, "geometry": {"type": "Polygon", "coordinates": [[[19.061934426426888, 47.47317912280075], [19.061955213546753, 47.473250282989], [19.061878100037575, 47.47326025447265], [19.06186267733574, 47.47320813078721], [19.061866030097008, 47.473207677537545], [19.0618646889925, 47.4732008787921], [19.061860665678978, 47.47320133204182], [19.06185731291771, 47.473189547547726], [19.061934426426888, 47.47317912280075]]]}}, {"type": "Feature", "id": 36501, "properties": {"buildingId": 2, "floorId": 4, "roomNumber": "P.48", "roomName": "El\u0151t\u00e9r", "scope": "budapest/lagymanyos/eszaki/-1/L\u00c9--1-148-04-62", "roomCode": "L\u00c9--1-148-04-62", "roomType": "corridor", "__tile": "17/72476/45847", "__layer": "rooms", "__zoom": 17, "__mvtId": 36501, "__building": "eszaki", "__ringVerts": 5, "id": 36501, "catalogFloorId": 4}, "geometry": {"type": "Polygon", "coordinates": [[[19.061966612935066, 47.47313425104015], [19.061977341771126, 47.473171417551654], [19.061855301260948, 47.473187734548404], [19.06184457242489, 47.47315102129859], [19.061966612935066, 47.47313425104015]]]}}, {"type": "Feature", "id": 36541, "properties": {"buildingId": 2, "floorId": 4, "roomNumber": "P.70/A", "roomName": "Harm\u00f3nia terem", "scope": "budapest/lagymanyos/eszaki/-1/L\u00c9--1-185-01-11", "roomCode": "L\u00c9--1-185-01-11", "roomType": "educational", "__tile": "16/36238/22923", "__layer": "rooms", "__zoom": 16, "__mvtId": 36541, "__building": "eszaki", "__ringVerts": 13, "id": 36541, "catalogFloorId": 4}, "geometry": {"type": "Polygon", "coordinates": [[[19.062171131372452, 47.47426827105632], [19.062228798866272, 47.47445953820754], [19.062149673700333, 47.47446860298415], [19.062157720327377, 47.47449489082751], [19.062090665102005, 47.474503955598024], [19.06208798289299, 47.47449761025882], [19.062075912952423, 47.4744985167359], [19.062078595161438, 47.47450576855194], [19.06201422214508, 47.47451483332058], [19.062006175518036, 47.474488545487205], [19.06192570924759, 47.47450032969], [19.061869382858276, 47.474309062687254], [19.062171131372452, 47.47426827105632]], [[19.061952531337738, 47.47448401310082], [19.06194716691971, 47.47448582605542], [19.06195119023323, 47.474489451964445], [19.061955213546753, 47.474486732532704], [19.061952531337738, 47.47448401310082]], [[19.062012881040573, 47.47447585480432], [19.062007516622543, 47.47447766775921], [19.062011539936066, 47.47448129366879], [19.062015563249588, 47.47447857423663], [19.062012881040573, 47.47447585480432]], [[19.062137603759766, 47.47445863172978], [19.062132239341736, 47.47446135116299], [19.062136262655258, 47.47446407059604], [19.06214028596878, 47.47446225764068], [19.062137603759766, 47.47445863172978]], [[19.0621979534626, 47.47445047342936], [19.06219258904457, 47.474453192862974], [19.062196612358093, 47.47445591229645], [19.062200635671616, 47.47445409934081], [19.0621979534626, 47.47445047342936]], [[19.06194046139717, 47.47444322160568], [19.06193643808365, 47.474445941039676], [19.061939120292664, 47.474448660473534], [19.061943143606186, 47.47444684751765], [19.06194046139717, 47.47444322160568]], [[19.062185883522034, 47.474410588386775], [19.062180519104004, 47.47441240134392], [19.062184542417526, 47.474416027258], [19.06218856573105, 47.47441330782246], [19.062185883522034, 47.474410588386775]], [[19.06191498041153, 47.47435982556153], [19.061910957098007, 47.47436163852042], [19.061913639307022, 47.47436526443801], [19.061919003725052, 47.47436254499985], [19.06191498041153, 47.47435982556153]], [[19.062160402536392, 47.474326285810804], [19.062155038118362, 47.47432900525085], [19.062159061431885, 47.47433172469076], [19.062163084745407, 47.47432991173084], [19.062160402536392, 47.474326285810804]], [[19.061902910470963, 47.47431903396999], [19.06189888715744, 47.47432175341042], [19.061901569366455, 47.474324472850704], [19.061906933784485, 47.474322659890525], [19.061902910470963, 47.47431903396999]], [[19.061963260173798, 47.474310875647895], [19.061959236860275, 47.47431359508873], [19.06196191906929, 47.47431631452944], [19.061965942382812, 47.47431450156899], [19.061963260173798, 47.474310875647895]], [[19.06208798289299, 47.47429455899988], [19.062083959579468, 47.474296371961024], [19.062086641788483, 47.47429999788311], [19.062092006206512, 47.47429727844157], [19.06208798289299, 47.47429455899988]], [[19.062148332595825, 47.47428640067397], [19.062144309282303, 47.47428821363539], [19.062146991491318, 47.47429183955805], [19.062152355909348, 47.47428912011608], [19.062148332595825, 47.47428640067397]]]}}, {"type": "Feature", "id": 36511, "properties": {"buildingId": 2, "floorId": 4, "roomNumber": "VI. (-1.76)", "roomName": "342 f\u0151s konferenciaterem", "scope": "budapest/lagymanyos/eszaki/-1/L\u00c9--1-176-01-11", "roomCode": "L\u00c9--1-176-01-11", "roomType": "educational", "__tile": "17/72476/45847", "__layer": "rooms", "__zoom": 17, "__mvtId": 36511, "__building": "eszaki", "__ringVerts": 22, "id": 36511, "catalogFloorId": 4}, "geometry": {"type": "Polygon", "coordinates": [[[19.062263667583466, 47.47282694643784], [19.062315300107002, 47.4729973692711], [19.062283113598824, 47.47300144853427], [19.062281101942062, 47.47299872902553], [19.062273055315018, 47.47299963552845], [19.062283784151077, 47.473028643614], [19.06211882829666, 47.47305130616968], [19.062112122774124, 47.473021391594116], [19.062104746699333, 47.47302229809665], [19.062104746699333, 47.47302547085542], [19.062071219086647, 47.47303000336761], [19.062038362026215, 47.47291533068897], [19.062022268772125, 47.47285958064018], [19.06205177307129, 47.472855501366], [19.062053114175797, 47.472861846903484], [19.06212955713272, 47.47285187534424], [19.06212754547596, 47.47284507655276], [19.06215839087963, 47.47284145053027], [19.06215973198414, 47.47284779606945], [19.062236174941063, 47.472837824507536], [19.0622341632843, 47.472830572461326], [19.062263667583466, 47.47282694643784]]]}}, {"type": "Feature", "id": 36546, "properties": {"buildingId": 2, "floorId": 4, "roomNumber": "P.69", "roomName": "F\u00e9rfi WC", "scope": "budapest/lagymanyos/eszaki/-1/L\u00c9--1-179-A-05-71", "roomCode": "L\u00c9--1-179/A-05-71", "roomType": "social", "__tile": "17/72476/45847", "__layer": "rooms", "__zoom": 17, "__mvtId": 36546, "__building": "eszaki", "__ringVerts": 5, "id": 36546, "catalogFloorId": 4}, "geometry": {"type": "Polygon", "coordinates": [[[19.062346816062927, 47.472764850746856], [19.062353521585464, 47.47278841992288], [19.06230390071869, 47.472792952455514], [19.062297865748405, 47.47277164954872], [19.062346816062927, 47.472764850746856]]]}}, {"type": "Feature", "id": 36643, "properties": {"buildingId": 2, "floorId": 4, "roomNumber": "P72 -1.80", "roomName": "Felvon\u00f3 el\u0151t\u00e9r", "scope": "budapest/lagymanyos/eszaki/-1/L\u00c9--1-180-04-62", "roomCode": "L\u00c9--1-180-04-62", "roomType": "corridor", "__tile": "17/72476/45847", "__layer": "rooms", "__zoom": 17, "__mvtId": 36643, "__building": "eszaki", "__ringVerts": 5, "id": 36643, "catalogFloorId": 4}, "geometry": {"type": "Polygon", "coordinates": [[[19.062312617897987, 47.47272269815569], [19.062315970659256, 47.47273176323192], [19.062292501330376, 47.47273493600822], [19.06228981912136, 47.472725417678724], [19.062312617897987, 47.47272269815569]]]}}, {"type": "Feature", "id": 36545, "properties": {"buildingId": 2, "floorId": 4, "roomNumber": "P.69 (-1.79)", "roomName": "F\u00e9rfi mosd\u00f3", "scope": "budapest/lagymanyos/eszaki/-1/L\u00c9--1-179-05-71", "roomCode": "L\u00c9--1-179-05-71", "roomType": "social", "__tile": "17/72476/45847", "__layer": "rooms", "__zoom": 17, "__mvtId": 36545, "__building": "eszaki", "__ringVerts": 5, "id": 36545, "catalogFloorId": 4}, "geometry": {"type": "Polygon", "coordinates": [[[19.062292501330376, 47.47276167797235], [19.06230255961418, 47.47279340570876], [19.062271043658257, 47.472797484987765], [19.062262326478958, 47.47276575725382], [19.062292501330376, 47.47276167797235]]]}}, {"type": "Feature", "id": 36531, "properties": {"buildingId": 2, "floorId": 4, "roomNumber": "VI./E", "roomName": "Tolm\u00e1csf\u00fclke", "scope": "budapest/lagymanyos/eszaki/-1/L\u00c9--1-175-B-03-55", "roomCode": "L\u00c9--1-175/B-03-55", "roomType": "misc", "__tile": "17/72476/45847", "__layer": "rooms", "__zoom": 17, "__mvtId": 36531, "__building": "eszaki", "__ringVerts": 7, "id": 36531, "catalogFloorId": 4}, "geometry": {"type": "Polygon", "coordinates": [[[19.06208597123623, 47.472836464748944], [19.062092006206512, 47.472855501366], [19.06206652522087, 47.472859127387515], [19.06206451356411, 47.472851422091495], [19.062055125832558, 47.4728527818497], [19.062051102519035, 47.472840997277444], [19.06208597123623, 47.472836464748944]]]}}, {"type": "Feature", "id": 36533, "properties": {"buildingId": 2, "floorId": 4, "roomNumber": "VI./H", "roomName": "Tolm\u00e1csf\u00fclke k\u00f6zleked\u0151", "scope": "budapest/lagymanyos/eszaki/-1/L\u00c9--1-175-A-04-63", "roomCode": "L\u00c9--1-175/A-04-63", "roomType": "corridor", "__tile": "17/72476/45847", "__layer": "rooms", "__zoom": 17, "__mvtId": 36533, "__building": "eszaki", "__ringVerts": 5, "id": 36533, "catalogFloorId": 4}, "geometry": {"type": "Polygon", "coordinates": [[[19.062118157744408, 47.47282105414914], [19.062120839953423, 47.4728301192084], [19.062051102519035, 47.47283963751894], [19.06204842031002, 47.472830572461326], [19.062118157744408, 47.47282105414914]]]}}, {"type": "Feature", "id": 36534, "properties": {"buildingId": 2, "floorId": 4, "roomNumber": "VI./D", "roomName": "El\u0151t\u00e9r", "scope": "budapest/lagymanyos/eszaki/-1/L\u00c9--1-177-04-62", "roomCode": "L\u00c9--1-177-04-62", "roomType": "corridor", "__tile": "17/72476/45847", "__layer": "rooms", "__zoom": 17, "__mvtId": 36534, "__building": "eszaki", "__ringVerts": 5, "id": 36534, "catalogFloorId": 4}, "geometry": {"type": "Polygon", "coordinates": [[[19.062151685357094, 47.47281652161893], [19.062157720327377, 47.47283963751894], [19.062126874923706, 47.47284326354154], [19.06212016940117, 47.47282105414914], [19.062151685357094, 47.47281652161893]]]}}, {"type": "Feature", "id": 36514, "properties": {"buildingId": 2, "floorId": 4, "roomNumber": "P.49", "roomName": "Technikai helyis\u00e9g", "scope": "budapest/lagymanyos/eszaki/-1/L\u00c9--1-169-03-55", "roomCode": "L\u00c9--1-169-03-55", "roomType": "misc", "__tile": "17/72476/45847", "__layer": "rooms", "__zoom": 17, "__mvtId": 36514, "__building": "eszaki", "__ringVerts": 5, "id": 36514, "catalogFloorId": 4}, "geometry": {"type": "Polygon", "coordinates": [[[19.062110781669617, 47.47302819036279], [19.062117487192154, 47.47305175942069], [19.062079936265945, 47.473056745181594], [19.0620718896389, 47.47303181637238], [19.062110781669617, 47.47302819036279]]]}}, {"type": "Feature", "id": 36513, "properties": {"buildingId": 2, "floorId": 4, "roomNumber": "P.45", "roomName": "Technikai helyis\u00e9g", "scope": "budapest/lagymanyos/eszaki/-1/L\u00c9--1-168-03-55", "roomCode": "L\u00c9--1-168-03-55", "roomType": "misc", "__tile": "17/72476/45847", "__layer": "rooms", "__zoom": 17, "__mvtId": 36513, "__building": "eszaki", "__ringVerts": 5, "id": 36513, "catalogFloorId": 4}, "geometry": {"type": "Polygon", "coordinates": [[[19.062315970659256, 47.47299918227699], [19.062323346734047, 47.47302365785043], [19.062286466360092, 47.473028643614], [19.062279760837555, 47.47300552779713], [19.062315970659256, 47.47299918227699]]]}}, {"type": "Feature", "id": 36538, "properties": {"buildingId": 2, "floorId": 4, "roomNumber": "VI./G", "roomName": "Konferenciaterem el\u0151t\u00e9r", "scope": "budapest/lagymanyos/eszaki/-1/L\u00c9--1-178-04-62", "roomCode": "L\u00c9--1-178-04-62", "roomType": "corridor", "__tile": "17/72476/45847", "__layer": "rooms", "__zoom": 17, "__mvtId": 36538, "__building": "eszaki", "__ringVerts": 5, "id": 36538, "catalogFloorId": 4}, "geometry": {"type": "Polygon", "coordinates": [[[19.06225897371769, 47.472802470772784], [19.062265679240227, 47.47282468017304], [19.062231481075287, 47.47282921270255], [19.06222477555275, 47.472807003304204], [19.06225897371769, 47.472802470772784]]]}}, {"type": "Feature", "id": 36631, "properties": {"buildingId": 2, "floorId": 4, "roomNumber": "-1.68A", "roomName": "T\u00e1TK H\u00d6K \u00fcgyf\u00e9lfogad\u00f3", "scope": "budapest/lagymanyos/eszaki/-1/L\u00c9--1-168-A-03-57", "roomCode": "L\u00c9--1-168/A-03-57", "roomType": "misc", "__tile": "17/72476/45847", "__layer": "rooms", "__zoom": 17, "__mvtId": 36631, "__building": "eszaki", "__ringVerts": 7, "id": 36631, "catalogFloorId": 4}, "geometry": {"type": "Polygon", "coordinates": [[[19.062224105000496, 47.47303997489306], [19.062233492732048, 47.47307034270891], [19.062149673700333, 47.47308122072822], [19.062148332595825, 47.473076234969646], [19.062126874923706, 47.47307895447438], [19.06212016940117, 47.4730540256757], [19.062224105000496, 47.47303997489306]]]}}, {"type": "Feature", "id": 36532, "properties": {"buildingId": 2, "floorId": 4, "roomNumber": "VI./C", "roomName": "Tolm\u00e1csf\u00fclke", "scope": "budapest/lagymanyos/eszaki/-1/L\u00c9--1-175-C-03-55", "roomCode": "L\u00c9--1-175/C-03-55", "roomType": "misc", "__tile": "17/72476/45847", "__layer": "rooms", "__zoom": 17, "__mvtId": 36532, "__building": "eszaki", "__ringVerts": 5, "id": 36532, "catalogFloorId": 4}, "geometry": {"type": "Polygon", "coordinates": [[[19.062121510505676, 47.47283147896716], [19.062126874923706, 47.47285096883875], [19.062094017863274, 47.47285504811329], [19.06208798289299, 47.47283601149608], [19.062121510505676, 47.47283147896716]]]}}, {"type": "Feature", "id": 36539, "properties": {"buildingId": 2, "floorId": 4, "roomNumber": "P.70", "roomName": "Foyer (el\u0151csarnok)", "scope": "budapest/lagymanyos/eszaki/-1/L\u00c9--1-170-04-61", "roomCode": "L\u00c9--1-170-04-61", "roomType": "corridor", "__tile": "17/72476/45847", "__layer": "rooms", "__zoom": 17, "__mvtId": 36539, "__building": "eszaki", "__ringVerts": 45, "id": 36539, "catalogFloorId": 4}, "geometry": {"type": "Polygon", "coordinates": [[[19.06220868229866, 47.472634313580585], [19.06221605837345, 47.47266830766553], [19.062267690896988, 47.47265969583275], [19.06227372586727, 47.47268054553073], [19.062175154685974, 47.47269414315538], [19.06219258904457, 47.4727521596477], [19.062293842434883, 47.47273856203806], [19.06230054795742, 47.472759411704736], [19.062254950404167, 47.47276394423987], [19.062262997031212, 47.47278162112318], [19.062256291508675, 47.47278252762986], [19.06226098537445, 47.47279884474736], [19.062011539936066, 47.47283283872587], [19.062004163861275, 47.472797484987765], [19.06197801232338, 47.472802470772784], [19.061971977353096, 47.47278162112318], [19.061994776129723, 47.4727784483497], [19.06199276447296, 47.47277300930899], [19.061965942382812, 47.47276983653498], [19.061950519680977, 47.47275533242278], [19.061955213546753, 47.4727372022769], [19.06197600066662, 47.47272677744019], [19.061979353427887, 47.47273946854548], [19.06196929514408, 47.47274989337967], [19.061973318457603, 47.47275669218347], [19.061979353427887, 47.47275986495827], [19.061980694532394, 47.47275759869058], [19.06197264790535, 47.47275034663329], [19.061975330114365, 47.472744907589664], [19.061982706189156, 47.47274128156026], [19.061977341771126, 47.47272088514026], [19.061955213546753, 47.472723604663386], [19.06194917857647, 47.472703208236524], [19.06195990741253, 47.47270184847445], [19.061973318457603, 47.47270094196639], [19.061960577964783, 47.472667854411206], [19.062015563249588, 47.4726615088503], [19.06201422214508, 47.47265878932396], [19.062078595161438, 47.472650177489626], [19.062079936265945, 47.47265335027086], [19.06209133565426, 47.4726519905075], [19.062090665102005, 47.472648364471695], [19.062157720327377, 47.472639299381086], [19.062159061431885, 47.47264201890843], [19.06220868229866, 47.472634313580585]], [[19.062034338712692, 47.47276711701424], [19.06203031539917, 47.47276938328152], [19.06203366816044, 47.47277255605557], [19.06203769147396, 47.47277028978842], [19.062034338712692, 47.47276711701424]], [[19.062118157744408, 47.47275578567634], [19.06211346387863, 47.47275805194412], [19.0621168166399, 47.47276122471884], [19.062121510505676, 47.4727589584512], [19.062118157744408, 47.47275578567634]], [[19.062103405594826, 47.472705021252565], [19.06209871172905, 47.47270728752253], [19.06210206449032, 47.47271046030031], [19.062106758356094, 47.47270819403049], [19.062103405594826, 47.472705021252565]], [[19.06201958656311, 47.47271635260141], [19.062014892697334, 47.472718618870886], [19.062018245458603, 47.47272133839413], [19.06202293932438, 47.47271952537864], [19.06201958656311, 47.47271635260141]]]}}, {"type": "Feature", "id": 36600, "properties": {"buildingId": 2, "floorId": 4, "roomNumber": "*P-KX", "roomName": "Folyos\u00f3", "scope": "budapest/lagymanyos/eszaki/-1/LK--1-100-4-04-63", "roomCode": "LK--1-100/4-04-63", "roomType": "corridor", "__tile": "17/72476/45847", "__layer": "rooms", "__zoom": 17, "__mvtId": 36600, "__building": "eszaki", "__ringVerts": 9, "id": 36600, "catalogFloorId": 4}, "geometry": {"type": "Polygon", "coordinates": [[[19.06178891658783, 47.472683265055934], [19.061774164438248, 47.47263386032597], [19.06182311475277, 47.47263386032597], [19.061836525797844, 47.47267691949689], [19.061821773648262, 47.472678732513835], [19.061823785305023, 47.472684624818484], [19.061800986528397, 47.472687797597644], [19.061798974871635, 47.47268190529335], [19.06178891658783, 47.472683265055934]]]}}, {"type": "Feature", "id": 36448, "properties": {"buildingId": 2, "floorId": 4, "roomNumber": "P.52/A B5C (-1.24)", "roomName": "Elektronmikroszk\u00f3pos el\u0151k\u00e9sz\u00edt\u0151", "scope": "budapest/lagymanyos/eszaki/-1/L\u00c9--1-124-01-15", "roomCode": "L\u00c9--1-124-01-15", "roomType": "educational", "__tile": "17/72476/45847", "__layer": "rooms", "__zoom": 17, "__mvtId": 36448, "__building": "eszaki", "__ringVerts": 5, "id": 36448, "catalogFloorId": 4}, "geometry": {"type": "Polygon", "coordinates": [[[19.061827808618546, 47.47283193222007], [19.06183786690235, 47.472865019671936], [19.06176544725895, 47.47287453797615], [19.061756059527397, 47.4728419037831], [19.061827808618546, 47.47283193222007]]]}}, {"type": "Feature", "id": 36504, "properties": {"buildingId": 2, "floorId": 4, "roomNumber": "P.52 -(-1.61)", "roomName": "Folyos\u00f3", "scope": "budapest/lagymanyos/eszaki/-1/L\u00c9--1-161-04-63", "roomCode": "L\u00c9--1-161-04-63", "roomType": "corridor", "__tile": "17/72476/45847", "__layer": "rooms", "__zoom": 17, "__mvtId": 36504, "__building": "eszaki", "__ringVerts": 10, "id": 36504, "catalogFloorId": 4}, "geometry": {"type": "Polygon", "coordinates": [[[19.061912298202515, 47.47311974702853], [19.061917662620544, 47.47313742379215], [19.061843901872635, 47.47314739529722], [19.061841890215874, 47.47314059654398], [19.06183920800686, 47.473141049794215], [19.061840549111366, 47.473146488796836], [19.061831831932068, 47.47314875504777], [19.061827138066292, 47.473131984788594], [19.061886817216873, 47.47312291978142], [19.061912298202515, 47.47311974702853]]]}}, {"type": "Feature", "id": 36506, "properties": {"buildingId": 2, "floorId": 4, "roomNumber": "P.56/A B1 (-160)", "roomName": "El\u0151k\u00e9sz\u00edt\u0151", "scope": "budapest/lagymanyos/eszaki/-1/L\u00c9--1-160-B-01-15", "roomCode": "L\u00c9--1-160/B-01-15", "roomType": "educational", "__tile": "17/72476/45847", "__layer": "rooms", "__zoom": 17, "__mvtId": 36506, "__building": "eszaki", "__ringVerts": 5, "id": 36506, "catalogFloorId": 4}, "geometry": {"type": "Polygon", "coordinates": [[[19.061856642365456, 47.473001901785715], [19.061864018440247, 47.473028643614], [19.061811715364456, 47.47303544238173], [19.061804339289665, 47.47301006031105], [19.061856642365456, 47.473001901785715]]]}}, {"type": "Feature", "id": 36520, "properties": {"buildingId": 2, "floorId": 4, "roomNumber": "P-K9", "roomName": "Folyos\u00f3", "scope": "budapest/lagymanyos/eszaki/-1/L\u00c9--1-K9-04-63", "roomCode": "L\u00c9--1-K9-04-63", "roomType": "corridor", "__tile": "17/72476/45847", "__layer": "rooms", "__zoom": 17, "__mvtId": 36520, "__building": "eszaki", "__ringVerts": 38, "id": 36520, "catalogFloorId": 4}, "geometry": {"type": "Polygon", "coordinates": [[[19.061829820275307, 47.472685078072665], [19.06183920800686, 47.472718165616996], [19.061858654022217, 47.47271544609359], [19.061867371201515, 47.472744454336], [19.061871394515038, 47.472743547828664], [19.061874076724052, 47.472752612901296], [19.061869382858276, 47.47275306615489], [19.06187206506729, 47.47276122471884], [19.061876088380814, 47.47276077146532], [19.06187877058983, 47.47276938328152], [19.061874747276306, 47.47276983653498], [19.06187742948532, 47.4727784483497], [19.061881452798843, 47.47277799509633], [19.06188413500786, 47.47278615365641], [19.061880111694336, 47.47278660690971], [19.06188815832138, 47.472814708606734], [19.06186804175377, 47.472817428125005], [19.06187877058983, 47.47285232859697], [19.06184859573841, 47.47285686112409], [19.061845242977142, 47.47284779606945], [19.061835184693336, 47.472849155827745], [19.061831831932068, 47.47283873101325], [19.061842560768127, 47.47283691800182], [19.061837196350098, 47.472819694390125], [19.061826467514038, 47.472821507402145], [19.06182311475277, 47.47281017607598], [19.06183384358883, 47.47280836306356], [19.061818420886993, 47.47275578567634], [19.06181238591671, 47.47273493600822], [19.061800986528397, 47.47273674902318], [19.06179830431938, 47.47272632418637], [19.06180903315544, 47.4727249644249], [19.06180366873741, 47.47270728752253], [19.061792939901352, 47.47270864728446], [19.061789587140083, 47.47269640942581], [19.061800315976143, 47.472694596409475], [19.06179830431938, 47.47268915736007], [19.061829820275307, 47.472685078072665]]]}}, {"type": "Feature", "id": 36528, "properties": {"buildingId": 2, "floorId": 4, "roomNumber": "P.61", "roomName": "F\u00e9rfi WC", "scope": "budapest/lagymanyos/eszaki/-1/L\u00c9--1-183-B-05-71", "roomCode": "L\u00c9--1-183/B-05-71", "roomType": "social", "__tile": "17/72476/45847", "__layer": "rooms", "__zoom": 17, "__mvtId": 36528, "__building": "eszaki", "__ringVerts": 5, "id": 36528, "catalogFloorId": 4}, "geometry": {"type": "Polygon", "coordinates": [[[19.061921685934067, 47.47267238695424], [19.06192772090435, 47.47269414315538], [19.061905592679977, 47.47269686267988], [19.06189888715744, 47.472675559734135], [19.061921685934067, 47.47267238695424]]]}}, {"type": "Feature", "id": 36563, "properties": {"buildingId": 2, "floorId": 4, "roomNumber": "*P.47/B", "roomName": "WC", "scope": "budapest/lagymanyos/eszaki/-1/L\u00c9--1-166-B-05-71", "roomCode": "L\u00c9--1-166/B-05-71", "roomType": "social", "__tile": "17/72476/45847", "__layer": "rooms", "__zoom": 17, "__mvtId": 36563, "__building": "eszaki", "__ringVerts": 5, "id": 36563, "catalogFloorId": 4}, "geometry": {"type": "Polygon", "coordinates": [[[19.062325358390808, 47.473173683801505], [19.06232737004757, 47.47318093580037], [19.06230926513672, 47.47318320204981], [19.062306582927704, 47.473176403301196], [19.062325358390808, 47.473173683801505]]]}}, {"type": "Feature", "id": 36512, "properties": {"buildingId": 2, "floorId": 4, "roomNumber": "P.47", "roomName": "Foyer (el\u0151csarnok)", "scope": "budapest/lagymanyos/eszaki/-1/L\u00c9--1-147-04-61", "roomCode": "L\u00c9--1-147-04-61", "roomType": "corridor", "__tile": "17/72476/45847", "__layer": "rooms", "__zoom": 17, "__mvtId": 36512, "__building": "eszaki", "__ringVerts": 21, "id": 36512, "catalogFloorId": 4}, "geometry": {"type": "Polygon", "coordinates": [[[19.06236693263054, 47.47302048509155], [19.062400460243225, 47.47312971853695], [19.062170460820198, 47.47315917980077], [19.06217984855175, 47.47319136054699], [19.062162414193153, 47.47319362679598], [19.062160402536392, 47.47318682804872], [19.062155038118362, 47.473187734548404], [19.06215101480484, 47.47317187080163], [19.062155708670616, 47.47317096430167], [19.062153697013855, 47.47316280580132], [19.062070548534393, 47.47317413705146], [19.062037020921707, 47.4730649036984], [19.062118157744408, 47.4730544789267], [19.062126204371452, 47.47308031422669], [19.062146991491318, 47.47307759472203], [19.06214900314808, 47.47308258048048], [19.062275737524033, 47.47306581020019], [19.062274396419525, 47.47306037118921], [19.062293842434883, 47.47305810493448], [19.06228579580784, 47.473031363121194], [19.06236693263054, 47.47302048509155]], [[19.062101393938065, 47.473134704290445], [19.062092006206512, 47.47313787704243], [19.06208999454975, 47.47314286279516], [19.062092006206512, 47.47314739529722], [19.062101393938065, 47.47315056804843], [19.062110781669617, 47.47314694204703], [19.06211346387863, 47.47314240954493], [19.062110781669617, 47.47313787704243], [19.062101393938065, 47.473134704290445]], [[19.06235620379448, 47.47310116375779], [19.06234547495842, 47.473101617008375], [19.06234011054039, 47.47310796251614], [19.06234212219715, 47.47311249502122], [19.06234748661518, 47.473115667774536], [19.06235821545124, 47.47311476127361], [19.06236357986927, 47.47310886901718], [19.06236156821251, 47.47310388326123], [19.06235620379448, 47.47310116375779]], [[19.062135592103004, 47.47310660276453], [19.06213089823723, 47.47310841576666], [19.062134250998497, 47.47311158852023], [19.062138944864273, 47.4731093222677], [19.062135592103004, 47.47310660276453]], [[19.06221941113472, 47.473095271499844], [19.062214717268944, 47.47309753775298], [19.062218070030212, 47.4731007105072], [19.06222276389599, 47.4730984442542], [19.06221941113472, 47.473095271499844]], [[19.06230255961418, 47.4730839402327], [19.06229853630066, 47.47308620648632], [19.062301218509674, 47.47308937924124], [19.06230591237545, 47.47308711298774], [19.06230255961418, 47.4730839402327]]]}}, {"type": "Feature", "id": 36626, "properties": {"buildingId": 2, "floorId": 4, "roomNumber": "*P.47/B (-1.65)", "roomName": "IK H\u00d6K iroda", "scope": "budapest/lagymanyos/eszaki/-1/L\u00c9--1-165-02-33", "roomCode": "L\u00c9--1-165-02-33", "roomType": "administrative", "__tile": "17/72476/45847", "__layer": "rooms", "__zoom": 17, "__mvtId": 36626, "__building": "eszaki", "__ringVerts": 5, "id": 36626, "catalogFloorId": 4}, "geometry": {"type": "Polygon", "coordinates": [[[19.06222678720951, 47.473152834299185], [19.062236174941063, 47.47318637479887], [19.062180519104004, 47.47319136054699], [19.062171131372452, 47.47316053955101], [19.06222678720951, 47.473152834299185]]]}}, {"type": "Feature", "id": 36630, "properties": {"buildingId": 2, "floorId": 4, "roomNumber": "-1.68B", "roomName": "T\u00e1TK H\u00d6K \u00fcgyf\u00e9lfogad\u00f3", "scope": "budapest/lagymanyos/eszaki/-1/L\u00c9--1-168-B-03-57", "roomCode": "L\u00c9--1-168/B-03-57", "roomType": "misc", "__tile": "17/72476/45847", "__layer": "rooms", "__zoom": 17, "__mvtId": 36630, "__building": "eszaki", "__ringVerts": 8, "id": 36630, "catalogFloorId": 4}, "geometry": {"type": "Polygon", "coordinates": [[[19.06228445470333, 47.47303181637238], [19.062291830778122, 47.47305719843256], [19.062274396419525, 47.47305946468734], [19.062270373106003, 47.47305311917371], [19.062274396419525, 47.47306581020019], [19.062234833836555, 47.4730712492106], [19.062226116657257, 47.473039521641944], [19.06228445470333, 47.47303181637238]]]}}, {"type": "Feature", "id": 36440, "properties": {"buildingId": 2, "floorId": 4, "roomNumber": "P-L9", "roomName": "L\u00e9pcs\u0151h\u00e1z", "scope": "budapest/lagymanyos/eszaki/-1/L\u00c9--1-L9-04-64", "roomCode": "L\u00c9--1-L9-04-64", "roomType": "corridor", "__tile": "17/72476/45847", "__layer": "rooms", "__zoom": 17, "__mvtId": 36440, "__building": "eszaki", "__ringVerts": 9, "id": 36440, "catalogFloorId": 4}, "geometry": {"type": "Polygon", "coordinates": [[[19.061734601855278, 47.47316960455169], [19.061752036213875, 47.473229433517076], [19.061761423945427, 47.4732285270181], [19.06176544725895, 47.47324393749842], [19.06169168651104, 47.47325345573401], [19.061686992645264, 47.47323577900941], [19.0616936981678, 47.473234872510545], [19.061676934361458, 47.47317776305099], [19.061734601855278, 47.47316960455169]]]}}, {"type": "Feature", "id": 36445, "properties": {"buildingId": 2, "floorId": 4, "roomNumber": "P.62/A B1 (-1.23A)", "roomName": "Szemin\u00e1rium", "scope": "budapest/lagymanyos/eszaki/-1/L\u00c9--1-123A-01-12", "roomCode": "L\u00c9--1-123A-01-12", "roomType": "educational", "__tile": "17/72476/45847", "__layer": "rooms", "__zoom": 17, "__mvtId": 36445, "__building": "eszaki", "__ringVerts": 9, "id": 36445, "catalogFloorId": 4}, "geometry": {"type": "Polygon", "coordinates": [[[19.06179428100586, 47.472718618870886], [19.061802327632904, 47.472747173857904], [19.061811715364456, 47.472746267350615], [19.06181439757347, 47.4727548791692], [19.06180500984192, 47.47275623892991], [19.06181037425995, 47.47277300930899], [19.0617386251688, 47.47278252762986], [19.061721861362457, 47.47272859045542], [19.06179428100586, 47.472718618870886]]]}}, {"type": "Feature", "id": 36476, "properties": {"buildingId": 2, "floorId": 4, "roomNumber": "P.99 M2", "roomName": "\u00d6lt\u00f6z\u0151", "scope": "budapest/lagymanyos/eszaki/-1/L\u00c9--1-134-05-73", "roomCode": "L\u00c9--1-134-05-73", "roomType": "social", "__tile": "17/72476/45847", "__layer": "rooms", "__zoom": 17, "__mvtId": 36476, "__building": "eszaki", "__ringVerts": 5, "id": 36476, "catalogFloorId": 4}, "geometry": {"type": "Polygon", "coordinates": [[[19.06143620610237, 47.47317504355137], [19.061444252729416, 47.47319997229264], [19.06140334904194, 47.473207224287876], [19.061395972967148, 47.47318048255047], [19.06143620610237, 47.47317504355137]]]}}, {"type": "Feature", "id": 36457, "properties": {"buildingId": 2, "floorId": 4, "roomNumber": "P.97 M3", "roomName": "Mosd\u00f3", "scope": "budapest/lagymanyos/eszaki/-1/L\u00c9--1-136-B-05-71", "roomCode": "L\u00c9--1-136/B-05-71", "roomType": "social", "__tile": "17/72476/45847", "__layer": "rooms", "__zoom": 17, "__mvtId": 36457, "__building": "eszaki", "__ringVerts": 5, "id": 36457, "catalogFloorId": 4}, "geometry": {"type": "Polygon", "coordinates": [[[19.061356410384178, 47.47305130616968], [19.061361104249954, 47.47306716995285], [19.061342999339104, 47.47306943620719], [19.061338305473328, 47.4730540256757], [19.061356410384178, 47.47305130616968]]]}}, {"type": "Feature", "id": 36470, "properties": {"buildingId": 2, "floorId": 4, "roomNumber": "-1.36", "roomName": "\u00d6lt\u00f6z\u0151 el\u0151t\u00e9r", "scope": "budapest/lagymanyos/eszaki/-1/L\u00c9--1-136-A-04-62", "roomCode": "L\u00c9--1-136/A-04-62", "roomType": "corridor", "__tile": "17/72476/45847", "__layer": "rooms", "__zoom": 17, "__mvtId": 36470, "__building": "eszaki", "__ringVerts": 5, "id": 36470, "catalogFloorId": 4}, "geometry": {"type": "Polygon", "coordinates": [[[19.061361104249954, 47.473068076454595], [19.06136579811573, 47.4730839402327], [19.06134769320488, 47.47308620648632], [19.061342999339104, 47.47307034270891], [19.061361104249954, 47.473068076454595]]]}}, {"type": "Feature", "id": 36471, "properties": {"buildingId": 2, "floorId": 4, "roomNumber": "-1.37", "roomName": "El\u0151t\u00e9r", "scope": "budapest/lagymanyos/eszaki/-1/L\u00c9--1-137-04-62", "roomCode": "L\u00c9--1-137-04-62", "roomType": "corridor", "__tile": "17/72476/45847", "__layer": "rooms", "__zoom": 17, "__mvtId": 36471, "__building": "eszaki", "__ringVerts": 7, "id": 36471, "catalogFloorId": 4}, "geometry": {"type": "Polygon", "coordinates": [[[19.061335623264313, 47.47298014571199], [19.061353728175163, 47.47304133464638], [19.06133495271206, 47.473043600901846], [19.061319530010223, 47.472990570498446], [19.0613155066967, 47.47299102374998], [19.061312824487686, 47.472983318473304], [19.061335623264313, 47.47298014571199]]]}}, {"type": "Feature", "id": 36475, "properties": {"buildingId": 2, "floorId": 4, "roomNumber": "P.58. B1 (-1.58)", "roomName": "N\u00e9medi D\u00e9nes K\u00f6nyvt\u00e1r", "scope": "budapest/lagymanyos/eszaki/-1/L\u00c9--1-144-03-43", "roomCode": "L\u00c9--1-144-03-43", "roomType": "misc", "__tile": "17/72476/45847", "__layer": "rooms", "__zoom": 17, "__mvtId": 36475, "__building": "eszaki", "__ringVerts": 27, "id": 36475, "catalogFloorId": 4}, "geometry": {"type": "Polygon", "coordinates": [[[19.06159244477749, 47.47318274879993], [19.061595126986504, 47.47319090729718], [19.061599150300026, 47.473190000797544], [19.0616125613451, 47.47323532575998], [19.06160518527031, 47.47323623225883], [19.061609208583832, 47.47324892324108], [19.06161591410637, 47.47324801674245], [19.061629995703697, 47.47329243515698], [19.061622619628906, 47.473293341654845], [19.061625972390175, 47.47330512612566], [19.061629995703697, 47.473304672876836], [19.061642736196518, 47.47334909124347], [19.06163938343525, 47.47334954449191], [19.06164139509201, 47.473355436721356], [19.06151734292507, 47.47337220690922], [19.06151533126831, 47.47336586143336], [19.061511307954788, 47.473366314681655], [19.061497896909714, 47.473320536583515], [19.061501920223236, 47.473320083334826], [19.06149923801422, 47.473308752116154], [19.061494544148445, 47.473309658613736], [19.061467051506042, 47.47319951904291], [19.061524718999863, 47.473191813796795], [19.061526730656624, 47.47319997229264], [19.061538130044937, 47.47319861254343], [19.061535447835922, 47.47319045404736], [19.06159244477749, 47.47318274879993]], [[19.061566963791847, 47.47330014038833], [19.061555564403534, 47.47330150013492], [19.061558917164803, 47.473312378106385], [19.061570316553116, 47.47331101836008], [19.061566963791847, 47.47330014038833]], [[19.061550870537758, 47.47324393749842], [19.0615401417017, 47.47324529724647], [19.061542823910713, 47.473256175229565], [19.061554223299026, 47.47325481548181], [19.061550870537758, 47.47324393749842]]]}}, {"type": "Feature", "id": 36477, "properties": {"buildingId": 2, "floorId": 4, "roomNumber": "P.99 M2 (-1.34)", "roomName": "\u00d6lt\u00f6z\u0151 ell\u0151t\u00e9r", "scope": "budapest/lagymanyos/eszaki/-1/L\u00c9--1-134-A-04-62", "roomCode": "L\u00c9--1-134/A-04-62", "roomType": "corridor", "__tile": "17/72476/45847", "__layer": "rooms", "__zoom": 17, "__mvtId": 36477, "__building": "eszaki", "__ringVerts": 5, "id": 36477, "catalogFloorId": 4}, "geometry": {"type": "Polygon", "coordinates": [[[19.061393961310387, 47.47318093580037], [19.061398655176163, 47.473196799544404], [19.06138189136982, 47.47319906579316], [19.061377197504044, 47.47318320204981], [19.061393961310387, 47.47318093580037]]]}}, {"type": "Feature", "id": 36479, "properties": {"buildingId": 2, "floorId": 4, "roomNumber": "P.99 M2", "roomName": "Mosd\u00f3", "scope": "budapest/lagymanyos/eszaki/-1/L\u00c9--1-134-B-05-71", "roomCode": "L\u00c9--1-134/B-05-71", "roomType": "social", "__tile": "17/72476/45847", "__layer": "rooms", "__zoom": 17, "__mvtId": 36479, "__building": "eszaki", "__ringVerts": 5, "id": 36479, "catalogFloorId": 4}, "geometry": {"type": "Polygon", "coordinates": [[[19.06138926744461, 47.473164165551474], [19.061393961310387, 47.473180029300565], [19.06137652695179, 47.473182295550046], [19.061371833086014, 47.47316597855161], [19.06138926744461, 47.473164165551474]]]}}, {"type": "Feature", "id": 36480, "properties": {"buildingId": 2, "floorId": 4, "roomNumber": "P.99 M2", "roomName": "WC", "scope": "budapest/lagymanyos/eszaki/-1/L\u00c9--1-134-F-05-71", "roomCode": "L\u00c9--1-134/F-05-71", "roomType": "social", "__tile": "17/72476/45847", "__layer": "rooms", "__zoom": 17, "__mvtId": 36480, "__building": "eszaki", "__ringVerts": 5, "id": 36480, "catalogFloorId": 4}, "geometry": {"type": "Polygon", "coordinates": [[[19.061386585235596, 47.47315510054984], [19.061388596892357, 47.47316280580132], [19.06137116253376, 47.47316507205156], [19.061369150877, 47.47315736680039], [19.061386585235596, 47.47315510054984]]]}}, {"type": "Feature", "id": 36433, "properties": {"buildingId": 2, "floorId": 4, "roomNumber": "*P.34/A M2", "roomName": "Angelusz R\u00f3bert T\u00e1rsadalomtudom\u00e1nyi Szakkoll\u00e9gium", "scope": "budapest/lagymanyos/eszaki/-1/L\u00c9--1-149-03-43", "roomCode": "L\u00c9--1-149-03-43", "roomType": "misc", "__tile": "17/72476/45847", "__layer": "rooms", "__zoom": 17, "__mvtId": 36433, "__building": "eszaki", "__ringVerts": 14, "id": 36433, "catalogFloorId": 4}, "geometry": {"type": "Polygon", "coordinates": [[[19.061766117811203, 47.47324484399712], [19.06179092824459, 47.473329148308], [19.061782211065292, 47.47333050805384], [19.0617835521698, 47.473336400285405], [19.06165950000286, 47.47335317047934], [19.0616574883461, 47.47334682500118], [19.061649441719055, 47.47334818474657], [19.061636701226234, 47.47330376637916], [19.061644077301025, 47.47330285988148], [19.061640724539757, 47.47329107541015], [19.061633348464966, 47.47329198190804], [19.061623960733414, 47.473263427217056], [19.061691015958786, 47.47325481548181], [19.061766117811203, 47.47324484399712]]]}}, {"type": "Feature", "id": 36439, "properties": {"buildingId": 2, "floorId": 4, "roomNumber": "P.77 F7 (-1.54)", "roomName": "Sz\u00e1m\u00edt\u00f3g\u00e9pterem", "scope": "budapest/lagymanyos/eszaki/-1/L\u00c9--1-154-01-16", "roomCode": "L\u00c9--1-154-01-16", "roomType": "educational", "__tile": "17/72476/45847", "__layer": "rooms", "__zoom": 17, "__mvtId": 36439, "__building": "eszaki", "__ringVerts": 14, "id": 36439, "catalogFloorId": 4}, "geometry": {"type": "Polygon", "coordinates": [[[19.061667546629906, 47.47294025955344], [19.06166821718216, 47.47294343231716], [19.06167760491371, 47.4729420725613], [19.06169168651104, 47.47298966399536], [19.061682298779488, 47.472990570498446], [19.061683639883995, 47.47299464976214], [19.061621949076653, 47.47300326154003], [19.0616212785244, 47.473000995282824], [19.061616584658623, 47.47300144853427], [19.061617255210876, 47.47300371479145], [19.061587750911713, 47.47300779405413], [19.06157098710537, 47.47295340385904], [19.061600491404533, 47.47294932459213], [19.061667546629906, 47.47294025955344]]]}}, {"type": "Feature", "id": 36459, "properties": {"buildingId": 2, "floorId": 4, "roomNumber": "P.97 M2", "roomName": "El\u0151t\u00e9r", "scope": "budapest/lagymanyos/eszaki/-1/L\u00c9--1-136-D-04-62", "roomCode": "L\u00c9--1-136/D-04-62", "roomType": "corridor", "__tile": "17/72476/45847", "__layer": "rooms", "__zoom": 17, "__mvtId": 36459, "__building": "eszaki", "__ringVerts": 5, "id": 36459, "catalogFloorId": 4}, "geometry": {"type": "Polygon", "coordinates": [[[19.06137116253376, 47.47303770863744], [19.06137853860855, 47.473064450447495], [19.061363115906715, 47.47306671670196], [19.06135506927967, 47.473039521641944], [19.06137116253376, 47.47303770863744]]]}}, {"type": "Feature", "id": 36462, "properties": {"buildingId": 2, "floorId": 4, "roomNumber": "P.K18", "roomName": "Folyos\u00f3", "scope": "budapest/lagymanyos/eszaki/-1/L\u00c9--1-K19-04-63", "roomCode": "L\u00c9--1-K19-04-63", "roomType": "corridor", "__tile": "17/72476/45847", "__layer": "rooms", "__zoom": 17, "__mvtId": 36462, "__building": "eszaki", "__ringVerts": 9, "id": 36462, "catalogFloorId": 4}, "geometry": {"type": "Polygon", "coordinates": [[[19.061312153935432, 47.47298558473126], [19.061314165592194, 47.47299238350457], [19.061318188905716, 47.472991930253045], [19.061387926340103, 47.473226260770616], [19.061366468667984, 47.47323623225883], [19.061346352100372, 47.47321311653327], [19.06135104596615, 47.47321085028512], [19.061285331845284, 47.47298875749225], [19.061312153935432, 47.47298558473126]]]}}, {"type": "Feature", "id": 36474, "properties": {"buildingId": 2, "floorId": 4, "roomNumber": "P.101 M2", "roomName": "Tanm\u0171hely", "scope": "budapest/lagymanyos/eszaki/-1/L\u00c9--1-133-01-18", "roomCode": "L\u00c9--1-133-01-18", "roomType": "educational", "__tile": "17/72476/45847", "__layer": "rooms", "__zoom": 17, "__mvtId": 36474, "__building": "eszaki", "__ringVerts": 17, "id": 36474, "catalogFloorId": 4}, "geometry": {"type": "Polygon", "coordinates": [[[19.06144492328167, 47.473202691790966], [19.061447605490685, 47.4732117567844], [19.061461687088013, 47.47320858403687], [19.06147576868534, 47.47325481548181], [19.061465710401535, 47.473256175229565], [19.061469063162804, 47.47326750645957], [19.06147710978985, 47.473266146712106], [19.06148985028267, 47.473310111862524], [19.061482474207878, 47.47331101836008], [19.061483144760132, 47.47331373785266], [19.061420783400536, 47.473322349578254], [19.061404019594193, 47.47326478696459], [19.061393290758133, 47.473266146712106], [19.06136780977249, 47.47323713875766], [19.061389937996864, 47.47322671402012], [19.06138524413109, 47.47321130353476], [19.06144492328167, 47.473202691790966]]]}}, {"type": "Feature", "id": 36488, "properties": {"buildingId": 2, "floorId": 4, "roomNumber": "P.97 M2", "roomName": "\u00d6lt\u00f6z\u0151", "scope": "budapest/lagymanyos/eszaki/-1/L\u00c9--1-135-05-73", "roomCode": "L\u00c9--1-135-05-73", "roomType": "social", "__tile": "17/72476/45847", "__layer": "rooms", "__zoom": 17, "__mvtId": 36488, "__building": "eszaki", "__ringVerts": 7, "id": 36488, "catalogFloorId": 4}, "geometry": {"type": "Polygon", "coordinates": [[[19.061411395668983, 47.47309073899328], [19.061418771743774, 47.473115667774536], [19.06141608953476, 47.47311838727723], [19.061379209160805, 47.47312291978142], [19.06137116253376, 47.47309617800111], [19.061375856399536, 47.47309572475048], [19.061411395668983, 47.47309073899328]]]}}, {"type": "Feature", "id": 36489, "properties": {"buildingId": 2, "floorId": 4, "roomNumber": "P.97 M2", "roomName": "Zuhanyz\u00f3", "scope": "budapest/lagymanyos/eszaki/-1/L\u00c9--1-135-E-05-72", "roomCode": "L\u00c9--1-135/E-05-72", "roomType": "social", "__tile": "17/72476/45847", "__layer": "rooms", "__zoom": 17, "__mvtId": 36489, "__building": "eszaki", "__ringVerts": 5, "id": 36489, "catalogFloorId": 4}, "geometry": {"type": "Polygon", "coordinates": [[[19.061420112848282, 47.473118840527675], [19.061428159475327, 47.47314603554664], [19.0614053606987, 47.47314875504777], [19.06139798462391, 47.47312201328061], [19.061420112848282, 47.473118840527675]]]}}, {"type": "Feature", "id": 36491, "properties": {"buildingId": 2, "floorId": 4, "roomNumber": "P.97 M2", "roomName": "Mosd\u00f3", "scope": "budapest/lagymanyos/eszaki/-1/L\u00c9--1-135-B-05-71", "roomCode": "L\u00c9--1-135/B-05-71", "roomType": "social", "__tile": "17/72476/45847", "__layer": "rooms", "__zoom": 17, "__mvtId": 36491, "__building": "eszaki", "__ringVerts": 5, "id": 36491, "catalogFloorId": 4}, "geometry": {"type": "Polygon", "coordinates": [[[19.061377868056297, 47.47312473278297], [19.061382561922073, 47.473140143293726], [19.061365127563477, 47.47314286279516], [19.0613604336977, 47.47312699903483], [19.061377868056297, 47.47312473278297]]]}}, {"type": "Feature", "id": 36492, "properties": {"buildingId": 2, "floorId": 4, "roomNumber": "P.97 M2", "roomName": "K\u00f6zleked\u0151", "scope": "budapest/lagymanyos/eszaki/-1/L\u00c9--1-135-D-04-63", "roomCode": "L\u00c9--1-135/D-04-63", "roomType": "corridor", "__tile": "17/72476/45847", "__layer": "rooms", "__zoom": 17, "__mvtId": 36492, "__building": "eszaki", "__ringVerts": 5, "id": 36492, "catalogFloorId": 4}, "geometry": {"type": "Polygon", "coordinates": [[[19.061395972967148, 47.47312201328061], [19.061404019594193, 47.47314920829794], [19.06138725578785, 47.47315102129859], [19.06137987971306, 47.47312427953259], [19.061395972967148, 47.47312201328061]]]}}, {"type": "Feature", "id": 36493, "properties": {"buildingId": 2, "floorId": 4, "roomNumber": "P.83", "roomName": "El\u0151t\u00e9r", "scope": "budapest/lagymanyos/eszaki/-1/L\u00c9--1-P83-04-62", "roomCode": "L\u00c9--1-P83-04-62", "roomType": "corridor", "__tile": "17/72476/45847", "__layer": "rooms", "__zoom": 17, "__mvtId": 36493, "__building": "eszaki", "__ringVerts": 15, "id": 36493, "catalogFloorId": 4}, "geometry": {"type": "Polygon", "coordinates": [[[19.0616487711668, 47.4731170275259], [19.061690345406532, 47.47325345573401], [19.061623960733414, 47.47326252071867], [19.061619266867638, 47.473247110243804], [19.061627313494682, 47.473245750495806], [19.061623960733414, 47.473233966011676], [19.06161591410637, 47.473234872510545], [19.061602503061295, 47.473189547547726], [19.061608538031578, 47.4731890942979], [19.061602503061295, 47.4731686980517], [19.061593115329742, 47.47317005780169], [19.061581045389175, 47.47313017178728], [19.061590433120728, 47.47312881203626], [19.061589762568474, 47.47312518603336], [19.0616487711668, 47.4731170275259]]]}}, {"type": "Feature", "id": 36497, "properties": {"buildingId": 2, "floorId": 4, "roomNumber": "P.83/B", "roomName": "F\u00e9rfi WC", "scope": "budapest/lagymanyos/eszaki/-1/L\u00c9--1-150-A-05-71", "roomCode": "L\u00c9--1-150/A-05-71", "roomType": "social", "__tile": "17/72476/45847", "__layer": "rooms", "__zoom": 17, "__mvtId": 36497, "__building": "eszaki", "__ringVerts": 7, "id": 36497, "catalogFloorId": 4}, "geometry": {"type": "Polygon", "coordinates": [[[19.061735942959785, 47.47313787704243], [19.06174197793007, 47.473157820050496], [19.061732590198517, 47.47315917980077], [19.06173527240753, 47.47316733830167], [19.06169503927231, 47.47317277730158], [19.06168632209301, 47.47314422254582], [19.061735942959785, 47.47313787704243]]]}}, {"type": "Feature", "id": 36481, "properties": {"buildingId": 2, "floorId": 4, "roomNumber": "P.99 M2", "roomName": "K\u00f6zleked\u0151", "scope": "budapest/lagymanyos/eszaki/-1/L\u00c9--1-134-D-04-62", "roomCode": "L\u00c9--1-134/D-04-62", "roomType": "corridor", "__tile": "17/72476/45847", "__layer": "rooms", "__zoom": 17, "__mvtId": 36481, "__building": "eszaki", "__ringVerts": 5, "id": 36481, "catalogFloorId": 4}, "geometry": {"type": "Polygon", "coordinates": [[[19.06140334904194, 47.47315056804843], [19.061411395668983, 47.473177309801066], [19.061395302414894, 47.47317912280075], [19.061387926340103, 47.47315238104905], [19.06140334904194, 47.47315056804843]]]}}, {"type": "Feature", "id": 36456, "properties": {"buildingId": 2, "floorId": 4, "roomNumber": "P.97 M2", "roomName": "Zuhanyz\u00f3", "scope": "budapest/lagymanyos/eszaki/-1/L\u00c9--1-136-E-05-72", "roomCode": "L\u00c9--1-136/E-05-72", "roomType": "social", "__tile": "17/72476/45847", "__layer": "rooms", "__zoom": 17, "__mvtId": 36456, "__building": "eszaki", "__ringVerts": 7, "id": 36456, "catalogFloorId": 4}, "geometry": {"type": "Polygon", "coordinates": [[[19.061400666832924, 47.47303362937708], [19.06140200793743, 47.473039068390825], [19.061410054564476, 47.47303770863744], [19.06141608953476, 47.47305946468734], [19.061380550265312, 47.473064450447495], [19.061372503638268, 47.47303725538631], [19.061400666832924, 47.47303362937708]]]}}, {"type": "Feature", "id": 36608, "properties": {"buildingId": 2, "floorId": 4, "roomNumber": "*P-KX", "roomName": "G\u00e9p\u00e9szeti l\u00e9pcs\u0151t\u00e9r", "scope": "budapest/lagymanyos/eszaki/-1/LK--1-007-04-64", "roomCode": "LK--1-007-04-64", "roomType": "corridor", "__tile": "16/36238/22923", "__layer": "rooms", "__zoom": 16, "__mvtId": 36608, "__building": "eszaki", "__ringVerts": 5, "id": 36608, "catalogFloorId": 4}, "geometry": {"type": "Polygon", "coordinates": [[[19.061755388975143, 47.47439880416386], [19.061759412288666, 47.47441240134392], [19.061680287122726, 47.47442237260705], [19.061676263809204, 47.47440877542958], [19.061755388975143, 47.47439880416386]]]}}, {"type": "Feature", "id": 36458, "properties": {"buildingId": 2, "floorId": 4, "roomNumber": "P.97 M2", "roomName": "WC", "scope": "budapest/lagymanyos/eszaki/-1/L\u00c9--1-136-F-05-71", "roomCode": "L\u00c9--1-136/F-05-71", "roomType": "social", "__tile": "17/72476/45847", "__layer": "rooms", "__zoom": 17, "__mvtId": 36458, "__building": "eszaki", "__ringVerts": 5, "id": 36458, "catalogFloorId": 4}, "geometry": {"type": "Polygon", "coordinates": [[[19.061353728175163, 47.473042241148576], [19.061355739831924, 47.47305039966764], [19.061337634921074, 47.47305266592271], [19.061335623264313, 47.47304496065507], [19.061353728175163, 47.473042241148576]]]}}, {"type": "Feature", "id": 36468, "properties": {"buildingId": 2, "floorId": 4, "roomNumber": "-1.35", "roomName": "\u00d6lt\u00f6z\u0151 el\u0151t\u00e9r", "scope": "budapest/lagymanyos/eszaki/-1/L\u00c9--1-135-A-04-62", "roomCode": "L\u00c9--1-135/A-04-62", "roomType": "corridor", "__tile": "17/72476/45847", "__layer": "rooms", "__zoom": 17, "__mvtId": 36468, "__building": "eszaki", "__ringVerts": 5, "id": 36468, "catalogFloorId": 4}, "geometry": {"type": "Polygon", "coordinates": [[[19.06137317419052, 47.47310796251614], [19.061377197504044, 47.47312337303181], [19.061359763145447, 47.47312563928373], [19.06135506927967, 47.473110228768725], [19.06137317419052, 47.47310796251614]]]}}, {"type": "Feature", "id": 36487, "properties": {"buildingId": 2, "floorId": 4, "roomNumber": "P.K16", "roomName": "Folyos\u00f3", "scope": "budapest/lagymanyos/eszaki/-1/L\u00c9--1-K16-04-63", "roomCode": "L\u00c9--1-K16-04-63", "roomType": "corridor", "__tile": "17/72476/45847", "__layer": "rooms", "__zoom": 17, "__mvtId": 36487, "__building": "eszaki", "__ringVerts": 17, "id": 36487, "catalogFloorId": 4}, "geometry": {"type": "Polygon", "coordinates": [[[19.061569646000862, 47.47295340385904], [19.061619266867638, 47.47312020027895], [19.06158909201622, 47.47312427953259], [19.061587750911713, 47.47312020027895], [19.06157836318016, 47.473121560030194], [19.061564952135086, 47.47307442196641], [19.061574339866638, 47.47307306221395], [19.06157098710537, 47.47306218419294], [19.061561599373817, 47.473063543945685], [19.061548858880997, 47.473020031840264], [19.061557576060295, 47.47301912533769], [19.061554223299026, 47.47300598104853], [19.061544835567474, 47.47300734080274], [19.061532095074654, 47.472963828650784], [19.061540812253952, 47.47296292214724], [19.061539471149445, 47.47295838962926], [19.061569646000862, 47.47295340385904]]]}}, {"type": "Feature", "id": 36441, "properties": {"buildingId": 2, "floorId": 4, "roomNumber": "P.79 F7 (-1.53)", "roomName": "Sz\u00e1m\u00edt\u00f3g\u00e9pterem", "scope": "budapest/lagymanyos/eszaki/-1/L\u00c9--1-153-01-16", "roomCode": "L\u00c9--1-153-01-16", "roomType": "educational", "__tile": "17/72476/45847", "__layer": "rooms", "__zoom": 17, "__mvtId": 36441, "__building": "eszaki", "__ringVerts": 14, "id": 36441, "catalogFloorId": 4}, "geometry": {"type": "Polygon", "coordinates": [[[19.061683639883995, 47.47299555626515], [19.061684980988503, 47.47299963552845], [19.061694368720055, 47.47299827577405], [19.061708450317383, 47.47304586715721], [19.06169906258583, 47.473047226910374], [19.061700403690338, 47.47305085291867], [19.06163938343525, 47.47305901143638], [19.061633348464966, 47.473057651683526], [19.06163401901722, 47.47305946468734], [19.061603844165802, 47.473063543945685], [19.061587750911713, 47.47300915380829], [19.06162329018116, 47.47300598104853], [19.061622619628906, 47.47300416804288], [19.061683639883995, 47.47299555626515]]]}}, {"type": "Feature", "id": 36442, "properties": {"buildingId": 2, "floorId": 4, "roomNumber": "P.81 F7 (-1.52)", "roomName": "Szemin\u00e1rium", "scope": "budapest/lagymanyos/eszaki/-1/L\u00c9--1-152-01-12", "roomCode": "L\u00c9--1-152-01-12", "roomType": "educational", "__tile": "17/72476/45847", "__layer": "rooms", "__zoom": 17, "__mvtId": 36442, "__building": "eszaki", "__ringVerts": 13, "id": 36442, "catalogFloorId": 4}, "geometry": {"type": "Polygon", "coordinates": [[[19.061700403690338, 47.47305175942069], [19.061701744794846, 47.47305583867964], [19.061711132526398, 47.4730544789267], [19.061725214123726, 47.473101617008375], [19.061715826392174, 47.4731029767601], [19.06171716749668, 47.47310660276453], [19.061620607972145, 47.47311974702853], [19.061604514718056, 47.473064450447495], [19.06163401901722, 47.473060824440154], [19.061634689569473, 47.47306309069477], [19.061640053987503, 47.47306218419294], [19.06163938343525, 47.47305991793828], [19.061700403690338, 47.47305175942069]]]}}, {"type": "Feature", "id": 36460, "properties": {"buildingId": 2, "floorId": 4, "roomNumber": "P.97 M2", "roomName": "\u00d6lt\u00f6z\u0151", "scope": "budapest/lagymanyos/eszaki/-1/L\u00c9--1-136-05-73", "roomCode": "L\u00c9--1-136-05-73", "roomType": "social", "__tile": "17/72476/45847", "__layer": "rooms", "__zoom": 17, "__mvtId": 36460, "__building": "eszaki", "__ringVerts": 7, "id": 36460, "catalogFloorId": 4}, "geometry": {"type": "Polygon", "coordinates": [[[19.061416760087013, 47.473060824440154], [19.06142346560955, 47.47308258048048], [19.061409384012222, 47.47308439348343], [19.061411395668983, 47.47308937924124], [19.06137116253376, 47.473094818249194], [19.061363115906715, 47.473068076454595], [19.061416760087013, 47.473060824440154]]]}}, {"type": "Feature", "id": 36463, "properties": {"buildingId": 2, "floorId": 4, "roomNumber": "P.99 M2", "roomName": "Zuhanyz\u00f3", "scope": "budapest/lagymanyos/eszaki/-1/L\u00c9--1-134-E-05-72", "roomCode": "L\u00c9--1-134/E-05-72", "roomType": "social", "__tile": "17/72476/45847", "__layer": "rooms", "__zoom": 17, "__mvtId": 36463, "__building": "eszaki", "__ringVerts": 5, "id": 36463, "catalogFloorId": 4}, "geometry": {"type": "Polygon", "coordinates": [[[19.061428159475327, 47.47314739529722], [19.06143620610237, 47.473173683801505], [19.061413407325745, 47.47317685655113], [19.0614053606987, 47.47315011479828], [19.061428159475327, 47.47314739529722]]]}}, {"type": "Feature", "id": 36490, "properties": {"buildingId": 2, "floorId": 4, "roomNumber": "P.97 M2", "roomName": "WC", "scope": "budapest/lagymanyos/eszaki/-1/L\u00c9--1-135-F-05-71", "roomCode": "L\u00c9--1-135/F-05-71", "roomType": "social", "__tile": "17/72476/45847", "__layer": "rooms", "__zoom": 17, "__mvtId": 36490, "__building": "eszaki", "__ringVerts": 5, "id": 36490, "catalogFloorId": 4}, "geometry": {"type": "Polygon", "coordinates": [[[19.061382561922073, 47.473141049794215], [19.06138524413109, 47.47314920829794], [19.061367139220238, 47.47315147454875], [19.061365127563477, 47.47314331604538], [19.061382561922073, 47.473141049794215]]]}}, {"type": "Feature", "id": 36494, "properties": {"buildingId": 2, "floorId": 4, "roomNumber": "P.83/A", "roomName": "F\u00e9rfi mosd\u00f3", "scope": "budapest/lagymanyos/eszaki/-1/L\u00c9--1-150-05-71", "roomCode": "L\u00c9--1-150-05-71", "roomType": "social", "__tile": "17/72476/45847", "__layer": "rooms", "__zoom": 17, "__mvtId": 36494, "__building": "eszaki", "__ringVerts": 7, "id": 36494, "catalogFloorId": 4}, "geometry": {"type": "Polygon", "coordinates": [[[19.06168296933174, 47.473140143293726], [19.061693027615547, 47.47317323055154], [19.061676263809204, 47.47317549680131], [19.061674252152443, 47.4731686980517], [19.061665534973145, 47.47316960455169], [19.061658158898354, 47.47314331604538], [19.06168296933174, 47.473140143293726]]]}}, {"type": "Feature", "id": 36495, "properties": {"buildingId": 2, "floorId": 4, "roomNumber": "P.83/B (-1.50)", "roomName": "N\u0151i mosd\u00f3", "scope": "budapest/lagymanyos/eszaki/-1/L\u00c9--1-151-05-71", "roomCode": "L\u00c9--1-151-05-71", "roomType": "social", "__tile": "17/72476/45847", "__layer": "rooms", "__zoom": 17, "__mvtId": 36495, "__building": "eszaki", "__ringVerts": 7, "id": 36495, "catalogFloorId": 4}, "geometry": {"type": "Polygon", "coordinates": [[[19.06168431043625, 47.47311249502122], [19.0616936981678, 47.47313742379215], [19.061658158898354, 47.47314240954493], [19.061651453375816, 47.4731192937781], [19.061656817793846, 47.47311838727723], [19.061656147241592, 47.473116121025], [19.06168431043625, 47.47311249502122]]]}}, {"type": "Feature", "id": 36496, "properties": {"buildingId": 2, "floorId": 4, "roomNumber": "P.83/B", "roomName": "N\u0151i WC", "scope": "budapest/lagymanyos/eszaki/-1/L\u00c9--1-151-A-05-71", "roomCode": "L\u00c9--1-151/A-05-71", "roomType": "social", "__tile": "17/72476/45847", "__layer": "rooms", "__zoom": 17, "__mvtId": 36496, "__building": "eszaki", "__ringVerts": 7, "id": 36496, "catalogFloorId": 4}, "geometry": {"type": "Polygon", "coordinates": [[[19.061717838048935, 47.47310796251614], [19.061719179153442, 47.47311204177072], [19.06172789633274, 47.47311068201923], [19.061733931303024, 47.473131984788594], [19.06169503927231, 47.47313697054189], [19.06168632209301, 47.47311204177072], [19.061717838048935, 47.47310796251614]]]}}, {"type": "Feature", "id": 36498, "properties": {"buildingId": 2, "floorId": 4, "roomNumber": "P.50 B5", "roomName": "R\u00f6ntgen laborat\u00f3rium", "scope": "budapest/lagymanyos/eszaki/-1/L\u00c9--1-161-A-01-14", "roomCode": "L\u00c9--1-161/A-01-14", "roomType": "educational", "__tile": "17/72476/45847", "__layer": "rooms", "__zoom": 17, "__mvtId": 36498, "__building": "eszaki", "__ringVerts": 7, "id": 36498, "catalogFloorId": 4}, "geometry": {"type": "Polygon", "coordinates": [[[19.061824455857277, 47.47309300524661], [19.061835184693336, 47.47312971853695], [19.061824455857277, 47.47313107828795], [19.061829820275307, 47.47314920829794], [19.061763435602188, 47.47315827330059], [19.061746671795845, 47.473103430010674], [19.061824455857277, 47.47309300524661]]]}}, {"type": "Feature", "id": 36612, "properties": {"buildingId": 2, "floorId": 4, "roomNumber": "-100/11", "roomName": "Folyos\u00f3", "scope": "budapest/lagymanyos/eszaki/-1/LK--1-100-11-04-63", "roomCode": "LK--1-100/11-04-63", "roomType": "corridor", "__tile": "17/72476/45847", "__layer": "rooms", "__zoom": 17, "__mvtId": 36612, "__building": "eszaki", "__ringVerts": 23, "id": 36612, "catalogFloorId": 4}, "geometry": {"type": "Polygon", "coordinates": [[[19.06137317419052, 47.472677826005366], [19.061359763145447, 47.47263386032597], [19.061397314071655, 47.47263386032597], [19.061480462551117, 47.47290807865345], [19.06145229935646, 47.47291170467134], [19.0614502876997, 47.47290535913987], [19.0614415705204, 47.47290626564442], [19.061427488923073, 47.472859127387515], [19.06143620610237, 47.47285776762948], [19.06143419444561, 47.472849155827745], [19.061424806714058, 47.47285051558601], [19.06141072511673, 47.47280292402594], [19.061419442296028, 47.47280156426645], [19.061417430639267, 47.472792952455514], [19.061408042907715, 47.47279431221523], [19.061393961310387, 47.472747173857904], [19.06140334904194, 47.472745814096974], [19.061399325728416, 47.47273312299322], [19.061389937996864, 47.47273448275448], [19.061375856399536, 47.47268643783517], [19.06138524413109, 47.47268553132684], [19.061382561922073, 47.47267691949689], [19.06137317419052, 47.472677826005366]]]}}, {"type": "Feature", "id": 36571, "properties": {"buildingId": 2, "floorId": 4, "roomNumber": "P-K4 B", "roomName": "Folyos\u00f3", "scope": "budapest/lagymanyos/eszaki/-1/L\u00c9--1-K4-B-04-63", "roomCode": "L\u00c9--1-K4/B-04-63", "roomType": "corridor", "__tile": "16/36238/22923", "__layer": "rooms", "__zoom": 16, "__mvtId": 36571, "__building": "eszaki", "__ringVerts": 13, "id": 36571, "catalogFloorId": 4}, "geometry": {"type": "Polygon", "coordinates": [[[19.062360227108, 47.474426904998765], [19.06236559152603, 47.47444322160568], [19.06237632036209, 47.47444140864961], [19.062379002571106, 47.474452286385116], [19.062368273735046, 47.47445409934081], [19.06237095594406, 47.47446225764068], [19.06234011054039, 47.47446588355133], [19.062337428331375, 47.47445772525202], [19.062325358390808, 47.47445953820754], [19.062322676181793, 47.47444956695145], [19.06233474612236, 47.47444775399559], [19.06232938170433, 47.47443143739008], [19.062360227108, 47.474426904998765]]]}}, {"type": "Feature", "id": 36582, "properties": {"buildingId": 2, "floorId": 4, "roomNumber": "P.24 B7 (-1.104)", "roomName": "\u00d6lt\u00f6z\u0151", "scope": "budapest/lagymanyos/eszaki/-1/L\u00c9--1-104-A-05-73", "roomCode": "L\u00c9--1-104/A-05-73", "roomType": "social", "__tile": "16/36238/22923", "__layer": "rooms", "__zoom": 16, "__mvtId": 36582, "__building": "eszaki", "__ringVerts": 5, "id": 36582, "catalogFloorId": 4}, "geometry": {"type": "Polygon", "coordinates": [[[19.0624138712883, 47.474399710642636], [19.062421917915344, 47.47442599852045], [19.062393754720688, 47.4744296244336], [19.062385708093643, 47.47440333655761], [19.0624138712883, 47.474399710642636]]]}}, {"type": "Feature", "id": 36575, "properties": {"buildingId": 2, "floorId": 4, "roomNumber": "P.15 B7 (-1,90)", "roomName": "\u00d6lt\u00f6z\u0151", "scope": "budapest/lagymanyos/eszaki/-1/L\u00c9--1-190-A-05-73", "roomCode": "L\u00c9--1-190/A-05-73", "roomType": "social", "__tile": "16/36238/22923", "__layer": "rooms", "__zoom": 16, "__mvtId": 36575, "__building": "eszaki", "__ringVerts": 5, "id": 36575, "catalogFloorId": 4}, "geometry": {"type": "Polygon", "coordinates": [[[19.062291830778122, 47.474416933736485], [19.062299877405167, 47.474442315127654], [19.06227171421051, 47.474445941039676], [19.062263667583466, 47.474420559650255], [19.062291830778122, 47.474416933736485]]]}}, {"type": "Feature", "id": 36551, "properties": {"buildingId": 2, "floorId": 4, "roomNumber": "P-K11/A", "roomName": "Folyos\u00f3", "scope": "budapest/lagymanyos/eszaki/-1/L\u00c9--1-K11-A-04-63", "roomCode": "L\u00c9--1-K11/A-04-63", "roomType": "corridor", "__tile": "17/72476/45847", "__layer": "rooms", "__zoom": 17, "__mvtId": 36551, "__building": "eszaki", "__ringVerts": 5, "id": 36551, "catalogFloorId": 4}, "geometry": {"type": "Polygon", "coordinates": [[[19.062356874346733, 47.4727299502168], [19.062362909317017, 47.472750799886896], [19.06230255961418, 47.4727589584512], [19.062295854091644, 47.47273810878434], [19.062356874346733, 47.4727299502168]]]}}, {"type": "Feature", "id": 36550, "properties": {"buildingId": 2, "floorId": 4, "roomNumber": "P-K12/A", "roomName": "Folyos\u00f3", "scope": "budapest/lagymanyos/eszaki/-1/L\u00c9--1-K12-A-04-63", "roomCode": "L\u00c9--1-K12/A-04-63", "roomType": "corridor", "__tile": "17/72476/45847", "__layer": "rooms", "__zoom": 17, "__mvtId": 36550, "__building": "eszaki", "__ringVerts": 5, "id": 36550, "catalogFloorId": 4}, "geometry": {"type": "Polygon", "coordinates": [[[19.062333405017853, 47.4726506307441], [19.062339439988136, 47.47267193369996], [19.062275737524033, 47.47268054553073], [19.06226970255375, 47.47265969583275], [19.062333405017853, 47.4726506307441]]]}}, {"type": "Feature", "id": 36573, "properties": {"buildingId": 2, "floorId": 4, "roomNumber": "P.15 B7 (-1.89)", "roomName": "\u00d6lt\u00f6z\u0151", "scope": "budapest/lagymanyos/eszaki/-1/L\u00c9--1-189-A-05-73", "roomCode": "L\u00c9--1-189/A-05-73", "roomType": "social", "__tile": "16/36238/22923", "__layer": "rooms", "__zoom": 16, "__mvtId": 36573, "__building": "eszaki", "__ringVerts": 5, "id": 36573, "catalogFloorId": 4}, "geometry": {"type": "Polygon", "coordinates": [[[19.062299877405167, 47.47444322160568], [19.06230792403221, 47.47446950946173], [19.062279760837555, 47.47447313537187], [19.06227171421051, 47.47444775399559], [19.062299877405167, 47.47444322160568]]]}}, {"type": "Feature", "id": 36540, "properties": {"buildingId": 2, "floorId": 4, "roomNumber": "P.L7", "roomName": "L\u00e9pcs\u0151h\u00e1z", "scope": "budapest/lagymanyos/eszaki/-1/L\u00c9--1-L7-04-64", "roomCode": "L\u00c9--1-L7-04-64", "roomType": "corridor", "__tile": "17/72476/45847", "__layer": "rooms", "__zoom": 17, "__mvtId": 36540, "__building": "eszaki", "__ringVerts": 5, "id": 36540, "catalogFloorId": 4}, "geometry": {"type": "Polygon", "coordinates": [[[19.06227372586727, 47.47269097037661], [19.06228445470333, 47.47272949696301], [19.062191247940063, 47.47274218806764], [19.06217984855175, 47.472703208236524], [19.06227372586727, 47.47269097037661]]]}}, {"type": "Feature", "id": 36576, "properties": {"buildingId": 2, "floorId": 4, "roomNumber": "P.15 B7 (-1,90)", "roomName": "\u00d6lt\u00f6z\u0151 el\u0151t\u00e9r", "scope": "budapest/lagymanyos/eszaki/-1/L\u00c9--1-190-04-62", "roomCode": "L\u00c9--1-190-04-62", "roomType": "corridor", "__tile": "16/36238/22923", "__layer": "rooms", "__zoom": 16, "__mvtId": 36576, "__building": "eszaki", "__ringVerts": 5, "id": 36576, "catalogFloorId": 4}, "geometry": {"type": "Polygon", "coordinates": [[[19.06230926513672, 47.474414214300985], [19.062317311763763, 47.474439595693475], [19.062301218509674, 47.474442315127654], [19.06229317188263, 47.474416027258], [19.06230926513672, 47.474414214300985]]]}}, {"type": "Feature", "id": 36548, "properties": {"buildingId": 2, "floorId": 4, "roomNumber": "P.17", "roomName": "N\u0151i mosd\u00f3", "scope": "budapest/lagymanyos/eszaki/-1/L\u00c9--1-188-05-71", "roomCode": "L\u00c9--1-188-05-71", "roomType": "social", "__tile": "16/36238/22923", "__layer": "rooms", "__zoom": 16, "__mvtId": 36548, "__building": "eszaki", "__ringVerts": 5, "id": 36548, "catalogFloorId": 4}, "geometry": {"type": "Polygon", "coordinates": [[[19.062338769435883, 47.47447222889436], [19.06234547495842, 47.47449398435037], [19.06231999397278, 47.47449761025882], [19.06231328845024, 47.47447585480432], [19.062338769435883, 47.47447222889436]]]}}, {"type": "Feature", "id": 36574, "properties": {"buildingId": 2, "floorId": 4, "roomNumber": "P.15 B7", "roomName": "Zuhanyz\u00f3", "scope": "budapest/lagymanyos/eszaki/-1/L\u00c9--1-190-B-05-72", "roomCode": "L\u00c9--1-190/B-05-72", "roomType": "social", "__tile": "16/36238/22923", "__layer": "rooms", "__zoom": 16, "__mvtId": 36574, "__building": "eszaki", "__ringVerts": 12, "id": 36574, "catalogFloorId": 4}, "geometry": {"type": "Polygon", "coordinates": [[[19.06225025653839, 47.47442237260705], [19.062262326478958, 47.474420559650255], [19.06227707862854, 47.47447313537187], [19.06226634979248, 47.47447494832685], [19.062263667583466, 47.474466790028956], [19.062263667583466, 47.47447494832685], [19.0622515976429, 47.47447676128177], [19.062236845493317, 47.474424185563784], [19.062247574329376, 47.47442237260705], [19.06225025653839, 47.47443053091185], [19.062252938747406, 47.47443053091185], [19.06225025653839, 47.47442237260705]]]}}], "meta": {"building": "eszaki", "floorId": 4, "polygonCount": 145}}